Comment ID,Author,Content,Publish Date,Like Count,Reply Count,Detected Language
UgwxTlsiR-qLovg3OlR4AaABAg,@yaraabdulsatar9223,What is the song played in the beginning at 01:05 ?,2025-11-23T17:04:54Z,0,0,en
UgxU8EhVocZcBaUT2mV4AaABAg,@henry_b323,poor people back then who couldnt watch this masterpiece.,2025-11-22T13:19:07Z,0,0,en
UgxUm4g8NPx0kmEo4u94AaABAg,@v.prestorpnrcrtlcrt2096,"SO I GUESS THIS IS THE ONLY CHANNEL ON YOUTUBE SO I THINK THEY SHOULD CALL IT FERN TUBE BECAUSE NO MATTER WHAT KIND OF CONTENT ON INTERESTED IN WATCHING I'M GOING TO WATCH FERN ACCORDING TO FUCK TUBE.
WHEN FUCK TUBE TELLS ME THAT I'M IN CONTROL OF WHAT I WATCH AND THE TYPES OF ADS ON EXPOSED TO THEY'RE BASICALLY FLUSHING THE TOILET AND LETTING ALL OF THEIR SCUM OF THEIR BRAINS FLUSH DOWN THE SEWERS BEFORE THEY OPEN THEIR FUCKING FILTHY TRAP MOUTH. 
GIVE IT UP FOR FIRM TUBE FERN TUBE IDIOT I SAID FIRM TUBE DON'T FUK IT UP",2025-11-21T23:00:57Z,0,0,en
Ugx_VgSOqaSDqViakpJ4AaABAg,@SlightlyLegalD21,This would be a great movie,2025-11-21T22:30:23Z,0,0,en
UgzeVMlWekTpVrAs_ul4AaABAg,@VanishOfficialUS,"The man who sold “cheap” finally paid the only price he couldn’t discount control. So was it power he lost… or truth?
…interesting.",2025-11-21T06:48:23Z,0,0,en
Ugw_tDHQ9kG-dTo96pZ4AaABAg,@WilliWiesel,24:32 holy voicecrack,2025-11-20T15:48:13Z,1,0,Other
UgwXY048OgwP-4ZG7bJ4AaABAg,@soulren394,You think working for Aldi is hard… Try Costco!,2025-11-20T13:02:45Z,0,0,en
UgwwHp2mgVlKIWqYNFJ4AaABAg,@rickandmortyfan649,"17:51 the song in the background is Johann Sebastian Bach's Little Fugue in G Minor, BWV 578. It is also used as the intro for ""The Red Baron"" by Sabaton",2025-11-19T14:03:14Z,0,0,en
Ugzlng965tTxsY23InV4AaABAg,@joehan818,Poor blondie,2025-11-19T05:34:08Z,0,0,Other
UgyUUKChNbHa3aiNaNR4AaABAg,@sabrinatscha2554,I want to die,2025-11-18T22:46:31Z,0,0,Other
Ugy3lNgMhFQ4-0WGIl54AaABAg,@Alice_3dits,I live in essen and when he mentions the street names or the places I know exactly where it is....,2025-11-18T22:35:25Z,0,0,en
Ugxr3QhdZSmEfDh53cl4AaABAg,@link4585,Yo this is the company that bought mine,2025-11-18T19:02:34Z,0,0,en
Ugy4hlpH0GgWqAN0fc94AaABAg,@YourAvarageRantaholic,when you think about it its your literal life on the risk for like what 20 precent of your money bruh,2025-11-18T17:43:31Z,0,0,en
Ugwx9DNibuF34kn-2Et4AaABAg,@matthewsharp1347,i donnt thinnk thay  changed much in there industry lol,2025-11-18T04:16:37Z,0,0,en
Ugx_bESm5l-kw8sCigN4AaABAg,@sonnyreece6190,Nah Aldis CEO is the last to deserve this. Should have been a Healthcare CEO.,2025-11-18T03:54:13Z,0,0,en
UgzD1m96JowtQyy3CHl4AaABAg,@chiwantstea,This is one of the best stories ever,2025-11-16T17:36:40Z,0,0,en
Ugxgd5pdw_9TWSHae5N4AaABAg,@jamiew904,Only 8.5 years?,2025-11-15T11:02:16Z,1,0,en
UgxKuK4DHVOaaWecdcB4AaABAg,@msk_8vono848,"having an ""aldi"" add while watching is so ironic",2025-11-15T11:00:15Z,0,0,en
Ugy_Bu4WOy6yfGS4kmF4AaABAg,@thenamesej9674,So when those 8 years were up he totally went and dug that money up,2025-11-15T07:25:39Z,1,0,en
UgzcBjU7dOZv3I_WFr54AaABAg,@lettucejones3677,"I love the end where its just like ""oh and he probably lived off that stolen money after he got out of prison""",2025-11-15T03:23:54Z,0,0,en
UgwOQr_yPLfPs0ubLXl4AaABAg,@LeTtRrZ,"""Bombed to rubble in 1945?"" The only way to defeat a demon is to say its name, lest you become it.",2025-11-15T01:03:22Z,0,0,en
Ugz8jyF6ud2_gfIKaYd4AaABAg,@WingsAboveCS,The difference in planning between this abduction and the Heineken abduction is amazing to see.,2025-11-14T19:32:36Z,1,0,en
Ugx6iOD2EhmZXaZ5ell4AaABAg,@timgluckman8663,Upsides: authentic film from 1971 or so. Satisfying mix of crime history + business story of Aldi's growth,2025-11-14T17:39:44Z,0,0,en
UgxYyz_ziEeBYGJGGN94AaABAg,@GhettoFabuloso,1:16  The floating visual was already great. Keeping the collision between the guy and the milk bottle was just the animators having a good time 😂,2025-11-14T15:02:32Z,0,0,en
UgwwKe8VEQ6idN6Gkq94AaABAg,@ShailShankhavara,This is THE BEST,2025-11-14T13:32:27Z,0,0,en
UgwVO5EABzIHoYCk0lZ4AaABAg,@ReinaLesbiana,these old males grooming young women all the time make it impossible to hear this story,2025-11-14T11:14:24Z,0,1,en
UgyNM10hkYCdyUqPuzp4AaABAg,@Noseface248,24:30 voice crack 🙏 😅😅,2025-11-14T01:19:31Z,0,0,Other
UgzJNjni4q8bluHJOT94AaABAg,@user-so7fc9in2m,"Aldi's is just another Walmart. They may cut costs in all areas but never for the CEO, and when it comes time to either cut quality or give the CEO a 1% decrease in wages, theyll never go with the latter",2025-11-13T21:29:18Z,0,0,en
UgyeTG5uhhh14Vtc4RN4AaABAg,@georgekurgansky,A man tries to save everyone money and dumb crooks come along to tax everyone for their own greed and complete lack of imagination.,2025-11-13T20:41:57Z,0,0,en
UgzNPo6QG1HRLlcElot4AaABAg,@yasininn76,"Are we seriously just gonna accept that the church could know about such crimes and legally be excluded from having to tell police? Seriously, nobody finds that insane beyond any type of objective logic?",2025-11-13T03:29:48Z,0,1,en
UgwCq9Kpe-pOUto3n2J4AaABAg,@ThisLadyIsNotTheSame,I'm an Aldi shopper because they offer the best prices and goat cheese products,2025-11-12T23:17:44Z,0,0,en
UgzSgurvDVsh9DA-AtN4AaABAg,@DrAwesome87,1:01 Bro boutta lose his dih 💀,2025-11-12T21:02:25Z,0,0,en
UgxMEOflYSzGDSAU2vZ4AaABAg,@foggyfinch,"another beautiful detail is that according to paul kron, theo albrecht called him every other year after his release and wanted to meet him and chat but kron denied the invitation, stating it would be ""uncomfortable""",2025-11-12T14:56:06Z,4,0,en
UgwgyV8G2FwqB7JTmFx4AaABAg,@brentenjs550,"Um, I think you mean the Catholic seal of confession.",2025-11-12T13:44:13Z,0,0,en
Ugy7vT7pinsJMeYcX2R4AaABAg,@turtlecoat67,Is it cool if I upload a compilation of the business segments? It won't be monetized and all credits given to fern ofc :>,2025-11-12T04:19:04Z,1,1,en
UgzXht3tEK-SZ4Irwqp4AaABAg,@user-ln6pu7kq9j,Why is Hanna wasting her time with the scumbag! Women really will accept anything when they have low self esteem,2025-11-11T12:55:27Z,0,0,en
UgwlFTNpnDTuogN6D0F4AaABAg,@baglebussin5097,10:00 MY BOOYYY HES BAACKK,2025-11-11T02:12:48Z,0,0,Other
UgxRpORulQiavfvIf8N4AaABAg,@Im_A_Concrete_Brick,18:48 Crazy how the press risked his life just to print out a story they thought would be popular,2025-11-10T18:39:46Z,0,0,en
Ugy3iJbcIFwBKU7buGx4AaABAg,@cxldblooded4307,Used to shop at aldis,2025-11-08T11:45:53Z,1,0,en
UgwwyiroZDQhgyEOHqF4AaABAg,@martinbravo98,"We had what’s believed to be the most expensive kidnapping in history here in Argentina — 60 million dollars back in 1974, which would be around 220 million today. It involved brothers Jorge and Juan Born, owners of the multinational Bunge & Born. The book “Born” by María O'Donnell is excellent on the subject. It was cinematic — just like this one",2025-11-08T01:03:41Z,0,0,en
UgxclZSWbQbbxTLSWy94AaABAg,@alexmipego,"Aldi sucks. My supermarket was bought by them, and the beef/meat packs were replaced by expired meat. And it's obvious, either by the month's old expiration date (duh!) or by the color of the meat which is now always yellow.",2025-11-07T22:47:08Z,0,0,en
UgyhY4xVaKZfsOSaJ2l4AaABAg,@Jake_cars.420,Aldi is German!!??? I'm Australian this is everywhere it's literally the cheapest option,2025-11-07T13:32:43Z,0,0,en
UgwfnNZULZk1MGezCYp4AaABAg,@eduardo.albrecht,"Ayyy, didn't know the family came from money",2025-11-07T00:01:42Z,0,0,en
UgwQmIe9m5aQEetsY5N4AaABAg,@unconcernedsalad2,INCREDIBLE animation,2025-11-06T16:30:34Z,0,0,it
UgxAy4w8c00ebNJE54p4AaABAg,@MrNice977,Germany taking over Europe. Where have I heard this one before 🧐🧐🧐,2025-11-06T02:21:20Z,0,0,en
Ugzl_GDFk-zwIbex_U94AaABAg,@waywardfgc,Why am I upset that everyone got caught 😭,2025-11-06T01:40:44Z,0,0,en
UgwiO5RajMn9uRU-wSJ4AaABAg,@Galamoth777,"I'm bad enough remembering names as it is, but trying to keep track of a story about a bunch of German guys isn't any easier when they're all wearing orange suits and the only visual differences are the style of their haircuts (especially when they all have short brown hair)",2025-11-05T23:00:06Z,0,0,en
UgyyTYXhMHpqT9fEcJp4AaABAg,@dimagoloborodko6106_va,"if something like this was attempted now, the kidnappers would be found within 24 hours, you cannot underestimate the amount of cameras everywhere right now",2025-11-05T20:43:54Z,0,0,en
UgytKMK6irnqKY_cyR54AaABAg,@Floedekage,"ALDI in Denmark has almost completely died out.
I think their products were just too low quality and too german in taste to succeed for long.
And every other Danish low price supermarket has better products and more choice, so...",2025-11-04T21:51:53Z,0,0,en
Ugy5_d8gbvNDBrbiKMx4AaABAg,@jjones5345,8:28 what are skin patches? Bandaids?,2025-11-04T18:28:29Z,0,0,en
UgwtzQDZdbHzxMW0aHV4AaABAg,@sagar5251,He just paid for the furniture that she chose 😂,2025-11-04T16:14:29Z,0,0,en
UgwHqBp9ms1Zwg3JL0R4AaABAg,@sagar5251,"Do you think he would have lashed  out on her about wood question 😂, Next time ask where is the secret mole on the body for god forbid 😅",2025-11-04T16:13:04Z,0,0,en
UgzSZYYo1oJycHJL8bd4AaABAg,@berrbbensonjust_frick_0ff228,this guy sucks at story telling,2025-11-03T21:47:12Z,0,0,en
Ugz2TByEsTezGdBwq-B4AaABAg,@axelshanks4354,"3:23 ""big shot"" you say?",2025-11-03T20:22:49Z,0,0,Other
UgxEFU0tKknle2UnEp94AaABAg,@Thebestnoob32,i used to shop at aldis,2025-11-03T17:37:52Z,1,0,en
UgxAnPz5cDlSrmhY_qd4AaABAg,@midnightmayhem3908,how does fern only have 4 million subs they deserve wayyyyy more than that,2025-11-03T06:33:35Z,0,0,en
UgwfalpQ_Z3ZOauh3nR4AaABAg,@silentjayhpk,My God this plays like a Wes Anderson movie😂,2025-10-31T19:54:32Z,0,0,en
UgypCySfbNFNSigByS94AaABAg,@obeliusx,coolsworth rlly tryna take the full monopoly in aus 😂,2025-10-31T15:01:57Z,0,0,en
UgwI5oYZwD8X_VEeJu94AaABAg,@MrRobikshrestha,"Please remove the background music, it's very distracting",2025-10-31T04:23:26Z,0,0,en
UgzAtMmCs6hkMdErjNJ4AaABAg,@qik2bte691,Minute 9:19 subtitle 😂☠️,2025-10-30T19:41:02Z,0,0,Other
UgzlCsUHdBGg_RJnVmN4AaABAg,@ChibiSteak,33:35 fin,2025-10-30T14:28:47Z,0,0,en
Ugwf3ZDWvPOtvKxeD3h4AaABAg,@falsonix,nicest kidnappers ever lmao,2025-10-29T19:26:59Z,1,0,Other
Ugwv7-bSQQ_ccBJ9Qdx4AaABAg,@DyspraxicDAN,How dare they alidi my goat i get donuts there!,2025-10-28T16:06:59Z,0,0,en
UgzPz94RFhhcrG8WI994AaABAg,@pantherplat3763,"Most German kidnapping in existence, even the victim was worried about efficiency",2025-10-28T15:00:15Z,2,1,en
Ugzcn9g9o7_Gu5pD2SJ4AaABAg,@Syckell,What’s the song at the start? I really wanna know the name (i might be slow and not see it),2025-10-27T09:21:47Z,0,0,en
UgxHXSGiYk4sJW46feR4AaABAg,@RealTimeStrategy-Games,It's altho quite insane to know that how Aldi works the pressure goes on to farmers and emplooyees is something I got to learn from here and also top tier animation.,2025-10-27T06:06:59Z,0,0,en
UgwAaIctziUjHk_Vy_F4AaABAg,@livphobia,USED TO SHOP AT ALDI'S 🗣🗣🗣🗣,2025-10-27T02:31:56Z,1,0,en
Ugw5QFQ6lJbZUOGnJ5N4AaABAg,@sillysnowboot,atleast everyone died happy,2025-10-26T23:58:25Z,0,0,en
Ugxs63e3hI332jLqLZZ4AaABAg,@le-0o,used to shop at Aldi,2025-10-24T00:41:40Z,3,0,en
UgxkRYsySFgD4rt3VSJ4AaABAg,@B-rrex,USED TO SHOP AT ALDIS🔥🔥🔥,2025-10-23T22:29:04Z,3,0,en
UgwLIaSt81PLtrv-9W54AaABAg,@Norge_1,I USED TO SHOP AT ALDI'S🔥💯💯💪,2025-10-23T15:36:15Z,3,0,en
UgxHoncsnpEQlK5CWFh4AaABAg,@ShikkiDgikky,24:32 voice crack,2025-10-23T07:08:52Z,0,0,Other
UgzPeAxd-4-gYgDu0214AaABAg,@somebody4865,Thank you for continuing to actually voice these yourself instead of using AI like your competitors are.,2025-10-22T23:33:06Z,3,0,en
Ugy7oEqrJfhk0avdeCV4AaABAg,@bongobongo0102,28:27 Who builds a bathroom with 2 sinks and a single toilet?????,2025-10-22T21:38:20Z,0,0,en
UgxxRowpJ1t9dhewWxx4AaABAg,@SilentShadow269,Back when being a millionaire made you the richest person in Germany. How things have got worse. Even adjusting for inflation.,2025-10-22T15:59:31Z,0,0,en
UgzNnnn5snZvns9RH194AaABAg,@SilentShadow269,ALDI MENTIONED!,2025-10-22T15:51:18Z,1,0,Other
UgxQfoB7PMGfSmefMQd4AaABAg,@KhanToilet,"I USED TO SHOP AT ALDI
POPCORN
PEANUT BUTTER",2025-10-22T11:56:08Z,3,0,en
UgwWPLyPfTbU7xrSMNR4AaABAg,@TwistyMissie,I liked the intro to this one,2025-10-22T11:04:32Z,0,0,en
UgwqHeflIt5oHFDgXrJ4AaABAg,@namu_you5124,Why does everyone have boobs in the animation!?,2025-10-21T20:58:12Z,0,0,en
UgzVdAC4P9mfs7EUDdF4AaABAg,@toki5737,fucking boring,2025-10-21T20:17:15Z,0,0,en
UgyOgLc3aGgGdrjQTit4AaABAg,@inukprasad2692,Those are the nicest kidnappers I've ever heard about,2025-10-21T16:18:24Z,0,0,en
Ugxjt3mkPD_zYE7W2w54AaABAg,@Zachis-20,9:19 w,2025-10-21T14:12:52Z,0,0,Other
Ugy0MK_ODpb8sfjJr6x4AaABAg,@boofsnooker,"Good video, too bad u sold out to private equity though",2025-10-21T06:14:13Z,0,0,en
UgyYjuTTxNYiBY_bnLp4AaABAg,@henrygoldstein1493,"“Conquering Europe one country at a time”—sound familiar, Germany?",2025-10-20T23:00:09Z,1,0,en
UgzB2555z0K13cHUKM14AaABAg,@misstardigrade7740,"All of this is the most German thing i've ever heard, just explained by American social views.
16 minutes in rn and by now we've got:

1) kidnapping a rich man with no real plan.
2) walking him in on his own feet COMPLETELY NONCHALANTLY by just putting bandages on his eyes and hiding it with SUNGLASSES.
3) THEY CALL HIS WIFE THE EVENING BEFORE TO POLITELY NOTIFY HER THAT THEY WILL KIDNAP HER HUSBAND.
4) the wife just accepts it like it’s all fine because they did make a Termin after all.
5) the kidnappers are freely offering the milionaire warm food, fresh tea, hot baths and dry cleaning...
6) the millionaire is too polite to accept the warm food and asks for just a sandwich instead.
7) the millionaire writes his wife a letter to tell her he's just fine, the men are polite and she shouldn't call the police (he's basically giving ""it's fine honey, see you Tuesday"")...
8) the kidnappers have treated him so nicely that he unprompted offers them payment cause they basically gave him a surprise vacation, away from his wife and work.
9) at some point he also publicly told everyone all his business secrets.
10) he's not stingy with his shop, he's just German. Lights off when not needed? Polite, clean, considerate. Heating when the windows are open? What are you heating? The park across the street? Saving up on fridges for stuff that doesn't necessarily need it? Yeah, that’s logical! Cheap necessities and expensive indulgences.",2025-10-20T21:31:48Z,2,0,en
UgxBDUc3OY3LE6HKtQV4AaABAg,@bcfed,i know a guy who used to shop there,2025-10-20T19:56:53Z,2,1,en
UgwjYyFkC6GRY2a6hTF4AaABAg,@gandalfgass,"""That damn wardrobe"" - man said so much with those 3 words.",2025-10-20T18:32:29Z,0,0,en
UgyMlxYe4yfbmr52F3p4AaABAg,@sparkle-y2k,Damn that coat model is fuzzy :D,2025-10-20T17:39:57Z,0,0,en
Ugw67I8P82J7nUHr8LR4AaABAg,@Scribe42,"They wrapped him in a carpet!?! When in history has that ever worked?
…
Alright! Fine! I’ll give them Cleopatra, but she agreed!
When has the burrito treatment ever worked on an UNWILLING burritee?",2025-10-20T14:08:30Z,0,0,en
UgwQf5Avtw-wbW9Hq8Z4AaABAg,@tyes77,damn imagine being a millionaire co-owning a company that is worth billions and pricing yourself at 100k to your kidnappers. lmao,2025-10-20T08:00:37Z,0,0,en
UgwwJjJyr_EVawaF2Ot4AaABAg,@slifer0081,4:26 reminds me of that one show the durrels,2025-10-20T07:42:21Z,0,0,en
UgyTvoZGDH8Mbk0l4oJ4AaABAg,@ItsBitting,Used to shop at aldi,2025-10-20T01:41:24Z,3,0,en
UgzYlLRuu9B_8XpzG314AaABAg,@hudpickleson7178,This is the longest Aldi ad I've watched,2025-10-19T16:30:10Z,4,1,en
Ugzid8h9n-ZUqCSDgBN4AaABAg,@RdaMaster-747,dayum is this made in blender if yes ypur ablsoultyl crazy at this XDDD,2025-10-19T12:44:01Z,0,0,en
UgxoKpA9BpFH-hqXyeB4AaABAg,@pravu5,that‘s the most german kidnapping I‘ve ever heard of,2025-10-19T10:09:18Z,0,0,en
UgxdlOZodiujJYQM0fF4AaABAg,@PS_____,"These guy could have ended the scourge of Aldi, and didn't. 

The literal worst grocery chain in the world.",2025-10-19T07:49:37Z,0,0,en
Ugza7IzgRvv4q1fhFRt4AaABAg,@Vaseror,I used to shop there,2025-10-18T09:57:43Z,1,0,en
UgwnkU8RNvDuKnL9cUN4AaABAg,@TheNnadozie06,7 million and 7 years in prison. I haven't made 700k in my 20 years of working.,2025-10-18T02:17:08Z,0,0,en
UgwFnHA5dFcurJ-iSsl4AaABAg,@Sarah-Terra,"7:46 maybe unrelated, but about the Odoo sponsorship:

It’s interesting how my recommended videos all seem to have the same sponsor, regardless of topic covered.

Just some food for thought about how “the algorithm” is feeding you information.",2025-10-17T13:10:08Z,0,0,en
UgycJN0kUDw7pFHKRH94AaABAg,@ImGoingSupersonic,Adli's Nutz,2025-10-17T05:03:14Z,0,0,Other
UgyjYNkm-UPYocGO2e94AaABAg,@mickdundee2475,Zeike Hiel mein Aldi 💪✊,2025-10-16T20:32:55Z,0,0,Other
UgwSeGllnuiM-AEP5Z54AaABAg,@DeusDracones,You got me with that ad transition lol,2025-10-16T12:29:12Z,1,0,en
UgzHl4jdqnxrxrwYyhF4AaABAg,@saaaaaaaaalt838,"Made the mistake of working at an Aldi during a summer between uni. Didn't last 2 weeks. Maybe a I made it today 4 before I started to be taken out back to ""talk about my rates"". Started happening multiple times a day and I decided that was humiliation enough.",2025-10-16T06:37:51Z,0,0,en
UgxzLBoAA8XVCuRLiAx4AaABAg,@Susandwyer,Aldi advert.,2025-10-16T04:04:56Z,0,0,Other
Ugz8zUFP3j1-SevwHPJ4AaABAg,@LaTaeofficial,Police be thinking they be helping but whole time be effing it up smh,2025-10-15T21:59:57Z,0,0,en
Ugyrys26izskBizzV-J4AaABAg,@dunlapstarkenterprises,Fern thinks he's Christopher Nolan hopping all over this timeline,2025-10-13T23:03:33Z,2,0,en
UgxCDzEhtlV9sQk4lkF4AaABAg,@gongs-n-violins,"Unfortunately, after all, ALDI has business practices. Recently, there has been concerned about the quality of their meats, especially chicken. I used to shop there all the time, but I don't go there anymore. It is cheaper, but the cheaper you go, the cheaper the product. Even in the scheme of things and taking inflation into consideration, you get what you pay for, for the times.",2025-10-13T21:17:24Z,0,0,en
UgxO2aZl8jnaKOV08XV4AaABAg,@avaikl,"Before watching this video I gave myself a small summary from wikipedia. I honestly felt like these guys were idiots from the small wikipedia section alone, but it just keeps getting worse. You truly wonder how a lawyer could be so incompetent.",2025-10-13T20:48:37Z,0,0,en
UgzvqH10IIoty7eYcMR4AaABAg,@GabroPro64,9:18 Women belong in the kitchen.,2025-10-13T19:35:48Z,1,0,en
Ugw9xNrm2VpqSQc85v94AaABAg,@mrmilkmant,"note to self 📝 
change your voice during kidnapping calls",2025-10-13T17:01:27Z,0,0,en
Ugz5sG7RMa2ks6_98NZ4AaABAg,@libbyhulkman,"I never heard of aldis until moving to Missouri for my fiance. Its been my favorite store, but i had no idea it was European or all this fascinating history behind it. They REALLY do have the cheapest grocery staples in town.",2025-10-13T16:35:53Z,0,0,en
UgxV_ChLDkhChgGXkBB4AaABAg,@auslander7258,"This style is so eye catching, I was going to listen to this as background noise but I can’t take my eyes off the screen, rly good! I’m glad I found ur channel!!",2025-10-13T06:26:16Z,0,0,en
Ugxgrwh70HoZiYaBh394AaABAg,@theloveofchocolate2,Why do all the characters have boobs?,2025-10-12T21:32:22Z,0,0,en
UgxU1Lu1pSZA9zpzL0N4AaABAg,@21stcenturyliability,i literally work for aldi and knew nothing about this lmao,2025-10-12T21:27:50Z,1,0,en
Ugx8SMHAdEYBDzo9gQt4AaABAg,@A_mistymemory12,For some reason I only watch these videos when it’s this guys voice,2025-10-12T17:14:48Z,0,0,en
UgyaFN_2IL7-7kts5zl4AaABAg,@Isletfemme,"Too bad they didn't plan better,  and as a result, were caught.  They had the opportunity of a lifetime and fumbled their bag.",2025-10-12T16:31:30Z,1,0,en
UgwWGkIQRV6bvhLzZyZ4AaABAg,@FranzHermannGT3,bro they were really like: Ha! got em! ..what now?,2025-10-12T15:01:07Z,0,0,en
Ugwbay0QVef_O_e-KO14AaABAg,@chesterharris4452,this would make such a good film,2025-10-12T11:07:10Z,0,0,en
UgzkW7TQfydXMNYQ2Fx4AaABAg,@marouanebeslem4066,most boring video you have made,2025-10-12T02:10:06Z,0,0,en
UgxGpAB89TV2AGioYGV4AaABAg,@jadecontin,the kidnapping that inspired the Heineken kidnapping. i'm suure!!!,2025-10-11T09:45:20Z,0,0,en
UgxPHPhLtfHZOLRgxfZ4AaABAg,@tripswitch101,Money,2025-10-11T00:30:06Z,0,0,en
Ugz_zIfoY8wWrKrtC6l4AaABAg,@beatsbyash,Aldi isn’t that cheap they make pay to use a shopping cart 😂,2025-10-10T22:55:47Z,0,0,en
UgyPfzOhTCJ_TB__dcl4AaABAg,@The_black_pepper,bro the music at the start is way too cheerful,2025-10-10T19:30:07Z,1,0,en
UgxsR_fM5Yj5IpcVvjd4AaABAg,@toIentino,24:32,2025-10-10T13:15:50Z,0,0,Other
UgyGj4lkLade3BT2-714AaABAg,@glfort3422,amazing video,2025-10-09T20:44:32Z,0,0,Other
Ugyq5NBcqG5AxJdo6bF4AaABAg,@CyberTraceCrime,This is wild. I had no idea the founder of Aldi was actually kidnapped. The fact that he went right back to running the company afterward says everything about his discipline and mindset.,2025-10-09T10:52:40Z,0,0,en
UgyoqBlT3cYogkYPTY94AaABAg,@kittygoesWOOF,is ai used on this channel?,2025-10-09T07:16:57Z,0,0,en
UgwmNi8px24D2HJbYxN4AaABAg,@knurlgnar24,Ahh!  Now I understand!  So THAT is why most Aldi stuff is absolute crap!!,2025-10-09T00:58:53Z,0,0,en
UgwULarQs34iP8VfWy54AaABAg,@BakerWild,ALDI hasnt conquered the world mate what you smoking 😂,2025-10-09T00:39:26Z,0,0,en
Ugwdaoa6waHIYDtGx4x4AaABAg,@CrackySue,The ai visuals are really offputting!,2025-10-08T23:27:35Z,0,0,en
UgxzF424yd338haDP_t4AaABAg,@Juliano_Black,FERN = Formidably Executed Right Now - when it comes to ads! They are so well integrated in the documentary that feels all right. No urge to skip!,2025-10-08T14:52:39Z,0,2,en
UgwaYNbd2GD8HoS9KwR4AaABAg,@mihaivoicu6579,"This might be the worst kidnapping ever made. Being caught in 2 days is just patetic. To me it looks way more like the 2 shared a beer and said ""no balls""",2025-10-08T14:48:54Z,0,0,en
UgzJtY5b78LOOaXx4G54AaABAg,@Zer0sVoid,22:49 A very husband response to that question 😂,2025-10-07T22:44:43Z,4,0,en
UgxWXrfyG-XIcFq5gxZ4AaABAg,@fableagain,"Wait, was her name really Blondie? What a name.",2025-10-07T15:24:27Z,0,0,en
UgxRlauiFVN107HYzxx4AaABAg,@Kasperbjerby,So it was not actually the CEO that was kidnapped? Why the title?,2025-10-06T22:27:29Z,0,0,en
UgypFGoyCQeqmEcxgxt4AaABAg,@retzqyu,really?,2025-10-06T11:22:48Z,0,0,en
UgzziJxg2f5ZVB_Sd6l4AaABAg,@icedteacatfish,any ai used in this? the models are kinda creepy,2025-10-06T07:35:44Z,0,0,en
UgzH4VDOfDivs7ha5ul4AaABAg,@sheikhshit,this is some Better Call Saul shit,2025-10-06T06:58:37Z,0,0,en
UgxTF7RjZIMSSnEPxy54AaABAg,@Softbee13,Is this video Ai? Some clips rlly feel that way but I REALLY hope it’s not.,2025-10-05T22:27:39Z,0,0,en
UgxUR714sts95zWT-rd4AaABAg,@codyhendricks5825,how many ads do u need in a video,2025-10-05T15:51:40Z,0,0,en
Ugz2xfoSkukd5-LqxAZ4AaABAg,@AhahhafscagAhagegyscaca,Gonna make a edit out of the tonight's the night,2025-10-05T10:40:16Z,0,0,en
UgyopcthrmEsqSUeb_x4AaABAg,@TheLoneTerran,"Man, in Indiana, Aldis and Trader Joe's are hyper-expensive. Usually 1.5x the cost elsewhere. Maybe mine is atypical 'cause the cashier definitely isn't doing 55 items a minute 'cause there isn't a line that long. At least it's one of the places that gives cashiers a friggin' chair.",2025-10-05T09:41:58Z,2,0,en
UgzZZ820GqNh9BqxE_B4AaABAg,@Curlyheadedneff,One of my fave grocery stores lol 🤭…,2025-10-05T07:41:19Z,0,0,en
Ugxb_i0mzhKTVtzJwsZ4AaABAg,@sudr_strr,Aldi? Used to shop there.,2025-10-05T04:21:42Z,1,0,en
Ugw21hKL8ixsxRhACzB4AaABAg,@yaldaboth1889,They waited until they nabbed him to start planning 💀,2025-10-04T18:55:51Z,4,1,en
UgwJF9t5oqJePnlSVOR4AaABAg,@pitchdoesstuff,24:32 voice crack,2025-10-04T18:34:03Z,0,0,Other
UgyQSAp1PBnbE3J6mtt4AaABAg,@literallygrass1328,lidl's better anyway,2025-10-04T13:42:08Z,0,0,en
UgxbbiGtwu-vyXuIXyp4AaABAg,@fentanyllord8662,It's worldwide for press to scew-up all kinds of rescue efforts.,2025-10-04T10:49:02Z,0,0,en
UgzfBmCyaKXJJHJWEBt4AaABAg,@catallis1,"Absolutely fascinating story — I had no idea the Aldi empire was touched by such a bizarre and dramatic kidnapping. The mix of crime, business history, and human psychology here is unreal. It’s wild to think that a discount grocery chain that changed how the world shops was once tied to Germany’s biggest ransom case. Makes you wonder how many other hidden stories lie behind the companies we interact with every day.”",2025-10-03T21:30:00Z,0,0,en
UgzMke5wj4B7LvRCHe14AaABAg,@KambodżańskiWirtuozWpierdolu,yall glazing aldi but its really nothing special just another shop brand.,2025-10-03T19:22:53Z,0,0,en
Ugzh44l-N8XDYkcbX5V4AaABAg,@Conicaw,used to shop at aldis,2025-10-03T14:54:40Z,0,0,en
UgzCSlPU3eWt4IYOEUN4AaABAg,@lenniascobar,i used to shop at aldi,2025-10-03T11:36:13Z,0,0,en
UgyoxUh6rxx-9kJJcdF4AaABAg,@Sammy_Hang,Reeeeee!!!,2025-10-03T00:21:59Z,0,0,Other
UgyYDjf_74qhGIBV6Mt4AaABAg,@authenticallyanisa,Smartly places advert 😂,2025-10-02T12:37:53Z,0,0,en
Ugxq2pC8U6hNaGyaXLF4AaABAg,@calcinatio0101,You should train having more emotion in your speech.,2025-10-02T04:40:01Z,1,0,en
UgwW-aMrKFg0IEa0INJ4AaABAg,@simplybork,i used to shop there,2025-10-02T01:59:18Z,0,0,en
UgxAVwq33VQE_Jcr9w94AaABAg,@assemblr08,11:20 bro if someone gave me that type of meals being a hostage I wouldn't mind them giving them a little cash tbh,2025-10-01T21:31:34Z,5,0,en
UgyJ542g7e4PgjJZYMl4AaABAg,@Commanderzero01,"A video on the ""heineken kidnapping"" would be pretty intresting too",2025-10-01T21:13:09Z,0,0,en
UgxWzpBC61FP7gPfUvN4AaABAg,@stephenjamborino7493,This is why I shop at Costco,2025-10-01T20:31:20Z,0,0,en
UgxA1gEvN_1WroGOBWp4AaABAg,@MrTruth-ib5ce,Never thought I would see an American Aldi.,2025-10-01T18:05:24Z,1,0,en
UgwAweinA9FsTu8nJ_d4AaABAg,@burgur120,bizzare? like a adventure? (sorry i had to),2025-10-01T16:53:28Z,0,0,Other
Ugy9QIBLZbNJuZNMQvV4AaABAg,@Kizzabell,Seems like it worked out. 8.5 years in prison is probably worth getting $3.5 million. I probably won't even earn a million in my lifetime.,2025-10-01T14:39:44Z,0,0,en
UgxLyaf5vWUWLhBM_kJ4AaABAg,@Kizzabell,I'm surprised the shop keeper could immediately remember a customer's voice. I would only recognise a voice of someone I know well. I'm lucky to remember a customer's face,2025-10-01T14:32:51Z,0,0,en
UgwMPQcOI7s-PGsCHcl4AaABAg,@Kizzabell,Wow lots of people would have a nervous breakdown after such an ordeal. He just went right back to business.,2025-10-01T14:29:13Z,0,0,en
UgzfmFvfWoaupaOShaN4AaABAg,@thedailygripe2504,"I am so confused.  The CEO has a “boss”?

How can the man behind the wheel of Car 1 be the “CEO,” if the CEO is tied up in the backseat of Car 2?

Maybe you should have identified the figures by their names so that the viewer would understand that they are brothers.

Refer to them as Brother 1 and Brother 2, not “CEO” and “his boss.”  CEO’s don’t have a “boss.”",2025-10-01T11:25:13Z,0,0,en
UgxE9wAvXhW_1AHqdCp4AaABAg,@LiveLively300,"24:32

based",2025-10-01T08:39:50Z,0,0,en
Ugx6zDyXY_ZQUmza9TB4AaABAg,@athynyny,cr67,2025-10-01T06:23:18Z,0,0,Other
UgyWNLEIEyCiegLwOx94AaABAg,@deathdrivesapontiac,"Was not expecting an art film as an opening but okay.
Jokes aside great video",2025-10-01T05:18:09Z,0,0,en
Ugy7wBz8PLU3FFsNBJh4AaABAg,@t.d.writer1589,Absolute cinema,2025-09-30T22:37:21Z,1,0,Other
UgxiLcQzpXmybQ8ZmeV4AaABAg,@LunarGalaxy4,The editing in these videos are great keep up the great work!,2025-09-30T19:22:21Z,0,0,en
UgziakS2xYqSS1nsoLp4AaABAg,@Jacob79670,7:31 skip ad,2025-09-30T17:40:45Z,0,0,Other
Ugy0Y_oAQDUWzPZv32V4AaABAg,@Limelighht,Used to shop at aldi…,2025-09-30T14:51:16Z,2,0,en
UgxgaTQeiR7EwkGoT_x4AaABAg,@almir-chan9570,I AM AT ALDI 🗣️🗣️🗣️🔥🔥🔥,2025-09-30T10:48:16Z,0,0,Other
UgywXpLZ0dlUoNJzaNJ4AaABAg,@A_rather_strange_mario_fan,Close your comments now you have uttp bots,2025-09-30T07:58:31Z,0,0,en
UgwkUUuAc26zzVtF0Kp4AaABAg,@Ipo_Ooped_Maself,"The kidnappers were incredibly stupid. Their plan was doomed from the get. Go You can't withdraw large sums of money without the bank. Noticing and questioning it normally if you want, let's say $10000, you have to order it. You can't just go to Chase Bank and say I'd like $25000 in $100 bills, please. They don't just walk into the safe and come out with a big stack of bills. They have to order it most times that's usually a security measure of the bank to not keep large quantities of cash on hand unless you have some sort of high-end private bank. That does such a thing, but even then You're going to have a paper trail.And people noticing paying close attention to a seven million deutsche mark withdrawal. The only hope of any scheme like this working is by using crypto and it being a short exchange. The target is acquired. They are taken out to a remote location. Your identity is completely concealed. No, visible skin, no recognizable voice.
Complete sensory deprivation for the target until absolutely necessary. I mean, extreme lengths, then an immediate crypto transfer will need to take place to a third party of a third party wallet and then it would need to be laundered through multiple different cryptocurrencies. Until eventually, funneled, back to a wallet that you have Of access to but is not under your I. P or email address and the target would have to be abandoned at the remote location told to find his way home or give him a burner. Cell phone with the ability to notify someone you don't want them to perish in the middle of nowhere. And to become a homicide case, you would need to have travel arrangements. Set up to get to flights that have multiple connecting flights in which you made sudden changes to at the moment during the point of transfer as well as once arriving driving. To new countries and paying off the police in these more third world locations under an assumed name to then fly out to your final non extradition location as that new person. The amount of effort that would need to go into this is almost staggering. And for the amount of money that it could render, I just don't see why someone wouldn't take that brain power. And not put it towards a legitimate business venture. I could never see walking away from my life. Even as miserable as it gets sometimes. And I could never steal someone's life's war. Work and their life savings.
But to each, their own evil is prevalent.These days",2025-09-30T02:06:40Z,0,1,en
UgwAdIDjOr3lY3gaboR4AaABAg,@Ipo_Ooped_Maself,"I have a real problem with this business model.If aldi is able to not only dictate manufacturer and farmer pricing, as well as speed and schedule of delivery and production.But then, they're also able to increase profits and pricing.Whenever they choose, without those benefits flowing down the pipeline to the producers and manufacturers of the goods.That's a big issue that's not right. Now I'm no socialist, and certainly not a Communist, absolutely not. Those things are evil. However, in the free market, one person in a 2 party or multi-party deal should not be able to dictate the arrangement for everyone. That is not free trade. That is a controlled hostile market. I don't see the point of participating in that. To be honest, it doesn't matter how large the market share is Aldi. Is still Aldi, it's not Kroger or Myers or Walmart. I know many people who don't shop at Aldi. Just because of the reputation, it's considered a poverty store. I used to shop at Aldi. When prices were actually low 10 or 15 years ago, you could go in there and get goods for drastically lower prices than you could anywhere else. And it was worth it now. You might save 10 or 15 cents on an item. Maybe 25 or 50 cents here or there. But the savings don't add up enough to justify leaving your normal market. And since they don't sell brand name goods most of the time, I'm not willing to break brand loyalty for a savings, that's less than 30%. If I have a $300 car to groceries, I want that to be a 2. Two hundred dollar cart at aldi's, or I don't see the point in going and getting non brand name goods.I trust those brand names to give me food.That is safe for me.And my family and tastes up to my expectations.I also don't like the idea of buying goods from a store that treats its farmers in a hostile manner.And holds them to unreasonable expectations with no reward.I guess i'm done doing business with aldi",2025-09-30T01:53:15Z,0,0,en
UgwvBXpmtXloaoznEOR4AaABAg,@3ooo3ooo3ooo3,2:51 bro sounds like German Artie Lange,2025-09-30T01:39:14Z,0,0,Other
Ugw9DmaSnkEW8Tp8jZV4AaABAg,@jekanyika,It seems everyone was constantly watching tv,2025-09-29T19:01:04Z,0,0,en
UgyIQph96x3fyF3iqPV4AaABAg,@jekanyika,Is this the anti smoking brother?,2025-09-29T18:38:32Z,0,0,en
UgzL0LZfCTazTsDi0fd4AaABAg,@masterleatel,"if anything this really does show you, you're on your own. The police did nothing but put this man's life in danger and actually hindered their own investigation somehow. After the story would have broken out in public and the news like that any criminal worth he's salt would have just blasted him there and then cut their loses and continued with their lives and there would be no shiny animations detailing he's death, it would have just been brushed under the carpet or even suppressed in the public eye. Remember folks you only hear about the ones they catch which is only a fraction of what's really going on out there. I found this out first hand in cybersecurity where it's in the guidelines to never divulge to anyone even your own highest ranking employees that they paid any ransom in fear that it encourages others to do the same, and these guidelines are coming straight from government.",2025-09-29T12:23:44Z,0,0,en
UgwWrjdMX2tAG5zcYP54AaABAg,@Theycallmee1917,What who did their parents support in the 1930s 🤨,2025-09-29T01:55:13Z,0,0,en
Ugw_j5PrDMNHO7_BRXN4AaABAg,@NomadicSal,0:16 The same model his boss drives? Didnt know CEOs have bosses,2025-09-28T23:16:42Z,31,5,en
UgyMuUoowxNPbNCehVh4AaABAg,@lars.s.05,1:44 sound jewish,2025-09-28T18:31:23Z,0,0,en
UgyhZhJ8thzKGJCE32V4AaABAg,@Manx123,"should go without saying, but this didn't need to be more than half an hour long, with all the info about the rise of Aldi being unrelated filler😒",2025-09-28T08:04:04Z,1,0,en
UgxLdX0Ck_JuCUeUBSx4AaABAg,@ShadowVlogs,Women of today’s generation would never wait for a man 😂,2025-09-28T03:01:15Z,0,0,en
UgxpQEmDn_WU3EuQLnd4AaABAg,@EliteCannibal,20:35 This sounds like world war 2,2025-09-27T21:14:49Z,1,0,en
UgxYWuCtT4duEmFMLj14AaABAg,@Em-sf6sr,"This video is really interesting, but I can't allow myself to finish it bc of the AI art used. 😢",2025-09-27T20:39:28Z,0,0,en
UgyH8m3qfcI0zKnjxaZ4AaABAg,@Prodergamer02_,21:51,2025-09-27T18:17:17Z,0,0,Other
UgzZhIzKIejoe1saVKl4AaABAg,@beautyfromtribulation,W video,2025-09-27T17:21:27Z,0,0,Other
Ugx48nwVrFxsLd6FnEJ4AaABAg,@haplecenum,"""Do you like Aldi?""

""What's Aldi?"" 

""All deez nuts in your mouth"" 💀🤣",2025-09-27T03:32:50Z,0,0,en
UgwzPzcCEXrJ8Fo4M8Z4AaABAg,@sydneyann7713,Such a great channel and video! Glad I found y’all today,2025-09-27T03:16:52Z,0,0,en
Ugyj7luDBtcRzhXMHW14AaABAg,@jackskass8197,Did they demand Rye bread and kosher dills?,2025-09-26T18:44:10Z,0,0,en
UgySfIQ4NF_nDLYrQ_54AaABAg,@НарезочкиотЛоки,Thank you for some video between ads,2025-09-26T15:02:52Z,0,0,en
Ugyoa6HGsyFqQnNqbHt4AaABAg,@letsd0good,"i love how in serious art directed titles, credits are just ""alex"" ""paul"" ""julia"".",2025-09-26T11:43:37Z,1,0,en
UgwfxPMYPUnywd-XfxV4AaABAg,@Shaun.Stephens,If you guys don't stop changing your video titles regularly I'm going to stop watching them. It's a low down trick to get people to watch something they've already seen (or at least an ad or two before they realize) and at this stage it's probably easier to just tell youtube to not recommend the channel (like I have with others).,2025-09-26T06:20:42Z,0,0,en
Ugxnzs4PStqdwEBTtOF4AaABAg,@xxthelinkxx3296,Lidl lore when,2025-09-25T16:20:14Z,0,0,en
UgzZWI0fzfv3xXknSWV4AaABAg,@ZackTheNever,Love to see credits in your videos to real people and not AI. Thank you for hard work on quality educational videos,2025-09-25T16:15:10Z,0,0,en
UgwAfw2kw9CB5f3JR1F4AaABAg,@hedgehoghusband,1:01 why the opening so goated??? 😭😭😭,2025-09-25T14:48:21Z,0,0,en
Ugyttj0dl1zHjZGoPA54AaABAg,@Deltawhiskeymike,"16:40 ""they've been disguised by theater makeup artists""....
(WELL DUH!?!?)
*we can tell from here....
**Kinda reminds me of some PinkFloyd The Wall $hit from here....
***with love from ❤️ Beulah MO. U.S.A.❤️....",2025-09-25T03:33:20Z,0,0,en
UgwVZcfQPTUimHF6v654AaABAg,@JoyOfSnarks,All those rich Bstards should pay up what they stole from the working class,2025-09-25T01:44:12Z,0,0,en
UgwP8RW33gOqF0-j2mx4AaABAg,@Skinsoot,Nice figure on all these men. Is this Bavaria?,2025-09-25T01:17:51Z,0,0,en
Ugyb2z2uyRNV1hw9R8l4AaABAg,@phincampbell1886,"What, they took the money wrapped up?! Surely they opened it? You don't say. So I don't know!",2025-09-24T21:57:52Z,0,0,en
Ugyr6qtdq2ldYKBVrjx4AaABAg,@AntiNihilist,"""We may never know"" this guy is REAL bad at his job. I think he just looked at the Wikipedia page",2025-09-24T18:00:38Z,1,0,en
UgxemO-B5A8D5cfshQd4AaABAg,@MangoDragon2001,"Did you know, Aldi has better prices than ASDA and Sainsbury's, who knew :3",2025-09-24T13:35:20Z,0,0,en
UgznQPEzPH1eMTIcxa14AaABAg,@crazeyrazey9665,He said he was 3 m away from him in the car that's a pretty big car what was it a limousine,2025-09-24T12:58:28Z,0,0,en
Ugw_4MIRRRipciSsLtF4AaABAg,@TheOvervoid,"As someone who works for ALDI, don't work for ALDI. It's stressful.",2025-09-24T06:59:09Z,1,0,en
Ugz2Cejrm-upjKCax6F4AaABAg,@soggybaguette8457,"Major bump up in production quality on this one, good work as always!",2025-09-24T01:46:15Z,1,0,en
UgwPrGrFnYkJ0nV3rZl4AaABAg,@enigmanemo9352,This is like the plot of a bad movie.,2025-09-23T21:27:02Z,1,0,en
Ugwke_079D5-LFlnsb54AaABAg,@ahambrahmasmi108,Quality content...glad I found ya!! New sub))❤️🙏,2025-09-23T21:14:38Z,0,0,en
UgxMAhIGskF88ABIha54AaABAg,@cookieface80,Love the Wes Anderson style.,2025-09-23T18:50:36Z,0,0,en
Ugyh965XXCK_ByXVQSt4AaABAg,@NoSpoonsAllowed,why'd yall give paul kron them honkers lmao,2025-09-23T16:55:30Z,0,0,en
UgxCwQA84n2A0b09-SB4AaABAg,@Hygf-q2y,This docu is lame. You keep jumping from one time to another. Keep the story consistent 🤨,2025-09-23T16:34:02Z,0,0,en
UgzL1ocLmZry2bOMyWF4AaABAg,@blackheartangel4138,Why do all the models have moobies XD,2025-09-23T14:09:02Z,0,0,en
UgwJxmmtfPmx6jrkkGp4AaABAg,@iiPolaris,this is what shadow was doing at aldis,2025-09-23T14:06:22Z,0,0,en
Ugy8Upaf2I9wCK-Ukdp4AaABAg,@LordMarlle,Aldi was the worst shops in Denmark and just a few years ago they completely pulled out of the country,2025-09-23T13:12:53Z,0,0,en
Ugx5nR0F5TqgK1jcx5B4AaABAg,@cthubol6824,"funny how the ""revolutionary"" idea of their supermarket (then) was having just the most necessary items and one brand, something the gdr's konsums get/got slandered constantly for",2025-09-23T07:50:31Z,0,0,en
UgxtjbUGGBKw_tsiMUp4AaABAg,@digidydoo,bizarre?,2025-09-22T20:45:27Z,1,0,Other
UgxkX909PH6X9702FbR4AaABAg,@QurttoRco,"Boys, anyone know where Mr Bezos could be found ? I think I have a business plan",2025-09-22T13:27:45Z,0,1,en
UgwAPVLdbhW_--ssWhp4AaABAg,@jerrylim6722,"that moment when your kidnappers take the time out of their dastardly plans to go dry clean your suit because they're too german... and gotta take the meaning of ""your husband will be returned exactly like he was when we kidnapped him"" too literally.",2025-09-22T11:47:50Z,0,0,en
Ugzq50eEz6mYYCb5-HF4AaABAg,@slough.of.despond,Used to shop at aldis,2025-09-22T03:19:54Z,0,0,en
Ugyf1cn0GiZObK7BpJ54AaABAg,@birdie8006,30:55 this guy is a maniac sleeping in a 3 piece suit snuggled up in bed,2025-09-22T03:10:25Z,0,0,en
Ugwnb-RDTw9alUVDWml4AaABAg,@flatgas5130,I would slide for Aldi ceo ngl,2025-09-22T00:25:54Z,0,0,en
UgwuXqqgLlE0C7jgsTp4AaABAg,@beesansalhab710,"this is a weirdly badly done video, the pacing is weird, the visuals are weird, idk",2025-09-21T15:34:41Z,0,0,en
Ugy1xBuUCs8lcr-mSS54AaABAg,@sorenveluxidus274,What’s that tune that plays at 9:45?,2025-09-21T03:52:40Z,0,0,en
UgxmO66CF7pKlm4f4oB4AaABAg,@amoragirl15,32:30 That’s why the Alidi cashier scans the groceries like they’re trying to set a world record?!,2025-09-21T02:56:45Z,28,0,en
Ugwa-WZ9HvCwN0X8fBd4AaABAg,@salvijussean,Omg is this all ai? I count tell the difference foe the first couple minutes,2025-09-20T23:11:09Z,0,0,en
Ugwgx1lTWXyx6G8iZJF4AaABAg,@TheBeakvanman,18:00 was tthat red baron by sabaton i hear?,2025-09-20T23:05:13Z,0,0,en
UgyhmaHJUThxqvijUhp4AaABAg,@eagleone6920,"Sorry but blonde would be alive now,  presumably. We could know….",2025-09-20T16:34:40Z,0,0,en
UgwGuaFyzZY3uh-nmsF4AaABAg,@fentcartofftemu,(as us in the midwest call aldis) ALDIS IS AMAZING,2025-09-20T04:54:20Z,0,0,en
UgyByBkxShFBdtGSA0l4AaABAg,@Aveivv,21:50 TONIGHTS THE NIGHT,2025-09-20T04:35:40Z,0,0,Other
UgzwVvc1PnvhvjmfuXJ4AaABAg,@the13thwardsadam92,hmmm. i wonder why they reformed their currency in 48,2025-09-20T00:51:49Z,0,0,en
UgwREmTc24MV3tbO4zZ4AaABAg,@ThisHandleIsRare,So the kidnapper was a pedophile,2025-09-20T00:32:47Z,1,0,en
UgyZX1q4LyyeSwu7pvB4AaABAg,@AcesInEmbers,Insanely weird question but where do you get those clothing assets? Im always looking for good ones to practice modding into gta,2025-09-19T21:33:20Z,0,0,en
UgzAdbh-uVH2YcWhq894AaABAg,@arlo.lyn.n,Didn’t the title say Aldi before?,2025-09-19T20:49:16Z,2,2,en
Ugz786RS7oNZfsHAfNt4AaABAg,@michaelvines6635,That ad transition was crazy smooth,2025-09-19T16:44:37Z,1,0,en
UgyPEVArxSganR8HY-l4AaABAg,@mildlydispleased3221,"After a month did you seriously change the title and thumbail to appeal to Americans?

Aldi is much more well-known around the world.",2025-09-19T13:57:52Z,2,0,en
UgymoNB03VfmsJSZHk14AaABAg,@pimhesen6122,The way you pronounced Rotterdam is insanely good! Are you perhaps Dutch?,2025-09-19T12:05:14Z,0,1,en
UgzyWl6sVgk_HcplcAJ4AaABAg,@pro_noir,i could have sworn the title said aldi’s when i first added it to my watch later playlist lol,2025-09-19T11:29:15Z,3,0,en
UgyIswJKi-ISxZqUCvd4AaABAg,@sherylnelson6094,I've never shopped at Trader Joe's,2025-09-19T11:16:41Z,0,0,da
UgwkMKwaaJImSI0LeAd4AaABAg,@momomiles,I gotta admit that ransom drop plan was really well thought out 16:28,2025-09-19T08:44:44Z,0,0,en
UgwvK8lk1RcH942FyPJ4AaABAg,@luisgamerfan09,is this the new shadow the hedgehog game,2025-09-19T07:26:43Z,0,0,en
Ugw0NeA-7Ac9N5wWVjh4AaABAg,@PwrWordMoose,Dayum Blondie is fking hot,2025-09-19T06:45:35Z,0,0,Other
UgwMuaWyF11l6yvJRTl4AaABAg,@evelynparker6200,"As an uni student in Australia, aldi is an actual life-saver. Cheap prices, good food...absolutely love it",2025-09-19T05:19:47Z,156,6,en
Ugzs6fXN7yorT7HNShp4AaABAg,@himagainstill,"""To be fair, it's their first kidnapping.""  Mood.  We've all been there.",2025-09-19T00:11:41Z,0,0,en
Ugy750wc8_uJrC2CNg54AaABAg,@garstang-garstang,"Journos, man. They just dont care if we live or die, as long as they make a quick buck.",2025-09-18T20:20:49Z,1,0,en
Ugzs37i-X0vUncb7ZQV4AaABAg,@Lemon-tc3pr,All of this over pimento cheese?,2025-09-18T20:10:44Z,0,0,en
Ugz3N5Jjr_opP6JLghl4AaABAg,@EldrichPotatoGod,"I see no, hear no biscuits
Corporate writing's on the wall
Unleashed a million vegetables
And one by one, they fall (Into my shopping cart)
Black-hearted wallet
Brave-hearted checkout
I am at, I am at Aldis
I, I, I, I am
Here we go, buddy, here we go, buddy
Here we go, here we go, buddy, here we go
Go ahead and cut past me
Do it if you dare
One step forward, two steps back, I'm here (one step forward, two steps back)
Do it, do it, do it, do it
Can you see Aldi?
Walk into my mystery
Step inside and hold on for dear life
Do you remember me?
Capture you or set you free
I am at, I am at Aldi
I am, I am at Aldi (I am)
I am, I am at Aldi (I am)
I am, I am at Aldi (I am)
I am, I am at Aldi (here we go)
I see and feel the freezers
My mouth will eat it all
You think you have the coupons
I'll laugh and watch you fall
Black-hearted wallet
Brave-hearted checkout
I am at, I am at Aldi
I, I, I, I am
Here we go, buddy, here we go, buddy
Here we go, here we go, buddy, here we go
Go ahead and try cut past me
Do it if you dare
One step forward, two steps back, I'm here (one step forward, two steps back)
Do it, do it, do it, do it
Can you see at Aldi?
Walk into my (shopping) history
Step inside and hold on for dear life
Do you remember me?
Capture you or set you free
I am at, I am at Aldi
I am, I am at Aldi (I am)
I am, I am at Aldi (I am)
I am, I am at Aldi (I am)
I am, I am at Aldi (here we go)
I am, I am everyone, every isle
Anyhow, anyway, any will, any day
I am, I am everyone, at Aldi
Anyhow, anyway, any will, any day
I am, I am, I am
I am, I am, I am
I am
Do it, do it, do it, do it
Can you see all of me?
Walk into my (shopping) history
Step inside and hold on for dear life
Do you remember me?
Capture you or set you free
I am at, I am at Aldi
I am, I am at Aldi (I am)
I am, I am at Aldi (I am)
I am, I am at Aldi (I am)
I am, I am at Aldi (here we go here we go) (I am)
I am, I am at Aldi (here we go)
I am, I am at Aldi",2025-09-18T20:04:25Z,1,3,en
UgyU5DdTls2-kbfl1kR4AaABAg,@marisarisa25,"My brother used to date the daughter of Theo Albrecht junior‘s gf. He even had dinner with Theo Jr. and his daughter, which is kinda wild. Apparently, Theo Jr. is super paranoid bc of what happened to his dad, so he’s very secretive. There’s barely any photos or any kind of personal info about him out there.",2025-09-18T16:26:02Z,0,0,en
Ugx3yrxX3Cxw5yaC3dt4AaABAg,@SGFTI,Man's wife decided to use hostage negotiation as a time to see if he was listening when she was rambling about whatever wood was used in their new furniture. He wasn't listening.,2025-09-18T15:22:07Z,0,0,en
UgyYRoQTxdTEZdiz3mV4AaABAg,@winniesgsfdfktgsdufft,24:31 mad voice crack right there,2025-09-18T15:07:15Z,1,0,en
Ugx2TewF_2etuTo8hUx4AaABAg,@Lostinablue,How distinct is that guy's voice that everyone recognised it instantly???,2025-09-18T14:43:44Z,830,6,en
Ugyt28XAE4MmB6oW0CN4AaABAg,@Dikke_pepernoot,probably kanyes doing,2025-09-18T05:48:17Z,2,0,Other
UgzNY5n_wg5I_T3mhyp4AaABAg,@Bannedone3ice,NEVER KNEW ALDI KIDNAPPING STORY....WOW,2025-09-18T05:29:47Z,0,0,Other
Ugz07XNZBB9534UiwbF4AaABAg,@IcedGaze,The watch was worth it during my lunch break,2025-09-18T00:21:41Z,0,0,en
UgxtN1BpBUEXewziOpR4AaABAg,@lahxialo9894,German bro discounted too much.,2025-09-17T23:33:46Z,0,0,en
UgwFAvFQA5ZZTqRLVJd4AaABAg,@BellaStar682,"If this took place at Aldi, then why didn't Shadow the Hedgehog stop it?",2025-09-17T22:09:57Z,1,0,en
UgwJn7QnhVUxi9wg3-p4AaABAg,@Sailormoonwoot,"Alright, you've got me. I work at ALDI and now you've forced my hand. I have to show all my coworkers",2025-09-17T21:26:51Z,11,0,en
Ugy_jXEnTwbnRi_wGh54AaABAg,@scapes2757,Don’t say oh my g*d say oh my gosh don’t say he** say heck try not to curse it’s a sin and don’t listen to satnic artist god loves u say heck not he*l god loves u also don’t mock or be rude god loves u and don’t be inappropriate god loves u don’t lie aswell god loves u don’t mock aswell god loves u also don’t disrespect the lords name 🙏✝️don’t judge also god loves u✝️🙏don’t fall into lust we all struggle with it try ur best✝️🙏(try to do these things so we can grow closer with the lord✝️🙏)not all of these are sins but be careful 🙏✝️ Jesus is our lord and savior only Jesus he was sent from god to die for our sins ✝️🙏 Do not use the lords name in vain that’s saying anything disrespectful using Jesus or gods name he loves you ✝️🙏❤️nobody is a god besides our god🙏✝️ Don’t make any disrespectful jokes abt Jesus/god or anybody who related to them in the Bible/followers of god I still struggle with this sometimes 🙏✝️getting drunk is a sin god loves u✝️🙏don’t disrespect our lord and savior Jesus Christ aswell god loves you 🙏✝️and be careful w the middle finger god loves u say gosh darn not g*d damn god loves u❤️✝️🙏and try not to judge we all struggle w it god loves u❤️✝️🙏stealing is a sin God loves u❤️🙏✝️killing is a sin God loves u(means spirituality aswell) all these sins even i struggle with most God loves u❤️✝️🙏homosexuality is againts Gods plans for reproduction for humans God loves u❤️🙏✝️lying is a sin we all struggle w it God loves u✝️❤️🙏 Be careful w revenge we all struggle w it God loves you🙏❤️✝️be careful w gossiping we all struggle w it God loves u✝️❤️🙏sex before marriage isn’t Good we all struggle w it God loves u✝️❤️🙏belive in Jesus he’s God 🙏✝️❤️say gosh darnit not G*d d*mit God loves u❤️✝️🙏don’t disrespect the cross God loves u🙏✝️❤️Jesus first everything for Jesus ❤️✝️🙏anything is possible with Jesus God is with us at all times at all places 🙏✝️❤️we all need Jesus Jesus saves ❤️✝️🙏tell this to the people in the video ✝️❤️🙏try not to take ur anger out on things we all struggle w it God loves u🙏✝️❤️say oh gosh not oh G*d God loves you 🙏❤️✝️Beastality is a sin we all struggle with sin God loves you❤️✝️🙏 Be careful w these hand signs I think there satanic (🤘🤟) God loves you tell my comments to the people in the video Jesus is perfect don’t belive in luck belive in Jesus Don’t swear on anything or to anything especially not to G*d God loves you❤️✝️🙏nothing is impossible with Jesus ❤️✝️🙏,2025-09-17T20:13:00Z,0,7,en
Ugwatg7JU-EiWQG5JuJ4AaABAg,@goedapoe3800,Why do so many Central European ceos get kidnapped?!,2025-09-17T19:03:59Z,0,0,en
Ugzln3wQA5iJmoLAMpF4AaABAg,@Justin-Kayce,Did all german men of that era have tits?????,2025-09-17T18:51:00Z,2,0,en
Ugy3xl1yHC7gpkgZLoh4AaABAg,@lassoffleo,I USED TO SHOP AT ALDI'S,2025-09-17T18:31:37Z,0,0,en
UgxfAEwCYzGTqADxjnh4AaABAg,@StanleypeterDickinson,"Angela Merkel rescued Alexei Navalny 'Patriot' who wrote that he didn't believe in karma or predestination. Still incarcerated doing religion
Ra Ra Ras Putin . . . .Russia's Greatest Love Machine.
I liked Baroness Thatcher.
Long Live Helen McCory",2025-09-17T16:30:09Z,0,0,en
UgytjKcTacq8pW6eohR4AaABAg,@cowboysupremacist,yeah.. aldi feels like the kind of place that would have crazy lore like this behind it,2025-09-17T16:21:10Z,0,0,en
UgxP6ILY_Ie2b-Py09R4AaABAg,@JuneBarbone,"I LOVE THEIR TRIPLE, CHOCOLATE, 
BUNDT, CAKE! 🥰🥰",2025-09-17T15:34:50Z,0,0,en
UgxKB_Vu46NPNyiuYKl4AaABAg,@dawnsites4232,"Strange how all these CEO videos are 33 minutes long. They love their numbers. If you know, you know.....",2025-09-17T13:46:11Z,0,0,en
UgwnLGflUCawg5pkCQt4AaABAg,@OddWoz,"Heinz Joachim Boaz Ollenburg. Could _never_ have guessed a name like that would be evil 🙄 

Always the same culprits.",2025-09-17T10:35:41Z,0,0,en
UgxxoNN3rom90y82q4Z4AaABAg,@zd4803,USED TO SHOP AT ALDI!,2025-09-17T06:30:24Z,1,0,en
UgwrFkMYeG3FavptmnV4AaABAg,@charleseddison-z4h,Aldi uk shopping has way improved,2025-09-17T05:46:21Z,0,0,en
UgwEkC7912OZtyaZxq94AaABAg,@feuby8480,The first question for the identity made me laugh. I mean it's either something obvious or a stupid question lol.,2025-09-17T03:35:58Z,0,0,en
UgzxpFNIEFsBpR29o4t4AaABAg,@fluffnbeans,Workers rights are human rights ✊🏻,2025-09-16T23:06:14Z,0,0,en
UgyCuA3zbM75E_pRoPd4AaABAg,@lennykai1298,"Wow, im impressed by all the research you did but managed to ignore the fact that 'Aldi' is not pronounced ""ALL-di"". Its AL-Di. Ffs, I shouldn't have to tell you its literally pronounced how its spelt...",2025-09-16T21:07:47Z,0,0,en
UgwmplyeQxGWFWN4pc54AaABAg,@mikenew5380,I genuinely am curious if Blondie ever waited for him….i guess we’ll never know,2025-09-16T19:16:22Z,1,0,en
UgxeQwyFG7svsZ1jcmt4AaABAg,@primesspct2,"I love Aldi's  They have the best coffee and wine in my area at affordable prices.   In the US, you cannot do better than Aldi's prices and quality.
I had never heard this story.",2025-09-16T17:33:07Z,0,0,en
UgzvJF1YWp32ZGhxgYZ4AaABAg,@nickys5578,"Yeah I bet odoo has a fee and there it is a yearly fee god I hate ""subscriptions""",2025-09-16T12:02:33Z,2,0,en
UgzTp2B5gDvsPpc2ooZ4AaABAg,@coddmodd,Aldis recently in the past 5-6 years moved into our region of the US opening a store in both neigboring towns. I heard of it 6or 7 years ago when living in the midwest. Been once or twice but frequently (not always) in the past probably 3 or 4 years have become trader joes shoppers. They have reasonable/good prices and great offerings. Plus its exactly like aldis with only the 1 brand for each good so the stores are small and easy to shop.,2025-09-16T10:34:07Z,0,0,en
UgxKRl-4yHL86anrY-J4AaABAg,@lukesmith9692,Now they only hire college students and dumb blck people to work part time hours. Definitely discriminate against people,2025-09-16T07:07:43Z,0,0,en
Ugy_ayah3BKfouNyPm14AaABAg,@oppaloopa3698,0:35 I mean I’m pretty sure they’ve done much bigger kidnappings.,2025-09-15T21:53:32Z,2,1,en
UgwpP_WBM0d8Ndx_kNp4AaABAg,@SpicyCook,"This video is so well made, the edits and match cuts are so good. Never thought I’d be interested in aldi’s history",2025-09-15T10:30:15Z,4,0,en
UgxCWchANX5KopPUQgd4AaABAg,@SpicyCook,5:50 butter,2025-09-15T10:21:49Z,38,5,Other
UgzLSJ6gad0EKxznXaB4AaABAg,@maggiechu8993,agree,2025-09-15T09:46:47Z,0,0,Other
UgxadOehWSan90ACrpJ4AaABAg,@AshesAshes44,I like Blondie's orange coat-- it looks as though it's made of fuzzy caterpillars.  That is all ☺️,2025-09-15T06:33:05Z,1,0,en
UgymIDntVvdneOtQrDh4AaABAg,@eduardobernal2072,Why do your two main male characters have female breasts? haha,2025-09-15T03:13:54Z,1,0,en
UgztT9juzTZNMJz00eF4AaABAg,@justthisguy2976,"This is the most ""should be a Wes Anderson movie"" thing ever.",2025-09-15T02:19:42Z,31,1,en
Ugyk2r36z0aFykzsl294AaABAg,@brandonsward1,Lunch at midnight?,2025-09-15T01:21:55Z,0,0,en
Ugyoz8dbvq2_Be5l5N94AaABAg,@bubbercakes528,We have an Aldis. It’s been in my area for several years. I’ve never been there because they put in a hard place to get too and you have to pay to use a cart. They can keep it.,2025-09-14T23:44:07Z,0,0,en
UgzQ-6nRX09ZQJE2cb54AaABAg,@rishiaman2,28:12,2025-09-14T15:27:15Z,1,0,Other
UgxCQ_Xtgp8sDRPi9H54AaABAg,@oonaonoff4878,I am I am at aldi x2,2025-09-14T03:34:06Z,1,0,Other
UgwPfY-BTrUmi9hgVzR4AaABAg,@juundcs3920,Used to shop there,2025-09-13T23:39:24Z,1,1,en
UgxFamgQeYt7q6YNH1R4AaABAg,@codesmithbits3297,"The problem with modern society is it pays off. 7 years for 7 million. That is million a year, less than 1% of people can make that money. AND taxpayers pay your meals, rent and other costs. Sounds like a great deal.",2025-09-13T21:52:24Z,1,3,en
UgyVYCRdYDCsM2SEaXt4AaABAg,@mai_561,Why do all the men have boobs in this,2025-09-13T14:40:24Z,2,0,en
Ugy4DuBT-gGRF0OWiMV4AaABAg,@khalidalali186,@9:20 haha 🤣,2025-09-13T06:47:15Z,0,0,Other
UgzXPnVsaVmcQzZPgg94AaABAg,@PhysicsFinale,1:03 Caught me off guard!!,2025-09-13T06:46:25Z,0,0,en
UgxXBnY9Ep4metHD1IF4AaABAg,@dannyeldridge7210,This aged well 😂😂,2025-09-12T23:03:24Z,0,0,en
Ugx6n6S3zrQ1-fTB0Qh4AaABAg,@karezaalonso7110,Rare to see a good German pronunciation combined with English spoken in American accent,2025-09-12T21:05:14Z,0,0,en
Ugwiz1WDu2nPbkRRcYd4AaABAg,@JackieMitchell-f6w,Shits getting REAL...ALL THE RICH ARE ABOUT TO BE CHANGED.....FOR MANY DECADES OVER 20 THOUSAND HUMANS DIE PER DAY OF STARVATION... OVER 20 THOUSAND PER DAY,2025-09-11T23:21:54Z,1,0,en
Ugy9etkcJn-xa8Yhcy14AaABAg,@2degucitas,"You conveniently, or charitably, omitted the 2 World Wars that were started by Germany. They had the most effect on Germany's and other countries' finances.",2025-09-11T17:58:14Z,0,0,en
Ugwq_wf3pifY-99jDkZ4AaABAg,@wkatc007,Actually the biggest kidnapping in history was the Transatlantic Slave Trade!,2025-09-11T16:41:00Z,0,0,en
UgxaHO6WFYck4h2qL_h4AaABAg,@crossboy,this is how i find out trader joes and aldi are owned by the same company,2025-09-11T06:00:03Z,0,0,en
UgzGnhWVURtsW1cLbqJ4AaABAg,@bvo3766,I felt like a was watching a movie. Production is A1.,2025-09-11T02:34:40Z,0,0,en
UgyT-WH4F_K4iHcxgch4AaABAg,@pointofvantage,"The is just the about funniest and most asinine story I've ever heard in my life!  Especially at point 33.34 when you connect five or so events all at once, including bringing ""Blondie"" from Wuppertal into it -- the famous city with the above-ground monorail (my grandmother left Wuppertal in 1906, five years after it was built).  The funniest thing is that no one was killed in all this.  Hilarious!  This whole thing reminds me of Blondie and Dagwood (in German no less!):  https://www.youtube.com/watch?v=cjL_jNaGpAg&t=2496s",2025-09-11T01:01:45Z,0,0,en
Ugz4kteG904s9AZb9th4AaABAg,@JamesLamoine,If we are not ready for the game - why advertise the game?,2025-09-10T22:17:12Z,0,0,en
UgwYRZL7cEqyrrb3RSV4AaABAg,@tarochanEN,As an Aldi employee yea we do have a items / minute quota to meet and it gets logged every single day at the end of our shift to see if we're on target or not,2025-09-10T17:29:11Z,0,0,en
UgxRUk_LSZrcXLvfSkB4AaABAg,@Eugenita97,"I mean those kidnappers really just went in with NO plan hahahaha and then Paul just stayed in town?
I'm curious if that woman waited for him",2025-09-10T15:16:22Z,0,0,en
UgwAvd9MaaXaf10ZmTp4AaABAg,@winkibell6961,Never heard of Aldi stores before this. Awesome video !,2025-09-10T14:37:39Z,0,0,en
UgyS535FSwvTjlQ9FSB4AaABAg,@angelleigh9468,"It’s interesting how these brothers were credited for a system that is the most basic small market system that exist. If you grew up in a town or city with neighborhood markets, that’s exactly what neighborhood markets did they tailored Offered products to what the community wanted and needed. It’s small market versus supermarket.",2025-09-10T14:29:03Z,6,0,en
Ugy0_Oxq9GAJoovKpI14AaABAg,@Babayaga-m6p,"I like aldi, there is free parking. food is err..meh.",2025-09-10T13:41:39Z,0,0,en
UgxUOCQhj4-K9doSLm94AaABAg,@chrissd4657,they also silently dropped DEI initiatives btw. another company to be super wary of,2025-09-10T13:20:48Z,0,0,en
Ugw463KWWW6vJml7bKV4AaABAg,@Kapokjv,"Have they noticed the math on the debt sheet on minute 3:55 is wrong? It's not 700k dm, it's 550k dm. LOL XD",2025-09-10T12:39:42Z,1,0,en
UgzD9egNCIQoFx-Q2r94AaABAg,@JuliusKingsleyXIII,Bro this really is an Aldi sponsored video lol,2025-09-10T12:01:36Z,2,1,en
UgzpqcfcTtITv8n09Yl4AaABAg,@user-sm8wo3dj5z,30:40 all that time and his pants weren't still washed... That's why he left 😂,2025-09-10T06:56:05Z,4,0,en
UgwUxgtRsR3noIWdfg54AaABAg,@zionsouljer,I feel like this video is sponsored by Aldi's,2025-09-09T21:27:11Z,0,0,en
UgwsL9lXGHWBA-5nSUp4AaABAg,@cameronalexander9404,Bro... I'd serve 8 years for 6 mil easy,2025-09-09T18:51:04Z,0,0,en
UgysmI5UqfXgN47-70F4AaABAg,@KarlRalph333,is this a fucking aldi ad in disguise WHY IS HALF THE VIDEO ABOUT ALDI,2025-09-09T11:18:34Z,0,0,en
UgwQmyZIGhJ4azd-n9F4AaABAg,@nfcapps,"These brothers didn't revolutionize the grocery industry. They just went back to the original roots of grocers. Simple stores, few choice, only selling what sells best.
Common sense. Amazing how well it works.",2025-09-09T02:52:54Z,2,0,en
UgwFj1AQhu0Hjj5aZwB4AaABAg,@urgent-message,Two great grocers. Never second fiddle. Thank you Deutschland for donating competent non-psychotic  derangoes like you will find at the Denver SafeWay I used to work at during a union strike.,2025-09-08T23:23:45Z,1,0,en
Ugwq9e-s4Yd2GEoQRpV4AaABAg,@rxfymmm,Anyone know the song name from the time 1:03 to 1:30? i rly need it,2025-09-08T22:09:55Z,0,0,en
UgxscdF2a8MZJ_sIphR4AaABAg,@mediaworldwide9848,"This is just about the best premise for a Wes Anderson film that I’ve ever seen. I’m imagining several of his typical cast members in some of these roles. 
It simply must happen.",2025-09-08T19:51:22Z,1107,7,en
Ugy8jgmoM2nrx-WLbU14AaABAg,@Secret_Takodachi,Aldi's is ❤,2025-09-08T18:40:37Z,0,0,en
UgymxBrSJ-kk0_y63z94AaABAg,@khalidalali186,"Theo wasn’t stingy. He was frugal. Huge difference. Plus, he was a badass, who fought in the Africa Korps and served in the North Africa Campaign after being conscripted into the German Army as an 18 year old in 1940. He was captured by the Americans in Tunisia, and returned to Germany in 1946, as a 24 year old. 

This 17 day ordeal was nothing to him. Oh and that bishop lived through the German Empire, Weimar Republic, Nazi Germany, West Germany, and passed away in a United Germany in June of 1991. He also had a statue erected in his honor in 2011 some twenty years after his demise, but it was taken down two years ago in September of 2023, after three sexual misconduct allegations were made against him.",2025-09-08T16:27:01Z,11,0,en
UgzB5m8g67sLwTmHu-h4AaABAg,@thegreataugust327,"The animation did not need to go this hard. 
But I'm glad it does",2025-09-08T14:30:30Z,3,0,en
UgxxU58QTa2MzxVbhtN4AaABAg,@mikolajg1644,used to shop at aldis,2025-09-08T14:06:22Z,0,0,en
UgwfY-oAhbFEN1042Vl4AaABAg,@bendanonfawkes4189,"Pretty sure a CEO doesn't have a boss, he is the boss.",2025-09-08T12:55:34Z,0,1,en
UgyuhKFabq401TzofV14AaABAg,@Silentbet1of,Well if you didn’t know ceo and local government officials all live in the same area as you of your poor it’s bc your scared to do what you need to do in order to get results men don’t respect anything but fear,2025-09-08T12:07:25Z,0,0,en
UgwveUmLu1wdMC8ydbN4AaABAg,@jimbojones1628,24:33 did you use an AI generated newspaper for this bit? That language is utter nonsense,2025-09-08T10:03:22Z,0,0,en
UgxA2cmY7S9E9NktwEx4AaABAg,@JonosBtheMC,31:08 Why is she there at 12 A.M. to meet him for lunch? 12 hours seems like a long time to spend in a hotel lobby when you have a room.,2025-09-08T09:05:20Z,0,0,en
Ugzi3LmsbElZ1OBvaSV4AaABAg,@debl9957,Aldi 💯,2025-09-08T01:48:24Z,0,0,Other
UgwZo4UuDqKBnXlbntd4AaABAg,@AChiagozie,Anyone have the ID of the intro song? @1:27,2025-09-08T01:26:14Z,0,0,en
UgzGeU_AdS9XtCQg9g14AaABAg,@blank_motive,24:32 Sorry but can we talk about that voice crack?,2025-09-08T00:06:53Z,0,0,en
UgwK4DzbKVndd9BnuY14AaABAg,@jdl76556,aldi food is great if you like eating carboard. their prices on name brands are wild though. very interesting video.,2025-09-07T21:23:13Z,0,0,en
Ugy4yh79V7Ptr_GOW_h4AaABAg,@domcolliermusic6390,that intro was wildly unnecessary. lmao thought i was bout to watch an episode of severance,2025-09-07T16:46:51Z,0,0,en
Ugwn2lyOs9WGYRTCB_p4AaABAg,@Xhopp3r,"I went into an Aldi one time. 
I hated it. 
I will never go there again. 
Will not go into a Trader Joe's either.",2025-09-07T15:48:09Z,0,0,en
UgzS4sTcx51ylx5kua94AaABAg,@VanessaJohnson-v9o,Lmao about the aldi commercial breaks.  😅,2025-09-07T13:43:31Z,0,0,en
UgzUcqRqQszM_VMUL0N4AaABAg,@Julien_C-01,16:02 is there a cabin at the end of that path with a princess in the basement of that cabin?,2025-09-07T13:27:35Z,0,0,en
UgyNGe4x56gdeZfPddp4AaABAg,@bobbysenterprises3220,Why does he drive a 309sl and his boss has a 280?,2025-09-07T13:11:53Z,0,0,en
UgxBX_FiNAqnt6MEDrV4AaABAg,@weagah,"21:50 and its going to happen again, and again..",2025-09-07T12:03:59Z,0,0,en
UgyjG490q3opnpMd2NF4AaABAg,@ImagineThat-zu2sg,Aldis is like the cheapest grocery store. Why kidnap this man. He's doing better than others. Go after Walmart/Target or someone else who is absurd.,2025-09-07T08:27:20Z,0,0,en
UgwuIJKNbFmb4vuluB54AaABAg,@SgtNateHigers,Why do the male characters in this animated story have breasts?,2025-09-07T06:30:13Z,1,1,en
Ugy1F8T21gO9oAheC6R4AaABAg,@SgtNateHigers,Are you aware all the males in your video have breasts???,2025-09-07T06:29:31Z,1,0,en
UgyEHIPiKYHbhdyJA9V4AaABAg,@BrideOfIAM,Clean ad drop 👏🏼👌🏼,2025-09-07T05:25:54Z,0,0,Other
UgzWTjBcZRdad6q9o7N4AaABAg,@MbskzjsbsvsvTkwkdjwj,what a great commercial,2025-09-07T00:01:51Z,0,0,en
UgzV0FyvGIm45iNaKJx4AaABAg,@DiabolikalFollikles,"Blondie and homie are somewhere tropical, watching this video, holding cocktails in a coconut hull, with umbrellas and pineapples jutting out of them. Captivating vid Fern. Super great production. 🌴",2025-09-06T22:41:39Z,0,1,en
UgwGN2muyYUFMqiz-GB4AaABAg,@website_design123,voice crack 24:30,2025-09-06T21:40:47Z,0,0,Other
UgwT_K-HOppOu4930Ct4AaABAg,@Dzguitar4L,Don’t let Kanye know,2025-09-06T15:49:27Z,0,0,en
UgzK_gztsxdO1V5-29R4AaABAg,@cadillacdeville5828,I'm not sure why you are my recommend the list... But you did not disappoint ❤.,2025-09-06T15:12:57Z,0,0,en
Ugz5IRG9EsJ9IwLvHMx4AaABAg,@cadillacdeville5828,The dummies remind me from the ones from a few Call of Duty Black ops 6 missions.,2025-09-06T15:12:41Z,0,0,en
Ugzg5iR0WJ8luzVsIJR4AaABAg,@FigaroHey,You can't invoke the seal of confession unless you're actually in the confessional.  No priest is bound by the seal of confession unless he's administering the sacrament.  You can't just call him in to the police station and tell him to treat something as under the seal of the confessional.  So that's wrong.,2025-09-06T15:00:55Z,0,0,en
UgyfXefK52uqFf_5Wnh4AaABAg,@FigaroHey,"""AnyWAY,' not 'anyways.'  Are you twelve? Or just another victim of the American public school system?",2025-09-06T14:39:42Z,0,2,en
UgzmsGSH3e7JWKZ4qyR4AaABAg,@R-MD,"jesus christ what a crazy start to this story. ""They just up and kidnapped some dude, then were like 'what do we do now?'"" How do you fuckin decide kidnapping is a good plan and that you'll figure out the rest later.",2025-09-06T13:37:25Z,0,0,en
UgzpgdNA11CgzQc2rd94AaABAg,@DMTrance87,"This story is fk'in amazing! 🤣

How is there not a movie about this? 
I imagine one of those comedy-crime capers like the movie Snatch😂",2025-09-06T10:23:44Z,0,0,en
UgyszEXCUe2enN7Z9O54AaABAg,@cicolas_nage,i think we should legalise kidnappings,2025-09-06T09:56:27Z,0,0,en
Ugw7-A1RVV_FdcdlZYB4AaABAg,@FORCE_PBC,"Aldi north sells cigarettes, Aldi south didn’t agree, that’s why they split. My Aldi has “self” checkout. Guess he saves $ there too.",2025-09-06T06:11:32Z,0,0,en
UgyKs_naINzGN4RdHdF4AaABAg,@Pandahead4U,Oh he got money !!,2025-09-06T06:09:05Z,0,2,en
UgxzNWaeRc9p2u1a0LR4AaABAg,@Pandahead4U,Looking for the sol Dejaniero body butter and oil they say Trader Joe’s has goodndupe,2025-09-06T06:08:53Z,0,0,en
Ugyu-UKVYChbqQRBuwV4AaABAg,@Pandahead4U,Ya we do t ba e many Trader Joe’s,2025-09-06T06:08:01Z,0,0,Other
UgyEUdKgK4wchYrnkCh4AaABAg,@Pandahead4U,He did this or she did this for suren,2025-09-06T06:07:49Z,0,0,en
UgyKubyoCUBc4tLZn1p4AaABAg,@Pandahead4U,I hope the checked the money 😂😂,2025-09-06T06:07:17Z,0,0,en
Ugzb8xHQiD0iMoEs3j54AaABAg,@Pandahead4U,Correct how will u have that kind of money,2025-09-06T06:01:05Z,0,0,en
UgwasYUCSmxZd4Dq4UZ4AaABAg,@Pandahead4U,The cops did this LOL,2025-09-06T06:00:32Z,0,0,en
UgwcWMHXn-KyIz7GiTV4AaABAg,@Pandahead4U,"Something tells me
The wife did thi LOL is he the cheater ?",2025-09-06T05:59:23Z,0,0,en
UgziL_eyK1_0k72uVa14AaABAg,@Pandahead4U,Million each is his wife cheap,2025-09-06T05:59:00Z,0,0,en
Ugzlz91UW__tDCjJHml4AaABAg,@Pandahead4U,Holy fxxx that’s why he’s so cheap,2025-09-06T05:57:35Z,0,0,en
UgxZQ7vSBmFHqCgq6UJ4AaABAg,@Pandahead4U,I see why the aldi here never has stock jusr incase it doesn’t sell,2025-09-06T05:56:49Z,0,0,en
UgwDXp6e5JXW2nFlw_t4AaABAg,@Pandahead4U,I’ll give u my business 😂😂,2025-09-06T05:56:14Z,0,0,en
UgxrKlWZuz5bb8Y-oSZ4AaABAg,@Pandahead4U,Who is he I know both voice s,2025-09-06T05:55:50Z,0,0,en
UgyfLhr3_I1xIwuyV-F4AaABAg,@Pandahead4U,11:46  I love his voice behind is heb,2025-09-06T05:55:28Z,1,0,en
UgxZRbiyf6CPqJt3Hol4AaABAg,@Pandahead4U,Wow just wow the video is so cool,2025-09-06T05:45:00Z,0,0,en
UgxdX8hCpajFoaURlsN4AaABAg,@gorrakkandleafs4165,Nazis,2025-09-06T04:47:09Z,0,0,Other
Ugx-7qTPeJsFTePI1aR4AaABAg,@Rmantvg,Youve been put on a watch list,2025-09-06T03:15:55Z,0,0,en
Ugz18lbuMy7NMFReGCx4AaABAg,@phyrexian175,Spot o trubbow innit?,2025-09-05T20:38:45Z,0,0,en
UgwjZq_SrDOwwqzo-xR4AaABAg,@901blitz,"It's true, in Germany when it comes time to bag your groceries you better have you game face on, but it's that way at other grocery store chains too.",2025-09-05T19:47:11Z,0,0,en
UgwLVbTI63cuMkUH7314AaABAg,@brian_furaha,06:44 I gotta give it to you bro how you integrate  ADS just crazy 😭😭😭😭🔥🔥🔥🔥and im getting ODOO btw,2025-09-05T19:30:54Z,0,0,en
Ugzsm2IsiZpZ0OFRpTl4AaABAg,@sevenc3588,did i not see you in the aldi last week? aldi? aldi ballen over your face!,2025-09-05T16:19:51Z,1,0,en
UgyTywUuNKVWqq1YJIh4AaABAg,@tomhossain2099,Plural?,2025-09-05T13:55:37Z,0,0,Other
Ugy__Y9N2vyNpdX4I2B4AaABAg,@alexmsc5753,23:30 please tell me they didn’t put money in the presents 😂,2025-09-05T08:52:21Z,0,0,en
UgzYXWepAtW_QoQdzH14AaABAg,@Nightsd01,"There’s an old saying: two people can keep a secret as long as one of them is dead. These “kidnappers” were amateurs. They were smart in some ways and dumb in others. 

The main thing is that kidnapping an important person isn’t enough. You have to put just as much (if not more) energy and terror into the immediate family so that they don’t contact the police. This is something most kidnappers really suck at and always what ends up getting them caught. 

Also, don’t have living co-conspirators. The living part being the imperative word. 

That said, kidnapping is a really dumb way to make money. In order to really succeed at it, you have to be incredibly sharp. There are much safer and easier ways of (legally!) making large sums of money, at least for people living in civilized / rule of law countries if you’re smart. Why bother risking prison?",2025-09-05T04:14:50Z,0,0,en
UgzhexMH7enmz65YvUN4AaABAg,@Cokecakepopcorn,so much filler,2025-09-05T03:19:44Z,0,0,Other
UgyOoQAAXy2CLpzAEKB4AaABAg,@Melon_414,I just started working at Aldi. This is quite interesting to me,2025-09-05T03:15:08Z,0,0,en
UgzwFg0JGGAMuRmILTx4AaABAg,@Loklak59999,It's funny how I feel about the people during that era of the faith and the word of the deal and follow through with unlike nowadays 😂,2025-09-05T01:59:11Z,0,0,en
Ugyqf_aYNaYB6gDHmCl4AaABAg,@Cheetohfingerz,"0:40 That’s a bummer Theo was locked up in the back seat. Should’ve brought a quarter to unlock him 🤪
IYKYK aldi",2025-09-05T00:16:39Z,0,0,en
UgxCuH5bQlMjxotXgCN4AaABAg,@TheYotuubi,What is the song starting at 32:03?,2025-09-04T20:05:17Z,0,0,en
UgzSStCFs7rbJ4irmWx4AaABAg,@no-mz1ie,What a great story. This should be a movie on the big screen.,2025-09-04T16:22:48Z,0,0,en
Ugycp5_8w7KBi5DMCvx4AaABAg,@RogueCylon,"Low key slips in a Mercedes-Benz 300 SLR, 1955 Uhlenhaut-Coupé. Wow!",2025-09-04T15:20:17Z,0,0,Other
Ugx8777hXXgFXUX47NR4AaABAg,@registromalplena2514,4:22 He is like a real life Supervillain!,2025-09-04T13:19:20Z,0,0,en
UgxRhenoLf7v7uGH8Qd4AaABAg,@dpasic9265,Blonde didn’t wait 😂,2025-09-04T13:17:32Z,0,0,Other
UgyyyK7Sx1DRos15BZx4AaABAg,@chadsexinton,Anyone else found this confusing?,2025-09-04T13:05:46Z,0,0,en
Ugyfua56pTRy_Ix83wZ4AaABAg,@druth8x,"WOW a 30min video and all I really know is that Aldis CEO was kidnapped and hilarity ensued.

How long was the kidnapping? It seemed like a long time b/c of all the cuts to opening so many new stores and how they felt they could pay the ransom through selling items including loss leaders when they were just starting out.",2025-09-04T12:24:30Z,0,0,en
Ugy1vrhIxEILbRT9fTN4AaABAg,@zTPure,"3:58 Debt 1: 120.000 Debt 2: 180.000 Debt 3: 250.000 - Add them all up, you get 550.000, not 700.000",2025-09-04T11:44:18Z,0,0,Other
UgyaJin5FECnHdBGUx54AaABAg,@katiebarber407,i just have a hard time feeling sympathy for the people who live like kings on the backs of the working class,2025-09-04T10:52:49Z,0,0,en
UgwiXmv9QDW_B_2urW14AaABAg,@quanticlevel494,Best dinner vid I’ve seen in a long time,2025-09-04T09:36:35Z,0,0,Other
UgwhRBmnHBK-0Oz-tf54AaABAg,@krys_chan,"i just want to say thank you for not using ai. <3 too many times now have i clicked a video just to see that the graphics are done by ai. luckily with this channel, i don’t have to worry.",2025-09-04T03:16:53Z,0,0,en
UgzaWKnyz-ofXZWRXJZ4AaABAg,@DarcyDoogs96,There's almost no pacing here,2025-09-04T01:55:37Z,0,0,en
Ugww9DVKwTZ7hzNBJTV4AaABAg,@mmmmmmmmmmmelissa,AND trader joes 😮,2025-09-04T01:01:30Z,0,0,Other
Ugxv-_qydDE3jmiSaxx4AaABAg,@circus4796,whats the song at 23:32,2025-09-04T00:12:30Z,10,7,en
UgzeDRyJtNswKfC8tK54AaABAg,@geraldashford3237,Conquering Europe one country at a time. Not the first German to think of that,2025-09-03T18:18:19Z,0,0,en
UgyX-sgJyAQgzjrVzAR4AaABAg,@elijahalexander9335,Who is the voice with the German accent? It sounds so familiar.,2025-09-03T16:52:41Z,0,0,en
UgwnWSaGy-BmMQezrM94AaABAg,@NonsensicalSpudz,0:47 interesting choice of map for Aldis progress lol,2025-09-03T16:42:29Z,0,0,en
Ugy5vMjhTW0iPRGVbKJ4AaABAg,@iforgotmyusername11,"No one is talking about the most mysterious aspect of the story, which is how in the hell did that guy get all those poor young women so infatuated with him. It was obviously not about the money either. What was his game 🤨",2025-09-03T15:11:15Z,1,1,en
UgwQggAgJz_kn1R8qcx4AaABAg,@sonsofthewestredwhiteblue5317,"Germany’s highest profile kidnapping?

I think old mate, Otto Skorzeny, might beg to differ. Having S-Ranked *Assault on Hotel Campo Imperatore* and liberated Mussolini from the Allies clutches.

Higher stakes 
Higher profile
Higher risk

…. Happier ending too. 

1. Otto got the honour of abseil in 1 more skylight on behalf of his beloved fuhrer. 

2. Mussolini is soon pummelled to death like a cautionary pinjata on account of writing far too many cheques his arse couldn’t cash. 

That Aldi one just sort of fizzles out. 🤓",2025-09-03T11:22:23Z,0,0,en
UgzbDh5YoHij9mSmFSx4AaABAg,@ki6eki,businesses can write off travel...,2025-09-03T11:20:42Z,0,0,en
UgztlrWJz9MmWjMBr8J4AaABAg,@sonsofthewestredwhiteblue5317,21:47 it’s Mel Gibson vs Gary Sinise for the whole ball of wax all over again .,2025-09-03T10:51:57Z,0,0,en
UgzmXuiM1rfLP_Zz0Zt4AaABAg,@AliceYobby,insanely effective Aldi ad,2025-09-03T07:47:42Z,0,0,en
UgxUx-Khip6_d20rf2B4AaABAg,@PigletCNC,Jij bent Nederlands.,2025-09-03T06:46:35Z,0,0,Other
UgyArDrnnp9XG917LyN4AaABAg,@KrakoanSinister,"We don't have Aldis where I live,. There is a single Trader Joe's & they're the second most expensive grocery store in town as well as the 4th cheapest. They used to be the 4th most expensive, but Metropolitan Market, QFC, & Amazon Fresh left a few years after opening.",2025-09-03T05:39:06Z,0,0,en
UgyN0rRhCWO4JHmxwtN4AaABAg,@sophia4christ,"How can you be so wealthy and not travel about with armed guards? Also, why did that lawyer try to reduce the ransom amount? If I were Theo, I wouldn't keep that lawyer on my payroll! Great story with a good ending.",2025-09-03T04:23:37Z,1,0,en
UgyIHkgY0jNKgJuaigh4AaABAg,@AimeeAimee444,"Shopped at Aldi’s today. 
They continue taking over the markets and offer amazing products and prices.
No frills and fast shopping.
Fantastic work fern.",2025-09-03T03:22:58Z,59,3,en
UgwnCE4bxZ5eRsTrNPp4AaABAg,@Montagerous,I cannot imagine the American feeling of betrayal to have someone pay off their high end electronic bill to your small business then turn around and immediately snitch on them for having ransomed that money off a multi-millionaire,2025-09-03T01:56:22Z,0,0,en
UgwSG-rRRAtWcB2f7WJ4AaABAg,@ImKinoNichtSabbeln,"Around 27:27, the banknote is wrong.

Depicted is a 500 DM note from the fourth DM series ""BBK III"" (motives: Significant Germans) issued from 1st Octobre1990 onwards.

1971, BBk III did neither exit, nor was even imagined.
Instead, in 1971 the series BBk I (excerpts from important German paintings - by chance: people) was valid (1961-1990).

FYI, the 2 series before BBk I, series ""Bank deutscher Länder"", and the in the USA printed initial series were completely different, too.
Not only in the motives, and colours, but even the measurements were different between the series.

Showing a BBk III banknote instead of a BBk I one, is like saying ""they used this Chrysler Sedan"" while showing a Mercedes SUV: it's blatantly wrong.

PS:
There was even strictly secret, never released reserve series BBk II printed in just slightly reduced volume to enable an immediate substitution of BBk I, if necessary.
Details incl. the motives were released just after 2010.

Background: Back then, West Germany feared, that East Germany would  somevdsy (war) zake thevchsnce to devalue the successful DM by spreading counterfeit BBk I banknotes in huge volume.
In that case, the West-German government coukd have announced the invalidaty of BBk I for commercial use, and immediately distributed BBk II, instead.
Banknotes of BBk II were stored, maintained and checked, and even continuously printed upto 1988.

The BBk II banknotes were kept _very_ secret and _very_ safe.",2025-09-03T00:46:08Z,0,0,en
Ugx10a06IBINUmkz2SR4AaABAg,@ImKinoNichtSabbeln,"On Albrecht's cheapness:
When they kidnapped Theo Albrecht, his Mercedes was so austerly equipped, his suite so unrefined that the kidnappers believed to had fallen for a decoy for the real Theo.
To verify his identity they checked his official id card (Personalausweis).",2025-09-02T22:30:55Z,10,0,en
Ugx7V81-PWws4vSjoWJ4AaABAg,@themeantuber,"6:45 imagine if they did run on odoo, how weird it would've been back then.",2025-09-02T21:55:53Z,1,0,en
Ugz_G_EaRHbL2xMQa-x4AaABAg,@LDRxFall3n,30:44 casually sleeping in a suit 😂,2025-09-02T20:57:25Z,0,0,en
UgwKxR9rp_qmEGeqbPB4AaABAg,@guttenaug947,You should have started off saying this happened in 1971,2025-09-02T18:56:05Z,0,0,en
UgzUh1lcMne-W9ojSZ14AaABAg,@dubsteppro777,Way to copy Hoogs video they uploaded 9months ago almost word for word! All they way down to the graphics!!! Yall are despicable!,2025-09-02T18:49:10Z,1,1,en
UgxYNknigmxPzom4Lu14AaABAg,@eric3347,Dude thinks I should go to another store for the less profitable items because he's so greedy.,2025-09-02T16:48:52Z,0,0,en
Ugy3Rwo61FcVxhKQ1BB4AaABAg,@DavidMiOo,"Paul has boobs, just sayin'",2025-09-02T15:33:29Z,0,0,Other
Ugz0PJ18MLN4uTf-LJZ4AaABAg,@JigglysPoof63,Great video! But why do all the dudes have titties?,2025-09-02T13:26:50Z,0,0,en
Ugw0nn-48vBrhj75pWN4AaABAg,@Dearthvader2,"MY DISHWASHER BROKE AND NOW I DON'T GET ANY SANDWICHES BECAUSE SHE WAS ""BORED"". IT IS ALWAYS THE 109TH DISHWASHER THAT BREAKS FIRST.",2025-09-02T05:11:39Z,0,0,en
UgyzBTSWoBdP338521V4AaABAg,@louiscypher4275,Why does Diamond Paul have breast's?,2025-09-02T02:21:00Z,0,0,en
UgxR40tcm03i-5KWhlR4AaABAg,@EdwardoDinglebotton,Used to shop at aldi,2025-09-02T02:07:40Z,0,0,en
UgzBmEtxOqoNwXTMySV4AaABAg,@davidarneson7100,Kidnappers are apparently all stupid,2025-09-02T00:08:18Z,0,0,en
UgywzxHLu8Ea1-jb8Vt4AaABAg,@jiahuil7,"While I generally like Fern videos - this one felt out of place as the kidnapping story kept being interrupted by the business aspect (which breaks the flow). If you want to tell the background of Aldi biz empire, you can put it at the front as a chapter allowing people to skip it if they are not interested in it.",2025-09-01T23:36:24Z,1,0,en
UgwoHmExzUH1QDA4zXF4AaABAg,@auhhhgggrrr9065,you kinda sound like defunctland,2025-09-01T21:32:56Z,0,0,Other
Ugxg8qYZUIHk8IR7twh4AaABAg,@Joao_133,Aldi is on the list of companies to boycot for Palestine. So I buy elsewhere.,2025-09-01T20:58:28Z,0,0,en
UgzZe_PsXdBXxWjqZAF4AaABAg,@Joao_133,"Fantastic, about 1 year in jail for about 500k marks x 2",2025-09-01T20:57:21Z,0,0,en
Ugye2iXuiF86mHsuchB4AaABAg,@elvinlion996,"bizarre??
jojo refrence?",2025-09-01T20:47:05Z,0,0,Other
UgzsDFsUtOuOVr-ExuJ4AaABAg,@AActionPlayer,😮 why go to Mexico go straight to Cuba or other countries without the reach of of everyone,2025-09-01T20:27:57Z,1,0,en
UgzDmKwIwhs6-sh_Ect4AaABAg,@ColonelBummleigh,Foiled by a pair of dirty pants.,2025-09-01T17:59:02Z,0,0,en
UgxP21JnGx7iLxPBk7p4AaABAg,@r1n488,CEO's hate this simple trick,2025-09-01T17:38:39Z,0,0,en
UgwoxNlUX8htqKOe27V4AaABAg,@tyfallon,2:28 Once this song starts playing you know shit is about to go down 😭,2025-09-01T17:18:27Z,1,0,en
UgzJ4ST-v0UUwDI-kdZ4AaABAg,@terriblegamerdotexe1527,"Just to put that 55 items per minute into perspective I work as a cashier. My items per minute ranges from 30-35, remove produce I could maybe squeak out 45 on a very good day. 55 is unbelievably fast.",2025-09-01T17:04:26Z,0,0,en
UgxssXR86HDnCzLds1Z4AaABAg,@jaywebster624,every time I go to an Aldis I will remember this,2025-09-01T16:40:10Z,0,0,en
UgzltU2gV6lzKO3Vv7x4AaABAg,@nunya1103,The video effects quality is insane. How is it here on YouTube?😂,2025-09-01T16:25:18Z,0,0,en
UgxcTUDFXLZsLkQTFI14AaABAg,@bothewolf3466,Typical press.  Who cares if we get someone killed via our reporting.  Print the story and SELL it.  LEt the sword of Damocles fall upon whom it may.,2025-09-01T14:47:37Z,0,0,en
Ugz9YddhOe7_icoYO_54AaABAg,@JuzzyQld,Man... that sponsor segway was slick as.... LOL,2025-09-01T12:48:24Z,0,0,en
UgykSaOxNG8gBw38rMt4AaABAg,@MaybeTogether,Are you simplicicus?,2025-09-01T10:49:40Z,0,0,Other
UgxgK6x1NojM7c5Pyxp4AaABAg,@Niko-Enjoyer,"You changed the thumbnail from ""idiot"" to ""genius"". Did YouTube give y'all flak or something for it?",2025-09-01T00:08:21Z,5,0,en
UgyxCQhhtLdi47VYOp54AaABAg,@mstieler8480,The team you have for the 3d models / animations / etc is fantastic.,2025-08-31T18:03:10Z,2,0,en
UgxJnQ_djosFH1bz0Jt4AaABAg,@user-x56ji4i2o1,I'M GNNA CRY WHY E THEY SO BUDDY BUDDY JE LIT GAVE THEM A PLAN LOL,2025-08-31T17:20:23Z,0,0,en
UgyaYPqceYtTJx0HPWt4AaABAg,@rory6987,You really gotta pick a pronunciation and stick with it 😂,2025-08-31T17:18:55Z,0,0,en
Ugx_Hi-eLcLsbntR_mh4AaABAg,@Tytrxshcxnoffical,At least they didn't wanna kill him😂,2025-08-31T15:41:50Z,0,0,en
Ugwofcok6vSvB856LYF4AaABAg,@kakyoindonut3213,"cool it with the aldi sponsorship will you, barely hiding it",2025-08-31T14:37:59Z,0,0,en
UgzRq5JxV_jf_9erq1N4AaABAg,@fronnnk,i used to shop at aldis,2025-08-31T14:28:00Z,0,1,en
UgxwHrds7kZTqs303Ct4AaABAg,@0jp19,I used to shop at Aldi’s - some guy in a song probably,2025-08-31T08:29:39Z,0,0,en
Ugx1aTn8FtXqq8MtV0p4AaABAg,@RonaldKuechler,I love the graphics.,2025-08-31T05:59:54Z,0,0,en
Ugzel4T98gwolk6J7BN4AaABAg,@dosmastrify,"Ok fine I'll effing watch it already, algorithm",2025-08-31T04:30:54Z,1,0,en
UgzlazaaLYc-uYHOdR54AaABAg,@melon2358,I’m watching a Wes Anderson film,2025-08-31T04:08:12Z,0,0,en
Ugz237dvVpBrgqieknF4AaABAg,@kiabagha3401,Krohn's grandson is one of my best friends - he's still kicking!,2025-08-31T01:36:34Z,0,0,en
Ugz1mqJDj00z1RQDth94AaABAg,@joshhale9355,"I kinda wish it’d worked, Trader Joe’s stuff is absolute shit",2025-08-31T01:01:01Z,0,0,en
UgxLFfcB5MxmA5f5ggh4AaABAg,@southernsmoke8391,I feel as if I just watched a commercial for ALDIs.,2025-08-31T00:21:02Z,0,0,en
UgzYkckWwle4tRgr_od4AaABAg,@mosot624,What's that song between 5:50 - 6:40?,2025-08-30T23:33:10Z,1,0,en
UgwrhWhsArmdi3Pj4PN4AaABAg,@noe_122,Great video. Thank you,2025-08-30T22:40:31Z,0,0,en
Ugxbxtu8vmOsiZV7gLB4AaABAg,@the_bootleg_starwalker,please stop using ai generated 3d models... cringe as fuck,2025-08-30T18:36:51Z,0,0,en
UgyvM0YVII3u9o1bot94AaABAg,@mojolmao1752,0:02 29 september 7:33 30 november so thats more than 17 days in captivity ??,2025-08-30T16:47:51Z,0,0,en
Ugx2xrhuUilUVOHjgWp4AaABAg,@unboundbysam,Breakfast worthy video,2025-08-30T16:17:59Z,0,0,en
UgyRCHAj0Vb3T8jHGHB4AaABAg,@the_bootleg_starwalker,1:18 ja pierdole 2137 w niemieckim filmie,2025-08-30T15:39:04Z,0,0,Other
UgwkZNTyEIz7IssXTAN4AaABAg,@Clippingit76,What song is it at 18:18?,2025-08-30T05:37:39Z,0,0,Other
UgwiIhZt9QmzMGv2eJh4AaABAg,@NuklarBomb,Crazy how I got an Aldi ad during this video,2025-08-30T03:01:12Z,0,0,en
UgzcZudmEAPnyh4Y0MZ4AaABAg,@ajj1688,i love your videos but this ones timeline is so confusing i couldt keep up,2025-08-30T00:18:20Z,0,0,en
Ugx3pLgb79uqoQNfUrR4AaABAg,@Liam-wg6nr,You wanna know what else is bizarre,2025-08-29T23:46:28Z,0,0,en
UgzNwRX9pwiMaZSXZAJ4AaABAg,@TurkingAndDoombringer,"Quite literally a *Good, Different.* video",2025-08-29T22:44:58Z,0,0,en
Ugzj22qrJzOnHpC2vJZ4AaABAg,@WM_Nonsense,USED TO KINAP ALDIS🔥🔥🔥🔥🔥,2025-08-29T22:20:24Z,1,1,en
UgzYdSUG0CE2cy5bvs54AaABAg,@snipercloutyb182,Here from Mr beast,2025-08-29T19:43:50Z,0,0,en
UgyklTLjPqAeVDh_XrR4AaABAg,@itstimmy396,"His “early business model” was literally the bait and switch. 

Buy the highest quality fastest moving items at such high quantity you can offer them for cheaper than anyone else then once customers have bought into the pricing replace the items with lower quality items and they will “accept just about anything” this is literally damn near criminal to admit to.",2025-08-29T18:13:02Z,343,19,en
UgxHcLl5RC_wJjGOntF4AaABAg,@AkuraTheAwesome,The Aldi brothers split their business in half because they disagreed on whether or not they should sell cigarettes.,2025-08-29T17:06:24Z,1386,29,en
UgxjAk0UIYmduer7MvR4AaABAg,@AkuraTheAwesome,Imagine kidnapping a guy and not having a solid plan for where to take him next.,2025-08-29T16:53:37Z,4063,15,en
Ugzi06PnNJpuhJHIc0h4AaABAg,@Real_Alphar1us,"I see fern.
Neuron activation
Click fern",2025-08-29T16:03:17Z,1,0,en
UgykLWpsDS_m0xJEAI94AaABAg,@Skaitania,Having a sponsor within an advert disguised as a crime documentary is next level efficiency.,2025-08-29T15:55:21Z,8,0,en
Ugz7-t9spabQmQ4IoHl4AaABAg,@UncontainedDisaster,Now I know why I instinctually don't like Aldi.,2025-08-29T15:35:10Z,0,0,en
UgyqyAdThOeCS3P3jKl4AaABAg,@LanceHayabusa,"albrecht, definitely has nazi ties.",2025-08-29T13:42:36Z,0,0,en
Ugxzj3qoaP72zMHKEQZ4AaABAg,@ChikaJihyo,Maybe the best fern video yet. Absolutely incredible,2025-08-29T13:30:50Z,0,0,en
UgzZteDWwkFh41VfIwh4AaABAg,@thewhitedread7572,"0:35 I don't know about the biggest kidnapping in German history, you do remember that pretty bad kidnapping problem they had in the 30s-40s right? They kidnapped alooooot of people",2025-08-29T12:53:38Z,0,0,en
Ugxl6PYb95M5tzDgo_94AaABAg,@BabvBlues,this made me want to buy from Aldi Lol,2025-08-29T11:16:46Z,0,0,en
Ugz5sXBojq9Ip4q4HFh4AaABAg,@joellange4504,32:10 Aldi in Schenefeld,2025-08-29T07:05:18Z,0,0,Other
Ugynf-QW7XvUj0TuRUB4AaABAg,@bashymumbles,Jussie Smollet's friend,2025-08-29T02:44:11Z,0,0,Other
UgxQbZYzDDFuVAVo9Sl4AaABAg,@Jroc7275,“The biggest kidnapping in German history” I think the Jews of the 30s and 40s would beg to disagree with that statement,2025-08-29T02:34:18Z,1,0,en
UgwuchvWEozSkCl8fhN4AaABAg,@BurningBaboon,Fuck private equity,2025-08-29T01:52:51Z,0,0,Other
Ugw2WxUHkO4uDFDst_J4AaABAg,@bassett_green,16:45 not sure about that US flag on the bullet proof vest ...,2025-08-28T23:56:21Z,0,0,en
UgwTjKN9zUsVslFR7xR4AaABAg,@thisvideoisback9852,"aldi sucks. they dont have any staff, you cant call a store, they do group interviews and never hire anyone, and overwork the few people they do hire. all for what? money.",2025-08-28T21:52:44Z,0,0,en
UgydL_eZlztgdKKNohJ4AaABAg,@HopeFiree,https://youtu.be/q9EmvcqpQOM?si=orvaqRdO3pjo3Ygz,2025-08-28T17:54:26Z,0,0,Other
Ugwxj4cMJ1ByLsdiqWt4AaABAg,@mulwelimushiana8388,So Odoo's first free app is a loss leader 😅,2025-08-28T15:31:48Z,0,0,en
UgzhaHPRYfSXW5v0VG14AaABAg,@gulag_more,"""tonights the night"" is that Dexter reference?",2025-08-28T12:32:17Z,0,0,en
UgxIF8tGUbXe4658xDB4AaABAg,@ivangrishin6329,Aldi is more expensive than Woolworths.,2025-08-28T12:24:53Z,0,0,en
UgykuZAbo5XSUUWTbpF4AaABAg,@bigbleachboy659,Tonight’s the night.,2025-08-28T10:56:21Z,0,0,en
UgzTC3mxEqtocQmbzjZ4AaABAg,@tabishkhan7758,german saul goodman,2025-08-28T10:42:39Z,0,0,Other
Ugx7O6erZ77PwbwWGqB4AaABAg,@mololuwaisaac8178,first time I'm getting caught off guard with the ad in months,2025-08-28T09:47:23Z,0,0,en
UgwoLOZz5v_VmFNCopF4AaABAg,@slimeyguy8805,AI SLOP,2025-08-28T07:33:27Z,0,0,Other
UgzAEkGHmdwW-mQ4NoF4AaABAg,@RyanMercurio-c5f,I USED TO SHOP AT ALDIS,2025-08-28T03:36:08Z,2,0,en
UgyhLX4JYEvZvBrleZd4AaABAg,@haakondavis3692,Why didn’t you mention that both of the brothers that founded Aldi fought for Germany in WW2?,2025-08-28T02:52:55Z,0,0,en
Ugz4OIhtkDJlz5jQjmV4AaABAg,@bsuarez3455,12:38 😂😂😂😂😂😂😂😂😂😂😂😂😂 mannnnnnnn ik what set he rolls with,2025-08-28T00:04:00Z,0,0,en
UgyIvgJ-3AZkQHEmKnl4AaABAg,@elijahgougon4301,am i the only one that noticed discardpixel?,2025-08-27T23:08:35Z,0,0,en
UgwMvqlnfGa3z5NVuuh4AaABAg,@Phillip-u6s,"As a german, I would say Aldi is one of the importanst companys in Germany everybody here in Germany buys in Aldi.",2025-08-27T19:16:32Z,0,1,en
UgyrhXM-cxmKqzK0t3R4AaABAg,@NN-kf7qo,Clickbait...passing off the video as if it were a crime tutorial...no decency,2025-08-27T17:28:22Z,0,0,en
Ugw_sWwPCKfZGuIEbXV4AaABAg,@mohamedbaghdad1525,"i will never forget that during this appalling genocide, you make a video about the holocaust. there is a time for empathy and a time for blame and owning up to your action.",2025-08-27T15:03:54Z,0,1,en
UgxKOR28BCf5Zt715Y14AaABAg,@2Gabriel_BY,Used to shop at aldis (my cawk) ❤️‍🩹🔋🌹,2025-08-27T09:41:07Z,1,0,en
Ugyz_4ZsPxPjc_BcQRB4AaABAg,@Gaymers69.,I used to shop at aldi,2025-08-27T06:03:54Z,2,0,en
UgzH4Kg6qkA3aSAMuPx4AaABAg,@Fllanaa,used to shop at ALDIS!!!!!!!!!!!!!!!!!!!!!!!,2025-08-27T05:46:35Z,3,0,en
UgzkE-wFXVs7bpK6ksh4AaABAg,@cwiebes2651,Anyone else get an Aldi ad on this video?,2025-08-27T02:57:14Z,0,0,en
UgzCB-vFGAVGBj-zzK94AaABAg,@relaxo2739,Tabloid press is a cancer,2025-08-27T01:52:23Z,0,0,en
UgwvfM-aEfFpHd-LMFN4AaABAg,@Rafalmand,Honestly the fact that this channel is owned by private equity fucks up the whole vibe,2025-08-27T00:09:51Z,1,1,en
Ugx-nAcsWZYmGQmXEkF4AaABAg,@justinhawkins8804,The Hanns Martin Schleyer kidnapping might be more famous. I was at least more familiar with it.,2025-08-26T21:27:49Z,0,0,en
UgxdjaduTxF4x94VG9d4AaABAg,@cheet0_burr1to8,WHAT IS THE NAME OF THE INTRO SONG SOMEONE PLEASEE,2025-08-26T19:52:44Z,1,0,en
UgxlBReJPJxJ8QNZ54d4AaABAg,@wasshisface,Weird commercial for Aldi,2025-08-26T18:59:00Z,0,0,en
UgzOQzKl0BNLsBMWXXd4AaABAg,@AdeelKhan-uu2pv,Jesus bless❤,2025-08-26T16:12:22Z,0,0,Other
Ugz4PfudR0uxRFQywbh4AaABAg,@kevingbergiste7372,This was a wonderful Aldi ad,2025-08-26T16:08:23Z,0,0,en
UgwVRenu3Hdmj3d7XId4AaABAg,@ll-EwoJima-ll,Why'd you change the video title? lol,2025-08-26T13:42:01Z,2,2,en
UgyDknU13CVhE5HwnEl4AaABAg,@Allthingzboxing817,Plot twist: Blonde knew the entire time and was in on it,2025-08-26T13:23:48Z,0,0,en
UgwRpfXyW0MUhULj2ZJ4AaABAg,@DANNYonPC,Bruh compare this to the Heineken Kidnapping haha,2025-08-26T13:02:52Z,2,0,en
UgxltsNjS63EqPcPgb14AaABAg,@anjalbista200,could you make a video on kalashnikov story with this voice,2025-08-26T10:56:30Z,0,0,en
UgxerXOeOb_24Xm6f_94AaABAg,@Boronizer,I love how the dutch accent comes through the otherwise flawless english of the narrator when he says Albrecht 😁,2025-08-26T08:05:56Z,0,1,en
UgzZP1cKdlxVEozGnoN4AaABAg,@diamonda6441,How to get put on a watch list,2025-08-26T03:07:23Z,1,0,en
UgyWLrcKZqc9MQ98knV4AaABAg,@mrhighfoster,"If anyone needs help navigating the odoo software, I'm available to help out. I'm a developer as well",2025-08-26T00:11:49Z,0,0,en
UgxCiOzRdBQB9MUPTZp4AaABAg,@malcomcrellzyx3138,please don't do that intro with that audio for future videos. it's just NOT it hey,2025-08-25T20:57:34Z,1,0,en
Ugy19KFVWmAjV2mcAnB4AaABAg,@levelofcomic2120,"Aldi - great supermarket, great prices too",2025-08-25T20:33:38Z,0,0,en
Ugwi-xpi9hBMKrabcoJ4AaABAg,@anarchyanna,Can't wait for the luigi video,2025-08-25T18:58:28Z,6,0,en
UgxQatuN1EsgeiKRmv14AaABAg,@bwandon6170,Tonight's the night (laughs in dexter),2025-08-25T16:38:53Z,0,0,en
UgyV1ondH1AAkiEh-Rl4AaABAg,@Tian.S,"Tay-ho Albrecht 
Lol",2025-08-25T16:19:27Z,0,0,en
UgwCdiwJbQDBbCDhnjl4AaABAg,@personalklk,"100% love the business segments of the video. It’s helping me appreciate being a business student more 

Thanks Fern :>",2025-08-25T14:12:11Z,7,0,en
UgynD5BazfyNbiwpDul4AaABAg,@bakugo_v8,I've seen this same video with no less than 4 different titles,2025-08-25T13:09:33Z,0,0,en
UgzXqn9F6263eBRIHlF4AaABAg,@Zdenek-r5d,"I'm way too concerned fern tv is now private equity property. Schade, boys",2025-08-25T07:40:43Z,0,0,en
Ugz8qs8S4-IpOQvD4rR4AaABAg,@sah_men,Thank you bro for this,2025-08-25T04:29:48Z,0,0,en
UgyoPzvuEKlT2WvpG594AaABAg,@Setton1000,If u become CEO and kidnapp urself it counts right?,2025-08-25T01:38:06Z,0,0,en
UgyMomowGkvUXdnD4dd4AaABAg,@KabirTiwari-v9i,You guys have changed the title three times or is it just me :D,2025-08-24T20:51:36Z,0,1,en
Ugzd0k3_pHQqTkqN2rx4AaABAg,@snakeylps,21:00 conquering one country at a claim. Haha classic Germans,2025-08-24T20:11:05Z,0,0,en
Ugy0u1eyHeLn1SHceD54AaABAg,@Saber_Matrix,So apparently the character creator only has one setting: Breasts Enabled.,2025-08-24T20:02:02Z,0,0,en
Ugw6voywMGKvM9UZIaR4AaABAg,@Obamasdog,Why change thumbnail from idiot to genius 😂,2025-08-24T18:16:31Z,0,0,en
UgxXtOqVv6mN7u42iQB4AaABAg,@stoborking,12:45 was stereotypically German and you have to respect it,2025-08-24T18:09:59Z,1,0,en
UgyqwmM7_OASMNGO5514AaABAg,@alfrednoack-p8g,KanYe edit material???????,2025-08-24T17:35:53Z,2,1,Other
UgzVUpeEgWNOU9lHYfx4AaABAg,@Wya.j4yy,How to kidnap a CEO!? David baszucki you’ve got some trouble man look at what they’re saying 😂😂😂,2025-08-24T17:33:31Z,1,0,en
UgwqClZ7VWpxOcErvxt4AaABAg,@thanhvo4244,"what all the music
name",2025-08-24T15:16:15Z,0,0,en
UgyUPd4CqULEmgaKRKN4AaABAg,@I_V_X,"Blondy did not wait for him and that's for certain 
Unless this is some sort of fairytale",2025-08-24T15:16:05Z,0,0,en
UgzKidN_jE9d5f5eqb54AaABAg,@BorisBogdanowich,21:51 they quoted dexter absolute cinema,2025-08-24T14:52:11Z,1,0,en
UgxyBHuqGTmS_KFGJLB4AaABAg,@Spyridon17,probably the nicest kidnappers ever lol,2025-08-24T12:19:03Z,224,1,en
UgzXh7h9sbKB5lnxky54AaABAg,@Inprogress_of_newbeginings,Ehat would I have done in the 25 years between 1923 and 48 during those hard times 😢,2025-08-24T11:49:30Z,0,0,en
UgyRYPZNlDKVohmDtSl4AaABAg,@chiedit26,The thumbnail had idot😂😂but it's changed,2025-08-24T11:29:15Z,0,0,en
Ugxi_b6fZkN51U6JTdh4AaABAg,@rolienastrokap-pongers4699,How does this have 1m vieuws but 30k likes ? That means only 7% likes . Bro fell off,2025-08-24T10:59:36Z,0,0,en
UgzFpbXD2TFQu1FzRHh4AaABAg,@rolienastrokap-pongers4699,"Thanks for the tutorial ❤❤






💀💀💀💀💀💀💀💀💀💀💀💀💀",2025-08-24T10:52:14Z,0,0,en
Ugx9R4FAgJzvA4Cs0-V4AaABAg,@maxheadrom3088,"Nice video! Very well scripted.

So ... ALDI is the Walmart of Europe ...",2025-08-24T07:38:16Z,0,0,en
UgwWnvzTkik98vsEaAN4AaABAg,@lethalexponent6,Welcome to the watch list 😂,2025-08-24T07:22:20Z,0,0,en
Ugz8R8UOT95JyBZVS9J4AaABAg,@codeyy4L,Thumbnail from simplicissimus,2025-08-24T06:17:45Z,0,1,en
Ugyrw8E_qkIzoivCQKR4AaABAg,@Quazimo,"I feel like titling this a How to is crazy, but I love it",2025-08-24T05:04:25Z,0,0,en
UgwPJy6CuNjC3RzlM_N4AaABAg,@Cake-TV-Documentaries,ngu,2025-08-24T02:24:37Z,0,0,Other
Ugxz8d8MlCvNhfkTYrd4AaABAg,@ThirtyThree33,"I've had to hit ""do not recommend channel"" on three different A.I. channels this week trying to pose as you. Just an F.Y.I.",2025-08-24T01:58:09Z,0,0,en
Ugx2fzlp97FiVffZVYZ4AaABAg,@BrainNotReady,How to run😂,2025-08-24T00:22:51Z,1,0,en
UgzU5pWVHC08qshQDuF4AaABAg,@Among_us_real,Used to shop at aldis 🔥🔥🔥,2025-08-24T00:22:48Z,0,0,en
UgxNl71z4seQ9UzqU8p4AaABAg,@Foolish_eren,The CEO has a boss,2025-08-23T21:45:17Z,2,0,en
UgyZFWUtfDKUznHw8494AaABAg,@ISGBaby,I will watch this now and I’m going to be on a list (if I’m not already),2025-08-23T19:54:18Z,0,0,en
UgzXgMWzMGHrTqCZLfZ4AaABAg,@NateQStudios,why did you change the thumbnail and title it was the best thing ever,2025-08-23T19:14:59Z,0,0,en
UgyGLsK2QSOd78j2FY14AaABAg,@anthonypowell529,Can you guys do a video about jfk’s assignation,2025-08-23T18:37:02Z,0,0,en
UgwUfJVeDGbslIeV5Mp4AaABAg,@PodcastClips3798,We need more of these asap,2025-08-23T16:34:36Z,0,0,en
UgxiqoOOcUDLAqnxKLB4AaABAg,@VexSleeps_,Bad year to be a CEO,2025-08-23T15:41:43Z,0,0,en
UgyPSQ3e6hwOY2RMCkl4AaABAg,@JimJones-si3ge,"Let me guess, ThreeJS, right?",2025-08-23T13:15:06Z,2,1,en
UgzZDUXwtjDguEupdN54AaABAg,@ଅନ୍ତରୀକ୍ଷସ୍ପନ୍ଦନ,30:45 In their clothes? Why is the guy in a suit? Lol!,2025-08-23T10:46:22Z,5,0,en
UgwrYK30kVETaLJTCF94AaABAg,@jburde26,sooo… is this a topical tutorial or what…,2025-08-23T10:34:12Z,0,0,en
UgxfcE8T6Y0fEOK5Ds14AaABAg,@ଅନ୍ତରୀକ୍ଷସ୍ପନ୍ଦନ,The fucking press ruined everything!,2025-08-23T10:33:42Z,0,0,en
UgzPe4spWzrqPe3XGiJ4AaABAg,@ଅନ୍ତରୀକ୍ଷସ୍ପନ୍ଦନ,"I really wish Aldi entered India too, they would absolutely crush all supermarkets here.",2025-08-23T10:26:30Z,0,0,en
UgxGBYtFGuNU9QD0wEt4AaABAg,@ଅନ୍ତରୀକ୍ଷସ୍ପନ୍ଦନ,"They kidnapped the stingy one, lol!",2025-08-23T10:24:13Z,1,0,en
UgzH4Z3V3FNcPZZOa2F4AaABAg,@Asterlyte,Fern is our new lemmino,2025-08-23T09:55:06Z,3,0,en
UgyeNN508vEYGo8O9_x4AaABAg,@lyh01,"Terrible tutorial. Not only they got caught eventually, the actual kidnapping wasn't even shown.",2025-08-23T09:12:06Z,0,0,en
UgzsdkkwYo8PeGFgbwF4AaABAg,@Forevermade32,15:50 not gonna lie i live this channel but i can’t stand the seconds guys voice man 😭😭😭,2025-08-23T05:42:31Z,3,3,en
UgwxZWlQ8n-QfkKJnsR4AaABAg,@whophd,This video is a bit too slow paced?  Reminds me a bit of cable TV documentaries.,2025-08-23T03:13:31Z,0,0,en
UgxQzkzJv_8WaFuO3gx4AaABAg,@tntdog99,"with the title ""How to Kidnap a CEO"" you i got to watch it",2025-08-23T02:03:37Z,0,0,en
Ugw6ZDukc3hpQeJg26V4AaABAg,@Shesharboy9169,"To my FBI agent, this is just for educational purposes and nothing more.",2025-08-22T23:56:32Z,0,0,en
UgyHtdwq1A6xzDa5Ic14AaABAg,@Pioneer_rr,is it me or does the video keep getting renamed?,2025-08-22T23:41:22Z,0,0,Other
UgxgNgUxaiXDxIIdChp4AaABAg,@s.m.weathers7579,I’m cooking a steak to this right now.,2025-08-22T23:07:46Z,0,0,en
Ugx1IuGkyteHYW_9_554AaABAg,@cosmohunter4737,Thx for the info,2025-08-22T22:52:18Z,0,0,en
UgxK6kQGyYFD03XMc3t4AaABAg,@YTAnimatedCrimeScenes,"Think I've seen something like 'dumpest ceo kidnaping' before 
Thou it's a Mind-blowing documentary 😮",2025-08-22T22:07:30Z,1,0,en
UgwJ9ekooXBK8-HEV894AaABAg,@NithinJune,"it’s hilarious to think of trader joe’s as no frills and cheap 😂
that’s like the opposite.",2025-08-22T21:42:28Z,3,0,en
UgyR6_GZk7DiAcfef2N4AaABAg,@NithinJune,how the hell do yall pay for these videos 💀,2025-08-22T21:29:39Z,1,0,en
Ugw-ez0eJjmuzKLQTrx4AaABAg,@MagicalMasterMind,Thumbnail went from calling the kidnappers idiots to geniuses loll,2025-08-22T18:37:10Z,207,2,en
UgyGgHWknuelhqjhlvV4AaABAg,@IceyBoi69420,My honest reaction to roblox: (ts vid),2025-08-22T18:32:11Z,0,0,en
Ugy_kway14Z7VF995sZ4AaABAg,@SergioSantos-us9ce,Wish you has this subtitled :(,2025-08-22T18:01:48Z,0,0,en
UgywKzDwch_UTv4ryrR4AaABAg,@shadowlegendery,Is it your real voice ? Man how a German voice can be so calm and polite,2025-08-22T17:35:55Z,1,1,en
UgwV4ect4gy2tJcXeTF4AaABAg,@aditya_budi,Another badass intro. 🔥🔥🔥,2025-08-22T17:19:11Z,0,0,en
UgyyEYjTr_GRtgvz5FN4AaABAg,@sirkingjamz101,What are the little numbers in the bottom? Citations?,2025-08-22T17:15:18Z,1,0,en
Ugw4qAiXVx0lIKeniqJ4AaABAg,@thesuppresor,this video will look great on my history,2025-08-22T16:27:03Z,0,0,en
Ugw9-ZW6g8oHv3x0ObB4AaABAg,@The_kaizen8,"Wow, so cool inimation 😮",2025-08-22T15:40:32Z,1,0,en
UgwZQsw1h_8FCcGjKSZ4AaABAg,@jeffreylambert1792,"It's always a woman that blows the plan.  Want to get away, be gay",2025-08-22T15:40:17Z,0,0,en
Ugz3BxOcADyvB4a3-Gh4AaABAg,@free_shortvideo,"cannot decide, is this Aldi advertisement or crime show!!!",2025-08-22T15:25:00Z,0,0,en
Ugx7MboWb0EAXSKJxCV4AaABAg,@AkKhanzada-g1h,How can I make your type videos in free,2025-08-22T13:53:02Z,0,0,en
UgzmpYVQ5tbHKFbiu9x4AaABAg,@rmpll,21:50 tonightsthenight,2025-08-22T13:30:56Z,0,0,en
Ugy4ug4p1z3LJDMcdZF4AaABAg,@cerberus987,"anyone can tell me whats the name of the german song on intro 
fucking banger",2025-08-22T12:59:56Z,1,0,en
Ugxez8CD9-gn8J6bYwd4AaABAg,@ericwang6905,"Hi Fern, can you make a video out of The Uzbekistan Cotton Case",2025-08-22T12:12:43Z,0,0,en
UgyM76ad5E5W5nKx2aJ4AaABAg,@meepsoleruler444,Getting put on a watch list now…,2025-08-22T12:05:56Z,0,0,en
UgxZ1gCvqE9517Wsp854AaABAg,@cloudyrozie,can you make video about the underground city of Seattle? And other such cites ? I can’t find a good fern style video on these and I’m very curious about them ! I love your videos,2025-08-22T10:04:57Z,2,0,en
Ugxls4D9fsUUnm_GsgF4AaABAg,@krr1751,Neal Mohan xD,2025-08-22T07:11:49Z,0,0,en
UgzjqsT7c2fTf3mEB3J4AaABAg,@elfarcherdv,"I intended to watch the rest of this video on my own time... I don't intend to ever watch this channel again however due to your choice to change the title and thumbnail so shortly after releasing the video.
Actions like that are a poison to the YT community and I hope one day you realize that and quit this platform as we don't need trash like yourself.",2025-08-22T05:22:17Z,0,0,en
UgxrOO2_p0uTdst-qJZ4AaABAg,@woossassin22,ad: 6:53,2025-08-22T05:05:12Z,0,1,Other
UgypNb_I907r92rMmmJ4AaABAg,@MoazeCrime,It’s fascinating how the kidnapping affected not only the family but also Aldi’s business model. This is what I call a truly educational documentary  using a crime story to explain how a business works.,2025-08-22T04:38:12Z,23,0,en
UgzXFk7PfeORGQRKp1h4AaABAg,@MapsAndCaps,That progress bar on the odoo app mention is the only reason i didnt fast Forward through it. Very clever.,2025-08-22T04:24:36Z,1,0,en
UgwtlOfdRpLs5ryucxl4AaABAg,@Rejectsxx,MAFIA NEXT ?,2025-08-22T04:10:41Z,0,0,en
Ugz4BJ8jaYFBrSiqEiF4AaABAg,@ricedratiny7796,8 yrs for 7 mill not a bad deal,2025-08-22T03:18:34Z,0,0,Other
Ugxjd1O8qtzSiiu6agB4AaABAg,@dannycarrino5104,"Always loved Aldi. Now I love it even more. Cool
Story!",2025-08-22T02:34:39Z,0,0,en
UgwnvC-7B7hbmDHyzfh4AaABAg,@WaytogoforAI,Reupload?,2025-08-22T00:30:36Z,0,0,Other
UgznwV18gd89Woocvnx4AaABAg,@arturbieniek6360,"I watched this 2 days ago, the title and miniature were totally different, it was saying ""idiots"", now it says ""genios"" hahahah",2025-08-21T22:49:23Z,15,0,en
UgyXXdv25S_iOg0PmBF4AaABAg,@tachi7387,Title was changed,2025-08-21T22:32:11Z,6,0,en
Ugz1FkXpYlUFjB4idTd4AaABAg,@SnokeZ,"what a tiring video/timeline
you went from ""1971, this man was kidnapped, its now 1928, here is some info about something else, but also the guy was kidnapped in 1971, anyway we're back in 1945, but remember the guy was kidnapped so now it's 1971 again, but also now it's not that anymore and we're in 1950""",2025-08-21T22:16:21Z,0,0,en
UgzL28KViSeOj7xj4qx4AaABAg,@Whalester,"They need to make better thumbnails. It first read ""Idiot"", now it reads ""genius"". Makes literally no sense to change that, besides the fact that word would probably get more clicks.",2025-08-21T21:35:32Z,2,1,en
UgwCmFZOt9pdqD7CAwB4AaABAg,@shitelébauwf,Bro you need to change the subtitle! My FBI agent will think i want to learn how to do it! 😂,2025-08-21T20:00:56Z,0,0,en
UgwLGEypuo8wZ9w7c7B4AaABAg,@Jani1XY,I hope Blondy's model returns in the future. She looks very attractive.,2025-08-21T18:28:38Z,0,0,en
UgxfOnOgWWvRDX6auOR4AaABAg,@kaosumusic,i swear i saw this same video before with a different title and an identical thumbnail but it said idiots instead of genius..,2025-08-21T18:18:01Z,1,0,en
UgzFcdZwVc5Er9bVJ014AaABAg,@__ahughjass,"wait, didn't the thumbnail say ""idiot"" at first lol",2025-08-21T18:15:02Z,3,1,en
UgxhqhS6fXpKf7It6sB4AaABAg,@sttato,"Hey fern tv! I was going to ask, could you make a video on roblox child safety, I need to get caught up and I would love if you made a video about it",2025-08-21T17:09:15Z,0,0,en
UgxgWfMWZDZ9YJv64b14AaABAg,@ODIOPOWER,"Dude, stop changing the title...what are you, twelve ?",2025-08-21T16:47:19Z,1,0,en
Ugx7Rj3gIWuKo0D7_YJ4AaABAg,@AviTheOCODM,What about the CEO of Roblox?,2025-08-21T16:07:55Z,0,0,en
UgzlflTMqhlusux9ivx4AaABAg,@misslaurarh,How do we not know whether or not she waited?,2025-08-21T15:18:19Z,0,0,en
UgxGnoL7L2STvtHtd3x4AaABAg,@ducasx3094,Soooo is Aldi part of the private equity that bought you?,2025-08-21T15:06:50Z,0,0,en
UgwFy6kGcYgOVbRBBRl4AaABAg,@tabletennis3291,"did you change the thumbnail ??? I swear I saw ""idiot"" on top of the kidnapper instead of Genius. like two hours ago/",2025-08-21T14:50:18Z,6,1,en
UgyC7TxyJQrQx0bThu14AaABAg,@Trenmaxxing,i feel like i need to pay to watch this! insane editing,2025-08-21T14:35:51Z,0,0,en
UgxnvjQ7evkFbBOjlF14AaABAg,@DragonSenseiGuy,"The name went from ""The dumbest Kidnapping"" to ""How to kidnap a CEO"" to ""The Bizzare Kidnapping of Aldi's CEO""
edit:Added the third name.",2025-08-21T14:33:36Z,243,4,en
UgyGxRGw-BfqOH3--gd4AaABAg,@lovefrogsalot,I like the title,2025-08-21T13:37:48Z,2,0,en
Ugy6Xyuma29ZcsF1hnt4AaABAg,@Irishmanpw,Title went from calling them idiots to calling them geniuses 😂,2025-08-21T13:34:39Z,38,0,en
UgwhzzfM21VUB_zkAFh4AaABAg,@DIGPodcasts,"Yall Renamed the video Fern?
Im pretty sure the original title was
""The Wierdest Kidnapping in History"" ?",2025-08-21T13:07:07Z,6,1,en
Ugyi20ALglRa3wurRz14AaABAg,@zhye5588,Thanks fern for another banger.,2025-08-21T13:03:46Z,0,0,en
UgwLPdG8L8V_Rc_IYrx4AaABAg,@joebaker4116,"1:41 Wes Anderson want's to know your location.  Seriously though, the production on your videos is excellent!",2025-08-21T12:59:01Z,0,0,en
Ugw50dKfmv2j5DtvVOB4AaABAg,@colbyalbrecht5168,Why am I just seeing this lmao,2025-08-21T12:50:30Z,0,0,en
UgyIR3rLDHtzR-XUK_x4AaABAg,@abdullahumar4482,Noted ✍🏻,2025-08-21T12:14:00Z,0,0,en
Ugx1s2Vqus0Uiw5BQPB4AaABAg,@sparkaswisharight,9:28 used to shop at albrecht 💔,2025-08-21T12:11:59Z,0,0,en
UgwySOpFl8jr-par-714AaABAg,@salt-emoji,How about we just execute them Luigi style.,2025-08-21T11:56:16Z,0,0,en
Ugwunhrb8-dj8hoEcH54AaABAg,@sibyalias7658,"21:51 tonight’s the night.
🗣️ it’s over…",2025-08-21T11:51:10Z,0,0,en
UgxC8hBuPaAwTv5Pvo54AaABAg,@TheLegendSpeaks,So many copies of this video and i m not sure who is the actual content creator,2025-08-21T10:28:17Z,0,0,en
UgxLBuhvqCl8fJ2xZO54AaABAg,@TheChrisLeone,THEY CALLED HIS WIFE? The night BEFORE? WHAT,2025-08-21T07:58:26Z,0,0,en
Ugw07WFi7zpvee5qDSB4AaABAg,@MsmdjesmNfkemndk,This really stood out.,2025-08-21T07:05:56Z,0,0,en
UgzI2SKccI4WT5pg5FN4AaABAg,@WeaselKonig,The intro felt like one from a weird knockoff bond movie. Loved it.,2025-08-21T04:26:01Z,0,0,en
UgzcUDUkda1hiQtTmBB4AaABAg,@jme.147,youve changed the title name,2025-08-21T03:19:51Z,1,1,en
UgwXR3XAAQwN0L-W-ZR4AaABAg,@NateQStudios,1:04 does anyone know the song or does it not exist,2025-08-21T03:02:42Z,1,0,en
UgxANDr8roZhRVEjnEF4AaABAg,@xelefonte,"(20:54) *”Conquering Europe one country at a time.”* fern, I don’t think that sounded well at all. Germans conquering Europe one country at a time does not have a good historical precedence to it. fern probably shouldn’t have put it that way.",2025-08-21T02:45:22Z,4,1,en
Ugwbb9hTfVhbm5PyC6R4AaABAg,@diveintomonza,aw man i really wanted to know if Blondy actually waited for him or not,2025-08-21T02:35:09Z,0,0,en
UgyiqIqissI1EdEPnHd4AaABAg,@believeinpeace,Very sad,2025-08-21T01:55:17Z,0,0,Other
UgyNkR8SrHgmS0RS4zB4AaABAg,@server1ok,"100 k D mark was 50k USD at the time and approx. 200 k USD in 2025. Not an insignificant sum to get in cash. The later sum is 14 mil USD in 2025, you can't move that without a loaded car.",2025-08-21T01:52:03Z,0,0,en
UgwUWk656DaFQEBtuyp4AaABAg,@asimadhikari1103,using squid games theme song in the background is crazyy!!!,2025-08-21T01:37:40Z,0,0,en
UgxyfYifHOHrseN7JZ94AaABAg,@DataJuggler,0:53 All the Aldi's near me closed real quick. They couldn't compete with HEB in Texas or Kroger.,2025-08-21T01:08:31Z,0,0,en
Ugwom0sP6t1A2xlZDEJ4AaABAg,@FRL2000,The anti capitalist screed at the end is ridiculous,2025-08-21T00:52:04Z,0,0,en
Ugz__V7fyLFeb7tYdpV4AaABAg,@WestCoastAce27,"Great storytelling, mixing in the co lore. Never knew Trader Joe’s here in SoCal was GER. 

Weird they didn’t force him to take them to the ransom money.",2025-08-21T00:50:24Z,0,0,en
Ugxp4Nww0cmz2deixf54AaABAg,@P_Jason,Why do all the cartoon men have breast? Is that a German thing?,2025-08-20T23:21:52Z,0,0,en
UgxZPhSYh-z2-t1RjOF4AaABAg,@GooFaceBaby,"Mrbeast’s next video is going to be something diabolical it is going to be something like…
“100 kids vs 10 of the worlds strongest men!”
Just watch",2025-08-20T22:35:10Z,0,0,en
UgyJ7pJypyNusRAIQKx4AaABAg,@FRM101,"I've grown up in the US, and have lived in and/or visited dozens of states. I've seen plenty of Trader Joe's, but never an Aldi store.",2025-08-20T20:41:26Z,0,1,en
Ugw_EjNCWaqRuNwy0tJ4AaABAg,@FRM101,they went the opposite of rock bottom prices with Trader Joes 😂,2025-08-20T20:28:46Z,0,0,en
UgyijZAPPTP_QBaqmuh4AaABAg,@scottessery100,Aldi in the uk 🇬🇧 isn’t cheep any more… and Lidl is better,2025-08-20T20:01:51Z,0,0,en
UgzxzSfrXbdmfrwsIe14AaABAg,@scottessery100,20:55 oh Germans can’t help themselves,2025-08-20T19:57:22Z,0,0,en
UgzpY-ilSn-FC5gJNgJ4AaABAg,@Lecher420,Used to shop at Aldi's,2025-08-20T19:20:55Z,2,1,en
UgxVhosUZd2vGCtEl1Z4AaABAg,@kvrm_,aldi süd > aldi nord,2025-08-20T18:51:14Z,0,0,Other
Ugw4Rk5xmpbIaOnaVGZ4AaABAg,@shortanimaldocumentaries-f2c,Man your storytelling is off the charts...only thing missing is a sponsorship from Aldi...this wasn't just a documentary about kidnapping...it also the story of Aldi.,2025-08-20T18:22:47Z,2,0,en
UgxY2Tv1ltBOH263-mx4AaABAg,@freedom_explains,https://youtu.be/K-iNDf7Ir5M?si=uOtkUhdBqsjVJhSY,2025-08-20T18:09:56Z,0,0,Other
UgzRlc_2chOXa2ji_MJ4AaABAg,@freedom_explains,https://youtu.be/K-iNDf7Ir5M?si=uOtkUhdBqsjVJhSY,2025-08-20T18:09:44Z,0,0,Other
Ugwr67nnrGY6BSIbf1t4AaABAg,@Liamcohen-f2m,"It’s awesome how you guys make such high quality animations from your armchair, i really love your work.",2025-08-20T17:51:50Z,1,0,en
UgxQusfyCs5h6vwaZ0x4AaABAg,@NeesyPlaysGuitar,"These title changes got me buggin, man",2025-08-20T17:40:20Z,0,0,en
Ugw_2lEutCAsjCzMC714AaABAg,@davieduckett,What makes this the weirdest kidnapping in history? The only weird part was the 20 minute Aldi commercial mixed through your kidnapping story.,2025-08-20T16:53:12Z,0,0,en
Ugx2QC21vPUPFsPXK2t4AaABAg,@IF_YOU_ARE_READING_THIS_VI_VON,"always fun figure out quickly which one is AD segment, today was a tricky one",2025-08-20T16:11:41Z,0,0,en
UgyXof78U4JfXXEHKYB4AaABAg,@tannergribbin2982,"Sad to see this channel losing its detail, hell even at 16:46 the “German” undercover officers are shown wearing a bullet proof vest with an American Flag Patch… small detail, but I mean how did you not notice the Stars and Stripes?",2025-08-20T15:54:18Z,2,0,en
UgwnvPUthRxUZDfhrP54AaABAg,@theboyyt5243,The title of the video changed.,2025-08-20T15:34:51Z,1,2,en
UgyH7UepZYdxF3Hbw-p4AaABAg,@Karin-oe9dz,How can they hear without ear,2025-08-20T15:09:44Z,0,0,en
Ugz5Sa1Q3nscnLVdcf14AaABAg,@kjw79,"Wrdst kdnpg n hstry, 
(More German efficient title with no vowel frills)",2025-08-20T15:02:14Z,0,0,en
UgzPucgVnS7052plAjF4AaABAg,@mohammadabusayed1812,What is that song at the intro 💀,2025-08-20T14:52:50Z,1,0,en
UgxZ-SV-XLNYpZvtH1Z4AaABAg,@izinexus,Bro was given Aura kidnapping in a Mercedes 😅,2025-08-20T14:43:06Z,1,1,en
UgxHfoatAb80LAUZozN4AaABAg,@obsidian1453,GUYS PLEASE follow the rabbit hole of who funds this channel.,2025-08-20T14:41:55Z,0,1,en
UgzEJGM1uCc_D6rLILB4AaABAg,@hillarypizarro186,Blondie would’ve LOVED Britney — she must’ve been jamming Criminal to the bank,2025-08-20T14:26:58Z,0,0,en
UgzoNcCzVxEkTO6-WaF4AaABAg,@S1nGuLariTY_,Why does all of the guys in this video have boobs?,2025-08-20T14:10:52Z,1,0,en
UgxkeEw-OMPhmMxReR14AaABAg,@asb2106,"""a cramped 4 meter squared"", thats 12x12 feet, thats bigger than some NY apartments.  IDK about calling that cramped, especially back then",2025-08-20T12:49:08Z,0,0,en
UgwibWzZ1MZLA5Y5bYd4AaABAg,@Vaultrelic,"This kidnapping is so bizarre it feels more like a movie plot than real life, truly one of the strangest cases eve",2025-08-20T12:48:11Z,858,2,en
UgyAHTT4wwgsVJYVuHh4AaABAg,@n76543,ok,2025-08-20T12:01:38Z,0,0,Other
UgzIbH7Zk6uo38tXPpJ4AaABAg,@Kianfada2006,21:51 dexte..,2025-08-20T11:52:40Z,0,0,Other
UgzaxRRN4dmbHy4aqVJ4AaABAg,@freshwatchesalotofyt,I love when a criminal is stupid,2025-08-20T11:25:38Z,0,0,en
Ugxmzcha46jva-XOF1R4AaABAg,@FloppyFighter,"The real question is Aldi Nord or Aldi Süd



If you know, you know


They use the same logo except in Germany, but Aldi Süd is bigger (worldwide I think), 
Theo Albrecht - Aldi Nord.
 Karl Albrecht - Aldi Süd",2025-08-20T11:24:42Z,0,1,en
UgyR2vkm8nF2PLXj3814AaABAg,@miha737-y5y,first time mr fern swore??,2025-08-20T10:32:12Z,0,0,en
UgyzTUjOQDNyTB25PRF4AaABAg,@Itz_e67,ONE OF THE BEST CHANNEL IVE PROBABLY WATCHED,2025-08-20T09:45:17Z,0,0,en
UgxQZsxk_bL4zlc4oyp4AaABAg,@VEXcha,This was the best documentary so far.,2025-08-20T08:35:45Z,1,0,en
UgzzT5aoAZhNykbcvwF4AaABAg,@Moonstone-Redux,Every time I hear about how people leave stuff out at room temperature I always have to remind myself most people don't live on a tropical island where the uncooled room temperature is 30°C,2025-08-20T08:23:17Z,1252,14,en
UgycDsU4F3pq5Boqldx4AaABAg,@PaybackProtocol,"Dude, it’s so good this vid",2025-08-20T08:17:50Z,0,0,en
UgwGWy-EXyu2PACyGbN4AaABAg,@axellludvic3490,"If it's one observation I have, the storyline is not consistent mid way you talk about Aldi as a company plus the timeline of it's expansion. This could have been summarized at the intro.",2025-08-20T08:17:37Z,0,0,en
UgyDlFZCFuCLVvRWF9J4AaABAg,@Cipwher,At least they tried 😂,2025-08-20T08:03:10Z,0,0,en
Ugw06BU8cuHvHyhQ8xd4AaABAg,@schizostewie,fern i love u,2025-08-20T07:54:09Z,0,0,Other
Ugxa2C-qDTP4HiW66gt4AaABAg,@Amonimus,Are theybidiots thoughs?,2025-08-20T06:46:33Z,0,0,en
UgwjAcNw4p_-bJDXZmN4AaABAg,@blackhawks9763,What an incredible video!,2025-08-20T06:02:41Z,2,0,en
UgzVMFxvsHerWV8qVJF4AaABAg,@garrettbridges4776,Isn’t fern owned by private equity,2025-08-20T05:05:44Z,0,0,en
Ugx4SfYN447fu8Le5Wh4AaABAg,@worldoffood123,Ultra rich CEOs don't deserve your sympathy.  They've spent their whole lives stealing from everyone around them. They're the reason people are living paycheck to paycheck. Kidnappers did nothing wrong tbh.,2025-08-20T04:35:50Z,0,1,en
UgweTvBK10F5hrm-UWB4AaABAg,@MinuteWonderOfficial,Everything is perfect and consistent,2025-08-20T04:35:12Z,0,0,en
Ugx0b5jarEeeF_EuY6B4AaABAg,@mambisa1312,"Only a few things are worse, than a stingy rich person.",2025-08-20T04:34:55Z,0,2,en
UgzPyalgWrYBt9TZWmt4AaABAg,@mambisa1312,This is Looney Tunes levels of zany. Where’s the road runner? Was the butter ACME brand?,2025-08-20T04:23:38Z,0,0,en
UgwbBxRNywb57GDTEtF4AaABAg,@JSnpn64,I swear the title of this has changed so many times,2025-08-20T03:58:57Z,0,0,en
UgzqNCHg_XAA_rWHbEF4AaABAg,@JamesKonzek-xr5zy,Germans are creepy. I mean they are creepy. Like Norman Bates creepy.,2025-08-20T03:54:47Z,0,0,en
UgyBLxhi7zZddXjVqu94AaABAg,@reja1241,Content OP,2025-08-20T02:35:58Z,0,0,Other
UgxClJC9U3tWsBdzDbV4AaABAg,@uPilot,So inspiring!!! Thanks for making this,2025-08-20T01:53:59Z,0,0,en
Ugxh5DKqfZyrJl14p3B4AaABAg,@Map_of_Your_Head,why do all the mannequin have tits?,2025-08-20T01:19:00Z,0,0,en
Ugxyr2Qlf1QI8q1131t4AaABAg,@Map_of_Your_Head,ive been to one (1) aldi. never again. the place was disgusting,2025-08-20T01:12:26Z,0,0,en
Ugxl3cSgHgxZvivNDv94AaABAg,@XRventures,This is a movie🔥,2025-08-20T01:01:38Z,0,0,en
Ugxi5axMxP8_y6o92WF4AaABAg,@spookykitty2327,They really are idiots. They could've gotten rid of two leeches and been Luigi-level heroes.,2025-08-20T00:39:51Z,0,0,en
UgxToX33zSNYUQnJQm94AaABAg,@Poofy3999,"ALDIS, PAPA JOHNS, CHOCOLATE MILK, PENTHOUSE POPCORN, QUICHE!!",2025-08-20T00:32:42Z,1,0,en
UgySDUe-TY9H2I2B2bN4AaABAg,@dirkxen9369,👽,2025-08-20T00:27:56Z,0,0,Other
UgxSHRcczzTvh5LzAyB4AaABAg,@opcassidy0679,nice voice crack at 24:33,2025-08-19T23:36:12Z,0,0,Other
UgzJevRe_6hSz3tjdHx4AaABAg,@IceIsaax,"Hey @fern-tv, love the channel 
What would you're design team advice a young guy figuring their way through the infographics niche under graphic design? Thank you",2025-08-19T23:21:13Z,1,0,en
Ugx9iRcgHHLjKRjNUbN4AaABAg,@LerrySanders,Its always weird when YTers change the titles of their videos,2025-08-19T22:56:39Z,0,0,en
UgyvQcCS1rVv96WSjfl4AaABAg,@Greg073,"I really like your content. Sadly, now we are getting the in video ad plus YT ads every 3 mins of the video. Really a bummer. Hope that changes.",2025-08-19T22:42:00Z,0,0,en
Ugx3rTYatGTCDKNuBtl4AaABAg,@SkystruckOnline,"Wow an ad thats not a scam, from a company owned youtube channel. Surreal.",2025-08-19T22:28:37Z,0,0,en
UgyYbXskh9VP1gJnr-d4AaABAg,@sosaxx7303,Fern is the goat,2025-08-19T22:17:20Z,0,0,en
UgzT9gNry9RBb7XffjZ4AaABAg,@Chase.Something,First title didn’t get enough clicks 😅,2025-08-19T22:06:00Z,0,0,en
UgyLNm6lCP8ZIz0tyq94AaABAg,@IhateGtaIhateGta,W content,2025-08-19T21:31:29Z,0,0,Other
Ugyr_AHz6IQM6ffx1Xh4AaABAg,@blitzerfuse,used to shop at aldis,2025-08-19T21:05:49Z,1,0,en
UgwNRMmMq2gNzVHp0ul4AaABAg,@FATPOODLEZ,30 years is CRAZY 🫣,2025-08-19T20:56:02Z,0,0,en
UgxRxH_S562bnG4Dvnl4AaABAg,@ALLrobotsAreSad,"Not a fan of the music. Too distracting, too loud, and unnecessary",2025-08-19T20:34:57Z,1,1,en
Ugz9Q6UBXgMlKumZskF4AaABAg,@hend0wski,"Damn, Blondy bad asl tbh",2025-08-19T19:58:00Z,1,0,cy
UgxoRcHYQls1bQV0uSV4AaABAg,@Ra3sssWorld,I really enjoy Fern videos and the intro for this one was so exquisitely done however I felt the video would jump too much between times and events. I had to rewind some parts and relisten. Regardless this youtube video is done so well.,2025-08-19T19:23:41Z,1,0,en
Ugx7MuoggRqDCzgWoN14AaABAg,@1994CPK,I loved this Aldi commercial,2025-08-19T19:21:19Z,0,0,en
UgyeXaRguObWwwGCqVV4AaABAg,@handle5309,Was this an advert for Aldi? 😂,2025-08-19T19:10:48Z,1,0,en
UgxdCVIK-2K1oKLqM954AaABAg,@flaccidpen,Women will always ruin you.,2025-08-19T19:00:34Z,0,0,en
Ugyj1ZtOoy3-O1vxhVx4AaABAg,@powertothesheeple5422,"So many people think Aldi is this revolutionary store, but the reality is, it's just the brainstorm of a cheap, penny-pinching CEO that wanted to maximize profits without spending any money doing it. Saying he would write off his kidnapping says it all.",2025-08-19T18:25:34Z,0,0,en
Ugx7srPuvOWJ_pKksLN4AaABAg,@valerielamarre8360,he is a German jew. Stingy with a lot of rules.,2025-08-19T18:02:29Z,0,0,en
UgzQWWVG-B7co0DLpA14AaABAg,@VivatChristusRex_33,Getting real tired about the video quality comments. Like dawg we get it. Are you going to keep repeating the video quality to oblivion or actually comment on the video’s subject?,2025-08-19T17:43:46Z,0,0,en
UgwRKSSnofWrg4Vn3N14AaABAg,@valerielamarre8360,"This is very funny. They rolled their hostage in a carpet.
They dint know what they where doing.great video!",2025-08-19T17:43:18Z,0,0,en
Ugz9u1GCO0yAHIlQzEh4AaABAg,@DigitalicaEG,"5:19 they had him watch VR under captivity, how horrible.",2025-08-19T17:02:00Z,2,0,en
Ugw0LnzHI76WXR7mv7N4AaABAg,@ry2thepoint,No idea why. But Aldi makes me feel uncomfortable. Does anyone know why? I hate when things feel off. But I can’t exactly pinpoint what’s off,2025-08-19T16:22:44Z,0,2,en
UgyWaUV72k74kcxF3JZ4AaABAg,@elliotludwig7487,Literally some weeks are so tight that Aldi is the only thing that gets us through to the next pay day,2025-08-19T16:15:45Z,0,1,en
UgyNNBVxFc0v9FTGAhN4AaABAg,@thomas.reading,What a nice and extensive Aldi commercial,2025-08-19T16:05:37Z,0,0,en
Ugz1WJ5yfC6J3lLsOqh4AaABAg,@rnrn7127,"Hats off to these story-telling, animation, production and research skills!
That's some different level thing you do here!
Congrats!",2025-08-19T15:21:08Z,0,0,en
UgyZEp6VXNwTua6Wk7F4AaABAg,@offpassive,"For any professional animators - I'm curious, how long would it take you to animate this video. It's amazing - to me.",2025-08-19T15:13:07Z,1,0,en
UgxGstGlq0X1bT96mfJ4AaABAg,@Games-yc6ge,"Hey Fern, Could you make a video about the diamond heist in Antwerp? It’s really interesting",2025-08-19T14:06:14Z,11,0,en
UgzuASKlrW6_VSJJg214AaABAg,@computer135,This a phenomenal channel,2025-08-19T13:57:13Z,0,0,en
UgyKsEl0Jvv_ag_15KV4AaABAg,@JoelAnth0ny,Title change made me click I guess lol,2025-08-19T13:55:53Z,0,0,en
Ugwns-kpWgxudvFbbHN4AaABAg,@morkovija,quality content once again! Thank you,2025-08-19T13:53:31Z,0,0,en
Ugzf3Gp1WyIYYEKEcz14AaABAg,@tomcat5284,"I don't get why they don't have faces, we know what they looked like.",2025-08-19T13:52:39Z,0,0,en
Ugx4TENvkIZ7f5Eef614AaABAg,@Adzsss,That Leclerc was a snitch,2025-08-19T13:20:03Z,0,0,en
UgzPxh8EtWosjWd7jzd4AaABAg,@esteflowesteflow,This vídeos are ALWAYS à master piece,2025-08-19T12:59:56Z,0,0,Other
UgycevQ7krnfQbqH7Ox4AaABAg,@JoshuaSangalo,can u add like eyes mouth nose to make it realistic,2025-08-19T12:43:25Z,0,0,en
UgxB-Gd03_WU4BKPd3V4AaABAg,@BLGaVeryFlyGuy,You’re forcing your voice to sound like you’re talking with it full and I’m pissed you changed the name of this video since XQC saw it.,2025-08-19T12:32:09Z,1,1,en
Ugx8x6EXx49L_mcXBTJ4AaABAg,@Mateusz-720,I just watched a 30-minute Aldi ad 😂,2025-08-19T12:22:45Z,1,0,en
UgyDCqWi1BA2PklNdKB4AaABAg,@acapellas4remix,Hanne looks like every second girl on afterparty,2025-08-19T12:21:43Z,0,0,en
UgwUC3AIa9NAVExSDaZ4AaABAg,@Admiral_Kris,Why would you even make this video if you dont know if blondie waited for him or not!!! THATS PART OF THE STORY!!!,2025-08-19T12:06:32Z,0,0,en
UgygTSkrkwAeDzxbDzJ4AaABAg,@Chief_is_fine,24:30 ✨🥀voice crack🥀✨,2025-08-19T12:02:54Z,1,0,Other
UgzHh1RuIQ5LbirmS_14AaABAg,@vShxde3,"They got caught cus they didnt leave the country and more importantly didnt wash the money… yikes. All that work, good execution, just to choke after the job is “done”",2025-08-19T10:50:03Z,1,1,en
UgzBh01QiQHQsI1_oTB4AaABAg,@Themain1ofall,BLONDIE definitly waited... Just because of the money he promised he hid... and not for love lol,2025-08-19T10:36:46Z,2,0,en
UgyRGPvnDm12u-63aWV4AaABAg,@Volteer,3:48 Deutsche Saul Goodman,2025-08-19T10:02:57Z,3,0,Other
UgwH6OPsLLOIP0qQCYp4AaABAg,@RiyadMahrezIsTheGoat,i used to shop at aldi,2025-08-19T09:44:14Z,2,1,en
UgxUs_JXNHJnI1E6rsR4AaABAg,@zoro2Real,W,2025-08-19T09:11:26Z,0,0,Other
Ugzt4ldw6njNTetkB2p4AaABAg,@teeess9551,"""We may never know"" is an interesting way of finishing the video by saying you didn't do enough research.",2025-08-19T09:05:07Z,0,0,en
Ugzj2eFi-_Kc3Qz2X2x4AaABAg,@FETUCHINIXC,Used to shop at aldis,2025-08-19T09:00:15Z,1,0,en
UgxNneDLc36W1g88TxR4AaABAg,@martinherfjord8766,Always starting in present tense with «This is…»,2025-08-19T08:50:50Z,0,0,en
Ugx4YBLG0tkRCbbb1DV4AaABAg,@leakedthrone3155,"ALDI, Good…Different…",2025-08-19T08:48:43Z,0,0,Other
UgxGy_5YuSueto-B3jN4AaABAg,@LKLM138,"They can never open a store In Finland. Lol. We are little bit too slownin our movements by design.
I'm not visiting your store if there's no room To pack my groceries. Lidl had To extend the packing are In Finnish stores.
Also we have very strickt rules for running business. Half of that shit would not fly.",2025-08-19T08:23:12Z,0,0,en
UgwxY9AswBhrlpEJcT94AaABAg,@rahul9704,The only thing I wanted to know in the end was whether blondie waited for him,2025-08-19T08:08:21Z,0,0,en
UgxBUOzC-RwDyjVKh7d4AaABAg,@bharatchouhan7227,your intros are getting me🤣🤣,2025-08-19T08:00:44Z,0,0,sv
UgzzFc22tg5EpQGWdpp4AaABAg,@MarkLaw13,"Envious bitches man. 

Hell has no Fury like a woman's scorn.",2025-08-19T07:30:47Z,0,0,en
UgzAjWO1TR85Nv_afqd4AaABAg,@37_saku,I used to shop at aldi 🗣️🗣️🗣️,2025-08-19T07:24:44Z,0,0,en
UgzuyJc9wv2XXGKf-rh4AaABAg,@AnotherAnimator,"used to shop at Aldi 💔 ts so  peanut butter peanut house it's not cheddar it's 67 Labooboo Kanye he made graduation 🎉😂😂😂😂🎉 damn is! 🥀🥀🥀🥀🦐🦐 

(p",2025-08-19T06:45:35Z,0,1,en
UgxrNDn03M8NPhPXw2V4AaABAg,@LynnQartii,This is hands down the best channel on YouTube by far. Thank you so much for your quality videos 🙏,2025-08-19T06:24:37Z,0,0,en
UgzSV9KdNLKYBCMoq6N4AaABAg,@isiahchurch3227,Why’d you give everyone tits?,2025-08-19T06:12:01Z,0,0,en
Ugyo8zcq0iSJO7X8qAd4AaABAg,@skitty2,I used to shop there 🤔🤔 quiche peanut butter,2025-08-19T06:09:02Z,2,0,en
UgysCfnZKZArPjT4uYJ4AaABAg,@jakeharam4291,This was awesome. Would love to see you all do a video on the life and (presumed) death of John Mcafee,2025-08-19T06:02:29Z,0,0,en
UgxrsGAR2slkixUL_pR4AaABAg,@calloutcah,"i worked at aldi and it’s nothing like you describe. my manager doesn’t gaf what we do and barely anyone comes in, it’s never crowded. but it’s right next to a heb and walmart so",2025-08-19T05:55:52Z,0,0,en
UgzdGuIz0ERIWZFkTK54AaABAg,@ArafathSourov,স্ক্রিপ্টটা পাওয়া যাবে?,2025-08-19T05:50:10Z,0,0,Other
UgwQbbMpQnK8abIhMYV4AaABAg,@TheIRSWillNeverCatchMe,Mission impossible ass level of introduction animation 💀💀💀,2025-08-19T05:36:49Z,0,0,en
Ugxxy3rHaWSmRp7rrSN4AaABAg,@Sher_manVR,Still waiting for yall to come over to the west cost so I can play haha,2025-08-19T05:04:13Z,0,0,en
Ugx-KN5hUOPql7OaQnN4AaABAg,@ChaosDarkLight,Smugalana needs to react to this one.,2025-08-19T05:00:22Z,0,0,en
UgwAmoZaySSkLKhbzKJ4AaABAg,@pb4evr,This production quality is absolute cinema.,2025-08-19T04:56:25Z,1,0,en
UgyVGNlKk7n474QcVW14AaABAg,@nonono22-y3q,This AD in form of a video is better than the usual ads,2025-08-19T04:40:25Z,2,0,en
UgwaEk94d2wW8hZON294AaABAg,@tobybartlett8449,I really like how this channel does credits,2025-08-19T04:36:26Z,0,0,en
Ugz9ZITtd0YA4-xf4xB4AaABAg,@CalebOliver,"Really well done video! I really like in the intro how the elements were floating, but then they came together to one cohesive picture. Great work Fern! I’m glad I became a fan recently! 👏🏾👏🏾👏🏾",2025-08-19T04:24:25Z,0,0,en
Ugxkl0Hk_qdt1QyU2wt4AaABAg,@noah.creative,24:31 not the voice crack haahaahah,2025-08-19T04:02:44Z,0,0,en
UgyWEs9F5XYRpPro9Rt4AaABAg,@noah.creative,i just ate my lunch to this video thank you ahahha,2025-08-19T04:01:32Z,0,0,en
UgwHwe_SvmkMeRJCTXV4AaABAg,@bshara,Hanna looks very scary :)),2025-08-19T03:44:58Z,0,0,en
UgwlxnryY-_1SSmSWZJ4AaABAg,@Jgcr1377,Who is the boss of a ceo,2025-08-19T03:30:45Z,0,0,en
UgyNOmEpOatK1cstWRN4AaABAg,@LeeSophie01,Is this a reupload or am I hallucinating?,2025-08-19T03:13:46Z,0,0,en
UgyBg4BD4-4NOuIsiaB4AaABAg,@Grimmes12,I go shopping to Trader Joe's all the time around the corner from work,2025-08-19T03:03:13Z,0,0,en
UgxKf1tVJapOA92ZONN4AaABAg,@tarinjones3026,ah heck yeah Little Fugue in G at 17:55,2025-08-19T02:15:49Z,0,0,en
UgzvZJlv6fM-FzwX8mF4AaABAg,@MichaelKirk-p2k,I just watched another Aldi ad. Aldi has taken over the internet with astroturfing marketing. Fake real.,2025-08-19T01:49:27Z,0,0,en
UgwmJCvb3EJ0bkDLxQ14AaABAg,@nesoul_ye,Used to shop at ALDI 😰,2025-08-19T01:11:21Z,2,0,en
UgxNR7w4dH0k1N9bHlJ4AaABAg,@toadacrosstheroad,"Yall put so much effort into these videos, animation and narration is amazing as always. 

These stories would do numbers whether or not you did the animations, but the production quality truly makes the watching experience phenomenal. I normally only watch YouTube videos in the background, but I find myself unable to look away from these.",2025-08-19T01:08:13Z,0,0,en
UgxI3T6dNXvRRLKwLEx4AaABAg,@chapo3992,"Your title sucks, you should redo it immediately. (read quickly)

I felt annoyed when I clicked your video; Annoyance should not be what people feel when they click your videos. I recommend renaming the video: How a lawyer kidnapped the CEO of Aldi. Just change the title please. 

I promise you'll get more views doing it that way; That happens to be the meta rn.

I love your content, just fix how you label them, cause you guys are selling yourselves short. 

With love 
Jonas",2025-08-19T01:01:37Z,0,0,en
Ugz9JYJO4k1vfSTX3wh4AaABAg,@knightry_,Who's voice is at 11:42 its on the tip of my tounge just can't remember,2025-08-19T00:40:43Z,0,0,en
UgyXCxs9LAYbEep-nJh4AaABAg,@FoenemOnTopDoj,"24:30 Don't act like we didn't ear that voice crack... (Love your videos, keep up the great work.)",2025-08-19T00:36:37Z,0,0,en
UgxuBe8B8tLIVCrGdDZ4AaABAg,@FrostBitn,31:05 Surely you mean 12 PM?,2025-08-19T00:28:50Z,1,0,en
UgyYoQTtTvR7ABLeUCZ4AaABAg,@uurk5lo4,"👌👌👌👌Brilliant way to blend a business model with the kidnapping! 

The is a must show to 15 year olds!👍

Please make more of these videos!",2025-08-19T00:26:02Z,0,0,en
Ugyui0ky0MF9d2oUDaF4AaABAg,@SilentKatt,Taking a 💩 at Walmart all the while,2025-08-19T00:14:20Z,0,0,en
Ugw8q-tJnJLSQsvdJyx4AaABAg,@RealBeru,This was worthy of my dinner,2025-08-19T00:05:16Z,0,0,en
UgzPYefuKShmygXRM5N4AaABAg,@Kingwishj,Start digging in yo butt twin,2025-08-18T23:51:35Z,0,0,Other
UgyDpZjzd7DTrhZWdUV4AaABAg,@Helmatfr,21:51 and it will happen again,2025-08-18T23:29:13Z,0,0,en
UgzjpIJhKviAFNa9vnZ4AaABAg,@Helmatfr,The Wes Anderson vibes are so peak 🔥,2025-08-18T23:10:58Z,0,0,en
UgzJY2Isv8etUGtZKhV4AaABAg,@MohCars_,"My mans is in a 300sl. Nice, a man of taste",2025-08-18T23:01:24Z,1,0,en
Ugy64jhRyfCJzdS7THV4AaABAg,@skippy8288,I want to post because ive seen it advertised here a lot. Odoo is a terrible platform for ecommerce. I used to develop for them and that platform is so buggy and broken that I would rather have built from scratch,2025-08-18T22:56:53Z,0,0,en
UgxVXtSaDWnVzSCUTOx4AaABAg,@william54378,The vanilla train rails that these types of modern games sit on are honestly abusive to my senses at this point,2025-08-18T22:30:37Z,0,0,en
UgwZuTEYCLj-h4pcx9t4AaABAg,@altimotheus819,My birthday's tomorrow. Just thought I'd share.,2025-08-18T22:16:56Z,0,0,en
UgxlLAoadKrUOsRPs-J4AaABAg,@kiwioffgrid2437,"Aldi lock up their Rubbish Skips, often full of outdated/ still edible foods, so that the poor can't ""dumpster dive"".

Aldi did help to keep prices down however it was not to benefit the poor, rather a business model to help themselves to become incredibly wealthy billionaires.

Aldi really is a disgusting business model extorting the manufacturers for their own gains.

Sadly this model works as more and more people are suffering financially. 
The more people suffer, the wealthier these globalist psychopaths become.

The evils of the corrupt and manipulated monetary system.",2025-08-18T21:45:08Z,2,0,en
Ugxq41lW9EIbIBruCyB4AaABAg,@MichalWasTaken,Kanye used to shop at ALDI,2025-08-18T21:26:18Z,0,0,en
UgyNILfHCj12KsaI-eR4AaABAg,@ayaan5015,the plug lmao,2025-08-18T21:18:20Z,1,0,en
Ugwf5pTzzQy82KEZ6qV4AaABAg,@portzblitz,"What's with the sudden clip at 9:15 ""women belong in the kitchen."" Was this just an oddball stylistic decision or your way of subtly communicating your actual beliefs? Whatever it is, it's kind of weird, just saying. 

Anyway, thanks for the video 👍🏾",2025-08-18T21:16:36Z,0,0,en
UgwOq-9yVgg1FaJDEwt4AaABAg,@agustincalcagno5040,I was at Aldi's when this video dropped,2025-08-18T21:08:52Z,0,0,en
UgxAXfZIH38ryNi4a294AaABAg,@natedetailscars,3:20 the most German looking man ever,2025-08-18T21:07:44Z,1,0,en
UgzkSn5LgUG4vnMuX6B4AaABAg,@kiwioffgrid2437,"Their millionaire?
Do you mean their €100 billion billionaire!",2025-08-18T21:02:24Z,0,0,en
UgxwIa8ly7_p2Yth8dR4AaABAg,@martinp8085,Anyone recognize the intro song?,2025-08-18T21:00:12Z,0,0,en
UgzhIH8U5IzbsigW01B4AaABAg,@recruitbadger93,"8:00 the guy in the van disappears, probably evidence of them not having final models for the guy when they animated the shot, so they rendered the animation and then rendered only the guy when the model was finished. or they render different sections at different numbers of samples to reduce render time, which wouldnt really be necessary in a scene like that. idk",2025-08-18T21:00:01Z,0,0,en
UgzcnLtmcHUdagHAGft4AaABAg,@recruitbadger93,"some of the shots look like the out of focus stuff has denoising artifacts, but its not completely different every frame, it morphs. does that mean they use frame interpolation to reduce render times? i didnt know you could do that in blender. maybe its done in an editing software idk.",2025-08-18T20:56:26Z,0,0,en
Ugz0tB2ICgmSXnDD6dt4AaABAg,@phoenix_mentalproblems7359,amazing intro,2025-08-18T20:54:57Z,0,0,Other
Ugz6EXLmcoiuHBPwK794AaABAg,@baylithe,...I feel like you skipped something between 1929 and 1945.....,2025-08-18T20:42:13Z,0,0,Other
Ugxhi9lk8zVItZntb3N4AaABAg,@Thabochiloane2910,9:59 Neo cameo 👀,2025-08-18T20:40:37Z,0,0,Other
Ugx62_EScyofUggCPbV4AaABAg,@tresyy,i NEED the source of the first german song,2025-08-18T20:30:29Z,0,0,en
UgzHGQFDBfhCozJcLW54AaABAg,@noreflash1.0,Shitpost worthy thumbnail lol,2025-08-18T20:28:55Z,0,0,en
UgwzmXNJJKEmlNxR-mR4AaABAg,@raphaelmadden4022,PLEASE do a video on the zodiac killer,2025-08-18T20:27:58Z,1,0,en
Ugwb0tNZLxXvXjAqUyl4AaABAg,@dennisthewalker,I love these intro that Fern always makes...it's so good. 007 type parody.,2025-08-18T20:22:05Z,0,0,en
UgyE4GzRNqn5GqI_Heh4AaABAg,@DeadAndAliveCat,"Damn dude the whole ""waah waah stores that cater to the less fortunate are actually evil capitalists!!"" disclaimer at the end was gay as hell",2025-08-18T20:13:40Z,0,0,en
UgykbFFippy0Qxlis9h4AaABAg,@flickkk,Absolute Cinema 🙌,2025-08-18T20:11:47Z,0,0,Other
UgwmTuLPzyqH0XDfXqx4AaABAg,@BrainDamageIV,bro thought he could use the kidnapping as a tax write off,2025-08-18T19:50:41Z,0,0,en
Ugw5xf7PR5W61uRXBgl4AaABAg,@trevoralder1304,lol sellout,2025-08-18T19:48:36Z,0,0,Other
UgxTTyOzJYDQ1U_Za254AaABAg,@KimDaeHyun-0418,voice crack at 24:32,2025-08-18T19:48:04Z,0,0,en
UgwLWEqzfv7r_nX4Tzp4AaABAg,@PrimeMinisterofSillyThings,"Was.... was this just an overly complicated Aldi ad? You didn't have to convince me, I shop there already.",2025-08-18T19:41:41Z,0,0,en
UgyUJ5mGfyrdgBocHp14AaABAg,@noctrayt1,"Wow, I had no idea the Aldi CEO was kidnapped—crazy story and really well told!",2025-08-18T19:28:20Z,1,0,en
UgwmG355p76hGjfLzst4AaABAg,@minaizastarr,im incredibly upset that im just discovering about tbis channel now,2025-08-18T19:26:19Z,0,0,en
UgzCo07nwsHzrZFKupN4AaABAg,@BulletMagneto,"I missed teh motive, were they just bored and drunk?",2025-08-18T19:18:27Z,0,0,en
Ugw5l0YeYjInKpLFxOF4AaABAg,@skylineXpert,I was sure It was the red army faction doing it.,2025-08-18T19:09:46Z,0,0,en
UgxrKmMj0xzJWV8J5Kd4AaABAg,@AEPMUSlC,"Imagine being a billionaire and offering 0.00005% of your wealth for your life. Not saying it's okay to kidnap people but if I had that kind of money I'd pay them off, invest in security and go on, also invest money to find them, because why not lol.",2025-08-18T19:03:22Z,1,0,en
UgzGBD3VC29XPk7pzN54AaABAg,@the-bounce,Love the opening.  🥸,2025-08-18T19:02:14Z,0,0,en
Ugx4I3eB_g64YY7-uBV4AaABAg,@bitansgaming8437,21:50 tonight's the night,2025-08-18T19:00:55Z,0,0,en
UgyE-ci8b73u2nw5VaZ4AaABAg,@jt1087,anyone know the title of the song during the intro ? at 1:03,2025-08-18T18:59:12Z,0,0,en
UgxfAdiQHeoWijDb1M14AaABAg,@Rilix-YT1,You deserve my lunch time.,2025-08-18T18:56:39Z,0,0,Other
UgzZiycEdjVYmD5FOrN4AaABAg,@Sonnyy21,"24:31 unexpected voice crack ""THree YEARS EARLIER"" 🤣🤣🤣",2025-08-18T18:55:56Z,90,3,en
UgzfK0c3pB_Vo0YWOLN4AaABAg,@jake9764,This channel is owned by a private equity firm…,2025-08-18T18:39:33Z,0,2,en
Ugy4CdEofvCW0qvsP9h4AaABAg,@rouuuk,7:48 a biblically accurate blind fold,2025-08-18T17:54:23Z,0,0,en
UgxEiyb6qOageRQDRlR4AaABAg,@xthewrapperr,whats this netflix worthy content i jus bumped into.,2025-08-18T17:53:27Z,0,0,en
UgxYVd_FOEHhjSSv3ux4AaABAg,@OmriGaller-y7y,Back when criminals in Germany were ACTUAL Germans.,2025-08-18T17:39:55Z,0,0,en
UgxyL_YCvbn-FnWQT994AaABAg,@canireech,Aldi’s nuts.,2025-08-18T17:39:06Z,2,0,Other
UgzX22sBXKvamubKk7J4AaABAg,@dialyticcc,absolute cinema,2025-08-18T17:35:32Z,0,0,Other
UgxDhLYOYdiHEDVhvW54AaABAg,@kokob1975,the irony of Aldi booming in the US while in Denmark Aldi closed the doors and aren't coming back,2025-08-18T17:34:36Z,0,1,en
Ugz6BGE6vXeo4TDikXR4AaABAg,@genominer2473,Why isn't this a movie? It would be a great movie,2025-08-18T17:34:19Z,0,0,en
UgwCyt6Apv0NPHwxOnx4AaABAg,@Shlerp302,most polite kidnapping ever,2025-08-18T17:30:38Z,0,0,Other
Ugx_Qhby6WU7xENfVRB4AaABAg,@genominer2473,Never heard of Aldi,2025-08-18T17:30:09Z,0,1,en
UgwoTUgOmV25dnpD3Sh4AaABAg,@NicolasChiribelo,"13:15 as an Asperger, I wish EVERYWHERE worked with this principle. In my country (Argentina) everyone talks endlessly 😭",2025-08-18T17:16:46Z,0,0,en
Ugwvd6TrFkyJnEaPNzh4AaABAg,@dayvancubensis,"You know what I love about fern? They introduce me to these stories from outside the US that I would have never heard about otherwise. Stories like this might be common knowledge to many Germans (at least those interested in true crime), but as an American these stories are new and fresh.",2025-08-18T17:12:39Z,1,1,en
UgwlJZAvUSS9M6BLFf94AaABAg,@CarsMutley1995,Please stop jumping back and fowards in time. It makes the story needlessly difficult to follow.,2025-08-18T17:02:15Z,0,0,en
UgyS3t5YdPH5-l_Cvot4AaABAg,@somethingsomething404,"They called the wife BEFORE the kidnapping? And she didn’t warn him?
5:00",2025-08-18T17:00:38Z,2,0,en
UgwI4YdaG5eTSQAjaKV4AaABAg,@impulsze123,"Please, next video content. Something bout war in Israel, Palestine",2025-08-18T16:57:51Z,1,0,en
Ugy5rxGclgvKbGOMnMl4AaABAg,@vibhanshuchauhan3328,Incredible work bro this was YouTube destiny what it should have been,2025-08-18T16:56:43Z,0,0,en
UgwTcU7iDSWfGD9tO9J4AaABAg,@gg_vard,"What a story, but hearing of ALDI I remember how their expansion to Greece failed dramatically and had to pull out",2025-08-18T16:56:04Z,0,0,en
UgwOA9PpLzKYicBz5EB4AaABAg,@seamali4383,"Blondy's story may be brief, but it was very sad 😔",2025-08-18T16:48:10Z,0,0,en
UgwZQU2x-lsQs_6SEyV4AaABAg,@Smafold,Cant convice me kanye wasnt behind it,2025-08-18T16:47:30Z,0,0,en
UgyMSFL2hBf2FDijF_l4AaABAg,@markision,21:50 Tonights the night.,2025-08-18T16:35:27Z,0,0,en
UgyDhHCkwJLIHKV_qHB4AaABAg,@dilo7811,This narrator is the best,2025-08-18T16:29:15Z,0,0,en
UgyKv2DTu39IpjRNxQZ4AaABAg,@TurUwU,How do you get out so many researched high quality videos out so quick? Ya'll have sweatshop of editors+animators or something?,2025-08-18T16:23:26Z,0,0,en
Ugx2X0a1EVH2u5tLset4AaABAg,@JakesBakin,Chefs' Kiss,2025-08-18T16:16:07Z,0,0,Other
Ugw95AE-a37klX-KokV4AaABAg,@yarfrmdaa1323,If I ever get kidnapped I’m writing it off as a business expense,2025-08-18T16:15:22Z,0,0,en
UgzP3a3GXCMLH0oumrx4AaABAg,@caleb10710,whats the song in the intro!?,2025-08-18T16:12:07Z,0,0,en
UgzaTyfs67vCgqxc4Qx4AaABAg,@chillen,Is that @liveoverflow 's voice over at 10:00 mark?,2025-08-18T16:04:29Z,0,0,en
UgwhA0LOcgYJxA5QVuR4AaABAg,@aba637,Bruh whoever did this sucks i love trader joes and aldis 😡😡 im poor!,2025-08-18T15:46:10Z,0,0,en
UgxKtxY7inByoYAHcEx4AaABAg,@patrickconrad396,How was the CEO of Aldi kidnapped? Unwillingly,2025-08-18T15:45:30Z,1,0,en
UgwfogzFfHpeNICC9Xp4AaABAg,@djgill92,Animations are getting better. Thank you.,2025-08-18T15:45:11Z,0,0,en
UgwLz6OPcQnbVRP5NQp4AaABAg,@redacted993,The Wes Anderson feel to the art when introducing the family was incredible,2025-08-18T15:22:12Z,0,0,en
Ugw5ISSi1w7l247srE14AaABAg,@ItsSB,Dinner tastes good when a fern video drops,2025-08-18T15:16:09Z,3,0,en
UgzmPN99sjFfPRnz4iR4AaABAg,@GeorgeKlinger,Way too many ads 👎🏼,2025-08-18T14:40:25Z,3,1,Other
Ugzc2zej2kaERqx8Nyd4AaABAg,@xamakoibiza,Astounding production,2025-08-18T14:35:30Z,0,0,en
UgxqGNNNRQqWw2TlANR4AaABAg,@joeonyango9969,Another fern timw,2025-08-18T14:28:36Z,0,0,en
Ugww-qVzk6vi_3zcyKp4AaABAg,@Albingrafstrom,24:33 did you really think we wouldnt notice that,2025-08-18T14:21:08Z,0,0,en
UgyByYik-zBaVP97cOh4AaABAg,@NomadAttorney,I’ll never understand these ridiculous blank face graphics. That anyone raves about the graphics on this channel is mind boggling. They are always terrible. Step it up. Not that hard these days.,2025-08-18T14:14:12Z,0,0,en
Ugyg119kdBau8kUf9Hx4AaABAg,@MaliciousSmack,"While you're at it, the Dr. Oetker kidnapping next?",2025-08-18T14:02:25Z,1,0,en
Ugys4i2BS8LDCxrNa_N4AaABAg,@Luckyou69,"Amazing video, thank you",2025-08-18T14:01:28Z,0,0,en
UgxxvGuNVgIOMITN_I14AaABAg,@cub1ko,"Kids, this is why you should never cheat on your girlfriend while executing a high-profile kidnapping. On another thought, how did he have time to cheat on her gf, kidnap a person and work full-time? That man is a really stressed legend!",2025-08-18T13:54:19Z,1,0,en
UgzqcHQ1rNslPi749Gl4AaABAg,@FreddieOwen-od8lf,I got recommended this video as I pulled up to aldi 💀 Fern wears the cameras 😂😂,2025-08-18T13:54:14Z,0,0,en
UgyX5kHxXilg2uY4F-R4AaABAg,@cooldudezk1386,USED TO SHOP AT ALDI,2025-08-18T13:43:44Z,3,1,en
Ugz-FaEbn8H071qCNxt4AaABAg,@flintandsteel7,"""Woman belongs to kitchen"" is diabolical",2025-08-18T13:39:13Z,0,0,en
Ugxt1lbxYxGJdhS_fJF4AaABAg,@jeremielaflamme,"No desktop computers with 5 1/4 disks. No Glock pistols.

I really love your videos normally, but this time it has so many time inaccurate items in it",2025-08-18T13:37:58Z,0,1,en
UgxJJBmUnAoT_8WX_mB4AaABAg,@mr2010cm,"Great video, I love the animation style",2025-08-18T13:35:27Z,0,0,en
UgwFVLcz2Alutqg-qQN4AaABAg,@doodlemold2736,what a silly first title,2025-08-18T13:31:51Z,0,0,en
UgyOm3698L6c1S81ofN4AaABAg,@djmob4641,"The pacing of this video reminds me of a Wes Anderson film, enjoyed very much 👍",2025-08-18T13:28:41Z,0,0,en
UgwRinq0nccU3A8yA6J4AaABAg,@gaithouri,"aldi and walmart and this sort of garbage its a virus for the world .. 
truly garbage",2025-08-18T13:28:01Z,0,0,en
UgxXaInfLd280kRalRZ4AaABAg,@Explainthisprofilepicture,"3:34  then why bother even doing it, bro 🙏🏻🥀",2025-08-18T13:23:03Z,4,0,en
UgyCPbwUpAQ6Z1MTawB4AaABAg,@philidor9657,"18:45 it makes me laugh that they went to the PRESS and were like “yo guys, there’s this really juicy story but please don’t tell anyone !!!” Like wtf else does the press do? Why even tell them if you didn’t want them to talk 😂",2025-08-18T13:19:48Z,1,0,en
UgwW0U0dZpKCZ9kN-hh4AaABAg,@freshcoffee69,Did you really steal simplicissimus whole video?,2025-08-18T13:10:48Z,0,0,en
Ugwe9ERX9BokMPadj-94AaABAg,@Exenytre,"""USED TO SHOP AT ALDI"" - Kanye West🔥🔥🔥",2025-08-18T13:08:51Z,4,0,Other
Ugx6Q3TrmirdUQzLXSd4AaABAg,@Shxqz-085,11:59,2025-08-18T12:42:14Z,0,0,Other
UgxLoMLfRzXQzxz-w6h4AaABAg,@Cascadiawoodchippersociety,I've going to say physically was probably the method. 🤭,2025-08-18T12:39:39Z,0,0,en
Ugy6ip93yR_tXlF53WF4AaABAg,@dimitarkarchev968,I have 0 sympathy for the greedy aldi owner. I hope blondy waited and they lived happily ever after the dude was released from jail.,2025-08-18T12:38:55Z,0,0,en
UgyqP4mtxy85xeAxudJ4AaABAg,@chocinspired,Wow,2025-08-18T12:24:27Z,0,0,Other
Ugzjuip5ceUgUm8OG8Z4AaABAg,@Olifantenstaart,You are a great storyteller sir 📖,2025-08-18T12:18:14Z,0,0,no
Ugz4Ehx1CEGGQuDmFvd4AaABAg,@sputnik3216,Can you make a video on blackstone CEOs Wesley Lepatner's recent coverup snd assassination?,2025-08-18T12:15:37Z,0,0,en
UgxeAyNQLF8ziJP3M9l4AaABAg,@SeanWolf-ti9lw,9:14 Dude that clip caught me so off guard😭,2025-08-18T12:12:26Z,0,0,en
UgxLqkCpnZHvBW5bHeR4AaABAg,@skibidinerd-1234,no wonder Aldi has such cheap prices but a smaller range of products here Australia,2025-08-18T11:39:32Z,2,0,en
UgwetAVUUzq8wSlvUaR4AaABAg,@paisan8766,Rooting for the kidnappers. That’s what the 2nd Gilded Age has done to me.,2025-08-18T11:38:01Z,0,0,en
UgyJl7-BtgJjnaKaXBV4AaABAg,@craigjames8026,I work at Aldi. Its the worst place on earth,2025-08-18T11:37:03Z,0,0,en
Ugzt3fQ8nfgysTSIy2Z4AaABAg,@Pelarix,Niche,2025-08-18T11:32:50Z,0,0,Other
UgyVkWP6dCbdgs5obPd4AaABAg,@Unlisted_nyhga61,i can only think of kanye west when i hear Aldi now,2025-08-18T11:30:58Z,1,0,en
Ugxzj749z0mtPvWclSZ4AaABAg,@torgejh9189,"Kidnappers and their victim haggling over the ransom money, followed by a discussion about how the victim can deduct said ransom from his taxes might be the most german thing I've heard in a long time 😅",2025-08-18T11:25:52Z,0,0,en
UgyuLX3YgQCQTftbj_t4AaABAg,@Singularity-1717,16:26 i like the Floating Gun,2025-08-18T11:23:17Z,0,0,Other
UgxbrQYUdzGVFJ-hjaN4AaABAg,@TheBarkList,I’ll never look at Aldi the same way again 😳 groceries and true crime in one story,2025-08-18T11:11:05Z,0,0,en
UgzUjO5AiEhJflVe8vV4AaABAg,@VoxVoxy,Is that ELMA OR JONAS AT 15:45%!?,2025-08-18T11:03:48Z,0,0,en
Ugx6UePbdywOU-iuPPN4AaABAg,@atharvac13,reminds me of kento bento videos,2025-08-18T11:02:44Z,0,0,Other
UgzeLtVsgDrlS509peF4AaABAg,@anupamswain7549,generally I like fern videos. But this video seemed excessive non-linear.,2025-08-18T10:38:32Z,0,0,en
UgyAmHR3GKILtiYgV2R4AaABAg,@abubakarbajwa606,USED TO SHOP AT ALDI🗣🗣🗣🗣🔥🔥🔥🔥🥀🥀,2025-08-18T10:32:58Z,1,0,en
UgxhenPoRM5TVd0C5K14AaABAg,@red.46,Never skip Game of Thrones and fern intro video.,2025-08-18T10:30:09Z,0,0,en
Ugyk0GOqJFkA7_4UVJ94AaABAg,@mr_harm9266,"0:30 ""biggest kidnapping in germany"" is kind of a stretch with what happened at the olympic games in munich 1972.",2025-08-18T10:27:16Z,1,0,en
Ugz18nWhar_7s2DkPY94AaABAg,@LSDLover123,"12:30

In the early 1970s, 100,000 DM was equivalent to approximately $30,000 USD. Not 230K.",2025-08-18T10:16:00Z,1,0,en
Ugx9rqHWvbK4pzQA3Zt4AaABAg,@KoreyVerga,Who gives a f*ck!,2025-08-18T10:14:50Z,0,0,en
UgwJApZZxNL8BNbq7oZ4AaABAg,@autumnradio12,21:50 DEXTER REFERENCE,2025-08-18T10:14:41Z,0,0,Other
UgyKGIrzDibMXfxsAkR4AaABAg,@JosephMcKeown-xv7bs,29:42 is the train a British Rail Class 395 Southeastern Highspeed coloured red or am I just seeing things,2025-08-18T10:11:39Z,24,4,en
UgziiBvfqRi_2cw3xDF4AaABAg,@johnnydrummer7739,Idk about germany but i know in the us aldi doesnt bag they have boxes on the way out for you to take and put all your shit in them,2025-08-18T10:11:34Z,0,0,en
UgxxzYuGScSUE98TEAh4AaABAg,@R00KKE-n2i,"That musical intro was phenomenal, just thought you should know fern",2025-08-18T10:10:34Z,1,0,en
UgwLYfhsRZWgALy3tyN4AaABAg,@RagebaitAgainstRagebaiters,"""So much for a vacation"" 31:34 LOL",2025-08-18T10:05:30Z,1,0,en
UgwgCB9FmZlFDMuhPER4AaABAg,@antisal4192,the thing i love about fern is that they're upfront that they are several people working on the videos... not the ai slop channels that pose to be alone but are actually run by a giant corpo who manages thousands of channels,2025-08-18T10:00:12Z,2,0,en
Ugz53tUKKJcuwpuo9qR4AaABAg,@svihl666,24:32 the voicecrack 😭😭,2025-08-18T09:49:12Z,0,0,en
Ugw28sT-zwMep58eX694AaABAg,@KelstraTech,30:42 Fully clothed. Rated G.,2025-08-18T09:48:41Z,0,0,en
Ugxr73_UAQmPC0EfWt14AaABAg,@anoriolkoyt,"I wish there was a way to ""falsely commit a crime"" like this just so I can try it myself, using all the information I've learned from these type of stories.  Its purely curiousity and the challenge to see if I can come up with a strategy and get away with it.  Similar to how tech firms hire hackers specifically to try to break their security in order for them to improve.  Are there any police departments that need similar services? lol...",2025-08-18T09:36:14Z,0,0,en
UgzsdrfJ7nZIk_xDcOF4AaABAg,@wise_lynx,Aldi commercial?,2025-08-18T09:24:59Z,1,0,Other
UgzQvBeuZQnxpDa_7VV4AaABAg,@thekiwiclipper1113,No words for how well this was made. You're conquering youtube fern!,2025-08-18T09:24:50Z,0,0,en
Ugz8RxZaQNmxgr9uGkd4AaABAg,@andrerobertson-bate6731,1:47 You can see the family resemblence between Theo and Karl Albrecht,2025-08-18T09:19:46Z,2,0,en
Ugxm0mpTrOl3-6Gu2mh4AaABAg,@frostyabdullahyy,Its basically Germanys version of Costco,2025-08-18T09:17:20Z,1,0,en
Ugyv_6j3dQscE3c3rwt4AaABAg,@Fadeom,9:16 nahhh lol,2025-08-18T09:15:55Z,0,0,Other
UgxakOPWoNYksLvgYYx4AaABAg,@luciusthangathurai854,24:33 testy pop,2025-08-18T09:06:34Z,0,0,en
Ugw_1iUT5fdXV-iApeV4AaABAg,@paul6618,"Been watching your videos for a long time coming alongside your (forgive me if I'm wrong) brothers channel hoog. I always try and recommend your channel to everyone I know here in Nigeria, try and slip in conversations lol. Keep up the good work guys.",2025-08-18T08:54:27Z,0,0,en
UgyjfrF0GNqPEVM3FmJ4AaABAg,@wise_lynx,That intro was very James Bond,2025-08-18T08:52:26Z,0,0,en
UgyDvqR8iH0bE2F5HCZ4AaABAg,@milesgordy6389,"this felt like a movie, woah",2025-08-18T08:50:31Z,0,0,en
UgxwT_4oPl9ncba-v7x4AaABAg,@Robloxdaliy,Who else has ALDI. Because brits any you atack kidnapers,2025-08-18T08:37:31Z,0,0,en
UgwyYz2giJ4JTGV4D894AaABAg,@xanderjohansen9278,"""Soon, it'll conquer the world"" *shows USA* 
😂😉",2025-08-18T08:27:30Z,0,0,en
Ugw0pdTwKArwAK31hV14AaABAg,@dr.python,Aldi can be a good indicator for consumers prices index and inflation calculations!,2025-08-18T08:26:31Z,1,0,en
UgwXlgqZX0QtkUTxb494AaABAg,@SpcGiraffe,"""The biggest kidnapping in Germany"" -Says with a Toothbrush moustache",2025-08-18T08:16:45Z,0,0,en
UgwiCqYM_GSZN41PsP14AaABAg,@skeppo5586,Imma take all my baldies to georgio baldi's,2025-08-18T08:11:14Z,2,2,Other
Ugx4ztxNPIV1lGsGzbl4AaABAg,@Bunta25,I recognise that voice used for the aldi strategy speech!,2025-08-18T08:09:13Z,0,0,en
UgzSgdw4G82_A-oiz8J4AaABAg,@andingatacho9262,Joachim sleeping chilled with his tie.,2025-08-18T07:57:08Z,0,0,en
UgwKsAatvy9Cg7fx3St4AaABAg,@BucketBreakdown,"I need to step my game up, how do I get this got at docs",2025-08-18T07:47:34Z,1,0,en
Ugxl_jnLuP1MX3-OeT94AaABAg,@percywillis,brilliantly produced,2025-08-18T07:28:04Z,0,0,en
UgzPKVmozBn5-qQD-7J4AaABAg,@WRYYYYYYYY0629,Used to shop at ALDIS,2025-08-18T07:16:06Z,5,0,en
Ugy5oYPUD5tC1G-FWFh4AaABAg,@cdntrooper3078,Used to shop at Aldis,2025-08-18T07:12:04Z,4,0,en
UgyBje7Vv2ho4wFqa5N4AaABAg,@swag6161,USED TO SHOP AT ALDIS,2025-08-18T07:11:25Z,5,0,en
UgyLlfnbAHibvPxUno54AaABAg,@xpower7125,"Used to shop at ALDI'S
-Ye, 2024",2025-08-18T07:08:57Z,4,0,en
UgwU9OtL9C_FiMW3pZh4AaABAg,@0mitt3d,"Damn, i used to shop at aldis",2025-08-18T07:03:03Z,3,0,en
UgyMWC8IRl7Y9VRuS0J4AaABAg,@aboilived,kanye 💔💔🥀,2025-08-18T07:00:13Z,5,0,Other
Ugyb7Hl9R_wcHb6bDLl4AaABAg,@InComesOutlaw,lost ya a customer,2025-08-18T06:38:09Z,0,0,Other
UgzqPuf13g5284gOdgF4AaABAg,@russellmoore8187,Why do most of your male figures have breasts,2025-08-18T06:34:11Z,1,0,en
UgwjNEK5VvjwL9gDmbR4AaABAg,@tbates1987,what song is at 1:11 ?   i cant seam to find it online.,2025-08-18T06:26:54Z,62,20,en
UgyzvANp18BFYytIral4AaABAg,@sigmaofthecity,always a great day when fern uploads,2025-08-18T06:26:21Z,0,0,en
UgxUMyOhGUwYmr3pHXJ4AaABAg,@willisverynice,"30:15, how did she “finally learn the truth that her boyfriend owes her 300,000dm?” I think she already knew that.",2025-08-18T06:25:48Z,10,0,en
UgzhlLvW4YQoMmWw1hZ4AaABAg,@DerekKauf,This channel is top notch.,2025-08-18T06:23:47Z,1,0,en
UgzhfWoTtRNMFTKEswB4AaABAg,@apolloventureful,Trader Joes has good quality stuff but the prices are expensive.,2025-08-18T06:15:50Z,0,0,en
UgwWG4NIfHyp92LaUkN4AaABAg,@Hamdalorian24,"Anyone else get the land o lakes ad a second after fern said technically twice and the ad say technically almost right away, never thought I’d hear a triple technically in my life",2025-08-18T06:06:35Z,8,0,en
UgzuWtKNxMmmCZdcADd4AaABAg,@vincentvooyz,24:30 nice voice crack 😂,2025-08-18T06:01:35Z,0,0,Other
UgxCBuNS3GdG1c8aqdN4AaABAg,@iliketodostuff123,24:33 we’re just gunna ignore that voice crack.,2025-08-18T06:00:40Z,0,0,en
UgygnhfwqHRlPeNtj1x4AaABAg,@eathss,the voice crack at 24:30 😭,2025-08-18T05:59:29Z,0,0,en
UgyZGyR8FHBisvGvJEF4AaABAg,@ClearRecap,Never knew the story behind Aldi and Trader Joe’s was this dramatic — thanks for such high-quality content,2025-08-18T05:57:12Z,2,0,en
Ugxk6bYbWRa5vafepTp4AaABAg,@Ca1_A_Gat0r,"13:14 Scary accurate description of Germans! First time there, I greeted them in German, and they responded in English. ""Oh, was it the accent that gave me away?"" I asked. ""Nein, it vas your tone and demeanor"" was the response!",2025-08-18T05:51:04Z,1,0,en
Ugx35gZ52dGgfI2wvEN4AaABAg,@foulau,"When you think about it, that ransom money is even worth waiting in jail for 8 years, like a great paying but boring job.",2025-08-18T05:42:43Z,0,0,en
UgyJbqrIUu43Y7TU9AV4AaABAg,@zizou9921,Ngl but your narrations are much better than your counterparts. He’s great as well but much better listening to you😅 I think the views to like ratio echo that,2025-08-18T05:32:39Z,0,0,en
Ugz4j4Id60Hx1pMepUx4AaABAg,@smithbeck5495,Germany's biggest kidnapping was  in WW2 😂😂😂,2025-08-18T05:31:46Z,0,0,tl
UgyKm-ivI8iRRAY1jMt4AaABAg,@isaac6422,I used to shop at aldis. Very nice store and cheap but wow this story is insane,2025-08-18T05:24:37Z,0,0,en
Ugwm8QzBZz7gP9ckSnt4AaABAg,@weslegna,1:57 it wasn’t hyper inflation it was the Jews,2025-08-18T05:07:05Z,0,0,en
UgwKw_F58w7Y_bFS37J4AaABAg,@InedibleSpam,Bro what I work for ALDI and never knew this. Not exactly something they tell you in orientation 😭,2025-08-18T05:05:55Z,0,0,en
UgyPJwX3F5Zi-9W_bI94AaABAg,@aj_chapo,"0:48""soon it will conquer the world"" (USA)",2025-08-18T04:55:50Z,2,1,en
Ugyr3yNBYULQf4CvcB14AaABAg,@SSDGM26.2,I am glad to hear there is an origin story to why Aldi is SO FREEZING!!!!!,2025-08-18T04:53:43Z,0,0,en
UgwWo86NQR-E6dXw1Nx4AaABAg,@Lazy_Pandasaurus,This is an ad. Lol,2025-08-18T04:50:34Z,0,0,en
UgzPk1zoamwcODo7j4x4AaABAg,@Wiru131,Looney Toons aah kidnapping,2025-08-18T04:46:08Z,1,0,Other
UgxDUYcnM9KI8Cd2Uth4AaABAg,@Carhill,Why does this feel like an ad for Aldi.,2025-08-18T04:39:50Z,0,1,Other
UgxOfQeUEj7jr0ycOyx4AaABAg,@philtkaswahl2124,"The auto-CC spells that dude's dream house as ""Casapollo""—meaning ""Chicken House."" Hah.",2025-08-18T04:35:20Z,1,0,en
Ugwj7bPwlvRJPlzOVmp4AaABAg,@NicolasEmbleton,Production quality is nuts 😮. Awesome video. Had no idea about the whole story.,2025-08-18T04:29:52Z,3,0,en
UgwaM2ol4LOq4HZnSS54AaABAg,@DDZv2-ei2os,This was better than most Hollywood movies that release now a days.,2025-08-18T04:28:13Z,1,0,en
Ugw1e3vtpEAjDPESW114AaABAg,@LiamNI,How can a CEO have a boss? (apart from the board),2025-08-18T04:17:54Z,0,0,en
UgxvIy2br70nYXGc9X94AaABAg,@Jackpan272,21:52 Dexter reference,2025-08-18T04:08:52Z,0,0,en
UgwFmUf7ypJQk36zI7Z4AaABAg,@antinomicus,everything about this video plays like a storyboard for a sick feature film,2025-08-18T04:04:24Z,0,0,en
Ugxdy7AFGgIkZzPyvJV4AaABAg,@Joseph-m3v3t,3:20 she is actually a piece though… I don’t see how Spencer gets $3 from her … let alone $25 … but lets continue,2025-08-18T04:00:50Z,0,0,en
Ugx9nvLKoCTQacCWcDN4AaABAg,@BGM7MUSIC,Used to shop at ALDI 🗣️,2025-08-18T03:58:26Z,2,0,en
UgwFy3IFZOSnOcKANm54AaABAg,@Mastoblood,whenever i see a kidnapping like this one and the Heineken kidnapping for example i just don't understand why you would do this it always ends in disaster if you take the money you have a target on your back for life if you shoot the hostage how are you getting the money ? + you just committed murderer so again police will be looking for you,2025-08-18T03:58:17Z,0,0,en
UgzsD0F9nUZ-gqmNKB54AaABAg,@hyperlunion,I quite like how this is giving Wes Anderson energy given the absurdity of this story,2025-08-18T03:45:34Z,0,1,en
UgzHfUMhLwLkybjmmi14AaABAg,@dashing_jackchan,yo don't forget your 3rd subscriber 😏😏,2025-08-18T03:41:00Z,0,0,en
Ugx9bq1eyjfqCxtMXFd4AaABAg,@jocxse,"i was gonna go to walmart tomorrow, but I guess I'll go to Aldi instead.",2025-08-18T03:34:18Z,0,0,en
UgwEwT6h59LNx8GfWZp4AaABAg,@JiesellTVMotoboink,"So, where is the 7 million marks?",2025-08-18T03:27:36Z,0,0,en
UgztanOh9VXtzeXtwPF4AaABAg,@NISSANSKYLINEGTRBNR,These are the best fern videos,2025-08-18T03:27:29Z,0,0,en
UgxQ3jJI6_H9ClrzSe54AaABAg,@sweetdeemdd9678,"Fucking phenomenal work as usual, i love work at Frankfurt main and live now in USA. Shop regularly at Aldi and trader Joe. Thought I knew their entire history. You’ve educated me further",2025-08-18T03:26:10Z,0,1,en
UgyPN9_WXolbIX8esUB4AaABAg,@SumSpecial33,1:03 this intro is good but hella goofy. Great work😁,2025-08-18T03:26:03Z,0,0,en
UgxyMksn2J_1cVk0f9J4AaABAg,@JiesellTVMotoboink,They found out electri free and gas free way to preserve meats and other stuffs.,2025-08-18T03:20:29Z,0,0,en
UgxH56HR5n9Hv8velsB4AaABAg,@kevinkrebs1412,"trying to write off your own kidnapping as a business expense, savage 💀",2025-08-18T03:17:33Z,8116,28,en
UgxtYYd8RFNNt5FuojR4AaABAg,@junop7,The song he uses at 23:28 is driving me insane!! What is it??,2025-08-18T03:14:23Z,0,0,en
Ugx-VSLLd_Aw5HbBiwZ4AaABAg,@RockyTonZ,21:49 he said tonight's the night right after a dexter ad,2025-08-18T03:13:06Z,0,0,en
UgxG1RGW1MvWsQaLfLh4AaABAg,@K3V0NNY,kanye used shop at aldi’s 🫩🫩😝😔🤑😔🫩🫩😔🤑🤑🫩😔🤑🫥,2025-08-18T03:12:13Z,0,0,Other
Ugy1WnZftbNVDrnX38l4AaABAg,@Woodsee,These might be well researched and informative documentaries but I *hate* the faceless 3D animations you use in every video. Put a little more effort in and put faces on them. Otherwise you are no better than Ai slop.,2025-08-18T03:06:59Z,0,0,en
UgzF3TMiVngL0L6Q9ul4AaABAg,@noirknight9770,Used to shop at Aldis,2025-08-18T03:02:39Z,2,0,en
UgwZK-gT_t-AWvLwHb14AaABAg,@CHAZBROSKI,kanye did it,2025-08-18T03:00:52Z,1,0,Other
UgzFbzffY-XM31udsA54AaABAg,@finleyrosebud5791,"""It's to your advantage"" is such a wonderfully German slogan for a business.",2025-08-18T02:58:11Z,0,1,en
UgxUoHvQ0Q3hVXGFxJ54AaABAg,@RobertD_83,10:00 glad to hear the other narrator (maybe founder?) of the channel is still around after the buyout.,2025-08-18T02:50:42Z,0,0,en
Ugw-oYcG5nKjtWNBm-14AaABAg,@AlexSquared,This was the longest commercial l've ever watched.,2025-08-18T02:47:50Z,1,0,en
UgyOJmMInJmTSoY_pn94AaABAg,@youzrnaim,So it’s an Aldi commercial. Got it.,2025-08-18T02:46:40Z,1,0,en
UgyUitgq_Isjqlu3OeV4AaABAg,@SynixPG,USE TO SHOP AT ALDI 🔥🗣️,2025-08-18T02:45:41Z,29,4,en
Ugy_M3FGSjT65A1Tq7d4AaABAg,@BlackLungAE,21:46 dexter reference?,2025-08-18T02:40:08Z,3,0,Other
Ugw0flqNhdL52kkXQNN4AaABAg,@TBAYMenace,"""Blondie"" Heh, I am delighted to know you think that was my natural colour! - Blondie probably",2025-08-18T02:38:58Z,0,0,en
Ugy6DY0Pqv9VnUInD2N4AaABAg,@theoviral,😂,2025-08-18T02:32:43Z,1,0,Other
UgxFUwHnuGbNT0XUwpF4AaABAg,@Rodoadrenalina,"8 years and living off the moneyt seems like a good deal tbh, they also did a very polite kidnapping so thats good",2025-08-18T02:15:37Z,0,0,en
UgylXGlfVY4IU-jiRPl4AaABAg,@stickexplainer99,Only in Germany can a discount supermarket CEO end up in a billionaire-level hostage story.,2025-08-18T02:15:11Z,0,0,en
UgzVeKm0ZGPSZJ_aIpR4AaABAg,@attention_shopping,ZZZ so doable but flubbed,2025-08-18T02:14:39Z,0,0,no
UgwUKuikCRH7B6uXIip4AaABAg,@EcstaticPeacocck,I skipped the intro cause i don't give a fuck who did what,2025-08-18T02:07:27Z,1,2,en
Ugw8v3vs_uRzUKhMxfd4AaABAg,@Howisthismyname,10:06 omgggggggg he’s alive I’m crying rn 😭😭😭😭😭😭,2025-08-18T02:00:43Z,0,0,Other
UgxA2LqsmbWURW3yqYF4AaABAg,@Ieatchildren749,USED TO SHOP AT ALDI’S 🗣️🗣️🗣️🔥🔥🔥,2025-08-18T01:59:49Z,1,0,en
UgyKXjbaFyG22bqeShh4AaABAg,@8ths_for_30,"*I see Fern, I click Fern*",2025-08-18T01:58:43Z,0,0,en
Ugy0HEA49JnxTsHz9kN4AaABAg,@thebest2897,Fern.,2025-08-18T01:56:46Z,0,0,Other
UgzjBBfQmYZEwGKf4uZ4AaABAg,@DRIZZO-ej1ht,"The best voice is the 10:10, cracks me up",2025-08-18T01:52:22Z,0,0,en
UgyowM98P2SMBAE1z1J4AaABAg,@Deadeyekev07,17:52 music name?,2025-08-18T01:51:09Z,2,1,Other
UgzmKiwTViGiNpmiDeZ4AaABAg,@Stabucat,"i love listening to your videos while i play video games
also voicecrack on 24:33 on the word ""three""",2025-08-18T01:50:12Z,0,0,en
Ugw-YWc0zJDmdPuO3It4AaABAg,@charlieg4430,"honestly if i got kidnapped and recovered id definitely tell the news if they took good care of me, let me shower and shave etc",2025-08-18T01:47:04Z,0,0,en
UgzGraNggOuDlKHcc8B4AaABAg,@G-host0069,"Thank you YT, I now know how not to kidnap",2025-08-18T01:46:25Z,0,0,en
UgwUgJ2dZtjZwjPPoat4AaABAg,@youfoundfred3676,Fern is like a mini movie theater.  Netflix gots to buy them in,2025-08-18T01:26:13Z,3,1,en
UgwQB75f990uLXxoErx4AaABAg,@MrBlarm,"Well Aldi damned, the price match was there all along!",2025-08-18T01:26:01Z,0,0,en
Ugz7EijiZVnr2mdt54B4AaABAg,@PizzaSoccer123,🇮🇱🇮🇱🇮🇱,2025-08-18T01:23:38Z,0,0,Other
Ugx2bRoYFLhSeVJNf3x4AaABAg,@gsau3000,That's gotta be the sneakiest segue to a sponsored ad I've ever skipped past.,2025-08-18T01:20:13Z,657,7,en
UgxB29D8HsONsd-fzS94AaABAg,@WanderingMum,Im eating some aldis  orange chicken and rice 🍚 it's delicious,2025-08-18T01:16:31Z,0,0,en
UgxVQcO8kX2ywbRIrO54AaABAg,@litojonny,the back and forth story telling is pretty annoying,2025-08-18T01:15:34Z,1,0,en
UgwjCOPB5wcIdn_UswB4AaABAg,@TheWittyGeek,"Stop having entire sections in a foreign language. As an audio-only listener, it makes the video completely unconsumable. When will video essayists realize that people LISTEN to their content, they don't watch it.",2025-08-18T01:12:21Z,0,0,en
Ugysvloq9gVZqbnrgL54AaABAg,@Arizona_lilly,They crazy  wasn’t Heineken same story lol god kidnap wow ppl love butter,2025-08-18T01:09:51Z,1,0,en
Ugw_aO-tSfJqCNHyPrV4AaABAg,@svihl666,"Really well made video, keep it up.",2025-08-18T01:05:45Z,1,0,en
UgxuoyRNUFbBFWiLTqJ4AaABAg,@catbeef,"ah, yann tiersen. i have seen goodbye, lenin!",2025-08-18T01:05:36Z,0,0,Other
UgwvgDXcRjdV3lzTs314AaABAg,@s1k18,"24:31 yooo ""3 yEArs""😂",2025-08-18T01:04:59Z,0,0,Other
UgxOm70r3RPbt8L_e9J4AaABAg,@Arizona_lilly,Look at that awesome job,2025-08-18T01:04:43Z,0,0,en
Ugy_HLiYGKHPl5VPw_F4AaABAg,@Arizona_lilly,Look all the views we have only 1 Aldi nearby,2025-08-18T01:04:21Z,0,0,en
UgwzZ27Y9ItqEKNaDYB4AaABAg,@alexander_richter,ODOO is absolutely horrible!!! Do not use!!!,2025-08-18T01:02:36Z,0,0,en
UgzV7t2Xpexn3cID9Wh4AaABAg,@ayeee1095,Production of every episode scrumptious,2025-08-18T00:59:23Z,0,0,en
UgzXEAH4zw_9pVYdghp4AaABAg,@kainblack2114,"Great video but the way you pronounce Theo really hurt my brain. When the AI said it, it was correct.",2025-08-18T00:58:48Z,0,0,en
UgxeD4tn7k4D8R3co-l4AaABAg,@Onemoreweekj,Used to shop at Aldi🤣,2025-08-18T00:58:20Z,1,0,en
UgxTtJUJG7rroG6TI9t4AaABAg,@DeadlyMurderer,"Guys I really love your content but the channel owners are both germans and then you proceed to mispronounce every german name, city etc. 
Extremely irritating as a german native and seems like you just don't care about it. Just because english speakers pronounce it wrong all the time doesn't make it correct and I always have to go back and read the actual names because the pronunciation is just so extremely off...",2025-08-18T00:58:12Z,0,2,en
Ugx7ysRSyC2rUmJaDLF4AaABAg,@DhruvTM,1:17 music name?,2025-08-18T00:58:08Z,10,1,Other
UgwetU_1TBHya832G154AaABAg,@its_jannick,"i miss the german narrator, i love the accent",2025-08-18T00:57:27Z,0,0,en
UgybdSah8MoN_xfDK9F4AaABAg,@RSfan1,"Leave it to the press to ruin a hostage's release, they literally couldn't wait possibly a couple of days until he got released? Like WTF?? They are just as careless as they have always been, they don't mind starting a race war, and  make the right seem racist and extreme, when we really just want laws to be enforced again, they were ignored for 4 years, so now enforcement of the law to the people in sanctuary cities feel like fascism, authoritarianism  or that's just what they say, it's ridiculous so i hope the federal government keeps going and making those cities actually safe, so hopefully we can get rid of their self-destructive laws..",2025-08-18T00:56:31Z,0,0,en
UgxtrxtOI0-oBgbPFyR4AaABAg,@Rich-fr4zf,"These videos are so nicely produced, but I’ll never understand why the creepy faceless mannequin characters get gender mis-matched—where men end up being portrayed as women with breasts and pant-suits. Just seems a bit sloppy and confusing.",2025-08-18T00:52:26Z,0,0,en
Ugx-kV9Aem3CH07d7RF4AaABAg,@zaewin,Good commercial,2025-08-18T00:46:00Z,0,0,en
UgwI13Q_rNjq-SNnc9R4AaABAg,@kaitaadams7979,Yall are fucking cooking now,2025-08-18T00:41:11Z,0,0,en
Ugxi9h-8whslgRZxeZZ4AaABAg,@E.Norma.Stitzz,Furious that rape wasn’t on offer,2025-08-18T00:34:36Z,0,1,en
UgyKDAeJaF8QI_Fyxs54AaABAg,@PraiseGar,Literally no one in the civilized world has gotten away with this. Look it up. They laugh and say kidnappings are some of their easiest cases.,2025-08-18T00:25:09Z,0,0,en
Ugw7ToNRzRNOoKe6B7t4AaABAg,@peres9559,"In Poland we had a gang called finger cutters. They were literally monsters, kidnapped daughter of rich meat manufacturer. They wanted 4 milion dollars back then in Poland that was very hard to get. She was never found. They kidnapped one india guy which they mistook for a rich CEO. They sent his finger to his family. Also never found. 
They were just pure evil",2025-08-18T00:24:00Z,0,0,en
UgwRiQF50rGumj-uxQV4AaABAg,@leeweesquee,Jordie Jordan wanted stock,2025-08-18T00:23:18Z,0,0,Other
UgwuTGSSW2_7WVrpKfh4AaABAg,@Tokiko,"It'd be nice if the thumbnail was more accurate to the video contents. Calling them idiots is kind of rude, considering they only slipped up because their calls were being recorded",2025-08-18T00:17:06Z,0,1,en
UgxOIVPRLrip-c_k16V4AaABAg,@alexi1829,basically a free Aldi ad,2025-08-18T00:13:25Z,0,0,en
UgyvRdpwjiuctsXWXEZ4AaABAg,@SenagogaPiano,I'm eating a phat jersey Mike's sub rn,2025-08-18T00:11:51Z,0,0,en
UgwWBex9gk1A1edKIgF4AaABAg,@Animation-g6o,Bro you deserve getting a shout out by MrBeast,2025-08-18T00:11:43Z,0,1,en
Ugy0VRcD0C10C4NHNlN4AaABAg,@ryoblox3,YIPPIE,2025-08-18T00:08:05Z,1,0,Other
UgwAyt7kVqx-va5Isol4AaABAg,@Geo87884,You guys never disappoint with quality of video's. ❤,2025-08-17T23:57:31Z,0,0,en
Ugy5S8dgmj62fABdWlx4AaABAg,@Gohrod,"Getting an aldi ad while watching this video is crazy 🤣




""Jeden Tag besonders, Einfach Aldi""",2025-08-17T23:57:16Z,163,0,en
UgyV-rdyNMwFC9IjpD54AaABAg,@josephbosco5166,19:00 in case you are wondering why you don’t hate journalists enough,2025-08-17T23:51:55Z,2,0,en
Ugza0u9LIY4wZofwJEN4AaABAg,@icanrunat3200mhz,"How do you say, ""shit wine will be our American loss leader,"" in German?",2025-08-17T23:47:52Z,0,0,en
Ugz6k5oCu1GckJHmo0h4AaABAg,@sayitoutloudchp,*they didn’t know to disguise their voice?* 😮,2025-08-17T23:42:32Z,0,0,en
Ugw9ZhEUCfttu1lXoyF4AaABAg,@FishHeadswg,How do you only get 7 years for an armed kidnapping of one of the richest people in Germany?,2025-08-17T23:42:20Z,0,0,en
UgwQAig-g0oIG6abGFh4AaABAg,@mocko69,Not Albrecht trying to write the ransom off as a business expense lmaoo,2025-08-17T23:41:23Z,1,0,en
Ugy63nvI1jxlGofIax94AaABAg,@dancingpeach6454,Police investigation: y'all wanna snitch plz,2025-08-17T23:39:48Z,0,0,en
Ugx_UnrAwqLWeGFjCHR4AaABAg,@mouhamedroubechlol5323,"Best content for eating , thank u @fern",2025-08-17T23:34:55Z,0,0,en
Ugw8be9J6q5PEVfkATh4AaABAg,@commander3494,"9:59 Wait a minute, I recognize that voice...",2025-08-17T23:31:01Z,205,17,en
Ugwp5KtGr32KvZPs9rF4AaABAg,@Gina-jw8vq,33:26 I love FERN you’re just different with your words,2025-08-17T23:30:14Z,0,0,en
Ugyh-rEFINjLRYex1JZ4AaABAg,@sahiltumber8381,Always eat good when Fern Drops a new video,2025-08-17T23:27:04Z,0,0,en
UgxHYxs9VR6CzrdCSzJ4AaABAg,@Espio90,"wow, what a montage, what a material. Thanks for it.",2025-08-17T23:26:17Z,0,0,en
Ugy7Ade6P1BNNkneIjB4AaABAg,@FreakyUpdatesNow,used to shop at aldis,2025-08-17T23:25:54Z,2,0,en
UgzuNG9juWmPVI7YvYt4AaABAg,@ACitizen1984,"12pm if they're meeting for lunch, not am. Great video",2025-08-17T23:23:38Z,0,0,en
UgwMgdCptT6QQBGeEqN4AaABAg,@samjohnsonmusic942,"Cool, at 6:37 they mention their rapid rise in Essen, which is the german verb to eat :)",2025-08-17T23:22:22Z,0,0,en
UgwViplW7fCtdNFU_pt4AaABAg,@HFCLVLRTIWI,why do the models all have boobs?,2025-08-17T23:19:26Z,0,0,en
UgyqL9A-sHe1wJsGLnZ4AaABAg,@carmattvidz4426,I so wish Aldi did online ordering and delivery. I love Aldi but it suxs that you have to go into the store and buy the stuff. I rather sit on my PC and have the stuffed delivered to my door,2025-08-17T23:00:58Z,0,0,en
UgwS5DIdW0_872YMatt4AaABAg,@Guntherman,What is this level of productivity? You are on a generational run!,2025-08-17T22:53:06Z,0,0,en
Ugz-Iqo3pZ1_QO7DpON4AaABAg,@RefrigeratedTP,wow i'm surprised your private equity firm owners would allow a video on this topic,2025-08-17T22:50:53Z,1,0,en
Ugy5VNNVRFOL_AGs1IN4AaABAg,@SKRUBL0RD,"Butter is NOT a food, it's a type of landing that pilots do. I would know, I've flown over 50,000 hours in Microsoft Flight Simulator.",2025-08-17T22:47:43Z,0,0,en
UgyscP1UOXBvf25D9ip4AaABAg,@CameraCed,This is sum I would do,2025-08-17T22:45:53Z,0,0,en
Ugw03E3E7WlsIIpEQB94AaABAg,@Lancaster5843,Dang those are probably the nicest kidnappers in history,2025-08-17T22:45:16Z,0,0,en
UgzYBqnVTMYIJr5Gwup4AaABAg,@ムラっち,"Wtf is this production quality, my five senses are blessed",2025-08-17T22:43:51Z,0,0,en
UgyJiiHfAZwxSrcPaNl4AaABAg,@dhruvinvekariya975,Kidnapping country's richest man as your first kidnapping attempt is as as brave and foolish as try to score from half line in the 1st minute on your debut😂,2025-08-17T22:42:00Z,0,0,en
UgzhEUf78qrm-Jl4-kp4AaABAg,@exilithic,"CEOs in Germany get Kidnapped, whilst CEOs in America get assassinated.",2025-08-17T22:35:58Z,0,0,en
Ugzai43r2juPJ4EPVAZ4AaABAg,@Gina-jw8vq,9:19 I agree with the guy on the TV😂,2025-08-17T22:34:35Z,0,0,en
UgxPC7sCpt-bRDwXhwR4AaABAg,@pixelianas,First time hearing both of fern's voices in a single video,2025-08-17T22:33:16Z,0,0,en
UgwcN340NH-Kq0eGa3x4AaABAg,@benjamingrunbaum3601,31:10: lunch at 12 AM?,2025-08-17T22:27:50Z,11,3,en
UgwYJVe_I6r5tyOli6l4AaABAg,@adaml0x00,"Clippy never sold your data 
Clippy never asked for your ID 
Clippy never wanted to read your messages
Clippy just wanted to help",2025-08-17T22:25:33Z,1,1,en
UgyKvzOEc05MsJUuxBR4AaABAg,@oscartoohey1021,This weirdly feels like an Aldi ad.,2025-08-17T22:23:54Z,1,0,en
UgyX8DmN8PQXniBgnFZ4AaABAg,@ggb.C13,I like how some of the best grocery stores in American or anywhere in general are from Germany or German originated,2025-08-17T22:22:07Z,2,2,en
UgyVJOI0BotLBZCmnnd4AaABAg,@nategrangroth6803,This was so good,2025-08-17T22:20:10Z,0,0,en
UgzB37JknEeGaoHp3wR4AaABAg,@ianarmitstead2923,"Absolutely love your, thanks",2025-08-17T22:19:02Z,0,0,en
UgyplZfvQMojexiDCRB4AaABAg,@panaderofilms,"I see Fern, i click.",2025-08-17T22:18:58Z,0,0,it
UgxuDyk9n1WnusfrJCR4AaABAg,@gaebreeuhl,USED TO SHOP AT ALDI,2025-08-17T22:18:44Z,1,0,en
Ugz2fiWpE9NVDZAlU9d4AaABAg,@BradleyChun-r8z,the best documentary youtube channel,2025-08-17T22:11:17Z,0,0,en
UgxPhnAf--DMCuC1BI94AaABAg,@GarlicBrea_d,"I've been watching and rewatching your videos for a while now. The amount of effort you put in is on another level. The stories you tell are packed with information, interesting anecdotes, subtle wit, fantastic animations, and a soothing narration to top it off. All stuff that's been said before I know, but this video motivated me to add my comment to the pile as it was a perfect end to my day and gave me little bit of lore about a place I go regularly. Thank you for making what you make, I'm always excited for whatever you put out next :)",2025-08-17T22:10:48Z,5,0,en
Ugy4iw8VeeF0fHr_wGt4AaABAg,@lrj3000,biggest kidnapping in German history is a crazy thing to say,2025-08-17T22:09:28Z,0,0,en
Ugw42pqbjS-joZYkxOp4AaABAg,@friederbinder7260,Aldi Süd ist top Tier. Deren Fleisch Auswahl ist wirklich fantastisch und im Vergleich zu edeka oder Rewe recht groß,2025-08-17T22:05:03Z,0,0,Other
UgzleobgD5kPhV5iGiJ4AaABAg,@TrollerGamer_OnTop,always a good day when fern posts,2025-08-17T22:03:30Z,0,0,en
UgzwiWEgSnvrtLkInmR4AaABAg,@RicaBenzem,Kidnappers was tripping hard on dat nitrous,2025-08-17T22:00:50Z,2,0,en
UgwcT3o7BbWW5uiHta54AaABAg,@Lightparadeforces,"I can't believe they didn't try and wash that money and GTFO asap.
I can't believe the cops weren't just waiting for them at the drop dude. 
How is this possible?",2025-08-17T22:00:36Z,0,0,en
Ugxbu5Bkt1OBCamQwV54AaABAg,@mikoajrebacz1617,1:38 gives strong Wes Anderson vibes,2025-08-17T21:58:16Z,61,1,Other
UgwD3BLjbMaIU0w2Zt94AaABAg,@LiamWillig-p9r,9:15,2025-08-17T21:58:06Z,0,0,Other
UgwZ9TRgSPxfCl6QV0F4AaABAg,@TheImmortalArt,great video,2025-08-17T21:56:00Z,0,1,Other
UgxjgmRrX8NDjX9jF_t4AaABAg,@H.E.C.U__320,Worst sponsor ever seen,2025-08-17T21:54:25Z,1,0,en
UgxxNiBaVlfBMLgZ9TF4AaABAg,@mynameischess230,Imagine rooting for CEOs in any case,2025-08-17T21:53:52Z,0,0,en
UgzycXwfVSk-NDZfOrF4AaABAg,@TheDestera,"you are my favorit content creator at this moment.

Fern videos are just something different, they feel whole.",2025-08-17T21:52:08Z,0,0,en
UgwONHawungxik3QU_R4AaABAg,@noth606,"So the dude making ""less than 2000 DM"" per month(04:40) in 1971, right? Just to give an idea of how much that is in USD of today - $4573,21. Since there has been a bunch going on in the intervening years in European currency that I wanted to avoid having to directly factor in, I hitched a ride on the USD from then using inflation, $1 in 1971 was todays equivalent of $7,94 - DM2000 in 1971 was $574,7 which brings us to $4573.21 today. 
$4573 is €3900 which is a fairly nice chunk of cash, it's more than the current average income in NL of €3666(right now) which makes the dude a greedy bastard. ""less than"" in the text could theoretically mean $1/yr but despite the deficient wording and lack of actual numbers here I'm going to assume ""less than"" really means ""close to"" - since otherwise whoever wrote this bit really should pack up and do something else. I couldn't find any info on the actual salary of Paul Kron to verify the amount so I have no idea where the info was pulled from for this video - but the numbers are fairly realistic so I'm assuming they are from some reasonably good source, it passes the ""smell test"".",2025-08-17T21:51:19Z,0,0,en
UgxwAYQZs0PIruBWM9p4AaABAg,@timmmitdoppelm,Wow! What a brilliant video!,2025-08-17T21:46:54Z,0,0,en
UgzNWDrMWWviLG7Fc5R4AaABAg,@snehaelizebeth6146,Wrap him up like a burrito 😂,2025-08-17T21:46:34Z,0,0,sq
UgztRRvPI3t7MmFNxex4AaABAg,@Dinstyvmorsa8539,"Reminds me of when the CEO of Siba(a Swedish chain of electronic stores) was kidnapped 2005.
He was held in a small specially constructed wooden box for 17days.
He was then just released after the negotiations for 50mil SEK had failed and found distraught sitting on a parkbench in the middle of Gothenburg.",2025-08-17T21:43:40Z,2,0,en
UgxPSjDe-doGQ6EsRjB4AaABAg,@DürchWX,Insane YouTube refresh clutch,2025-08-17T21:42:15Z,1,0,en
UgxpOdXY3NjrHjpC9sN4AaABAg,@salvadormuro7346,"This one was wild, well done again Fern. I never knew this and was captivated by the style and story. Can't wait for the next one.",2025-08-17T21:42:05Z,5,0,en
UgyRXV_mq7gvnB72Ckd4AaABAg,@KingHenry8Real,Use to shop at aldi,2025-08-17T21:41:37Z,1,0,en
Ugx83CrHVVvpw7aG29J4AaABAg,@sandrafaith,"TIL where ""Aldi"" actually came from. V interesting stuff, as always—I really liked hearing both of the usual narrators in one video 😄",2025-08-17T21:39:41Z,0,0,en
Ugxa7jXWNPZ-6ICoy4V4AaABAg,@SebastianR111,"Music too long, big fail 😢",2025-08-17T21:38:42Z,0,0,en
UgyAFtN1ttGPm86mP5h4AaABAg,@amsterdamgraham8278,So many channels copy Fern! You are forever GOAT’d 🐐 still one number 🏆,2025-08-17T21:37:16Z,0,0,en
UgzlQ1Th6SXDtsVa--14AaABAg,@AsiMidAme,"This is one of the best video you guys made so far, amazing. YouTube is quickly biting off Netfilx and other streaming services due to higher quality videos and insane selection.",2025-08-17T21:31:59Z,0,0,en
Ugz6s2eZhiy6X5Bg9lF4AaABAg,@FooFooANIMATIONS,There is a deer in Aldi…,2025-08-17T21:29:04Z,0,0,en
UgyWfgh_UeHkc0LrpB94AaABAg,@slimprospect,i will kill for aldi they lucky I didnt step in,2025-08-17T21:25:47Z,0,0,en
UgzSRk7EVxYnH2ya4O54AaABAg,@weavecity,"I've always loved the animation in your videos, but are the man boobs on everyone new or am I only just now noticing them?",2025-08-17T21:17:58Z,0,1,en
UgwVYfBuWPq6FsaQKg14AaABAg,@javedgill5984,"Your videos are awesome. Can i use short clips to upload on Tiktok, if u allow i will do otherwise i will not. So, please respond me😃",2025-08-17T21:13:27Z,0,0,en
UgzyhrXF5Tkmt3A4XTF4AaABAg,@alexpascal5403,Head or brain bo,2025-08-17T21:11:52Z,1,0,en
UgzHdxQsui5pTlMZwrl4AaABAg,@deepfrieddog0,Used to shop at ALDI'S 🗣🐻🐻,2025-08-17T21:09:37Z,3,0,en
UgxkWVG-oDMTQk-16pF4AaABAg,@Nadjor.,is it me or did the bio change from making vids almost biweekly to almost weekly,2025-08-17T21:08:04Z,0,0,en
Ugw5JLZUorGpgX6iowV4AaABAg,@levitatingoctahedron922,2:07 conveniently skip over the time the german economy was booming while the rest of the world was suffering from the great depression. why would someone do that?,2025-08-17T21:05:17Z,0,0,en
UgwoeXVuzJziRYnUKQl4AaABAg,@MichaelJohnston-k4w,Great story but the virtuous message at the end was not necessary at all to the story. Stick to the story without an ideological slant to it.,2025-08-17T21:04:50Z,0,0,en
UgwLD0Nxf11JQq5sKjd4AaABAg,@KoltonBramble,I litterly went to an aldis yesturday bro how does this stuff happen 💀,2025-08-17T21:04:07Z,0,0,en
Ugy-CwU8Sxm7IKpFf9Z4AaABAg,@cupofjoe1788,4:10 I can't be the only one that heard that,2025-08-17T21:03:26Z,2,2,en
UgzrhlWhtlu8vxtSovx4AaABAg,@zalvian22,"One time when I was sweeping the parking lot before opening at a restaurant, there was a dude behind the Aldi next door who started having a seizure, so I ran over and pulled him off the wall and ran inside while calling 911, not a single employee came outside (I ran back out to not leave the dude alone) until the firetruck showed up AFTER the paramedics lol. I guess he was like a district manager or something, but no one moved a muscle",2025-08-17T21:03:05Z,0,0,en
UgyKu1-6pPLnK8xBKzp4AaABAg,@Ronnierocket06,who is the boss of the CEO?,2025-08-17T21:00:44Z,0,0,en
UgyOh6o5vN4WggCwGRl4AaABAg,@stansouffriau9098,"I love the hair modeling, how did you guys do it?",2025-08-17T21:00:20Z,0,0,en
Ugx3fsgFqD4N4M2NKXp4AaABAg,@prodima3,Yes!!! A fern video while I’m eating at taco bell!!,2025-08-17T20:59:52Z,0,0,en
UgwQ6d0NHdXbSFtmfut4AaABAg,@marl0oo,Paul Kron has a female body?,2025-08-17T20:57:01Z,0,0,en
UgydZTFzvlW4qu8FuYN4AaABAg,@aBeanCalledHotcar,i wonder if kanye still shops at aldis,2025-08-17T20:56:49Z,2,0,Other
Ugyx-zI5c5-HJmCwVbh4AaABAg,@salvadormuro7346,30 mins? LFG Fern,2025-08-17T20:54:28Z,0,0,Other
UgyIOn64kCWNI6oYPj94AaABAg,@phreapersoonlijk,Heineken would be interesting too.,2025-08-17T20:52:54Z,0,0,Other
UgxgVqJGGMGT4_9zx-F4AaABAg,@RasputinGandini,Damn! good to see two classic Benz’s in the video! 😎,2025-08-17T20:51:57Z,0,0,en
UgzVvfWGQu6ljgrfMKx4AaABAg,@CoryLeewithnoE,Pretty cool intro!😊,2025-08-17T20:49:22Z,0,0,it
UgxrjGwT27maWy7vCld4AaABAg,@Rick-n8x4g,Netflix grade video,2025-08-17T20:49:05Z,0,0,Other
Ugy41EUhyNdb4AJq-7Z4AaABAg,@MrSWphoto,"Can I just say these are getting better and better every time! And I love the Bond Style intros. They're just really cool. That's all, now. I'll continue watching the video!",2025-08-17T20:48:59Z,2,0,en
Ugxs-BUelcj68NvjLCl4AaABAg,@divyanshjain5693,"My man couldn't stop himself from claiming a tax write off, corporate in it's purest form.",2025-08-17T20:48:05Z,106,0,en
UgwQvPIhrZFy683UMPB4AaABAg,@FreedomSithole-iq6zh,If you ain’t popping that 🐱 for Jesus🤣🤣🤣🤣,2025-08-17T20:42:04Z,0,0,en
UgyR2wWLulmu_MqUF6R4AaABAg,@jojotheicb5138,"Aldi SUCKS!

#aldisucks",2025-08-17T20:39:30Z,0,0,Other
Ugyp1vqEjPrMHE6Fk7J4AaABAg,@hansmaulwurf9051,"Back to superb non AI 3D animation, yeah! I sincerely hope there is no Veritasium crossover AI slop in the Future.",2025-08-17T20:36:37Z,0,0,en
UgzyC4kz5J31V19WQEV4AaABAg,@mrjakeisnumber2,"""Shop at Albrecht. It's to your own advantage"" has to be the most German slogan ever",2025-08-17T20:34:39Z,0,0,en
UgwZ_U2AOKCagvJ-ggp4AaABAg,@ygwaltgmb,27:27 who doesn't change their voice during a kidnapping ROOKIES 😂,2025-08-17T20:32:44Z,62,10,en
UgyOPuYvY4kGb5JWhcZ4AaABAg,@Borojosh90,Fern………….day made,2025-08-17T20:31:19Z,0,0,Other
UgwL7I9nagoVgblkmNh4AaABAg,@bigfootnintendorazr,Probably didn't return his shopping cart,2025-08-17T20:31:02Z,0,0,en
UgzDSU779r0gofqum4h4AaABAg,@ImpzuVR,I'm sure Kanye was devestated.,2025-08-17T20:29:26Z,6,0,en
UgyKUb12ecTyD3rlTZJ4AaABAg,@Amsterdam020,The 3D animations are GREAT!,2025-08-17T20:23:11Z,0,0,en
UgzS2IgYLhr2AE7u-1N4AaABAg,@LilSplashPad,A man has been kidnapped and held hostage and you question him about the type of wood for a wardrobe 😂,2025-08-17T20:19:13Z,8,0,en
UgyQDGQ76NzT2Jc2aFx4AaABAg,@nutshell-T,"@fern, it’s time to make a video about the Israeli genocide in Palestine.",2025-08-17T20:18:46Z,0,0,en
Ugz0QDHpkMveqwwyHrB4AaABAg,@Not_Ragebait,Kanye would be invigorated watching this,2025-08-17T20:18:27Z,1,0,en
UgxZmQzqfgu4S7GXvP94AaABAg,@FEMIBUBBLE,you can see the video quality going up like crazy,2025-08-17T20:17:47Z,0,0,en
UgwkcRBR43Av9oZETe14AaABAg,@nostalgia99x,Peak animation,2025-08-17T20:16:02Z,0,0,Other
UgxiefzUqparEEDxgJp4AaABAg,@nosound523,aldi runs trader joe??? wtf ???,2025-08-17T20:13:55Z,0,0,Other
UgyO2yafmcgk80i9-NF4AaABAg,@fastchris,Wonder what really happened with Boldie,2025-08-17T20:10:09Z,0,0,en
Ugx3McoFFytLprbyyPR4AaABAg,@James_Doyle83,Shame the CEO of roblox wasn't kidnapped instead,2025-08-17T20:08:58Z,0,0,en
UgydicuImjN3GacKPct4AaABAg,@Channel53official,"I love Aldi, but The checkout speed is annoying. You wait because no one is working. Then it’s a total rush",2025-08-17T20:03:57Z,0,1,en
UgyJJZt5f9GIUWet3H94AaABAg,@Baer456,10:08 it’s the other narrator,2025-08-17T20:03:39Z,8,2,en
UgxUN2jbQuG0q9Bxgmd4AaABAg,@_1gizzle135,What does the number in the bottom left of the video mean?,2025-08-17T20:02:14Z,0,1,en
UgyAJ_06Kx86ggtPHUN4AaABAg,@LeonardDelori,Is the voice actor the guy from the aesthetics of fascism videos?,2025-08-17T19:57:14Z,2,0,en
Ugz0V0gkEKfSiTLG-Q54AaABAg,@thamemecollector511,USED TO SHOP AT ALDI,2025-08-17T19:56:45Z,3,0,en
UgyL0XIRxUXwfbRtNKp4AaABAg,@viktig_sau,you have out done yourselves,2025-08-17T19:54:28Z,1,0,Other
UgwVbHeKEyeUqb5P6_t4AaABAg,@Aviation_12,0:07 Used to Shop at Aldi,2025-08-17T19:54:27Z,5,1,en
UgzyKPi7CPjv1Kn3qVF4AaABAg,@6eight9,Now do HEB next here in Texas 😆😆,2025-08-17T19:54:26Z,0,0,en
UgxB3w-47husF8r9FHR4AaABAg,@IMeanMachine101,This is Blondie,2025-08-17T19:50:47Z,0,0,en
Ugxn8L7losW1O7Quy2R4AaABAg,@79ped,"Biggest kidnapping in German history ..
Well",2025-08-17T19:46:35Z,0,0,en
UgwPk6tAivlpTVQvSR94AaABAg,@Jmvars,Leave it to the press to fuck things up. God I hate the press.,2025-08-17T19:46:31Z,0,0,en
UgwWIHZRG4NzrxAS7KF4AaABAg,@feden1400,"24:32 probably the only imperfection in the audio/voiceover I have ever heard on fern, kinda surprising",2025-08-17T19:45:10Z,0,1,en
Ugwozb8toF_BAjipgit4AaABAg,@Flaccidatron,1:16 kinda reminds me of the Money Heist intro! I like it,2025-08-17T19:41:46Z,0,0,en
Ugy9Osbmkgbm891PXEJ4AaABAg,@azureBrownish,hey fern,2025-08-17T19:41:18Z,0,1,en
UgxQMRXdZbyRwlWZxX14AaABAg,@AllChargesDropped,A bit shocking the LIGHT sentences and the fact the 2 kidnapper SOBs lived into their 80s 90s etc.,2025-08-17T19:41:09Z,0,0,en
UgydL5h5otsshrO5zx14AaABAg,@k-isfor-kristina,"How are these people so good at identifying voices, including a customer someone had the previous day? Half the time I can't even recognize the voices of the people I know pretty well like my coworkers",2025-08-17T19:37:22Z,0,0,en
UgyDclU8FUG-508u4kR4AaABAg,@boby_bob,voice crack at 24:32,2025-08-17T19:35:48Z,0,0,en
UgygB0vucM4ZJzvBtJZ4AaABAg,@gabay123vip,Is this a fucking 33 minutes long and boring ALDI commercial?? This is more corrupt than the kidnapping.,2025-08-17T19:35:20Z,0,1,en
UgztaKWbrCRcowb8bOF4AaABAg,@zombeyfan2006,Come on fern the invoice on 3:58 is clearly wrong it's 550000 not 700000,2025-08-17T19:33:54Z,0,0,en
UgxQISxmgBy5CQcwmC94AaABAg,@Yakobe-2iC,FERN’s  production is unmatched 🔥‼️ love these videos,2025-08-17T19:32:49Z,0,0,en
Ugx_-LD8zTvIsCZHk954AaABAg,@BenMarvin,0:08 They didn't buy Trader Joes till 1979,2025-08-17T19:32:20Z,0,0,en
UgwxMCFPo_ZfhPs923R4AaABAg,@john6291,Pirate Joe’s!,2025-08-17T19:29:03Z,0,0,Other
UgxM-NHNVCAuTOYIyup4AaABAg,@PRIZT,My weekend is complete,2025-08-17T19:26:56Z,0,0,Other
UgyMus9m0uALamBfY0V4AaABAg,@May-hem,Can't think why germany got bombed to bits in 1945 🤔🤔🤔 baffling really,2025-08-17T19:24:39Z,0,0,en
UgwO7w5qZOAvqst_AlB4AaABAg,@BlockBuilder0_0,the fact that i could speak german made this vid so much better,2025-08-17T19:24:26Z,2,0,en
Ugxxfl9G-MCIfwM3czp4AaABAg,@kanYeWestPropaganda,Used to shop at Aldi,2025-08-17T19:22:46Z,0,0,en
Ugw_HUkviH1U1nTxdWd4AaABAg,@aimenzaied,production is getting better and better,2025-08-17T19:22:04Z,0,0,en
UgxzdXZro5k-Z64Gt694AaABAg,@CharlieMcNugets,8 years of prison for 7 million deutschmarks? Hell yeah.,2025-08-17T19:19:26Z,0,0,en
Ugy1yARsbWSaRqaxtnV4AaABAg,@PabbyMan2000,The story starts out with Aldi in the car. You never say how they got him in there. Now I got to look it up myself.,2025-08-17T19:19:11Z,21,5,en
Ugwik4Kr8oSZa-yHAqJ4AaABAg,@roopwho_19,SHOP AT ALDI 🗣️🗣️🗣️,2025-08-17T19:19:10Z,0,0,en
Ugw9ogTyEpgXc4-fTgR4AaABAg,@professionalvideomaker-w7y,absolute cinema intro,2025-08-17T19:19:02Z,0,0,Other
UgywLM1POg3WxHEfq9x4AaABAg,@christopherbushinski6656,bro is your graphics guy an ex james bond opening theme animation specialist lol,2025-08-17T19:17:42Z,0,0,en
UgzlsiuOHSjCQkrYr894AaABAg,@Since3am,Firs time ever heard a voice crack in a Fern video so hilarious. 24:30,2025-08-17T19:17:08Z,0,0,en
Ugy1b3n5kKfMYYeULHx4AaABAg,@Kanye_WestWasRIGHT,Aldi in America is horrible. It’s like Walmart. Theres many registers but only 2 people work the registers making a long waiting line to pay for your items,2025-08-17T19:16:40Z,0,0,en
Ugzmbi3n20mLPTCb96p4AaABAg,@Dunixify,um.... why do all the male models have breasts too?,2025-08-17T19:16:01Z,0,0,en
UgyGXv3wlOP8WomOnsp4AaABAg,@helfrandalson2288,Love it bro! 🎉,2025-08-17T19:15:51Z,0,0,en
UgzCsfuQ4PsCC0nZxFh4AaABAg,@hansmaulwurf9051,Clippy just wants to help you to kidnap the CEO of your choice,2025-08-17T19:14:55Z,1,0,en
Ugz5QCfruGPmkWhnR7F4AaABAg,@k-isfor-kristina,I wish we had aldi or trader Joe's in Canada,2025-08-17T19:12:00Z,0,0,en
UgxD2cpcM5_3XWiOHUh4AaABAg,@M01ssat,this is 100% an ad for aldi right i mean the story is really interesting but he totally got paid to do this,2025-08-17T19:09:27Z,0,0,en
UgyGcuOT3sgwLwYgC0R4AaABAg,@Mysterios1989,"It is an amazing story, but I wouldn't call the Aldi-kidnapping the most high profile kidnapping in modern German history. I think the kidnapping and murder of Schleyerr by the RAF takes the win here. And probably one of the most brutal was the kidnapping of Oetker.",2025-08-17T19:07:12Z,0,1,en
Ugy2mQzXzlY4m36rSlh4AaABAg,@cheeseysocks3148,I think this is my favorite length fern video. You know it's gonna be a banger but I don't feel like it's a commitment to watch it,2025-08-17T19:07:06Z,0,0,en
UgxcuRgZAmH3v0oRvbl4AaABAg,@Azivegu,weird that German police wear American flagged body armor xD 16:44,2025-08-17T19:01:49Z,0,0,en
Ugx9iTAQjGPnn13mH3J4AaABAg,@You_Are_Forgeven,Incredible video,2025-08-17T18:58:47Z,0,0,Other
UgwVd0p82Q59obOKVqN4AaABAg,@D_Net1,Unintentionally paused at 13:37 Nice,2025-08-17T18:58:17Z,1,1,en
UgxvR67gTQbfY-9kGLZ4AaABAg,@GavinSharpAdze,This is my shit right here,2025-08-17T18:56:59Z,0,0,en
UgxScLvS2uznp62OQ094AaABAg,@jt.961,Intro reminded me of the casino royal intro,2025-08-17T18:54:16Z,0,0,en
UgxVBsR3M0y039SCsMF4AaABAg,@flaccid.peener,Yeezy,2025-08-17T18:53:13Z,0,0,Other
UgyLBquPaaDaSYpP_5R4AaABAg,@Theateroi,"""more or less voluntarily""",2025-08-17T18:52:48Z,0,0,en
UgwmTqGR687vhXsvn6p4AaABAg,@HePushingBro,Best aldi advertisement ever,2025-08-17T18:51:10Z,0,0,Other
UgzFlqRqZzGp-Ej44114AaABAg,@flux-jv3mn,Intro is enough to get a like ❤,2025-08-17T18:46:24Z,0,0,en
UgzFrgUQa8MdOduTtyJ4AaABAg,@MeyaCT,"I don’t know German music, but that opening Title slapped good",2025-08-17T18:45:01Z,1,0,en
UgxtbCd4kcw73Y4jcX54AaABAg,@AndresMilioto,"""biggest kidnapping in German history"" 🙈🙉🙊",2025-08-17T18:43:43Z,0,0,tl
UgzKP6I9TZl-wurVTc14AaABAg,@chuck3-vp9lo,This was incredible,2025-08-17T18:43:13Z,0,0,en
UgzfIgJSv-OL6g2_yCF4AaABAg,@JECHOE,Time for some food and fern 🎉,2025-08-17T18:42:59Z,0,0,en
Ugx2ly4ytcufoXYsJwF4AaABAg,@bbarnid,i loved the Kanye West documentary,2025-08-17T18:42:15Z,0,0,en
UgxRmjNT4iU35gBDb794AaABAg,@eighty_am,"fun fact trader joe's is aldi's sister company! same store, essentially",2025-08-17T18:40:21Z,0,0,en
UgwhFN6avwNZB7AzBn54AaABAg,@RossD189,This is crazy. For sure.,2025-08-17T18:39:25Z,0,0,en
Ugyb7S_Pn7LpbHp9nit4AaABAg,@MarinaKseniya,"I've been working at an Aldi store for a while now, and the 55-item rule is easy to meet. Besides, the managers don't harp on it. It's actually quite relaxed behind the counter. It's nice to see lots of people come by and chat while scanning. And because everything has been made more efficient, the salary is higher than in some other chains. Personally 😊😊😓😓",2025-08-17T18:38:44Z,31,0,en
UgzrTZj-xmvSRpoMxTd4AaABAg,@johanrong,"Is the intro song available else where, it sounded really cool?",2025-08-17T18:35:54Z,0,0,en
Ugwx2jOc6mI8J6gYifJ4AaABAg,@pattern-recognizer14,"3:59 for those with autism like me, that sums adds up to 550k not 700k",2025-08-17T18:35:32Z,0,0,en
UgxeOzmvbp-8DrgMMHd4AaABAg,@themc68,You could say he used to shop at ALDI's,2025-08-17T18:35:26Z,0,0,en
Ugx3rtL5LqIVEKbCN4d4AaABAg,@ssttssttsstt,"""they are tricked into believing that the store has rock bottom prices""
""they bully farmers and suppliers to get cheaper products""
fuck CEO's no sympathy for anything bad happening to them.",2025-08-17T18:34:44Z,0,0,en
UgydCdfCqqT6cE4ya5l4AaABAg,@MarvelousParadox,"Fern finds a way to not just choose certain interesting topics, but to make certain topics that much more interesting!",2025-08-17T18:32:57Z,0,0,en
Ugx5zA220QmoEbCFkm14AaABAg,@Keyboardfanatiker,"This must be the best fern video yet, I especially love the virtual Lensbaby-like swirly lens effect",2025-08-17T18:31:43Z,0,0,en
UgyI1gnopaVX813aLUN4AaABAg,@tatjiv145,Fern narrator crossover?? Today's a crazy day,2025-08-17T18:29:56Z,0,0,en
UgzKfQeHxkH9F0ZnqOl4AaABAg,@DIYGFX,🫡🫡🫡🫡🫡,2025-08-17T18:29:02Z,0,0,Other
UgxadWMDQUpwYU8w0-V4AaABAg,@Dead.Internet.Theorys.Real_8,I used to shop at Aldi's,2025-08-17T18:28:22Z,0,0,en
UgyDUNEFRAjpUOpbZpV4AaABAg,@__Kon__,I cant believe i just watched a 30 minute aldi ad,2025-08-17T18:27:56Z,0,0,en
UgzrCtHX4fuFW1gOkll4AaABAg,@k10633,"We were here to see how he got kidnapped not how grocery stores works, such a stupid video.",2025-08-17T18:27:20Z,0,0,en
UgyqODfEP-O5U93Gr014AaABAg,@LilJollyJoker,W VID!,2025-08-17T18:23:56Z,1,0,Other
Ugyjbq_x7SzgLEJkiw54AaABAg,@germancat429,used to shop at aldi 💔💔,2025-08-17T18:23:36Z,0,0,en
Ugy3zGuwDjxgWk90ClZ4AaABAg,@arthur2305,marjarine? really?,2025-08-17T18:23:15Z,0,0,Other
UgwnM26j7BMFUytus8J4AaABAg,@gfgdfrgfgdfg,Yo what was that song at the beginning it is amazing.,2025-08-17T18:22:12Z,1,0,en
UgyBvSTyW1FEyp-Q1vZ4AaABAg,@BryceLynch838,I worked security at an Aldi's and I've shopped there a few times. I had no idea about any of this. Somehow I thought it was one of those chains that got started here in the Midwest.,2025-08-17T18:20:36Z,0,0,en
UgxMgfWvCXp376jeksp4AaABAg,@Jake.........................,"Nothing like a CEO kidnap/murder doc to get the smile back on my face

Edit: Damn, was really hoping for a happy ending",2025-08-17T18:20:24Z,0,0,en
UgxHnfMMQORXq5ANvnZ4AaABAg,@MrSaywutnow,My favourite piece of Aldi trivia is that the two brothers split the business because they couldn't agree over whether or not to sell tobacco in their stores.,2025-08-17T18:19:52Z,0,1,en
UgwQ0p6cczHHZVzGXOd4AaABAg,@yeetstuffs,"""used to shop at aldi """,2025-08-17T18:17:13Z,3,0,en
UgyFf9yQhzaT8z-dX2l4AaABAg,@Michael_H_Nielsen,really intersting and great way to not deal with faces :),2025-08-17T18:17:02Z,0,0,en
Ugz9fo7f5GE3az29Ncl4AaABAg,@Veep_The_Goblin_Hermit,trader joes is not cheap lol,2025-08-17T18:16:10Z,0,0,en
UgxeBN_9SRWdM14Eo9p4AaABAg,@adamfrbs9259,"Aldi came from Germany? Huh, in the USA it's filled with all the white trash, oh the irony of ""inferior whites"" there. Lol  ....commence blowing a gasket, now internet...",2025-08-17T18:10:41Z,0,0,en
UgzLlmwwzq-y1frrmmB4AaABAg,@jeb-the-doomed,... aldis?,2025-08-17T18:10:30Z,1,0,Other
Ugw4lVGaI5k1Nh7TVcN4AaABAg,@hisoka9478,What's with their faces?,2025-08-17T18:09:26Z,0,0,en
Ugz78oWP3lC2bfqqiUl4AaABAg,@mpikturesmpk,Fern Anderson 🎉,2025-08-17T18:09:21Z,0,0,Other
UgxobDEeapnKVj2pDYZ4AaABAg,@Iamobed,popcorn 🍿 please.....fern just uploaded,2025-08-17T18:05:59Z,0,0,en
Ugz97fIYi-HPpLOvvOJ4AaABAg,@Uber_Quest,Absolute cinema.,2025-08-17T18:04:12Z,0,0,Other
UgxRa6g2KdgkvzULPZF4AaABAg,@SharoozI,used to shop at Aldis,2025-08-17T18:03:42Z,3,0,en
Ugw9fVseCnsc0Qelo614AaABAg,@chepito5283,Used To Shop At Aldi -kanye west,2025-08-17T18:02:27Z,4,0,Other
Ugwi9TiaTVAqG2B6iKp4AaABAg,@Scorch428,They always shoot for the moon when they commit crime in Europe.,2025-08-17T18:00:41Z,0,0,en
Ugwzh2y-hKBel-AFRfp4AaABAg,@CommonUsername,One of the best channels on all of YouTube.,2025-08-17T18:00:34Z,1,0,en
Ugy1fXcLAwC8LGe0z3B4AaABAg,@botinak1,i used to shop at aldi's,2025-08-17T18:00:17Z,4,2,en
UgwVDP-meDhji9fGdxd4AaABAg,@Ultra_64,24:33 AI generated image booo,2025-08-17T17:58:07Z,1,0,en
UgwAMlkPrVVrv2hBPY94AaABAg,@buoyed06,the sound design and music choice in these videos are criminally underrated,2025-08-17T17:58:03Z,82,4,en
UgzyF0jYj-7YOJoFkWZ4AaABAg,@FANTOllVll,"I get that ads are money but 3 YouTube ads in the first 5 mins is ridiculous fern. Then followed up by the in video ad was definitely much. It’s a 30 minute video, spread them out",2025-08-17T17:56:11Z,0,0,en
Ugz-_FnzH_2KpR5ctuF4AaABAg,@paulbrowning.photography,Best videos on YouTube,2025-08-17T17:55:39Z,1,0,Other
Ugz8_zXsWCZeaNca7Qd4AaABAg,@sl0w_m0t10n,I wonder if they made him bag his self,2025-08-17T17:55:39Z,0,0,en
UgydVDn0ugbAFzTrEBF4AaABAg,@SBsong_518,Haiii Fern! I love your works and I am a regular at Aldi and Edeka. Dayum you really surprise me with random facts to make my day! :D,2025-08-17T17:55:37Z,0,0,en
UgzxReFMhimAfeHB4zR4AaABAg,@mikhael823,Speed? What a joke! I don't go to Aldi solely because the waiting for the cashier is unbearable... Usually 15 to 20 min...,2025-08-17T17:54:46Z,0,0,en
UgxaOQkWn8Bi4md27el4AaABAg,@eugendaufyeugen3234,The quality just keeps getting better,2025-08-17T17:53:54Z,0,0,en
Ugy0pTW7D_t9s0oWNId4AaABAg,@peachnecctar1658,thank you so much for crediting the artists in the beginning! I hate having to decipher if something is made from AI so its awesome to immediately know its not and also see artists get more recognition!,2025-08-17T17:53:37Z,218,6,en
UgyxW08j8Lq0RP9jSeB4AaABAg,@EmoneyFR,I used to shop at ALDI- Kanye,2025-08-17T17:52:53Z,0,0,en
Ugz747LMySe2qsF2SYV4AaABAg,@suki232,"The videos you do. Just like the last 3 recent, are the best type of work you guys do. 

An unfamiliar topic that always sounds interesting",2025-08-17T17:52:14Z,0,0,en
UgwDJbeNfv_a0LYq02F4AaABAg,@peachnecctar1658,i was just at Aldi's yesterday. i love that place so much. so curious about this,2025-08-17T17:51:36Z,0,0,en
UgwN24jvHmu5UI71W_V4AaABAg,@Salt_and_Peroxide,wow,2025-08-17T17:51:07Z,0,0,Other
Ugye-tQRcsk5VXWUGyd4AaABAg,@1.2visuals,This would be a banger if it was on hoog😅,2025-08-17T17:47:15Z,0,0,en
Ugw3l86B_98PCfrr2aF4AaABAg,@OCM1128,I used to shop at aldi🔥,2025-08-17T17:45:45Z,0,0,en
UgxUZiyzpe5q9n9et1l4AaABAg,@katiejones6071,How do you not know if blonde waited for him? Did she die? What a happened?,2025-08-17T17:44:27Z,0,0,en
UgynKm4hJFQhuqXt3j14AaABAg,@SigurdBigset,"Honestly, I am really thankful that I learnt German in High School",2025-08-17T17:44:06Z,0,0,en
UgzCai_pWsWJuVgkpvZ4AaABAg,@humdll,Watching this while waiting to unload a car on its way back from aldi,2025-08-17T17:41:11Z,0,0,en
Ugz_N3gh1bTSjn90zmZ4AaABAg,@JazzJune7,can someone help me find the acoustic track here please  4:14,2025-08-17T17:38:43Z,0,2,en
UgyG-ulEyJpvTRQei294AaABAg,@WreckedRevival,"Between all of the products sold containing E.coli and this very suspicious history of the company, not that I have in many years, but definitely not buying ALDI or TJ's ever again. Squeezing the big farmers to lower their prices hurts the lower scale farmers so much more, went from humble beginnings to greedy bully's.",2025-08-17T17:35:15Z,1,0,en
UgxqEi-ysObyfk7hXkt4AaABAg,@moodlows,LMAOOO 24:27,2025-08-17T17:32:15Z,2,0,Other
Ugy8MkvVtE4lnA0zqMt4AaABAg,@bigmungus4864,Think we didn’t notice the Trader Joe’s country 😂,2025-08-17T17:30:23Z,0,0,en
UgyowAfWGNPAY9OmwNx4AaABAg,@dockeyeYT,Nice 😘,2025-08-17T17:27:30Z,0,0,Other
Ugz3bDbx82MYpYAM8QZ4AaABAg,@TheHardikupadhyay87,After planning was bad.,2025-08-17T17:26:29Z,0,0,en
UgxGjlEmKdg2tnSteYJ4AaABAg,@petrluckhoff9186,What is the intro song?,2025-08-17T17:24:55Z,1,0,en
UgyCLYD1zcqvgQPRyX94AaABAg,@youtubeflakez_6163,This guy stole your video and reposted. Thankfully no views yet https://youtu.be/uXk2iJpak0s?si=5P_yIMoaa-Bpg7YL,2025-08-17T17:23:54Z,0,0,en
UgwuYRGhT70ocYb_tlB4AaABAg,@nmain543,"i love you fern, the production of these videos is so great and engaging",2025-08-17T17:22:20Z,1,0,en
Ugxbap2GF1iJD5Gxozd4AaABAg,@kevting4512,"“Wait a minute… didn’t I hear this story before??”

Oh no that’s the Heineken kidnapping by Hoog.",2025-08-17T17:22:10Z,2,0,en
UgwkCNQXOFlO_cM8XJ94AaABAg,@thomastabaka2682,Mythical FYP pull,2025-08-17T17:21:23Z,0,0,en
Ugzvy9Z-86UBBJOts814AaABAg,@Gatroon,Kanye Will be mad when seeing ts,2025-08-17T17:21:22Z,0,0,en
UgzmMHq7uAAbjLpZaC54AaABAg,@anadooley5784,"I think it's great how fern listened to our feedback about the AI voices for the speech, now using a real person. I appreciate that they listen to us!",2025-08-17T17:19:39Z,0,0,en
UgwhTyDRhMFek9qGvPB4AaABAg,@Someone_wrf,Better than what happened to the healthcare CEO from last year,2025-08-17T17:18:37Z,0,0,en
UgxfgQtmO3ZLRmVMgrF4AaABAg,@Bezzmaboi,The fact I just poured aldi brand cereal just now😭,2025-08-17T17:17:53Z,0,0,en
UgxVGzGgocdCeNN0MIx4AaABAg,@MassDeportation,"The Aldis in my town has all mexican employees, not a single German?",2025-08-17T17:16:31Z,0,0,en
UgwcHHU41bprZ8eL2md4AaABAg,@AndrewTheMachine,This is the best Aldi commercial I've ever seen,2025-08-17T17:16:01Z,1,0,en
UgyQ9pRDniyEgO-oS8Z4AaABAg,@playz8538,i was thinking aldi paid for this video until the end when they started critisizing them. it still could be considering that it's only a tiny portion of the video.,2025-08-17T17:14:50Z,0,0,en
UgxO15_Jg69EjhDt6Td4AaABAg,@mimisezlol,Are kidnappings generally just rich person on rich person crime?,2025-08-17T17:14:32Z,0,0,en
Ugy6pufGWWGZWLerPzx4AaABAg,@VoidSpawnOnyx,"Idk, the goofy high vibes music is not hitting, I miss the dramatic music",2025-08-17T17:14:09Z,0,0,en
UgySTizGBxpjtBlG4tl4AaABAg,@Six-bw3ir,Kanye wont like this,2025-08-17T17:13:42Z,0,0,Other
UgwkbyIlNZ6BEGC2oMt4AaABAg,@barbugia123,"20:55 hey, I've this one! This one's a classic!",2025-08-17T17:13:11Z,0,0,en
UgwT6jm7VxXNPizbG7F4AaABAg,@dannyguzman7376,i love a fern video. always great to see a new one,2025-08-17T17:13:06Z,0,0,en
Ugxhn32TnJ0O3QyKyzl4AaABAg,@MonotoneTim,You’ve really outdone yourself on the quality of the animation here.,2025-08-17T17:12:43Z,2,0,en
UgymQKEQ5I_sChbdlrp4AaABAg,@Quran_house.6c,https://youtu.be/aYvcz0MGG1Y?si=BDMJiQksiNN-rsq0,2025-08-17T17:11:56Z,0,0,Other
UgyMZFBjAgcHgSQf-ld4AaABAg,@accountname9872,"Me personally, would kidnap the kidnappers and then force them to be the ceo of a company. Turn how tables the 🤫",2025-08-17T17:11:09Z,0,0,en
UgwKmExZNEn3ozBW63t4AaABAg,@JorgeSalas-qf6ct,What's up with all the fkn music???? I fkn hate that you sold your channel. The videos are so damn cheesy now,2025-08-17T17:11:01Z,0,0,en
UgxkKUEj8IHCA0PyTNh4AaABAg,@FizzleFX,Why do they kidnapp Aldi ceo? not ... Bezos or Musk? ... RICHEST ALIVE... sounds like worth the trouble. Elon even got crypto for instant donations! and Bezos gift cards lol,2025-08-17T17:10:52Z,0,0,en
Ugw6iHdOOWIcECPWyU94AaABAg,@taecookies6121,OF ALDI?! 😭😭😭😭,2025-08-17T17:09:10Z,0,0,Other
Ugy5G2X04AaAcLuzq7x4AaABAg,@AhFuhgettaboutit,"Your documentaries never disappoint. Between the narration and the animation, these are incredible. Thank you!",2025-08-17T17:08:17Z,0,0,en
UgzlJ_ieXWAFHydYg4p4AaABAg,@delllaptop1201,CORRECT TIMING❤,2025-08-17T17:07:53Z,1,0,vi
Ugww2pPjYFwgw2dSuQh4AaABAg,@Av8r-Opr8r,Babe wake up Fern uploaded a 33 MINUTE video,2025-08-17T17:07:10Z,2,0,en
UgxES8FwjfDOmpYqVhh4AaABAg,@mrgwgaming,They should have been kidnapped because they got rid of the bremer chocolate chip cookies.,2025-08-17T17:04:29Z,0,0,en
UgysBl0mOzCYG-2QRJd4AaABAg,@Diafragmates,20:54 not AGAIN :(,2025-08-17T17:04:01Z,83,8,Other
Ugxmsoe8mm9d1S4XSt14AaABAg,@ShellYoung,"LOOOOOOOCKED
AHAHAHAHAHAHAHA
POLICE WON, LOSER!!!!

Keep making those videos, man! 🙂",2025-08-17T17:01:50Z,0,0,en
Ugz1r5rsLdyDjVb71T14AaABAg,@melikemilk6005,"""taking over europe, one country at a time""",2025-08-17T17:00:03Z,0,0,en
Ugy54sxjIsyjpiB-Pal4AaABAg,@LSSJTHOR,Cops will help the rich but put no effort into the poor.,2025-08-17T16:59:35Z,0,0,en
UgxsJnofPELuu96gKBl4AaABAg,@jeffrinthomas1448,Fern and his intro animations mama mia ❤️‍🔥,2025-08-17T16:57:39Z,0,0,en
Ugy7fxLw-S_-kNygFgp4AaABAg,@NavalKishoreV,5:26 6 weeks delivery time,2025-08-17T16:57:28Z,23,0,Other
UgzuBqYh9mXCR3sWE054AaABAg,@ClaraUnfall,nice,2025-08-17T16:56:33Z,0,0,Other
UgzJfFoatUdmoU6iOal4AaABAg,@Beastmode9000k,"just to let all of u know fern and many other big youtube channels like Verisatium , are owned by bigger investors , i have very little knowledge on how , but remember seeing it in another youtube vid, their content therefore is likely censored based on what their investors want to be seen and heard. Remember this before you take their opinions and beliefs as your own",2025-08-17T16:55:45Z,0,0,en
UgxA5tCIrtMAwg9tXiB4AaABAg,@mintudevi3974,Fern production quality is constantly increasing,2025-08-17T16:54:26Z,0,0,en
UgzigxQjorWohY6zSFx4AaABAg,@musicmakeyoulosecontrol,ad placement was so good i had to leave a comment,2025-08-17T16:53:31Z,0,0,en
UgzsU4PdyHFPaRgGgG54AaABAg,@fabiof4946,They invented the Freemium business model,2025-08-17T16:52:51Z,0,0,en
Ugw7TEfLIvAZ0wLE35d4AaABAg,@Eli-u2c3u,I used to shop at Aldi's 💔✌️✌️,2025-08-17T16:50:00Z,10,2,en
UgwfMxY3NGZtR2O_gDZ4AaABAg,@breezy985,"If he's the CEO of the parent company of Trader Joes and Aldi, then how is that his boss?",2025-08-17T16:49:44Z,0,0,en
UgxebVlVSGIzDC7ifD94AaABAg,@bogdan_tomoeoe,The way Blondy got like 3 different outfits animated for no reason. Fern's team could've just used the same fur jacket 3 times but they had to show where the stolen money was going towards,2025-08-17T16:48:52Z,0,0,en
UgxLHUDUP1-vaXERjYd4AaABAg,@wheresboppy,baby wake up fern uploaded ❤️,2025-08-17T16:48:15Z,0,0,en
Ugw98XOwtgOYEgbY2hl4AaABAg,@LSSJTHOR,He's worth billions and he cant pay a measly 7 million? This is why have have zero pity for 1%.,2025-08-17T16:46:03Z,0,1,en
UgzW4hAcDAqyHdSGLQ54AaABAg,@LSSJTHOR,He's worth billions and he cant pay a measly 7 million? This is why have have zero pity for 1%. (Guy was a hero who delt with United healthcare CEO.),2025-08-17T16:45:44Z,0,0,en
UgwpGuz1mrOieJgvrk54AaABAg,@mama791311,used to shop at aldi,2025-08-17T16:45:11Z,0,0,en
UgyeKJSm7QbLAHom9uN4AaABAg,@plaqrzx,kanye would be devastated,2025-08-17T16:44:42Z,0,0,Other
UgwYxOBJsHp9r1ZR7op4AaABAg,@kmage333,"It amazes me how u guys pop these top tier videos out so fast, cheers to the team.",2025-08-17T16:44:07Z,3,0,en
UgyuMh37O47FQvtxys94AaABAg,@smigot06,Clippy never kidnapped anyone,2025-08-17T16:42:40Z,0,0,en
UgxL70WTPPbwiJnGcip4AaABAg,@leniaiseu2321,Used to shop at Aldi's 🗣🗣🗣🗣🔥🔥🔥,2025-08-17T16:42:26Z,0,0,en
Ugz8L9mAeq7vKP_CvtZ4AaABAg,@NursePinkie,I also love the animation,2025-08-17T16:37:01Z,0,0,en
UgxmSZOvG53oV4NDvF94AaABAg,@RIPFemaleDoggy,Man was kidnapped in a Benz damn that’s a luxurious kidnapping,2025-08-17T16:36:03Z,6,2,en
Ugynv18K8hpY_9iu6EZ4AaABAg,@joepvanvliet6989,Can you do Heineken kidnapping,2025-08-17T16:35:59Z,0,0,Other
UgwhcyI08FfRxjcfuN14AaABAg,@IssacDeSnuts-d6w,I USED TO SHOP AT ALDI,2025-08-17T16:35:05Z,0,0,en
UgyS2kdncOyMeedDaER4AaABAg,@andreadee1567,Congrats to your amazing work. Such high quality. Only one thing irritates me. Your (great) animation gives everybody boobs. Even the men. 😆,2025-08-17T16:34:48Z,0,0,en
UgzIWLUazmkAqCXAipV4AaABAg,@christianramirez1133,Why not Walmart or target CEO why the Aldi?,2025-08-17T16:34:23Z,0,0,en
UgwrG_QiZ50gOMJ8Uxt4AaABAg,@McDiddykins,Kanyes gonna be crying after watching this,2025-08-17T16:33:41Z,0,0,en
UgxiRQuDJud7al4ZfAR4AaABAg,@ggycka_guy,Does kanye know about this,2025-08-17T16:30:34Z,0,0,en
Ugx0ozExlsLyePbbmEt4AaABAg,@AlexNichiporchik,This lore is fire. I appreciate how you can also just listen to these videos while on a bike.,2025-08-17T16:29:24Z,168,10,en
Ugywo6vFkIde88VV39l4AaABAg,@theultimatereductionist7592,"How the CEO of Aldi was Kidnapped
www.youtube.com/watch?v=sEr5vEF6_ec",2025-08-17T16:28:21Z,1,0,en
UgwIfnzFVReLN51_O_l4AaABAg,@theultimatereductionist7592,WHAT THE... F?!   The CEO and one of the founders of Aldi was kidnapped in 1971 September 29th?!,2025-08-17T16:27:45Z,1,0,en
UgxJ3A3ZDSvK9NWp9454AaABAg,@lengting,Finally a classic fern video. Don’t change the style with the mannequins.,2025-08-17T16:26:56Z,0,0,en
Ugz_i4VKRrbWYRvNLMN4AaABAg,@MyonlyDans,get the bong and dinner ready honey! fern uploaded!,2025-08-17T16:26:03Z,0,0,en
UgwwVSqgOxPakq_BiLF4AaABAg,@TheresaSolution,#Aldi = yuck.,2025-08-17T16:22:18Z,0,0,Other
Ugwhmm0N9pxa6x5NAk54AaABAg,@Dollectable_Dreams,When did this happen?,2025-08-17T16:21:50Z,0,0,en
UgyfnKR5tGeFP51DYlN4AaABAg,@micah-e4e,Aldeez nuts,2025-08-17T16:21:01Z,0,0,Other
Ugy9r5H1I8pl1pRumvB4AaABAg,@villegas24,Why don’t you use the German guy to pronounce or to narrate the obviously German themed videos ?,2025-08-17T16:20:05Z,0,0,en
Ugx01dUgGsGAoGBDrbp4AaABAg,@popmycherrygg,<3,2025-08-17T16:19:15Z,0,0,Other
UgxrbFubeRXh8hNdC6R4AaABAg,@kneel1,"yikes.  gross old rich man, those poor women",2025-08-17T16:19:04Z,0,0,en
UgxRpz93DkiIVlECGCN4AaABAg,@SunnyDays_StaryNights,Nothing was special on the news - “Women belong in the kitchen.” 💀,2025-08-17T16:16:37Z,0,0,en
Ugy8dxuGX_67LSjimcx4AaABAg,@NursePinkie,Yaaaay,2025-08-17T16:15:01Z,0,0,Other
UgxZPD3Y434RazUEvMt4AaABAg,@Kultivated,"I've been working at an Aldi store for a while now, and the 55-item rule is easy to meet. Besides, the managers don't harp on it. It's actually quite relaxed behind the counter. It's nice to see lots of people come by and chat while scanning. And because everything has been made more efficient, the salary is higher than in some other chains. Personally, I don't really feel any negative pressure to perform, but I can't judge how things are in other branches.",2025-08-17T16:14:57Z,167,10,en
UgwinAzoYyrdHIIIZv54AaABAg,@mikes9756,Really enjoy the animation but I found it hard to follow the story of the kidnapping when the history of aldi is injected in at random times,2025-08-17T16:11:21Z,0,0,en
UgwNxLcH_KpFFUlU-Tl4AaABAg,@EagleEye1775,21:51 bro is not Dexter,2025-08-17T16:08:43Z,70,4,en
UgyCY4etWNcxnIrC6Id4AaABAg,@Nayte08,Is this a paid advertisement for ALDI?,2025-08-17T16:08:14Z,0,0,en
UgyuI4vhDADIXM-QliN4AaABAg,@lassehauerwaas3078,Never trust a man who sleeps with a tie on.,2025-08-17T16:06:47Z,1,0,en
UgzR_8MZAzZ_bZKVnY14AaABAg,@animatedmiIk,Top tier,2025-08-17T16:06:44Z,0,0,Other
UgwYK9gGtJfPWhLxujx4AaABAg,@legitibiqua,"Saw rhe end of this on the local Mexican restaurant's tv, thought it was a legit documentary",2025-08-17T16:04:42Z,0,0,en
Ugz_ygScbJZyEwfmf_p4AaABAg,@WindyMorro,kanye has to be angry af,2025-08-17T16:04:27Z,11,0,Other
Ugw4OPistoh24T4fKoZ4AaABAg,@shadow.banned,Sorry about the blondie.,2025-08-17T16:02:59Z,0,0,en
UgyX1H7llUpXdSEwHb94AaABAg,@rriveranotario,"Wow, a Gullwing!",2025-08-17T16:02:53Z,0,0,en
Ugx8Ddz6SZQsR1wofPJ4AaABAg,@YaroslavaRoza,"I really enjoy hearing the stories about incredibly random people from history, that I would probably never know about unless I watched Fern 😒😒😁😁",2025-08-17T16:01:50Z,34,0,en
UgzVttgbpFEKubQJoY14AaABAg,@fr89k,"Asking what wood the new wardrobe has is such a women thing. At least she didn't ask what color her favorite shoes have with the answer being ""rosé"".",2025-08-17T16:01:18Z,1,0,en
UgzlHmHjLxq56Wq5_gN4AaABAg,@randomguywhoisrandom,perfect time to watch while having dinner,2025-08-17T15:59:38Z,0,0,en
Ugz2s81JpkXo4L3ugsV4AaABAg,@MrAlex3461,Why do they all have boobs?,2025-08-17T15:59:30Z,0,0,en
UgzpKwL7hosxNK5xS8B4AaABAg,@uncle_nightmare,"20:52 “Soon they expand into Belgium and France, conquering one country in Europe at a time.”

I get a sort of WW2 pun vibe here.",2025-08-17T15:59:27Z,144,2,en
UgzXUB9Ww7aPZRHJaE14AaABAg,@jonsmith7266,"Did she wait for him? ""We may never know"". LOL--surely this is a knowable thing, that could be looked up! Where is your research?",2025-08-17T15:59:13Z,1,0,en
UgyZ7ogS2NJE3FE97Gt4AaABAg,@SleeplessKvan,"The thumb is sum mafia ad type shi 😭
""CEO"" & ""IDIOTS""",2025-08-17T15:58:44Z,0,0,en
UgzYB8zaDNzX3VpRF2F4AaABAg,@tailscape,love the kinda wed anderson vibe this video has,2025-08-17T15:57:54Z,0,0,en
UgyJBc1ruBgDxGcVuiJ4AaABAg,@hardcore1801,I am so satisfied with this video quality....,2025-08-17T15:57:49Z,2,0,en
UgyfG9N-MScPiqr9UH14AaABAg,@FlankyFrankie,I am curious what software you are using to make the animations/models?  I have been using Blender for about four years now......,2025-08-17T15:57:16Z,0,0,en
UgxGqee-HMZFkF-hA6h4AaABAg,@ChocolatePaint,"3:47 ...was not expecting an S bomb from fern, but hey, fuck it 😂",2025-08-17T15:56:17Z,1,0,en
UgzdiF4mGYBmff7XB9x4AaABAg,@albevanhanoy,The contrast between this laughable attempt at crime that ran on nothing but improvisation and the clockwork organisation of the Heineken kidnapping is quite remarkable.,2025-08-17T15:56:09Z,0,0,en
UgwXTAP61sz4SGYPmKp4AaABAg,@av3102,No-Frills is a German owned brand???,2025-08-17T15:54:11Z,0,0,en
UgweOGlwKHxrFHuZS0V4AaABAg,@austinsolak,FERN is owned by private equity btw!! But still top tier videos,2025-08-17T15:54:06Z,5,0,en
UgzuN27wEwhjZT9WPbp4AaABAg,@timestampterry4820,aldi 55 scans per minute to make it cheap? and I scanned somewhere around 140per minute at walmart and their shit is still expensive,2025-08-17T15:53:31Z,0,0,en
UgwCsI_PgLQWcAHqEgZ4AaABAg,@yogurtdrift9872,I swear the editing gets better every video!,2025-08-17T15:53:04Z,0,0,en
UgzlFdS-G0TmXcfYty14AaABAg,@madpalermo,Love the Bond-like intro,2025-08-17T15:52:21Z,0,0,en
UgwKdNFmEv8pOJmQE_94AaABAg,@sshblue0,29:42 work on your cuts,2025-08-17T15:52:12Z,2,2,en
UgxKo1vVHm5dwM2nCDZ4AaABAg,@Gzbois,3:59 That's does no add up to 700k.,2025-08-17T15:49:50Z,1,0,en
UgwmTLv8nLLFZdhbwrt4AaABAg,@jackthebro6548,When companies reduced operating costs to reduce prices instead of increase profit margins,2025-08-17T15:48:17Z,0,0,en
Ugx3L4EwGIPyP7uMez94AaABAg,@novathadon4095,How does a CEO have a boss?,2025-08-17T15:48:10Z,2,0,en
UgxP-elBVQ5N2yraLU94AaABAg,@Freezeeny,Aldi got into a Lidl bit of trouble by the looks of it,2025-08-17T15:45:36Z,4790,41,en
Ugyxj-XJuAi5SSAMn8F4AaABAg,@liamthebox,LUIGI NICHOLAS MANGIONE VIDEO PULL,2025-08-17T15:45:31Z,0,0,Other
UgwAyhKZLBOrEmu3KT14AaABAg,@denjua1,"wouldn't the thumbnail make more sense if the red square would say the non plural version ""idiot"" because it is pointed at one person directly?",2025-08-17T15:45:11Z,1,1,en
Ugx3P3ny1MCgTFB8QKd4AaABAg,@MásCebollasPorFavor,Döner worthy video,2025-08-17T15:44:01Z,0,0,Other
Ugxt-U-8zByFLeBCC7l4AaABAg,@inkedbeast76,Bondage on YouTube!,2025-08-17T15:42:54Z,1,0,en
UgyQ_eoonLBfZeWMjNt4AaABAg,@nahbru2,USED TO SHOP AT ALDI’S🗣️🗣️🔥🔥🔥🔥,2025-08-17T15:42:28Z,10,0,en
UgxxFie4kB1PhBrasjh4AaABAg,@thanosianthemadtitanic,here before thumbnail was changed,2025-08-17T15:42:07Z,0,0,en
Ugzx9LW1P3f1WZxAdcN4AaABAg,@L-Dyne,What's Aldi?,2025-08-17T15:41:43Z,0,0,en
Ugy3nGvPK6F9kdAu9Fh4AaABAg,@ToMyFutureSlf,It's great having fern participating in a fern's video.,2025-08-17T15:41:10Z,0,0,en
UgwJa6GwHxB1gfsEoet4AaABAg,@Kaptin3s,Why do all the mannequins have gynecomastia?,2025-08-17T15:41:05Z,0,0,en
UgyXGnVL1HKOnVNkUQF4AaABAg,@wangofree,"What a story.  It's always the hand off that is risky. I always thought a sure fire way to pull it off is to have the ransom sent to a non extradition country. The kidnappers check the packaged ransom and if it's good, then let the kidnapped person go free.",2025-08-17T15:40:11Z,0,0,en
Ugx1pXx-afsjhmQOSPR4AaABAg,@notforzelle,"""I used to shop at aldis""🔥",2025-08-17T15:39:04Z,3,0,en
Ugz6aD93nS_fVygayY54AaABAg,@lIloI0IlolI0IlIoIl0IIIIolIl,Boy I sure love it when the video about the kidnapping of Aldi’s CEO gets interrupted by an Aldi history lesson every few minutes,2025-08-17T15:38:31Z,2,0,en
Ugw9yoRUAQn84MFUzA14AaABAg,@rob6952,Today's winning bot words are:  dinner and animation,2025-08-17T15:36:14Z,0,0,en
Ugwif90WbGa7xr9zDcR4AaABAg,@Oscar_Lagrosen,Such a great told story! And Jonas got to be a part of it too!,2025-08-17T15:36:01Z,1,0,en
Ugwo5rpB3BoL5D-2wnV4AaABAg,@wailingalen,"0:16 CEO has a boss? From what I know at my job our President boss IS the CEO lol fascinating.
Anyway excite for a new video!❤",2025-08-17T15:35:29Z,0,0,en
Ugy6lY1nosa6gtdX7V94AaABAg,@n00b2b3r,Absolutely amazing video,2025-08-17T15:34:16Z,0,0,Other
UgzXkNy8U_YiiGVMqrp4AaABAg,@glazzz_animations,ALDI ALDI ALDI 🥀🥀🥀,2025-08-17T15:33:52Z,1,0,Other
UgxhIh0gaQ4onSm-Fwl4AaABAg,@vincentjohnson7196,"Another awesome video! Wow, thank you :)",2025-08-17T15:33:29Z,0,0,en
Ugw3MF_4ytCD6OA9dNx4AaABAg,@BigTMC,24:31 fern is going through puberty now he just always had a deep voice,2025-08-17T15:32:52Z,254,2,en
UgxxMxGfd0dp1hcVwut4AaABAg,@ghoullynx7744,Used to shop at aldis!!,2025-08-17T15:31:47Z,0,1,en
Ugy8m2KlizE9UtLFhM14AaABAg,@smartiee74,"I see a video from Fern, I click.....",2025-08-17T15:31:07Z,0,0,en
Ugx6rZGjqoMg3awyQyB4AaABAg,@chadderko,I used to shop at ALDI  🗣🔥🗣🔥,2025-08-17T15:30:50Z,1,0,en
UgxxBhJIMvVfeCNozH94AaABAg,@Bench_1,"It is genuinely impressive how you guys manage to pump out a documentary better than Netflix multi-billion dollad documentaries, and you manage to do it *every week.*",2025-08-17T15:30:33Z,0,2,en
Ugx-xrEOzDBhrTPrCT54AaABAg,@genericamerican7574,*The 007 intro 🎰💐🎭*,2025-08-17T15:30:19Z,0,0,en
UgxnNSlnCw-r083kFHl4AaABAg,@zaxoda4320,"Ok, i have to know. Does someone from the Fern team have a liking toward the Nissan r32? I keep seeing it here and there in between stories, and its awesome!",2025-08-17T15:30:08Z,0,0,en
UgyjAyRJw4EB84CslaJ4AaABAg,@SassytheMotherfuckingSasquatch,Going to make a meal to watch this with,2025-08-17T15:30:07Z,0,0,en
UgwtLZM0XVswm8gYu-Z4AaABAg,@Clip_It1,"i dont really like aldi much, here in australia (not sure if its like this anywhere else) they dont pack your bags, they just basically throw your items and you and hope you can pack faster than they can scan, its only slightly cheaper than other food shops, i prefer the customer service over the price",2025-08-17T15:29:50Z,1,4,en
UgzTwRnUVjB878IuFml4AaABAg,@SeaJay_Oceans,Thanks for all the snacks Aldi.   So sorry someone took your CEO.,2025-08-17T15:28:25Z,0,0,en
Ugz-IgNFeopmv2VtoHp4AaABAg,@SyedOsmanQuadri,"Fern's ADs are not advertisements, they're advices",2025-08-17T15:25:58Z,0,0,en
UgxUzSW9nmsQawgwl1B4AaABAg,@IdliBatter,What a video 🤩,2025-08-17T15:25:25Z,0,0,en
UgyjW-EBGsOns-o1Qy54AaABAg,@clippywithablicky,3:22 i cant hear the word big shot without being reminded of deltarune bruh,2025-08-17T15:25:18Z,0,1,en
UgyG0st4LrnOJYHUsRB4AaABAg,@XxMiNeCaRtPhOeNixX,2BG ahh thumbnail 💀,2025-08-17T15:25:17Z,0,0,en
UgxtLixjqmEi8xGRSFt4AaABAg,@sphamm2231,24:30 the voice crack 😂 I’m surprised you didn’t cut that out,2025-08-17T15:24:04Z,15,1,en
Ugz_3nx5klHayvJO5EZ4AaABAg,@adamothman7136,"eating and watching rn, thanks man",2025-08-17T15:20:28Z,0,0,en
Ugzv8Ct-UUEGn6wNQpZ4AaABAg,@ThePrinceofallsayain,Why did everyone forget and forgive YouTube for removing dislikes,2025-08-17T15:20:25Z,0,0,Other
UgyAUeccVz8-xFsyR_p4AaABAg,@quqsy4867,sorry to be that guy but on 3:57 120k+180k+250k is not 700k😂,2025-08-17T15:20:02Z,0,0,en
UgwlnPLdaNNhJeXJsY54AaABAg,@ChazzSlackway,You germans know how to make a YouTube video pop,2025-08-17T15:19:13Z,0,0,en
UgwXsdNfypauFiZZKrt4AaABAg,@fermm56,Wake up mf vedio has came😂😂😂❤❤,2025-08-17T15:18:58Z,0,0,en
UgyZq27dnymnZofycbl4AaABAg,@LolliPops9,Did his ransom come with a good discount...? 🤔,2025-08-17T15:18:51Z,0,0,en
Ugwxij3weKulAF9nHRV4AaABAg,@SyedOsmanQuadri,You know the dinner's gonna hit different when fern uploads,2025-08-17T15:18:03Z,0,0,en
UgzVroHKe4DTDfTqhO54AaABAg,@Jolis_Parsec,"I’m honestly surprised that the kidnappers were treating Albrecht so decently while they had him imprisoned as that’s not what I had assumed they would do to a company CEO whom they were demanding a ransom for. Hopefully that got taken into consideration at their trials since most kidnappers wouldn’t go the extra mile of treating their captives like human beings, just saying.",2025-08-17T15:16:40Z,0,0,en
UgxxMG7QYtZfAV0Ho7Z4AaABAg,@jmmjmmjmmjmm,It feels likes I am watching an episode from a web series. Top notch narration and animation.,2025-08-17T15:15:33Z,0,0,en
UgyInWmNPvo0021Ad-l4AaABAg,@Mobilegaming0624,Wow aldi ceo😂 that’s surprising,2025-08-17T15:15:25Z,0,0,en
UgzGT8n8ZITCzS-nvm54AaABAg,@Zach-gm8us,fern makes youtube videos like movies 🍿,2025-08-17T15:15:10Z,0,0,Other
UgzZGQ3QZaHr52qJrex4AaABAg,@Tigewasse,i shop at aldisssss kanye plotted ts fs,2025-08-17T15:12:19Z,1,0,en
UgwyVnGJLRJUIauiXF54AaABAg,@I8one2Many,Did they get a quarter back when they returned him?,2025-08-17T15:12:01Z,0,0,en
UgzYVv0wJCxUUPc5-qp4AaABAg,@xeczy4784,W vid,2025-08-17T15:11:28Z,0,0,Other
UgymkR2tfgWk-OtU_f54AaABAg,@lightshyft6706,Poor Kanye,2025-08-17T15:10:57Z,1,0,Other
Ugz9c-C3N9nhHS57Xq94AaABAg,@Lp1335,Also they have the most recalls on food 😫😵‍💫,2025-08-17T15:09:56Z,0,0,en
UgxHXNS4hAKw0qIplOF4AaABAg,@cosmickitteh,"I don't know what makes them so special; I just know they somehow manage to be cheaper than walmart, and so desperate in the deep south I shop their when I can, despite it being a 45 minute drive one way.",2025-08-17T15:09:49Z,2,0,en
UgwifPHKTXnc9uQCBu54AaABAg,@John-n9u6h,Immaculate intro as always,2025-08-17T15:09:30Z,0,0,en
Ugy1zqHAthfMO0b2S3d4AaABAg,@thomasbohl6924,Biggest kidnapping in German history?! RAF enters the chat.,2025-08-17T15:09:22Z,0,0,en
UgwnfChMkbPsnhOERUl4AaABAg,@huffman1846,I love the Casino inspired opening.,2025-08-17T15:09:22Z,0,0,en
UgxfL_6cVSJ3dnXZgtN4AaABAg,@manuel.camelo,Aldi the supermarket??,2025-08-17T15:09:21Z,0,0,en
Ugwdli5hN8ZA3kZNgdZ4AaABAg,@davegarner6506,I have no meaningful comment.,2025-08-17T15:09:04Z,0,0,en
Ugz7A8rGoJBx83lI7vR4AaABAg,@Econ-Verse1,This is such a wild story! Teao Albrecht's abduction really shows how the personal and professional worlds can collide. The contrast between his strict business methods and the chaos of being held hostage is fascinating. Do you think this experience influenced Aldi’s ruthless efficiency? The fact that dirty pants were the key to cracking the case is just crazy! What’s your take on how personal drama can affect major business empires?,2025-08-17T15:08:20Z,0,0,en
UgwCfjkb6qQZXpIUaLR4AaABAg,@water-k6j,Noooooo I need to shop at Aldi,2025-08-17T15:08:11Z,0,0,en
Ugz23B3G93d5pJ0Bct54AaABAg,@RichartEgli,"Funfact
The word ""Essen"" means food , ""essen"" means eating...perfect to start a food business",2025-08-17T15:07:58Z,0,0,en
UgyMD511B_70DgAK-PR4AaABAg,@unofficialjuicewrldunrelea2580,I shop at AL-DI,2025-08-17T15:07:23Z,0,0,en
UgzZL-vZKk44WLIZKYF4AaABAg,@tontitontito,"Wasn't expecting a James Bond-esque opening, yet I'm grateful for it. ¡Greta documentary!",2025-08-17T15:07:21Z,0,0,en
UgxDuZsBGmBdSNws6tV4AaABAg,@RealYoGoated,kidnapping a one of the richest people at that time as your first victim is crazy 💀,2025-08-17T15:07:13Z,38,14,en
Ugx0xl2xdlfSHZvDb6x4AaABAg,@bomg123,First video I’m watching even though I’d click on every video in my homepage rn,2025-08-17T15:06:43Z,0,0,en
UgyhPSuaZc56yQWOG714AaABAg,@dorklyasmr6017,"The employee was driving a Mercedes 300 Gullwing, wtf?",2025-08-17T15:06:38Z,0,0,en
Ugw4F3_02yeDqutxBL94AaABAg,@adamnintindo,Wow so convenient not to call what Germany did  1939-45 by name. Shame. They murdered million of innocent civilians and started the Second World War.,2025-08-17T15:05:23Z,0,0,en
Ugwsw5J116nHNRCwgZx4AaABAg,@kindnessmattersffs,"That opening animation/music was outstanding!!! Like - I seriously stopped what I was doing and locked into it! 
Top tier guys, seriously!! ❤",2025-08-17T15:05:12Z,8,0,en
UgwiLqTd4_hTKeL2MgZ4AaABAg,@heatherduke7703,Could you tell the cgi team to stop giving the men boobs? 😅 A suit will mostly hide any definition underneath it,2025-08-17T15:04:49Z,0,0,en
UgwtAbXRC5SX7k06dzZ4AaABAg,@CBLChase,I think there was a bit bigger of a kidnapping in earlier German history. Alot of people were “kidnapped” in a way,2025-08-17T15:04:42Z,0,0,en
UgzRQJakVI1zZM1U1NR4AaABAg,@koffiewolf,32:50 oh you would be schoked how far supermarket monopoly's go to keep there prices down. And when prices go up farmers never will see that back and each time politicians want farmers to have a fair share supermarkets point at them being like ''oh well we have to raise prices so its your fault people with less money are unable to buy for example eggs or raw meat''. And its holding back farmers to modernize dairy farmers dont get there cut so they could for example invest in a manure digester or a chiken farm can does not have enough funds to transform its operation to a free range kind of situation. Or food wheat farmers to try someting less pesticide heavy this season. Infact you can trow all the subsides in the world to have the argicultural sector to transform into someting envorimentaly friendly while also having high yields to keep everyone fed. The supermarkets will find a way to absorb that.,2025-08-17T15:03:29Z,5,0,en
UgyPMw37pxFWk9u4n9V4AaABAg,@abrarankon8948,Everyday the content of this channel keep getting better n better,2025-08-17T15:02:53Z,0,0,en
Ugwrzq-1Wd75TItlY3p4AaABAg,@Yintii,I love it when I see a fern video!,2025-08-17T15:02:46Z,0,0,en
UgymeXah8kUiXSZn9Sd4AaABAg,@yingqiaozhao74410,2:28 squid game???,2025-08-17T15:02:13Z,4,4,Other
UgxT4tlcpRHfdcoC6IN4AaABAg,@6lavay,babe wake up fern uploaded another banger,2025-08-17T15:01:37Z,1,0,en
Ugx7Hqw_C2DDtAtHElZ4AaABAg,@MercyMain0,"Not me eating an aldi noodle bowl while watching (yes my family are aldi shoppers, there fire)",2025-08-17T15:01:06Z,1,0,en
UgzTJQA1Bp6sM5sODjV4AaABAg,@doomking9243,Hoog ahhh video,2025-08-17T15:00:15Z,0,1,Other
UgyCmWS9Tws79iEVC294AaABAg,@GouravMoondra,i like this guy's narration more.,2025-08-17T14:59:54Z,0,0,en
Ugy1K1geruTBdBcRZnp4AaABAg,@ebdgr,24:30 Ironic that we have a supermarket called No Frills in Canada.,2025-08-17T14:58:15Z,0,0,en
Ugxc9cw7AlqGjl1Sxfx4AaABAg,@eeyou,"31:07 - ""it's 12am"" and ""lunch""...yup, classic Europeans mixing up am/pm (been there done that)😅",2025-08-17T14:58:13Z,0,0,en
UgymU5YLSbXJjec_78h4AaABAg,@AjusshiGT,tonight's the night,2025-08-17T14:57:47Z,0,0,en
Ugxe0TU8pGJtfJ5oWfB4AaABAg,@beastrory6105,Used to shop at aldiiii🥵🔥🔥🔥🔥,2025-08-17T14:57:43Z,1,0,en
UgyPECCbewdqlvhvZQV4AaABAg,@fives914,The new world order was probably pissed because their prices are too low and exposes how our natural resources have been hijacked!!!,2025-08-17T14:57:40Z,0,0,en
Ugxjdtva_fxa9zmbdT14AaABAg,@Hmmmmm-e7l,2:28 no way I'm the only one who heard squid games theme song in the background,2025-08-17T14:57:39Z,2,0,en
UgxqIiG5VQ10iyvwHEx4AaABAg,@xinnnnnh,"when something bad happens to any CEO, the world becomes a little bit better",2025-08-17T14:56:33Z,0,0,en
UgzSVVnDuQseZ3efADx4AaABAg,@DeltaTesla-ph9yh,"Bishop: What is your wife's favorite food?
Albrech: Pasta?
*Not him. Let's get the f out of here*",2025-08-17T14:55:43Z,2742,4,en
Ugzz2MtfP5fYgBoVjhZ4AaABAg,@ronaldckrausejr7762,"Anyone work inside of an Aldi warehouse?

Get ready to be replaced by a system similiar to the Amazon stacked warehouse. Meaning the entire warehouse will only need four or five people at a time",2025-08-17T14:55:43Z,0,0,en
Ugxr7ud106Ot4mpD8iF4AaABAg,@connork8984,Killer intro,2025-08-17T14:54:39Z,0,0,Other
UgwI71GEkJGd6JIuhIx4AaABAg,@Cyr0_0YT,"somehow, video quality keeps getting better!!",2025-08-17T14:53:09Z,0,0,Other
UgwR6jzH_pUsW9xagyt4AaABAg,@Onora619,The intro was great lol,2025-08-17T14:52:13Z,0,0,en
UgzwHAD0oM1S9NqlRPx4AaABAg,@Jenkins808,Dankje voor de video! Cant help but hear the dutch accent when saying names bro haha <3,2025-08-17T14:52:04Z,0,0,en
UgzoRp-D45eRtb3vN9Z4AaABAg,@clb92,Fern - Now with Severance inspired intro,2025-08-17T14:51:22Z,0,0,en
UgyLHCGUqwh91ofEsi94AaABAg,@Wkdnen,Kanye,2025-08-17T14:51:08Z,0,0,Other
Ugx3kcAjqBN5hZELixp4AaABAg,@Wondersize,Insane quality story-telling... glued to my screen for the full half hour,2025-08-17T14:50:54Z,0,0,en
Ugx7eWzYJUKa9ySO8Hp4AaABAg,@tipassss,Severance opening vibe animations,2025-08-17T14:50:44Z,0,0,en
UgwuOvt1g7FhnGQflBJ4AaABAg,@JoffreyGeenen,"I grew up with Aldi products and still shop there. They have good products, sometimes even better than the big brands, if not mostly. Crazy to hear about this story!",2025-08-17T14:50:24Z,1,0,en
Ugx7P3akhUcfd_Ew_q54AaABAg,@hidden-leaf,bro was given VR headset so he can pass time during the kidnapping. such kind kidnappers.,2025-08-17T14:50:20Z,3497,31,en
UgwZMVmRQgACS6Cdcdl4AaABAg,@Thebigpiigg,Owned by private equity btw,2025-08-17T14:49:27Z,13,2,en
UgzraI2p5tN89Z5GLA94AaABAg,@mr.y.mysterious.video1,And the ransom was just two thirds of the ransom price for heads of comparable stores,2025-08-17T14:48:15Z,0,0,en
UgwmxvkLJqMkDYUPsQd4AaABAg,@DumbAsh00,The intro is insane,2025-08-17T14:47:34Z,0,0,en
Ugy50Tx89YNVCVP6DK94AaABAg,@maxkoster3836,Dit verhaal vertel ik al jaren! Bedankt dat jullie het nou ff goed vertellen❤ bedankt! 🎉,2025-08-17T14:47:19Z,1,1,Other
Ugx7cMGnrZYluanKhO54AaABAg,@beginninglastleg4444,I can’t even watch your videos anymore. Minute 8 and on ad 3. Getting too greedy.,2025-08-17T14:46:58Z,0,0,en
Ugzdd7uc4YJfqU-W1zN4AaABAg,@g_bent,The jumping around from the stores history to the story is extremely hard to follow when youre waiting on the caffeine to kick in or you just want to listen and not watch the video. I love both parts of it but this is the hardest to follow video I've seen from y'all to date,2025-08-17T14:46:53Z,0,0,en
Ugy1sUf4qF0zHp_lSbt4AaABAg,@nationalfinkgamng,24:32 voice crack,2025-08-17T14:46:42Z,0,0,Other
Ugy9v7kLoXSmYOTnwlt4AaABAg,@Russian_Spoon,The jumping around in this video is certainly unique,2025-08-17T14:45:25Z,0,0,en
Ugz1XpZ0PLR3jAEpF0F4AaABAg,@TheGhostThatWas,I love how when they are in the hotel in Mexico the mannequin model is wearing a full suit in bed,2025-08-17T14:44:57Z,1,0,en
Ugx4lg2wRdEhm4Q5u814AaABAg,@ebdgr,13:08 No Frills is a Canadian grocery store with the famous No Name brand products.,2025-08-17T14:44:39Z,1,0,en
Ugx6oBlG2KoFevvPHft4AaABAg,@SouthPhillyLilly,"This makes infographics look like a Saturday morning cartoon. At some point I just had to stop listening to them, I felt unsettled like I was being yelled at from an infomercial. You guys really create beautiful work and it’s so so appreciated it.",2025-08-17T14:44:03Z,2,1,en
UgyYG8oSiMkcyEgPXyV4AaABAg,@zuelio,8.5 years for kidnapping is so little,2025-08-17T14:43:47Z,0,0,en
UgxWfWw1t13NXFk1mOZ4AaABAg,@hbomb5445,It's so funny how they kidnapped him with absolutely no plan. It's like something from It's Always Sunny In Philidelphia lmao,2025-08-17T14:43:39Z,1,1,en
UgzDrYwmweJh22jPnWB4AaABAg,@SorryImSam,Did you render this in 30fps what's going on,2025-08-17T14:43:30Z,0,0,en
UgxmIRvRAhx8he1-8pt4AaABAg,@BeyondGodLike89,"With ""fern"" you don't care what the thumbnail is, what the title is, what it is about - you just click!",2025-08-17T14:42:57Z,1,3,en
UgwLzY_BP8zWFwP-Jll4AaABAg,@Jchasser,I used to work at aldi. Let me tell you. I wasn’t rooting for family,2025-08-17T14:41:44Z,0,0,en
UgzPXnUUE238n7cIIYZ4AaABAg,@DougMiller-z4b,Not gonna lie id do 8 years with a smile if knew I had 7 million waiting for me,2025-08-17T14:41:15Z,0,0,en
UgxXik-vWhG8gt7D5E54AaABAg,@Tommy2Gunzzz,"As a young man who pays $1k for a one bedroom apartment and Aldi is down the street from me and I go there and take my own bags and love it because everything is good quality yet so cheap I spent $85 dollars and walked out with so much food and drinks healthy stuff not junk food, I don’t go to Walmart or Target I save a lot of money and with Aldi, even when my friends come over and see my fridge their impressed on how much food and stuff I get for $85, if you order take out for the family it’s typically over $70 bucks and I got 3 weeks worth of food for $85 bucks",2025-08-17T14:39:25Z,3,0,en
Ugx8NVOXYKIG4z8K0kR4AaABAg,@water_is_wet,"amazing video fern, pls never stop making these",2025-08-17T14:37:36Z,0,0,en
UgzC-m668Ywmy56ExwF4AaABAg,@arwidd,used to shop at aldis,2025-08-17T14:37:02Z,2,0,en
UgyETuiixOCcYcujWY14AaABAg,@awellculturedmanofanime1246,9:18 😂😂 this is a popular clip in germany im pretty sure 💀 its kinda bizarre how not so long ago it is,2025-08-17T14:36:11Z,0,0,en
UgwJ4-1DWBt7BgjtSEd4AaABAg,@aminajelle7579,Man fern is so addictive walahi 😭😭😭😭,2025-08-17T14:35:56Z,0,0,en
UgxaOd8p2Dh_P34iHUx4AaABAg,@asuraaaaaah,nice reupload,2025-08-17T14:35:50Z,1,0,Other
UgwKLFwkdwWLNEqnldd4AaABAg,@kaloggeorge6791,3:56 something doesn't add up.,2025-08-17T14:35:47Z,4,2,Other
UgzfZL__gtBJpk2bXFZ4AaABAg,@insideAfrikca,"The graphics and animations are made in another world. This has become a home for me on YT. Dear Fern, you live in my heart.",2025-08-17T14:33:52Z,2,0,en
UgxPQlZzOxXMMsFO2194AaABAg,@TechIOwn,Lol 9:18 sounds like something you'd get in Teardown lol,2025-08-17T14:33:18Z,2,0,en
UgxMDqgGxGhIM_d0q7F4AaABAg,@itsOZone,of all company ceos aldi's is probably the one id least suspect people would wanna go after. its one of the only half decent grocery chains that isnt gouging ppl.,2025-08-17T14:33:02Z,0,0,en
UgyyiqlCI6NxAK4TQYx4AaABAg,@ryan55731,Kanye reference,2025-08-17T14:32:43Z,0,0,en
UgwPx3nTShKnxBT3o6V4AaABAg,@leothelion69,"Funny how the original Aldis is (on its face) the polar opposite to Trader Joes. Both wildly successfully, but with distinct histories rooted in different branches of the Albrecht family. TJ's was founded by Joe Coulombe in the United States. While Aldi Nord eventually acquired Trader Joe's in 1979, the two chains operate independently and are not directly related in their U.S. operations. I will say tho, while Trader Joes is all friendly casual and color, the prices are low, check-out is fast, and they're not afraid to discontinue a poorly performing item (and I hate them for that cause everyone has an item they miss)",2025-08-17T14:32:32Z,29,3,en
UgygBgze1u8ryfXkDZF4AaABAg,@mb_ammaces,used to shop at aldis🗣🔥🔥🔥,2025-08-17T14:32:13Z,5,0,en
UgzHPDUChORFV9UFW2d4AaABAg,@Nonexistentialism,Nice staging!,2025-08-17T14:30:15Z,0,0,Other
UgyTS1EPUuSVcBLILpJ4AaABAg,@paksyxd,Tonight's the night 😏,2025-08-17T14:29:59Z,0,0,en
UgyLgXIXJlUInTags7l4AaABAg,@DefiningLore,i just want everyone to know in the comments you may be a fern fan but you haven’t watched every video in sequence since the channel started im THE GOAT!,2025-08-17T14:29:45Z,0,0,en
Ugyy5N_ftSyb4O-I6Yl4AaABAg,@JoKrPH,Why are a lot of YouTubers using your animation formats now?,2025-08-17T14:29:33Z,0,0,en
UgxWPL_5I0WS9Qdwtot4AaABAg,@dakariuish,"fern. tell the team to behaveeee. 10/10,",2025-08-17T14:29:11Z,0,0,en
UgyvynlbCBAfNt-2u0N4AaABAg,@Driver956,right when I decide to stop watching YouTube and do something with my life I see that this came out 😂,2025-08-17T14:26:46Z,0,0,en
UgxOn6qr4N7cNWH3RcZ4AaABAg,@MichaelOrnstein-tz4fb,LETS FUCKGERS,2025-08-17T14:26:21Z,0,0,Other
Ugyum5qwXpuZqSnO2Fx4AaABAg,@sonOfTheL1vingGod,"Fern does it again, great video",2025-08-17T14:26:14Z,0,0,af
UgyxKZbPJq8GYXqelGJ4AaABAg,@MichaelOrnstein-tz4fb,EARLY SHIT,2025-08-17T14:26:11Z,0,0,Other
UgxVLPOrXeftaXmht_d4AaABAg,@messwithhelpy,"am i getting this right?...
bad guy immediately made a suspicious dept repayment, and that's how he was fingered",2025-08-17T14:25:36Z,0,0,en
UgynvKXfTeyNDWE97rV4AaABAg,@Tanner___,Proof that lidl is superior,2025-08-17T14:25:17Z,0,0,en
Ugy0C0NgN9O_aWqbDmd4AaABAg,@Building7WasFine,we need more of this!!!,2025-08-17T14:25:10Z,0,0,en
Ugw3vDa5ibKxLmLL7Rd4AaABAg,@sashmilch2305,Reupload,2025-08-17T14:23:40Z,0,0,Other
UgzjjsDUFoI_gStU6Ih4AaABAg,@NemanjaVEVO,i used to shop at aldi.,2025-08-17T14:23:29Z,0,0,en
UgxmaQjwEeFH07FblE54AaABAg,@IlegalDev6514,aldih 🥀,2025-08-17T14:22:33Z,0,0,Other
UgxV54EEPh9mbDvZxLd4AaABAg,@someguywhowatchesanime4074,kanye reference,2025-08-17T14:22:21Z,0,0,Other
UgyqMI1e3yD4XT5w8vB4AaABAg,@ZMicron,I thought I had watched this already but turned out it was another video from the Hoog channel,2025-08-17T14:21:18Z,0,0,en
UgwZqSbUk78mWTRBOip4AaABAg,@Andyd33,55 ITEMS a MINUTE,2025-08-17T14:18:17Z,0,0,en
Ugw2P8orWIeNgpH1tDd4AaABAg,@pberPSR,literally an aldi commercial,2025-08-17T14:18:12Z,0,0,Other
UgzrvrMllSv9STFU5-54AaABAg,@SlidesMcGee,This is just a half hour aldi ad,2025-08-17T14:18:02Z,0,0,en
UgwgbCRAbwApWgoNlL94AaABAg,@Tcheny,"The production value for a yt vid is off the charts, unprecedented and generational. Fr tho 👏👏👏
Netflix, give this team their own show!",2025-08-17T14:18:02Z,0,0,en
UgzPLfcwIHjxo1DuEpF4AaABAg,@coryallan71,Got to love a new fern video release ✅,2025-08-17T14:17:43Z,0,0,en
Ugz1LJJafLT6C41CS6R4AaABAg,@Lannman.V,Dang,2025-08-17T14:17:01Z,0,0,Other
UgzzQrJRXy4-VawhHsx4AaABAg,@nono-y2l,My favorite video by you guys by a long shot this video is just so well animated. Keep up the great work guys.,2025-08-17T14:17:00Z,0,1,en
UgyjulnTrgV1m_XxKp54AaABAg,@thomasbrown1454,W fern,2025-08-17T14:16:49Z,0,0,Other
Ugx5kcDwq1Tj0zmWUH94AaABAg,@jaqhass,Never let other businesses map yours. Odoo is absolutely selling that data.,2025-08-17T14:15:22Z,2,0,en
UgyelhR9s5jy42vYGcl4AaABAg,@SalvadorDaliii,"No wonder your channel became huge in no time, you are getting everything right in YouTube. Been following you since you are 10k+ ❤",2025-08-17T14:15:18Z,0,0,en
UgzErsrj8x2JEYvm37t4AaABAg,@SummerSausage,the killers were heros haha,2025-08-17T14:14:46Z,1,0,en
UgxciexIus6cGfxhT554AaABAg,@AbradolfLincler,24:32 Thr3Ee lmao,2025-08-17T14:14:41Z,16,1,Other
UgxaOGuuDbwOHqsDeh54AaABAg,@neeowm9466,Aldi ez nuts,2025-08-17T14:14:07Z,0,0,Other
UgyqHU3IxgootxoiPcd4AaABAg,@Jeredriq,8 and a half years PRISON TIME is a joke,2025-08-17T14:14:04Z,0,0,en
Ugxl2Dw_r6iYkiaglsd4AaABAg,@errorpixelyt,"Out of all CEOs... the Aldi CEO?

If you want to kidnap a CEO, at least kidnap someone nobody would be missing",2025-08-17T14:13:55Z,1,0,en
UgwSe5ylfBlDx5A7ZgF4AaABAg,@SeanMcKinnon-p3z,I guess it’s all about how you define kidnapping.,2025-08-17T14:13:07Z,0,0,en
UgxWg4eEBk2stCrIx-F4AaABAg,@kalrandom7387,The Fat Electrician did a video about Aldi / Trader Joe's but didn't include any of this. I'm so glad you did. This was a fantastic story.,2025-08-17T14:13:04Z,0,0,en
UgxI8S8NV7lNj23VV8l4AaABAg,@dexx0,2:49 why is there 3 wheels on that car,2025-08-17T14:12:59Z,0,2,en
UgxgtS-4tqgwuXKsY1p4AaABAg,@SnoolDrizzle,All greedy CEO should be DELT with ... Lets make the world a better place,2025-08-17T14:12:49Z,0,1,en
Ugw7OW0DkzXTAstzjWF4AaABAg,@matthinderr,Why the aldi lol,2025-08-17T14:12:40Z,0,0,en
Ugy-qyen_B3NEzSIiY94AaABAg,@PlayHouseSound,who's watching this while eating?,2025-08-17T14:12:36Z,14,7,en
UgzQw1nuKOg1fla2r794AaABAg,@Adroityro,"""Tonight's the night""
Unintentional goated reference.",2025-08-17T14:11:55Z,0,0,en
UgwuJ_7KGI7a-yuTUtd4AaABAg,@cesard.v.g5378,"Smoked a blunt, and opened YouTube to watch something while I eat breakfast and Fern was the first thing I see it’s morning like these that I’m grateful for 😂",2025-08-17T14:08:43Z,11,0,en
UgwENGxq1QfEDjLuCut4AaABAg,@fauxselection,USED TO SHOP AT ALDI,2025-08-17T14:07:48Z,0,0,en
UgxniTzvD5ZH_-cB3dR4AaABAg,@GoniYT,"Shhhh, Fern uploaded a new video",2025-08-17T14:07:17Z,0,0,en
Ugw6eE8bWUpYyRUI1tl4AaABAg,@aslendermammal8547,Did people make these animations? Or did a robot?,2025-08-17T14:07:10Z,0,0,en
Ugw-q_KVWxUxNjlL1tJ4AaABAg,@martinlatvian5538,LOL 😅 I keep getting ads in German language on this video. I don't speak German,2025-08-17T14:06:58Z,0,0,en
Ugy_NMSD7cmkq4BAiqh4AaABAg,@andrewcaldwell5477,Private Equity 🤮,2025-08-17T14:06:38Z,0,0,en
Ugw3Hobfn9FwqF31bmB4AaABAg,@simpletimes2819,"This guy is probably the best narrator i have ever heard, dare i say better than Lemmino.",2025-08-17T14:06:03Z,0,0,en
UgwTSj3C5_ECGYCEOGx4AaABAg,@Marie-h9g9r,Padding for time with his whole speech,2025-08-17T14:04:45Z,0,0,en
UgwCP2sVIFbIcgRkbyZ4AaABAg,@ZachSeineVideos,"3:20  - Me: ""Gerhard Schröder?!""",2025-08-17T14:03:08Z,0,1,Other
UgyjuNgn7GljsG_g2eB4AaABAg,@Rozpi3rdzi3lnik,Its very nice that CEO helped them out to hide himself 🤣,2025-08-17T14:02:56Z,0,0,en
UgzStCSDCgHIG-LQUmZ4AaABAg,@smokeebeefpv,Great video,2025-08-17T14:02:37Z,0,0,en
UgzYCvO81fJXOxJfu2l4AaABAg,@cerealonpizza,4:09  paul krons depiction looks like he has boobs lmao 🤣,2025-08-17T14:02:23Z,0,0,Other
Ugy9IpKeIJCrAYyNBxZ4AaABAg,@sheiszipporah,PLEASE DO OTTO WARMBIER,2025-08-17T14:02:12Z,1,0,Other
UgwfAnFU96h3AvZL9954AaABAg,@dingus816,USED TO SHOP AT ALDI !!!,2025-08-17T14:01:55Z,1,0,en
Ugy7rnfLjWcqINHP-TZ4AaABAg,@DingDean-l4c,I USED TO SHOP AT ALDI,2025-08-17T14:01:51Z,1,0,en
UgwdLs-2hwJe0dFGUqV4AaABAg,@McDonaldsRich,I'm gonna go out on a whim and say Blondy didn't wait around for him,2025-08-17T14:01:36Z,0,0,en
UgyNq2HXu6iA0Aay7Pl4AaABAg,@user-ls9go6hg3l,2:14 i like the detail that historial info is given in a 4:3 screen ratio,2025-08-17T14:01:04Z,334,1,en
Ugxhl06Rv5S0noCsvZ94AaABAg,@Zyrah-tv,Good editing,2025-08-17T14:00:57Z,0,0,en
UgxlabvzZIuFfZ8ovHd4AaABAg,@victoriapham855,"been binging so many videos from you guys, keep up the great work :D you make the in-between moments throughout my past week well worth it!",2025-08-17T14:00:57Z,1,0,en
UgyJjMGHPhOcR1rYh3t4AaABAg,@hunterspink8626,only 35k in 50 mins bro fell off😢,2025-08-17T14:00:38Z,0,0,en
UgyEDxhiAzAXxgCOTwd4AaABAg,@FuzeIsTaken,another great video shoutout Fern,2025-08-17T14:00:37Z,11,0,en
Ugw3HwVswYvpryyksBR4AaABAg,@watch9604,This video feels like if Wes Anderson was YouTuber haha dope video 😊,2025-08-17T14:00:24Z,0,0,en
UgxoIwlg0wePKnTZdCN4AaABAg,@KDRAMAANDMORE-x4h,I literally just shopped at aldi,2025-08-17T13:59:33Z,0,0,en
UgznZeHh5wqfCpAobfJ4AaABAg,@caydenrevon,I am eating now,2025-08-17T13:59:03Z,0,0,en
Ugxz3FmDyZA-jn_zn6h4AaABAg,@DtWolfwood,The fact anyone can know for sure the voice they've heard from a tape recording played over a tv speaker is wild to me. These men must have extremely distintive voices.,2025-08-17T13:58:38Z,98,10,en
UgzTSBeIVI_9RAM4m1h4AaABAg,@Schoko-ii6ly,Please check how the names are pronounced next time. Otherwise great video,2025-08-17T13:58:22Z,0,0,en
Ugx-DJj6Dj_kCAZlRnJ4AaABAg,@aluminiummana1808,"ALDI
-kanye",2025-08-17T13:58:18Z,0,0,Other
Ugw_vrtc75ElP1Ss8-V4AaABAg,@Wasted-Dough,Is that an Aldi bag on his head?,2025-08-17T13:57:45Z,0,0,en
UgyCx3zVOJw_acdnHVN4AaABAg,@sp69,"Have never been this early, fern really blessed us with this upload 🙏",2025-08-17T13:57:26Z,0,0,en
UgwfxfRQEvtiA_8W2aZ4AaABAg,@samsonadejuwon1178,Top fan ❤,2025-08-17T13:56:26Z,0,0,en
UgwcrR3Kri9VNBWnpZN4AaABAg,@banan171,Düsseldorf? Monster? Tenma?,2025-08-17T13:55:50Z,0,0,Other
UgxWwAwpTKIfuqO8uXh4AaABAg,@𪉾,This is top tier masterpiece.,2025-08-17T13:55:36Z,0,0,en
Ugyw2kZbhLW4nyjlZLB4AaABAg,@FreightTrain22,I’m a US Aldi store manager and had no idea about all this history!,2025-08-17T13:55:29Z,1986,47,en
UgzOdLFA8DWJtKueIpF4AaABAg,@david_MCMXCVI,This seems like an ad.,2025-08-17T13:53:31Z,0,0,Other
UgydbMDrdJ9AjOth_xZ4AaABAg,@jonathancook4022,Non of these people have faces? What happened to them? That’s the real story here!,2025-08-17T13:53:23Z,0,0,en
UgxetNwTZsIFFgCst1R4AaABAg,@arxparifu2067,I USED TO SHOP AT ALDI'S🗣️🔥,2025-08-17T13:53:09Z,5,0,en
UgwrHiLqp-t_GceaSqV4AaABAg,@fouadbenmasoud7749,This reads as one big Aldi ad. Very innovative way to raise money @fern.,2025-08-17T13:52:44Z,0,0,en
UgyvUyoenPF1Qi0Gtod4AaABAg,@regan999,Perfect Sunday vid,2025-08-17T13:52:26Z,1,0,en
UgwC-04GpF82LcSZ5vh4AaABAg,@m.yhrold,USED TO SHOP AT ALDIS🔥🔥🔥🔥🔥🔥,2025-08-17T13:52:03Z,0,0,en
Ugxjlf910hwqZO4y5rt4AaABAg,@Connor_.,"This is the best narrator on YouTube, the only voice I can actually tolerate",2025-08-17T13:51:55Z,52,7,en
Ugy5B07bjO_634bh9mN4AaABAg,@Standard-b9o,"Communist side, or western party?",2025-08-17T13:51:40Z,0,0,en
UgwnJQZVgcnkRbNwpvV4AaABAg,@iblackfeathers,9:27 the people in the clips have faces. what happened.,2025-08-17T13:50:50Z,1,0,en
UgwyQoU5eR2qORyHN-N4AaABAg,@Rocknsoulmusic,"The real crime here is shopping at Trader joe's ,then seeing the price differences at aldi's😂",2025-08-17T13:50:16Z,8,0,en
UgzPf7URZxfxRNuFbRd4AaABAg,@emilkajonca2845,Was waiting for a new video,2025-08-17T13:50:06Z,0,0,en
Ugxd2VFisn0SCIum2JR4AaABAg,@RegressionGym,WHAT? I thought no way trader joes existed back in 1971. But it did.,2025-08-17T13:49:59Z,0,0,en
UgxXM7yRgz-TAK6JwB14AaABAg,@thebobasquad645drinknekoslab,14:10 I got sad at the same time lol,2025-08-17T13:49:38Z,0,0,en
UgwLnVwAjbfcjC8qh0B4AaABAg,@whatnow-dl3hp,How can the ceo of a boss,2025-08-17T13:49:23Z,0,0,en
UgwmHrHfqVl2DgRT7rV4AaABAg,@denishdahariya,"Lens Sim Addon, Nice",2025-08-17T13:48:17Z,0,0,Other
UgyrJ9vr6K5I8Maqid94AaABAg,@Topdogcomics3064,If anyone knows the song in the opening please share I wanna bop to some German music,2025-08-17T13:48:06Z,2,0,en
Ugy2Hd4YpBbQIG_Fkut4AaABAg,@mhndhd4287,"21:50 ""tonights the night"" , goated reference. keep up the good work i enjoy eating breakfast to your videos. much love",2025-08-17T13:47:59Z,25,6,en
UgyM9JTKXdj0uX36xeJ4AaABAg,@EvieTurner2024,40 mins late but lets go,2025-08-17T13:47:45Z,0,0,Other
UgxOtBUogmEZjp0okFV4AaABAg,@TheOutbrakerF1,0:00 It still amazes me how fern can make such high-quality videos so quickly. Quality and quantity 🔥,2025-08-17T13:47:26Z,4,2,en
UgxTJ8yrwXkjNRBpgBx4AaABAg,@JohnGotts,So much mention of Essen made me prepare a meal in the kitchen.,2025-08-17T13:46:58Z,0,0,en
UgwCVkIYYVKkwM36zXx4AaABAg,@bgregz,That was a weird ass story,2025-08-17T13:46:34Z,0,0,en
UgxQksj8-bj24vdEriN4AaABAg,@cordrust,dont care as long as LIDL ceo is safe im content,2025-08-17T13:46:26Z,0,0,en
Ugw4rGZufcQj4Ptqf194AaABAg,@DarrianCrane,Under a hour wtf,2025-08-17T13:46:23Z,0,0,en
UgwgWB8xK5LzTTVexI94AaABAg,@yapnog603,"You overdid it on the transitions of the story. One time we are talking about the hostage taking, and then a few seconds later you are discussing their business success years before/after. 

Please, we want the story more on what actually happened on the hostage taking because that is the title of your video",2025-08-17T13:46:09Z,0,0,en
UgzwxypmfE0GwM89H-J4AaABAg,@Diwam_Kumar_2010,bruh how do you create masterpiece (your videos) within few days,2025-08-17T13:45:33Z,0,0,en
UgzMFBdVlUx9Unb9dOV4AaABAg,@Noname1234-u9g,❤,2025-08-17T13:45:18Z,0,0,Other
UgyVNnog8uELgVmpC154AaABAg,@Dylan9467-x3z,It’s A-ldi not O-ldi 🙄,2025-08-17T13:45:10Z,1,0,en
UgwpcS0uKVX7fCBZB_x4AaABAg,@rishigupta3901,I like the intros with the music. They add a nice touch to the video,2025-08-17T13:44:34Z,105,1,en
UgwmudcUNLWZtCDkb914AaABAg,@Whackfear,Thank you for this gem of German history. I probably would have never learned of either the origins of ALDI or this amazing little story.,2025-08-17T13:44:29Z,2634,14,en
UgybctdDYcIQW0FBm1p4AaABAg,@goatzo3,Saved to watch later to watch while eating.. 😅,2025-08-17T13:44:29Z,0,0,en
UgxjsziC_s2VDJuf5Xx4AaABAg,@goncalomedeiros,Absolute banger. Love learning about these businesses with top-tier animations,2025-08-17T13:44:25Z,0,0,en
UgyqxVZguTCigEPOmyF4AaABAg,@koshhi1178,This might be why Kanye stopped being antisemetic,2025-08-17T13:44:22Z,0,0,en
UgzeJY8bURdoeYyMCzB4AaABAg,@rishigupta3901,I like the intros,2025-08-17T13:44:09Z,0,0,en
Ugz25rt9s45nNYK0Rxh4AaABAg,@GenieYuhs,0:59 No he’s definitely thinking about business,2025-08-17T13:43:29Z,29,3,en
UgzvMQpQfQqA0X-57194AaABAg,@ChangeandPurpose,"Whoever says AI can create Fern documentaries obviously has not seen this, absolutely mind blowing with the quality of the intro as well as scenes Fern we love you❤",2025-08-17T13:42:19Z,6,7,en
UgzFcguxSSeYK2TtlHR4AaABAg,@karkanthang,The intro? Nice.,2025-08-17T13:41:30Z,0,0,en
Ugy9_0iLgu-Oousga_l4AaABAg,@scarletspar,I decided to apply to Aldi about a month ago and during that process noticed how they were focused on time and minimum wastage. I have worked in a supermarket before but they had a different method of customer retention so Aldi's methods surprised me.,2025-08-17T13:41:22Z,85,7,en
Ugy4waDwXixBpCT-0yR4AaABAg,@benotyourboss,Song at 1:06?????,2025-08-17T13:40:47Z,0,0,Other
Ugy6IfDHO-lc08cIKUV4AaABAg,@As4Blox,Why did you wake me up I hat🎉e you,2025-08-17T13:40:20Z,0,0,Other
UgxrQa820zDVdVBQprF4AaABAg,@orangeparrots5898,sometimes i wonder why this is free for everyone to watch. this is better than alot of paywalled content,2025-08-17T13:40:07Z,1,0,en
Ugz9I_148D0lFIR_vfR4AaABAg,@MyllyOSRS,Babe wake up new fern video dropped,2025-08-17T13:39:35Z,0,0,en
UgzWL4g8S9tI4ygFPVl4AaABAg,@marten8148,"0:32 - Sorry, but that's nonsense. The ""biggest"" kidnapping in German history was undoubtedly that of Hanns Martin Schleyer by the Red Army Faction (RAF) in 1977. That kidnapping was a pivotal moment in the political history of the Federal Republic of Germany, whereas this one did not have much of a political background.",2025-08-17T13:39:32Z,127,8,en
Ugwk5P8GHJ-binlNqC54AaABAg,@Dantalu5,"I feel like I watched this already... recently...?
There is another channel who made a video about the same topic.. right?",2025-08-17T13:39:11Z,0,0,en
Ugw-zdSNZSnSG4P070F4AaABAg,@Moheht,I can't imagine the amount of money you give to your animators,2025-08-17T13:38:56Z,5,3,en
UgxtKlhhm7grvwNLwIV4AaABAg,@susieevans3212,11:17 Kaffee und Kuchen muss sein.,2025-08-17T13:38:25Z,0,0,Other
UgxZS8jEIxGuv77JMcF4AaABAg,@Unepic_Smurfman,amazing music i aint german but the music was amazing,2025-08-17T13:38:06Z,0,0,en
UgxBPq_Jw3OCGEWsoxt4AaABAg,@myENGexploration,You are becoming Best of the Best documentary maker in YouTube very very good content with high quality👌 thank you so much🙏🙏🙏🙏🙏🙏🙏🙏🙏🙏🙏🙏,2025-08-17T13:37:45Z,1,0,en
Ugxwbmo80tWh3gUj9Ah4AaABAg,@parcorpor,The beginning is like Wes Anderson’s,2025-08-17T13:37:15Z,0,0,Other
UgzlrWKNRCU8Iq0LDcZ4AaABAg,@iLikedashade,Aw got excited when I read CEO but then it said Aldi. Maybe the next one will be about the UHC CEO.,2025-08-17T13:37:04Z,0,1,en
UgxCOFQta0jqJ6MJx4F4AaABAg,@UrDomb,that german pronunciation of “mayonnaise” is wild,2025-08-17T13:36:27Z,0,0,en
Ugzw-Vz4l48GZ52YYj94AaABAg,@SnowyRaptor64,do you know who else shops at aldi,2025-08-17T13:35:32Z,1,0,en
UgzAY139Y1L4bRYxRi54AaABAg,@kkkarter,fern consistency been crazy huh (hoog's voice makes me 🧱),2025-08-17T13:35:24Z,0,0,en
UgxQ9BwOT8XCUhX5gMJ4AaABAg,@F3L0,We've learned how he was saved but how was he kidnapped??????,2025-08-17T13:35:18Z,0,0,en
Ugx9J8r5L8y6JALt_9R4AaABAg,@16mopey,Wasn't there a similar case where the press asked a kidnapper to press the gun which was lowered to a hostages head for a photo op. It was I believe either a bank robbery or a kidnapping that went wrong,2025-08-17T13:34:40Z,0,1,en
UgxuyiykscLtArANmwt4AaABAg,@souliow,I’m so glad I refreshed,2025-08-17T13:34:38Z,0,0,en
UgzNjV7BzQc0Ai7nnUh4AaABAg,@therealkirby101,"Fantasic content. Always enjoyable, exactly what a mini documentary should be.  ⭐⭐⭐⭐⭐",2025-08-17T13:34:04Z,0,0,en
Ugw14MejB835YfHrCQp4AaABAg,@robomania944,BRO IS GROWING REAL QUICKK,2025-08-17T13:34:03Z,1,0,Other
UgzZyj9vPFnuH2UwS8h4AaABAg,@robomania944,"Men see fern, Men click fern, Men HAPPY",2025-08-17T13:33:55Z,2,0,Other
UgyasPiO8HrC9KMh6HN4AaABAg,@flightkimulator9612,Most ALDI hostage negotiation of all time,2025-08-17T13:33:23Z,1,0,en
UgyRBNFPWmwH-D7KHEJ4AaABAg,@aeonstar293,Cool...never seen or been to an Aldi or Trader Joe's but I hear people say its aight.,2025-08-17T13:33:18Z,0,0,en
UgyjMI8iVfQGcAX1k6d4AaABAg,@joan_p,"Hearing about the beginnings of Aldi blows my mind, bc I live in Poland, and I only go to Aldi when I want a specialty item (sauce/jam/candy/alcohol) that I wouldn't get in a different dfiscount. And honesly I can't even tell if they're that cheap when it comes to basic products.",2025-08-17T13:32:13Z,11,2,en
Ugw_VWPylG-YnIyCatd4AaABAg,@ivanburden4658,I never knew my cheap graham crackers had such a rich history,2025-08-17T13:32:07Z,0,0,en
Ugw3yeEQ44J3G7Q2UXJ4AaABAg,@msved753,8:16 unfortunately 😐,2025-08-17T13:30:49Z,1,0,Other
Ugwupvx1WvNVmcwgimF4AaABAg,@armosinz1944,Best vid to watch when eating,2025-08-17T13:30:44Z,0,0,en
UgxGzVbUljeUwNYF4v54AaABAg,@El-Fishstick,Is this a repost?,2025-08-17T13:30:35Z,0,0,en
UgxvKjJ--y6OYRCb9eZ4AaABAg,@LuxeHistory,why this is free,2025-08-17T13:30:31Z,0,0,en
UgyclB7zcrU3WX2gpk14AaABAg,@jerrymcleod501,I really hope the song used in the intro is released properly soon. I like it a lot.,2025-08-17T13:30:08Z,21,1,en
UgyWWJ5onQdqLmYdj214AaABAg,@dreamcatcherpone,Aldi's nutes,2025-08-17T13:30:07Z,1,0,Other
UgyZpB5ZfxyxYqiVS5t4AaABAg,@itzmeretz,Fern dropped a video…..🎉❤,2025-08-17T13:30:06Z,3,0,en
Ugy9eugCNXcAr5PYAVd4AaABAg,@conjurer_edit23,Thanks fern team for this sick video,2025-08-17T13:30:03Z,1,0,en
UgxqUxexPP6RA28jxB54AaABAg,@dagitab6867,the intro song sounds so amazing though!,2025-08-17T13:29:28Z,0,0,en
Ugzrbwce6tkVK729YGN4AaABAg,@HarnoorSingh-pt2vf,Are these video clips made by AI,2025-08-17T13:29:07Z,0,0,en
UgzpJyfUtyCVqvdcz3p4AaABAg,@yapnog603,The constant changing of timelines is a bit too much...,2025-08-17T13:28:08Z,0,0,en
UgzLs1hI7tnd-aHoyf14AaABAg,@Cowskiman,Vote blue no matter who right ????,2025-08-17T13:28:03Z,0,0,en
UgzIi8gXZg79x2qamUh4AaABAg,@ErickKhan,Nothing like a sesh and some FERN <3,2025-08-17T13:27:49Z,13,1,en
UgyfuaaZgHxUScxC4D94AaABAg,@_proxyma,I’m eating lunch to this,2025-08-17T13:27:35Z,1,0,en
UgzUCiC-MyJ2my-9Ba54AaABAg,@Sillylawyer,Your voice is so calm and soothing. I love listening to your stories and also falling asleep to them. Thank you and goodnight.,2025-08-17T13:27:19Z,1,0,en
UgyMkVN0NE6euFuntMh4AaABAg,@CNFoerst,Breakfast worthy video,2025-08-17T13:26:06Z,0,0,en
Ugyk7IEIo2dAGgVNWaJ4AaABAg,@Dwefelent,Yes BRITAIN 🇬🇧🇬🇧,2025-08-17T13:26:01Z,1,0,Other
UgzQT4Cat_JKckTE2X94AaABAg,@ethanmartinezz-f4h,"Aldi? I used to shop at ALDIS, I used to shop at ALDIS",2025-08-17T13:24:56Z,0,0,en
UgyvRW0SUtKJWrmOCgR4AaABAg,@MusicalZombie,"Cool idea with a ""german James Bond intro version""",2025-08-17T13:24:23Z,0,0,en
UgxDXJ71s3E1v5oWON94AaABAg,@DtWolfwood,To kidnap one of the good business owners. For shame.,2025-08-17T13:23:48Z,0,0,en
UgwHyVfrREU0ivEnn9F4AaABAg,@MrCurry03,Early again,2025-08-17T13:23:33Z,0,0,en
Ugxb60UagHfJ5WVQF9h4AaABAg,@willaim2462,I don’t see many people asking how fern is.. how are ya pal?,2025-08-17T13:23:29Z,1,0,en
UgxWGU4hHkABnEPh4-54AaABAg,@contemporarilyancient,No one can convince me that CEOs are to be given that much empathy either.,2025-08-17T13:22:21Z,28,9,en
UgxZkDCvmpgVwShjZFR4AaABAg,@Twistshock,Man that sponsorship read took me way the fuck out of it.,2025-08-17T13:22:19Z,1,0,en
Ugw-NSFPRwNiuZhnaoZ4AaABAg,@RouvenDrawsStuff,Love that the song in the beginning is German since it takes place in Germany,2025-08-17T13:21:59Z,3,1,en
Ugz6GAN-emP8_5Prg7R4AaABAg,@subhan8004,Just watched the video twice 😂🎉🎉,2025-08-17T13:21:42Z,0,0,en
UgygLm-c8MuM1jM2o_t4AaABAg,@DragapultRules,The bots on your vids have to be an incredible milestone reached.,2025-08-17T13:21:36Z,0,0,en
Ugy-WE2hSeXfB2FYTOV4AaABAg,@notyou1855,How the CEO of Aldi was Kidnapped fern says as they kidnap the CRO of Tesco.,2025-08-17T13:21:12Z,1,0,en
UgwkCYV6RfV41CQh7gZ4AaABAg,@benji1775,these days nobody dare to kidnap billionaires. thanks to digital world but that doesn't mean you can't make a man as a hostage with chemicals or drugs.,2025-08-17T13:20:45Z,0,0,en
Ugz67n2F7bXRWR2vokJ4AaABAg,@Eastloud,"Love the vids and even though I watched this in german already, I'm still gonna watch it again",2025-08-17T13:20:38Z,0,0,en
Ugwn0CcO99J1Cja8JSl4AaABAg,@Bendover44444,Idiots 😂,2025-08-17T13:20:04Z,0,0,Other
UgwGvdmzWee60YEkLIR4AaABAg,@Ceciel_,"Conclusion: don't bet, and if you do, don't loan money from criminals.",2025-08-17T13:20:04Z,0,0,en
UgwEQ3QE7pvRSa4swud4AaABAg,@CliveRobertKennedy,Love these! Great story telling animation,2025-08-17T13:19:21Z,0,0,en
UgxG5ZjeMaCsAxB8iMh4AaABAg,@Poorestige,9:17 Why does that guy say women belong in kitchen,2025-08-17T13:19:00Z,1,0,en
Ugz7vsxgnLbU7RRFpnh4AaABAg,@Casperidin,Kidnapping at aldi's,2025-08-17T13:18:24Z,0,0,Other
UgyMAuH_78eS5pY7dM14AaABAg,@xibuk,1:18 you aint getting away with that 2137,2025-08-17T13:18:10Z,0,0,en
Ugx5ngd3n94Wx9c_3Yh4AaABAg,@SPITFIRE4794,Hot,2025-08-17T13:18:02Z,0,0,Other
UgwvfpUv-MJy9nE78PV4AaABAg,@CJFranco-Jones,How dare YouTube hide this from me for 15 minutes,2025-08-17T13:17:47Z,0,0,en
UgyYQFV3-laUiGKjNPZ4AaABAg,@Lottle-l4b,Under 30 mins gang,2025-08-17T13:17:37Z,0,0,Other
Ugy-e02-WZglFcmezRp4AaABAg,@BlueperTheOriginal,"""CEO""  ""IDIOTS""

 That's crazy 😭",2025-08-17T13:17:32Z,306,6,en
UgxGjv-3ZpiWtwuav8p4AaABAg,@EastyyBlogspot,He was probably in the CEO aisle,2025-08-17T13:17:24Z,0,0,en
UgzNsAxouawhEd9WWzZ4AaABAg,@destroyion2443,Why isn't this on Netflix 😭...It's a crime Netflix hasn't picked this guy up alr,2025-08-17T13:16:19Z,12,0,en
UgyNb9sBw-ZL6kySJA54AaABAg,@AtlasLunara-y4b,This channel is why my friends think I'm interesting,2025-08-17T13:15:36Z,0,0,en
UgyX7wOO9mUAuIfK0MB4AaABAg,@CowTheYap,Please make a video about Operation Nemesis in 1920.,2025-08-17T13:15:18Z,0,0,en
UgxIQUu5YHTYENaFi-d4AaABAg,@miguelalonsogarcia2475,I just finished my lunch. Truly the worst timing of all time. Thanks Fern.,2025-08-17T13:15:13Z,0,0,en
UgxOcy-sPZ7Q7N6XWOB4AaABAg,@entropy_69,"watching a video of this quality for free feels like illegal, lol!",2025-08-17T13:15:04Z,0,0,en
UgzSAlQDSMMY6epgpg14AaABAg,@LoganKingston-ne5sn,kanye west aldi,2025-08-17T13:14:40Z,0,0,Other
UgwWMB1NgdGwX-oEy5d4AaABAg,@williamhickey1314,This is such a fantastic way of telling this story,2025-08-17T13:14:39Z,14,0,en
UgySFKzABqI3bIt0qVh4AaABAg,@hooman3576,i prefer the guy at 11:00 for the voiceovers,2025-08-17T13:14:39Z,0,0,en
UgzxfARg722BgW29GTB4AaABAg,@ModPopCult,"“These videos are crazy quality, how do you make so many?” Private Equity babe, Private Equity.",2025-08-17T13:14:33Z,4,0,en
Ugxhj8uVLCU7oyerDj54AaABAg,@tredsonmbewe4895,"""to be fair,it's their first kidnapping"" 😂",2025-08-17T13:14:31Z,0,0,en
Ugwy_vqRYWX1iLHzt3B4AaABAg,@anonazerty165,Narration is really confusing,2025-08-17T13:14:31Z,0,0,en
UgwQXW3kBSpVzHQAkqV4AaABAg,@Machines.In.Action,"Wow, sheer audacity of the kidnappers is mind-blowing! It's fascinating how they believed they could execute such a complex plan without a hitch.",2025-08-17T13:14:18Z,99,7,en
UgzTbpNKCCtBpBfAGx54AaABAg,@Kylor-cole,FERNNNNN HOW I MISSED YOUUUUU❤️❤️,2025-08-17T13:14:12Z,1,0,en
UgzA48fbbroZILkHX1B4AaABAg,@qpart,Long live LIDL!,2025-08-17T13:13:35Z,0,0,en
Ugw81Nj2irbnxxBgyzJ4AaABAg,@logananthony1548,"Youtube hid this from me for 11 minutes, I believe this is a crime of some sorts",2025-08-17T13:12:58Z,2,0,en
Ugx5SSN7oLrJHAZG--p4AaABAg,@Cheesysandwich123,"I really enjoy hearing the stories about incredibly random people from history, that I would probably never know about unless I watched Fern",2025-08-17T13:12:52Z,840,9,en
UgzVVib5I_Dp-X74Ro94AaABAg,@Choppy_102,Another certified hood classis.,2025-08-17T13:12:28Z,1,0,en
UgwuOpTW7TJxA_CyUMF4AaABAg,@lindu1526,I can finally eat,2025-08-17T13:12:19Z,0,0,en
UgwgB1VUsmbKbJNkw8R4AaABAg,@neevshrivastava1635,USED TO SHOP AT ALDIS🥀💔 ye,2025-08-17T13:12:03Z,0,0,Other
UgwaaHktxUHEa2t1T1h4AaABAg,@nicholasfroehlich8761,Best channel,2025-08-17T13:11:43Z,0,0,Other
UgxbcQgZOVlurvY6tn54AaABAg,@ClipCinemas-i9g,https://www.youtube.com/watch?v=9jbg2uhWhgE,2025-08-17T13:11:35Z,0,0,Other
UgwQmHSfNER1Kqo6Ovd4AaABAg,@Cyphixer1,This animations are insane AND STILL A GOOD UPLOAD SCHEDULE. never seen before,2025-08-17T13:11:33Z,3,0,en
UgwMZ4HcgKvWIcfJmEp4AaABAg,@TheMonks364,Production value is absolutely insane,2025-08-17T13:11:11Z,5,0,en
Ugx2hZL60pbXzX7O7DZ4AaABAg,@LanceBeckman,This channel keeps getting worse,2025-08-17T13:10:59Z,0,0,Other
UgyDnsGVt03HyTndXOR4AaABAg,@user-tm2or3uy6p,under 8 minutes and 600 likes already,2025-08-17T13:10:58Z,0,0,Other
Ugz_IzUP4qFElwseIGB4AaABAg,@tiremane67-mr-nz,ok,2025-08-17T13:10:54Z,0,0,Other
UgzPWS6f747OnhmTGpZ4AaABAg,@andrewjames2721,I hope you and your team never stop making these videos,2025-08-17T13:10:44Z,44,0,en
UgztfzCLLfmLqZWHiZt4AaABAg,@PatrickOrtner-z9g,i love aldi,2025-08-17T13:10:28Z,1,0,Other
UgyOOr9OGyyybY605yZ4AaABAg,@tekpu,good night from philippines,2025-08-17T13:10:17Z,0,0,en
Ugxmv_mlbNQJLqLo6LR4AaABAg,@dannyshennan7810,Under 6 minutes. I feel honoured,2025-08-17T13:10:09Z,0,0,en
UgxuIzcLiTbzo7WAHBp4AaABAg,@cbbcsa,I feel bad watching this for free on yt because of how good it is,2025-08-17T13:09:50Z,4,0,en
UgxRaacojMgKPwdMMrh4AaABAg,@SimoneKersten-y3l,Cover the schlep story pls,2025-08-17T13:09:48Z,1,0,en
UgxiwmzM5F7TQH1aWdZ4AaABAg,@G.S.W.,fern!,2025-08-17T13:09:22Z,0,0,Other
UgznJVRubFpwLP-iwot4AaABAg,@nv_tim3719,Breakfast worthy video,2025-08-17T13:09:17Z,0,0,en
UgzlOLCpF7yXKNF3GnJ4AaABAg,@PatrickOrtner-z9g,w vid,2025-08-17T13:09:16Z,1,0,Other
UgwraOvHYES_-88aECh4AaABAg,@TLRCreativeStudio,"You pretty make a great supervisor. Getting people, various people in one project across a globe is amazing especially for a small team company.",2025-08-17T13:09:14Z,1,0,en
Ugxke6wolDcPllJDHh94AaABAg,@JunxiSalamander,Insane refresh clutch,2025-08-17T13:09:13Z,0,0,en
UgzT-q1KmWsoTSPV7dB4AaABAg,@2nd_gear_drifting,"10/10 documentary, well done once again.",2025-08-17T13:08:50Z,4,0,en
UgwgGjmIm-SUqxWHXaF4AaABAg,@Cheesysandwich123,"I've said it before, I'll say it again. Someone charge me for watching this, cuz it feels wrong to watch this for free.",2025-08-17T13:08:45Z,2,0,en
UgyagBxjgsiE3eyWNFB4AaABAg,@bats2038,"""pretty shitty clients"" fern swearing is when you know it gets real",2025-08-17T13:08:45Z,0,0,en
Ugw0eiJLMCOQYh8d6Ox4AaABAg,@grape198,first 200vr0,2025-08-17T13:08:44Z,0,0,Other
Ugz5xCOlmWBB1-6G_zJ4AaABAg,@Tesh2Geeked,Can't go wrong with Fern on a Sunday while eating lunch,2025-08-17T13:08:28Z,0,0,en
UgyCnqpUpcd7n5sY1t14AaABAg,@apchistuz,imagine if ye ye got a low aldi fade,2025-08-17T13:08:11Z,1,0,Other
UgyaMM72djocwvd0W4F4AaABAg,@lourenconobre8479,"I swear every intro looks like a movie, not to mention the videos",2025-08-17T13:07:54Z,0,0,en
Ugw8-Dej1qSUDQefWBd4AaABAg,@zeroheat5787,I'm first. First to comment also,2025-08-17T13:07:47Z,1,0,en
UgzOYB3_yyD-Wuxgbfd4AaABAg,@ikshusathyanarayana3476,What's the name of the song used at 1:06,2025-08-17T13:07:35Z,10,7,en
Ugxgw7dvDezLuMlpzAh4AaABAg,@Literallynotlucy,Fern pls never stop posting🙏🙏🙏,2025-08-17T13:07:30Z,2,0,en
Ugyw9fKxsGxUkO4xwzN4AaABAg,@strongestblackwoman6591,Aldi and dollar tree are like sweat shops doesnt surprise me this happened prob were store managers or some other employee tired of being exploited,2025-08-17T13:07:29Z,0,0,en
UgxmCwyNFFjOsLQy8fp4AaABAg,@Suiseisexy,"I've decided not to watch stories of people being caught by authorities, all of them are propaganda for the system. All have critical details deleted as to not provide useful information while still acting as invincibility propaganda for a system that is in fact widely reliant on security theatre. CEOs will have to live in a gated, filtered hell world like they're in Hololive and that's all there is to it.",2025-08-17T13:07:25Z,0,0,en
UgzSCz8AgMcy5hYrwBN4AaABAg,@bobudd4842,Dude just wanted his 25cents back,2025-08-17T13:07:19Z,1,0,en
Ugy-ILxpLVzYTF60pjB4AaABAg,@floppacake9803,How the hell do you pump this level of quality every week,2025-08-17T13:07:16Z,10,7,en
UgwQ5yD2eo6Y3J7gccx4AaABAg,@fearlessgod6016,"Dear fern, you have an amazing YouTube channel. Please do something about the bots in the comments.",2025-08-17T13:07:10Z,0,0,en
UgzOX0g-0DcY0EUFEK54AaABAg,@SCintertainment,Holy 4mins ago is crazy much love fern ❤,2025-08-17T13:07:04Z,0,0,en
UgzikTzxFoi-URLHMxZ4AaABAg,@fhwgrdgtg,"2,065 views in 4 minutes. Bro fell off.",2025-08-17T13:06:55Z,0,0,en
UgwRDnATG_OrmxItBIt4AaABAg,@RandomDude2009-g5u,Just as I was about to have lunch 🎉🎉,2025-08-17T13:06:42Z,0,0,en
UgyGgUWZZ2J0dbOZepF4AaABAg,@web.e5477,early gang!!!!,2025-08-17T13:06:43Z,0,0,Other
Ugx46CdcJce2_ghBoV14AaABAg,@EmptyRedBullCan,"2 Fern videos less than a week, Lessgo- weekend got better!",2025-08-17T13:06:40Z,0,0,Other
Ugyg7GDDMVbXHPr-mS14AaABAg,@deagzzzshorts,dinner worthy video,2025-08-17T13:06:34Z,10733,116,Other
Ugz0VF0PhCjeE359poh4AaABAg,@masturbates,Love the animation.,2025-08-17T13:06:26Z,0,0,en
Ugw_2hUSBv3rqXe5nOx4AaABAg,@tomsawyer283,"Another fern video, another day I keep going I guess",2025-08-17T13:06:10Z,0,0,en
Ugxn9DyIjwH48QFtdqd4AaABAg,@IlllIllIlllIlll,w video for breakfast,2025-08-17T13:06:06Z,0,0,Other
UgzOXY6n6pehUexvjCN4AaABAg,@Zentroum88,why aldi😭🙏,2025-08-17T13:06:01Z,0,0,en
UgyfKgoHhP8gnZFdNap4AaABAg,@jiancarlo601,"Early squad, let's go",2025-08-17T13:05:52Z,0,0,en
UgxQiQWYrWYIzjSf09R4AaABAg,@Hehe_i_scare_you,"I'm the 101st comment!
How dare youtube algorithms hide this from me for 3 minutes",2025-08-17T13:05:52Z,0,0,en
Ugw7UN9i6wQBkoodh_14AaABAg,@tomsawyer283,Let's go! Never this early,2025-08-17T13:05:50Z,0,0,en
Ugye_4D4gCzO9XqbZ7Z4AaABAg,@en_az,used to shop at aldis,2025-08-17T13:05:50Z,0,0,en
UgwU_f65yx2U8d0lXYd4AaABAg,@MenthYT,Kanye used to shop AT ALDIII,2025-08-17T13:05:40Z,2,0,en
UgxjtIbi6ql_Zwo7Pq54AaABAg,@YurmYurmington,It's incredible how content this amazing is free.,2025-08-17T13:05:38Z,4,0,en
UgxOqu-PRG_M2r9-YSF4AaABAg,@ILoveChocalate67,Clippy never kidnapped the CEO of Aldi,2025-08-17T13:05:21Z,0,0,en
UgymKzLxRv1Gufke_TN4AaABAg,@Joshua-e5i2v,3 mins is crazy,2025-08-17T13:05:17Z,0,0,en
UgypQPqDXmlufy0biMR4AaABAg,@lilsqueakrepplus,More of this please,2025-08-17T13:05:15Z,2,0,en
Ugy7u5VrsVOQIGwIFRF4AaABAg,@Iampupkin,I used to shop at Aldi✌️😔,2025-08-17T13:05:14Z,0,0,en
UgyVBZ8y6ewAUGFUO_l4AaABAg,@spencermackay9020,It's actually pronounced like 'All-Day' because that's when it's open.,2025-08-17T13:05:13Z,0,0,en
UgxTz2q8NpP6t08SMmd4AaABAg,@NIKODEMPRO6172,Nice car,2025-08-17T13:05:11Z,0,0,Other
Ugz94qzCvLffHbEqBtB4AaABAg,@Schloosh,its so peak,2025-08-17T13:05:09Z,0,0,en
UgziIkRgSPn2RM1nkl54AaABAg,@victimofmyownsuccess,"The consistency of top-tier animation is INSANE

Edit: based on previous videos",2025-08-17T13:05:07Z,1663,35,en
UgyKgIdo5qSAil9N_nh4AaABAg,@rex77x,Vote for fern face reveal,2025-08-17T13:05:06Z,0,0,en
UgyUEW6Ou2DdJRv26Vd4AaABAg,@bryson4l12,it feel’s perfectly legal being this early,2025-08-17T13:05:05Z,0,0,en
UgyjTai_U3YWbdCDILJ4AaABAg,@matskristensen1691,First,2025-08-17T13:05:03Z,0,1,de
UgwVLXNwVMS0uQT5uoJ4AaABAg,@JolienKeil,It's crazy how much the Aldi really has changed the economy,2025-08-17T13:04:56Z,1,0,en
UgztVT0DYkQxFLHWf4t4AaABAg,@CHERRYBOMB_2015,Used to shop at Aldi,2025-08-17T13:04:54Z,7,1,en
UgxjRqaDr-dS-2jMr2t4AaABAg,@AllStuffofWonder_YT,W animations,2025-08-17T13:04:53Z,0,0,en
UgyZVc9RqVg-6IAbofl4AaABAg,@Balkanfeet,I used to shop at aldis,2025-08-17T13:04:52Z,0,0,en
Ugx-Pb5PQM-k79QFe4h4AaABAg,@alexdigitalfreedom,If you are reading this then you will become a internet millionaire. thank me later,2025-08-17T13:04:51Z,0,0,en
Ugw-WFCyU6emDJLNgsV4AaABAg,@FireXvirtual3_0,2 min it's crazy.,2025-08-17T13:04:47Z,0,0,en
UgynDv69kK7P38ZyBlx4AaABAg,@Rinkhalzi,Just in time for sunday noon doom.,2025-08-17T13:04:37Z,0,0,en
Ugw7tQM51RtaNpQUYo94AaABAg,@worthyfnbr,post more,2025-08-17T13:04:36Z,0,0,Other
UgwwaHwNf8jOhaFxJPV4AaABAg,@HeisenbergFam,The editing really makes this feel like a high quality documentary,2025-08-17T13:04:26Z,549,17,en
UgzRcgoOzOF3DcfK-qd4AaABAg,@phil7341,Youtube refresh clutch. I thought my Sunday night was over.,2025-08-17T13:04:22Z,0,0,en
UgyCMOdbwqVdl1ttrXR4AaABAg,@flowerflour5257,Not a single person has seen the whole vídeo.,2025-08-17T13:04:16Z,0,0,en
UgwrCuWOb6wW6twsG0N4AaABAg,@tostybagle,LETS GOO ITS FERN DAY🔥🔥🔥🔥,2025-08-17T13:04:16Z,0,0,Other
Ugz1TXcrinntJcpd0Hp4AaABAg,@quangvu-dc1fc,81st,2025-08-17T13:04:11Z,1,1,Other
UgxCUQiOg8aGEIagFk54AaABAg,@QuaggleNuts,Beep beep,2025-08-17T13:04:08Z,0,0,Other
Ugw9uHGsmZ2tTSxOSZ54AaABAg,@EliasOrtix,2 min ago is crazy,2025-08-17T13:03:59Z,0,1,en
UgxcAEuR3XCSz73qcuR4AaABAg,@kelechichima8401,Let's gooo,2025-08-17T13:03:56Z,0,0,Other
Ugyw0vkW5zskLGCoe894AaABAg,@0x45Swims,Clutch,2025-08-17T13:03:53Z,0,0,en
UgwxbtuzamJGBmpq7i54AaABAg,@basiltheflowerboy143,litteraly just refreshed youtube and got this gem early,2025-08-17T13:03:51Z,7,0,en
Ugz-6cg3XJlbXcHgK_94AaABAg,@Official_Nikzz,8:30 crazy,2025-08-17T13:03:50Z,1,3,Other
Ugwo0d88ioa0-XMx9354AaABAg,@cloudyydays620,the animations keep getting better and better,2025-08-17T13:03:50Z,7,0,en
UgwYHe8s5kplgewipKV4AaABAg,@Official_Alphabet_Inc,"41th!!!!!!!! also the ""1 view 1 minute, bro fell off""-joke. Please, give me one million likes so I can feed my starving Indian children.",2025-08-17T13:03:49Z,0,1,en
UgzNUOOx_KlBd5Py2dJ4AaABAg,@JolienKeil,Incredible video,2025-08-17T13:03:47Z,1,0,Other
UgxRuoeTOzbgrgzHmzh4AaABAg,@Calledout1,Like if you're here before 100k views,2025-08-17T13:03:44Z,1,0,Other
Ugy8NUdhp1jqfnJigGh4AaABAg,@Yurlclbanana,damn,2025-08-17T13:03:42Z,0,0,Other
UgwTtUgyfMbKhf6hV7R4AaABAg,@borispetkovv,fix the name,2025-08-17T13:03:41Z,0,0,en
UgzPf-sOkstoJo1q6gB4AaABAg,@LukasAustral,Great video. When's next coming?,2025-08-17T13:03:39Z,0,0,en
UgydzaFcV-bKpnIAR6h4AaABAg,@Tripleedge503,I saw 1 view on here before it blew up,2025-08-17T13:03:38Z,0,0,en
UgyOXWo96szr9KLvSy94AaABAg,@kianphgaming6056,feels illegal to be early,2025-08-17T13:03:30Z,0,0,en
Ugy4LFlobD8apcHKsjN4AaABAg,@ShlokHada,Way too early for ts,2025-08-17T13:03:30Z,0,0,en
UgyZCUICIlTcG_AV8CZ4AaABAg,@SplodgeDog,yooo,2025-08-17T13:03:25Z,0,0,Other
UgxA4f0WS13KLdKitip4AaABAg,@AveragePraseodymiumEnjoyer,0:12 I have a Mercedes 280 💀,2025-08-17T13:03:25Z,26,10,en
UgwejhhmFos4dEpMxs14AaABAg,@Untoldkite,Fern is definitely like the hidden YouTUbe premium... but free,2025-08-17T13:03:22Z,0,0,en
UgyF5NKLV2GLl8iOT854AaABAg,@Naw_im_actual_short,Woohoooo,2025-08-17T13:03:18Z,0,0,Other
UgzoPN_hpFf2mVySmYp4AaABAg,@sciencecreation5164,1 minute ago,2025-08-17T13:03:17Z,0,0,Other
UgwGOx4cpWVVR8hsk5p4AaABAg,@onikabuto7083,dude is this the store from kanye west,2025-08-17T13:03:13Z,1,1,en
Ugwf23CceVlrqZDxMdl4AaABAg,@perfectplayer9694,yooo,2025-08-17T13:03:12Z,0,0,Other
UgwYYjsSAXkV5HqcVgR4AaABAg,@XiaoYElllooUnicorn,WOAHHHH,2025-08-17T13:03:11Z,0,0,Other
UgxEnfYFBBODR6wsrtJ4AaABAg,@ijsgss,1 view 1 min,2025-08-17T13:03:10Z,0,0,Other
UgxojURjsC56gjQhhzd4AaABAg,@Oliverjass1,under 5 mins gang 😀😀,2025-08-17T13:03:10Z,0,0,Other
UgxR7_WRQ9fmPvwYged4AaABAg,@Inspectahganstah,first,2025-08-17T13:03:07Z,0,1,en
Ugw3JcYaPlok9I9iNw54AaABAg,@dafunkyboy,"wow that's another level , kidnapping a CEO",2025-08-17T13:03:06Z,1,0,en
UgxlQoP03NBzkhUywzZ4AaABAg,@cewiside,bare early,2025-08-17T13:03:04Z,0,0,en
UgwXJbdeM7AfTsdcNrZ4AaABAg,@matrixngl,0:00 already a banger,2025-08-17T13:03:04Z,16,2,en
Ugw0iyN-EPUuKKggSpl4AaABAg,@TsengGames,here before this blows up,2025-08-17T13:03:03Z,0,0,en
UgzLn6ynOqYAK47BXt14AaABAg,@2LNate,Love this channel,2025-08-17T13:03:02Z,0,0,en
UgyRbRMXT896EjBffa54AaABAg,@aneeso57,How am I so early? (not complaining one bit),2025-08-17T13:02:58Z,0,0,en
UgyOzerKfP0FXUYdxuV4AaABAg,@winstreaq,KANYE WEST REFERENCE,2025-08-17T13:02:57Z,0,0,Other
Ugzcs-5x635n4vIGPqd4AaABAg,@TodayInTheWorldOfSports,Always a good day when Fern drops 🌹🔥,2025-08-17T13:02:54Z,26,1,en
UgyCD5GQIQeTI4Gkcrt4AaABAg,@skipper5068,1 minute,2025-08-17T13:02:51Z,0,0,Other
UgzV3YupL2tn-VtqMdJ4AaABAg,@Foxy_5702,bud were so early.,2025-08-17T13:02:51Z,0,0,en
UgzU3JnVaJbxbCxBqW54AaABAg,@realbengame,fern pls touch me,2025-08-17T13:02:51Z,0,0,en
Ugxal4aGv2OUs81zJyB4AaABAg,@RuiT_bs,ily fernnnnn,2025-08-17T13:02:48Z,0,0,Other
UgwCU-8Bk_IzW1_n4V14AaABAg,@jguth6,Love fern!,2025-08-17T13:02:47Z,0,0,en
Ugz3gV2NBpswPmygTEJ4AaABAg,@stellas4033,Hab das Video schon auf deutsch geschaut. Trotzdem Solidaritätskommentar 😊,2025-08-17T13:02:47Z,0,0,Other
UgzTOt4W-y_X6k_iYQx4AaABAg,@mr.j3992,Second,2025-08-17T13:02:42Z,0,1,Other
UgytCXfq3eTFzcNDdlx4AaABAg,@KazuyaYuza,"Damn, I'm early",2025-08-17T13:02:36Z,0,0,Other
UgzvLl3yyfzwLzMHNuB4AaABAg,@teo_on_gt,Comment nr 12,2025-08-17T13:02:35Z,0,1,Other
Ugx8Lb2Z_A5bPsX43N54AaABAg,@A--rr8rb,hey bro i love your vids keep up the good work ❤,2025-08-17T13:02:35Z,4,0,en
Ugy9dTOxP3g3XzxjUAB4AaABAg,@ztny6064,great video bro so intense,2025-08-17T13:02:34Z,1,0,Other
Ugx4OBzmgCi4sANYONV4AaABAg,@ByteCraftedGames,sigma vid,2025-08-17T13:02:34Z,0,0,Other
UgyY6Ft-MZ4BkVahyq14AaABAg,@Fiskemannen7273,early,2025-08-17T13:02:32Z,0,0,en
Ugy-VDFPl0NG0lVG8el4AaABAg,@reyanshgupta5162,insane last refresh clutch,2025-08-17T13:02:32Z,1271,10,en
UgzqEyfAueHj24OIQlh4AaABAg,@tasmiaakhter-uh4xl,your videos are getting too much addictive nowdays,2025-08-17T13:02:27Z,2,1,en
UgxEILRuR_M6HPEsIi94AaABAg,@dumbledayumm3743,oh my god im first!!!!!!!,2025-08-17T13:02:22Z,0,3,cy
Ugzx8WmcuSbTLPcVgHZ4AaABAg,@MoaningDaddy68,first,2025-08-17T13:02:21Z,0,1,en
Ugx-p1K6XIRpY7LBgPB4AaABAg,@elfonshelf24,"""26 seconds ago"" today is a good day :)",2025-08-17T13:02:20Z,0,0,en
Ugx9bq1g_Lt0KB1g_OB4AaABAg,@SWIFT288c,i love ur videos,2025-08-17T13:02:20Z,0,0,Other
Ugx28DFNFgIpTrJCgEZ4AaABAg,@matasvaivada5937,Goated❤,2025-08-17T13:02:17Z,0,0,en
UgwvP0Bm30jWCmc6RFx4AaABAg,@VeyronNQ,crazyy vid good vid man! watched it,2025-08-17T13:02:13Z,0,0,en
UgwEDoyga1ACL7_yX4t4AaABAg,@p1cklles,i love you fern,2025-08-17T13:02:09Z,3,1,Other
UgyoInBYc_cGLrgX3SB4AaABAg,@hazdoghanna8810,great video already!,2025-08-17T13:02:08Z,0,0,en
Ugx8prFi14Rn8IMChRd4AaABAg,@noffeflees5584,Goon sesh,2025-08-17T13:02:07Z,0,0,Other
UgzCYgBVF6NFnPM8KJt4AaABAg,@voidhand2,first,2025-08-17T13:02:06Z,1,1,en
Ugx_-b5JQsuk9d8atu94AaABAg,@Ducktectivee,First,2025-08-17T13:02:04Z,0,3,de
Ugz1mKIK82rtrl3WN_Z4AaABAg,@rivaleq2082,15 seconds ago is crazy,2025-08-17T13:02:03Z,37,3,en
UgwKX0FA0J4Z39wyrYl4AaABAg,@DennisJT,First,2025-08-17T13:01:52Z,3,2,Other
