Comment ID,Author,Content,Publish Date,Like Count,Reply Count,Detected Language
Ugzgi9A_d2w4k_OaH_h4AaABAg,@mikeez4013,Funny that this pops up now near 2025 Christmas,2025-11-25T11:39:43Z,1,0,en
UgzLlA5-4VKPATkEyk54AaABAg,@PelosiStockPortfolio,"I make oatmeal.  The recipe is half cup of oats, 1 cup of water, 2 minutes in a microwave.  Add blue berries when done",2025-11-24T03:37:03Z,0,0,en
UgzDA3vhcN8yizJpt0h4AaABAg,@Ms.Kelani,18:50 exactly why I LOVE quinoa and roe. Love the popping sensation.,2025-11-20T10:08:44Z,0,0,en
UgxBXJNiUB5lfCsW_Rt4AaABAg,@symphoricquoz,"""Oh no, I'm starving and I'm deep in this cold fantasy underground dungeon, whatever shall I do...?""
The humble dryad radish: 15:27",2025-11-17T06:01:03Z,2,0,en
UgwUYwuDCfglFSnQBa14AaABAg,@tanyagaisner6146,The roof the roof - the roof is on fire 😅,2025-11-12T22:29:06Z,0,1,en
UgxfZvnjO-91yK2ugSN4AaABAg,@TP1988,"Whole wheat / barley porridge with milk, egg and a few spices is an insanely healthy meal tbf",2025-11-11T00:20:23Z,1,0,en
Ugz4xJNESQ2AwQC6tFB4AaABAg,@tonigipp6808,"I travelled to Tajikistan this summer and stayed at a homestay where they served pretty much exactly this dish, but they did add sugar hehe. It was super delicious and now I finally know what was in there! Thank you for these incredibly educational videos :-)",2025-11-06T17:42:16Z,0,0,en
UgyBOX8lekwEqR3Z0h14AaABAg,@Geoff-m7j,Great lesson in history Max.,2025-11-06T08:32:45Z,0,0,en
UgzgBWpVNWrRPmLh0Dd4AaABAg,@darlenebertholet,As a modern peasant I appreciate you posting these,2025-11-04T21:11:11Z,0,0,en
Ugy6xb9JGX2axk75wXV4AaABAg,@MissMeganBeckett,"5:12 or add the eggs after the wheat is cooked in the milk like it says in the recipe you used, but ladle out a scoop of the milk to cool to the correct temperature to add to the eggs a bit at a time to temper them then add the bowl of tempered egg yolks back into the pot until thickened.",2025-11-02T00:04:07Z,0,0,en
Ugy870UppgFKxE10Z3R4AaABAg,@Sweet-wc2lj,I wonder if there's ever been a food he recreated that he didn't like. I think the mental image is interesting lol,2025-10-31T23:45:03Z,0,0,en
UgwCx_LViVNxaVhIwkt4AaABAg,@James-u2f5s,"With the milk and egg yolk, would it not be better to use a double boiler?",2025-10-31T01:49:47Z,0,0,en
Ugw1N-tmFObBXONddJV4AaABAg,@jamesbuchner5875,I'm cold and hungry 😮,2025-10-25T21:09:36Z,0,0,en
UgyPZ8Ia70jaFAJujl54AaABAg,@PeepLa7-PurpleButterfly-Soaps,"I have wheat berries...I use them to make flour...to make bread, but never heard of cooking them this way. Gonna try it.",2025-10-25T04:50:03Z,0,0,en
Ugwdwdxt1lFamI4dQE94AaABAg,@Spoeism,Dagda approves.,2025-10-23T20:19:28Z,0,0,Other
UgwJk1iupXE7iyvugv14AaABAg,@FoxInTheSnow_WhereDoYouGo,Why is it that lords forbade common folk from fishing? Is it just greed to keep number high for themselves? Depending on the size of the water source it could definitely be an issue of sustainability but I imagine that wasnt the highest consideration for many lords,2025-10-16T17:32:20Z,0,0,en
Ugxs1PLohgU2kT8O7XR4AaABAg,@AkameOda,"1:00 minute in to tis important video with great history for my D&D world building, but all I can think about is how this ancient latin book with a picture of a dolphin has the word ""cum"" written over it.",2025-10-16T17:07:01Z,0,0,en
UgyY_BlbHwWQYKEeRJd4AaABAg,@sxmimpaler,I was wondering why ive been so down then I realized I've not been watching my covid remedy. I have alot to catch up on,2025-10-15T01:29:01Z,0,0,en
Ugx1qZLMSiF2PKY4GYV4AaABAg,@aymericrichard6931,funny the image at 16:00 with the 2 characters on the left who open their legs and expose their private parts to the warmth of the fire :),2025-10-12T16:31:34Z,0,0,en
UgyMnJ7yB9ai-2HaOM94AaABAg,@young.716,"Hello! I eat ""la Formentée"" for dinner tonight. I added the tiniest bit of pepper and cinnamon instead of saffron, and it was okay, but a bit boring, I have to say. So I added 3 tablespoons of carrot and onion soup that I had in the fridge to my portion, and it was really good! I made about 2/3 of what you did (I only had 2 eggs), and I couldn't eat it all. It is indeed really filling. 
By itself I would rate it a 5/10, and with a little bit of soup, an 8/10.",2025-10-11T17:48:49Z,0,0,en
UgzaTg7kirgPb4qaClF4AaABAg,@CastroMKE,"When I hear Stockfish, my brain goes to chess immediately.",2025-10-11T17:18:16Z,0,0,en
UgwuqvRl4mzpISuHdJ94AaABAg,@aast.1329,Why can't you use egg yolks during Lent?  Was there a time when eggs didn't make the menu during Lent because you can eat them now.  You would think that they would count as the flesh of a warm blooded animal but they don't.,2025-10-06T23:44:51Z,0,0,en
UgyGZR7LJ5K7ujwp6zt4AaABAg,@otherh4255,"Your channel is quickly becoming one of my favorites , I love food and I love history. ❤",2025-10-04T05:50:21Z,0,0,en
UgxI0BfelwwVaLSDjqN4AaABAg,@oraalid0nitsi,Looks like a risotto I made,2025-09-29T08:29:46Z,0,0,Other
UgxtkcgYQWcts6U5ez54AaABAg,@GhostOfSnuffles,"Stockfish can last for years, mostly because most people would rather starve then eat it.",2025-09-28T20:04:55Z,1,0,en
UgyY88dYsHOi5gryQtZ4AaABAg,@pamluttig-1o51,A Frumenty recipe has been passed down in our family through many generations.  We make it for Christmas.,2025-09-23T03:20:00Z,0,0,en
UgyAQDrwfcAZHALjU6V4AaABAg,@ljb8157,"You know what's missing? It's an important ingredient.  It's smoke. They cooked over fire.  That smoke permiated everything. For an historically accurate flavor, you should add some liquid smoke",2025-09-19T21:19:31Z,5,0,en
UgxrULgPRBvvhw4xFLd4AaABAg,@richarddcvamd,Simply Brilliant!,2025-09-17T01:57:14Z,0,0,en
UgyAd5hJ2rHcUxDjsXV4AaABAg,@CountBeetle,Max has red eyes alot. Stoner?,2025-09-16T06:11:50Z,0,0,en
UgwC-w9kOM0vQLGC6Ax4AaABAg,@TheSimmpleTruth,6:42 I was in Germany about 30 years ago when the Rhine froze and we walked over the Rhine in Tübingen.,2025-09-14T22:37:15Z,0,0,en
UgzJtCNGD__pBHZIiQ14AaABAg,@scottleatherman3846,Can you edit down to some short reals with the recipes,2025-09-13T04:08:09Z,0,0,en
Ugzgs4hQETGksQJ8B114AaABAg,@violenttriangles,You are hands down the best thing to come out of youTube.,2025-09-12T03:08:11Z,0,0,en
UgyJ1Lpu0mRgiMHxgEl4AaABAg,@elflingskitten,"The little gray/white cat in the lower left hand corner, 15:15 😿",2025-09-12T00:32:09Z,1,0,en
UgwnhO17Ic-LbUlroBx4AaABAg,@lindagates6406,Maple syrup? 🍁 for those of who are across the pond.,2025-09-05T23:24:16Z,0,0,en
Ugxda-e0eETmvlDlMyR4AaABAg,@kellymartin2603,"If you think about it, the medieval penchant for boiling your meat before roasting it is kind of like cooking your steak in a sous vide bath before putting a sear on it.",2025-09-05T18:02:23Z,1,0,en
Ugx74pDXq-Uv6PprrKJ4AaABAg,@elw333d7,"I know this is 7 months old but I just discovered you!
Thank you for doing a Bombas sponsorship! They are really great and I personally benefited from getting them from a food pantry because I am pretty poor. They are the best socks I've ever had!",2025-09-05T01:37:42Z,0,0,en
UgyccMeplIwUXMU1O-B4AaABAg,@ellador88,"Ok, but how many Pater Nosters do I recite to time the wheat cooking?",2025-09-04T02:04:56Z,0,0,en
UgyXlQt9ldPXp7YzMBZ4AaABAg,@Zereniti77,I wonder how this would work if you mixed in some chopped bacon in there? Turn it a bit towards pasta carbonara.,2025-08-29T18:43:40Z,0,0,en
UgyU69K1ltmwZXWe4vd4AaABAg,@athia37,"In my Italian household we ate this alot in the Illinois winter,except we spiced it with lots of pepper and grated Romano or asiago cheese,chased with a huge mug of hot coco( homemade with milk,cocoa,and sugar)..when I had childten,they ate this in winter too,but with butter and maple syrup(the real maple syrup)..good stuff..",2025-08-26T00:39:46Z,1,0,en
Ugy0hcl1psDGjduvihR4AaABAg,@NeronisAcenza,I thought you wrote you were surviving a medieval Wither. I was very scared for you.,2025-08-25T23:26:50Z,0,0,en
UgyCcIekNpu0mH9UTo14AaABAg,@kimspringfield4180,"Have you ever researched the ""fish for fasting"" that included beaver, dolphin and anything that swam?  During the Medieval era thru Renaissance era, things that swam were all acceptable as non red meats.",2025-08-25T02:03:46Z,0,0,en
UgyPpWcLSTquIIQCR_d4AaABAg,@jslezak57,Paul Hollywood had an episode of his travel series (City Bakes) where a 5 star restaurant in the Netherlands had prepared a delicious dish with stockfish....I guess the people of the 15th century weren't culinary experts 🤣🤣🤣,2025-08-22T18:21:10Z,0,0,en
Ugwele0GEHTRZ8OkmWx4AaABAg,@arisuvocals7556,"I had something similar-ish to the stockfish. In Newfoundland, Canada, we had a lot of salt cod, which were cod fish dried and salted on the beach. They were hard as all hell and needed to boil the devil out of it before you could eat it. We always had some in Winter. We'd get salt pork, salt cod, and some hard bread (a version of hard tack) and make a meal with that. It's called 'Fish n brewis'
I still eat it now even though I don't have to, it's just nice to have lol Hopefully someday it'll end up mentioned on this channel with a history lesson on the NL cod collapse",2025-08-22T08:49:52Z,0,0,en
UgxkJJlru7FfIkjlmDl4AaABAg,@SCOOBUSSUNISCHILL,it looks more like a dolphin than a porpoise 1:03,2025-08-22T00:05:35Z,0,0,en
UgwP3dMMK5pw0POGsKl4AaABAg,@bjarkisteinnpetursson9736,"Stockfish is very edible, even before beating. It’s a bit tough but not too much to chew. It’s delicious on its own or with butter.",2025-08-21T19:52:03Z,0,0,en
Ugyr56LF-Ou0EEg650Z4AaABAg,@markkusallinen3469,"I wonder if on average, people in tropical climates had it easier or harder than people in places with full winters",2025-08-20T12:10:04Z,0,0,en
Ugwp7SsBuSiM9slA86J4AaABAg,@jameskeelinggaming2319,You have a sadvert ruining your video,2025-08-19T21:29:58Z,0,0,en
UgybFD_tvGkwUQa-d7x4AaABAg,@Hokienation90,I will never get tired of the hardtack bit,2025-08-18T16:31:56Z,0,0,en
Ugw6Wt5wNqHLxTLAIPd4AaABAg,@tmsaskg,"Only Bitter tastes should be balanced with sugar/sweeteners in a reasonable, human gastronomy. No sweetener should be used in any other case, if you want to experience real tastes. Bitterness can be hard to the stomach and head, therefore slight sweetening may work there. Though for stomach bitters sugar can also lessen the effects the bitterness has on the body.",2025-08-17T23:52:06Z,0,0,en
Ugzk136rNfvQvO2RRBt4AaABAg,@starbuckr5381,Margery Kempe mention!! If anyone's interested in Christian Mysticism she's a good author to read,2025-08-15T20:39:12Z,0,0,en
Ugy_VbL88g1Q37X0aIl4AaABAg,@sikosis999,"reminds me of steel oats with egg yolks, sausage. . . we'd drizzle honey & a lil cinnamon & nutmeg on them",2025-08-14T23:19:52Z,0,0,en
UgwTrFP6IACblyPKt7R4AaABAg,@BuckeyePrideful,16:00 Ayo why'd the artist draw their junk? LMAO,2025-08-13T21:55:26Z,0,0,en
Ugxmq2tf8_c5jFwA5Jh4AaABAg,@ElectroAMPSISfine,"Beyond these main categories, there were also other, lower classes of peasants, such as cottars or bordars, who generally comprised younger sons of villeins, vagabonds, and slaves",2025-08-13T19:30:37Z,0,0,en
Ugw0HwRg3Up01nELcel4AaABAg,@Mr_PochsVODS,This is one of the best channels on youtube,2025-08-12T17:47:17Z,0,0,en
UgxrF2V1FFbHkj7nVdx4AaABAg,@Radishthedrunkbardgnome,"10:23 starts singing “The roof, The roof, The roof is on fire”",2025-08-11T16:30:13Z,0,0,en
UgwWjWHEIvDDMgBxLW54AaABAg,@allergekko,"if you end up making stockfish, you could make lutefisk with that!! would recommend, the texture is. quite out of this world",2025-08-08T20:31:12Z,0,0,en
UgzWcvAHOJax8twBM914AaABAg,@captainmidnight1021,"Hmm, spending 70% of income on food? Sounds familiar. History may not repeat but it sure does rhyme...",2025-08-07T15:59:40Z,0,0,en
UgxTEXfvRUiIeVBc8Oh4AaABAg,@MarkM-t7g,This dude is awesome.,2025-08-06T10:38:09Z,0,0,en
UgxuNb1ErHB5mzBmLld4AaABAg,@theMad_Artist,Love the game of thrones references hahaha,2025-08-04T22:04:33Z,0,0,en
UgzGQTcqclRC_4FkwTl4AaABAg,@abigailgerlach5443,"Salt cod, haddock, eels, herring, small shell fish, salt pork, salt beef, salted mutton, wild meats (rabbit, venison, and whatever you could hunt without getting caught by the Reeve), geese, ducks, pigeon or
pheasant.",2025-08-04T06:30:15Z,0,0,en
UgzgPtRw2QXCEVxzatt4AaABAg,@joe_origlieri,Swine!  Just as I thought i was safe you hit me with the hard tack clip again.  Damn you.  You've gotten me once again,2025-08-04T03:29:01Z,0,0,en
UgzcevnWznau-24YHZR4AaABAg,@Mohamjip-x4h,"Up until about 2 generations ago, people preserved food for winter.",2025-08-03T18:09:25Z,0,0,en
UgyF3vM_3Xz65hseTZN4AaABAg,@Jorg05111980,Did you ever check DNA with Bradley Cooper?,2025-08-02T13:07:50Z,0,0,en
UgyLlhkQRSfBwQXqoud4AaABAg,@DinklebergsDelight,Just glossing over the fact that these dudes were eating dolphin 😂,2025-08-01T02:51:45Z,0,0,en
Ugyqx6jFSDcX8Mue38x4AaABAg,@WilliamCourtneyMD,"Love the show - my daughters and I watch it all the time, especially when cooking.",2025-07-31T13:04:56Z,0,0,en
UgxhpK8juaw72NUyl7Z4AaABAg,@anastasiiaf8311,My grandma cooked something similar with milk and honey. 30 min is not enough for the wheat berries. More like an hour to make a soft porridge.,2025-07-27T17:10:31Z,1,0,en
UgwNdDr1DGBCgYyyoSd4AaABAg,@cassidymedley6148,I came here to find tips for grocery shopping this winter because I too… am a mid evil peasant,2025-07-24T02:19:56Z,0,0,en
Ugx8uskAt235B7Yf-bd4AaABAg,@liminal27,Porpoise.,2025-07-23T00:34:08Z,0,0,Other
UgxZZ13NMULS5ieMghV4AaABAg,@evelynlewis122,Much like how today in most jurisdictions people aren't allowed to just fish at will but have to pay a fee to the goverment about it for a limited number of fish. ahaha.,2025-07-20T23:55:01Z,0,0,en
UgxH4oNQ39KgEQR8J3d4AaABAg,@Dante_Ibrahim,15:53 does that mean winter doubled it and passed it to the next person?,2025-07-16T05:23:15Z,0,0,en
UgyF0nEk9SbeFxpFHLF4AaABAg,@peachedpocky,"Been binging these videos around bedtime and dinner... I've now noticed that there is just a random Pokemon in the background every time, delightful",2025-07-15T01:52:58Z,0,0,en
UgwL66YImJFrt3CCLqV4AaABAg,@lovisericachii4503,Wait were saffron that cheap back then? And what saffron are u talking about? Cuz that shet is red gold,2025-07-13T06:03:28Z,0,0,en
UgwFR_aiQrPKVuOVkM14AaABAg,@VMorgenthaler-yp6yz,I’m trying to survive the maga winter. This will come in handy.,2025-07-08T00:47:29Z,0,0,en
UgwFRTv1YmTPmoHgmPl4AaABAg,@jarmokankaanpaa6528,"Lutefisk (Norwegian) or lipeäkala (Finnish) is a traditional Scandinavian Christmas dish made from stockfish. The dry stockfish is soaked in a solution of lye and water for several days to soften it, then rinsed in cold water to remove the lye and boiled. It is quite soft and doesn't have much of a taste of its own, so it is served with béchamel sauce and white pepper (and potatoes). Nowadays you can get it ready-to-eat (after boiling), i.e. lye soaked, rinsed and packed (usually in plastic). When I was a kid in Wisconsin, we got it from a Norwegian grocer, though I never actually learned to like it. However, it's originally a Medieval dish and thus something Max might consider trying one day.",2025-07-06T15:43:30Z,0,0,en
Ugz3xfr6ezyhHWd-Ubx4AaABAg,@meganchampagne1385,What happened to the nutritional value of the preserved foods?,2025-07-05T01:05:06Z,0,0,en
UgzkRk_X3TlbLT1P1d54AaABAg,@LeeWoolco,"Oh okay, so no one is gonna mention the Snorunt shivering away on the countertop? I guess I'll do it then.",2025-07-03T12:08:41Z,0,0,en
UgxThg4FLmh_IxtaL7h4AaABAg,@jonathan1384,I like your videos but youve never heard of winter crops arent you?,2025-07-02T21:49:30Z,0,0,en
UgwaZau_Pbvgd0tJ1f94AaABAg,@GreedyOrange,"honestly i eat everything and dont need much,but heat is killing me,so id be happy with a long winter,
much rather have minus 30 than plus 30 all my life,
wouldnt work for the plants and nature i know,but thats just my personal feeling,
im fkn dying right now",2025-07-01T20:39:55Z,0,0,en
UgwQr7SfvcLItAiDS_t4AaABAg,@mandrag0re,old ways of preserving food is so interesting. fridges are pretty recent.,2025-06-30T14:53:59Z,0,0,en
UgyF-0bCvYui7n-TiL54AaABAg,@johnhuffstickler-j9k,Aha- the genesis (genius?) of excise taxes!😮,2025-06-29T23:47:36Z,0,0,en
UgydTiesI-9aP_kCAdp4AaABAg,@johnhuffstickler-j9k,Seasonal scurvy.😢,2025-06-29T23:36:15Z,0,0,en
UgybEwev-p-7S0TQm3V4AaABAg,@NaTheCandlelightHistorian,"""No heaters, no thick blankets — just smoke-filled huts, frozen earth, and a daily fight to stay alive. Surviving a medieval winter meant endurance, community, and hope. May God bless you and warm your nights more than any medieval hearth ever could.""",2025-06-28T03:16:41Z,0,0,en
UgxdgR87DMDzj3J-Kul4AaABAg,@Dennis-nc3vw,"15:55
What am I looking at on the left? :flushed_face:",2025-06-27T02:47:10Z,1,1,en
UgwlpbCW2EDHQLuXdZp4AaABAg,@NoMercyfortheWickedd,I love this niche,2025-06-25T03:49:42Z,0,0,en
UgzJQU5w8002BUDj4it4AaABAg,@MrSniffy,Bring back almond beer and almond wine,2025-06-24T10:23:22Z,0,0,en
UgzAllaBVNXDwLmmLZx4AaABAg,@r.carlier8022,It’s like wheat and custard! lol,2025-06-23T20:41:11Z,0,0,en
UgywGC29e9SqsEVbSJh4AaABAg,@rebekahpressler,"There's a savoury version more typically used in medieval reenactment where stock is used to cook the wheat, but yes egg to thicken it",2025-06-23T08:03:58Z,0,1,en
UgxT3iOO2OlL3rKKTn14AaABAg,@Anitaj51,When will second cookbook come out 😊,2025-06-22T22:29:31Z,0,0,en
UgwZqAk76U4kZYoULW54AaABAg,@ericberry6008,Wouldn’t Black sugar be Mollasses?,2025-06-21T18:55:49Z,0,0,en
UgyGUGYYlgcdqIDVvyZ4AaABAg,@sillybeeful,Brilliant! And the artwork is fabulous and informative 🐽,2025-06-20T23:00:31Z,0,0,en
UgzQJjxyNFFrATmYJSx4AaABAg,@ZekeCavassa,"medieval peasants drank almond milk? Thats...really hard to believe...oat milk sure, but almond milk?",2025-06-20T22:36:33Z,0,0,en
Ugy5n9vnNHK9KOCyGe14AaABAg,@Keith-s4f,I enjoyed this it was informative and entertaining thank you,2025-06-20T12:54:43Z,0,0,en
UgyN7CMMTAVt4LnRK3x4AaABAg,@jameswallace9906,Please make stock fish,2025-06-20T04:47:40Z,0,0,en
Ugw0QYBTn3OJ6orjYRN4AaABAg,@Rachel-h3n,"Saffron is high in antioxidants etc, so they may have observed the health benefits of that",2025-06-19T13:44:51Z,0,0,en
UgzmU0LD9KSsSfCwfHV4AaABAg,@Rachel-h3n,That hardtack clip will never get old ❤,2025-06-19T13:37:41Z,1,0,en
Ugy_LhcbZv2eetr3K314AaABAg,@Rachel-h3n,Peasants generally couldn't read. So this is a wealthy cookbook by default 😅,2025-06-19T13:23:09Z,0,0,en
Ugyrul0oI8BivdAKX894AaABAg,@drivernephi2115,Holy fuck how can you afford raw saffron?,2025-06-19T04:27:45Z,0,0,Other
UgwDqnDXZX-0Q_0DmbZ4AaABAg,@bor3549,"Thank you so much for that hard-tack clack-clack!  I needed that dose of humor, Thank you.",2025-06-17T19:19:42Z,0,0,en
UgzIatl0ynXbqkAuJVN4AaABAg,@maxwellmateosian6520,The hardtack clip never gets old.,2025-06-16T03:11:07Z,0,0,en
UgxKRiOdFoNmChaUfN14AaABAg,@denversovich9203,🖤🙏 Thank you.  I needed this,2025-06-15T21:26:57Z,0,0,en
Ugxzp5jgE2OQohp27Wp4AaABAg,@polivepea,🍿👀,2025-06-15T19:59:16Z,0,0,Other
UgxVEQ5leXl1R3nR7RF4AaABAg,@Tracequaza,"this reminds me of trahana, which is similar but replace the milk/egg with yoghurt, and had a similar function of preserving excess dairy for the winter",2025-06-14T16:28:37Z,0,0,en
Ugw6zYDAhW-S2-JREoR4AaABAg,@monicrain7052,just curious! why shouldn't you use eggs with almond milk?,2025-06-14T04:05:30Z,0,0,en
UgwjCEJQlfpiLs9J3Ct4AaABAg,@dzamoranasca,"Theres an old saying in spanish that goes ""a cada chancho/cerdo le llega su san Martín"" ""every pig gets its Saint Martin's (day)"". It means that everyone gets what Is coming and what It deserves, and now i understand the origins of the saying",2025-06-13T22:23:20Z,0,0,en
UgxAtUojUc7DCLxvetx4AaABAg,@bananbananowy3552,My grandgrandmother had huge jars filled with fruits and sugar she used to make dumplings with in winter.,2025-06-13T11:38:09Z,0,0,en
UgxSHE9nBRCFdzMQzFx4AaABAg,@karma5321,so in love with how you give us a deep dive into this dish and everything,2025-06-12T02:18:00Z,0,0,en
Ugy4WGJfk5lkMNXftjV4AaABAg,@darkeninjx5619,Loved this concept and thr history lesson.,2025-06-11T23:02:11Z,0,0,en
UgxZzE6Uv0QD61Ll-494AaABAg,@DanteInfernous,"Grammercy mine freond, þis sceal swiðe þæt geþeon ‘i handa þis cuman winter. Þis witnes þu hæfst forðgæd þæt bið foreheafod be mine æftercyningum.",2025-06-11T23:01:37Z,0,0,en
UgxGD3wIGn7GUz3boZR4AaABAg,@user-ow7ui9vl3g,"I love your videos always entertaining, I'd like to see a pool side, swim suit edition of fancy drinks and foods...😁",2025-06-10T16:19:56Z,1,0,en
Ugzn8C5LZ8iQzWKZw6h4AaABAg,@Luchicus,"Most likely, gladiators ate barley not only with fat but also with eggs to build up more of their own body fat.",2025-06-07T12:13:02Z,0,0,en
Ugx6yE9JKDliOq5u4yp4AaABAg,@Wetwang_FC,Watching this with uber eats on the way,2025-06-06T22:01:31Z,0,0,en
UgwMAzrcrXJtHkeU-vZ4AaABAg,@20firebird,"a bowl of frumenty sounds pretty tasty. i bet it would be nice for breakfast, especially if i know i'm going to miss lunch.",2025-06-06T01:44:24Z,0,0,en
Ugw2DVl3FM63ay1jVZ14AaABAg,@cenX1,Winter is coming,2025-06-05T08:37:05Z,0,0,en
UgxMD0BCKwOdG7cAjCh4AaABAg,@ChristPaidMyDebt,9:04 why does that lady have a beard 😳,2025-06-04T22:50:42Z,0,0,en
Ugywa8HO4JkFerqMv294AaABAg,@hoboofserenity,"We still make stockfish here in Norway. We call it ""Tørrfisk"" (Dried fish) and you can buy it in stores, usually same place you find beef jerky. If you want to try it without making it, there are plenty of online shops that have it in stock.",2025-06-01T13:33:03Z,0,0,en
Ugzloyi4VYyG4-I93bt4AaABAg,@Anglophobiaisevil,I had heart about the jousting on rivers but i never considered the secondary effects like the loss of mills for months. That is scary because you can't just premill the flour or It'd go bad. Thank you for showing us this very interesting info max!,2025-05-30T16:26:06Z,0,0,en
Ugyi1w6dV01gDFYoPx94AaABAg,@skydadashzadeh,"Just curious, what would be sued in place of egg yokes during lent? I am planning on throwing a historically accurate medieval meal with solely meals from lent, and, while I already have plenty of recipes to use, I am curious what would have been used here.",2025-05-30T00:47:19Z,0,0,en
UgyCNbNtrZEFs8US7xl4AaABAg,@zoes_story,I love the little pokemon? In the background. I recognised a couple of them so far. ❤,2025-05-27T14:01:23Z,0,0,en
Ugz5WQtb_PsnJBpwWOt4AaABAg,@SusanFritz-v7i,In my 20’s and 30’s I ate hardtack regularly with butter and jam. I no longer can eat it due to dental issues.,2025-05-26T04:18:03Z,2,0,en
UgyuTIsgA0o3bbdNPbB4AaABAg,@Victoria-gq8gt,"Or served at fairs, with extra paid for a sly under-the-bench shot of alcohol. A-la Thomas Hardy 'Mayor of Casterbridge'.",2025-05-24T09:25:03Z,0,0,en
UgwdgGUrIV_pJtGX0h14AaABAg,@ifyouknewwhatiknew,"Frumenty looks great, add some honey and it would be better.",2025-05-23T17:47:11Z,0,0,en
Ugw-rhr3vEKFtI8vIeF4AaABAg,@Medievallhistory,"great stories, thanks for the upload",2025-05-21T17:22:12Z,0,0,en
Ugy_KbhcMxzdK2lBIOt4AaABAg,@la2036,"I saw this and immediately thought frumenty! I made it for a class in college with wheat, milk, and eggs over a fire pit (bc it was covid and I needed to occupy my time). I will say, after hand cracking the wheat I couldn’t cut with a knife for a week. 😂",2025-05-20T06:40:17Z,0,0,en
UgwE-AlMPKn8qg3roBJ4AaABAg,@maorako,"speaking of stockfisch... i HAVE to get the recipe my grandma had for her stockfisch. it was more like a salad and absolutely awesome, if i can get hold of it, i'll try to find out more about its history - maybe its even suitable for your channel",2025-05-19T15:24:30Z,0,0,en
UgzKyet17EJGeEBppP94AaABAg,@erikajohansson1908,Growing up in the northen part of Sweden - where there are no fruits and no nuts and a lot less of types of berries and you basically only have snow free season mid may-maybe september - I think the medieval peasants had an even harder time here...,2025-05-19T11:55:11Z,0,0,en
UgyUgm56dLstb1J7CSx4AaABAg,@CupcakeAndCarryOn,"This is kind of how I make my oatmeal 😂 except just 1 whole egg and almond milk. It keeps my blood sugar stable. Channeling my medieval peasant energy, I guess!",2025-05-18T16:57:28Z,0,0,en
UgykvqLMUVObuZcPLut4AaABAg,@dinosorPurpple08,Hider intransiciọ̄n  actuallī  perexcellentlī usefuī̆ple even thī maī hīwscipe  a'd Ich maī gī hauntende !!,2025-05-18T01:08:55Z,0,0,Other
Ugx18IQPNWma8WrV_654AaABAg,@garythecyclingnerd6219,Having a hard time believing the buildings in Florence really needed to shovel the snow off the roofs. The old European buildings are so hilariously over built that I think they could handle a foot or more without issue. They probably just didn’t know and were worried,2025-05-17T20:30:23Z,0,0,en
UgxFKLk6EIewqGGjGDt4AaABAg,@garythecyclingnerd6219,6:04 The Fire Nation attacked,2025-05-17T20:25:21Z,0,0,en
UgyJGVqkYsAbSC6WvHR4AaABAg,@sthcalguy3024,"Wait. There was ""climate change"" from 900 to 1300? Did everyone talk about it 24/7? 🤔",2025-05-17T06:59:46Z,0,1,en
UgwzD8zO1cKdu7Jp3Bl4AaABAg,@eliashenriksson1379,"I tried a Viking age porridge with some sort of oat, red onion and a lot of kale and it was served with smoked herring there was also a lot of butter and no salt",2025-05-16T12:15:52Z,0,0,en
UgzJ81lJu5fpyNKhhC54AaABAg,@Sunflower_of_Truth,It’s NO WONDER everyone had cavities and bad teeth.!! Wheat is loaded with plant toxins. The only way to neutralize them is through fermentation like with sourdough bread. Eewwies.!!!,2025-05-16T03:12:50Z,0,0,en
UgxX1EYfPCujB-a7ail4AaABAg,@joannexavier-troxel6956,"I’ve actually had “salted” cheese; the husband of one of my mom’s friends is English, and she brought back “salted” cheddar, from her visit to the UK. It definitely is an acquired taste; it actually wasn’t bad at all, but it really was a little too rich for me, and I’m someone that could live off of hard, aged, imported cheeses.",2025-05-16T00:38:31Z,0,0,en
Ugy3Rkn4oXDuqS9aUjR4AaABAg,@afjess198921,What kind of wheat berries?,2025-05-15T01:25:59Z,0,0,en
Ugxv7CtguORMY9A9SOR4AaABAg,@Medieval_Oddities,"😂3:00 – solid content, slow enough to relax with.",2025-05-12T05:55:11Z,0,0,en
UgzEZGNRnQmtbFs0obR4AaABAg,@kevinjeffrey2394,"Just say what you're thinking, that looks so tasteless and gross. Imagine having to eat that every day for years. 🤢",2025-05-12T02:51:47Z,0,0,en
UgzziDMzm4RCKgCLIcF4AaABAg,@Mercer0516,Not blanching the saffron first hurts my heart,2025-05-11T10:11:31Z,0,0,en
UgwzwTCpoloXCSpBAK94AaABAg,@ydoicare2000,So why the hell is saffron so expensive?,2025-05-11T01:44:54Z,0,0,en
Ugx42YxOXMALXOMPgaZ4AaABAg,@Cspgirl,I shall attempt this ere winters end,2025-05-09T21:28:42Z,0,0,en
Ugw9_Sj__HwxcqGSy2Z4AaABAg,@dimsunstuff,"Oh my god so when in Good Omens (ep3) Aziraphale says ""Fermenting, is that some kind of poridge?"" it's an actuall thing he's mistaking the word for!",2025-05-09T12:22:45Z,0,0,en
Ugzl2XWVy3o5NGXmIkJ4AaABAg,@JorjiCostava33,Was saffron just way more common then or how would a peasant have access to something as expensive as saffron? :o,2025-05-07T22:29:47Z,0,1,en
UgxgqZBoSF0Ir8g0qGx4AaABAg,@Harmless.Marcus,"It actually looks quite tasty, and the thickness of it reminds me somewhat of rice pudding. Sugar or even honey would be needed, but the eggs would do wonders for keeping it flavoursome. It's just personal preference.

The rulers and lords back then must've been mostly spoken badly of by the peasants. To not be allowed to wear materials which would have given them comfort in the medieval ice age was just spiteful.
The fact peasants survived shows a strong will and ingenuity to get by with what little they had. Tough folk!",2025-05-07T21:26:41Z,0,0,en
UgzJ5Ni5ml983kUQYax4AaABAg,@jamianreed,"This was the perfect recipe to use up my pearl barley and the first TH recipe I've actually made. I did add sugar, cinnamon, and some other spices and some dried cranberries to suit my modern taste and it came out fantastic! Way better than oatmeal. Thanks Max, love your channel!",2025-05-07T16:22:27Z,0,0,en
Ugwkumwi8ljNWyN9MuV4AaABAg,@fridgeffs5662,In the north of europe most of the food is full of calories for this exact reason. To keep you going through the cold. A lot of jams and preserves and sausages that you can just keep for ages.,2025-05-07T12:54:54Z,0,0,en
UgwSzgbyzYb92ln-cjh4AaABAg,@patricialynveal4017,❤❤😂😂love the hard tack joke😂😂❤❤,2025-05-06T18:05:38Z,1,0,en
UgxAak5oMs9RXXlpN6V4AaABAg,@lea6555,I presume that part of survival in a medieval winter was to sit around the fire 'tackle out' 16:02 😂😂😂,2025-05-03T08:57:56Z,1,0,en
Ugw4Kr8BRFMGlhZ8myd4AaABAg,@neverpreparedenough6431,They still make stockfish in iceland its popular in Africa,2025-05-03T01:54:16Z,0,0,en
Ugy-MPodad6IIAA3SbF4AaABAg,@Ally-mf5qx,"If i wanted to make this, is there a certain type of wheat berry i should be getting? i look it up and i see hard white, hard red, soft white, etc. Thanks!",2025-05-01T03:03:39Z,0,0,en
Ugw5e8ltlTbvmBy-Bnx4AaABAg,@starl1ght2046,"@TastinghistorywithMaxMiller
I can assist with when you're ready to cook stockfish. I'm a huge fan of your channel and would love to help you with that!
Also stockfish has a rich history in Nigeria and other countries like Norway",2025-04-30T20:18:53Z,0,0,en
Ugx9fR5FNGfNpEeLr9V4AaABAg,@PastNotPast,"No central heating, no modern medicine, and winter lasted forever—it's wild to think how resilient people were!",2025-04-29T09:57:54Z,0,0,en
Ugyye1x0n6FyEGT-yBV4AaABAg,@ThSkBj,"Do you have the right climate and conditions for making stockfish? Wouldn't it be better to just buy it? I'm not saying that you shouldn't try, just maybe get some real stockfish for comparison? Maybe klippfisk (the salted and dried version) could be a safer project? At least it seems like more regions make it even outside of (northern) Norway, so it is probably easier to do under less optimal conditions?",2025-04-28T19:01:33Z,0,0,en
UgxuGOVQctQaZwl29i14AaABAg,@mekhimkl2702,"I wonder if the growing requirements were different for almond trees back then. They seem ridiculously thirsty and high maintenance these days, it seems wild that they were so commonplace back then.",2025-04-28T06:09:12Z,0,0,en
UgxjRVoyoWG_983fw8d4AaABAg,@jenniferstewarts4851,"this actually reminds me of Kasha,  russian buckwheet portage.  some recipies are very simular calling for egg,  others add meat in, fish, beef, or such.",2025-04-26T08:55:11Z,0,0,en
UgwJ4Rjk6yU9W0g3CXF4AaABAg,@axeyouli,How do you pronounce words in all these languages so well? I am really impressed.,2025-04-24T18:05:52Z,0,0,en
UgzilFuPUF9ffq7dION4AaABAg,@isamarafernandes,I love the hardtack meme! 😂,2025-04-24T04:24:20Z,0,0,en
UgxZ8D6quIZLVM-M4HB4AaABAg,@Janetnva2000,I can’t wait to try this! I’ve got whole grain Eincorn wheat berries!😊,2025-04-23T21:19:41Z,0,0,en
Ugy7txQ2C3oSYjY3CZN4AaABAg,@aftonstjames,Love the hard tack *clack clack* !!,2025-04-22T21:16:48Z,0,0,en
Ugw4x8y_bAUR1I5Vyl94AaABAg,@angelahoward802,Makes me think cream of wheat and French toast had a baby. I have some Kamut on simmer now to try this today!,2025-04-22T17:01:14Z,0,0,en
UgwvlYZ1FFwfkLxRT_h4AaABAg,@susanmercurio1060,"Wouldn't ""black sugar"" be something like molasses?",2025-04-20T05:01:56Z,0,0,Other
Ugwz5NeMXtzSoCgXZhx4AaABAg,@susanmercurio1060,Sort of like a bowl of oatmeal: fills you up and lasts a long time.,2025-04-20T03:03:41Z,0,0,en
Ugx7fiU1ouSyoNZlEch4AaABAg,@gracev3851,"I tried the recipe! It was really good, even trying it plain. Incredibly filling, I probably ate just a quarter cup of it before getting completely full.",2025-04-18T14:54:53Z,0,0,en
UgzOlr4ih_JwCNn9SZV4AaABAg,@krikukiks,16:00 is he warming up his willy? :D,2025-04-18T10:42:50Z,0,0,en
UgxqqX9uGDaMx3K2dKN4AaABAg,@GiggaGMikeE,"Nigerian here. Stockfish is amazing. Its used in alot of soups both as a protein and for the flavor it provides but it does take alot to cook it. But when it's cooked it's like a tougher, uniquely flavored fish. Not tough to actually eat but the fish is much more firm than what you might be used to. But it is good.",2025-04-17T04:51:33Z,35,0,en
UgzS9na6nTZV3V9Acal4AaABAg,@outlikeabitch,Just here in 2025 amerikka researching starving serf snacks for ... reasons,2025-04-17T01:43:56Z,0,0,en
Ugy3WEIA20zcyqVhYmF4AaABAg,@NopeNene,400 years of increased temperature? Interesting fact.,2025-04-16T20:14:25Z,0,1,en
Ugyp2tn9I8wJrcDWEIV4AaABAg,@MattParody,Beer or wine based nut-milk would be a trip to see made.,2025-04-16T13:33:30Z,0,0,en
Ugxrh3koI7p8JoRSgLp4AaABAg,@PhilipePXF,The texture seems to be nightmarish,2025-04-16T05:36:28Z,0,0,en
Ugy0bkwUp6QZPKeggnl4AaABAg,@IanFoote-j7w,I think boiling meat to kill parasites and diseases with herbs and spices before roasting or grilling it to give it caramelization and a nice flavorful crust sounds like a great way to safely eat meat that wasn't raised on a diet of antibiotics.,2025-04-16T01:15:19Z,0,0,en
Ugw0rkha8uRjv-jyFUN4AaABAg,@sheilacollins9384,In the new theocratic 'network cities' we'll be serfs again so this is good prep.,2025-04-15T22:05:42Z,0,0,en
UgwftkWlHs0DD8ulOCd4AaABAg,@CPU9incarnate,Could the boiling meat phenomena also be partially attributed to lower dental health at the time?,2025-04-15T19:30:24Z,0,0,en
UgxPisqHMTO5yZjd35d4AaABAg,@FenrirGrayhound,"I speak french, it's my native language, and DAMN YOUR PRONUNCIATION IS ON POINT.",2025-04-14T19:43:11Z,6,0,en
UgwsK33mz1FA06huHg94AaABAg,@pmc8451,Heston Blumenthal serves Frumenty at his two michelin star restaurant Dinner in London. The whole menu is recreations / interpretations of historical British recipes. If you're in London and have £200 to spare you should check it out,2025-04-13T15:05:26Z,0,0,en
UgzN9QRdXFJmfA2mNvt4AaABAg,@arghapirate2427,"A funny detail on stockfish. The etymology had nothing to do with keeping a stock of fish, but with the form of the fish. The word comes from medival German and Dutch. In Dutch it's called stokvis. A stok is a stick in Dutch. It's hard and in the shape of a stick. The name should therefore be stickfish XD",2025-04-12T07:44:10Z,1,0,en
UgweeGuiXrILNSQ0ROJ4AaABAg,@cheyennekline9674,"As a lesbian I just wanted to say you are incredibly handsome, like a Disney prince",2025-04-12T07:12:14Z,0,0,en
Ugy7gogjqnKKWMaYiVJ4AaABAg,@troyschramii4828,square space has a lot of WCAG compliance issues.,2025-04-12T02:26:14Z,0,0,en
Ugxff6pLKdshd1o8SFt4AaABAg,@jackparsons7000,9:23 I think the blade is suppose to be facing the animal lol,2025-04-11T03:22:59Z,1,0,en
UgyMiMj1ZZ1Xetz_d8V4AaABAg,@jackparsons7000,That wheat porridge looks like my cat Oscars hairball juice,2025-04-11T03:11:39Z,0,0,en
Ugw9vItDpCySAnKolKl4AaABAg,@ethanlewis3711,With history and foods being two of my favorite classes back when I was younger I found myself wishing the two could be combined and this channel is perfect!!!!!!,2025-04-08T23:45:00Z,1,0,en
UgxBokXtZY9vVV5YAdh4AaABAg,@brideath,I love the click clack of the hardtack lol 😂,2025-04-07T23:13:14Z,0,0,en
UgwI-cG4mgk6Pp9w-id4AaABAg,@Ascariedeus,Bro literally explained the slavic kitchen.,2025-04-07T14:16:20Z,0,0,en
UgxwlKM5eJrXE3oT1pZ4AaABAg,@chinmaykamalapurkar16,02:20 Prove it us show your bombas underwear max miller 😏🙊😜,2025-04-07T09:38:24Z,0,0,en
Ugxd749LHG5WrYa53rN4AaABAg,@odie4464,6:17 why did you say it like that? 🤣 You said it with an A not ER 😂,2025-04-07T03:19:08Z,0,0,en
UgzcggafX31twmOEQTV4AaABAg,@aclaylambisabirdman6324,Will make this after Lent!,2025-04-06T03:35:26Z,2,0,en
UgyxIrDI7plsTe8b_zN4AaABAg,@stephenfurches5091,Yurp. 😉,2025-04-05T23:03:09Z,0,0,Other
Ugx_IqDcy9OlaTnurEl4AaABAg,@theylied336,"It honestly looks much more nutritous and healthy then most of the food that a modern day equivalent of a ""peasant"" (i.e. poor person) might eat on a daily basis today. I think the idea of abject misery and famine conditions we think of when we think ""medieval peasant"" mostly comes from hollywood and good old recency bias.",2025-04-04T14:46:16Z,2,0,en
UgwT4slXaHoQ7paaY5J4AaABAg,@victoriahoward8244,We made the sweeter version in the Renaissance faire. Mostly for 12th Night. Tasty!!!,2025-04-04T01:10:30Z,0,1,en
UgyiSGxB-xYw7vg52254AaABAg,@nutyyyy,"7:50 

It's worth noting that the laws were widly ignored and mocked. Those who had the money but not the status could show off even more by simply paying the fines and wearing the fabrics they wanted.",2025-04-03T20:05:13Z,0,1,en
UgyK2Ytvlpqvm2_-h994AaABAg,@callieramsey3914,"This brings back wonderful memories of visiting my great grandmother during the winter months. She made a version of this with steel cut oats,with or without eggs depending on if her chickens were laying, butter and salt sometimes as a treat we’d have fruit or nut preserves on top it was only as a winter dish we ate.",2025-04-03T15:57:06Z,1,0,en
Ugz3jOdzXBe-Wq9ysxV4AaABAg,@zolivk5513,"Accurate and comprehensive summary, nice work, worthy of recognition from a foreign expert!
Congratulations!One hungarian chef.",2025-04-02T17:09:20Z,0,1,en
UgwGlu2wsdSrbeP2GI54AaABAg,@SirCommoner,"4:02 So well and meal rhymed back then, interesting (and possibly men and burn too)",2025-04-02T03:42:00Z,0,0,en
UgzEtuHrxv_Ojbigtkp4AaABAg,@shortleader0958,You should make a hardack stockfish sandwich,2025-03-31T23:40:13Z,1,1,en
UgyNKbRg_TeWo3UPpad4AaABAg,@piklface8902,"Is nobody else noticing the painting with three people warming their ""tender"" bits in front of a fire?",2025-03-29T22:56:43Z,3,0,en
UgwvWxx-vyBfDCKJF1d4AaABAg,@BenDoverSus,"I asked to buy wheat and barley grain in a store that sells only grains, nuts and dried fruit and the storekeeper looked at me like I am crazy. She said no one ever asked for such items in her 3 years working here.",2025-03-29T20:09:08Z,0,0,en
Ugzyl_wyLXsy3fkFPR14AaABAg,@57thorns,"Fishing on the ocean (or the Baltic Sea) wasn't just dangerous, I would say it is still dangerous.",2025-03-29T14:55:24Z,1,0,en
Ugyp_m0Vmnwn94zI6ft4AaABAg,@57thorns,These days I suppose the destitue American population has to do without the eggs in this dish.,2025-03-29T14:44:45Z,0,0,en
Ugz-F8aD0t1ge0VRxGd4AaABAg,@dave882,Bombas still doing ads? Thought this was a video from 6 years ago 😂,2025-03-29T10:19:50Z,0,0,en
Ugw6GXhbgk9oXbcNNC94AaABAg,@klila16,"We always added a pinch of salt with our porridge. I started skipping it as an adult because I use salted butter. I’m Australian with British ancestry, so it’s an oat based porridge. I like the egg yolk version I might try that. We just used milk, salt and oats, then top with butter and brown sugar.
I would add more milk and reduce it a bit, personal preference. Then drizzle with milk at the end to make it a bit saucy 😅☺️",2025-03-29T07:08:10Z,1,0,en
UgzCxzkRHk_Lo3BasI94AaABAg,@balamstudios,thanks for mentioning the variants when you dont use real milk,2025-03-28T16:13:37Z,0,0,en
Ugya-qcMOHTL3dwsAWt4AaABAg,@ClippyMcGemmy,"I don't know why, but the imagery of someone beating the living heck out of a dried piece of fish to make it edible is very amusing.",2025-03-28T06:37:14Z,1,0,en
UgxjdQGOUL85MAtFLat4AaABAg,@MatthewThePhantom,Eggs?! Truly a dish for royalty,2025-03-27T22:12:08Z,0,0,en
UgxE169w5ksrknxO_uB4AaABAg,@MingleMan91,I wish you were my history teacher,2025-03-26T19:40:57Z,0,0,en
UgwBlHqQUaDnRLq5U7V4AaABAg,@judithmcintosh1724,Florence is my favorite city!!,2025-03-26T01:22:41Z,0,0,en
UgxzuCjy3NE9PTzgQb94AaABAg,@brianferguson7840,Where ??? Would a European peasant get almond milk ???,2025-03-25T18:34:05Z,0,1,en
UgwXWgw9_rLHbdcgkCR4AaABAg,@Baiko,"You wouldn't have had this in Nordic countries, you would have barley or rye porridge instead (or rye and turnip porridge), dried rye bread in the west, and salted or pickled herring.",2025-03-25T18:03:37Z,0,0,en
UgxhZsFdHKVgxwPy_J14AaABAg,@chriskratzke4844,Dose your sponsor have clothes for my chicken 🐓 friend?,2025-03-25T07:40:57Z,0,0,en
Ugwu3TAVs2qLRGucm6Z4AaABAg,@tthappyrock368,I wonder whether you could use barley instead of the wheat berries? Seems like they would also be filling and warm all day long.,2025-03-23T22:16:36Z,1,0,en
UgxhhkDqvrkBu_IRg1B4AaABAg,@annkelly0072,I love the pic of the peasants warming their biddies in the Très Riches Heures du Duc de Berry.,2025-03-23T03:48:38Z,0,0,en
UgzcvjKx_VY3pzC2I0l4AaABAg,@meiers3f,Thank you for the hard tack reference.  I get a chuckle every time 🙂,2025-03-23T02:57:03Z,0,0,en
Ugy6IhFqSknTQRiO1qF4AaABAg,@MsZoedog66,"I believe in southern Italy they have dried salted fish called baccala. In Scandinavia I think salted cod and smoked fish were the thing...then again there's fermented shark, which I have heard is an acquired taste....!❤🐬",2025-03-22T05:55:49Z,0,0,en
UgwXTYNEiphsGF-sFeR4AaABAg,@lore.keeper,I'm obsessed with medieval Europe so this episode was just amazing!,2025-03-21T02:20:44Z,1,0,en
UgxHO5xkLYUcxVvgTV54AaABAg,@johncarson7679,just found this channel. love it. my two favorite things. history and food.,2025-03-20T15:27:51Z,0,0,en
Ugw5zgwnn9jlVBizluJ4AaABAg,@abigailgerlach5443,"Add a bit of butter, some brown sugar, and some cream and it would probably be fairly tasty.",2025-03-20T10:18:25Z,0,0,en
Ugxes__-qi5gTi4qJpJ4AaABAg,@TheResearchMom,"Growing up in Romania during communism, we did spend the summer pickling, making preserves and yes, we slaughtered a pig for Christmas. In addition to fresh roasts, we’d send sausages and various cuts to be smoked. Apples were kept in the cellar, same with potatoes and carrots in boxes filled with salt. Onions were similarly cold stored and we’d hang ropes of garlic. My grandma had a freezing cold pantry where we stored lots of jars filled with lovely preserves: berries, rose petals, apricots and peaches and green walnuts. We had huge barrels of pickled cabbage, pickled dill cucumbers, green tomatoes, etc. We kept chickens and turkeys, hence fresh eggs and fresh poultry. Depending where you lived you’d have sheep (they spent summer up in the mountains grazing). And of course, jars of summer honey, pickled mushrooms (they’re delicious). Once we could buy a large freezer we’d freeze lots of veg for stews - no good for salads, unfortunately, but you can’t have everything. Funny enough, we never stuff like frumenty. There was lots of baking and we’d make the traditional mămăligă - a local polenta. And we kept small barrels of feta and wheels of cașcaval (similar to cheddar, I guess). Staying fed in winter involved a lot of work and we didn’t have access to exotic fruits like citrus or pineapple,mangoes, etc. but Danube and Black Sea fish was available, more or less, and everything was pretty much unchanged from medieval times. People outside the cities would hunt - pheasant, rabbits, deer - although it was technically illegal, there were ways around it:-)",2025-03-20T01:34:04Z,272,7,en
UgxqJgbO2zicjRCevVN4AaABAg,@LaytonOneal,Why do you look like ur on the wide of tears all the time man is the lighting too bright or just dry eyes?,2025-03-20T01:02:03Z,0,0,en
UgzwxuPcmRMefXMpgDd4AaABAg,@Veritas-TheGoader,"Trent Reznor once had a porpoise, maybe the purpose was to eat the porpoise",2025-03-19T15:20:01Z,0,0,en
UgzVUC49eaENnCcaMTB4AaABAg,@marikarembetissa4870,Perhaps the volcanic winter that the eruption of Samalas caused add to the little ice age.,2025-03-19T07:38:42Z,0,0,en
UgxDVGNCWUU5jcDTdOR4AaABAg,@gordsnatcher6074,"I, too, have been experimenting with porridges lately, especially savory ones (herbs, cheese,  stock, that sort of thing,) wondering what it would be like to live on the stuff. The milk and egg would help (A LOT!). I'll try it your way next, I think.",2025-03-19T06:35:30Z,1,0,en
UgwmkUF0gYroLi2sGWF4AaABAg,@stratocaster1986able,Gonna be useful when world war 3 finishes and we have The Second Medieval Age.,2025-03-18T19:04:03Z,0,0,en
Ugx-VAM2yVxhxyerFBx4AaABAg,@evgeniya9787,"В Великий пост и я чувствую себя средневековым крестьянином, отдавая больше 70% заработанного на финики и свежие помидоры (не думайте, что я мажор, всего пара помидоров в неделю, не больше)",2025-03-18T08:51:41Z,0,0,Other
UgwSKKlcvBrstq4ayvl4AaABAg,@Whoareyoucalling,"That snorunt is looking sus, hes going to steal your wheat.",2025-03-18T01:49:21Z,1,0,en
UgyWc1-RyjzZN3z3F7V4AaABAg,@KellenClifton,5:39 I trust your nanna,2025-03-17T21:00:29Z,8,0,Other
UgxHhO3tCZQSL9BbieJ4AaABAg,@annaquay4183,11:01 Villagers airing their genitals,2025-03-17T02:12:26Z,0,0,en
UgwxU9mx1nQwO40tkjx4AaABAg,@00bridges2,"16:04  👀 
Pause and take a look at this picture. What on earth is going on xD",2025-03-17T00:34:42Z,0,0,en
UgwveGS8hZy4J9emyRd4AaABAg,@mikamagnol8931,"His accent is a little off, but I feel personally singled out by ""Wicked Wintahs"" due to my residing in Boston. 😂",2025-03-16T23:40:39Z,2,0,en
UgwpjJ-89jg3aLukURB4AaABAg,@jonrobynsfan1,Feeling just like a peasant living in the UK through this recession,2025-03-16T21:04:19Z,8,0,en
UgzY8hXqKnEoosZR-6x4AaABAg,@davidh9630,"Great video! I am going to attempt to veganize this, though I may have to cheat and use something like Just Egg, but I am hoping a blended silken tofu will do the trick. Black salt in moderation will definitely give it that eggy flavor.",2025-03-16T06:58:44Z,1,0,en
UgxvlaSB4TPHsF33LyR4AaABAg,@lizaliza8367,And that's why we northerners pocke EVERYTHING,2025-03-16T05:42:47Z,0,0,en
Ugxxr4amWslG7XRLsbp4AaABAg,@sanjivjhangiani3243,"The Little Ice Age led to the loss of Greenland as a European colony. The sudden and terrifying change in the weather,  accompanied by the return of Inuits, created a set of conditions that were just beyond European endurance.",2025-03-16T02:32:34Z,2,1,en
UgyCX7OX2I5tfryfok54AaABAg,@S3l3ct1ve,"Smoked salted meat can stay edible for a very long period. You can also freeze it and its gonna be good for a year... 
On the contrary the meat doesnt get excruciating salty it actually absorbs as much salt as it needs. For example when preparing salted smoked beef, you usually put in a brine keep it for ~few days and then you can smoke that meat. Its not going to be very salty, its fully edible especially with bread.",2025-03-15T19:25:50Z,0,0,en
Ugyr5zO7s_bL3BU6Jy14AaABAg,@helixator3975,Useful knowledge for the unfolding recession.,2025-03-15T01:46:43Z,0,0,en
Ugy2b1g550Oxy2H6uiZ4AaABAg,@rojerww,"Almost seems simple enough unless one must know if it were hard red, hard white or soft red or soft white wheat. 
Or if one only had einkorn, would that have been considered acceptable? 
Or would barley or even rye be a reasonable substitute? 
;-)",2025-03-14T03:31:19Z,0,0,en
Ugy6z0aoS14JjKt2LMl4AaABAg,@BananaShorts,Anyone else pretend they were an English orphan from the late 1800s eating porridge when they ate oatmeal for breakfast as a kid or was that just me,2025-03-14T02:33:53Z,0,0,en
Ugz4BquvLmSX4KTn-ip4AaABAg,@PumpkinMozie,Here in Korea preserved fish similar to stock fish is still a super common food that you can even buy at the convenience store! There’s even a common soup called bookuhgoog (북어국…looks weird in English lol) which translates to “dried pollack soup.”,2025-03-14T01:22:55Z,0,0,en
UgwKhW9cWhIMaHx7aX94AaABAg,@user-zo4uy2rw8k,Medieval peasants didn’t have milk or eggs like that,2025-03-13T22:05:29Z,0,2,Other
UgxP3G2XkXF7cU7LFmN4AaABAg,@Demon-pb5jm,"It always makes me think how GOOD we have it - modern medicine, food storage, bathrooms, running water…things we don’t even think about. They couldnt even have much fun back then, either, all their time was focused on survival",2025-03-13T20:19:07Z,0,0,en
UgzXgwMGv9aHIS5hdgJ4AaABAg,@gizmit420,The little hardtack skit gets me every time 🤣,2025-03-13T01:02:10Z,0,0,en
UgzQCT5Q1zNkaJ2s5qJ4AaABAg,@lordfrank2468,Thanks for putting grams in there as well. Convenient. 👍,2025-03-12T23:35:28Z,3,0,en
UgwrmzauXeSNkQrDEtB4AaABAg,@fabius_bile,Makes sense that they would boil the meat even before roasting it. Meat was full of parasites back then and still is in the wild,2025-03-12T21:54:34Z,0,0,en
UgxZ6766AdiSLL_vI_14AaABAg,@kewkisyourfather,Any of you actually try Max's recipes?,2025-03-12T06:31:08Z,0,1,en
UgzuwFQZCtG1GQvmkwx4AaABAg,@hanabbe,First time I've ever heard Margery Kemp being referenced. I loved her memoirs. She was a real piece of work.,2025-03-12T04:08:13Z,0,0,en
Ugz0nDVjJwymUmwr23p4AaABAg,@tanyah.9131,"I just love medieval illustration like the ones here, they're so wonderfully done, not to mention weird and creative!",2025-03-12T02:56:04Z,0,0,en
UgxmGeFvvg4mhV9rAll4AaABAg,@MediocreDoggo,16:04 …are they just sitting there with their bits out?? 😂,2025-03-12T02:17:35Z,0,0,en
UgyeK68MqiM6yBIyRdJ4AaABAg,@ScottPowell-p6r,These dudes eyes are glazed 😭,2025-03-11T21:28:05Z,0,0,en
Ugy4ptqby8B1LZA0LZZ4AaABAg,@danielgraham1180,So was salt actually very common then if basically everyone was using it to preserve their pork? I have heard that salt was precious?,2025-03-11T21:07:47Z,0,1,en
UgzKfiGe1mucGB5oFAR4AaABAg,@konverteradarnljot,Thanks! How would this be done during lent?,2025-03-11T19:52:24Z,0,2,en
UgwZIlMgMyYqSIWMYL14AaABAg,@shaym-s5e,Too many ads cant fall asleep to this one:(,2025-03-11T07:25:37Z,0,0,en
Ugyzz3mJ6oWrdbxsBXB4AaABAg,@leoncumondeeznuts,With the state of the US economy this information will be very helpful come december.,2025-03-11T01:22:37Z,1,0,en
UgzHPlMedFpjtFJjlOd4AaABAg,@vajee5,Looks delicious,2025-03-11T00:23:14Z,0,0,Other
UgxhFmrXYEMuNKJEJ4p4AaABAg,@marcospatchett,Wonderful episode!,2025-03-10T21:53:43Z,0,0,Other
UgyzsKe95Kg1Os02POx4AaABAg,@grigoriemirel3065,In Romania when I was a kid my grandparents would boil wheat then drain and boil in milk afterwards(Easter tradition). The wheat was crushed or something similar when dried and after it was washed and boiled. I think they crushed it to help with texture and to make it boil faster. Maybe it was the case also bavk then.,2025-03-10T21:48:54Z,0,1,en
Ugw3JZKt1KgQosd-oIV4AaABAg,@HarryFlashmanVC,I dont think peasants would have saffron! It was and still is an incredibly expensive spice.,2025-03-10T21:16:08Z,1,0,en
Ugwx0nmaOX5IMCDVS4x4AaABAg,@flyingfox707b,"A continuous procession of misconceptions, stereotypes and ignorance. As an archaeologist I find this absolutely impressive the amount of half baked inaccuracies you can push while at the same time giving the impression you have some idea of what you're saying. 😅😂",2025-03-10T20:29:33Z,0,2,en
UgxzKoJvgt6g3YquWG54AaABAg,@Br0nto5aurus,Low key watching for impending food crises.,2025-03-10T06:58:52Z,0,0,en
UgyQVOHVN6NWhHtQ-nZ4AaABAg,@johnferry7778,"As always, your films are fascinating from a foody perspective as well as a being a treasure trove of interesting historical details.",2025-03-10T03:10:10Z,0,0,en
UgxavJEJZeEQk5EtMsl4AaABAg,@Nickinator811,"Nowadays the catholic church does not prohibit milk or eggs during lent

But back then i can imagine it being very tough to survive wothout eating cheese or butter at all during lent",2025-03-10T02:18:13Z,3,0,en
Ugzoel3sq6rsQBsdD5h4AaABAg,@Twinovation,Goodness…we forget the simple luxuries of our modern every day life. Something as simple as the season changing meant everything to those people.,2025-03-10T01:27:19Z,1,0,en
UgxVizzKdJ4tDIq8wcV4AaABAg,@lebimas,Can you please start including the recipe in the description again? It was incredibly helpful to have for reference later,2025-03-10T01:15:48Z,0,0,en
Ugw-WkOudErzsnHdKMh4AaABAg,@LilyEvans1996,Would I be fucked as a vegan peasant in winter,2025-03-10T00:42:13Z,0,0,en
UgycPK9OXHa88SiGfCd4AaABAg,@dannalin4937,So…we worry about global warming??…,2025-03-09T23:04:30Z,0,0,en
UgxuCVA9bVFky9wom3h4AaABAg,@cirihime1942,my goodness are you married dm me lol xD,2025-03-09T22:25:34Z,0,0,en
UgzehMLMTuqJlYy1O9x4AaABAg,@TheYoshi3579,The hardtack cutaway will never not be funny to me 😂,2025-03-09T21:31:13Z,1,0,en
UgyZMKzX25EIntl9MUx4AaABAg,@slothburglar,Looking forward to stockfish episode,2025-03-09T18:20:31Z,0,1,en
Ugx1TbGpWWku71mmqRx4AaABAg,@jeanmullins3284,❤❤❤,2025-03-09T17:23:10Z,0,0,Other
UgyFQebTbf9G40w66FZ4AaABAg,@attoooh,Saffron has a distinct flavour tho,2025-03-09T16:13:33Z,0,0,en
UgxWssN_0euD3agHKjN4AaABAg,@ironeisen9912,I feel quite hungryyy,2025-03-09T13:22:11Z,1,0,Other
Ugxxp9BSoFQyXo2K3i54AaABAg,@RealOGSpankyV,The first one just carbohydrate egg tartar or wheat scrambled eggs…,2025-03-09T06:57:30Z,0,0,en
UgyXhvOQDBG6QE_3F3l4AaABAg,@robwalsh9843,"Other commenters have already asked, but I hope they saved the egg whites back then.",2025-03-09T04:47:28Z,0,0,en
UgxEZctC1a7iKGbSBTt4AaABAg,@imavictorian,"Thank you for your videos, I so enjoy them! Can you do one on peas porridge in the pot 9 days old?",2025-03-09T03:56:16Z,1,0,en
UgzzPwAgbWMObE5XIiN4AaABAg,@crysv2797,"I'm more worried about those red eyes, you ok?",2025-03-09T03:45:28Z,0,0,en
UgyZ33ZBGoQylXtB1ud4AaABAg,@madelyn7521,intereting.  thanks so much,2025-03-09T01:22:59Z,0,0,en
Ugx9Dh1u3hAtwfrwELJ4AaABAg,@magicmagical9639,It is that crazy to think that a peasant can make better food then what i eat,2025-03-09T01:20:36Z,0,1,en
UgzGPzmCtbRi0NHmMUZ4AaABAg,@paulh5801,6:18 8f this happens now people would blame global warming,2025-03-09T00:45:44Z,0,0,en
UgxAT729w5M9QOvNYDh4AaABAg,@MixedBS91,1:55 anyone else picking up in the 2025 egg irony?,2025-03-09T00:20:58Z,0,0,en
Ugx0Y9qXrQ4txtntlBF4AaABAg,@josephmalone919,Going to show this to the next medieval peasant I see to help them survive for the next winter,2025-03-08T23:19:14Z,0,1,en
Ugxgd8cZjWq1yICclW14AaABAg,@ARTSQ-1,"Regarding stockfish - salted stockfish variation is actually pretty popular beer snack in Eastern Europe.

Search keyword is вобла (vobla)",2025-03-08T22:37:11Z,0,0,en
Ugzy7PtzhpY1SLhsEmV4AaABAg,@leofredette19,"Cudos, I get the feeling that you aren't a food guy sprinkling a little history. But a historian, who is is food to pass along history. Does not really matter your channel is fun & entertaining.",2025-03-08T20:16:02Z,0,0,en
UgyjGSppfvnk_r9XB9p4AaABAg,@beelzebot4240,saffron is not only used for color!! it has a very distinct taste and smell,2025-03-08T18:56:03Z,2,0,en
UgySZNSHPEO-BYOG0KJ4AaABAg,@3goats1coat,"Unless you've been living in a salt mine region, the price of salt was its own weight in silver 😂 so you can tone down on the lies of everything being preserved with it.. hence why stuff was being smoked",2025-03-08T16:36:19Z,0,0,en
Ugyzp6sOtlXCGGEV7hF4AaABAg,@marekgagis584,Omg! Putting saffron in peasant porrage is similar to putting there some goled leaves ;),2025-03-08T16:29:08Z,1,0,en
UgzMlowVzNMO9AcpLcd4AaABAg,@michaelwalker4977,"Frumenty as a holiday side dish?  Use stock instead of water to boil the wheatberries and use the same spice profile you use for the meat dish?   You know, in case you're bored with bread stuffing.",2025-03-08T12:23:44Z,1,0,en
UgxZtNWRDP5elClZj0l4AaABAg,@JarkkoPalosaari,Just found this channel. Very entertaining  and full of interesting information from history.,2025-03-08T09:26:17Z,1,0,en
Ugx68cZo6EbqbMzevpt4AaABAg,@michaelsweeney3285,I’ll say whatever the sock company wants because they give me money…,2025-03-08T06:24:48Z,0,0,en
Ugyjs21CKDfB1Pn1ZGJ4AaABAg,@EmeraldMarine84,"Nicer porridges have spices while lower end ones have egg and milk?? Knowing me, I could use spices but not egg and milk because they'd be too expensive",2025-03-08T04:05:12Z,0,0,en
UgyY9QaMaBmbIA77Rqh4AaABAg,@lyjanquinney4282,God this reminds me of when I was doing my apprenticeship and living off rice and powdered milk with some sugar and boiled lentils with curry paste and coconut milk because that's all I had left in the pantry that would go together and my bank account was empty. Lived entirely off those on more than one occasion.....,2025-03-08T03:13:34Z,1,0,en
Ugx5gOe-M36S_MzXq7V4AaABAg,@fabriziogonzales9719,"Idk how common it is elsewhere, but, at home, we eat something very similar to this very day.",2025-03-08T02:32:53Z,1,1,en
UgziPdM8nOTiYnPGupN4AaABAg,@livinghound,Wow. Kinda relatable today with inflation lol 😅,2025-03-07T22:14:14Z,0,0,en
UgzJU5udPAhkj4CmZdB4AaABAg,@redrooster1908,This episode is especially awesome and worth repeated viewing 👌,2025-03-07T22:04:48Z,0,0,en
UgzZW-hhV4_KHFd5KHV4AaABAg,@Incomudro1963,"That dish doesn't sound bad at all.
Imagine it made with stock instead of water?
Plus with bits of meat?",2025-03-07T20:06:45Z,0,0,en
Ugzs96mHbv6KyatxA_J4AaABAg,@Onitzerk,Modern porridge in italy has corn which obviously was not available in the middle ages,2025-03-07T17:05:59Z,0,0,en
UgyFVjSLESWst5ezjEp4AaABAg,@darrianweathington1923,70% of income just on food?... so nothing changed,2025-03-07T16:10:39Z,1,0,en
UgzM_z_X5O1nnJ7DJJh4AaABAg,@rachelsanger8629,Swedes still eat pretty much like this even now 🙂 Old habits die hard. 😀,2025-03-07T13:34:45Z,0,0,en
UgyToikxlTPUzcCAXsF4AaABAg,@Wiedadde,Your French pronunciation is quite good sir! Also interesting episode!,2025-03-07T13:20:36Z,0,0,en
UgxwH4xyTO2FK5GAJrF4AaABAg,@berker1388,this is the best recipe i ever got from the internet THANK YOU!,2025-03-07T09:54:24Z,1,0,en
UgydEHqGinsgi2L4tz14AaABAg,@jonahwashburn9573,13:30 Return of the King,2025-03-06T23:14:51Z,1,0,en
Ugwi54HkoFENlfLqfT54AaABAg,@EmSeeLLC_Outdoors,Spending 70% on food…😅 #same,2025-03-06T21:46:54Z,0,0,en
UgxkbStLs29XTXv2tHF4AaABAg,@AkaAkoVT,13:30 Wait... Does that mean Katsuobushi is basically a form of stockfish? Cool!,2025-03-06T15:48:25Z,1,0,en
Ugxy94sfbQkNaTl4ecd4AaABAg,@Steve_Meister,"I would like to add another variation that we sometimes eat. Boiled wheat with smoked bacon and onion. Maybe a bit of pepper and if you want a bit of salt.
We sometimes eat is as breakfast, warm up with a little splash of Milk and the add some berry jam or forest fruit jam in it, or when it was already Boiled in Milk before storing you can eat it cold with jam.
Cheers",2025-03-06T12:43:12Z,1,0,en
Ugwvf5dozOTNRhEiNSN4AaABAg,@quentingastaldi9253,Damn it I got got by the hard tack againnn,2025-03-06T11:39:36Z,0,0,en
UgyQI02jT2RmjualXu54AaABAg,@BarthuzStül,"Now you tell me, I really could've used this information 750 years ago.",2025-03-06T08:49:22Z,0,0,en
UgwBTrwYBjTVN7nmnFx4AaABAg,@emptyhad,Russians need this,2025-03-06T04:08:21Z,0,0,en
UgyiBzbFcesZP7f26FJ4AaABAg,@leedoss6905,I'm not particularly religious or Catholic but I guess I would have to be back then or lose my head.,2025-03-05T23:17:27Z,0,0,en
UgwYFbdTKs-bG0a7tpN4AaABAg,@G69zLmL,I am the 50.000th like ❤,2025-03-05T12:53:44Z,0,0,en
Ugw1Uk6UZyOlQdevRsR4AaABAg,@kellysuk5700,Three egg yolks??? In this economy??,2025-03-05T04:25:36Z,0,0,en
UgwxO_Rm0OKiSNlU9394AaABAg,@jjdoom4420,"As a person living in the UK with the highest energy prices on the planet, i am indeed a peasant and will take note of these tips for next winter!",2025-03-04T23:11:29Z,1,0,en
Ugx7K_Li_Rvtn0ruJUR4AaABAg,@TheStickCollector,"I doubt I would have since I might have starved, but then again I might have been a goner from the diseases and everything before I lived a full life.",2025-03-04T22:52:22Z,0,0,en
UgyjKRQBJey9Pj0k8dx4AaABAg,@jeanbellabasura1539,would they have had eggs during winter? I thought hens laid eggs seasonally.,2025-03-03T15:23:59Z,0,0,en
UgyZ68sibNeVWOUAovZ4AaABAg,@boreunoffp3639,"""Winter eateth what summer growth."" The greek pagans had a god called Boreas, whose name means 'The devouror.' He was the god of the north wind that brought winter. Throughout time, apparently, winter was seen as a devouroring force",2025-03-02T02:41:48Z,0,0,en
Ugwh2MqzEVBPXWoFv2d4AaABAg,@BlackBearBlues,"Traditionally in my neck of the woods, Thanksgiving is hog killing time because the weather usually co-operates and visiting family is appreciated by providing more hands.  A couple of family friends from the city were home the first year that their son was old enough to observe and somewhat participate.  He returned home to school and gave a talk about putting up hogs for Show & Tell.  The school administration called them in to tell them that he needed psychiatric help because they had a psychopath on their hands.  It is truly pathetic how many 'educated' people don't know where their food comes from.",2025-03-01T22:59:58Z,0,0,en
UgzcFpP7XpDIAPeCQw14AaABAg,@borsch_its_russian,блин у меня не получилась густая масса и сама каша получилось светло коричневого цвета,2025-03-01T22:33:07Z,0,0,Other
UgzaR2DURJUkvI-J6W14AaABAg,@reaper84,"I mixed the yolk with the milk before heating, but when the milk evaporated, I ended up with micro scrambled egg. Basically tiny scrambled egg between the wheat. What did I do wrong?",2025-03-01T18:13:10Z,0,1,en
UgwD0h-nFVFA4LqYZKZ4AaABAg,@tessasilberbauer6219,Huh. Gonna try that thanks.,2025-02-28T18:27:22Z,0,0,en
UgweKW8DDLkcLWxXMbx4AaABAg,@susangardner6059,"Canopy beds were for the rich same as glass.  Seriously you are describing the homes of the rich and the middle class. You have not researched how peasants lived, they would have thought they had died and gone to heaven listening to this mishmash of facts and utter tosh.",2025-02-28T07:36:53Z,0,0,en
UgxbZMHsBeoxO0MepF14AaABAg,@diydrivenGA,Some of us in america may want to save this recipe.,2025-02-27T23:56:56Z,0,0,en
UgyGeWEoJ5RIz_ljAmB4AaABAg,@arthuraguiar5382,15:28 Do you mean Eagan's 4 tempers?,2025-02-27T15:05:29Z,0,0,id
Ugy5F4gYdybNXmLZfd14AaABAg,@toastchakra,the hardtack cameo lives on!!! yesssss,2025-02-27T03:44:12Z,1,0,en
UgyULrP6jQXhoL78h7N4AaABAg,@stevelogan755,As a former oaf who has risen to serf I can attest to this as fact,2025-02-27T02:41:29Z,0,0,en
UgxckuNS-caAAp0QjMt4AaABAg,@kcmitchell2,"I have similar dish.  Wheat berry,  stock, mirepoix, bay leaf, mushroom bed with Roast Beef slices and tomato, broccoli and garlic side.",2025-02-27T02:25:45Z,8,0,en
Ugy3HoGJyYdZqDhvFuJ4AaABAg,@katiebellile7822,I love the hard tac throw back joke! ❤😂,2025-02-26T23:13:52Z,1,0,en
UgwqsR9-JUH9lvDePG14AaABAg,@eudaemxnia2481,This channel is so goated dude,2025-02-26T22:03:04Z,0,0,en
Ugwdru3MAGQtlzg73IJ4AaABAg,@wuffzi,You’re the best!,2025-02-26T20:48:52Z,0,0,en
Ugwg_4iIJpAIABxxAC94AaABAg,@grasshopper-ln9us,Pickled herring ia pretty damn good,2025-02-26T19:59:21Z,1,0,Other
UgzTddEO4ZzpSfxXZkZ4AaABAg,@andreamcdermott9355,Modern-day peasants can't afford the eggs,2025-02-26T15:37:50Z,0,0,en
Ugz2bp4SIYVZ1BDE93t4AaABAg,@Robert399,"Since you mentioned all the salting to preserve food, there's a common misconception that salt was ""more valuable than gold"" (or whatever) and that's clearly not true if peasants who'd never touched a gold coin in their lives were preserving food with salt. It's more accurate to think of it like gasoline: valuable, yes, but still needed in everyday life.",2025-02-26T09:51:01Z,5,0,en
UgwlWnhSok0w0cPE25F4AaABAg,@Solarstormflare,Yeah ok youtube i will watch this,2025-02-26T05:57:34Z,0,0,en
UgzyWRcMylT2RYPVMed4AaABAg,@dragonbutt,"Question. Are those people inside the building at 16:04 just like, sitting bottomless in front of a fire? Are those Genitals? It doesnt matter im just wondering if im seeing that right lol.",2025-02-26T04:21:53Z,0,0,en
UgxYc7lOb2tFuDoZZnR4AaABAg,@HawkinaBox,"Watching those recreation food videos from the 1800s, it's really a wonder how people survived.",2025-02-26T03:18:32Z,0,0,en
UgwpT7uExVKgkodZuW14AaABAg,@ajusino2324,1:39 WHERES THIS PEASANT GETTING SAFFRON FROM!!!,2025-02-26T03:12:15Z,61,2,Other
Ugzx-gw6FbUcu5EkVr94AaABAg,@serenityphawx,"With the current egg shortage, this definitely feels like a more lordly winter meal 😂",2025-02-25T17:25:54Z,2,0,en
UgwdOxsWP7hYCp10vk14AaABAg,@blessedwings111,hi snorunt!!,2025-02-25T12:31:04Z,0,0,Other
UgzT7Q3dLFUsyOG5K6t4AaABAg,@CW-rx2js,"""pence"" not pennies 
1 penny
2 pennies
But pence for an amount",2025-02-25T10:43:25Z,0,0,Other
UgyhRfZrdmOpCKtd_8B4AaABAg,@CrusaXP,"I’m so thankful that I live in a world where I can just walk on over to the market and buy some gain instead of spending a lot of time hunting it.

Still, I bet that eating what you’ve fought so hard to hunt down feels very satisfactory!",2025-02-25T07:26:45Z,0,0,en
UgyI4qv6LoDPW87YKYJ4AaABAg,@MartinAdverb,"If you're going to make stockfish, why not go all the way and make lutefisk?",2025-02-25T05:38:41Z,1,0,en
UgxDEGqlTg0G9G5EeqF4AaABAg,@MCMLXXXVICCXII,"To understand the medieval age in Europe just look at how American dream is portraited and promoted in movies.

Cars, ""freedom of speech"" and ""rights"", fishing, hunting, tons of weapons, clothing, having relationship, reading, all sorts of sport activities, farming, housing, investing, private accounts, cultism, prophets, big smiles, firm hand shakes etc. etc...

America would be the heart of the evil by the Medieval standarts. One could think went straight into the hell if time traveled modern day US 😂",2025-02-25T02:05:10Z,0,0,en
Ugz3tSGe62nzgnYQ2up4AaABAg,@notabot_bipbup..bipbup,"As a canadian who expect to receive a 25% random price increaae on everything, i support this video who teach how to survive depression level winter",2025-02-25T01:12:26Z,0,0,en
UgzF_sUqn1kD_unfotx4AaABAg,@louisng7539,"13:29 Hardtack, tap, tap - never gets old.",2025-02-24T23:36:46Z,0,0,Other
Ugx-9Igb4sOCywZPN314AaABAg,@thelandofoverthere,The year 4025: an influencer makes a video about an 'ancient recipe' from one of Jamie Oliver's cookbooks,2025-02-24T23:07:33Z,1,0,en
UgyAG85by5_HD_OIJGd4AaABAg,@ahah1785,no thanks im not intrested in those comfy socks or underwear...i only use pantyhose and womens underwear...eh to much information? I suppose it is...,2025-02-24T22:16:03Z,0,0,en
UgxidQ4pV1lkkBWZahR4AaABAg,@irlrp,it's still made to this day in Africa and India i believe. I've had similar things,2025-02-24T19:31:13Z,1,0,en
UgydM8QYXFkv3BAaKKx4AaABAg,@helenamcginty4920,Almond milk in medieval England? Not a peasants meal then.,2025-02-24T16:47:07Z,0,0,en
Ugx-6ZM3c0YXS0EH9Ml4AaABAg,@helenamcginty4920,"I love a bowl of oat porridge for supper in winter. Demerara sugar, wheat bran. Milk",2025-02-24T16:46:16Z,0,0,en
UgyqeraqXS4x6WuOmz14AaABAg,@metarcee2483,This is basically oatmeal.,2025-02-24T13:45:15Z,0,0,en
UgwnALi19lalJiVriRx4AaABAg,@marychaplin239,Wow. The medieval peasants could afford eggs. They lived like kings.,2025-02-24T03:11:13Z,5,0,en
UgziesU1lryGgSlUZYF4AaABAg,@Poodleinacan,"I basically make that sort of stuff for myself when I'm lazy for my lunches and just want filling, healthy and tasty meals",2025-02-24T01:49:48Z,1,0,en
UgyKaVAKQok-BIPvGy94AaABAg,@margaretlouise6200,The feudal lords were incredibly  greedy and self-serving. Lucky we don't have that kind of government any longer.....right?,2025-02-23T23:07:49Z,1,0,en
UgxTxlbQ_3A3utDtAqd4AaABAg,@boosmooochies,*FISHY CLACK CLACK*,2025-02-23T20:56:13Z,1,0,en
UgwnRyesx6wWzRMF2xB4AaABAg,@RhondaThorne12,Max's neighbors be like : surviving stockfish,2025-02-23T05:32:14Z,0,0,en
UgynZIQ0xMGmBPr5ilF4AaABAg,@cfaz6763,I love that I was around for the actual hard tack video😂😂😂 that was a long time ago! That was a bunch of kitchens ago Max! ❤😂,2025-02-23T01:13:54Z,0,0,en
Ugz34T9YLUceHoNb0qV4AaABAg,@jamesoncolbert3078,I hear the CK3 music,2025-02-23T01:12:32Z,0,0,en
UgwGAY2w3EgT57z1zlB4AaABAg,@jodiz5901,I wonder what they did with the egg whites? It doesn't make sense that peasants would waste anything.,2025-02-22T21:18:05Z,2,0,en
Ugy6uAQ0NsywDjKk-lh4AaABAg,@WaterSourcer,"Saffron Improves the taste also acla saffron bread, Cornwall.",2025-02-22T16:38:42Z,1,0,en
Ugzj-24y269GTqQ0QSd4AaABAg,@shweshwa9202,"I am not far from Florence and I love your channel. If you need help to buy a fiorentine steak let me know. I promise, it’s going to be a mild weather not like in the past",2025-02-22T14:23:04Z,0,0,en
UgxVzMVerebsFf9iiGl4AaABAg,@bingbing-n4g,last day of slaughter = nov 11= armistice day = not a coincidence,2025-02-21T22:26:07Z,0,0,en
Ugz8yGCaQBtjyECEZht4AaABAg,@braamkotze473,"Here because of Kingdom Come Deliverance 2, stayed because of incredibly good video. Well done😁👍🇿🇦",2025-02-21T21:20:27Z,0,0,en
UgwdKD6WnB4MRi_cX5p4AaABAg,@tracybreslawski2321,I love when hard tack makes an appearance!,2025-02-21T16:17:49Z,0,0,en
UgzMJhgVJB57d-7K5ql4AaABAg,@Fauxrising2022,Thank you for another great video! 😊,2025-02-21T15:57:44Z,1,0,en
UgxdpxUPdOvM8KYxEqZ4AaABAg,@grantgoldberg1663,"So, basically they ate bread dough. A high carb diet. Just like the poor of today.",2025-02-21T13:49:42Z,0,0,en
UgwyzftrnJFiWlm3Zzh4AaABAg,@N1mdok,"thank you for the video , a great one that probably will warm my belly this evening. when i was sick, my grandma used to make me a similar meal (although with cinnamon,honey and sometimes with cumin) but the thing that made me curious was that she would add about a glass to half a glass of vinegar to the wheat while she was boiling it. Mother said its for the probiotic bacteria, and to sterilize the wheat , but i recently made a similar porridge without the eggs , the same way, the ecientific method would be called ""acid hydrolysis"", it kinda sweetens the wheat, gives it a nutty flavour and smell to it and if you add a pinch of salt to it , it removes the need for(for me) adding some other sweetening.",2025-02-21T08:24:49Z,0,0,en
UgzNvBfnkC2UExBovPF4AaABAg,@akadikoy,"Great episode, especially the historical background! A dish in Turkey, possibly of Turkic origin, is called Keşkek. It is quite similar but contains lamb. You should look it up.",2025-02-21T06:45:42Z,6,0,en
UgzLW5zkavSDKZTMS9V4AaABAg,@CEOofThrowing,Lord be praised!! Hungry of Skalitz!!,2025-02-21T05:55:01Z,0,0,en
Ugxj5gsTMczQrNThWvZ4AaABAg,@gabib.1780,What a coincidence...I was looking for a wheat based side dish,2025-02-20T21:00:17Z,0,0,en
Ugx_P_U2U5MdEZrUFRt4AaABAg,@Mystery13x,Sorry but 3 pairs of compression socks for $80+ is CRAZY.,2025-02-20T19:21:51Z,0,0,en
UgxdqWc3vLvdBObVdTh4AaABAg,@Duvbott,"Straight up, groceries are so expensive I might start using this recipe. Seems like a good way to save money and stay full! If only eggs weren’t so darn expensive…",2025-02-20T17:55:44Z,0,0,en
UgwSgKZKcWsPvMoQ0C54AaABAg,@Kamila_Koziol,"The water from boiled meat was later used as stock. In Polish the name for stock/chicken soup/bouillon ""rosół"" came from the word ""rozsolnik"" so ""desaltifier"". Because all that salt and meat juices were left in the soup.",2025-02-20T11:30:28Z,1,0,en
UgxEeZ4xOlhOnuABLaB4AaABAg,@rpgarchaeology4967,This makes me want to see a Pentiment/Tasting History mashup. I had no idea what frumenty was until I played that game and now here it is!,2025-02-20T10:27:51Z,0,0,en
UgzhnvofT23B06xahmZ4AaABAg,@Chikapuffin,"Bombas socks are great, I stole my moms socks, didn’t know they were fancy socks 😅",2025-02-20T05:41:41Z,0,0,en
UgwyGLtRR7P99XufYoV4AaABAg,@therickson100,"Is ""stockfish"" what we Swedes call Ludafisk?",2025-02-20T00:45:09Z,0,0,en
UgyaIplLvZN2hXSWPiZ4AaABAg,@FrauDoktorDoctor,"This historian of medicine and nutrition thinks this is one of your better episodes, Max!",2025-02-20T00:03:49Z,0,0,en
UgxkRL0MZu9D5kv1sLF4AaABAg,@chris2kai12,When we say medieval we mean Europe. It was a hard place to survive!,2025-02-19T21:58:06Z,1,0,en
Ugw4Kba_1cl4tZcsjdp4AaABAg,@ImperialSenpai,"Some peasants had really nice clothes, the Medieval Period lasted a thousand years with multiple different countries and rulers.",2025-02-19T16:45:31Z,0,1,en
UgyLSjQuM71HqVKN8fh4AaABAg,@ThibautVDP,"i have a slight aversion to using recipes that oinly use the yolk of the egg. any idea what i could do with the egg white so it doesn't go to waste? preferably something food, not sweets like meringues.",2025-02-19T12:56:05Z,1,2,en
UgxHYpLqgqbLK_rXHwZ4AaABAg,@lenprice2014,Another nice recipe - we’ll use it as we starve under Communism in the UK.,2025-02-19T08:50:06Z,0,0,en
UgzCYRMdq2IK27NCMEF4AaABAg,@_Denisa_H,"you always get complaints about the format.. food and history.  Here's a twist. I found your channel because it was recommended to me. I came for the food and once I realized you mixed it up with history I thought it was great. I came to the food and I stayed for the history. No complaints mrom me about this being a history channel. LOL  On a serious note, I am homebound due to illness and I enjoy watching this channel and the channel with jose.",2025-02-19T05:06:03Z,0,0,en
Ugxh9JmFKKmbGbvC8bd4AaABAg,@ghostl337,A meal fit for Henry of Skalitz,2025-02-19T04:54:39Z,0,0,en
UgxFiplkSDwFLRvhwMB4AaABAg,@-_IT_-,If this is not a TV show it should be. Food Network should pick this up and keep it the way it is! This is a quality show,2025-02-19T02:53:16Z,1,0,en
Ugz74kWry0sVjoPvxqZ4AaABAg,@MR_R080T0,Damn that looks like a really good breakfast. Definitely bookmarking this one.,2025-02-18T21:24:06Z,1,0,en
UgwaWmgU2eOiwbsdspF4AaABAg,@TichoBrache,A lot of American ignorance in this video...,2025-02-18T20:46:55Z,0,0,en
Ugy1XJEf9dJGDqE_t7l4AaABAg,@DMonZ1988,@16:00 only just noticed but wtf is going on in this picture? are they all warming their genitals at the fire???,2025-02-18T19:14:45Z,0,0,en
UgzqGWr9a837mHGith94AaABAg,@chouco3,I want to see medieval man doing prehistorical dishes,2025-02-18T19:04:43Z,0,0,en
UgzlAOna9SSozrG1Ygt4AaABAg,@Nought_8,"13:55 In Africa, stock fish is eaten with a lot of stees and soups and is preferred to not be softened rather it is used as a condoment on the dish, but i know there is difference and in medieval europe stock fish is eaten as a major part of the meal so it cant just be left hard.",2025-02-18T18:42:58Z,11,0,en
Ugx3gsPDI-rKuZn66Vp4AaABAg,@siryogiwan,"I gave used custard powder in porridge when making, might have to try it with eggs next time, can't beat real ingredients",2025-02-18T18:08:33Z,1,0,en
Ugwii9xCpuyiWV9iqG94AaABAg,@matteobetti8559,"When you visit Florence make sure to pay a visit to Aurelio il re del Lampredotto, near Statuto, that's one of the best typical street food you can find in Florence",2025-02-18T10:01:39Z,0,0,en
UgyghM7XtZWZ2EjP5Hx4AaABAg,@0live0llie,i love that clip of the hard tack being played every time it gets mentioned so much. it'll never not be funny,2025-02-18T08:07:13Z,1,0,en
UgwYc94gv7oDyrf2Dr94AaABAg,@bruhverlybruh4012,"Snorunt
You think he more of a Mega Glalie guy or a Frosslass guy?",2025-02-18T07:03:32Z,0,0,en
UgwNKC6s5hXiSW04hfd4AaABAg,@alvarosolis26,funny i made this the other day kinda with arroz con leche and oatmeal its tasty,2025-02-18T04:40:32Z,0,0,en
Ugz24haynbBiFQx4t8x4AaABAg,@megamace2,"How did they store things back then?? I leave bread in its package for a little too long and it goes stale, and I know our food has preservatives but it feels like it goes bad so fast. What was their secret??",2025-02-18T00:09:42Z,0,0,en
Ugw7-Ni0o05SIEdtCWp4AaABAg,@franklinrutherford5548,You must feel quite hungry,2025-02-17T22:49:12Z,0,0,Other
UgwF4AvbnExco5JVCfx4AaABAg,@GabrielLopez-mo2xo,Wait is stock fish not like a common thing? I’m like 90% sure I’ve seen it sold in Hispanic supermarkets. I just figured it was more of a taste thing rather than a rarity thing,2025-02-17T22:33:06Z,0,0,en
UgwKeNv9KXXO81MLmCp4AaABAg,@Alice-m7e,Medieval cream of wheat. I would not like it as I hate cream of wheat.,2025-02-17T20:35:13Z,0,0,en
UgxxnyQp8Pp27rCKCqV4AaABAg,@datboi5913,"For reference wine freezes between 15 to 20 Fahrenheit (-9 to -6 Celsius)

And bread freezes at around 0 Fahrenheit (-18 Celsius)


From what I could find at least",2025-02-17T20:01:02Z,0,0,en
UgxCEGxf1M5HDh-ItLZ4AaABAg,@jacobstephenson37,I just did an adapted version of this with quick oats for my lunch. Omg so good..... I did add cinnamon and sugar to it also.,2025-02-17T19:26:54Z,0,0,en
Ugw40gUhhiFdtrK3prp4AaABAg,@annexprime9144,I am quite hungry,2025-02-17T19:21:47Z,1,0,Other
UgwvnDqp1vRlA0p81q14AaABAg,@mercurywoodrose,"OK now I want a wall calendar with medieval pictures of what they would actually do each month. I want a pig slaughter picture. Not because I’m a sociopath, but just because it’s good to remember our roots",2025-02-17T19:12:37Z,0,0,en
UgxRwEmGtPR3CFfGFO94AaABAg,@mercurywoodrose,"Europe should be covered in snow and ice, but there’s a current in the Atlantic that keeps the whole region warmer disrupt that current and you get an ice age.",2025-02-17T19:06:29Z,0,1,en
UgyNDrCUjREcisZ0OcN4AaABAg,@mercurywoodrose,"I used to live in a communal household, where our stock grain with each dinner was a big pot of so-called brown rice, which is not a whole grain mixed with actual wheat berries, which is a whole grain. They add a nice crunchy chewy pop to the brown rice. wheat berries are a forgotten food item probably because they’re a little on the chewy side. Most people prefer flour or tabbouleh",2025-02-17T19:03:24Z,1,1,en
Ugwz7aFPEH2LWkPe8ZV4AaABAg,@juliajohnson4080,"Is there a clack clack? Of course.
Am I tired of it? Of course not",2025-02-17T18:30:12Z,0,0,en
Ugz0McvKe_W7dR2VA9V4AaABAg,@rangertuck9158,They ate dolphin!? Didn't sailors have stories about them? 😢,2025-02-17T00:46:37Z,0,1,en
UgynEVy1NhCS3cvaSlR4AaABAg,@rangertuck9158,"Ah, I'm gluten intolerant,  sigh. I was hoping it was oats or barley.",2025-02-17T00:45:55Z,0,0,en
Ugyscu41zPZwXS_-lBV4AaABAg,@errantharpy,The Snorunt in the background!,2025-02-17T00:36:35Z,0,0,en
UgwJb9-CGG5TwZhxARp4AaABAg,@falcolf,I really hope you make the hardtack fish; I really really hope you do 😂❤,2025-02-16T23:43:25Z,0,0,en
Ugz4xOVHwH_nXm1xC_J4AaABAg,@sathurxy49,"When you mentioned the dried fish, I knew you were going to insert the Hard Tack clip!",2025-02-16T23:36:54Z,0,0,en
Ugxah8uFvMmczEfiAEl4AaABAg,@NikaCosmopolitan,Why are the Ladys in the picture at 15:58 just...letting it loose in the background? lol,2025-02-16T23:09:32Z,0,0,en
UgwRgWMmi_ocqZuPaZB4AaABAg,@AngelaGyetvan1,"Funny, but reminds me of one of my favorite breakfasts: tamago kake gohan - leftover rice tossed with raw egg (w/rice vinegar, soy sauce & furikake). Love how humans all have a hunger for warming, homey foods.",2025-02-16T17:24:24Z,5,0,en
Ugxp1sea2INuh_4e8S54AaABAg,@curaloucura,"I just made this recipe and instead of egg and cream, I blended some cashews with miso and water to add to the final cooking for the vegan version and it turned out great. Absolutely not historically accurate, but at least I’m Brazilian and cashews historically come from there :P. Probably almond milk and miso would also work well but cashews make them thicker.",2025-02-16T16:44:08Z,0,0,en
UgzIq4IHxwzQ-_9bcId4AaABAg,@CarlGorn,"One of these days, I need to make a study of how each grain can be used for porridge. I'm already familiar with oatmeal, cream of wheat, grits, and juk/congee, but have yet to explore rye, millet, barley, amaranth, buckwheat, bulgur, farro, einkorn and the like.",2025-02-16T16:03:24Z,1,0,en
UgwzsYTwf63ndrdrK1t4AaABAg,@KageApolloBiff,"I had stockfish in a mid-high end restaurant in Northern Norway near Lofoten Islands (where a ton of stockfish comes from) and it was pretty darn good.  The texture was a tad different but otherwise it was very close to being a filet of cod as you would expect.  I also think it is quite common in soups, just smash it with a hammer and boil it with cream and vegg, or a tomato based soup.",2025-02-16T15:33:17Z,0,0,en
UgyO9UByDBPc2lPZPlZ4AaABAg,@What_is_wrong_with_this_world,Also good for us modern day peasants,2025-02-16T15:25:04Z,0,0,en
UgyVQ1L3XwoAxnXFHyN4AaABAg,@ChrisWar666,"Nut beer milk?? Oohhh, that sounds like fun
 17:53 lol @ [chomp]",2025-02-16T15:24:27Z,0,0,en
UgyPgh8-bw7xxIy5dpB4AaABAg,@ramisalomaki5318,"I hope you will make episode of beans. Boston beans, ""cowboy beans"" etc",2025-02-16T14:44:17Z,0,0,en
Ugyri_ICAixnLqI76n94AaABAg,@rainvast8982,As modern time peasant this can be helpful,2025-02-16T13:44:01Z,0,0,en
UgxgOoibl5KNvdeiBXF4AaABAg,@buskov,"almond milk....come on, im out",2025-02-16T13:00:21Z,1,1,en
Ugw-0MabNcK5mbj9MEh4AaABAg,@halileo_halilei,"I really don’t know why I subscrlbed this channel or watch these videos but I watch all of them and love! I am not a chef, not into cooking or into medieval cuisine but here I am. You’re doing a great work sir, keep it going. 👍",2025-02-16T12:38:31Z,3,0,en
Ugyd8pAQLFjJLFF5N2B4AaABAg,@agimagi2158,"I've made Townsends recipe for frumenti a few years ago and really enjoyed it. I love how golden your version is, a really pretty dish!",2025-02-16T11:45:32Z,0,1,en
UgzP5GWQpNhR6pcrHp54AaABAg,@josietheartist,I'm new here but I love seeing your pokemon in the background.,2025-02-16T07:57:30Z,0,0,en
UgzzMg1Op1oaI6-lCtJ4AaABAg,@WhyAreWeAwake,"What would happen with the egg whites, I wonder?  Another dish?  Some drink?",2025-02-16T05:40:19Z,0,1,en
UgzG2Isb7yZFhOZg4FV4AaABAg,@michellewilliamsen8783,"Growing up poor my dad would soak wheat berries in water and then bringing it a boil, covering the pot and turning off the heat overnight. The next morning he would add more water and boil till the wheat was soft and chewy. He would then spoon some into a bowl pour on a little milk and sprinkle with sugar or more often add honey and sometimes raisins. Not my favorite breakfast, but you weren’t hungry by lunch. He grew up eating it as well.",2025-02-16T05:10:08Z,1,0,en
UgyyEeZv6ksZeOQiXkl4AaABAg,@estherrogers5553,Do you know how expensive saffron is???,2025-02-16T04:59:24Z,0,0,en
Ugww_7sHSeRSir08fgR4AaABAg,@briandiego8124,"Your advertisement is a lie. You live on a bed of greedy, uncomfortable lies!",2025-02-16T04:44:36Z,0,0,en
UgzMQYw81PYNhCSBzVp4AaABAg,@mikeburch2998,I am a modern day peasant and I would eat this.  Greetings from Arizona,2025-02-16T02:50:00Z,0,0,en
UgyhfrQt5l-pGAbfnC14AaABAg,@annellewellyn5535,I used to eat this a a child on the farm.,2025-02-16T00:45:31Z,0,0,en
Ugy10XY6KkxRW00gzL14AaABAg,@verbena208,"I could see a version of this made from rationed grain, canned milk and powdered eggs being served to soldiers in a Post apocalyptic world.",2025-02-16T00:35:57Z,0,2,en
UgyNUSAV5ZZG6B-ECqx4AaABAg,@Idfkwtumf,Do stockfish and salt pork!,2025-02-15T23:36:38Z,0,0,sv
UgxJDytWmrwRZOC_oXV4AaABAg,@shaneintheuk2026,"Hmmm. I learned a new descriptive term, “wheat berry”. Looking at the Cambridge Dictionary it’s used by the English (as well as Americans). I would describe it as whole wheat, or wheat seeds. I’m interested to hear if other Brits are unfamiliar with the term or if it is just my ignorance.",2025-02-15T21:55:56Z,0,0,en
UgxK9FpBcMNfWR8kPRR4AaABAg,@culdesacgrocerygarden,Feeling like royalty with all my cans of sardines over here,2025-02-15T20:31:33Z,0,0,en
UgxgddRs2xrrzej66DR4AaABAg,@caiofiuzaseixas9027,15:20 lol what is that XDDDDD,2025-02-15T19:21:44Z,0,0,en
UgzysY-zGWPqPqDOunV4AaABAg,@jochenstacker7448,"All those ""I eat nothing but meat because that's what they ate in them olden days"" Bros really have no idea that having this much meat at your disposal is a very recent thing. Up until the mid 20th century, meat was a treat, not something you ate every day,et alone theee times a day.
Unless you were insanely rich or a king. At least they'll get to discover how wonderful gout it.",2025-02-15T18:24:02Z,3,0,en
Ugwt587E3xV9pimAeK94AaABAg,@JosephTheRocker,I'm feeling quite hungry,2025-02-15T16:34:31Z,0,0,en
Ugxz3hpxNqef1kGwynB4AaABAg,@keremkonar2084,Thanks for this awesome video❤,2025-02-15T16:15:34Z,0,0,en
UgwpmnsIiU9VW9knChJ4AaABAg,@bestLetsplayer,I hate how much face shots and how little food shots this channel has,2025-02-15T13:44:24Z,0,0,en
UgxElB0rbBhLATvAGBt4AaABAg,@lordhandsomeswag1854,"Everyone knows medieval peasants ate dirt and cow dung, that's why they were always covered head to toe in dirt!",2025-02-15T12:37:18Z,0,0,en
UgwfY4z8saaGnPV80wp4AaABAg,@antiparticule1175,"Great video. In France, we still eat plain boiled wheat berries on the regular ! They come pre-boiled in cardboard boxes, you only have to boil them for a few minutes and that's it. In my house, it often served as a side dish to eat with ratatouille !",2025-02-15T11:31:16Z,0,0,en
UgzpwFSlOl60TsMxFQl4AaABAg,@spitefulwar,"This dish later developed into soups and stews made (mainly) of pearl barley or ""Graupen"" as us germans call it.",2025-02-15T11:00:45Z,1,0,en
UgxAS2W9xn-sc8F3RD54AaABAg,@darklion53,"Wait, so you put out a Medieval meal on the same day that KCD:2 comes out, and you didn't collab with Warhorse Studios!? Get at their team, they would love you!",2025-02-15T10:23:33Z,0,0,en
Ugx_iC7Ql1kTlLKg3a14AaABAg,@clypt1859,As a time traveller stuck in medieval england this is very useful,2025-02-15T09:38:53Z,1,1,en
UgxMKoqBoYKIYP2tV9d4AaABAg,@BeckySavage-k8j,Thanks  👍,2025-02-15T04:22:41Z,0,0,en
UgwCDErDkA_NZF1Q12V4AaABAg,@CelticLulu,13:28 Never gets old!!! 🤣🤣,2025-02-15T04:11:36Z,0,0,Other
UgzZVZcRwbnsLsP16cx4AaABAg,@malibu13203,Not me over here finally realizing he’s snuck a Pokémon on the counter in EVERY video,2025-02-15T03:59:17Z,0,0,en
UgyGcgCLBRTpLXLB-294AaABAg,@aurinsaint9058,I would love to see you making stockfish.  I have been curious of the process and to see someone do it in a historically accurate fashion would be good.  So please do so my friend! 😊,2025-02-15T03:24:38Z,0,0,en
UgyAZ3qofHl1sFnZ7-x4AaABAg,@abrockman102,Not sure why…. I don’t fast forward through Max saying the ads like I do with every other channel,2025-02-15T02:20:05Z,0,0,en
UgyBO9tAKo59OMPRb7t4AaABAg,@grantito4327,"Frumenty is mentioned in Lewis Carroll's ""Through the Looking-Glass"". I've often wondered about it, and did a quick YouTube search today. I should have known that I could count on you, Max! Yet another great video! You're a ⭐Thank you!!",2025-02-15T01:42:54Z,1,1,en
Ugwsnc-au1mR4oxOrAd4AaABAg,@DingyMcChingy,"Hello Max, I’m going to copy and paste this comment on every video you put out.

Can you make Koliva please?",2025-02-14T23:23:07Z,0,0,en
UgxM9gOjwCVNhJbl7aN4AaABAg,@austinclements8010,13:24 he got us again xD,2025-02-14T23:05:21Z,4,0,en
UgyN4rTqGCJ9haq240p4AaABAg,@IlyaSurdin,What did they do with the egg whites?,2025-02-14T22:44:50Z,0,0,en
UgyGTwksDaIpSNs2Z6J4AaABAg,@rachelanderson-z6n,Would dried fruit have been added ??,2025-02-14T21:54:25Z,0,0,en
UgwdeI-8AY3EZqybyhh4AaABAg,@BKStarlet08,"Bombas! I was given a pair of these by Red Cross when I lost my home in a fire in 2018. I don’t wear them much since they’re calf highs and I live down south now, but they’re still the best pair of socks I own",2025-02-14T18:05:43Z,0,0,en
UgwMygj9zrPymrpUrH94AaABAg,@HulkDynamite,"So peasants in medieval times were eating just as I, a modern-day peasant, eat too.",2025-02-14T17:29:54Z,0,0,en
UgwPhWlGnPpoJ2HARVp4AaABAg,@robertjonsson797,Stockfish is a tradition to eat here in Sweden at christmas still. It doesnt taste anything.,2025-02-14T16:59:16Z,1,0,en
UgwWP-KH8Eo4AvMic8x4AaABAg,@timeforchange3786,At first this sounds gross but then i think of it as cream of wheat and custard (if sugar added) and it sounds edible,2025-02-14T12:58:15Z,0,0,en
UgxHVh7QyJGy7KOuVLF4AaABAg,@helenaustwick6043,Almond milk in mediaeval times? Really?,2025-02-14T11:05:49Z,0,0,en
Ugxz6x9sg-ZLlG987M94AaABAg,@onika700,Plus they had to deal with the black plague.,2025-02-14T06:23:40Z,0,0,en
UgwpXnkeRhbPQ12OkO14AaABAg,@plumbthumbs9584,"Maximus Flavious!

Fun episode, thank you!",2025-02-14T04:03:25Z,0,0,en
UgwkXErqFDAGr71CgPl4AaABAg,@General12th,Hi Max!,2025-02-14T02:41:23Z,0,0,Other
UgxMzEGAALNUUvGgEbV4AaABAg,@heikkiremes5661,"In 1868, under 160 years ago, 8 percent of the Finnish population died in a famine. Wild. 
Boomers remember their grandparents not wasting anything and seeing uneaten food as an abomination.",2025-02-13T21:59:17Z,0,0,en
UgzQ-4otgVWWeG3OnuV4AaABAg,@JanetArogundade,We still use stock fish in Nigeria. I'm sure you could order stock fish from counties that still use it,2025-02-13T19:56:35Z,0,0,en
Ugy88O2Sfx3Wse3Vunl4AaABAg,@chochylindt,11:01 - what are those folks on the left doing? real question.,2025-02-13T15:00:52Z,0,0,en
UgzeK0dFc5MFbhgYeSF4AaABAg,@dorito4448,I really appreciate that you add the metric measurements!,2025-02-13T13:59:11Z,0,0,en
Ugyxp9zZAlccgw9NrD94AaABAg,@bryantswensen3721,so that's where the christmas ham comes from xD,2025-02-13T13:51:22Z,0,0,en
Ugz1S9XQTbOAxBPJapd4AaABAg,@YsuXao,You should be able to order stockfish (Tørrfisk) from Nordland region of Northern Norway (Lofoten / Vesterålen) we produce alot of it.,2025-02-13T13:49:38Z,0,0,en
Ugy-vjjmYNb9RiaiqWt4AaABAg,@komi-creative,"Pound for pound, this video was choc full of so much tasty information. End result sound delish - makes me think it's more 'custard-y' due to the milk and eggs combo...",2025-02-13T13:15:51Z,1,0,en
UgzpMfto3DHV_vPSzq54AaABAg,@LunedisTerz,I really can recommend oats with meat and vegetables. Its sometimes the better rice or noodles,2025-02-13T12:18:44Z,1,0,en
UgyXtCGwRFDTuPD2LXd4AaABAg,@spidaman-l3m,"Thanks for the new video! I am always excited about simple, cheap, peasant recipes, so I tried frumenty right away! ;)  I did, however, add nutmeg and cloves to the milk before heating, and made a side of caramelized onions, which matched well with the non-sweet-non-savory dish.

It tastes good, but I have to admit, the meal got really boring after eating half a bowl. Maybe a version with nuts and some fruit for different textures and more complex fruity flavor will do the trick. Apples and/or at least some nuts might even be historically accurate winter toppings!

This was another cool and interesting episode that even gave me a few ideas for simple everyday meals!",2025-02-13T11:38:22Z,0,0,en
Ugy-u1qQEzlGgBTVu3V4AaABAg,@Thehuntinghillbilly2,Great as always,2025-02-13T08:17:12Z,0,0,en
UgylU5p2zaiglyDs00t4AaABAg,@Kilo3Cav19K,"Henry from Kingdom Come Deliverance, ""Oh, I'm Quite Hungry""",2025-02-13T04:51:18Z,0,0,en
UgwIu-h7deGpBOkeq694AaABAg,@cptnyarrow9944,"I cant believe how sad the pigs look at 11:52, but honestly, fair.",2025-02-13T04:47:37Z,1,0,en
UgxcTJb_2DTorgmGqQx4AaABAg,@rebeccadixon3183,there's something comically miserable about not being able to afford literal medieval peasant food because eggs are too expensive 🤣,2025-02-13T02:33:26Z,0,0,en
UgyJZnVVCjb7laJcB3h4AaABAg,@Sturmwald,"If you do end up making a stockfish video, please, please, please contrive a way to collaborate with @agadmator. It would be a brilliant move",2025-02-13T00:41:26Z,0,0,en
UgyorouDxCUYqaILWNR4AaABAg,@glenndiddy,"Watching these just makes me realise that even when food is scarce, taste still mattered back then",2025-02-13T00:02:02Z,3,0,en
UgztJ742gzTojvBqcB54AaABAg,@LosBerkos,"Thank you for this, uh, socks commercial?",2025-02-12T23:11:09Z,0,0,en
Ugw4WXs_j4M1ajM37qZ4AaABAg,@HammyShambles,Yesh! More medievally gnosh! Braw!,2025-02-12T22:06:12Z,0,0,en
UgyphjjDWEw5AveOo4F4AaABAg,@semamet,"15:55 dude am I tripping or those two in the back sitting with their meat/cooch out?

They're clean shaven too, damn tf's going on in there?",2025-02-12T21:25:06Z,0,0,en
Ugx3g8SDlhyVyCbAv7N4AaABAg,@e46bigbadjon,"Koreans still have a similar thing as stockfish, if you want to try it.  They dry Alaska Pollack in much a similar way, and it becomes super dry and able to be preserved. Then it is added to soups or other dishes, or can be seasoned with strong sauces and cooked (steamed I believe).  It goes by different names depending on how it’s prepared.",2025-02-12T21:19:21Z,21,0,en
UgyZiyvqHm1JDnqMVrJ4AaABAg,@olaluwka,"In Ukraine, we still have kinda this dish. This is called ''Kutya'. We still cook it every Christmas. You need to take wheat, poppy seeds, walnuts, raisins, honey. And with many national secrets and tricks, here you go... You have Christmas Ukrainian Kutya.",2025-02-12T20:40:46Z,0,0,en
UgyOTpegipgjZMw9C8R4AaABAg,@stevendeamon,"""The average city dweller could spend over 70% of their income just on food""
Fast forward to present day, literally nothing changed.",2025-02-12T19:38:37Z,0,0,en
UgzmNWrI5__MHlOvSqR4AaABAg,@sew_i_did5257,"I actually just made a version of this this week before even seeing this video.  I have celiac and dairy and nut allergies so I have to use steel cut oats and oatmilk, but it's also very nice with kale, onion, garlic, ground beef, and modern curry spices!",2025-02-12T14:37:25Z,0,0,en
Ugwr_3Ra8WiDC_YomXZ4AaABAg,@maryarmstrong2231,I love your❤ channel,2025-02-12T11:20:25Z,0,0,Other
UgwOLphKp9J-MCousnR4AaABAg,@mikea77,"Thank you for your presentation, Max. 
Just a suggestion…at about 3:25 in this video, you mention Almond Milk being used during Lent in the decade the recipe is from. Have you thought about doing a non-dairy milk episode (especially with the increase of non-dairy milk options available today)? Possibly the start of a side panel for your channel….an “Everything Old is New Again” theme. 
Thanks again for your channel and your presentations.",2025-02-12T11:09:54Z,2,0,en
UgzS-cc_0EvjopBwUrB4AaABAg,@wishcraft4u2,"I'm amazed that the recipe just casually mentions saffron to be added, but goes into sugar being for rich people. I mean I was aware sugar had to be shipped in from far away in that time but saffron is still extremely expensive, was it somehow less so then??",2025-02-12T10:58:57Z,0,0,en
Ugw11k9YyFNk71oeg9V4AaABAg,@acecat2798,"I hadn't read that part of Margery Kempe, and yet I didn't even bat an eye at the passage because that is an extremely Margery Kempe anecdote and metaphor.",2025-02-12T06:43:41Z,0,0,en
Ugz7gqXLr9vJCQtucrB4AaABAg,@snow24lion,What kind of spices would be good to add to this?,2025-02-12T05:57:56Z,0,0,en
UgzWQPfeYwdu4MbZTyZ4AaABAg,@gabrielstrong2186,Peasant porridge? How fine do you grind the peasants?,2025-02-12T05:31:59Z,0,0,en
Ugzo0h82bR5LMdUTtqd4AaABAg,@glitterboy2098,"contact Townsends, they did a stockfish episode a few years ago, and might be able to help you find a supplier. 
https://www.youtube.com/watch?v=QdzAt6e1l-c
apparently stockfish smell horrible when you start reconstituting and cooking them.",2025-02-12T04:58:44Z,0,0,en
UgxAOZBzr84Gh4rpK_54AaABAg,@MinorLG,Fysh by lyscynse,2025-02-12T02:37:19Z,0,0,Other
Ugxuc5mFYXOGQ65ll554AaABAg,@JudicialMermaid,"Thank you. As a peasant en route to the gulag in the upcoming winter, this will be quite tasty and satiate the hunger pangs.",2025-02-12T02:21:38Z,0,0,en
Ugypj8Ao6Eq53yaa2XF4AaABAg,@AE1OU,Unexpected but welcomed hard tack callback,2025-02-12T00:31:29Z,2,0,en
Ugyrvlexl94892wg49l4AaABAg,@FeatherForge,"Oh man, spending 70% of your income just to survive.... I wish I could relate to that strange concept. Oh, wait. 


Another great video as always. 
All the best",2025-02-11T23:59:06Z,0,0,en
Ugzq63IJj9bYM-FVIK14AaABAg,@elenamilitopingitore5044,Excellent history,2025-02-11T23:43:32Z,0,0,en
UgzgQYGE1cAAUHYEF914AaABAg,@Troubadour313,"""You can't fish or wear furs. Thats only for us Lords""

This is the world the 1% wants to return to lol",2025-02-11T23:35:58Z,0,0,en
Ugydzn6UksaDAzV5A2h4AaABAg,@ItsMeKyle1882,6:15 Sounds like my cousin... from Boston 😁,2025-02-11T22:59:33Z,1,0,en
UgwEWuHzOs0tlGDlXYB4AaABAg,@TheChristianPsychopath,Pottage is my favorite cold weather medieval food.  It's great comfort food and can use up scraps.  It has a barley base but no egg or milk.,2025-02-11T22:39:58Z,2,0,en
UgzjHGfGVL9MHzPs_Wh4AaABAg,@SelenaJarvis-Jordan,"70% of income on food! 
Somethings always stay the same, don't they?",2025-02-11T22:25:43Z,0,0,en
UgxtLZpAxYUtDGczPGN4AaABAg,@RaymondSwanson-u9y,It's 11 degrees Fahrenheit where I live right now and it's dropping down to -26 (-32c) tonight.  So this may be a good recipe for breakfast.,2025-02-11T22:12:04Z,0,0,en
Ugzq65vgeH_MitGbpgZ4AaABAg,@EGSBiographies-om1wb,2353rd,2025-02-11T20:07:20Z,0,0,Other
Ugzm-Qf_3rolqRH7tSd4AaABAg,@antonnurwald5700,"Didn't expect a reference to Margery Kempe here. She was quite a character, that's a story worth getting into.",2025-02-11T20:02:58Z,0,0,en
UgxdMcvXTldzbFIKf1N4AaABAg,@bridgetcooney5085,"Reminds me of putting raw eggs in sticky rice. Which is something i saw in asian media, and had to try for myself. Turns out, its great. Warm creamy and rich from the egg, and I definitely like to add a bit of chili oil to clear out my sinuses. Seems like all around the world we've come to similar conclusions about how to get calories when times are tough.",2025-02-11T17:41:29Z,0,0,en
Ugx-7LXy-HlbMTigJVZ4AaABAg,@ThisMeansMyPS3sOut,Bombas should be pronounced Bomb Ass! I thinks that would be more appropriate,2025-02-11T17:38:26Z,0,0,en
UgxtfENQG8aD1-5BFER4AaABAg,@Cyrathil,It's got to suck needing to rely on *stairs* to get through winter...,2025-02-11T16:50:12Z,0,0,en
Ugx39YL9_ZF5yelEpJ94AaABAg,@treyowen9213,"0:04 hey hey, it’s Dante and Virgil! 🤘🏻😍",2025-02-11T16:44:03Z,0,0,en
Ugz9IursjuTqUbAJP094AaABAg,@Historianchef,"Wow, this looks delicious! I recently made an almond chicken soup inspired by Ottoman cuisine. It's incredible how food connects us to history! Have you ever tried historical recipes?

https://youtube.com/shorts/q7_KAV2Tqfo?si=_V_3Rj-HTYJ3Xcnr",2025-02-11T13:43:29Z,0,0,en
UgxvJ7noSRIQlwLssU14AaABAg,@keithrhodes7386,"You don't mention that hens, geese and ducks don't lay many eggs through the winter. Egg-laying is governed by exposure to daylight, and around 14 hours of daylight per calendar day is necessary to get one egg per hen per day. Fewer hours of daylight, and you might be lucky to get an egg now and then, but it's far from guaranteed.",2025-02-11T12:33:36Z,1,0,en
UgzTkOFqkQmXOVsymhZ4AaABAg,@ginaho616,"Hi Max, love your channel. Would you consider Marshmallows? It’s from 2000bc Egypt apparently (says the internet).",2025-02-11T12:14:38Z,0,0,en
Ugwzm4u5IQcTIczmqcp4AaABAg,@StrongImaginationA,Today we know that saffron promotes the body's production of melatonin. So not so random for those medieval peasants to add it to their winter foods and definitely not just for the colour!,2025-02-11T10:22:14Z,0,0,en
UgyKosbtmeiQr0V8wgV4AaABAg,@malidixon7679,Radishes are a great source of vitamin c which would probably be hard to source elsewhere in winter,2025-02-11T08:51:45Z,0,2,en
UgxhTL50A2J4AYyENh94AaABAg,@GraveMasterLament,"I thought I would write down some fun facts to brighten your day like you brighten ours.

1. You're an office favorite at my work. My coworkers and I talk about your videos and recipes.

2. You're one of my comfort creators. Im currently sick with the flu, and food is my enemy right now, but your videos bring me joy.

3. It's not a fun fact, but more of a thank you. From the start to now, thank you for what you do. Many of us do appreciate the time, humor, and pokemon you contribute to your videos.  I hope for many more long and happy years seeing your content!",2025-02-11T07:51:36Z,2,0,en
UgxJsavlH31KIi-sKMV4AaABAg,@Catinka88,"You mention wanting to eat stokfish and also going to Italy soon. In Italy there is a dish of boiled stokfish! It looks a lot like porridge and seems incredibly mideaval. I had it in the region Friuli, near Venice. They might have it where you are going as well!",2025-02-11T07:06:49Z,1,0,en
UgyP9UPItF8Dzm-Bg7h4AaABAg,@FocusingOnChrist,Most tasting history videos I watch out of curiosity. This one I plan to actually make. Looks delicious. I think I’ll experiment with shredded meats and dried fruits.,2025-02-11T06:18:32Z,0,0,en
UgxMEyEIntpLonXSPCB4AaABAg,@lyspeth,"This is the first time I realized how close my breakfast is to medieval peasant food. I have steel cut oatmeal with an egg, and kale (one of those cabbage family winter vegetables). I poach the egg instead of making a custard like mix, though. Maybe one of these days I'll try it with wheat berries.",2025-02-11T06:01:54Z,1,0,en
UgywLdR_7xGIvpJe5cN4AaABAg,@charlottemonger9799,Your lights are either too bright or your eyes are too pinned out and glassy,2025-02-11T05:27:16Z,0,0,en
Ugx95uJVxELua8i8A0l4AaABAg,@margaretthomas2415,Nut flour would be great in this recipe,2025-02-11T04:43:42Z,0,0,en
UgyXzrrqLJiIrrIsnp14AaABAg,@Crusaderjack,"max i enjoy watchuing ur videos while drunk and i think it would be rad if you made another video on Asian cuisine, idc what but it would be sick, thanks for all the entertainemnt, i appreciate you",2025-02-11T04:40:31Z,1,1,en
Ugw_bftcuHg_BuCVXhh4AaABAg,@Snuzzled,The current cost of eggs in the US make this no longer a peasant food 😂,2025-02-11T04:27:30Z,0,0,en
UgzIF7Rb2gP-ESaxflh4AaABAg,@TheAlison1456,"0:28 I think this place is too bright. 
2:00 I think the camera is too close to the face. 
5:44 ""as my nana would say, it should stick to your ribs"" 😂😂. 
6:33 ""the po river in italy froze over, so much so, that they were able to hold a jousting tournament on it"" wow. 
8:25 ""the freezing would damage the water mills, and this meant grain couldn't be ground into flour, so instead of bread they had to eat fromenti"" wow. 
9:23 martinmas? Like christmas? Hmm. 
10:15 ""the roof was filled with smoke which was great for smoking sausages"" what? 😂😂. 
15:26 a raddish with a face? 😂😂😂. 
17:42 I liked how long it took for you to get to the actual food tasting part.",2025-02-11T04:09:19Z,0,0,en
UgxaUp7D-IfhScExCPJ4AaABAg,@JesterX666,"Interresting that ""Froment"" is still used in french as a synonym (rarer) for wheat.",2025-02-11T03:02:39Z,0,0,en
Ugwdwqv80xiy-ZGXsA54AaABAg,@hannahgroves243,11:41 This would also explain the Boar's Head Carol being a Christmas carol,2025-02-11T02:58:29Z,0,0,en
Ugx6OhGJO_7tLO4Rcg94AaABAg,@TK-lv5ff,Where was this video in 1235 AD,2025-02-11T02:54:11Z,0,0,en
UgxgwavoxvRY5ownk3t4AaABAg,@bananabuttersomethin,"It's wild how much the realm of cheap, easily accessible things has changed over the centuries. Apparently everybody had wheat berries back then but where would you even get those now?",2025-02-11T01:52:46Z,1,5,en
UgxUY_id3fRA7q9C37J4AaABAg,@danialz5927,5:09 you have to brew the saffron,2025-02-11T00:59:34Z,0,0,en
UgxsK_EHgHRtM8xz7R94AaABAg,@JP-ig1qf,Why does someone have their genitals out in so many of the paintings of home scenes? 😂😂,2025-02-11T00:49:30Z,0,0,en
UgzEkMDhQt5PvI-KjWB4AaABAg,@renatovisentin4974,"Hello, Max.
I enjoy your work.
If you're interested in stockfish, you could try bacala. Some recipes use cream, some tomato.
The fish does double-duty. It's the main ingredient when cooked and an defensive weapon when dry.
😊",2025-02-10T23:36:22Z,0,0,en
Ugx5Dl4HZUnkWOZC6It4AaABAg,@MrEddcase,15:58 what they doing in that barn? 😅,2025-02-10T23:23:25Z,0,0,en
Ugym7QZjj9r8eLGRqtV4AaABAg,@Mameoth,"If you want to try stockfish, try to look for it in Italy. It's called ""stoccafisso"".",2025-02-10T23:18:03Z,0,0,en
Ugz0-oe_RqVpvcopBhh4AaABAg,@GameWithTheFamily,I often wonder what a peasant with celiac disease would have done.. die? lol (speaking as someone with celiac disease),2025-02-10T22:55:56Z,0,0,en
Ugz0LrtaQuIUuKnadC54AaABAg,@hyperbob83,Wherefrom should 13th century peasant get sugar or salt?,2025-02-10T22:54:50Z,0,1,en
UgylaaUF1IOjsk8ycE94AaABAg,@AnnaAnna-uc2ff,fine,2025-02-10T22:50:56Z,0,0,Other
Ugz7M0k3itwBHslI_Tx4AaABAg,@GioGuevarra,Again with thr colinder,2025-02-10T22:21:52Z,0,0,en
Ugxy-3HP6b90aMirew94AaABAg,@dawnie3296,"With the price of eggs right now, the peasants had it better.",2025-02-10T21:58:29Z,0,0,en
UgwH7SgC4_eAf163dWR4AaABAg,@dlbstl,"Really interesting! Sorry I'm so late, tho.",2025-02-10T21:56:23Z,0,0,en
UgxGq_0FoNma6qymDDx4AaABAg,@ritsidragunfly2057,"For the gluten free peeps, could oats be used instead of wheat berries?",2025-02-10T21:55:12Z,0,0,en
Ugwi1e6Nxr6QIn_PUXR4AaABAg,@stuffandnonsense8528,"I'm a bit confused by lent being in the winter. Lent is in the spring. But that makes sense because food is not most scarce during the winter, it is most scarce in the spring. That is the point at which the autumn's harvest has run out. We call it 'the hungry gap'.",2025-02-10T21:14:32Z,1,0,en
Ugz_juUu__00E3FT8h94AaABAg,@RedGumDropz,awww snorunt in the background 🥰🥰,2025-02-10T21:03:36Z,2,0,en
Ugzz0Ov2VLZwyLjlHqh4AaABAg,@ethanpaul4170,"hey max you should look into doing a deep dive into the history of chicken noodle soup. i was reading it has origins dating back 7,000-10,000 years ago in asia all the way through european immigrants in the united states and to what it is known today! would be a great episode to watch you do a deep dive on. it seemed like it has a long line of culture to it",2025-02-10T20:57:48Z,0,1,en
UgxhbChm9Koknt-CC8t4AaABAg,@mrsfjordjacobo,Please do a nut milk recipe made with beer or wine!!!,2025-02-10T20:51:38Z,0,0,en
Ugzd9yBH9Tcm_mJw5TN4AaABAg,@intiorozco5063,"3:53 ""well/meal"", ""burn/men"" Those don't rhyme in modern pronunciation but I suppose they did at the time!",2025-02-10T20:19:48Z,1,0,en
Ugw99TJ5tJ77PrAY9ft4AaABAg,@khaoyanelson4849,who else loves medieval art?,2025-02-10T19:34:26Z,0,0,en
UgwGVSsgpQoDLfY77Sd4AaABAg,@vitocampoverde9922,ACONSEJO A LA GENTE QUE NO COMPRE EN CROWDMADE NO SON SERIOS Y TERMINAS TIRANDO TU DINERO A LA BASURA.,2025-02-10T19:14:02Z,0,0,Other
Ugz6Ox_GoqP-oZFHgJt4AaABAg,@vitocampoverde9922,Max espero puedas leer mi mensaje: en Diciembre compré algunas cosas dos playeras para ser concretos. Espere el producto por mucho tiempo y jamas llego! Eso habla mal de ti pues estas confiando a una compañía  como crowdmade que NO SE HACE RESPONSABLE DE SUS ERRORES.,2025-02-10T19:13:43Z,0,0,Other
UgyXwrGJtuuPmEv6icZ4AaABAg,@lilcases09,15:28 My radish looking like Oddish,2025-02-10T18:24:53Z,0,0,Other
UgyX3KKAL1nSmgp0nWh4AaABAg,@lionlikemessenger,Could you do a series of foods from the medieval game Kingdom Come: Deliverance?,2025-02-10T17:54:53Z,1,0,en
UgzXlZsXq5cVdnQwb9B4AaABAg,@xxWynterGenisisxx,What would you recommend adding instead of wheat berries? I have celiac disease but tbh this looks interesting haha,2025-02-10T17:52:49Z,0,0,en
Ugz9XbHgVMt8r0qS4jt4AaABAg,@Happiest_Potato,Patrolling the Medieval Mojave almost you wish for a Nuclear Winter.,2025-02-10T17:39:11Z,0,0,en
UgzpgCqZk9Od4AuBtot4AaABAg,@Highly420,I would love to see you cook Beer Soup!,2025-02-10T17:21:19Z,0,0,en
Ugyp9NLCYobRthrZhTJ4AaABAg,@MintyFreshCupcakes,"""Stick to your ribs."" Is what my mom used to say when she would make us eat oatmeal on cold winter mornings 😂",2025-02-10T17:14:37Z,22,1,en
UgwcxhhD_R3gdYtEuPh4AaABAg,@dgh25,I always feel Rick-rolled whenever that hard tack clip flashes,2025-02-10T17:12:24Z,0,0,en
UgxkmfOr5TtUbVIU-Ch4AaABAg,@bunchie1966,"There was no such thing as almond ""milk"" in the middle ages.",2025-02-10T17:03:58Z,0,1,en
UgxxzBrwYlvHUFJZBSp4AaABAg,@ethanwelk2736,This recipe is just right,2025-02-10T15:17:43Z,0,0,en
UgxpSoCPpKqPd6wc4PN4AaABAg,@YesYes-xb6he,15:55 Interesting illustration 😂😂😂,2025-02-10T15:00:00Z,0,0,en
UgxrIP3oa3Az6rVsz7B4AaABAg,@farangdrivingroyalenfieldm3941,"You can get Icelandic stockfisk also called hardfiskur or hard fish, you can actually eat it as is, just cut a small piece of and eat it. 

I hate fish but love stockfish as it's a bit like dried squid, salty but not fishy and you can chew a piece for a long time getting all the flavours",2025-02-10T14:50:21Z,1,0,en
UgxfaLOWKieUu7Kq6wR4AaABAg,@lauriejones4507,"Good morning Mr Miller. To my utter amazement and absolute surprise my little grandson, who's home sick today, woke up this morning at 6:00 a.m. and suggested that we all watch that ""guy who makes food from the past."" He's 6 years old. So we are now binging 289 videos of Max Miller this morning. He wanted me to tell you that you're  his ""favorite YouTuber."" (Correction you are ONE of his favorite YouTubers. He didn't want me to forget about @KindlyKeyin) 😅 At least you know he's honest 😉 Thank you for entertaining us. (OMG, it just gets cuter. ""Are you typing to Chef Miller?"" ""Yes "" ""Tell him I 💚 him."") ❤️",2025-02-10T14:15:08Z,0,0,en
Ugy3u5G0XO5GP88LneZ4AaABAg,@jefflokanata,With salt and sugar ?? Is this suppose to be main course?,2025-02-10T12:41:10Z,0,0,en
UgwppZ2pYVlC-B0-Y-F4AaABAg,@bellablue5285,"Snorunt is particularly fitting for this one, good choice!

I've heard of frumenty, honestly never looked it up, but it sounds pretty good actually.",2025-02-10T09:40:26Z,2,0,en
UgwT60xynMi4pbQ2hX14AaABAg,@AbundioNoelLibot,"How i wish you can cook the favorite dishes of Jose Rizal:
 1. Tinola, which ingredients and procedures are mentioned in his novel, Noli Me Tangere; and 
 2. Pancit Langlang, which ingredients are mentioned in his novel, El Filibusterismo",2025-02-10T06:55:45Z,0,0,en
Ugzqsnhr2UPI_3Wzp5x4AaABAg,@brittanydw1148,"Huh, I always thought porridge was just oatmeal. Interesting",2025-02-10T06:08:39Z,0,0,en
Ugym67S4SIcfLigBbVp4AaABAg,@pragyars,"Great episode, Max. The history was really interesting. Your channel reminds me of Townsends. Their videos are also very fun.",2025-02-10T04:11:27Z,1,0,en
UgwnPWbTfCaox7NmUgl4AaABAg,@kalaniwilliams8673,Have you been playing Pentiment...,2025-02-10T03:44:38Z,0,0,en
UgzUqqB5kpeFUB6_-k94AaABAg,@inannashu689,So basically that's the original cream of wheat.,2025-02-10T03:15:53Z,0,0,en
UgzO7n0tJBTe6ppxUMp4AaABAg,@TheVigilantEye77,Fun times,2025-02-10T01:04:28Z,0,0,Other
UgyNoNzOsjnmkO-RaKx4AaABAg,@MsMedford,Medieval folks was out here eating poropoises?,2025-02-10T00:57:01Z,0,0,en
Ugx7UUzCRDlTZK5R1eh4AaABAg,@frankieb-s4593,hello max i am wondering if you would be able to do a video on inca the mummy and what she ate that would be super cool to see - not sure if that information is available but it sounds interesting,2025-02-10T00:30:56Z,0,0,en
Ugz_BE6zzcI2bvS3cKF4AaABAg,@Sheila-ph6js,"I just don't think egg yolks and saffron can be what a poorer peasant ate often, even fresh milk. 

Surely the poorest peasant diet would be characterised by say one staple, say mostly only wheat or barley year round, with addition as and when.",2025-02-09T23:30:18Z,0,0,en
UgywU0TU94jkgM3ny0h4AaABAg,@StellariumSound,The hardtack joke is so fucking old you could do an episode on it.,2025-02-09T23:28:46Z,0,0,en
UgwGEH9Jd0cKX6OlD8N4AaABAg,@I.Winston495,"Making similar dishes, I like toasting the grains. I especially enjoy sesame oil. I find it takes a grain based recipe to new levels of taste and texture.",2025-02-09T23:23:19Z,0,0,en
UgxmTCdvTIix4Z8I-Ip4AaABAg,@fordhouse8b,"This reminds me a bit of the Japanese dish, Tamago kake gohan, where a whole egg, or sometimes jut the egg, is stirred  into a bowl of rice. This is somethingI frequently eat, when I have warm rice in my rice cooker, eggs in my fridge, and not much time or motivation (or other ingredients) to make anything more elaborate. Add a splash of soy sauce, sesame oil, sesame seeds, chili crisp, or whatnot, and I have a simple, quick, filling, and tasty meal.",2025-02-09T22:41:08Z,1,0,en
Ugw7Xt5p8f5-avBm02V4AaABAg,@cindygr8ce,We are getting to egg being too expensive for the average America so guess things haven't changed too much have they?,2025-02-09T21:56:59Z,0,0,en
UgxE6u9mIN09sJz33YN4AaABAg,@somedudesstuff801,"grandpa made basically this.  He didn't do the egg, he'd keep a mason jar of the wheat in the fridge, and he'd add milk and sugar and eat it cold.",2025-02-09T21:51:49Z,0,0,en
Ugz1taETBCBOaNoEh-h4AaABAg,@ahleahhook9791,Where I live in the world killing a pig in December is still a thing thats done. especially in the villages.,2025-02-09T21:08:07Z,0,0,en
UgzRrXWij2vEPN1lh8N4AaABAg,@WesleyRademan,Love the snorunt in the background.,2025-02-09T20:48:19Z,2,0,en
Ugz_wYrCmckKpfGfeHl4AaABAg,@Mildredpotka,YOU ARE SUCH A ZADDDYYYYYY,2025-02-09T20:18:25Z,0,0,Other
UgwEaX_O64OuNGRGCy54AaABAg,@LiefLayer,"Well... boiled meat is great.
In particular, the tongue and head of beef are amazing boiled.
If you had come to Piedmont I would have recommended the bollito misto alla piemontese which is really good (in addition to the fritto misto alla piemontese which, for lovers of fried meat and the mix of sweet and salty is extraordinary).",2025-02-09T18:36:18Z,0,0,en
UgyaCNzwQo6k_5zfTRp4AaABAg,@gerogegerog5926,Do cooking at a Canadian residential school,2025-02-09T17:11:55Z,0,0,en
UgzPWnsC8xs29gCpHdd4AaABAg,@DisgustingJustinAD,"I'm learning more medieval facts from this channel, than I did in history class.",2025-02-09T17:06:09Z,1,0,en
Ugw0Z1n5Exy40JoBnIB4AaABAg,@ledeyabaklykova,I make medieval porridge with care and with a sense of  porpoise .,2025-02-09T17:05:37Z,2,0,en
Ugznbpj29E6W1F8259F4AaABAg,@SlackieChan69,Great video Max as always but... needs more Hard Tack 🍪🍪 <-- meant to be how you hit them together 🤦🏻‍♂️😅 anyway keep up the good work Max and Jose ✌🏼,2025-02-09T16:41:52Z,0,0,en
Ugws09J_IcVjUxKMNOF4AaABAg,@kattkatt744,"14:00 I sort of get the desire to make Stockfish as a food history channel, but it isn't going to happen the right way in a warmer climate like the Californina coast. The Stockfish production process relies up on the freezing winter and spring winds to do the job of the drying. Climate where Stockfish production is done is subarctic or arctic coastal climate, so you will max out at 5C and typicallly for where most of the production is done it will be somewhere at -10C to 5C. Any fermantation that happens isn't done intentionally, it just is whatever the bacteria in the air and general environment does when it lives on a fish left to hang outside in those temperatures. Attemting to make Stockfish outside of this climate you are either going to get fish that is infested with insects for warmer climats or fish that is doesn't dry out the right way in colder climates. And neither is going to have the right bacteria working on them.

If you want to make your own preserved fish in a warmer climate it is better to do the salted and dried version of fish, Saltfish. The two are used for different dishes and can't really be interchanged, but the salted version is at least feasible and meant to be made in the warmer climats, so yo uwill get the right taste.

Edit: By the way if there ever is a Stockfish episode I hope there will be a mention of how every cardinal in 14th and 15th century Roma tried their damndest to be appointed head priest of  the parish of Trondenes in Northern Norway even thoug they would never ever go there because they could collect a ungodly amount of taxes in Stockfish from the fishermen making it belonging to the parish.",2025-02-09T15:52:29Z,1,0,en
Ugz5adlfLTXiandDaK14AaABAg,@comraderaichu6940,Chunky cream of wheat with egg yolks mixed in.,2025-02-09T15:37:44Z,0,0,en
UgyTJLWmV5aAHdDNxjp4AaABAg,@Mcgenericfunnyuser,"What did peasants who couldn't eat pork (mainly Jews, and Muslims in Iberia) eat instead of pork during the winter? The timetable that most of the peasants went by didn't really seem to have that much room for flexibility? Would they just raise extra geese instead of pigs?",2025-02-09T15:09:37Z,1,1,en
UgyJq9r2PC3l173sq554AaABAg,@sharkscrapper,"Had to get the hard tack in again, didn't you 🤣🤣",2025-02-09T14:56:07Z,0,0,en
UgzCNPebOqwUZdcmOSx4AaABAg,@sharkscrapper,LOL I’m watch this while wearing my Bombas slippers 😅,2025-02-09T14:41:29Z,0,0,en
UgwbLqOK1Ltb4TTb8vx4AaABAg,@BecomingHumanAI,"I know this space is dedicated to food and not politics, but there comes a time when the house is on fire, and someone has to sound the alarm. This is one of those moments.

I’m asking you to take just a fraction of your time and dedicate it to understanding the very real, very dangerous threats this administration is posing to our democracy. This isn’t about partisan politics—it’s about the rule of law, the Constitution, and the survival of the freedoms we all take for granted.

Consider what’s already happening:

The erosion of checks and balances: Trump and his allies have openly attacked judicial independence, defying court rulings and stacking courts with loyalists who prioritize ideology over the Constitution

Weaponizing federal agencies: There have been clear attempts to use the Department of Justice to shield political allies while targeting opponents.

Assaults on free speech and the press: The administration has normalized discrediting legitimate journalism as ""fake news,"" undermining the public's ability to access truthful information.

Dismantling Federal Agencies: The Trump administration, with Elon Musk's Department of Government Efficiency (DOGE), is aggressively dismantling agencies like USAID and the Department of Education. This move undermines essential public services and disrupts international aid efforts. 

Consolidation of Power: Granting Elon Musk's DOGE access to sensitive Treasury data centralizes authority in unelected hands, raising significant concerns about accountability and the erosion of democratic oversight. 

This isn’t hypothetical. This is happening now! And if those in influential positions—like you two—stay silent, history will judge us for it.

You have a platform. You have an audience. You have a passion for history and education; and at this moment, the country needs people who are willing to use their voice—not for political games, but for truth, for democracy, and for the future we want to live in.

Please, speak up. We need you <3",2025-02-09T13:29:41Z,0,0,en
UgzqTT4HgCTHWiYdKGN4AaABAg,@copperclawz,I really enjoy food. I would have been miserable before refrigeration.,2025-02-09T12:39:48Z,0,0,en
UgzOPN73tN5bdc42VlV4AaABAg,@sleepyheadasma,Is that a snorunt plush in the back?,2025-02-09T12:29:19Z,0,0,en
UgxCjqlTNoGWcCa1Xjx4AaABAg,@Thepantrybandit,I know this isn't a first comment like this but man max congrats on all the subs I've been subbed since 5k subs I'm glad to see you're still going strong,2025-02-09T12:17:42Z,0,0,en
Ugw3KvtfLHdAcrlcaY54AaABAg,@m.f.1132,i love that you Stick to historycal facts and dont Tell wrong Myths. thats very rare in medival viedeos and history storys,2025-02-09T11:00:39Z,4,0,en
Ugz2rJBw1VhfZ3qUrtB4AaABAg,@pata6129,Doesn't the asians have a version of stock fish that they shave into flakes?,2025-02-09T10:26:51Z,0,0,en
Ugy2N_RXMyb3yAxqXsd4AaABAg,@108grog,"I would love it if you spliced into your presentation  little clips of your family and friends  at a table,  sampling  the dish ,  and  getting their reactions ,  and hearing a bit of the ensuing banter.",2025-02-09T09:30:45Z,0,0,en
Ugxcx38LeefuCB7Gnxt4AaABAg,@6XARTHY9,and there was much rejoicing,2025-02-09T08:34:39Z,1,0,en
UgzMyw60Jqy_e01bNp54AaABAg,@AKRook907,"I appreciate your videos and look forward to a stockfish video. Here in AK food security is a really big issue, more and more families are going hungry and lots of people are freezing on the streets. Some of us are trying to relearn traditional knowledge for food preservation and your channel and Townsends have both been really useful. Keep up the good work and take care!",2025-02-09T08:14:21Z,0,0,en
UgzmJh79oDK0fEAChU14AaABAg,@sydneybristo22,I love your videos. I share them with baking friends and watch with my hubby as we both love the history aspect!,2025-02-09T07:03:49Z,0,0,en
UgwGQNPpzVmXnQ_fC854AaABAg,@sydneybristo22,Just was watching the hot coco video and i strongly feel we should all buy your books so you can get a vitamix! I LOVE the METAL container as it diesnt take on flavors. I have the mini attachment fir personal sized blending too but dont use that as much but i lovecit for small blends. I also have the food processor but i do NOT recommend that. Im hoping to get the whipping attachment to mske great drinks,2025-02-09T07:03:02Z,0,0,en
UgzLZ4mEKyj4Gypuv2N4AaABAg,@ellenok,"Boiling kills the bad stuff, like worms, we got food inspectors for this these days but boiling does it easy if you don't got that.",2025-02-09T06:41:27Z,1,0,en
Ugw63ivGgccRtPI3b_N4AaABAg,@masturbates,"STOCKFISH?! No thank you, I prefer Leela",2025-02-09T06:35:09Z,0,0,en
UgxPXd-G6htnVMlFDOF4AaABAg,@luisailiriana955,16:00 did a double take when i saw the man warming his sausage there oml😭,2025-02-09T06:22:06Z,1,0,en
Ugyi_S4p9XzTC9Se4kB4AaABAg,@robashley8216,"Radish face wont hurt you 
Radish face 15:28",2025-02-09T05:21:55Z,0,0,en
UgzgsHMPMEzceAwBByp4AaABAg,@Blitzkrieg1976,"I have always dreamed of seeing Florence, especially the Uffizi Gallery, and to experience the food. I almost booked a place for two weeks during my ""R&R"" during my deployment back in 2009, but chose to see my dad back home in Massachusetts instead. I'm grateful that I did, but it's still a dream of mine.❤",2025-02-09T04:37:14Z,0,0,en
UgzM4CoyAHcgYyNB0VJ4AaABAg,@Theresahackforthat,I got a pair of those socks at the food bank they donate it's not a lie never had more comfortable socks in my whole entire life thank you for those that bought some so I could have a pair now all other socks do not compare😅,2025-02-09T04:24:40Z,1,0,en
Ugz8qmetfuXnpNmpI2F4AaABAg,@brettfuller6603,15:19 why is that little boy urinating at the chicken?,2025-02-09T04:11:44Z,0,0,en
UgwdGD4xqVQ-73MML1Z4AaABAg,@RelicasHatesItHere,"7:50 yeah, and the color purple (even if you COULD afford it, ((doubtful))
was also for royalty only.",2025-02-09T03:56:39Z,1,0,en
Ugy-PkIusRkOYXMZVaF4AaABAg,@aymiewalshe982,This is the second reference to Margery Kempe and her book I have run into today. I think the universe is telling me I need to find and read her book. 💜,2025-02-09T03:25:09Z,0,0,en
Ugz9LUNZO311wQC9tfJ4AaABAg,@U8MyPears,Be safe. I'm worried about you José in the US right now.,2025-02-09T03:24:33Z,0,0,en
UgzbghzrzE1m4lQohwB4AaABAg,@Talkingwmyhands1985,I will never get tired of the “hard tack” clip. Makes me giggle every time 😊,2025-02-09T02:41:58Z,0,0,en
Ugx2xlKgMg-XKBl8mzZ4AaABAg,@gianpaulgraziosi6171,"Errantry, good poem. Frumenty, good porridge.",2025-02-09T01:41:05Z,0,0,en
UgwHD5qcjr1xtwAcCE94AaABAg,@mariagilman-nairne5361,"In the opening of the novel The Mayor of Castorbridge, one character had liqour added to his formenty, got drunk and ended up selling his wife and kid. I always wondered what it was. Now I know. Thanks Max.",2025-02-09T01:28:07Z,0,0,en
Ugy38aeaxtM3unbEvPN4AaABAg,@zinniagarden,These old illustrations along with your narration are really nice.,2025-02-09T01:22:14Z,2,0,en
Ugx9FYfpXd-VIrT34Pp4AaABAg,@angelaparker4110,Townsends and sons did stockfish.,2025-02-09T01:10:21Z,1,0,en
Ugw2bPQfZ368FDb0cKx4AaABAg,@adriantallent8557,"Also, I'm kind of curious about the history of almond milk now. I thought that was a purely modern invention!  Not that I expect you to make it yourself mind you! I imagine it would be a chore and a half using the ancient methods.",2025-02-09T01:02:29Z,0,1,en
UgyxyvxfV899yjhNweZ4AaABAg,@adriantallent8557,Eggs are not something that typically come to mind when I think of 'porridge'. This actually looks more like how I have my beef hash on good days when eggs aren't expensive.,2025-02-09T01:00:55Z,1,0,en
Ugy3_h3-u8l5diPKW2d4AaABAg,@daunaolarey5593,"I have to say, I grew up eating ""boiled wheat."" We also had goats so we just ate it as a cereal with honey and milk.",2025-02-09T00:50:57Z,2,0,en
UgxrKKtnRNPVJuMwPDt4AaABAg,@nwredneck390,"Heh, I'm eating oatmeal in the break room at work while watching this!",2025-02-09T00:28:35Z,0,0,en
UgxXKJYj9CFm5l5mcKt4AaABAg,@seregloth,"If you do an episode on stockfish, you gotta do a Nigerian recipe.",2025-02-08T23:47:47Z,1,0,en
Ugy0dh9oPOShqfLcWlx4AaABAg,@nikedoesthings,"In the Netherlands we still celebrate Saint Maarten on Nov. 11th. Not with dinner but the kids go outside with lanterns to sings songs about St. Maarten, gathering candy. It resembles what you may call trick or treating, but I believe this tradition is older. Based on the gift of food St. Maarten gave to a poor beggar on the streets. And I believe he also gave him his mantle?",2025-02-08T23:18:03Z,1,1,en
UgxZNEJkBMq6-sy9Wtp4AaABAg,@angela_merkeI,"It should also be kept in mind that peasants could grow and forage herbs, edible flowers and other plants to add to their food and hunt birds or other small animals that where on their fields(at least as far as I understand it). People who don't forage would be surprised how much edible plants exist in the woods and how many different exciting tastes they can have.",2025-02-08T23:14:15Z,0,0,en
UgzRFuOR3G73oUelOwJ4AaABAg,@melodicwhite5667,Mac’s miller?,2025-02-08T22:43:07Z,0,0,Other
UgzxRgYeVSbOIjpOdV94AaABAg,@eliumeldritch,I'm here for the stockfish!,2025-02-08T22:25:09Z,0,0,en
UgxEIUASc1u_jKRoBBF4AaABAg,@JudyPine-z3g,"OMG, porpoise???  I guess that was ok back then.  It breaks my heart.",2025-02-08T22:07:35Z,0,0,en
UgzREQK0hWXNQIHn86Z4AaABAg,@lavieestduresansconfiture3912,"We'll be happy to see you here in Italy.
Greetings from Tuscany!",2025-02-08T22:02:21Z,1,0,en
UgyR1hrL1S28scCK7f54AaABAg,@anotherkenlon,"Still getting mileage out of that hardtack clip, I see.",2025-02-08T21:34:52Z,1,0,en
Ugx6mig3_UFKp1dyZYV4AaABAg,@BermanTaylor,"Does anyone remember the spiked fermenty in ""The Mayor of Casterbridge?"" It changed the course of the novel!",2025-02-08T21:29:13Z,0,0,en
UgwsxqMhYRM4HbXcEr14AaABAg,@lindaliriel,"Max you should try a dish with bletted medlar fruit! That was one of the few fruits that could be eaten ""fresh"" in winter",2025-02-08T21:16:46Z,3,0,en
UgySTytfHOy5vUw2Mxx4AaABAg,@pokkets9284,Hard tack gets me every time 😂,2025-02-08T21:03:16Z,0,0,en
Ugy2vIC5g81b1J_8d8h4AaABAg,@feed8647,"My grandma would make a dish similar to that every christmas. My father loved to eat it, and it was barley, milk, eggs and poppy seeds. My great grandparents came from eastern europe and I think it´s a tradition there? It surely was an aquired taste and no one except my father woud eat it...😄",2025-02-08T21:01:15Z,0,1,en
UgzZtA1GIpR5AeKeCut4AaABAg,@catofthecastle1681,"As a peasant, I wonder what dolphin tastes like!",2025-02-08T20:58:18Z,1,0,en
UgxRL1OujGR5Emt-YDd4AaABAg,@cromba1,I’d like to try it with apples and cinnamon.,2025-02-08T20:33:19Z,1,0,en
UgxXcCbKY9I634uA9FJ4AaABAg,@victoriarussell1861,"Lol, I'm not sure if I'm seeing it right, but the photo used at the 11:00 minute mark shows full genitals of a man and woman on the left-hand side.😅 I'm not bothered by it at all. I'm more wondering why cause they have a bed behind them, so it's definitely not a shared bathroom situation.",2025-02-08T19:44:28Z,1,3,en
UgzEmgzyHRI3wYWS5BN4AaABAg,@stigjohnsen5556,You can order stockfish from norway btw,2025-02-08T19:44:06Z,1,0,en
Ugy9eiFFGb6O5FLsDKJ4AaABAg,@Waywren,"oooh, so this is what frumenty's really like! It was always hard to imagine just from definitions in, like, the Annotated Alice.  ...kinda wondering if i could make it in my rice cooker now.",2025-02-08T19:25:28Z,0,0,en
UgwFORaGzu4W1tJvztt4AaABAg,@Chio_OB,"I love your videos, really interesting, a great blend of cooking and history, both of which you obviously love and serve to us as a fine dish!",2025-02-08T19:20:07Z,0,0,en
UgzmMkg1RxbnfVGp5Jl4AaABAg,@hypnotourist,Another great episode. 👍,2025-02-08T19:08:32Z,0,0,en
Ugzv4mrLrBE5Ejrcy754AaABAg,@Scrappydappydoo62,Royalty what is that ? same @rsehole as everyone else,2025-02-08T18:44:38Z,0,0,en
Ugz7e-z1Xgu_uls_W-d4AaABAg,@scpmtf164,I'm feeling quite hungry!,2025-02-08T18:34:40Z,0,0,en
Ugwb2fmOkwG231Kip8d4AaABAg,@JoelJames2,I wonder if there is any connection between the boiling liquid for salted meats and modern day stocks.,2025-02-08T18:27:40Z,0,0,en
UgwynyxUTHVRvFtN8op4AaABAg,@brendankruse2172,Please eat dolphin,2025-02-08T18:25:40Z,0,0,en
UgwiwAyxyItfy_pYy0t4AaABAg,@unrulycrow6299,"On theme with KCD2's release, we're getting a meal Henry would eat 😌",2025-02-08T17:27:19Z,1,0,en
UgzTuQCOhx5c0mMEYkx4AaABAg,@nocomment09,For the German history fans: Geschichtsfenster created an amazing video about this topic!,2025-02-08T17:02:39Z,0,0,en
UgzYn9Apkr5ycLMBBZ54AaABAg,@rolfrolfen1275,For the stockfish you can just get that at a Russian deli,2025-02-08T16:56:27Z,0,0,en
Ugwm0VFI_XE6TBvontV4AaABAg,@boogerwood,"IDEA: with the release of the new Paddington, how about the origin of Orange Marmalade? My wife and I love your “show” and look forward to every episode. Best wishes!",2025-02-08T16:39:26Z,1,0,en
Ugwz2M1M4b6a96IR6vJ4AaABAg,@JoschiChr,But look at what happened to all of those animals now that everyone is allowed to eat and wear them.,2025-02-08T16:29:36Z,0,0,en
UgwWr5W8jBEDux1WPgh4AaABAg,@Janette_CH,"I love these kinds of dishes. My digestive system is very sensitive so i already eat like a medival peasant, having another dish to cook and enjoy is great for variety! And keeps my body at ease. ☺️",2025-02-08T15:39:37Z,3,0,en
UgzEGFlu493JdEhVNfB4AaABAg,@McMilesE,Adding this to my meal prep,2025-02-08T14:42:27Z,1,0,en
Ugwa_kbRZYxsfQZdF0R4AaABAg,@melodypope3422,Idk why I thought of this but that blue radish at 15:21 would make a really excellent silly tattoo,2025-02-08T14:22:54Z,0,0,en
UgwFr9cN6mt5nl9ypeV4AaABAg,@TanakhSpot,Could you please do a video on . The modern  Royals  favorite foods  ❤❤,2025-02-08T14:01:11Z,0,0,en
Ugz5bB0O3Wghpu1uJvV4AaABAg,@DexMaster881,"Funny how history records so many Warm and Cold periods Our planet goes through, Yet there are idiots that Screech: ""Global warming"" based on last 80 Years of Recorded Temperature data by modern scientific means...
What did the Medieval people do to induce Global warming?
Uncontrollably fart?
And how did they Get it Colder again?
Did they Park their Horses and walk to the market, or did they cull their cows to reduce Methane emissions?",2025-02-08T13:52:04Z,0,0,en
UgyOzwytbRApnB4lrXp4AaABAg,@LisaZapotockyVelez-Norcia,Looks yummy... but noooo not dolphins/porpoise 😢,2025-02-08T13:30:55Z,0,0,en
Ugz_BFKn7aCSMjuRCQN4AaABAg,@fl8281,13:29 Hardtack bit,2025-02-08T13:12:51Z,0,0,Other
UgyG2rAdr0RNniz2m9N4AaABAg,@sternis1,"If you were only supposed to use the egg yolks for this very common dish, I wonder what they used the egg whites for. They're a good source of nutrients, and you woulnd't want to waste them.",2025-02-08T13:10:21Z,0,0,en
Ugy8xnid29zN2Wp8-2R4AaABAg,@luqmanhafeez55,"9:26 That cow be like, ""Really, girl? You.. with that axe? "" 😂😂😂",2025-02-08T12:57:05Z,0,0,en
UgwzUiEriNs_AXQaTJF4AaABAg,@lunap7029,"I don't know if there's a lot of history to it, but I think Quiche would be something neat to look up. I don't believe you've done it before? Anyway, wonderful video as always!",2025-02-08T12:19:59Z,1,0,en
Ugz8p59CAWlLiwR2sOp4AaABAg,@kinghenry100,The protein jn eggs provides a ton of satiety.,2025-02-08T12:19:44Z,0,0,en
UgyQWmORulz5E-1BSXN4AaABAg,@BonnieKennedy-pj7tn,"There was a huge volcanic explosion that blackened the sun... for three years, causing extreme winter. Right around 1350.",2025-02-08T11:50:30Z,0,0,en
UgxYRYhMmXiQwwIpRO94AaABAg,@BonnieKennedy-pj7tn,"Finally, a way to use my wheat stores, lol. Thank you. Wheat pudding.❤",2025-02-08T11:44:48Z,1,0,en
UgxNTUTL2cg2g9D0xh54AaABAg,@CAP198462,If only there was a song about a medieval winter and how cruel it could be to communicate that information.,2025-02-08T11:38:48Z,0,0,en
UgzSAerQCgyAeG152C94AaABAg,@6666Imperator,Didn't think Almond milk is that old,2025-02-08T10:48:07Z,0,0,en
UgydELyv3_KHt2VXDZh4AaABAg,@buinghiathuan4595,This dishes look like a sloppy version of eggs fried rice to me,2025-02-08T09:59:10Z,0,0,en
UgxxCtTPcFExsw_QQpF4AaABAg,@althechicken9597,Winter is always coming,2025-02-08T09:39:52Z,0,0,en
UgzlDuythqgAuJ6JK7B4AaABAg,@313motown,🐈💙🐈‍⬛,2025-02-08T09:37:44Z,0,0,Other
UgxBwPUoGywrEOx6hot4AaABAg,@venkamann,"Hi Max, do you ever plan to do anything around the history of Indian food in America?",2025-02-08T08:52:08Z,1,0,en
UgyIxDKnd47gZfbbOop4AaABAg,@Searly255,"we really take global shipping for granted these days, imagine how empty supermarkets would be in winter without it, talking about europe and the UK mainly, i understand the USA could be self sufficient to a degree",2025-02-08T08:16:08Z,0,1,en
UgzMBQZiTW2Q-yDcmJp4AaABAg,@moonflower5553,I'm like 90% sure two of three people in the painting at 16:01 have their bits hanging out in front of the fire. And honestly? Mood.,2025-02-08T07:06:28Z,0,0,en
UgwNRtW8n4VkUoFs8oN4AaABAg,@magnificus8581,"Wow, a lot of climate change going on in the Middle Ages",2025-02-08T07:00:48Z,0,0,en
UgwBc8_oyXMSpuJ1g7d4AaABAg,@browniewin4121,"My sis lives right on the gulf Coast in FL and they got 8"" on snow at the end of January this year.",2025-02-08T05:45:14Z,0,0,en
Ugz2_sRvXnHylXjO2Ct4AaABAg,@testicularoxide5055,I too was once an adventurer until I took an arrow to the knee...,2025-02-08T05:43:41Z,0,0,en
UgzhYXEoiRAazfQ0OaN4AaABAg,@lemmonsinmyeyes,"I have a feeling that the ban on clothing types is in some way related to impersonation fraud / schemes. A noble way out in the boonies wouldn't know many if any of the other nobility aside from the king & admin related therein. So if some dude shows up dressed a certain way, comes by and claims that he is so and so from the king for a tax/tithe or whatever, that noble has no real way to verify or even question it. Disrespecting a king's messengers is akin to disrespecting the king himself. So ignoring someone who claims to be there on authority of the king/lord/whatever, is going to get whatever they ask for. Stealing or killing an important person & impersonating them to steel a years worth of crops would be a really big freaking deal. Just my theory though lol",2025-02-08T04:54:14Z,0,0,en
Ugyz9l1KCXsPLzh33jh4AaABAg,@bubsthecat3738,You look a little medicaded...,2025-02-08T04:23:39Z,0,0,en
Ugx-958eDEru_Ak6PJt4AaABAg,@totorodad,15:54 ladies warming up more than just their tootsies ;),2025-02-08T03:43:53Z,0,0,en
Ugz6O4zUzsGRKoZz3314AaABAg,@satjade,I'm watching this while eating something very similar for dinner! I'm having a bowl of farro thickened with an avocado and roasted root vegetables. Modern day version with a bit more flavor.,2025-02-08T03:03:16Z,0,0,en
UgyqAO2A7MawgihlWXl4AaABAg,@dokkal,"I showed a medieval peasant this video, he went mad after seeing the moving pictures but was happy after eating the food",2025-02-08T02:46:41Z,0,0,en
UgxZ90ULYokbqJ7ZJPl4AaABAg,@caissinha,I love all the art shown on this channel! Glad no AI is used.,2025-02-08T02:09:17Z,0,0,en
Ugwy2wILPqi1tmEFsO14AaABAg,@GrayBlood1331,"I'm glad we're solving this whole ""winter"" problem 🥶",2025-02-08T01:53:39Z,0,0,en
Ugww9fyECJDMSQpD1gR4AaABAg,@samclark9892,So your description sounds like its a combination of rice krispies and porridge but made with jersey milk (for the richness),2025-02-08T01:21:33Z,0,0,en
Ugwp70RjH7MQhcqIzpV4AaABAg,@CatsPajamas23,"Wheat berries make a nice pilaf; saute some onion or leeks, herbs, a little minced carrot or peppers, maybe some mushrooms, a splash of soy or Worcestershire sauce, add your cooked wheat (or saute all in a sauce pan, add some stock or water and the uncooked wheat, cover, simmer until done.) I used to serve it occasionally as a side dish.",2025-02-08T01:12:28Z,0,0,en
UgzkU8j1JJKrLp2Clw14AaABAg,@user-qx2jq5zi6h,"Want about root vegetables , game meat any animal and theirs afew otther's",2025-02-08T00:28:35Z,0,0,en
Ugy9HVaHtPeGDy_vHlV4AaABAg,@sean-patrickburke7738,15:14 makes me appreciate indoor plumbing even more haha,2025-02-08T00:12:40Z,1,0,en
UgyoR86R9XG1b2qpPHJ4AaABAg,@thewaythetruthandthelife2445,"Sry Ik It's got nothing to do with the video but it's only for good may we all know Jesus Christ our Savior, may God guide you and may the truth be with you in Jesus name I pray amen",2025-02-07T23:54:01Z,1,0,en
Ugz2A-M1G97fQ6ibZ6B4AaABAg,@underthebluesky92,"Wonderful research, had no idea this was a Russian dish, so fun to watch your channel and learn micro history.",2025-02-07T23:49:53Z,1,0,en
Ugz6PSRVZoUshex9umV4AaABAg,@Orange_Tree_,13:29 Hard-tac-tac!,2025-02-07T23:38:35Z,0,0,Other
UgwivNPFp01y-xzGes94AaABAg,@candacehart5283,The hardtack cracks me up every time lol,2025-02-07T23:37:02Z,0,0,en
UgxUxGDzyO1DqXJp0pF4AaABAg,@thelouisfanclub,Makes me think of risotto Milanese,2025-02-07T23:12:48Z,0,0,en
Ugxew09TwWCSKMlKJHp4AaABAg,@CrowDragonPirate,"Hahah, I basically have been making this for my kids for years because they wont eat enough for breakfast. I just do oatmeal like this. I started because of some half remembered memory of my grandmother adding eggs to oatmeal... didn't realize it was a thing.",2025-02-07T22:56:26Z,5,0,en
Ugyje82ofeIrTC_yFGV4AaABAg,@microcroissant,"Fun fact: in Poland, the most famous soup's name - rosół, comes from the process of boiling the meat in order to desalt it (rozsalanie).",2025-02-07T22:41:37Z,1,0,en
UgwYRhzhDqPSj7ZzNtN4AaABAg,@Paganrnn,Stockfish sound an awful lot like lutefisk🤮,2025-02-07T22:32:57Z,0,1,Other
UgyVXv2XmpjmcvrdOQZ4AaABAg,@ingridside,"As a Swede, Stockfish is a must in December and it's delicious! Here in Sweden it's the oldest and most traditional Christmas dish there is. It's also the dish I look forward to the most out of all of the traditional Christmas foods. With boiled potatoes, bechamel sauce and a lot of allspice.",2025-02-07T22:17:44Z,2,1,en
UgwPC3Zzd-7DU5J65NZ4AaABAg,@chrisbean9663,In this crazy times your channel does give me a little bit of escape. I do appreciate it thank you for the videos.,2025-02-07T21:56:30Z,0,0,en
Ugzv3r2cfLRr7rnSxqh4AaABAg,@teosandev6116,Fascinating. Could fruits be preserved by the masses given sugar was at a premium? Seems dried fruit could compliment overly salty dishes well.,2025-02-07T21:53:45Z,0,1,en
Ugx1-3_aN0emMY6onRd4AaABAg,@Pumpkin.spice.corona,And yet these days I can't get potatoes to last two weeks 😢,2025-02-07T21:44:53Z,0,0,en
UgwXbD3NlLNgEogF5Gt4AaABAg,@svenpetersson1209,"Stockfish is used to make Lutefisk. For a more horrible dish, Surströmming was also a way to preserve food for winter. On the west coast of Sweden where I grew up, we eat heavily salted ling (aka ""Saltlånga"") which is placed in water to leach out most of the salt (not all), then boiled & eaten with potatoes and a thick white fish-stock sauce with chopped hardboiled eggs in it.",2025-02-07T21:39:29Z,0,0,en
UgwBnjw6b7MRt8CgzoJ4AaABAg,@dagnolia6004,"when i was little, they thought i had a wheat allergy (or sensitivity?). one time my grandfather let me try wheat berries and i had no problem....still able to eat wheat berries but most wheat flours keep me in the bathroom for hours. (hurrah for ZOODLES, pasta for us tummy weirdos)",2025-02-07T21:35:06Z,1,0,en
UgwcyznYSRVJA7VCWa94AaABAg,@Erranruin,absolutely in love with this video it gives such a concrete and tangible feel to how People Would Have Lived in a way that doesn't dismiss the whole of history as just misery but a life full of practical and social problems that had practical solutions. If you have the time or inclination I'd love a video on the impact of climate and seasons on middle ages cultures in Persia or elsewhere. I am assuming warmer climate living cultures must have also needed to consider seasonal changes for their diet but other than needing to find better ways to preserve things in high heat I can't think of what those challenges might have been.,2025-02-07T21:13:26Z,0,0,en
UgyM9b8zZ4pkW0awSDB4AaABAg,@patrickvanmeter3318,Go to Iceland. They eat both stockfish and horse regularly,2025-02-07T21:02:41Z,0,0,en
Ugx4Dr6wSJeGXiBCm-B4AaABAg,@FlowerMaus,"In these trying times, I may need this one in my repertoire 🤭",2025-02-07T20:53:27Z,0,0,en
Ugwuv1zKNVpb6AT47OR4AaABAg,@Sworddove,"Hard tack clack.

😂",2025-02-07T20:52:38Z,0,0,en
UgzM0RH_y2Qh_L2jfZh4AaABAg,@YosemiteSam1849,We will be living like madieval peasants if we have much more of this labour government.,2025-02-07T20:47:45Z,0,0,en
UgxOa0YuYj_dfG6cSjh4AaABAg,@mitchellsmith4601,Revolting.,2025-02-07T20:29:11Z,0,0,Other
UgwQrUrKbE_w6iQtr3t4AaABAg,@mjamesmcdonald,“Almond milk would have been used on fasting days.” Did they really have almond milk readily available back then? I always assumed that was a modern thing.,2025-02-07T20:16:06Z,0,1,en
UgzC7i7DbeX3xcq3SSV4AaABAg,@montagnarde1794,"Explains ""Christmas is coming; the geese are getting fat""...",2025-02-07T20:08:50Z,0,0,en
Ugw8yw6sgfJNYZAmGqd4AaABAg,@Stayfocused7,Thank god I was in Africa during medieval Europe,2025-02-07T20:04:19Z,0,0,Other
UgwbFazih2EADbd1cot4AaABAg,@HUX8075,So there was no canning?,2025-02-07T20:01:27Z,0,1,en
UgygkmtJzTkPkeelZux4AaABAg,@madeinengland1212,Stock fish (salt cod) is available in every supermarket in Portugal. Its eaten every week even with the long prep. Also “prepare wheat” is  not expanded upon. Unless you use pearled barley you need to remove the seed cost by soaking overnight and rubbing the berry. The resulting cooked wheat makes a solid gel block which can be stored for a bit. Frumenty which i make regularly is improved with cinnamon and butter for breakfast.,2025-02-07T19:59:52Z,0,1,en
UgwpuhIoEud3zzoJF554AaABAg,@garycope4830,"In medieval England,  pottage was the standard fare for everyday folk",2025-02-07T19:58:33Z,1,0,en
UgwBZKGk2grzH1oL22R4AaABAg,@TheAdnanmajor,Hi Max! Love your channel. I have a request. Would you be able to make some videos of historical middle eastern foods such as Shawarma or Falafel?,2025-02-07T19:56:07Z,1,0,en
Ugz3eKNEIVOac0tOQNp4AaABAg,@simonmeeds1886,"My mother remembered my grandfather (in Lincolnshire, England) keeping pigs and slaughtering one near Christmas. It was butchered and various products would be made: sausages, haslet (pronounced ""hayss-lut""), brawn, stuffed chine, etc. Even I remember one of my mother's cousins keeping a pig in a sty on his driveway and having is slaughtered behind the local butcher's shop - that was in the 1970s. (You may have to look up some of the pork dishes I mentioned since they are very local - you can buy something called haslet from UK supermarkets, but it only bears a passing resemblance to the real thing. Real Lincolnshire sausages are very special, and stuffed chine is rare now even in Lincolnshire. When my grandfather had pigs the pork belly seems to have been judged poor meat, and went to his father-in-law. Ironically I now love it, but I'm rarely allowed it for fear of high cholesterol levels. If you want to see an account of the handling of a pig at Christmas you can do worse than one of the chapters in an out-of-print book called ""Fungus: the Lincolnshire Cat"" by Fred Dobson.",2025-02-07T19:55:52Z,2,0,en
Ugwwvfc39ynLKZIxaK54AaABAg,@AmericanDragon111,I’m always looking forward to how he will reference hard tack in these episodes. Also love the medieval music at the end.  :),2025-02-07T19:55:51Z,1,0,en
UgxM0sYHmf7H91rs9c94AaABAg,@2Dentz,Never seen a Bombas sponsor very cool! They also heavily support those in rehab. Inside every sock the mantra “Bee Better” is printed inside. Had a family member admitted for Alcohol abuse and the rehab receives donations from Bombas.,2025-02-07T19:52:54Z,2,0,en
UgyWseRrOVmCq4U3_WB4AaABAg,@Cwabel,The joy I get from hard tack *tap tap* is immeasurable,2025-02-07T19:49:48Z,0,0,en
UgydOGzUjRJU8sUkGtp4AaABAg,@Syphaxis,"Honestly, it kind of makes sense most lords didn't allow the average subject to fish freely.  Today, we have entities like Fish and Wildlife.  Back when, who stops the average jerk from blowing all the fish right out of the river if he wants?

The local lord, that's who.",2025-02-07T19:32:18Z,0,0,en
UgzeqkghCGtVtzBtuyF4AaABAg,@IDPhotoMan,"Speaking of preparing for winter - please please please do a video on Lutefisk!  You won't be disappointed! Really! EDIT:  Ha! You mentioned it @13:06!! Well, kind of. They used LYE to preserve it....",2025-02-07T19:30:01Z,0,1,en
Ugx_nWDrCOYVtAQ5s194AaABAg,@jakedethierful,Would loce to see you do a colab with Modern History TV. He did a great series on different levels of food in in the mediveal world.,2025-02-07T19:26:26Z,0,0,en
Ugw2LrzttccZUacaceZ4AaABAg,@OuriLLusion,Watching this since more tariffs are coming. Guess its gonna be gruel for the next few years since food costs are getting so high,2025-02-07T19:21:49Z,0,0,en
UgxmvYRZ-UG9JbjKBRB4AaABAg,@Nscorpion5248,16:04 does that guy have his balls out?,2025-02-07T19:21:42Z,0,0,en
UgwPDhH7yh16bUOjzvh4AaABAg,@niccard3101,Americans with so little history always come back to the England that gave them life and a language. You're welcome.,2025-02-07T19:07:20Z,0,0,en
Ugw1voMTdG4_-htvrPp4AaABAg,@olliehays3206,"Bombas is bs dude. They make disintigrating socks under the guise of an unimpeachable narrative about giving. They don't have the resources to ship 100 million of anything, and many homeless avoid shelters. They are forced to offload to nonprofits and NGO's, which as we see now with USAID, that money is a slush fund going to anything but socks for needy.",2025-02-07T19:05:01Z,0,0,en
UgyQpl6KBIt9QkDf2GN4AaABAg,@chrisaguilera1564,Cool. Medieval scrambled eggs.,2025-02-07T18:56:24Z,0,1,en
UgzwXUrPi7X9HSy2zZ94AaABAg,@slimmsquirrel,16:02 very interesting picture there. Never considered medieval peasants having a group outhouse.,2025-02-07T18:44:48Z,1,0,en
UgzSIVpTSPhdCLDlC8F4AaABAg,@clemintineorgasmface4019,I'm feeling quite hungry...,2025-02-07T18:39:35Z,0,0,en
UgyBb2JVzs1QUL4MdXF4AaABAg,@MagicianFairy,15:28 Oddish was not something I expected to see.,2025-02-07T18:39:12Z,4,0,en
UgyAOYMyP-HuARS5DCZ4AaABAg,@stephenmoerlein8470,Interesting combination of history and food. Thanks for the post.,2025-02-07T18:31:05Z,0,0,en
Ugx7D09KLBsOon2Llqt4AaABAg,@lizsvendrowski7289,You and @emmymade should collab,2025-02-07T18:28:22Z,0,0,en
Ugw18TuutDILDnC-CW14AaABAg,@JonathanRossRogers,9:20 That dude seems to have pointed the axe incorrectly.,2025-02-07T18:22:51Z,1,2,en
UgydIVaaYsJs3EBeXo94AaABAg,@smaakjeks,"I guess that's why we give marsipan pigs as prizes for Christmas in Norway (everyone is served a rice pudding dessert after the meal, and the one who finds an almond in their pudding wins the pig). It harkens back to pigs being slaughtered for Christmas.",2025-02-07T18:15:10Z,1,0,en
Ugyww-OEPXMb4g6H_Yt4AaABAg,@v3pic,"So I know a lot of last names are based on old professions, but the comment about a tiler made me wonder if that's where the last name Tyler comes from. And if Taylor is just tailor for that matter. I know the letter y is used a lot in older spellings of words",2025-02-07T18:12:52Z,0,0,en
UgyEBCA0rX6tk0v9otR4AaABAg,@Motherbrain51,Martini - Nov  11 in Germany is St. Martin´s day. Traditional day to eat goose - lecker,2025-02-07T18:08:33Z,1,0,en
Ugy0DLnRv5U1MOkAZBl4AaABAg,@arlenecollins7279,"Love these videos!! 
If we don’t stop releasing CO2 into the atmosphere, we will be eating this meal again. The warming of our atmosphere, and oceans, is weakening the Gulf Stream, and it will just stop moving north; I.e., collapse. When that happens (maybe in our lifetimes), the north hemisphere will plunge back into chronic severe cold. All year long, for many years. So don’t worry about global warming, folks, because what will come after, will be much worse.",2025-02-07T18:06:23Z,0,0,en
Ugwr0h9VzXnYuqB7S-x4AaABAg,@SaraShea-qf1gy,I just now tried this with oatmeal. Probably the best oatmeal I've ever eaten 😁,2025-02-07T17:28:01Z,1,0,en
Ugxqitp-iVnwyU_Bcf94AaABAg,@hazelhazelton1346,"I really hope you make stockfish, and then make it into lutefisk. :)",2025-02-07T17:25:11Z,0,0,en
Ugwy_Ur9UQ1W0SsQDqh4AaABAg,@emitaylor4094,CLACK CLACK,2025-02-07T17:21:38Z,0,0,en
UgzuRY4u21DnsnvS_mJ4AaABAg,@RESMITHcarpentry,"We used to have a very simple root cellar (a hole in the ground with a roof and straw over it, and could keep carrots, potatoes, cabbage, beets, apples, onions, garlic, brussel sprouts, winter pears etc until May the next year. Radishes are one of the most amazing long lasting fresh vegetables.  They'll keep 3 months even in a fridge. Traditional food storage works far better than modern fridges if you pack them in properly.

I feel even COLDER watching this tho... so ready for spring >.<",2025-02-07T17:12:06Z,1,0,en
UgxwVRLwLJNX7BPC9Fx4AaABAg,@beowulf716,I really want to try this. Eggs yokes are like caviar now.,2025-02-07T16:55:52Z,0,0,en
Ugws4QDdzxdSXcre-Np4AaABAg,@daminahelena471,"Would ""black sugar"" be molasses ?",2025-02-07T16:52:47Z,0,0,en
UgzcUW6AZfYw95EeUa94AaABAg,@Suliwyensis,This looks great! I wonder if it could be reheated once made? So you could make a big pot and then serve for breakfast for a couple of days 🤔,2025-02-07T16:36:32Z,0,1,en
UgxIDYy1vYKE7eCuGYF4AaABAg,@ChrisJamesDeAndrea,"Dear, 
Max Miller; with tasting history,

May you, as long as you are interested, make a video on creating polish princess cake by any chance? I found the recipe recently, and while I sincerely know nothing about it's history, I have been wanting to make it myself, for my household, and thought it may be interesting, for you to make it yourself. 

Many thanks, and warmest regards this winter.",2025-02-07T16:27:45Z,0,0,en
Ugwm0l-u2I26s3m7-C54AaABAg,@Dave-lx3vt,Hard tack!❤😊,2025-02-07T16:03:27Z,0,0,Other
Ugx2n-6BhT_oF1DzU4B4AaABAg,@UchihaChikiru,✨🧚🏻‍♂️,2025-02-07T15:56:09Z,0,0,Other
UgwQmdairjeXp6w3prp4AaABAg,@TheLeonhamm,"Umm? High-fibre wholemeal bread - of rye or wheat or mixed, jam preserves, smoked ham and fish, salted pork, greased goose, small beer, ale, mead - mulled or warmed, distilled alcohol, honey cakes with seeds and nuts, barley gruel and barley water, spelt, wheat, or oat porridge, soups and stews .. with parsnips, beets, turnips, mangels, swedes, some of a neighbour's rabbit for your fowl, stuff sent down as leftovers from the Big House or castle, holy-day boxes donated by the monks or nuns .. and there one has a meagre if largely wholesome mixed ration. Add in the many 'festival' feasts to break up the lonely nights, with dance and tune and merriment - even in the leanest of times, and so the moderately healthy 'peasant' (farm owner or tenant) or farm labourer (shepherd, cow-herder, wall-shorer, and go-for) might get through the fasts (that went with the feasts) and the eking out of the remnants before spring brought the new growth.
All rather precarious of course, and dangerous for the many ill or weak or elderly souls. We are so lucky .. to have Max and the crew to do the experimental tasting of the past for us.
Cheers! ;o)",2025-02-07T15:36:05Z,0,0,en
Ugz2fJ5zo52nJLapc6h4AaABAg,@Jay_G94,12:02 The man is Happy 😅,2025-02-07T15:29:24Z,0,0,en
Ugzr-Db4rjEtnTWtLbZ4AaABAg,@mattdemmler2541,Exceptional as always Max! Thank you!,2025-02-07T15:06:38Z,1,0,en
Ugyz_jqFcV8-7uJw5Vt4AaABAg,@dave2.077,15:20 what a hard mideval winter does to a man,2025-02-07T15:03:05Z,0,0,en
UgzjO8P5a7WxUqI7DOh4AaABAg,@Snuffy03,Porridge?? YUCK!,2025-02-07T14:57:29Z,0,0,en
UgxALkZJXyvs58m8gQh4AaABAg,@MC-gt6yp,In the Middle East is Harees - roasted wheat berries boiled with camel meat or in other places goat meat. It’s cooked to a paste with onions and a few spices and a generous helping of ghee. It tastes good but takes a long time to cook. Heavy and filling,2025-02-07T14:52:16Z,83,2,en
UgweEF427zHWiSNIgD14AaABAg,@brianafortier,is that steel cut oats?,2025-02-07T14:46:00Z,0,1,en
UgzT9Rmrr7FmRIQGJcR4AaABAg,@Ripjawz,Now I’ll be able to fully immerse myself in KCD 2 :),2025-02-07T14:23:41Z,0,0,en
UgzoaISHG0Q5yZTYWGB4AaABAg,@DUEL159,"Hey! If you want to make a video about stockfish it could be really interesting to look into Baccalà, a dish from the veneto region in italy still made to this day in a couple formats. Basically boiled stockfish in milk till its thick n paste like (its delicious i promise) 
Legend has it (as far as I know it) that Venetian sailors from the serenissima got lost in a storm and ended up on the lofoten islands in northern Norway. They found stockfish there and loved it so much they began to import it home en mass, as its perfect fot naval travel. The people loved it, it became a staple, and to this day there is a small italian-speaking community in northern norway, and Veneto is the principal buyer of lofoten stockfish!",2025-02-07T14:10:57Z,0,0,en
UgyLIf11fTFaqtSOCQF4AaABAg,@DPLSHR,"And now thats what all modern people eat for breakfast, sorry i mean (brainwashed peasants), wearing a fake rolex and gucci slippers. Way to go !!",2025-02-07T13:42:54Z,0,0,en
Ugz2hFob-PUCVIMlr9t4AaABAg,@Miztivin,"Funny. I'm from South Louisiana. Grits with sugar, spices (pepper), and eggs whipped into them is one of my favorite meals lol. I grew up on it. Reminds me a lot of this",2025-02-07T13:27:41Z,0,0,en
UgwPGL8ltp3sBcJumQJ4AaABAg,@malkomalkavian,Hard tack callback,2025-02-07T13:24:56Z,0,0,en
Ugzdc3Igbb1QYt4iSeJ4AaABAg,@liddlebudder1427,What is the name of the wheat you used and where can you buy it?,2025-02-07T12:57:45Z,0,0,en
Ugyb3g6loWzATli_nQ14AaABAg,@mtgAzim,"With the talk of salted meats, a few years ago Drachinifel did a video about naval food, and he made salt beef and ships biscuits. Which is just hard tack. (clack clack)
It was really funny because his biscuits were so hard and dry that it sounded like he was chewing glass, and his expression showed it the same. 
Alex (Drach) would be a great person to do a video with, next time you do one about naval stuff.",2025-02-07T12:53:32Z,0,0,en
UgwdRymGfCifOGnSXb54AaABAg,@bladecole,That hard tak “clink clink” gets me every time 😂😂,2025-02-07T12:18:00Z,0,0,en
Ugy5HCj3ogQJU8cph8x4AaABAg,@raa6504,This is literally rice pudding with wheat. It's similar to how i make my rice pudding.,2025-02-07T12:00:12Z,1,0,en
UgwLs0VepDJDErfzUlB4AaABAg,@Bombrider666,"My friend, if you're coming to Italy, that's the place to try stockfish. Ask for baccalà alla vicentina and stoccafisso accomodato or alla Livornese. You won't regret it.",2025-02-07T11:34:16Z,1,0,en
Ugzbmc1rACt1GdzNvqp4AaABAg,@WarholaSoup,"Once I can afford eggs, I can live like a peasant!",2025-02-07T11:29:31Z,4,0,en
UgyfuIxraqN-HOLn3OV4AaABAg,@wiseSYW,0:30 from a serf to a monk to the ring to the king,2025-02-07T11:20:51Z,190,7,en
UgyUavFvRsbxMtvYYFF4AaABAg,@elpunkyguarro,"In Spain we say ""a todo cerdo le llega su San Martín"", every pig has it Saint Martin; also raisins are served at Christmas as desert with clementines and oranges and remember that hens don't produce eggs during winter because of the cold and lack of Sun light",2025-02-07T11:09:49Z,0,0,en
UgylXehyIkoS90K8zAV4AaABAg,@HaniD-yp6jn,"Boiled meat, Barbacoa de res or Birria is excellent and boiled meat is still popular in England.  And salted fish is popular in Portugal.  Not all that unusual.  Perhaps search out a Portuguese restaurant when you are over.",2025-02-07T11:03:03Z,0,0,en
UgyuK4KyJKYGGuY_UhN4AaABAg,@The0therRollingGirl,What the name Tyler came from a profession?😂 just imagine them being called cobbler 😂,2025-02-07T10:50:40Z,0,0,en
Ugz60dLn_cLCzgCW9lh4AaABAg,@keikarhinopuppy,"I never even thought about the tapestries helping to keep in the heat, but it does make a lot of sense. How novel!",2025-02-07T10:12:53Z,0,0,en
Ugxgjk0he1R_-C82OFJ4AaABAg,@brendouhtredo425,"Just curious about your comment regarding serving pottage with porpoise. 

You only mentioned the porpoise accoutrement once, nearing the end of the description. What’s the point of this comment?

Google Chekhov’s Gun if you’re confused.",2025-02-07T08:51:34Z,0,0,en
UgwwLQ9WhJeH6o9nxT54AaABAg,@AdrienneReneau-ky4sc,MY SPICE WEAK THESE FRANCOIS GUD SPICED LITTLE GOODIES,2025-02-07T08:20:17Z,0,0,Other
UgzgQbLNGxECZAiWpHx4AaABAg,@AdrienneReneau-ky4sc,FRENCH NOW GUD JELLY WINES PICKY BUNCH,2025-02-07T08:19:38Z,0,0,Other
UgygRuP7j5wNkUN0ao14AaABAg,@AdrienneReneau-ky4sc,WINE I TASTED USE BERRIES STRANGE SPICES,2025-02-07T08:18:53Z,0,0,en
UgyX13xTY8-ury5pDcZ4AaABAg,@AdrienneReneau-ky4sc,FRANCOIS OUR WINE WE GUD SPICES,2025-02-07T08:18:07Z,0,0,Other
Ugycitd2WDEbKaZJ7OZ4AaABAg,@AdrienneReneau-ky4sc,FRANCOIS FAMILY WINE EXPERTS,2025-02-07T08:17:03Z,0,0,Other
Ugw8c2ER1efHnS6-cbh4AaABAg,@AdrienneReneau-ky4sc,INTERESTED IN THAT PORRIAGE,2025-02-07T08:16:01Z,0,0,Other
UgzULfQBMHPwBgKvict4AaABAg,@pruneman1147,PLEASE MAKE STOCKFISH,2025-02-07T08:12:31Z,0,0,en
UgyZMVBiGdGpiXGt4kB4AaABAg,@AdrienneReneau-ky4sc,TY.FOR. PORRIAGE,2025-02-07T08:11:25Z,0,0,en
Ugw2D3WWiELeydqRdhR4AaABAg,@AdrienneReneau-ky4sc,LEGS SWELL.EDEMA,2025-02-07T08:08:38Z,0,0,Other
UgyZ1-Q09j5leJymgGJ4AaABAg,@AdrienneReneau-ky4sc,1300 QUI FRANCOIS MERCI,2025-02-07T08:07:18Z,0,0,Other
UgxkJwJ5As1bnII0-hp4AaABAg,@AdrienneReneau-ky4sc,TY,2025-02-07T08:06:40Z,1,0,Other
UgzAmj72ORCrrdutPYZ4AaABAg,@uzmakikunai1,"Just made this (albeit with oats rather than wheat)
Pretty good, added a little sugar and cinnamon
Definitely don't need very much of it to fill you up",2025-02-07T07:46:06Z,0,0,en
UgwxdjtCsWDS7m4_rNR4AaABAg,@losangelesnefastvs,13:30 CLACK! CLACK!,2025-02-07T07:43:55Z,0,0,en
Ugxpvy09PrTeJJiI0ON4AaABAg,@stodgepodge,Why did they not simply invent the refrigerator? 🤦,2025-02-07T07:38:53Z,0,1,en
Ugy9EHavEMVeyCJNgLZ4AaABAg,@mikesmicroshop4385,"I prefer my Frumenty with salt, garlic, onions, and beef stock!",2025-02-07T07:14:57Z,0,0,en
Ugx5KMRKV1-H_nBjILt4AaABAg,@asirithwelzorn5907,14:04 So we gonna replace the hard tack clip with a stockfish clip?,2025-02-07T07:03:24Z,2,1,en
UgwGYrJr9YnKoE5d7hp4AaABAg,@themathomhouse,"Max: I want to make stockfish
The cats: yes father, hang all the fish. We can be trusted, we promise",2025-02-07T06:49:57Z,1384,7,en
Ugybg6AQuUAbVdyeLl54AaABAg,@Vanadisir,"Please, Sir, may I have some more?",2025-02-07T05:58:37Z,0,0,en
UgykuKKZwBpCew1G5W14AaABAg,@Kevin-zd5bi,I hope you never stop using your hard tack clip.,2025-02-07T05:37:28Z,0,0,en
UgxWZbezYtEhIQ34AlV4AaABAg,@AcM.5233,"@tastinghistorywithMax 
What is black sugar?",2025-02-07T05:34:00Z,0,0,en
UgxLbXaWvMY6OLsx2fR4AaABAg,@AcM.5233,"West porridge is good.  Barley-based porridge, not so much.",2025-02-07T05:31:29Z,0,0,en
UgyT_t-GNEb3UkKPJ9t4AaABAg,@rosemather7130,❤❤❤,2025-02-07T05:31:16Z,0,0,Other
UgyMd9p_3LWT1vtnuN14AaABAg,@RolloTonéBrownTown,At least the peasants finally got the Winds of Winter,2025-02-07T05:24:32Z,0,0,en
Ugy8jcYtMeAp98VIh2R4AaABAg,@RolloTonéBrownTown,As a medieval fifherman I juft want to  thank thee fir endyorfing thif. The meat of porpoisf eyes hyardy ane moft goode ain to surve it up the meayt of hiffelf wel boyl't ain a fyst of cyrrant or raifen a gyoodly addytion make,2025-02-07T05:23:39Z,1,0,en
Ugyom5AqVhFOaQbNL2t4AaABAg,@Oscuros,"I'm not sure really what the point of using customary units like a quart would serve, since the US pint is smaller than an actual pint, like everyone else that uses imperial would be using. So a quart is 4 US pints, which is 0.83267384 of an actual quart?

Imperial weights and measures were decided and finalised in London in 1824, America was not at that meeting, yet still wants to use our weights and measures, but badly, sadly, seemingly similarly with our language, laws, capitalism and religion as well.",2025-02-07T05:08:31Z,0,0,en
UgyK0hFOYEQur1VUTYp4AaABAg,@RenanRF,not being allowed to fish or wear fur even if you could afford it; I can see why they would make some heads roll eventually.,2025-02-07T04:11:32Z,0,0,en
UgzPeTBIB3h-5iJxVzR4AaABAg,@thomaspomeroy5678,Would they ever make this with barley?,2025-02-07T04:09:45Z,0,0,en
UgwlIuVUfRcch2Tio2t4AaABAg,@jonnj9701,"Hey, Bombas! I used to be homeless and I can testify they do actually donate their socks and they really are high quality. I only managed to get one pair (most of what we got were knee highs which I hate) but they lasted a really long time and they're very soft.",2025-02-07T03:47:06Z,656,7,en
UgwqKXRicGLV_JwyNDN4AaABAg,@fireline4765,"I thought that any ""nut milks"" were an invention of the modern era. The more you know!🤷‍♂️",2025-02-07T03:41:33Z,2,0,en
Ugw2y-iKPr25hnQnqfd4AaABAg,@flash-gz1hu,Hah I always wondered what's in Pease porridge hot,2025-02-07T02:51:32Z,0,0,en
UgzO1uIQpnJBPA_2wAp4AaABAg,@MrYfrank14,"Hardtack!

I like how he keeps finding ways to sneak in hardtack so you do not see it coming.
Who thinks of hardtack when talking about fish?",2025-02-07T02:46:38Z,0,0,en
Ugz2UupIkdclYI9tToN4AaABAg,@Desco9111,"Why at 13:05 is there a halberd in water?

...it should be a pike.",2025-02-07T02:27:13Z,2,0,en
Ugx-SS0RavhHO4g-oYt4AaABAg,@rgibson7305,"yasssss, the return of ""hard tack *clack clack*""!!!!",2025-02-07T02:11:11Z,0,0,en
UgzXnhw83W3fl00hW5h4AaABAg,@peterbyrne7348,What did they do with the whites?,2025-02-07T02:04:09Z,0,0,en
UgwdnvOEIFt70De4CRh4AaABAg,@BringNightmares,I'd love to see a stockfish vid,2025-02-07T01:47:47Z,0,0,en
UgyVkd89-Nvjfd_TQmR4AaABAg,@Evocati25,"I thought for sure this video was going to be sponsored by Kingdom Come Deliverance 2, so much porridge consumed.",2025-02-07T01:33:31Z,1,0,en
UgymcBGohTi8VISUdeR4AaABAg,@ChrisTopher-gd8xh,With all the sitting cuties on you channel makes me think you are a member on e4!,2025-02-07T01:29:30Z,0,0,en
Ugzjw6CijcPx2UVg2P94AaABAg,@renatomsgomes,In portugal cod is still a thing in portugal. We donno boil it. We soak it like the sane with dry meat. First we dry it. Later we cook it milk or water,2025-02-07T01:09:18Z,0,0,en
Ugy7B9ISKukQQTBEWxx4AaABAg,@AL-fl4jk,Max preparing Americans for what they have coming,2025-02-07T00:40:25Z,2,0,en
UgwRZJfA92T43uJPtQp4AaABAg,@DaveLikesLimes,"I would never eat a dolphin! Or at least, I'd never do it on porpoise. 🐬",2025-02-07T00:36:03Z,0,0,en
UgzUSJucMLI4VOb9YNN4AaABAg,@IWishIWasACowboy,15:19 Oddish jumpscare,2025-02-07T00:08:21Z,0,0,Other
UgzPm6g_i6LKzRuAhwF4AaABAg,@chrishansen9379,I never get tired of the hard tack clip.,2025-02-06T22:46:08Z,0,0,en
Ugwy5UQegmxfv9nEy9l4AaABAg,@KlojoVidjo,Hands up who's noticed the medieval genetalia 👋,2025-02-06T22:26:21Z,0,0,en
UgwXDBIExkMFpqxs9tt4AaABAg,@crimsoncobalt1232,"Just received your book in the mail and I have to say, just outstanding.",2025-02-06T21:49:05Z,1,0,en
UgwPjOHSlYfO2v_NpBV4AaABAg,@elisabethphd,"Stuck on the image of a jousting tournament being held on a frozen river.  I’m picturing ice skating horses.   

Also, what happened to the chickens in the winter?   Did they get slaughtered with the geese or did they keep a few around for the eggs?",2025-02-06T21:47:22Z,0,1,en
UgxHI_mj4yaRD0lsCF54AaABAg,@annes2944,"Sadly, no egg yolks in winter. Eggs were laid in the spring.",2025-02-06T21:00:23Z,0,0,en
Ugz2Xh1iPwoHgq1lAxF4AaABAg,@SpartanML,Stockfish? Sounds like a good reason to do a colab with Townsends!,2025-02-06T20:24:09Z,0,0,en
UgzdcMmcemm2PzpDsqR4AaABAg,@Michael_Smith-Red_No.5,"At 15:26. No matter what, I will always feel like that radish.",2025-02-06T20:06:56Z,1,0,en
Ugy-DU9rXWvDrKGJc7h4AaABAg,@simonh6371,"I think it's fairly well-known that in medieval Europe it was common to mix savoury with sweet, i.e. meat with fruit and/or spices.  I think also that egg/milk custardy type combinations were also popular, in addtion to the sweet/meat combo.  The national dish of south Africa, bobotie, is exactly this, minced meat with raisins/currants and spices, finished with custard on top.  However it was around in the Netherlands before they went and colonised the Cape of Good Hope and I've read it's a relic of what we used to eat in Europe.",2025-02-06T20:02:04Z,2,0,en
UgysecZhdWrlIo_eSdB4AaABAg,@BlackSeedOfChaos,bro why do you have octopus eyes in this vid,2025-02-06T19:53:18Z,0,0,en
UgzWJ7Ur9cwIhtrclW14AaABAg,@zacharydalton8132,This sounds great curled up in front of ye olde net flix,2025-02-06T19:50:17Z,0,0,en
UgzxFv3wGcHr-xdqYXl4AaABAg,@froglet72,"I agree, no porpoise for aquatic mammals to be included.",2025-02-06T19:38:38Z,1,0,en
Ugz7QevLcAsIC5CzX5F4AaABAg,@MichiruEll,"So both my wife and I were absolutely mind-blown about the mention of almond milk. I somehow thought that Almond milk would have been invented in the 1990s. Turns out, off by like 700 years.",2025-02-06T19:31:28Z,0,0,en
Ugwyth0b6JQiWyxPLNt4AaABAg,@hamaljay,Are you telling me people used to eat this on porpoise?,2025-02-06T19:30:52Z,0,0,en
UgwbGEQZ92TDXSQJt_V4AaABAg,@karl-erlendmikalsen5159,"""stockfish [...] was so hard and dry you had to beat it with a mallet.""
Was? Was?
I'll have you know that stockfish can still be hard and dry my good sir, but is absolutely delicious.
Also, you shouldn't make it yourself. Instead I suggest you visit Lofoten in Norway and see how it is made :)",2025-02-06T19:20:40Z,0,0,en
Ugw9CovA1HW8MGqJXDF4AaABAg,@EmilyJelassi,"I didn't know that during winter people's pay was reduced! I can understand it from a business owner's perspective, but that's just right! No wonder why there were so many uprisings during winter time! A very interesting video, Max, as always 😊❤❤",2025-02-06T19:17:50Z,0,0,en
Ugx_TVy8LayvcRwqWuh4AaABAg,@EmilyJelassi,I still don't understand why the majority of people don't think that ancient people weren't as smart and inventive as they really were. They had to be in order to survive without all of our modern inventions!!,2025-02-06T19:14:35Z,0,0,en
Ugycz0FlYUc7kyqX8Pp4AaABAg,@ukaszgrzesik7231,Florence is absolutley worth a visit! My favorite city in Italy so far.,2025-02-06T19:09:37Z,0,0,en
UgzkTiobzrp4s2YEn5t4AaABAg,@DraftBarley,Have I found a new bulking breakfast?,2025-02-06T18:54:23Z,0,0,en
UgwozLvV16rwFKtHztt4AaABAg,@hannahdaunton532,"""Tasting history"" or ""spot the sneaky historical genitles"" 😊",2025-02-06T18:51:02Z,0,0,en
UgzA7H3iwQDELu65zAd4AaABAg,@Arum638,THREE eggs? I thought this was a peasant's meal!,2025-02-06T18:48:23Z,0,0,en
Ugy3al4MBrXQqWAZ5y94AaABAg,@PushDownAndTurn,if you take requests could you make a video on the Bundt Cake?,2025-02-06T18:40:16Z,0,4,en
UgwYIl83rYS9-i0Uert4AaABAg,@andrei1637,"Medieval recepy
*Looks inside* 
Saffron

Yep, that's it",2025-02-06T18:31:09Z,0,0,en
UgzHKTn8eYQmJvKz_Id4AaABAg,@vickie3394,Taking a moment to consider how lucky i am to live in this time of plenty 🙏,2025-02-06T18:28:59Z,0,0,en
Ugzb5Svs3fe8W48Atjx4AaABAg,@Ohwhale79,**click click** ❤❤❤❤❤❤❤❤❤❤,2025-02-06T18:07:21Z,0,0,en
UgwaWPSksK3jXylm6-B4AaABAg,@SiculusTheEpithet,"Wait, is this that thing where whatever keeps us alive goes in a pot??? I LOVE that!",2025-02-06T18:06:12Z,0,0,en
UgwVNysAcpociTerUl14AaABAg,@hyeguyswiss9393,"Way to get in a ""hard tack"" clip Max :-)",2025-02-06T18:02:37Z,0,0,en
UgxcRFwkAYSzpLzmY-F4AaABAg,@anaouzounian1557,"I use wheat berries to make Armenian Christmas pudding (Anoushabour) every year. It's just wheat berries, sugar and dried fruits and it's delicious. Thanks for another interesting episode, Max.",2025-02-06T18:02:09Z,2,0,en
UgzOIhBBpNwaDgdU9IN4AaABAg,@스르륵-j1b,"Hello! I'm a subscriber from Korea. I haven't discovered this channel for long, but the content is so useful that I’ve been keeping up with it. I think more people like me would find it if there were Korean subtitles. Please consider adding this option!",2025-02-06T17:55:59Z,1,1,en
Ugyr9UbyUJ1B7MqpD094AaABAg,@lazarusrat6159,And in 2025 I'm not allowed by m'lord to keep a small flock on my ample property. :c,2025-02-06T17:51:09Z,24,0,en
UgyvQ7ZsemtGIgIQeV14AaABAg,@stephaniewilson3955,Sumptuary Laws were rarely followed.  You can tell this is so as there are ever-more laws being passed that get quite ridiculous but a law without enforcement is not worth the paper it is written on.,2025-02-06T17:42:54Z,0,1,en
UgxQvURkge38Wu1gcTV4AaABAg,@s_t_r_a_y_e_d,5:07 dont see much of a color change... WHOA THATS YELLOW,2025-02-06T17:37:25Z,0,0,en
UgxjXMMA_-SkNp3RFD54AaABAg,@robinsonjones9823,"Max, When are you going to make WWII homefront videos for Italy and Japan?",2025-02-06T17:32:18Z,0,0,en
UgyyRaJSBTczbBgeleV4AaABAg,@pauliosantos1985,So modern UK winter...,2025-02-06T17:17:58Z,0,0,en
UgwMgLgGKlgh09CyHgh4AaABAg,@ecitraro,"My family’s surname, Garnmeister (Master of the seine-net),  was an indicator that they were guildsmen who were permitted to use seine nets to fish in the rivers at the wish of the feudal landowners, and to sell fish, in medieval Germany. Sadly the name now only exists in my immediate relations in the US. It’s died out entirely in Europe as far as my genealogical research can show.",2025-02-06T17:08:59Z,1,0,en
Ugyx7hdUF53i4bvV_n94AaABAg,@Nichole-1989,"Max's love for Game of Thrones brings joy to my life. 😂
And the hard tack clip never fails to make me laugh. 😂",2025-02-06T16:10:35Z,0,0,en
UgyETgroyYjoncgvoCV4AaABAg,@dcstealth11111,can you please do a show for what the convicts that colonised Australia came from England what were they given,2025-02-06T16:09:24Z,0,0,en
UgwoXc-ih_brgAgvFWh4AaABAg,@haramea,"*tacs tacs*
ahhh
Thank you for bringing us this recipe! i will actually try it tomorrow, i'm curious about the taste! (i'll be looking at other recipes as well to make it more flavorful perhaps)",2025-02-06T15:42:06Z,0,0,en
UgzRuXLIEyhB2V9YdWF4AaABAg,@alicat7864,"Stockfish (dried Baccala) is eaten in many Mediteranean countries still (Italy, Croatia, etc.) - especially in Croatia, it is a popular Christmas dish as a stew with potatoes in a tomato based sauce. It probably got so popular over the past centuries as a special dish since the cod had to be imported from Northern countries in Scandinavia or also England. You do have to prepare the fish for a few days, and it's a bit.....stinky 😄 but it's delicious!",2025-02-06T15:29:22Z,0,0,en
UgzvMCV5eNbsJ1iQtYR4AaABAg,@JennNinjakittenCootware,"Heck, I could see this as a decent breakfast for now",2025-02-06T15:10:11Z,1,0,en
Ugx069vy43sw-DuHQAh4AaABAg,@patrickscottmathews1457,THE GOLDEN STATE,2025-02-06T15:06:21Z,0,0,Other
UgwMuW2mtKo7RCMFWD54AaABAg,@Belnick6666,"almonds are not animals, why call it milk? just say drink=
did not middle ages end around 1400? and first starting mentioning almond drinks around 1400?",2025-02-06T14:29:09Z,1,1,en
UgwRPgGn4HIM7B7lud54AaABAg,@Joutja123,The hard tack clip gets me every time 😂,2025-02-06T14:26:38Z,0,0,en
UgwAF1sC4SjQkHeRJY14AaABAg,@Joutja123,Just as i was planning some medieval food for when i start kingdom come 2 this weekend.,2025-02-06T14:12:33Z,1,0,en
UgzouSkV7EwQTUn2I4x4AaABAg,@hazardousmaterial5492,Nothing like mixing some sawdust into the flour to make it last over the long winter,2025-02-06T14:06:46Z,0,0,en
UgwqwEdMHu0gyArikyR4AaABAg,@davidwilhelm4091,Why are the peasants in all the old pictures holding their axes backwards? It looks like they're going to bludgeon the animals to death.,2025-02-06T14:02:57Z,0,0,en
Ugx_VOx-SXlzKKAf18R4AaABAg,@DT-wp4hk,So cool to see 🇺🇸 and their interest in things that existed before 🇺🇸 was a thing.,2025-02-06T13:45:56Z,0,0,en
Ugxii-AOaykB46qKKuJ4AaABAg,@aynulith9240,I was kinda hopping that this would be sponsored by Kingdom come deliverance 2,2025-02-06T13:45:39Z,0,0,en
UgwUKwpe4ofu5ZwbxkZ4AaABAg,@aynulith9240,"""I feel quite hungry"" some random peasant turned knight from bohemia  1403.",2025-02-06T13:42:29Z,0,0,en
UgwXskZIeJv6QoiWyW54AaABAg,@Darkstormz666,It seems like a rice pudding but wheat.  I think it needs spices for sure and sugar.,2025-02-06T13:40:31Z,1,0,en
UgzagbuOhaI4p485KH54AaABAg,@benroberts3677,"Tried making garum...gave up at the 1 week mark, use your Imagination",2025-02-06T13:39:01Z,1,0,en
UgygngnXFrbY81W_3WN4AaABAg,@KubasRevs,Every day I thank the universe for being born in this century lol. The past seems like a crazy version of Survivor,2025-02-06T13:14:46Z,0,0,en
Ugy441JKqBInrNtcOdl4AaABAg,@kurotsuki7427,"For a gluten free version could you use oats or rice? Cause I want to try it, but sadly would not live long in mideval times.",2025-02-06T13:14:34Z,0,0,en
UgxQTbK6bcrtDRuK48h4AaABAg,@bloodwolfgurl,"What's up with all those medieval paintings showing men peeing from pencil dongs? Or just letting them hang out? Not sure I get it. Anyway, Frumenty looks a lot like oatmeal, as you mentioned! Would it have been similar? Like, if you buy whole oats and boil them, they'll pop open like the wheat berries did and will look similar when you prepare it to eat. Very interesting! I know people add eggs and such directly to oatmeat too. I'm not sure I'm brave enough to try that lol. I'm too used to sweet oatmeal, berries, cinnamon, chocolate, etc.",2025-02-06T13:09:57Z,0,0,en
Ugw2us2_luIVnVSMjGN4AaABAg,@梨-i5l,Honestly thank God for lent- some vegans want to enjoy tasting history too!,2025-02-06T13:04:33Z,0,0,en
Ugwitc7Iu3xrQUPAGvJ4AaABAg,@QueeneAllie,Oh hard tack...how I've missed thee!,2025-02-06T12:47:11Z,0,0,en
UgzL75Vfl44rtJU23uB4AaABAg,@bethbramblett9946,"I'm sorry, but saffron doesn't taste like anything to me.  Maybe I'm not getting quality saffron?  The porridge does sound good if you add sugar in.  I would probably use tumeric,  too.",2025-02-06T12:29:22Z,0,0,en
UgxGNK6_lLUSqSVWAJ94AaABAg,@populuxe1,It's quite a lot like rice pudding,2025-02-06T12:25:52Z,0,0,en
Ugw2qtvC7u-U-YGy5Bx4AaABAg,@MarspotatoDamon,That painting around 15:55......wtf?  Lol.,2025-02-06T12:18:36Z,8,2,en
UgxhQJsRjh9RCahsYaN4AaABAg,@TheDuckChicken,"Hey Max, thank you so much for having Finnish subtitles on this video! I'm currently studying Finnish and it can be hard to find good content with well-translated Finnish subtitles or audio that can be trusted (auto-translate usually isn't offered or it offers reaally rough translations). It's always great when I can include one of your videos in my study routine!",2025-02-06T10:28:40Z,1,0,en
Ugw98uHfWv5Eo7JzGll4AaABAg,@dragonade85,"Goose was a traditional Christmas food. Nottingham still holds a Goose Fair at the beginning of October. It's a funfair now, but originally it was where people bought geese to fatten up for Christmas. It got its Royal Charter in1284 but was probably around before that. When I was a kid it was the first Thursday, Friday and Saturday in October but I believe it's now five days long.",2025-02-06T10:18:24Z,1,0,en
Ugx6kwHfvlexsLGZ7Vx4AaABAg,@afrikasmith1049,The fact that you couldn't afford meat most of the time or had no variety and you couldn't fish in most places if you were a commoner in the Medieval period makes me greatful that I was born in the 21st century.,2025-02-06T09:56:16Z,0,0,en
UgwiTVy6rvDj-c3mHEt4AaABAg,@danielintheantipodes6741,Thank you for the video!,2025-02-06T09:14:26Z,0,0,en
UgxkDwoUXkyCZhSM3Qh4AaABAg,@diezelfunk,"With the release of Kingdom Come Deliverance 2, what say maybe make some historical Bohemian food?",2025-02-06T09:05:14Z,0,0,en
UgwR8IK_Qapv5dzsliJ4AaABAg,@TheTroposa,What did they do with the whites of the eggs?,2025-02-06T08:50:57Z,0,0,en
Ugxb5-U_ASoL21dCv6x4AaABAg,@bethysbarn,What would they have done with the egg whites? I presume they wouldn’t be wasting it but I’m just curious what they would make 🥰❤️❤️,2025-02-06T08:38:16Z,3,0,en
UgxVLXem2cWJe19q_v54AaABAg,@USAShogun,"Max, you look as high as I feel",2025-02-06T08:34:44Z,0,0,en
UgxgKdce8leUeltlFAt4AaABAg,@matt-oo6fu,"I think I'd like to make this with some cubed and fried pork belly, or even just diced spam.",2025-02-06T08:34:24Z,0,0,en
Ugz1gX-GyJ9rabTfL7t4AaABAg,@antjecasarez5059,"I grew up behind the iron curtain and we spent most of the summer and fall with food preservation for the upcoming winter. There was a lot of canning and pickling, we gathered wild mushrooms and dried them in the attic. There were boxes filled with sand to store carrots in the basement, wooden racks for apples, a potato cellar and huge cans made from earthenware for sauerkraut. My grandmother cooked and canned a (very tart) purée from the berries of our mountain ash tree, which was used as a topping for compote. It contains much more vitamin C than citrus fruits, which we didn’t have much of.",2025-02-06T08:06:42Z,1198,30,en
Ugyt9jBKv4zwIEwqNPd4AaABAg,@TheTroposa,The painting at 15:57. We need to know what is going on here😅 There's a lot to unpack!,2025-02-06T08:00:13Z,2,0,en
Ugx3uDhq5Bf4GJhoXs54AaABAg,@peterjohncooper,"I think what you're making here survived in the UK as Furmity well into the 19th century.  Laced with alcohol it forms a pivitol part in Thomas Hardy's novel ""The Mayor of Casterbridge"" when Michael Henchard having overindulged in alcoholic Furmity decides to sell his wife at a fair.",2025-02-06T07:37:41Z,1,0,en
UgwoNs_RMuiWZl2anLt4AaABAg,@Equal_Dust4934,Thank you we needed this. Winter is coming.,2025-02-06T07:26:17Z,0,0,en
UgxKQSJ1eesQ4mmpUBB4AaABAg,@AnneLives81,I think it'd be interesting to see almond milk made with beer or wine.,2025-02-06T07:05:58Z,0,0,en
UgyI2C3Q-kHajVsrCA54AaABAg,@DerekCFPegritz,That Martinmas dude trying to slaughter a cyclops cow clearly did not know how an axe worked.,2025-02-06T05:53:11Z,0,0,en
UgzR1H7A3vHbEAVFdIJ4AaABAg,@dakotalove4989,I've never been so thankful to have modern cereal 😂,2025-02-06T05:48:41Z,0,0,en
Ugw0uh79jZcL9TX_R6R4AaABAg,@dnfd737,did almond milk exist in medieval times?,2025-02-06T05:37:57Z,0,0,Other
UgzSObfngVwhKacOYkV4AaABAg,@koatugeorge,The hard tack gag is always funny 😂,2025-02-06T05:35:32Z,0,0,en
UgxI2cSZiDqgS0a0QV14AaABAg,@wearecharlie-aus,"I wonder how many of Max’s neighbours secretly thought he was a serial killer with the smells wafting over? You should absolutely do the stockfish, although some of the comments suggest your weather might not be suitable. My weather is an endless 40c right now, so porridge of any form isn’t particularly desirable. I did wonder if you could sweeten it with dried fruit though, would that would be in keeping with the time period?",2025-02-06T05:21:06Z,1,0,en
UgwKualhE_UqhTQN4L54AaABAg,@jillianc949,"Max you should do an episode on kutia/kutya a Ukrainian porridge of wheat, honey, and poppy seeds that is served either at Christmas or at funerals and supposedly dates back to Neolithic times.",2025-02-06T05:12:52Z,1,0,en
Ugxi0jsobZhD4SxcooF4AaABAg,@upgradedeggaroll,"Not really related, but the stockfish rep reminded me of an interesting video on the stockfish market today and history leading to it : https://youtu.be/1CHt6Yo6sVE?si=IYAIVakp6uz0rzaz",2025-02-06T05:12:41Z,0,0,en
UgzC04x9h3hMJeIWhux4AaABAg,@lightspeed4596,3 and a half pennies to stable my horse? What's the world coming to!,2025-02-06T04:52:59Z,1,0,en
UgwWVPMVL77oW6YdwoN4AaABAg,@John-ir4id,"A favorite from my childhood was cornmeal mush. Yes, it's exactly what it sounds like. Think the texture of cream of wheat but using cornmeal instead of wheatmeal. Always wonderful with a pat of butter, milk, and either sugar, honey, or fresh fruit. It was certainly a 'struggle meal' as a kid, but I'll still eat it to this day, regardless of how much money is in my bank account or food is in my refrigerator.",2025-02-06T04:52:08Z,5,6,en
UgxH1SErF5H0eoIqrBF4AaABAg,@2011Kestrel,"I’m going to give this a try using barely instead of wheat.  I like to make barley water from time to time - refreshing beverage but it leaves me with several cups of barley which I have little use for.  I liked the flavour of barely, it tastes like a nutty oatmeal to me.

Should be interesting.",2025-02-06T04:49:09Z,0,0,en
UgxZo-5m6NjDoLQRx6p4AaABAg,@pheadrus7621,Some of the best frumenty I've had (reinactor) included mushrooms. Yum!,2025-02-06T04:33:11Z,0,0,en
Ugyi09HBtaTGZ0zxzdN4AaABAg,@davestier6247,"In our home, each Martinmas we all give praise to Martin Lawrence by feasting and playing his seminal show Martin",2025-02-06T04:28:02Z,1,0,en
UgzKuXzEv7bis2o8FbB4AaABAg,@arak2551,"There is a whole slew of wheat based recipes using various forms of wheat (whole, bulgur, semolina, farina, etc.), plus either dairy or wheat, in Levantine cuisine (and specifically Armenian cuisine), so it’s quite interesting to find this recipe in medieval European cuisine. I was wondering if this was ever made with other grains like oat, spelt, or barley, or dairy products like yogurt—though it seems yogurt wasn’t particularly popular before Fage.",2025-02-06T04:09:37Z,0,0,en
Ugw9Nj2ABLRtQpkkA_l4AaABAg,@janeaustengrl,"Most peasants were illiterate, so WHO were the cookbooks for? The rich.",2025-02-06T04:08:21Z,1,1,en
UgxOdS5vFOAUw3BoTjV4AaABAg,@drewyourhostwiththeghost,"Uh, My apologies for having to point this out Max but, the picture at 11:03 .... did you realize that the people at the back of the house were exposing their privates at the fire?
I'm guessing no.",2025-02-06T04:07:26Z,0,0,en
UgxKY1GzvwbxFtNh8z54AaABAg,@littleblackcar,"“Furmity”, with fruit. features in the opening scene of Thomas Hardy’s _The Mayor of Casterbridge_.  It takes place around the 1820s but Hardy is known for featuring folk culture in his writing.",2025-02-06T04:05:49Z,0,0,en
Ugyny995YfIekCHHIvJ4AaABAg,@ortem000,Hold up... The is  a lot going on in this illustration 11:02,2025-02-06T04:04:49Z,28,4,en
UgyzKPBqsYAnX7a58kB4AaABAg,@taxirob2248,Growing up with a big brother made walnuts and chestnuts really painful.,2025-02-06T04:01:36Z,0,0,en
UgxQkURDxSM-cKvRcuJ4AaABAg,@PotsandPansWhatsPotsandPans,"As a Maineac, I approve of your pronunciation of ""Wicked Wintah""",2025-02-06T03:59:58Z,1,0,en
Ugw2BSIAHHi1oCN0w7R4AaABAg,@jsilve1,Just got KCD2 so this video is super timely,2025-02-06T03:57:34Z,0,0,en
UgwZMuCoImg2rlDWhiF4AaABAg,@fugithegreat,I could see myself really enjoying this dish. Gonna have to try it sometime.,2025-02-06T03:48:27Z,0,0,en
Ugz9ldc_Db4rjCopBal4AaABAg,@feralbluee,9:47   So haggis was made for winter because it was a to store the blood of the animals - like the blood sausages.  Never realized or thought of that! Huh! 🐑🐐🐖❄️☃️💨,2025-02-06T03:47:09Z,1,0,en
UgwfioREy7shL-cFNHF4AaABAg,@blackbeard2024,Love me some pork.,2025-02-06T03:27:31Z,0,0,Other
UgzBaqs7dVJxludpJ-94AaABAg,@aprilcooke8340,My mother would boil the wheat berries until soft. Drain then she would put honey and chocolate shavings. So good and simple.,2025-02-06T03:25:48Z,0,0,en
UgynmNtZJjW_sBoT2HZ4AaABAg,@Ron-dx9wq,"Great episode, as always. Love the hardtack joke.

I'm pretty sure the expression ""stick to your ribs"" means it makes you gain weight. Starving people have prominent, visible ribs.",2025-02-06T03:23:43Z,0,0,en
UgxdDUjJem1cC4IdjeN4AaABAg,@davidcox3076,"As much as I enjoy these, I suspect Max might be full of it.  Our ancestors weren't as primitive as we think.  They were probably just ordering Uber Eats.",2025-02-06T03:15:24Z,0,0,en
UgwZg_OQr-tejdtAWhZ4AaABAg,@MichaelYoder-e8g,Glad you can use barley for this as well - wheat berries are hard to find and not cheap. And until the crocuses bloom there won't be any saffron in my house lol. Thanks Max!,2025-02-06T03:09:59Z,1,0,en
UgyX_Qx7zmPa3RWL8714AaABAg,@ambushytiger,Hardtack mentioned! *Clack Clack*,2025-02-06T03:08:11Z,0,0,en
Ugw7S9OoEPIukStLIeZ4AaABAg,@mm-yt8sf,sugar?! do i look like a lord? i’ll just make do with saffron…,2025-02-06T03:02:40Z,0,0,hr
UgxHdp-i6jOReH6NJnF4AaABAg,@Rosabeth5140,"Thank you, Mr. Miller for posting accurate captions. You are so consistent about it. I'm sure I'm not the only one who appreciates them.",2025-02-06T03:02:31Z,295,3,en
Ugw0017RYahC0KV61VV4AaABAg,@maudieg8459,"Your videos are always such a treat. I have wheat berries, so I must try this recipe. Thanks, Max❤",2025-02-06T02:58:48Z,0,0,en
Ugw1ti1PX6cz2RmrXSd4AaABAg,@ApolloSerenus,"This is pretty tasty. I had to use a Mediterranean grain berry called Ferro since I couldn't get wheat berries at the grocery store. I also added about 2 TBSP of sugar to the milk and eggs and brought it up to temp with a cinnamon stick and star anise in it. Definitely want to try it with wheat berries.

Edit: Upon closer inspection of the4 package, Farro is a type of wheat. The only mention of ""WHEAT"" is in the Allergen Information under the Ingredient list of one item.",2025-02-06T02:58:16Z,0,0,en
UgxJ6j6UuTKuLlYSjk94AaABAg,@mm-yt8sf,couldn’t the use less or no salt if the meat would freeze solid?,2025-02-06T02:53:56Z,0,0,en
Ugw654aL_oCdqLQwV294AaABAg,@flyingsloth-ur9tx,The peasants would not have had access to anything but the basic ingredients. Recipe must have been written for the burghers or yeoman?,2025-02-06T02:43:26Z,0,0,en
UgyBuWxtnhAQuJuuYOd4AaABAg,@BELCAN57,"Townsends has an episode on stockfish, maybe a dual episode is in order ?",2025-02-06T02:34:37Z,0,0,en
Ugw_jEFky4Iyb0WyIjp4AaABAg,@bensoncheung2801,👍,2025-02-06T02:25:52Z,0,0,Other
UgxLiT7xcYbSZRFAy1N4AaABAg,@jasonesler2716,Love your channel,2025-02-06T02:25:27Z,0,0,Other
UgwxEgDWrt2FHNbEFLB4AaABAg,@dailyoutside,This is so cool! I’ve seen some leftover grains at ancient sites and think what did they make.,2025-02-06T02:12:00Z,0,0,en
Ugy1W1cGhbsyNpLJtbB4AaABAg,@retrostylefunhouse,"LOL! AT 15:41, that boy in the illustration is peeing on the ground. I need this to hang in my house!!",2025-02-06T02:03:11Z,0,0,en
UgwX7EEdt_ZZ0OayRaR4AaABAg,@dolphincrescent54,I'd love to see an episode about the food during Mardi Gras!,2025-02-06T01:58:25Z,0,1,en
Ugw56Pxzokm6ATKvKvZ4AaABAg,@ILOVEMYKIDSSINCE92,I Love the hard tack reenactment,2025-02-06T01:58:05Z,0,0,en
UgzMEdsLg3mNj6ECp2l4AaABAg,@dolphincrescent54,I love those medieval illustrations.,2025-02-06T01:56:55Z,0,0,en
UgxvXxA6HWDH-LgiFK54AaABAg,@CattyHomesteader79,I just got power restored 53 hours after losing it due to the winter storms causing a tree to break and land on the power lines over my driveway. Thankfully I have a woodstove and plenty of firewood. So this sounds very familiar!,2025-02-06T01:56:27Z,2,0,en
UgzRjHQR_NZDQXRvFzx4AaABAg,@ann-mariemeyers9978,We really love the comforting aspects of porridge. My daughter will make a good pot of it when one of us has had dental work done.  We like to make farro porridge. It is high in protein.,2025-02-06T01:55:44Z,0,0,en
Ugx1UkxNnQK65Wzjf4t4AaABAg,@DonnaBarrHerself,Austria has a whole specialty menu of boiled beef.,2025-02-06T01:51:44Z,0,0,en
Ugy7dzoyxITuX4VjDYF4AaABAg,@Moronic_YouTuber,Is it just me or does Max looked baked af,2025-02-06T01:50:20Z,0,0,en
UgwdfrJXcL4HkoIcLUV4AaABAg,@shannonolivas9524,"Eggs? In this economy? Max, please, something less exotic!",2025-02-06T01:48:00Z,0,0,en
UgwHRrcWIl7qwXnC3GV4AaABAg,@bgpoppapump3313,Stock fish 2029,2025-02-06T01:44:21Z,0,0,Other
UgxTbLxVRqO82asNyoV4AaABAg,@bill_4615,Can you toast the wheat berries?  If you can- I bet they would taste better if they were toasted first.,2025-02-06T01:41:52Z,0,0,en
Ugx5m5wZPIweuYX5GoF4AaABAg,@alexross_organ,Is there a link between the words frumenty and to ferment?,2025-02-06T01:41:17Z,0,0,en
UgxXMzsa6um8cAQ0QZV4AaABAg,@astaboy,"I made a pot of Russian Kasha last year, which is pretty much the same dish. In the early 20th century, workers in large buildings  (schools or factories) would put the raw ingredients into a metal lunch pail, head down to the basement before work, and put the pails on top of the boilers. By noon they would be ready to eat.",2025-02-06T01:38:02Z,63,0,en
UgzGxcguxBBddoPC7J14AaABAg,@Beryllahawk,"Max: I want to try making stockfish.
JOHN TOWNSEND WANTS TO KNOW YOUR LOCATION
(giggling wildly to myself)

Also! This dish is actually in my favorite MMO, too. It's one of the first things you can craft as a Culinarian in Final Fantasy 14, and the recipe made it into their official cookbook. (which is almost as pretty as yours by the way!) Their version is a good bit more fancy though, with cinnamon, nutmeg, and i think dried fruit.
In addition - I was reminded about medlars (which I think had a rather naughty name also but my mind won't recall it, ha!) - but, they were a fruit that would have also been available in late fall or during winter even, and were a kind of food that HAD to remain on the tree in order to actually become edible. I think Sir Jason (of ""Modern History TV"") mentioned the medlars just wouldn't be any good until they were nearly bad. And I can just imagine late apples, any sort of root vegetable that could be kept cool and dry (another great use for the rafters, smoke won't hurt a carrot one little bit), even dried mushrooms would have been quite a blessing. And with all that egg in there you're getting a lot of protein, and some fat, both of which would most certainly ""stick to your ribs"" calorically speaking. And even in winter there's so much work to be done, you'd NEED a lot of energy. I'm betting this was a meal eaten more than once a day in the coldest weeks of the year, as folk went out, dealt with livestock, came back in and ate a bowl, then went back out, warmed up, to continue their work.",2025-02-06T01:37:43Z,0,0,en
Ugz3XOPgaQWWOUJuzhF4AaABAg,@SteveFergBitbucket,That's a great looking kitchen apron.  What is it and where can I get one like it?,2025-02-06T01:37:38Z,0,0,en
UgwvAd_6MJCndRpRKdt4AaABAg,@shannonolivas9524,Its just not a proper frumenti without the porpoise!,2025-02-06T01:27:54Z,0,0,en
UgxAkzG1xT-98RJy2Nt4AaABAg,@saltpigpots,"Ive been dying to figure out what frumentry, and try it, ever since playing the game Pentiment! I can't wait to totally nerd out, make this, and serve it with a side of fresh bread, almonds, and cheese haha.",2025-02-06T01:05:56Z,0,0,en
Ugx1wZ7mWVkpP50RO014AaABAg,@LauriE-jl4tc,How would they have prepared the radishes? Boiled?,2025-02-06T01:05:35Z,0,0,en
UgwSle8PdBRIMzdtz494AaABAg,@patdavey2690,Love your informative and educational videos.,2025-02-06T01:01:21Z,0,0,en
UgxR-8OROud5AVZpLsh4AaABAg,@cherisseepp5332,I enjoy steel cut oats in the winter.  I’ll often add egg whites to bulk it up and add protein. It kind of reminded em of that.,2025-02-06T00:44:30Z,0,0,en
Ugy8kxHv_8zXDDjkVqp4AaABAg,@fuzonzord9301,200g wheat + egg yolks + sugar - sounds like heart attack.,2025-02-06T00:34:11Z,0,0,en
UgxB2NzD89Q7B1wxKOd4AaABAg,@benthomason3307,"""you have huge tits."" -Jesus",2025-02-06T00:33:28Z,0,0,en
UgweTrkNExMDFMWePih4AaABAg,@tavelkyosoba,The painting of the people warming their giblets by the fire had me rolling 😂,2025-02-06T00:32:12Z,0,0,en
Ugz9QdqdnblGb1lXL6V4AaABAg,@evelinharmannfan7191,boiled wheat also goes well with cheese and fried onions. Another nice variation is with kale and smoked tofu  or smoked ham.,2025-02-06T00:19:36Z,1,0,en
Ugx4ptBrsqIcIAb4NDF4AaABAg,@SergeantPyrocrab,"Snorunt is my favorite Pokemon, seeing him back there made my day!",2025-02-06T00:18:52Z,1,0,en
UgycnsIUSGwzOMruVbV4AaABAg,@JohnRobinson1983,"Love the image shown at 11:01 and 15:55. That's ""February"" by Limborg from Les Très Riches Heures du Duc de Berry. It shows some peasants warming themselves by a fire, with the Web Gallery of Art saying ""All three unashamedly lift their garments, the couple in the back so far as to reveal their genitals"".

Thanks for the look at some Medieval nethers, Max!",2025-02-06T00:13:20Z,0,0,en
UgxM5yQ1uv39BaSwR194AaABAg,@CanonRulesSaysGod,"There's no place in the world for monarchs anymore. Imagine being told to look at the person, who won't even let you fish to feed your family, with reverence.",2025-02-06T00:03:53Z,18,4,en
UgywCLYEa6cHJtTrMXt4AaABAg,@shaunnmunn5823,"I'm thinking you used a soft wheat?  Some wheat is so hard it just doesn't soften.  The inside is super tough, while the outside gets gummy.  Soft wheat, which is good for bread and biscuits,  is worlds different from hard, Durham semolina.   And yes, I'd love to see a video about making stockfish!  🐟",2025-02-05T23:56:27Z,0,0,en
UgxaMVKz3mXB9Zjz5Xd4AaABAg,@evelinharmannfan7191,Saffron was a spice used in winter because it helps fight of seasonal depression. It was of course very expensive and only wealthy households could afford it. Poor people had to make do with things like St. John´s wort tea.,2025-02-05T23:56:05Z,0,0,en
UgxSZLUZc1nS13YGuOl4AaABAg,@davidhines7592,"hate to say it, when i was very young i was fed a type of porridge for breakfast, and fried breakfast at weekends. so its not that long ago many brits still had porridge (or ready brek) in the morning before school.",2025-02-05T23:53:45Z,1,1,en
UgzQc5UTILGYNqsORjd4AaABAg,@ushere5791,"STOOOOOOOOCKFIIIIIIIIIIIIIISH...DOOOOOOOOOO EIIIIIIIIIIIIIIIT!
inquiring minds want to know!",2025-02-05T23:45:01Z,0,0,en
Ugzst4ZI1UMsAQSANjN4AaABAg,,"Ah yes, 14th Century Climate Change. If it wasn't for letting the yellow hat tribe control all of the cattle in the kingdom we'd all be under water by now.",2025-02-05T23:35:56Z,0,0,en
UgwCD3agbDu3DuWzXCx4AaABAg,@jamesdolph437,medieval french toast ... yum,2025-02-05T23:28:49Z,1,0,en
UgzgCAWdTb237hQGwSB4AaABAg,@ulvemann43,"Stockfish is quite pleasant, though i don't tend to eat it much.
Though my stepdad actually makes it sometimes, and despite being fish it does not smell much.",2025-02-05T23:28:19Z,1,0,en
UgxnKA6UdsUcpq1atl94AaABAg,@presbyterosBassI,Is stockfish like baccala?,2025-02-05T23:28:00Z,0,0,en
UgwwTV8JvqeOHvhYuA14AaABAg,@andrewswink5825,"So Max, The roof, the roof the roof was on fire? Just saying.....",2025-02-05T23:14:36Z,0,0,en
Ugyg7_fofHR9cAWJO354AaABAg,@IbnShisha1,"You're heading to Hungary this time? If you do Sutni Szalona, don't forget Toledo, Ohio!",2025-02-05T23:14:19Z,0,0,en
UgyXQlaE2xyh9uh5YLZ4AaABAg,@seaborgium919,"What sucks is that eggs are getting crazy expensive so this ""peasant food"" is still too expensive 🫠🫠",2025-02-05T23:09:58Z,0,0,en
UgxI0pGLMk68JipblnN4AaABAg,@Poppaea-Sabina,**For entertainment purposes only.,2025-02-05T23:09:07Z,0,0,en
UgySFr2iFGq_oPUPCGl4AaABAg,@josephbenson6301,"From where does one procure wheat berries?

Or do you harvest those in the spring from trees, like spaghetti?",2025-02-05T22:58:57Z,0,1,en
UgzIY2K8Buzb3G5-hJx4AaABAg,@Pyrrhonian,Makes me want a kingdom come deliverance 2 special video,2025-02-05T22:57:36Z,0,0,en
UgzkU82mpgwMXATcmbh4AaABAg,@janschipper5750,I appreciate your work.,2025-02-05T22:50:00Z,0,0,en
UgzoOkC3SaGdQtwMJAJ4AaABAg,@barnmaddo,"Boiled meat is absolutely the way to go when your meat has parasites in it, and a lot of that meat probably had parasites in it.",2025-02-05T22:49:41Z,0,0,en
Ugwn3LSv5S9Hmb6Nrtt4AaABAg,@kalaysia77,Rice pudding but with wheat 😊,2025-02-05T22:49:05Z,0,0,en
UgzLttdQ6oy5NcP9OkV4AaABAg,@tiramisu7282,"Hi Max! Medievalist here- I was very excited to see the medieval image from Duc de Berry’s Tres Riches Heures at 16:00 in this video, but I wanted to make sure you knew that it contained the explicit image of people warming their genitals by the fire. If that’s intentional that’s fine! It’s a part of history. I just wanted to make sure you knew it was there, because it isn’t obvious if you aren’t looking for it.",2025-02-05T22:43:06Z,114,13,en
Ugy37ZynjRMXMSg3r9h4AaABAg,@ShogunTalisman,not only the culinary aspect but the history keeps me enthralled.,2025-02-05T22:41:14Z,2,0,en
Ugwgb2dUE8s97QVu3Vl4AaABAg,@the_normal_guy3895,Max will you play kingdom come: deliverance 2?,2025-02-05T22:40:23Z,0,0,en
UgwEZY-Wm2qUEao5B3R4AaABAg,@jacksparrowismydaddy,I just realized breakfast cereal is uncooked Frumenty.,2025-02-05T22:34:43Z,0,0,en
UgwBC81KDf1GwRjnvhB4AaABAg,@gab.lab.martins,I'm pretty sure Heston Blumenthal has made a version of this dish at one of his restaurants. I remember the name.,2025-02-05T22:26:41Z,0,0,en
UgwBgyxXtRbCOaCzLXN4AaABAg,@joanaftf6081,"Damn, the medieval folks in that one painting sure were keeping warm the important bits",2025-02-05T22:12:08Z,0,0,en
Ugw4MXe913EFTtqAQYp4AaABAg,@Kriss_L,"Three egg yolks?  With current prices, that would be for royalty.",2025-02-05T22:01:02Z,0,0,en
UgxAjVm3yUET1qzfjvB4AaABAg,@klashnacovak47,Is it me or the two in the back got their privates out? @15:55,2025-02-05T21:57:33Z,0,0,en
UgyxfTMf2JWhJuEqHtR4AaABAg,@pdruiz2005,"This seasonality in food also happens in poor nations. My parents grew up in rural Central America and, let me tell you, it was not a fun time with food out in the Central American boonies during the 1960s and 1970s. They only had an abundance of food once they moved to the big city. All this seasonality common to medieval European peasants happened with their food too. But the big difference was that this happened in a tropical climate. So the seasonality was dry-season food and wet-season food. Mangoes, for one, grew in abundance during the wet season. But they were hard to come by during the dry season. Oddly enough pickling is never something that happens in tropical regions and with cuisines that evolved in tropical climes. I, for one, never saw anything pickled until I came to North America. But pickling is quite common in parts of the world with long winters.",2025-02-05T21:54:47Z,0,0,en
UgxmYhMGiZxaszWzS2x4AaABAg,@seanmclin4339,"Max---
I just want to let you know what joy you have given to our lives.  My partner is suffering from dementia and is often understandably depressed.  Whenever this happens I say, ""Would you like to watch Max?""  Immediately her mood improves.  Max!  The great-hearted chef!  Thank you for the joy you give to her.  Of course, I love you, and will continue to watch you, too.",2025-02-05T21:48:13Z,2707,51,en
UgxZ2QiCd_856jSAMMN4AaABAg,@pdruiz2005,"God, I am so glad I live in this day and age, relatively expensive eggs and all. LOL.",2025-02-05T21:46:27Z,0,0,en
UgworRsJSwvVtpjBPMZ4AaABAg,@lupisolitarii2025,Ah..hard tack returns 😂,2025-02-05T21:34:20Z,0,0,en
UgxqCkJOK-4AvjUQwdF4AaABAg,@rackstraw,Winter is Coming.,2025-02-05T21:30:00Z,0,0,en
Ugx59F0XmvfFLnkg5aZ4AaABAg,@TrailRat2000,"I wonder if this would work with oat groats. I don't see why not.

Time for an experiment of my own.",2025-02-05T21:22:04Z,0,0,en
UgxoPORf97pQW_q-vEF4AaABAg,@deeexxx8138,Not to mention lack of vitamin C in this winter diet.Maybe the radishes and apples helped?,2025-02-05T21:20:39Z,0,0,en
UgyOkKMwHHvDsYrv2oJ4AaABAg,@alertArchitect,"This dish seems like it'd be, with a bit of extra spices, a delicious comfort food for a lot of people, which got me thinking - I'd love to see you make an episode about the history of a dish that's become one of my personal favorite comfort foods over the past couple of years, Japanese curry! I know I personally don't make the most ""authentic"" version - I just buy a block of curry base from Wal-Mart, follow the box's instructions, and serve it over rice - but I'd love to see you cover the history of how it developed over time into what it is today, both in Japan and in the US!",2025-02-05T21:09:54Z,0,0,en
UgzvgTCqvTUo3jO9TBZ4AaABAg,@adelinzegstroo9310,Just bought a house built in 1720. It gives a whole new context when learning history,2025-02-05T21:00:12Z,3,0,en
Ugzowaz2GLE8a7LamQ94AaABAg,@oddsavage,"Just out of curiosity, how'd they cook up that porpoise?",2025-02-05T20:53:12Z,1,2,en
UgzIXmX1kkCRrZjIMVV4AaABAg,@duploman1000,You can get your hands on stock fish pretty easy in an African food store,2025-02-05T20:50:54Z,0,0,en
UgzKYN8oWBV4aI8JGd94AaABAg,@peaaanuuutz,Jesus Christ be praised!,2025-02-05T20:44:49Z,0,0,en
UgyVWhEIrKBRu-LPUwp4AaABAg,@craigsurette3438,"Fun fact. the word Frumenty used here , is descended from the same Latin root word for grain porridge that Polenta comes from ,Frumenta",2025-02-05T20:40:24Z,0,0,en
Ugwdsg2ujzh5jM96biF4AaABAg,@midoriya-shonen,"Biggest mindfreak of the episode is that ""mean"" and ""poor"" meant the same thing. The implications are.....?",2025-02-05T20:38:18Z,0,0,en
UgwEFbvzzDrVMp7YXn94AaABAg,@2degucitas,"Dried, salted fish was a common thing when I lived in rural Africa. It was slpayed and gutted, rubbed in salt and left to dry. It would soften when soaked and then cooked. It gave the sauce a good flavor.",2025-02-05T20:31:15Z,16,0,en
UgyVPZHTkOkzF2CxxQB4AaABAg,@miky0239,The hardtack bir never gets old😂 *clack clack*,2025-02-05T20:25:04Z,0,0,en
UgwZr3rq6P9mnsxI9T54AaABAg,@timroll3612,One thing id like to know is how often are you making these old recipes for yourself instead of for a video,2025-02-05T20:16:55Z,0,0,en
UgxjqazxTXGrwlXISrF4AaABAg,@TheAshesvondust,*Clack clack*,2025-02-05T20:12:19Z,0,0,en
UgzAzW65jtHIX5wdYq94AaABAg,@ashe1317,"every time Max mentions that almond/nut milks were common in the medieval period, i just think of all the pushback against dairy milk alternatives like ten years or so ago because it was considered this weird, outlandish, newfangled thing... but like, peasants were doing this in the Middle Ages, so... 🤣🤣🤣",2025-02-05T20:11:06Z,0,0,en
UgzJ4FfhbXdjSCqPRkx4AaABAg,@legendsofthescriptorium,LOG BURNERS,2025-02-05T20:03:24Z,0,0,Other
UgxZlObwdYBBNPP0ncp4AaABAg,@justintr4888,"Max's neighbours seeing him prepare stockfish: ""Marge, call the HOA, he's at it again!""",2025-02-05T19:59:54Z,2,0,en
UgwGzS728t8XVQ1gIHJ4AaABAg,@TheBestestKitty,"The segment on the historical warm and cold periods drew a hearty chuckle from me, given the doom-mongering and general insanity around mildly inclement weather we get every year.",2025-02-05T19:59:28Z,0,0,en
UgyEYkOZcmbqJ-XGqIx4AaABAg,@LorenzoMaldonado-e2j,I'm now gonna make this at home. Thanks Max.,2025-02-05T19:58:11Z,1,0,en
UgxEWFyoSSpN8-dytN54AaABAg,@Shaboogamoo,16:00 The two at the left of the painting Warming the gentiles up by the fire💀😭,2025-02-05T19:57:04Z,1,0,en
UgzwDSYHCT1rH4vxPXN4AaABAg,@garyrowden7150,"oh Max, it was so hot and horrible yesterday that i forgot ! sorry im a day late this week",2025-02-05T19:55:37Z,0,0,en
Ugy_WrzDfVoghjFMBiR4AaABAg,@joshr9417,There is NO snow in Central Europe right now.,2025-02-05T19:37:50Z,0,0,en
UgxG05tygekkGw_BUyd4AaABAg,@MissProblematique69,"I wish you would quit forcing the hardtack joke and the obnoxious clip into videos. I don't watch for that dumb clip, I watch for the cooking and the historical segment.",2025-02-05T19:36:55Z,0,0,en
UgxkP26RtSleotnZOYx4AaABAg,@charlottar0403,"If you ever feel super corageous  you could try sour herring, the Swedish fermented herrings......",2025-02-05T19:26:52Z,0,0,en
Ugy473PD6IoDm5Mc_eZ4AaABAg,@Joeschmo776,"I have a request, could you perhaps make kompot, the Eastern European/ Russian fruit drink",2025-02-05T19:25:40Z,0,0,en
UgzUAILAWRq2ytCd89Z4AaABAg,@marybratton1766,"Max as southern who truly loves grits, I approve this dish. 😊
I think I would go more the savory option add some white pepper or some of the  long pepper that you always talk about.  
Anyway great episode.  Hope that you and Jose' have a wonderful trip!❤",2025-02-05T19:24:55Z,0,1,en
UgxXaAmjDJVpdSQOazB4AaABAg,@rachelmoody1520,"i work at a hibachi place, and we have an egg yolk sauce that goes in the fried rice. It's made differently, with oil instead of milk and also cooked on the grill briefly (it's thick enough to hold shape), but this kind of reminds me of that. Seems like a similar idea, anyway",2025-02-05T19:23:27Z,0,0,en
UgyNYei_yd0ySdKYcZh4AaABAg,@DimeOfDimes,"In cases like this, there was huge geographical variations. Obviously an area that doesn't experience cold winters regularly won't take the same precautions as one that can reliably count on temperatures staying below freezing for months on end.
Here in Finland most houses, even those in cities, had a cellar that was dug below the frost line to keep fruits and vegetables from freezing in the winter and from spoiling in the summer. Regular houses and even apartment buildings built in the 70s still often have root cellars.",2025-02-05T19:22:48Z,15,0,en
Ugz4x7iUCAijrJ2nCWh4AaABAg,@Ren_Brands,"Great Video, this looks delicious.",2025-02-05T19:21:49Z,0,0,en
UgxpA-LzlIWf5-o8J3F4AaABAg,@BrietheCatt,Damn I really need recipe ideas for my leftover porpoise meat,2025-02-05T19:19:34Z,0,0,en
UgwIcqnnuIABFUvR8-p4AaABAg,@DJ_NSG,15:21 is that my guy Oddish?,2025-02-05T19:10:01Z,0,0,en
Ugxn4PmDa9jN-wkzRId4AaABAg,@Frizzy_95,"Hey Max, love the video as always! Just wanted to thank you on behalf of your fellow Americans that turn to content creators like you to offer some respite (and education!) in these difficult and disturbing times. Keep it up and take care!",2025-02-05T19:04:04Z,0,0,en
Ugxo6Z3ITLT_gaBkOXJ4AaABAg,@zuzuspetals38,Never gets old👏🏼,2025-02-05T18:58:55Z,1,0,Other
Ugxg_4jJ-CIPyiEkjLx4AaABAg,@distort3318,Everytime i see that hard tack clip joy is brought back into my life,2025-02-05T18:49:29Z,1,0,en
Ugw4W7rftyA8ZGMHLIJ4AaABAg,@lifelover69,"Frumenty, finally a recipe I have no excuse not to make :D",2025-02-05T18:47:30Z,0,0,en
UgxMDPEgmCrjE0duSel4AaABAg,@quix_9u19su,Stockfish sounds a lot like a simpler katsuobushi. I would be interested in whether grating it on top of a dish instead of going through all the trouble of beating and boiling it would be a viable way to use it.,2025-02-05T18:41:06Z,0,0,en
UgwENjDEq0XXaGADit14AaABAg,@johnbaker6125,I actually like bulgar wheat in a Mediterranean grape leaf recipes so I would probably like this myself.,2025-02-05T18:40:58Z,0,0,en
UgykNOk0HqjOBKQdAqB4AaABAg,@GrumpyGil,"""It should be yellowish and quite thick.""

Sounds like a somewhat racist Tinder profile.",2025-02-05T18:37:53Z,0,0,en
Ugxfbee5IGS5jsnuADR4AaABAg,@thelmaduff250,LOL at the Very Rich Hours at 11:00,2025-02-05T18:33:43Z,0,0,en
UgyTOwYsR5x96_4goiN4AaABAg,@maryroberts9315,We are all going to end as peasants by next winter.,2025-02-05T18:28:37Z,0,0,en
UgysrUtPudlWBoJgrq54AaABAg,@larkshadow5317,I'm so happy when the Hard Tack meme makes an appearance.,2025-02-05T18:27:07Z,0,0,en
UgzYYZdjJ3AaxBD4ArF4AaABAg,@adreabrooks11,"It's funny:  this dish (more-or-less) is a staple of my modern day diet!
I love making pottage with eggs and Cream of Wheat cereal.  I picked up the habit in my twenties, when money was tight (a couple eggs and a serving of Cream of Wheat is very affordable), but it's still an amazingly satisfying comfort food.  It can be given infinite variety by changing up the spices - chilli powder, black powder and onion one day; Italian seasonings another; honey, cinnamon and butter another.
In ye olde days, the on-hand ingredients for pottage would vary every couple of weeks - depending on what herbs were in season and so forth.  I'm not at all surprised that many peasants lived quite happily on this basic - but extremely variable - dish.",2025-02-05T18:26:20Z,1,0,en
UgyiS-fD56hSj6QYEHx4AaABAg,@rustynichols22,"I’ll say, you’ve quickly became my favorite YouTuber. I’ve been binge watching a lot of your videos, and get excited when a new one like this comes out! Especially ones dealing with the medieval period. I’d absolutely love to start trying some of these recipes, and I thank you for researching these and translating the older languages to modern ingredients! Keep up the awesome work Max!",2025-02-05T18:12:38Z,0,0,en
UgwJjRD-KJS2UXymnWt4AaABAg,@MrTweell,"A daughter wanted to make porridge to fulfill a high school history assignment, to the tune of 'Peas porridge hot, peas porridge cold, peas porridge in the pot, nine days old.' We took a pound of dried peas, soaked them overnight and cooked them. We also cooked 12 servings of oatmeal, as well as a finely chopped up union sauteed in butter until soft. Put these together along with salt to taste and simmered for an hour to combine the flavors. 
She went to school with the biggest Tupperware container we had, a sleeve of small paper cups and plastic spoons. She came back with a very empty container and an A.",2025-02-05T18:07:20Z,1,0,en
UgxFwy1a9ztYOS4cAiR4AaABAg,@tambariw,We cook with stock fish in Nigerian cuisine. I wish there were written recipes of my people's food for you to try.,2025-02-05T17:52:28Z,0,0,en
UgyfFobjZ6bA06wQlaR4AaABAg,@7wintersowl,"Going to be honest with timing of this video, I am little disappointed this was not sponsored by Kingdom Come Deliverance 2 since it released today.",2025-02-05T17:50:08Z,0,0,en
UgwdQ5ZTNWbQ1u2BG9V4AaABAg,@jeffreyharris3440,"Max, I sea that you did not add any marine mammals to this porridge.  Did you do that on porpoise?  Anyway, I hope your dish turns out whale, and gets the Max Miller seal of approval.",2025-02-05T17:43:43Z,0,0,en
Ugxs0g8xDTv2o2XfzPV4AaABAg,@LungsOutJem,"""Quite thick"" as in the American very thick, or as in the British barely thick?",2025-02-05T17:31:44Z,0,0,en
Ugx3nT3PczDDaqzdc_Z4AaABAg,@ImusNoxa,I love that you're still getting use out of the ol' clack clack.,2025-02-05T17:31:43Z,1,0,en
UgzfZVMyVRDdku585ix4AaABAg,@MastaDJMax,"This video really makes me think of Farthest Frontier, settlement survival game from the creators of Grim Dawn.

You lead a group of settlers to build a, well, settlement. You start with simple shelters and upgrade in a fashion similar to Age of Empires games. The part that connects is food production: in the game you have hunters, fishermen and foragers, and what they bring can be preserved: fish and meat can be smoked, and greens can be jarred into preserved greens, same with fruit. 

Getting other resources, like firewood, water and clothes is also required, and come winter, you really have no choice but to cross your fingers and hope you've stockpiled enough food for everyone. and won't let it spoil too quickly. 

The game takes place in what seems more like American frontier, but taking place 3-4 centuries earlier, rather than medieval Europe. Strong recommend!",2025-02-05T17:28:19Z,0,0,en
UgySAd0CpE9butgI5B14AaABAg,@heavysleeper14,What is the best way to suggest a video idea? I see that you don’t yet have a video about Funeral potatoes. I recently discovered these and they’re amazing.,2025-02-05T17:23:55Z,0,0,en
UgzBvjiae-kYrZhF6m94AaABAg,@lesliegonzalez1742,"I am always waiting for that ""hard tarck"" bit 🤣🤣🤣",2025-02-05T17:19:38Z,0,0,en
Ugzn3NFnv_rFSbIdx_J4AaABAg,@daphne8406,"You still see a lot of salted, brined or dried meat or fish as traditional christmas dishes nowadays here in Norway ☺️ (Lutefisk or Pinnekjøtt for example) Because that is what you had available when christmas time came 🤷‍♀️",2025-02-05T17:16:33Z,0,0,en
UgxLVrdEFb8umozTR3p4AaABAg,@tripp4130,Taking copious notes to survive the next 4 trump winters.,2025-02-05T17:12:51Z,0,0,en
UgzSuqO4KVpVHVC0WZF4AaABAg,@Warhawk76,Love to see the hardtack make a comeback!,2025-02-05T17:10:31Z,0,0,en
UgxYdhSob90w2bZO-p54AaABAg,@mikebell2112,Was the dried fish better if it was between every 3 days?,2025-02-05T17:09:54Z,0,0,en
UgyLUdXc0JxrbqxWakF4AaABAg,@krankarvolund7771,"""Pigs and geeses were allowed to live until december""
Now I understand why geese was a traditional bird for Christmas... At least until we've found turkeys in America ^^
""Things like chestnuts could be eaten all throughout winter""
And guess what, the traditional sauce and stuffing is chestnuts.
Tradition never come from nowhere XD",2025-02-05T17:01:06Z,1,0,en
UgyH4FhGn9wZCZrxGjZ4AaABAg,@fullmoonmama,"I’m curious what would have been done with the egg whites. If we aren’t putting them in the frumenty, and they’re possibly going to either freeze or go bad, what would they be used for? 🤔",2025-02-05T17:00:26Z,1,0,en
UgzLAeCDd6yr58gaYMt4AaABAg,@TrueFork,"I imagined frumenty like similar to modern rice pudding, so with less wheat than Max put in his dish",2025-02-05T16:59:03Z,0,0,en
UgwHsnZ8WOyz3XGszoV4AaABAg,@mythiclords3175,I assumed this video would be sponsored by Kingdom Come Deliverance 2. Must just be Max with his excellent timing as always!,2025-02-05T16:51:45Z,0,0,en
UgxFDdA2voyP5lpBLMB4AaABAg,@TheFuzzyOfDoom,"It looks like corn and eggs! Obvs they didn't have corn, but it would add sweetness.

11:50 - that pig looks so sad and resigned. I love medieval art",2025-02-05T16:51:33Z,16,0,en
UgyXwghb_cAlRmXh_NR4AaABAg,@trinleywangmo,"Here in Germany (I suppose so in the States) you still have to ask ""permission"". But now we say it's about the environment, and charge a fee for the license instead of taking some of the fish you catch.",2025-02-05T16:42:34Z,1,0,en
Ugwn_NH3kQIZ3K7YfVp4AaABAg,@krankarvolund7771,"Thatmust've been a very basic dish. Froment in fresh is just an old world for wheat, derived from the latin frumentum. So this dish is just called ""wheaty"", taht's when you know it's basic XD",2025-02-05T16:42:13Z,0,0,en
UgzvFWTMLmpCw3x0Yrl4AaABAg,@eastfrisian_88,"I'm a simple man, every time the hard tack clip is used it lifts my spirits and makes me grin 😊I think I will try this recipe soon and use the leftover egg whites for sugar-free raspberry-cocoa meringue for dessert! 😬",2025-02-05T16:37:08Z,4,0,en
UgyE7a-ifGkL9EZofGZ4AaABAg,@MatsJPB,"I have to admit, I kind of love boiled meat as well. At least if it's fatty meat.",2025-02-05T16:16:33Z,0,0,en
Ugzge65UKwaPzQIxhZ54AaABAg,@mayasu4277,I would love to see a medieval millet recipe. Millet was the poor man’s food.,2025-02-05T16:10:21Z,1,0,en
UgxfnwVNw5GWYbTyHfZ4AaABAg,@meganw.4457,"I'm curious how it would taste with beef stock. The sweet version would be a lot like rice pudding that my granny would make, but with wheat berries instead of rice.",2025-02-05T15:54:29Z,1,0,en
UgzSCxTufPZu-fW-z-h4AaABAg,@johnmager9364,"Max, I love the videos, but in the majority of them, you elect to make the simplest version you could locate in text, that peasantry would have eaten. And while i appreciate your concern for the common man, almost every recipe you choose boils down to 2 or 3 ingredients and honestly I dont need to know what wheat boiled in milk tastes like, I have a good guess. ""they added sugar on special occasions"" is a way to say that literally anybody who was able at the time would prefer it that way, the recipe should include it. why do you taunt us with alternatives that are far more interesting, yet equally foreign and historic to us? why mention oddities like this in passing while focusing on the simple version, when you could have stated that the foundation of this dish is a fairly plain custard and moved forward from there. id love to know what spice combinations actually were sought after at the time and whether or not the ludicrously wealthy had actual taste or were looking for  arbitrary ways to flaunt wealth. omit the porpoise, sure, but you could have followed the recipe for the porridge. I know your main intention with this channel is to cover the history surrounding the food, as the cooking often accounts for less than a third the video, that's not a complaint, but please consider covering more perspectives than the common man.",2025-02-05T15:48:51Z,0,0,en
UgxXMo1pX4aP8rh88TZ4AaABAg,@pangalansurname2450,"Hi Max, can you do a history of Spam? IDK just popped up to me. Love your videos!!",2025-02-05T15:27:03Z,0,0,en
UgznD9PzHmpY6fDy0Hx4AaABAg,@SikanderG,"People have an obligation to not contribute to animal industries as much as feasible. Veganism is a healthy and effective way to do this. You should make more vegan recipes on your channel and use fewer animal products, for the sake of animals and humans. I unfollowed your channel because of the animal product stuff, which is irresponsible.",2025-02-05T15:27:02Z,0,0,en
UgwL9O7NsYZwPcid0SN4AaABAg,@MichalKolac,I think some people in todays czechia actually make a kind of blood soup.,2025-02-05T15:22:17Z,0,0,en
UgwHRqX_RWMZuwrUA0t4AaABAg,@michaelshelton5488,Basically medieval Cream of Wheat,2025-02-05T15:09:17Z,0,0,en
UgxuSUKGNaIAiHnnKqt4AaABAg,@BibleLifeofDiscipleship,"I greatly appreciate your historical nuggets of knowledge of foods from history and how they would have been prepared and eaten. I have been watching your channel for about a year and your content never disappoints, I'm purchasing your book also. Keep up the good work.",2025-02-05T14:57:02Z,0,0,en
UgwR_2vBQzSzAAGQk2Z4AaABAg,@emarsk77,11:00 and 15:54 casually warming their private parts to the fire.,2025-02-05T14:55:19Z,0,0,en
UgxhaTG5uw8OQCaXY1B4AaABAg,@kplusr1596,16:54. The tale of the grasshopper who sang all summer.,2025-02-05T14:50:44Z,9,0,en
UgxjLDCATCi0WDe_Tdx4AaABAg,@kplusr1596,16:02 I'm sorry but I may be missing something here. Are we looking at vaginas?,2025-02-05T14:46:12Z,0,0,en
UgxyGxri9bDG96oWDcF4AaABAg,@attekinnula4406,"Medieval peasants would definitely not have added saffron to the porridge, whether or not they cared about the colour. Given what it is and how much effort it takes to harvest... that is definitely from the King's table. 😀",2025-02-05T14:42:41Z,0,0,en
UgzqYDrO3aUk0BImAeB4AaABAg,@kplusr1596,Stockfish. Let's do it.,2025-02-05T14:40:41Z,0,0,en
Ugw8eFzoFCE_4NwJ-Fx4AaABAg,@hrizonsdebbie,I sense a metaphor here.,2025-02-05T14:36:55Z,0,0,en
UgznaX1BcwFC3YFgJm54AaABAg,@EPG_CATX,"Stockfish is still a very popular ingredient/food item throughout the Caribbean.  It's something of a 'heritage food' dating back to the era when most of the islands exported sugar, tobacco, coffee, etc. and imported most of their food.  Stockfish was one of those staple food items they could get that could be safely and routinely stored and shipped on sailing ships year round.",2025-02-05T14:31:05Z,1,0,en
UgwRxQJfTvGzX1kMAEt4AaABAg,@lorih2249,"For anyone looking for wheat berries, Palouse Brand has the best wheat berries",2025-02-05T14:25:26Z,0,0,en
Ugy7f8pU1mVIo9aV3fB4AaABAg,@DeezNutz-o1x,"This channel is so relaxing, love to come here to unwind. Thank you for all of your videos and I’m looking forward for more to come.",2025-02-05T14:19:04Z,1,0,en
UgyYmhVh-DUGR0Qw4iJ4AaABAg,@LuciaBeans,"This is a very useful episode for our near future, here in the US.",2025-02-05T14:18:05Z,1,0,en
UgzYL686KdNbNbFlK_x4AaABAg,@nessi777,"You’re going both to Florence and Budapest next month?! Come also to Croatia, it is just in between Italy and Hungary. 😄
We also have some nice food. :) Slovenia is also beautiful and just near.",2025-02-05T14:14:46Z,1,0,en
UgwNUNAV0T_sd5vgylZ4AaABAg,@germanrodriguez4091,"The bad thing about porpoise and other cetaceans is that the meat has high levels of mercury, especially in toothed whales ( pilot whales, belugas, dolphins, orcas, porpoises, and sperm whales).",2025-02-05T14:03:47Z,0,1,en
UgxAb7DyYavhr9T0OTh4AaABAg,@jeffcook3747,Hi Max! That stockfish sounds like baccala. I'm originally from Massachusetts and Italian and Portuguese people would eat dried salt cod in December around Christmas. Looks just like the stockfish,2025-02-05T14:03:07Z,1,0,en
Ugy8FMuxIF7UacOxI2J4AaABAg,@balesjo,"I took a number of Medieval English History classes in grad school. I really enjoyed your overview of the medieval warm period followed by the Little Ice Age. I remember being really interested when the subject of the weather changes was discussed and how it affected the crop yields, the changes to crops as the Little Ice Age progressed (until then I didn't know the English produced their own wines. Also the changes to cereal crops as the weather turned colder). Glad to have a refresher course!",2025-02-05T13:59:43Z,5,0,en
Ugx4QR3Rayve2NT2kMZ4AaABAg,@BeckettSmeckett,As someone who lives on a smallholding in England and is as self sufficient as they can be. This diet is surprisingly familiar to mine today. Although we use freezers for our meat nowadays,2025-02-05T13:56:06Z,0,0,en
UgyorhvEL2Q30zndArZ4AaABAg,@GrammyGottaGo,The schools in our area gave the kids a few pair of Bombas each recently. They wear well.,2025-02-05T13:56:00Z,0,0,en
Ugz8ZBhs16noRjSvms54AaABAg,@andocs163,"Max I love your videos, im often alone during the day and i watch your show most days while cooking and eating lunch. Thank you so much for everything you do ❤",2025-02-05T13:54:39Z,0,0,en
UgxHc-BCqYrVKPHX1od4AaABAg,@TheLoboChefe,"Stockfish its still widelly used in Portugal, mainly as dried cod fish (Bacalhau) and it's one of the most famous Portuguese dishes, specially at Christmas.

It's not beaten with a mallet but it has to be bath in water for some days.",2025-02-05T13:51:47Z,1,0,en
UgzWw4kL6q_umo2wR9t4AaABAg,@kalamir93,What should I do with the remaining egg whites?,2025-02-05T13:46:17Z,0,0,en
UgwJE1A6XOzPu4yHMhV4AaABAg,@apiwichteralapsuwan2550,i just got jumpscared from hardtack lol,2025-02-05T13:42:13Z,0,0,Other
UgxEfZ40N9PFGAF2zOZ4AaABAg,@ez8314,Listen to Weird Medieval Guys if you loved this episode!!!,2025-02-05T13:40:39Z,0,0,en
UgztI9zbkK_G5NAJK2F4AaABAg,@Harns_Stramper,This video should be salted to preserve it 😊,2025-02-05T13:19:49Z,0,0,en
UgzHRykY2WwDJJ1x1QB4AaABAg,@gfhit7520,"for those who are wondering, the Medieval warm period is not a counterexample to human-made global warming (they tried). Among other things, it was not ""global"" but rather mostly localised around Europe.",2025-02-05T13:12:16Z,6,0,en
UgwYXNT6tieydcGq0t54AaABAg,@poisonivystar4,Thank you for the episode!,2025-02-05T13:05:27Z,0,0,en
Ugwazk9qU_9BJGPf-Fd4AaABAg,@t.travelerjg1908,"00:31 Medieval Artist: ""Looketh how cross-eyed I painted the king!""
After the king saw the picture: ☠️",2025-02-05T13:04:01Z,7,0,en
UgyJZvGXJfULw2gT4Wp4AaABAg,@adam346,"we still use stockfish today... mostly for making soups but the prep that goes into using them is so convoluted that it's likely no longer worth it other than to say you are making something ""authentic"". Thank god for refrigerations.",2025-02-05T13:03:17Z,0,0,en
Ugxi7PBJAL36BUrhZFN4AaABAg,@vorexin6201,"0:30 🗣""From a serf, to a monk, to the king..."" 🔥",2025-02-05T13:01:39Z,0,0,en
UgxZivTdO59M667e1QB4AaABAg,@vigilantScrivener,“Patrolling the Holy Land almost makes you wish for a Medieval Winter…”,2025-02-05T12:59:31Z,1,0,en
Ugz-C-D-JzyZtQvFK2Z4AaABAg,@panumastubsee603,"""By this tme, most of the water should have been absorbed
And any that hasn't been, you can drain off.""",2025-02-05T12:58:12Z,0,0,en
UgwQO23Om3hpdLIB2bB4AaABAg,@zrazghost,"grandma hear me out, you dont need compression socks yet, they get real itchy having them on for so long.. then youre the guy taking off his shoes",2025-02-05T12:50:21Z,0,0,en
Ugz_sR-BvL4lqUVHcHd4AaABAg,@andrewduncan4908,"I grew up on this. Although my family is of Scottish descent my father made our porridge with wheat grist’s, rather like cracked wheat.",2025-02-05T12:39:22Z,0,0,en
UgynQ9J3yS5dR7VoqZ94AaABAg,@aaronhurst4379,"13:27 Oooooh that hard tack reference snuck up on me good, brilliant hahaha",2025-02-05T12:35:03Z,2,0,en
UgyU-AK94f9XS4-L2f14AaABAg,@eldunae922,"At this point, Max could put the hardtack clip without sound, and my mind would simply fill It, without me realizing.",2025-02-05T12:34:47Z,2,0,en
UgyQ122JGLQ7hch8pk94AaABAg,@mrgravy5564,You said you wanted to taste what peasants eat and then you add saffran?,2025-02-05T12:32:39Z,0,0,en
UgyvMyGHaumxZr5nGhF4AaABAg,@Someone_in_the_comments,Surprised the recipe didn't call for a big spoon of honey drizzled over it before eating.,2025-02-05T12:30:10Z,0,0,en
Ugx1fFFe7XIciScV-7h4AaABAg,@ch1pnd413,"As an American in 2025, this will be very useful next winter. Food is gunna be so expensive, we’ll all be foraging and farming like Medieval peasants.",2025-02-05T12:25:07Z,0,0,en
UgyDvSVkJDlbdZDz2kx4AaABAg,@thestrangegreenman,"15:21 I feel you, Mr. Radish",2025-02-05T12:21:56Z,0,0,Other
UgyWw9LOU72N3cPfg6p4AaABAg,@t.c.bramblett617,"I can imagine a  foodie wine bar in an upscale neighborhood today would serve that frozen wine from the barrel as a $35 wine slushy, probably on an authentically forged axe blade for decorative effect. Some guests might also pay top dollar for worms and acorns served in a rustic peasant style (Tasting plate: $40, for two).",2025-02-05T12:14:44Z,0,0,en
UgzkqS6FvV2zGAW-S7h4AaABAg,@david-jr5fn,I don't think a peasant would throw away the white of the egg,2025-02-05T12:13:32Z,0,0,en
Ugw_2lZLd1KL98wU4D54AaABAg,@anthonyfrench3169,After doing the school lunch episode you might want to do a Meals Ready to Eat(MRE) for a delicious and calorie heavy meal and how brands from that time influenced the soldiers when they came back home.,2025-02-05T12:12:32Z,0,0,en
UgzdqJz4sojbFHW61X94AaABAg,@naftalibendavid,Living it. Time to go joust on the ice.,2025-02-05T12:09:43Z,0,0,en
Ugy9fkG-UgtPiOPXb7V4AaABAg,@aurochf1,"Eggs are not meat, you can have them during lent, as far  as I know. But if you don't want them you can send them to me!",2025-02-05T12:03:14Z,0,0,en
UgwndQkQft9-uWIAitZ4AaABAg,@dimmingstar,"for some reason the simpler recipes just hit different~
thanks for another episode Max, the burst of joy i feel when i see Tasting History back with an update is unparalleled <3
happy lunar new year to you and yours! x",2025-02-05T11:54:04Z,0,0,en
Ugxaa9MaMBTP3Li5VWJ4AaABAg,@OurCognitiveSurplus,16:00 What exactly are they doing on the left 😅😅😅,2025-02-05T11:50:06Z,0,0,en
Ugytk7w5jdJ-PGe7Jg14AaABAg,@Casperski1312,"Hey Max, its always a pleasure to see you pop up on my home page. I was thinking, given you know (gestures vaguely) how bad things are, could you do a video on how historical communities overcame famine and food shortages? What did our ancestors eat when everything was most dire? I'm looking for inspiration to get me through the coming ecological and economic collapses that we're all hurtling towards.",2025-02-05T11:47:53Z,3,1,en
UgwCXJugZhznD1EGmDl4AaABAg,@Olfan,"The ban on fur was mostly to keep you from showing off a rung of the ladder you didn't belong on. If you just wore the fur on the inside, it would keep you even warmer and nobody could point you out for wearing padded leather.",2025-02-05T11:45:07Z,0,0,en
UgxijUpewUmZbstC4Y54AaABAg,@trichogaster1183,man I love porpoise,2025-02-05T11:44:16Z,0,0,Other
Ugxbd2Zq_jlmk6DWa9p4AaABAg,@yaronimus1,"In israel we add wheat (groats) to cholent, it's called ""Grisim"".",2025-02-05T11:42:03Z,0,0,en
Ugy5SBd2Z3MPXttloXF4AaABAg,@Henryboy033,Just two dudes warming their private parts by the fire 15:58,2025-02-05T11:40:42Z,0,0,en
Ugw_7dHahWxcZFmR3zx4AaABAg,@pjg6019,"My father, an Italian immigrant, made Baccala (Stockfish) a few times a year. It took days of soaking in fresh water, changed every day, before it was ready to cook. 
My sister and I couldn't stomach the smell of Baccala cooking.",2025-02-05T11:31:41Z,0,0,en
UgwgU75NukuC7Jk4v0B4AaABAg,@Drowronin,"I would love to see you find and make a recipe that would have been made for Frederick the Great, or any good Prussian recipes.",2025-02-05T11:29:49Z,1,0,en
Ugweyy0ru6CVkDMq1SF4AaABAg,@tanksoldier,"Hardtack!  (Clack !, Clack !)",2025-02-05T11:13:40Z,0,0,Other
Ugw7fx-neDLvG-91eyJ4AaABAg,@bxstar5276,That stinky fish won’t be good,2025-02-05T10:46:06Z,0,0,en
UgwbNt8lk5xbGhEa5F94AaABAg,@victorkreig6089,"This is going to be my daily breakfast now, with protein powder added and and maybe a side of bacon every 3 or 4 days.
Thanks for the idea Max",2025-02-05T10:41:31Z,0,0,en
UgxvnmLt9IOLLUcdkbl4AaABAg,@MattRobson22,My weekend plans just solidified! I’ll be making peasant porridge and playing Manor Lords. Thanks Max!,2025-02-05T10:35:04Z,0,0,en
UgzDv-6grHQYlfyY2dR4AaABAg,@debbralehrman5957,Ask Jon Townsends about stock fish. He might have some left. FYI it stinks!!!🐟,2025-02-05T10:26:51Z,0,0,en
Ugw00zo8xEbBfB7aQ914AaABAg,@timmyteaching,"At one time, I found this guy fascinating.  He has become annoying.",2025-02-05T10:26:16Z,0,1,en
Ugy6HaGs53M6abBzUMl4AaABAg,@drewbouy,13:30 Never stop,2025-02-05T10:23:56Z,0,0,Other
UgzHwjy40HYktrRqRtF4AaABAg,@balintkovacs4089,"Fun fact: Medieval Hungary actually received a papal bull thanks to the diplomatic efforts of the archbishop of the time, giving them excemption from the diary ban during fasting as butter and milk were such primary food sources with little alternatives available.",2025-02-05T10:17:42Z,1,0,en
UgyEFYmQIRhSZRUfx2J4AaABAg,@lindasvensson593,Why were they not allowed to fish?,2025-02-05T09:55:36Z,0,0,en
UgwWQ6OVBqDlzPI1lvB4AaABAg,@JanPospisilArt,"Me listening: ""you cling as Sauron to me""  @___@",2025-02-05T09:55:02Z,1,0,en
UgzWpHCMJLSfJai9gFd4AaABAg,@patriciadean1649,Another informative/interesting piece of food and history 🖖,2025-02-05T09:51:56Z,1,0,en
UgzgGQrOnYPsWcJpMqp4AaABAg,@YT4Me57,"This was truly a versatile dish. It could be served up as a cereal with milk and sugar or honey added for sweetness (perhaps berries or some other fruit in season). It could also be a savory meal; flavored with herbs, broth and a bit of meat or vegetables. It's sturdier than oatmeal and probably filled the belly during the hard days of winter.",2025-02-05T09:35:50Z,1,0,en
UgyUqvgrHXdeOxuO5Tx4AaABAg,@jordanahamed4316,"The Snorunt is actually perfect for this video! 
You never miss ...",2025-02-05T09:32:23Z,1,0,en
UgzAOXKQgKr_lSsHs994AaABAg,@artemkras,Hardtack!,2025-02-05T09:21:20Z,0,0,Other
UgwsnM6Rz_kBjyhJrm54AaABAg,@Saamish-P,Only the yolk?,2025-02-05T09:17:07Z,0,0,en
UgzEnTVdAOEy_FpLgZJ4AaABAg,@ArachCobra,"With the clothes thing, you can really see how priority one was establishing hierarchy, not making sure people could survive.

Also, I got around to making the tuna casserole you showed some weeks ago. It was a great success. My boyfriend declared it the best thing he'd eaten in quite a while.",2025-02-05T09:14:45Z,1,0,en
Ugza5baxF91QrJXY7C54AaABAg,@carinaswanberg,"Here is Sweden we still eat pickled fish! It's a lot tastier than it sounds. It's like sushi texture, with European spices.",2025-02-05T09:11:48Z,0,4,en
Ugy2DD1Es8szVfWRRv14AaABAg,@cdn1024,Snorunt is the perfect choice. Your Pokémon art director needs a raise.,2025-02-05T09:11:10Z,1,0,en
Ugwze7hHvg8pzmbOn2V4AaABAg,@DennisOnTheMoon,This channel together with modern history tv is the gems of youtube,2025-02-05T09:02:49Z,6,0,en
UgySoqQpw7HNLSG335N4AaABAg,@MichaelHeinen-qk6gg,"So , in the ""Middle Age's"" winters were well below seasonal , did they propagat something like ""Climet Change"" back then ? .",2025-02-05T08:58:26Z,0,0,en
UgwaAQAQ2qiK9hEccrB4AaABAg,@TerrorTerros,Playing KCD2 😊,2025-02-05T08:58:00Z,1,0,Other
UgyhdxLnsTWjkuOH3ZR4AaABAg,@evflyguy,"Kind of perfect timing with this dish on the release day of ""Kingdom Come: Deliverance 2"", a game that takes place in medieval Bohemia.",2025-02-05T08:57:01Z,0,0,en
Ugxu-W_GLwHmCQ3v7ut4AaABAg,@2009carol2010,Fascinating!,2025-02-05T08:54:57Z,0,0,Other
UgzPRKeJLSqJ8dm_zkh4AaABAg,@JackieWM420,"I've been cooking various whole grains for sides and breakfasts for awhile now, I really enjoy wheat berries and groats.",2025-02-05T08:48:43Z,1,0,en
Ugzoe-c-fk92vsJYxXB4AaABAg,@fragdoch-nicht,"Instructions unclear, I now have a grain stew and leprosy.",2025-02-05T08:41:35Z,0,1,en
UgxJlHA8Tdj-dcSQGex4AaABAg,@jules2630,I pressed like as soon as hard-tack was mentioned! Lol! Love Max so much! 😂,2025-02-05T08:39:54Z,0,0,en
UgwdEhoiyA83x5_gzWh4AaABAg,@curtcoker6359,How did you straight face the line “like the one that calls for porpoise” ?  Can I please make a shirt that says that maybe with your likeness giving a winky face .,2025-02-05T08:37:08Z,0,0,en
UgwSxZfUBV4P7VSd4KN4AaABAg,@TheGreatBackupGmailAccount,"Fun trivia about the sumptuary laws: the German Landschnekt mercenaries, a pseuodo-middle class in an of themselves, were expempt and were often paid in bolts of silk which they'd wear with their armour to show off. Probably also less likely to get stolen from camp if you're wearing it.",2025-02-05T08:35:36Z,24,0,en
UgwzskAHb4z0agHjaqh4AaABAg,@Carla-by9rg,Can't afford bombas.,2025-02-05T08:34:03Z,0,0,en
UgzjJNOstQLySatXhFd4AaABAg,@TVandManga,"Brilliant video Max, so interesting!",2025-02-05T08:33:08Z,0,0,en
UgznzCpjZ_04tN_bRhR4AaABAg,@agraabui,I wonder if the taste would be better if you roast the grain a bit before cooking it.,2025-02-05T08:32:38Z,0,1,en
Ugyiq1Qyv4kcK2oQ6UB4AaABAg,@BethAge95,"I doubt that most actually poor people would have been able to add eggs to their frumenty in winter since hens that aren't bred into the insane modern breeds we have today, wouldn't lay many eggs in winter and early spring. Cow's milk would have been also available less. Just saying that this version is already quite luxurious for a winter meal.",2025-02-05T08:27:32Z,1,1,en
Ugy1JLbRiR_k_Of0PIJ4AaABAg,@Jk42464,Omg snorunt!,2025-02-05T08:24:26Z,0,0,Other
UgzMyXmCFTc2J_LLRN14AaABAg,@GrimSquirrel666,First 'hard tack' of the year? *clack clack* :P :D,2025-02-05T08:19:00Z,0,0,en
Ugytmn7zAUEW0BD28id4AaABAg,@hpcrewsmith22,"Honestly that recipe was surprisingly well written all things considered. Flexible but very clear on the expectations, even without measurements",2025-02-05T08:15:54Z,1,0,en
Ugz1KfMMv9lyWBuHEMJ4AaABAg,@LetsExploreHistoryTM,I don’t think I’ll ever get any subscribers :/,2025-02-05T08:08:49Z,0,0,en
UgxiS2O-e-M1QoUVD7R4AaABAg,@tehtrintran,"All this talk of climate reminds me of The Year Without a Summer (1816). I don't know if there's a relevant recipe, but I would be over the moon to see an episode about that subject, it's a weirdly specific interest of mine.",2025-02-05T08:03:59Z,0,0,en
UgyHguCl1_awG_RnCF94AaABAg,@SyeedAli,Now look into what was done with the egg whites. Fed to the pigs perhaps?,2025-02-05T08:02:36Z,2,0,en
UgwptdfopGPIE25IrLR4AaABAg,@davidclark7584,"Funny, living in Florida l just planted peas cilantro and dill. And will be planting many more vegetables in the next few days. Have tomatoes. And various onions producing. And just harvested about 2 pounds of ginger. Nothing like Europe in the mini ice age. Being born in northern Illinois l can really appreciate a semi tropical environment.",2025-02-05T07:55:54Z,2,1,en
UgyenImo42cedyixN014AaABAg,@DenisMaksymowicz,"Wowie wow wow! A quarter million views in 15 hours? Or did I read the metrics wrong? In any case, you deserve it. Well done, as always",2025-02-05T07:53:48Z,1,0,en
UgzC9kqIRuQ1OmLvcHN4AaABAg,@sunghyunhong1898,Could you move your circular cutting board from behind the coffee grinder so I can smell the coffee beans better?,2025-02-05T07:47:31Z,0,0,en
Ugw-wjZ4Oo6e4ByvWfB4AaABAg,@ronp6108,Banger! Going to have to try this one. Looking forward to the stockfish!,2025-02-05T07:46:07Z,0,0,en
UgxC5niHErXKADjLJ3N4AaABAg,@meshuggahshirt,I was not expecting Margery Kempe to show up in a Tasting History video,2025-02-05T07:40:54Z,0,0,en
UgwnTiGwPSLQo0-Hp6p4AaABAg,@PlayaSinNombre,"Jose, get the epi-pen.",2025-02-05T07:37:56Z,0,0,Other
Ugw7QY84N81ax_TbQn54AaABAg,@robfut9954,"Sudden temperature changes, way back before cars… hmm 🤔",2025-02-05T07:30:13Z,0,0,en
UgxwV2ScH_0j4tXkOMZ4AaABAg,@MykeyP,"Stock fish is...not for everyone. Its stinky, and to me tastes like old fishy socks. My parents love it tho",2025-02-05T07:29:01Z,0,0,en
UgwNN_jd1e8ScM71ohN4AaABAg,@IssieAngela,"""Food for the poor"" is a theme you have featured before but would also make a great series of videos.",2025-02-05T07:27:10Z,0,0,en
UgzlkPu_FaVqjFDmEFp4AaABAg,@themooreclan,whats the history of trail mix,2025-02-05T07:24:32Z,0,0,en
UgwCPSmMHQY1nw3rns94AaABAg,@jeansdaughter,I think it would benefit from a spoonful of honey and maybe some nutmeg or cinnamon - rice pudding made with eggs would be very similar.,2025-02-05T07:23:05Z,0,0,en
UgxTieAstCsEZoAACKJ4AaABAg,@NiccoletteR,"Please dont use Almond milk , every,   You would not. drink  glass, that is what Almond do to your inside, dont just take my words, look into it,  Almond milk. I for years i would drink or use it , instead of cows milk.  until someone told me.... and they also said, dont take my word for it,  look into it, and they were right, it cuts your inside, with little pieces ,that are like little bits of glass .",2025-02-05T07:16:13Z,0,0,en
UgziiMPmyWd3Jr7O7ax4AaABAg,@ternel,Any chance we can get a video on the porpoise version?,2025-02-05T07:13:11Z,0,0,en
Ugxa3RiBsDPQrCu_2jR4AaABAg,@Mustafiz1972,"Stockfish reminds me of ""shutki"", which is sun-dried and salt cured fish, a ubiquitous part of Bangladeshi cuisine. A particular delicacy is shutki made from loitta fish (Bombay Duck fish). It is reconstituted by pouring hot water over it before being cooked into a curry or mashed into a ""bharta"" (samba) with onion, garlic and spices.",2025-02-05T07:07:05Z,0,0,en
UgyQ7Unu7D7e52eXJH14AaABAg,@MsLeenite,"Thank you, Max. That frumenty certainly looked filling.
When you spoke about the stockfish, I was reminded of a literary mention. In his fantasy book _The Golden Compass_ Philip Pullman writes of a little boy whose ""Daemon"" (spirit companion in the form of an animal) is severed from him. He escapes from the far-northern research station where he was mutilated, and hides in a village fish-drying barn. The poor lonely kid takes a rock-hard dried fish and hugs it to him in place of the lost Daemon. It's a very sad episode in the book.",2025-02-05T07:05:41Z,1,0,en
UgwiIBjN5X5FVl1jMil4AaABAg,@benwoyvodich8676,"It wasn't uncharacteristically warm, because then we would question the Roman Warm Period as well so it is much more likely that it was averagely warm and then experienced at true (albeit short) glaciation as we have been in an ice age pretty much all of human recorded history.",2025-02-05T07:04:08Z,0,0,en
UgwwKqEG8i8Im6z6YW14AaABAg,@y6cd3sdzHs1g,"Whenever you do that Stockfish episode, consider using Fagan's book on fishing as a source, especially its impact on the North Sea fisheries (Fagan, the Archaeology Professor)",2025-02-05T06:54:00Z,0,0,en
UgyCwZ1Drqnz4mmqioF4AaABAg,@arbhall7572,"16:22 It wasnt just obtaining enough food to get through the winter. 
It was hiding it. When a rich lord started going hungry for whatever reason? Theyd pop on down to the poors and help themselves. 
Hiding food was a pretty big deal.",2025-02-05T06:53:46Z,0,0,en
Ugyiz_1onn5JraeJfWh4AaABAg,@RD22TT,I wonder if this food will be in Kingdom Come: Deliverance 2,2025-02-05T06:52:22Z,0,0,en
UgwtS1MjYEnXJsMdv294AaABAg,@willshowers3897,"Thank you, max miller really big fan",2025-02-05T06:46:38Z,1,0,en
UgyATYtuNboSmru4dV14AaABAg,@geradkavanagh8240,"I was surprised you don't mention potted meats and Lardo as part of overwintering staples. Just everything else either smoked, salted, pickled or dried.",2025-02-05T06:44:53Z,0,0,en
Ugy48skErzp73MhjT0Z4AaABAg,@MightyJimbobOZ,"Max: ""So make frumenty, keep warm, and I'll see you next time on Tasting History!""

*Melbourne's Weather has entered that chat*

*Me, looks around, 105F in the shade and a heatwave warning in effect*

""... Oh, I'll try to stay warm...""",2025-02-05T06:38:17Z,1,0,en
Ugwp9aSvhDD1sMUiyR54AaABAg,@Crimson_Dragon01,"Eggs and saffron. This is a dish for kings, not peasants lol",2025-02-05T06:26:46Z,0,0,en
Ugyc_I8pXAlJVuGlEbF4AaABAg,@davidbrennan660,The Central European skill of pickling is testament to the era method of survival.,2025-02-05T06:23:46Z,0,0,en
Ugw8dpTAtp_wdcxqH5p4AaABAg,@Getwreckkd,What medieval device did you smoketh the devils lettuce from before you filmed?,2025-02-05T06:17:52Z,0,0,en
UgwImdQyGzcNfPPNgtt4AaABAg,@libbyheeren,Are the people in that painting airing their bits? 😂 What is going on here haha,2025-02-05T06:11:54Z,0,0,en
UgzQB7P2LN80PHGB9c54AaABAg,@elizabethhowe2110,"Lent is in the spring, not winter.
It's the 40 days before Easter.
And it's a fasting period.",2025-02-05T06:09:44Z,0,0,en
UgxqTK2-np9lzviGpB94AaABAg,@zilla333333,Three eggs? Clearly this is food only for kings.,2025-02-05T06:07:07Z,0,0,en
UgwcJWiNro4NIJJruad4AaABAg,@-_-----,"Very cozy - thank you, Max.",2025-02-05T06:01:51Z,0,0,en
Ugx3xCkP0itfhlJGQdh4AaABAg,@Nabium,"Max talking about how horrible it was in the medieval times they ate salted meats and stockfish, that needed to be cooked for hours just to make it edible.

Meanwhile, us in Norway still eat both of those all the time.",2025-02-05T05:57:57Z,3,1,en
UgzWbc1p7eo4TluSsmt4AaABAg,@MissMarchHare,"My favorite winter, common man  'slice of life's medieval painting, Les Très Riches Heures du duc de Berry

of 3 farmers 2 women and 1 man warming their genitals by the fire.",2025-02-05T05:56:59Z,0,0,en
Ugy9HModgWBluLG0l794AaABAg,@PopeSixtusVI,But what did mountain men eat?,2025-02-05T05:54:40Z,0,0,en
UgxdfdVWWtQYv2pGl5F4AaABAg,@BasicDrumming,Great video.,2025-02-05T05:50:51Z,0,0,en
UgydOo3Ffwi_Hyswn3R4AaABAg,@CactusJack60,Who's watching this while playing Kingdom Come Deliverance 2?!?! >:),2025-02-05T05:46:32Z,0,0,en
UgwblkttWH1tvS6kzjR4AaABAg,@made3rdaccount,"Hey Max, Koreans eat dried pollock fish called ""Buk-uh"" almost same as stockfish, including hammering to make it soft before you can eat. Its great cure for hangover when you make a soup with radish.",2025-02-05T05:44:35Z,0,0,en
UgztwAErnJ4XVZ00MZ94AaABAg,@thylacine1154,"I read the medieval peasant diet was often healthier than what the nobility ate.  More whole grains and fiber, less refined sugar, less fat.",2025-02-05T05:44:04Z,20,2,en
UgyVcgN4UZPD7zctEBt4AaABAg,@Hugh_Jassle,Climate change? Anyone...?,2025-02-05T05:42:58Z,0,0,Other
UgwRR7V6Jx3CRjqXLhB4AaABAg,@madmanminkler1382,"15:20
Glad to see that the Medieval Europeans had the Pokemon Oddish",2025-02-05T05:42:51Z,4,0,en
UgwsR1LBGw98sIyumyp4AaABAg,@fluuufffffy1514,"I too live upon a Lord's land. Lo, I am but a tenant.",2025-02-05T05:40:33Z,0,0,en
UgzXMXePedwK2WfyeDR4AaABAg,@henryeccleston7381,"It’s interesting looking at old school home construction. The design of a lot of homes seems to be such that they maximised storage, durability of the entire structure, and ability to use every part of every thing. Especially the smoke, which preserves the wood of the rafters as well as the thatching and/or wooden shingles when rising up through them, and preserves the meat and such stored up there, and the smoke layer acts as a reflector for the light of lamps and rushlights and candles and the hearth itself while it is a whitish cloud hovering above the heads of the inhabitants.",2025-02-05T05:39:37Z,1,0,en
UgxdWvL46XEWDhKKoZl4AaABAg,@OriginalSchles,Suggestion of a gluten-free version?,2025-02-05T05:38:51Z,0,0,en
UgxfRYfWdSo1Bbq49nR4AaABAg,@Shridra,"This is really interesting because when I was actively losing weight and working 12-15 hour shifts I frequently made something similar with rolled oats for my breakfast in the winter. I called it oatmeal pudding lol. The eggs really do go that extra mile to keep you full.
And now I'm thinking I might make some with scotch oats in the near future.",2025-02-05T05:34:11Z,3,0,en
Ugw2sdyNlwstz1gFset4AaABAg,@DigidesteinedSayian,"I remember reading a book when I was younger, Sea of Trolls. The main character's family were English peasants at the start of the Viking raids, and their idea of luxury was white bread and frumenty with nutmeg and cream (which the father ate when he was living with monks).",2025-02-05T05:27:27Z,0,0,en
Ugyibjv_4Gy7ZVEHEj14AaABAg,@madmanminkler1382,All this talk of Medieval sausage would be a great opportunity to do a history of sausage collab vid with Ordinary Sausage.,2025-02-05T05:27:12Z,2,2,en
UgxDU-pwWLLO2FgdI0J4AaABAg,@thekito4623,11:43 aww the poor pig :( look at his face,2025-02-05T05:26:09Z,0,0,en
UgxR-WFLpXuSrfQwHXN4AaABAg,@TheToddcole,@13:30 pure art.,2025-02-05T05:25:29Z,0,0,Other
UgzWvD1u7Ft0eiKPg6V4AaABAg,@martinstauce1946,"When I was in my 20's I made this dish every winter morning, often with barley or millet as well. Yum.",2025-02-05T05:20:32Z,0,0,en
Ugz4DZSVAf1vpPyS-2h4AaABAg,@MxPotato84,Hard tack!! ❤,2025-02-05T05:18:56Z,0,0,Other
Ugx4WPJS-nlZH9vYQiR4AaABAg,@ZakTheFallen,"I appreciate the Snorunt on the counter, very appropriate for winter.",2025-02-05T05:16:28Z,0,0,en
UgwIMD6x3zBMxkSNohl4AaABAg,@alpinealpine2793,So next video I expect an in depth explanation of the process of making stock fish. And then weekly updates on the progress of said manufacture.,2025-02-05T05:16:20Z,0,0,en
UgxaEd2aePVl1AJNVY14AaABAg,@SaorAlba1970,"speaking as a Scot Porridge oats is best, served with double cream and milk",2025-02-05T05:16:02Z,0,0,en
UgzG8QtHb43AHbqr5It4AaABAg,@OneMoreBurn,Max endorses eating porpoises? Unsubscribed! 😤,2025-02-05T05:06:13Z,0,0,en
Ugzk6aO9VkPG6kBrPe54AaABAg,@tyson6570,Please do food from the game kingdome come deliverance 2,2025-02-05T05:05:54Z,0,0,en
UgyupbgNOpVmQIYUiJR4AaABAg,@amicaaranearum,Stockfish is a food? I thought it was just a chess engine!,2025-02-05T05:03:10Z,0,0,en
UgyHBIy9NERR2t2nFRF4AaABAg,@zevfeitelson,Ooooo can't wait to see stockfish,2025-02-05T05:02:26Z,0,0,en
Ugz5qPEAcZ9wetqJ7Rx4AaABAg,@fathermoth,Christ be praised! Just in time for KCD 2!!,2025-02-05T04:59:36Z,0,0,en
Ugze3Z8TprMvtNh2dMl4AaABAg,@asmodiusjones9563,"These are the same exact ingredients as French toast, prepared differently.",2025-02-05T04:55:20Z,0,0,en
Ugy04Ex5YdYu59Syp354AaABAg,@zac0918,add onion and chilli peppers and fry it up,2025-02-05T04:55:13Z,0,0,en
Ugzr7LIDLlNxmzBaFPZ4AaABAg,@rabbithorserunning,How did they have almond milk during medieval times??,2025-02-05T04:54:18Z,0,0,en
UgyehNel5BFUz87c1Ud4AaABAg,@sarahwatts7152,"I just read a book that talked a goodish bit about frumenty - Ruth Goodman's The Domestic Revolution (about how England switched from wood to coal, with all of its social changes)",2025-02-05T04:54:00Z,0,0,en
Ugyivqe11fGRH6ae-AJ4AaABAg,@Pest789,Jesus Christ be praised!,2025-02-05T04:48:30Z,0,0,en
Ugzdl9K7sw_Iku4ZcbJ4AaABAg,@jennymarti5868,"This dish sounds delicious. I would probably add sugar for a treat. I live in a hot place, but I still want to try this.",2025-02-05T04:44:58Z,0,0,en
UgywHSaoqppd9Wa2EkJ4AaABAg,@johncullen9436,"Wrong. (Seems to me.) A dominative ""peasant"" abode with a half a dozen people or more and a fire is going to keep you a heck of a lot warmer than a spacious castle, no mater how many tapestries. BTU's / square foot. It's just like thinking that ""peasant"" food was crap. It was probably better for you than what the ""nobles"" ate. The food that the ""nobles"" ate was better because they were, if you get my drift.",2025-02-05T04:37:23Z,0,0,en
Ugym3nlvCQZgB8wHOf14AaABAg,@Mark-b8l9t,In Firenze there is a market called Il Mercato centrale Firenze. I think you would like it.,2025-02-05T04:36:51Z,0,0,en
UgwC28XSLKRBBJBJZ4h4AaABAg,@danielrios6862,Was I the only guy who saw the peeing child !? :D🤣,2025-02-05T04:34:11Z,0,0,en
Ugzz9mMuw2xLa3tXcfZ4AaABAg,@sophroniel,17:11 sounds like now! Except now it's 70% spent on rent and food ?? what food ??? 😭,2025-02-05T04:33:06Z,0,0,en
UgxEOn-zHocDwzFK3LV4AaABAg,@markofdistinction6094,I always wondered if the eggs way back then were much smaller ...,2025-02-05T04:32:43Z,0,0,en
UgwfYIprkxqlJ5IpBPJ4AaABAg,@kimberlyjwalke3686,I thought that saffron was considered very expensive. How could a peasant afford it?,2025-02-05T04:31:28Z,0,0,en
Ugx3YVPVJMPpVirBHPN4AaABAg,@rwstavros,Would they have used honey instead of sugar?,2025-02-05T04:29:14Z,0,0,en
UgxpHwawglHCpW7AXBN4AaABAg,@carolinanava3300,Snow runt 😂,2025-02-05T04:27:36Z,0,0,en
Ugw_G-aCgHof4kvH3d14AaABAg,@donovanmedieval,"Ruth Goodman said in one of her documents (I think it might have been ""Tudor Monastery Farm""), that goose was eaten on Michaelmas Day, September 29th.",2025-02-05T04:25:22Z,0,0,en
UgzX00xO8RE43Dod5lV4AaABAg,@paleowhite8027,I grew up eating a similar dish. I would just make oatmeal and when the water was boiling I would crack an egg and drop it in the water and stir it along with the oatmeal. I ate that dish more than anything else growing up until I left the house.,2025-02-05T04:22:47Z,1,0,en
Ugw82an30YSPwirpkKF4AaABAg,@GrammaD42,"I you haven't already, try Orissa - frumenty with hot chilis, paprika, garlic, brown sugar, salt, and beef shank or broth. I make it in a slow-cooker.",2025-02-05T04:20:57Z,0,0,en
UgwbFUWbYGksK7QNU2p4AaABAg,@justinweiss2661,Max is definitely going to have to make a porpoise dish at some point,2025-02-05T04:20:15Z,0,0,en
Ugy7PAFm6QpJkKejsHl4AaABAg,@pepperonish,Porpoise meat at whole foods?,2025-02-05T04:18:42Z,0,0,en
UgwMBBWNW_o4ZM_Xnv54AaABAg,@smwillia,"I'll take the version sans porpoise, thank you.",2025-02-05T04:17:02Z,0,0,en
Ugxx6kl3lbqO49Vpm9B4AaABAg,@hoodyk7342,Ah darn my eggs scrambled when i added them to my DOLPHIN 💀,2025-02-05T04:16:36Z,0,0,en
UgyOScob80MZVhwa82l4AaABAg,@sizer99,"I always find it amusing that if you believe medieval illustrations, everyone (including the nobility!) were fabulously ugly. Or homely if you're being generous. And maybe this was true, they did not have the best hygiene or health care.",2025-02-05T04:08:57Z,0,0,en
Ugw8z2JBuD7orbtvWcZ4AaABAg,@oceanic2815,"Since you're on a recent medieval trend, it might be fun to see you make bread like they did back then. Grinding your own flower, baking it over a fire, ect.",2025-02-05T04:07:30Z,0,0,en
Ugy1W-MoKcIUnU7lSsx4AaABAg,@LovingShadow-e3k,Black Sugar? Is that another name for molasses?,2025-02-05T04:06:18Z,0,1,en
UgwSCOLTHtGjW4rI3UJ4AaABAg,@joncohen6059,It's kind of like cabonara in grain form,2025-02-05T04:05:55Z,0,0,en
UgzLyJI2AY4apfBD8dd4AaABAg,@jovanweismiller7114,"Actually, the traditional feast for Martinmas was a fat goose.",2025-02-05T04:00:10Z,0,0,en
UgyrnLv-sf_VeNdk5dV4AaABAg,@cauxzieruffhausen9547,"What kind of wheat? Hard red winter, soft, semolina.....?",2025-02-05T03:59:24Z,0,0,en
UgwerhEGweWdOeb22hZ4AaABAg,@RICDirector,"At the rate places arent hiring, this may wind up being a good base food for me this year...although thankfully I have my own chickens.

Max, what do you have in terms of lentils for seriously low budgets?",2025-02-05T03:58:03Z,0,0,en
Ugz3cHUQcAwJcnxsXVZ4AaABAg,@basicallyabush,Ayy,2025-02-05T03:57:12Z,0,0,Other
UgzcDR_45M3gg2GF-bl4AaABAg,@admiralradish,The greatness of the Radish will PREVAIL!,2025-02-05T03:55:56Z,0,1,en
UgxzVeH1O2_eIadtNDZ4AaABAg,@HittokiriBatosai,15:20 How did you not have Oddish over your shoulder just to represent this blue guy,2025-02-05T03:54:10Z,0,0,en
UgzII27cQ6_K0TZmDGt4AaABAg,@davidgransby176,Perfect for the coming times 👍,2025-02-05T03:52:49Z,0,0,en
Ugw6GiJQao4IJroiTmV4AaABAg,@admiralradish,I will hunt the Lord's Venison and his rabbits He cares not for me or i for him.,2025-02-05T03:52:39Z,0,0,en
UgzVl1Bi6L78TrSXfmZ4AaABAg,@eloquentsarcasm,"Some of the most fulfilling and tasty dishes I ever made came about from desperation. Being forced to make something with ONLY what you have to hand makes creativity flow, and can create great meals, no doubt many famous recipes came about because it was all they had at hand to work with. Growing up poor I've always preferred simple, wholesome food over ""fancy"" stuff. If it fills the hole and keeps you going, it's good enough for me. The blizzard of 1979 shut down Chicago and brought modern life to a screeching halt, in ancient times they were far better able to cope as they knew how to survive. Those were some tough folk back then, and being poor they never ""missed"" much as they never HAD much in the way of choices so whatever kept them alive was good enough. My early years before I was adopted I lived on oatmeal, and it did the job just fine, lol.",2025-02-05T03:48:31Z,1,1,en
Ugz-N2SsEo3Pqp5XRiR4AaABAg,@admiralradish,So you are telling me CLIMATE CHANGE can happen without cars?,2025-02-05T03:45:13Z,0,0,en
UgwtKpbglSmUGOSo2nR4AaABAg,@loveless131,"Can we make Michaelmas a thing again? I ask this, having done no research into the holiday. Just seems like a way for me to deflect conversations away from Christmas when they come up too early in the year.",2025-02-05T03:45:05Z,0,0,en
UgztjxOfIeMN8RguEDt4AaABAg,@LTslaugė671,I'm so glad we live in a day we can wear what we want without having to worry about going to jail just for putting on layers because it's cold. Hello from Chicago!,2025-02-05T03:44:36Z,0,0,en
UgyZ7yjE-pzy_fBg3yh4AaABAg,@papabearlives9995,"When you mentioned apples it reminded me of the Amish , who would dry apples and use them in there cooking. I'm not sure if ever did one on the Amish but its a great find with there food.",2025-02-05T03:44:03Z,0,0,en
UgzVOfuin1zIiW3RHgZ4AaABAg,@philosoaper,I didn't know that tørrfisk (stockfish) had a specific word...in other horrible fishy foods there's also rakfisk (https://en.wikipedia.org/wiki/Rakfisk),2025-02-05T03:43:34Z,0,0,en
UgwkHoEZF_wB2LhFRz14AaABAg,@leonardoaguilar7343,Stockfish episode please!,2025-02-05T03:43:22Z,0,0,en
UgxwuEjKqpxLgQN9UZF4AaABAg,@loveless131,The Hard Tack *tap tap* bit always gets me. Can't wait till he makes stockfish and then taps chunks together every time he mentions them in the future too.,2025-02-05T03:42:46Z,0,0,en
Ugx1o0iUM9ld_nCHHVB4AaABAg,@DavidMScott-cs8pp,"My father was born in Manitoba Canada in 1902. He said that even the winters were vey cold ie: -35 f plus, the meat was so good as it was frozen fresh. During summer however they had to eat salt beef and pork which was anything but pleasant. Thus they looked forward to winter.",2025-02-05T03:42:07Z,2,0,en
UgyRCzSc9Ghz3hFyIdd4AaABAg,@drecion1,"Do a show on milk alternatives like almond milk. It seems that it’s been around for a very long time as you have mentioned, they used it in medieval times. I’m really interested in the history of these milks.",2025-02-05T03:40:54Z,0,0,en
Ugy918eicZwf6RabwTB4AaABAg,@drewlawson1858,"I eat scrambled eggs (with cheese) 6 days a week.  When there is left-over rice with no other target use, I will add that in.  It is very filling, and I suspect similar to this.",2025-02-05T03:39:04Z,0,0,en
UgxZSWoITCSLZZOOY2Z4AaABAg,@Shannon-um2cf,"Hey Max, more biblical recipes please",2025-02-05T03:37:20Z,0,0,en
UgySC9wBKtqj6-vFVqB4AaABAg,@treiviek2,Idk if they did this during medieval  times but I read a book that said during colonial America they would submerge barrels of apples in the river to keep them fresh,2025-02-05T03:36:20Z,0,0,en
Ugx9KdfeooFEsrOGYn94AaABAg,@sylviapesek5193,"Hmmm... I can imagine adding a little mace and a pinch of sugar, honey, or molasses to that. Wheat berries have such a lovely texture!",2025-02-05T03:27:58Z,0,0,en
UgxfQuhdz-vVYpENMJp4AaABAg,@jancard228,❤,2025-02-05T03:27:16Z,0,0,Other
UgxiGoYA7YgoFhFhuRd4AaABAg,@LadyNerdMT,"I freakin’ love Tuesdays! New content from Max Miller! 
🧑‍🍳 ♥️ 🥘",2025-02-05T03:25:39Z,0,1,en
UgxeWCBnnph6Hx-SZSl4AaABAg,@brentanoschool,Ukrainians add honey - poppy seeds - walnuts - and maybe raisins = Kutiya    A Christmas Eve dish,2025-02-05T03:24:29Z,1,0,en
UgwLANHJT8-PQtQ_PWV4AaABAg,@o0alessandro0o,Dammit the hardtack got me again ::P,2025-02-05T03:21:16Z,0,0,en
UgytsiWWhI4KZOE-U7Z4AaABAg,@dm12377,"I accidentally ordered a stockfish dish while in Venice! It wasn’t as weird as you’d think, but you could definitely tell that it was a little different. It tasted like it had been made with funky, rehydrated fish jerky, which I suppose is exactly correct.",2025-02-05T03:15:24Z,0,0,en
Ugx9AsB-Pncn9g63bfB4AaABAg,@triciathedisha85,"Thanks, Max!",2025-02-05T03:15:20Z,0,0,Other
UgzrJesMMOZwNX03WEZ4AaABAg,@Vega921,"For anyone interested: Winters in the World by Eleanor Parker is a great book on the Anglo Saxon year. I just finished it and, even though it’s slightly earlier, I think people who liked this video would enjoy it.",2025-02-05T03:13:51Z,0,0,en
Ugy10_mKHVm99v1zsRd4AaABAg,@tremorsfan,Lutefisk was another way of preserving fish in the winter.,2025-02-05T03:12:09Z,0,0,en
UgxpzAhdG0rD-e0hScp4AaABAg,@sickkid1972,"Gotta love the ""hardtack"" (clack, clack) gag coming up again. 😂😂",2025-02-05T03:09:14Z,0,0,en
Ugykx-vmIyLWTD2LqWh4AaABAg,@velvetdraws3452,"heads up at at 12:00 the captions say ""because"" twice",2025-02-05T03:07:50Z,0,0,en
UgwlOB-PynUP490zz5p4AaABAg,@ScarletRebel96,Snorunt spotted!!!🎉🎉,2025-02-05T03:06:53Z,0,0,Other
UgyORlNDtKeN-3E2ZQ54AaABAg,@elainebradley8213,My parents said that through the winter they ate a lot of boiled onions.,2025-02-05T03:06:41Z,0,0,en
UgzTghRiAHG5CQ1q3ON4AaABAg,@danchisholm1,"honestly it looks really good!  and to be so simple to make, this one probably will get made.

❤ from sherman oaks",2025-02-05T03:05:28Z,0,0,en
UgxSIBroA1fH9x7jOth4AaABAg,@TazTom,"Coming into the weather cooling off, this is perfect for Australian viewers like me 🎉😊",2025-02-05T03:05:09Z,1,0,en
UgyicZmZLOcgamrsXER4AaABAg,@HappyBeezerStudios,"Surviving winter?
Lots of roots, tubers, onions, and some dried meat and fruit.",2025-02-05T03:01:49Z,1,0,en
Ugwp6tCTJ_-yS6Y9Tx94AaABAg,@JapaneseAnimalover,"When you said Forme of curry and Porpoise I flew to my cookbook shelf and grabbed my copy of form of curry and got real sad when he says to make it as before and the annotation says this is the first mention of Furmente. 

I happen to be very distantly related to King Richard II and so, I set forth a curse upon you Samuel Pegge! Why couldn't you of actually included it in your book?!",2025-02-05T03:01:23Z,0,0,en
Ugw7gmVBDcCo0An73Xd4AaABAg,@ciaraharville4353,HARD TACK *CLACK CLACK*,2025-02-05T03:00:12Z,0,0,en
UgzEMlXwRkYe6vQMLvd4AaABAg,@bugbuddy1771,Great stuff. Thank you for posting this.,2025-02-05T02:58:35Z,0,0,en
UgxFZKO5Z7-WfGxPv-54AaABAg,@thebratqueen,Ironic that while you're making this today the eggs are one of the most expensive ingredients .,2025-02-05T02:58:12Z,0,0,en
UgzzshH3Rfj3eizp2r54AaABAg,@rainingmen234,"Max, did you give my April idea any thought LYSYL😂",2025-02-05T02:54:41Z,0,0,en
UgyvSClvPOZi40xcY694AaABAg,@SusanForeman1963,"My nephew said I eat like a medieval peasant. I guess it's true but I would call it *a one pot meal"" or ""being frugal"".",2025-02-05T02:53:37Z,0,0,en
UgwxeOJ-QYP4ojkKVq54AaABAg,@chrisforsyth8323,Thank you.,2025-02-05T02:47:46Z,0,0,en
UgwEGCMWDE1PWA2bKBh4AaABAg,@stephaniescarlett7887,wheatberry(rice) puddin,2025-02-05T02:46:55Z,0,0,en
UgwNnwR5tLvRyM5WXTh4AaABAg,@JerryB507,"Not to long ago over at Townsends, Jon reported they still had a supply of Stockfish. Maybe give him or Ryan a call.",2025-02-05T02:46:54Z,0,0,en
UgxQDnFwFGsnTlycrfZ4AaABAg,@AngelavengerL,"Oh man, I love grain bowls like this! The texture of unmilled grains is so good, and I think more people should try cooking with them. Our favorite is Farro which sometimes is labeled ancient grain and second would be Barley. We use almond milk, but oat milk or regular milk with egg like he did all taste fabulous!",2025-02-05T02:46:11Z,7,0,en
Ugw8V3h7pS8KmWP4r-54AaABAg,@andersjjensen,"LOL! That's the first time you've run the hardtack skit without me seeing it coming. Fair play, Sir. Fair play!

Also: This dish is much better with oat than wheat. Oat has a faint nutty flavor that really comes out when boiled in milk.",2025-02-05T02:45:31Z,0,0,en
Ugy6Q2bXBJYnz4bHq5x4AaABAg,@jjmfdl,Stockfish garum,2025-02-05T02:45:19Z,0,0,Other
UgzmJNBThul4Y_RaJHR4AaABAg,@stephaniescarlett7887,"ooh- townsends did an ep. on stockfish a long time ago. john cookt it outside in one of those rugged- type pioneering scenes- it may've even contained hardtack *clik clik* if memory serves me....and he did beat the dogsnot out of it, i do remember that for sure...it's worth a look ;)",2025-02-05T02:45:08Z,0,0,en
UgyY7OQzL_XEg_ADtuZ4AaABAg,@butterknife1066,"Huh, so stockfish is basically European bonito",2025-02-05T02:43:14Z,0,0,en
UgyWC7f7BdVXelhrbxJ4AaABAg,@TK-mj9rd,I'd love to see a stockfish episode!,2025-02-05T02:42:32Z,0,0,en
UgxKyQW64hnOc80KqPV4AaABAg,@Evergreen64,Why is there a shark wearing a hoodie behind Max?,2025-02-05T02:41:44Z,0,0,en
Ugxk7gMGfmKMfoT7XZp4AaABAg,@questforagarden9699,Hi Max! I love the history you dig up for every episode.  I'm searching for info on herbs in the bible. Do you have any resources or that you can point me in a direction other than the Bible?,2025-02-05T02:38:15Z,0,0,en
UgwiVJruGfvVJ8KDHid4AaABAg,@kcm415,I always love the hard tack guest appearances,2025-02-05T02:36:03Z,0,0,en
Ugx7L7OApizgvMxSHs14AaABAg,@annettefournier9655,We have a local soup kitchen and food pantry that brings thanksgiving and Christmas holiday meals to our low income elderly housing tenents. At Christmas they also bring a little personal care package. In that package were 2 pairs of Bombas socks . They are very nice  and it was very nice to recieve them.❤,2025-02-05T02:35:41Z,7,1,en
UgzDFUFcvUDCo7JogvN4AaABAg,@JRey-re9rl,Medieval global warming?! 😳🤔😂🤣,2025-02-05T02:34:53Z,0,0,Other
UgwC_hoNAWJ-HcNXfBl4AaABAg,@zennvirus7980,"Now Max, as a Miller, what about Cream of Wheat?
Was it made in those old, small round home mills? Y'know, the ones that made gave birth to the expression ""the grind"".
I ask not only because I love me a good bowl of CoW, but also because of what was shown in one of the episodes on the documentary on building Guédelon Castle; a modern castle built using recreated techniques from the Medieval period.
In there, when the re-creationists exemplify the usual diet of the workers, they made Cream of Wheat porridge using the old method, which included a small stone mill that would've been available to medieval people.
Perhaps you can enlighten us about not only the process of making, but also the story of Cream of Wheat.
Which always goes perfect in the morning with two spoonfuls of Real Canadian Maple Syrup and some Blueberries.",2025-02-05T02:34:16Z,0,0,en
UgzgTlAUMzurcboVsId4AaABAg,@brucealanwilson4121,"I've seen similar recipes using rice.

One might add dried currents or other dried fruits.",2025-02-05T02:33:44Z,0,0,en
Ugydjm_D5HCGW1kbRWF4AaABAg,@infoscholar5221,"If you were a poor serf, if the stuff was hot, you were grateful to get it before a day of grindingly hard labor. Like the people who consume a high starch diet, who cut our lawns and tend to our other base needs, that are about to be deported.",2025-02-05T02:32:55Z,0,1,en
Ugy5QSo5-HZu0tcJtY94AaABAg,@cowboy0776,"Hard tack; bink, bink! 😂",2025-02-05T02:32:38Z,0,0,Other
Ugyfdd6Q7aKNsRaLH5p4AaABAg,@headrushindi,"Next time I find myself a Medieval Peasant...Ill be sure to whip up a hearty cauldron full.  Actually I always make random recipes that I get from you max . I think this coming weekend  I will make this one  but I will make 2 versions. The one (you) made , and the one adding the  cinnamon sugar etc.. both sound good.",2025-02-05T02:31:45Z,0,0,en
Ugw_8pgs0MNM2nwkYql4AaABAg,@Newfoundland_Imperials,"Please make a video on a 1700s drink called Calabogus. I found it in a Newfoundland civil Justice play about a 1763 ""court"" case where the bystanders casually bring out two bottles of ""Calabogus"".",2025-02-05T02:31:36Z,0,0,en
UgzXI9de34Jl-lRh-IV4AaABAg,@AlmostAlwaysAudiobooks,Saffron is expensive. Would Turmeric work in this recipe if we can't afford saffron?,2025-02-05T02:28:51Z,0,0,en
UgxvAc3vE6MnMTkNCvR4AaABAg,@btetschner,"A+ video!
LOVE IT! What an interesting topic!",2025-02-05T02:23:49Z,0,0,en
UgyDGrXRfAaAf8TU7DR4AaABAg,@AuntMeiDumplings,Please more Titanic recipes in April ❤,2025-02-05T02:23:42Z,0,0,Other
UgzpF05eBfxsnqfYuTN4AaABAg,@nadyaakins8202,Yes the first hard tack clip of 2025!,2025-02-05T02:20:32Z,0,0,en
UgyBhr9y48NZZMbm4Dt4AaABAg,@InABroadwayStateOfMind,"Ah, nothing like a good hard tack *tock tock* appearance to liven one’s spirits 😆",2025-02-05T02:20:10Z,0,0,en
UgwnpmVG32qYKoULQct4AaABAg,@OneAccord1,Frumenty sounds like the easy and fun yet complete financial app perfect for everyone,2025-02-05T02:16:29Z,0,0,en
UgzJIlACB2MxjPP6Ll54AaABAg,@tgbluewolf,"It's kinda ridiculous how much I was hoping to see the Mushu ""look, you get porridge--and it's happy to see you!"" clip...😜",2025-02-05T02:12:57Z,0,0,en
UgznUl1yU0qCR-EzQzt4AaABAg,@periwigged,baccalà!,2025-02-05T02:12:43Z,0,0,Other
UgxMlHdqzSmfqAZ9FBN4AaABAg,@mrsubject1,15:25 bro is just straight chilling,2025-02-05T02:09:32Z,1,0,en
UgyX0v0rZcSR-tJfLyJ4AaABAg,@kaspershaupt,11:30 That must be why we eat pork and geese/duck for Christmas here in Denmark,2025-02-05T02:08:49Z,0,0,en
UgwDwRawjs6qGhdRQ2V4AaABAg,@user-kq2hk4qv5n,Max... im pretty sure you didn't notice... but what is going on on the left side of the image at 15:54?? is this some sort of out house where all is let to hang out??,2025-02-05T02:08:22Z,0,0,en
UgwN0wwKeuo0UEzlGOJ4AaABAg,@michaelthayer5351,"This recipe would work for pretty much any grain, like whole oats, buckwheat, barley, or anything else you might have that's cheap. Also some melted butter or cream would add a lot of richness to the milk/yolk mixture. Something to keep in mind for our future as neo-serfs.",2025-02-05T02:03:32Z,0,0,en
Ugw29YbSgyhfXVRtSnR4AaABAg,@annadrift4,"As a medieval peasant, I cannot afford the eggs for this recipe.",2025-02-05T02:03:32Z,0,0,en
UgzVs9qnNqcezTpqEOZ4AaABAg,@ELWest1000,I'm sure this dish was much more economical for a medieval peasant who only had to wait for a free egg to drop out of a chicken's butt.,2025-02-05T02:03:31Z,0,0,en
UgxrwGUQyeWOif4QAdd4AaABAg,@monikapaden2937,When you were describing the flavor of the wheat it made me wonder what kind of what you used... I feel like in this kind of recipe red vs white wheat would make more of a difference than in most.,2025-02-05T02:01:34Z,0,0,en
Ugy-Ou8I23zJWHz-YFx4AaABAg,@Gorenghal,11:00 just warming their nethers,2025-02-05T01:57:49Z,0,0,en
Ugxuh7fPSgQOi1JEe-h4AaABAg,@kryptc744,How much sugar would you add to it?,2025-02-05T01:57:01Z,0,0,en
UgyKBPh-lZZrYqxOdBJ4AaABAg,@doltsbane,Looking for an excuse to buy that home freeze dryer?,2025-02-05T01:54:52Z,0,0,en
UgxlqXIuODCmwngc-LF4AaABAg,@KevinFaulkner-z4o,Clack clack,2025-02-05T01:53:46Z,0,0,en
Ugwg0ZqMn69GGxx2-WZ4AaABAg,@kiriaioulia,"I have a delicious recipe using wheat berries... Koliva (also known as Setari and Boiled Wheat) it's a traditional dish for memorial services in the Orthodox Church.  While the recipe varies (mainly due to your location and tradition).  It's a sweet dish, and there is quite a process to create it!  I'd love to share it with you!!!!!",2025-02-05T01:53:25Z,0,0,en
UgxNprOl7Diuyopdtn54AaABAg,@katmandudawn8417,"Could this have been a precursor of rice pudding? 
Grain, eggs, milk, sugar, spices…..sounds very familiar. 

I used to put on Medieval banquets as a History Major and then a Restaurant Management Major back circa 1980 ( yes, I like school and what do you do with a History degree?)
I remember a frumenty recipe in one of the cookbooks. 
The was a sweet dish called Ein Mus Von Jerusalem, which was peachs in cream with ground almonds.",2025-02-05T01:51:42Z,0,0,en
UgwLJbzuyBGEZJR0Zhh4AaABAg,@amandadonaldson8748,"I studied climate science in grad school and was saying “Medieval Warm Period” in sync with you, lol. Guess I never thought about what an uncreative name that was. I love some of the very human-like details in those Medieval art pieces you were showing… people warming their foot next to the fire they’re cooking on; the guy working the field with his gloves stuffed into his belt. Really reminds you they weren’t so different from us!",2025-02-05T01:51:09Z,0,0,en
UgzPTQWU9M1byXExEOF4AaABAg,@btetschner,Drinking a glass of milk...while watching this video!,2025-02-05T01:50:21Z,0,0,en
UgxCKX4Xz2cCfVlOXA14AaABAg,@meacadwell,"I've actually eaten this. When I had it we put butter and maple syrup on it. I thought it tasted like an eggy mixture of Cream of Wheat, pancakes, and Wheat Chex cereal.",2025-02-05T01:47:04Z,0,0,en
UgycgKpd_I5osIcKvOh4AaABAg,@ellenosceola5707,Those were sumptuary laws.,2025-02-05T01:44:06Z,0,0,en
UgzqD3xTpYpzes5fWCt4AaABAg,@Graham_Rule,That looks like a decent meal. Have you thought of calculating nutritional values for your recipies (as though they were labels on ready-meals)?,2025-02-05T01:43:24Z,0,0,en
UgzAAm8DKlI0Ys3w_C54AaABAg,@ifferl8781,I think this is the recipe I'm going to make. I am a savory oatmeal lover. This is perfect.,2025-02-05T01:42:23Z,0,0,en
UgwTOG8Nj6hoj1TVG8p4AaABAg,@pjr8760,I wonder what pokemon max has for this episo- SNORUNT MY BELOVED,2025-02-05T01:41:48Z,0,0,en
UgwF7wtnMGIydkUhv8J4AaABAg,@DrIgnacious,I fully expected this to be sponsored by Kingdom Come: Deliverance 2 which launched today,2025-02-05T01:38:53Z,0,0,en
Ugys-b1BpXm8C7Z-ozJ4AaABAg,@donaldwert7137,Wheat Berry sounds like a Tolkien character.,2025-02-05T01:35:32Z,0,0,en
UgwL-aXlDz9FGfpYxc54AaABAg,@julieputney4317,"2 things: Yay for the hardback clip, and I really like the illustration of the blue radish ❤",2025-02-05T01:31:30Z,1,0,en
UgxpntGLHjl5MgNImiB4AaABAg,@kantemirovskaya,"But Max... your in Cali where I grew up. Come to New Hampshire where we live now... surviving Winter takes on an entire new meaning... lol when it hits 32 F (0 Celsius) folks where shorts and flip flops to the grocer (no lie here... the real truth, just not me lol) We can make some Black Bear Goulash and Maple Bacon (yup-Maple syrup is local from friends!)Ummm, Max, I just wanna say when you said Wicked Winters your pronounced it WIcked Wintahs... a VERY New England thing... do you have New England roots????? lol",2025-02-05T01:31:25Z,0,1,en
Ugw7n4ww8jh7DzBZpOl4AaABAg,@ragnarteeveer5640,what did they do with the egg whites?,2025-02-05T01:28:16Z,0,0,en
UgzTdqpvxCljOx2fuix4AaABAg,@Crackracket,11:01 that's some medieval fufu and wingwang right there on the left. What are they actually doing though? Lol,2025-02-05T01:25:49Z,0,0,en
Ugx1PfsUAFxKDXJE64Z4AaABAg,@intractablemaskvpmGy,I'm assuming they ate pottage year-round as well.,2025-02-05T01:25:06Z,0,0,en
Ugzo0MbA4zq0r8xsXAV4AaABAg,@rezkerry8809,I’m curious if this is basically the same dish as the firmany in the novel “The Mayor of Casterbridge”. In the novel it has illegal alcohol in it which causes the protagonist to make a stupid decision that sets the plot in motion.,2025-02-05T01:23:26Z,0,0,en
UgyvewyAaeB8PnYGFgh4AaABAg,@solocamino,Am I the only one who wants to know why Max (probably Jose in editing) chose medieval illustrations displaying genitals and urination 😂😂😂😂😂😂😂,2025-02-05T01:22:29Z,0,0,en
UgzXcD0JCA0VwF6t6SJ4AaABAg,@feralkid1879,I love oatmeal but that wheatmeal gruel don't sound at all appealing.,2025-02-05T01:19:52Z,0,0,en
Ugz0WXQWaQy0j3_HupJ4AaABAg,@aliasfakename3159,No wonder potatoes got so popular when they came along,2025-02-05T01:15:39Z,0,0,en
Ugw6Kg-mghAMlWwqwK14AaABAg,@tonysladky8925,"""I'm not concerned with how the royals will survive winter. I trust they'll be just fine.""

You can just admit you struggled to source porpoise for the royal version... /s",2025-02-05T01:15:13Z,0,0,en
Ugy-NqT2F9B5U6IKiHl4AaABAg,@anounimouse,"Max, you've probably been eating 'Instant' oats, 'Quick' oats  or those sugary packets of - basically - powdered oatmeal. You need to try these: either steel-cut oats (much like Wheat Berries) or cook Quaker Old-Fashioned Oats this way: Pour 1&½ cup boiling water over 1&¼ cup Old-Fashioned Oats  and microwave on high for 7 minutes. Each oat comes out SEPARATE and chewy in texture!",2025-02-05T01:13:50Z,1,0,en
Ugw3zBbb1wvu9quPgKt4AaABAg,@erich8258,Yes to a stockfish video!,2025-02-05T01:13:09Z,0,0,en
UgzsPKYrOvr0yt-WeaB4AaABAg,@Aramis419,"Does this mean we'll get to see a ""stockfish! *clack clack*""?",2025-02-05T01:10:55Z,0,0,en
Ugxf9cnM6UmVVAD2L194AaABAg,@SCMSimplified,if you need a guide around italy I know a great deal of good and interesting restaurants in rome,2025-02-05T01:10:18Z,0,0,en
UgxAYf4sLqAYdWchbNd4AaABAg,@snudder.s.m.l.5026,"You can get stock fish/dry fish from our Greenland or from a special store in Denmark. 👍😀
And probably from Iceland and Færøerne. 
Big hugs from Denmark.
💝🌹🥰",2025-02-05T01:08:48Z,0,0,en
UgzIt0TNUy_uQ31GKNl4AaABAg,@hlynnkeith9334,Yes! A wonderful surprise! My compliments for working in the hardtack clip. Made my day.,2025-02-05T01:08:34Z,10,0,en
UgzjYyLGu4H5McTwIhJ4AaABAg,@Niand82,I love the hardtack cuts,2025-02-05T01:05:06Z,0,0,en
UgwCGE41fQ0AcGQI1T14AaABAg,@combowumble,"Max, on the stockfish (if you didn't already know), try an African market for sourcing. There's one near my place (northwestern Minneapolis suburbs) that carries a lot of it because it is popular in West Africa.",2025-02-05T01:04:29Z,0,0,en
UgyBUmQri1VWFHgnNmp4AaABAg,@keithsadler5260,Just having something to eat back then would make you so thankful.,2025-02-05T01:02:53Z,0,0,en
UgwEGeSFz285DqiDWpZ4AaABAg,@higglety230,I'm pretty sure i've seen frumenty recipes  that called for wine and dried fruit.,2025-02-05T00:59:34Z,0,0,en
Ugx8aFQBfGTmON2ZErF4AaABAg,@saltymcpepper5777,Tuesdays after work are for Max Miller.,2025-02-05T00:59:34Z,0,0,en
UgyTrmla5FkCZNrLgQ14AaABAg,@alexcook2206,The snorunt in the back was a nice touch for a winter video 😂,2025-02-05T00:59:11Z,0,0,en
UgyTjCAc2FzgfGP9LkR4AaABAg,@kaitlynavitia1359,OMG I’m early for once!!!,2025-02-05T00:58:57Z,0,0,en
UgxOT6L0uJArjGJXePV4AaABAg,@carlosspicyweiner1,I didn’t notice how high Max Miller looks until he mentioned it himself. Now I can’t unsee it,2025-02-05T00:58:16Z,0,0,en
UgxKaAWNKnpLv_r3t5p4AaABAg,@homesweettrailer7565,Lucky peasants got to use three egg yolks 🙄,2025-02-05T00:58:01Z,0,0,en
UgxXYva3v6uEaSSz7wZ4AaABAg,@neauthraxyeet3307,As a broke man in 2025 this will be very useful and affordable everyday,2025-02-05T00:57:35Z,0,0,en
UgzFDOzfxZfC3laO5J14AaABAg,@RangerMan-yv7rl,"My good looking fellow, thanks for yr enlightenment on how ordinary folks ate the lean years. Makes us value tge foods we get today except thru war times",2025-02-05T00:55:44Z,0,0,en
UgxgipMP6zetvssdpbJ4AaABAg,@marymugge1523,"I think I'm developing a physical tic. Every time I hear the word hardtack I automatically tap something twice now. Thanks for that, Max. XD",2025-02-05T00:55:41Z,0,0,en
UgyFlC-7Pne8fIEIZop4AaABAg,@SRMC23,"Making porridge to stave of the cold reminds me of something people drink in Colombia sometimes, specially in the mountainous regions where the nights and rainy days can get chilly enough to warrant a sweater, instead of hot chocolate they prepare ""colada"" which is essentially oatmeal shake, either with flakes or pulverized oats with cinnamon and sugar for flavor. I guess all cereals have this thing of going really good with milk once they get soft enough.",2025-02-05T00:53:16Z,29,1,en
Ugzh7rl09Okk6O6smEN4AaABAg,@davidfurr6004,"Don't forget ""Lutefisk!""",2025-02-05T00:53:00Z,0,0,Other
UgyH9Fmk3Bk-TaOUdg94AaABAg,@chaboof4067,"Stockfish mentioned

Millions of rooks must be sacrificed",2025-02-05T00:51:30Z,0,0,en
UgwPsPKLcCJWzIXTkvR4AaABAg,@dougsinthailand7176,Bulgur is still eaten in the Middle East. It’s usually cracked when dry and precooked then dried again.,2025-02-05T00:51:23Z,0,0,en
Ugxxp5fqIKUQC9hvZ1d4AaABAg,@yourdogsnews,"Man, you’re getting a lot of mileage out of that hart tack clip.",2025-02-05T00:50:09Z,0,0,en
UgykNpRenHj3ckBHFkR4AaABAg,@kg6276,I would be curious to know if any other grain that's non-glutenous might be used in a similar fashion. I suppose oat groats wouldn't work?,2025-02-05T00:48:06Z,0,0,en
UgxEU5l-VGO5Urd_jKt4AaABAg,@Curious963,Nigerians eat a lot of stockfish so if theres an ethnic market that caters to that crowd maybe you can find some there without relying on online sales?,2025-02-05T00:46:23Z,0,0,en
Ugzx3vVGOOjJ7XjQhw54AaABAg,@masteretainturmakan,"15:27 I see you, Oddish",2025-02-05T00:44:10Z,0,0,Other
UgwidoYCO20TqCdxqzp4AaABAg,@ElliElli4390,"I was gonna make a joke that we'll all be adding some peasant frumenty to our diet with the possible tariffs coming, but than i saw the eggs 😅",2025-02-05T00:42:11Z,0,0,en
UgxUkKY2WHLfcP-2hA14AaABAg,@mattzegarski3831,13:30 I will never get tired of that!,2025-02-05T00:39:40Z,0,0,en
UgwzljdHs47aoPh_cLR4AaABAg,@sonipitts,Disney Prince Max over here lording his egg stash over the rest of us American peasants who'll have to make do with egg substitutes. 😆💩,2025-02-05T00:33:27Z,0,1,en
UgzLVfX1xi4kJlr3vi14AaABAg,@garrettschmidt-mccormack7012,"If you make stockfish, you should then try the next step and make lutefisk",2025-02-05T00:27:53Z,0,0,en
UgwO26xCVmlCNFOE8N54AaABAg,@Palkia3398,Saw this notification and thought Max had gotten a Kingdom Come Deliverance 2 sponsor lol.,2025-02-05T00:25:07Z,0,0,en
UgzZMLD0YPdfe5ThItF4AaABAg,@DbZ-Legend1,Stopped playing kcd 2 for food break ans look whay i get joyous,2025-02-05T00:23:59Z,0,0,en
UgxwsEmx7TEPiu3In7J4AaABAg,@ponyote,"Yay, new Tasting History. <3",2025-02-05T00:21:57Z,0,0,en
UgySsYkFbGwYym8d0wt4AaABAg,@thefarmerswife7575,"Hey,  fun fact. Milk and eggs would likely have been less available during lent than other times of year. This is because lent always occurs in early spring, just before the time when milkcows are most likely to calve, the spring.  Yes cows can calve any time of year. But during the middle ages peasants would most likely have their cows on a springtime calving cycle since the feed would be the most abundant that time of year with meadows and pastures full of lush fresh grass.  During lent the milkcows would be producing the least amount of milk and might not even have been milked at all so that all of their energy could be devoted to ensuring the birth of a healthy calf. 
Similarly,  eggs are not as available in winter and spring because chickens are less productive in the winter because there is less daylight.  It's very possible the high cost of eggs right now is not only because of bird flu but also is a seasonal occurrence. Anyway, the restrictions on dairy and eggs during Lent might have merely reflected the fact that they didn't have these products anyway. I don't of that is definitely the reason, but I know that generally milk and egg production are down on farms during the late winter and early spring months.",2025-02-05T00:20:57Z,135,2,en
UgzHwlar5WQOFaeskHl4AaABAg,@rgrwlco,16:02 that's a penis,2025-02-05T00:18:47Z,1,0,en
UgznwgIegJe2JBD8IB94AaABAg,@bensamuels4976,Hardtack! Knock knock 🙂,2025-02-05T00:18:42Z,0,0,Other
UgwFYmHQvtLCEp6tkN94AaABAg,@dawne6419,I think Townsends had an episode on stockfish and its longevity. IIRC he had a heck of a time breaking some off.,2025-02-05T00:18:26Z,0,0,en
Ugw-54cl6FNW5aZK7TB4AaABAg,@pamelamays4186,"He may dine like a peasant, but Max is definitely no culinary peasant.",2025-02-05T00:17:29Z,0,0,en
UgxgwK7kcYeScpzIyft4AaABAg,@irenejoseph9547,Always love the inclusion of hard tack.,2025-02-05T00:16:50Z,0,0,en
UgznXFZalZthD7iA0VZ4AaABAg,@tenaciousc88,The hard tack cutaways get me every time 😂,2025-02-05T00:16:26Z,0,0,en
UgzpdyDbsM9EiKiTlC94AaABAg,@theexpotition,"Clearly you need to make stockfish now, as the veracity of the quote ""as the skin of the stockfish clings to a man's hands when it is boiled"" surely needs to be illustrated to the modern masses.",2025-02-05T00:15:50Z,0,0,en
Ugys4OZLTQNgdTbqeaB4AaABAg,@XylobeX,Three whole egg yolks? Did you make the royalty's recipe by mistake?,2025-02-05T00:14:15Z,0,0,en
Ugz5E51rl26AlSLNi3J4AaABAg,@kafeiii,literally my favourite youtuber. I love you,2025-02-05T00:13:09Z,0,0,en
Ugxqr4J0LGgKfYhBZ554AaABAg,@pamelamays4186,"Ah, the click-clack of the hard tack.💥💥",2025-02-05T00:12:50Z,0,0,en
UgzXT3E9oSnP33ySXzB4AaABAg,@Sue-t3h,Chickens are off lay in the winter. They would have eaten eggs preserved in isinglass,2025-02-05T00:11:18Z,0,0,en
Ugyj2IU25KAGcHo1WAR4AaABAg,@fuschyfree,"On Stockfish, Townsend's did an episode on it a few years back.  Definitely takes a lot of work to prepare it for cooking, but it does look interesting.",2025-02-05T00:09:18Z,0,0,en
UgxY6ovI9-0wHm9h67l4AaABAg,@stephencoons3830,"Max, love the video’s and the all teaching you do.  The sharing of the medieval art gave the wife and I a  laugh that we so much needed.   If you need a reference the ladies were smoking parts that may have not needed to be cured for the winter.",2025-02-05T00:08:29Z,0,0,en
UgyRfV_hKP4TQrlIXop4AaABAg,@Sue-t3h,Salt Cod is delicious,2025-02-05T00:08:23Z,0,0,ca
Ugx9bad8jYYZnKLlSLR4AaABAg,@thebestcdub3041,Idk why but the basic everyday recipes like these are always my favorite. Brings you a taste of what life was like. Literally,2025-02-05T00:05:33Z,14,0,en
UgyfiXqK3oJAijB0tlN4AaABAg,@doodlecharmz,0:01 you can see the red hat guys pipi 😅 lmao,2025-02-05T00:05:24Z,0,0,en
Ugw3saWf_YQjDFPLSSd4AaABAg,@guillaume4519,"On some other history channels people say that fish was less a nobilty thing, because they don't have legs and are not seen as as much ""holy"" / kinda god creatures.",2025-02-05T00:04:02Z,0,0,en
Ugym7Ae5zrVEYy2QRgZ4AaABAg,@pamelamays4186,This porridge recipe is just right!🐻🐻🐻🥣🥣🥣,2025-02-05T00:03:51Z,0,0,en
UgzlZ-w8-MMOUkxP8Q94AaABAg,@jeremylastname873,I bet that would be good made with rye.  I have made almost the same recipe with buckwheat groats.  I didn’t know it was a thing long before I thought to try it.  😂,2025-02-05T00:02:19Z,0,0,en
UgxUDLVt7LI_b2vtpah4AaABAg,@toddshook1765,"Our family has wheat for our emergency food storage. Once a while to keep our bodies used to the wheat, and practice recipes, will cook a batch in the slow cooker. 
Then take some and add cinnamon, cream, raisins, etc for breakfast cereal. I will make my wheat chili with some of the batch and family likes it. Just like any other chili recipe with same spices and sauce just no meat.",2025-02-05T00:02:14Z,0,0,en
Ugz5tJaFzLvpZovPeJF4AaABAg,@drahcir8402,I'm looking forward to the stockfish episode now.,2025-02-05T00:01:44Z,0,0,en
UgwCClVKb9eF7J3qxRV4AaABAg,@melindawargowsky8176,"Hold still, Flipper!  I need to make frumenty!  Don’t worry.  I’ll be humane and just use one flipper.  Your tank’s circulation, anyway…",2025-02-05T00:01:44Z,0,0,en
UgzCbDjA9-ln1iDlF-Z4AaABAg,@Butter-789-g7v,"The Bane of our existence was Landlords. Stop the Lords of the land. It's now the government. Christianity and the government is the Bane of Europa's existence. Stop them. Ugh. Eat bloody meat, Europa, you will win.",2025-02-04T23:59:58Z,0,0,en
Ugy381BDCELLpiYrQCp4AaABAg,@Sue-t3h,"I don't think it is pronounced fruMENty, but swallowing the n as frUmety. The stress on the u",2025-02-04T23:57:47Z,0,0,en
Ugy044qHlQ-ScUZaJcZ4AaABAg,@d4n737,Psh! Someone didn't have a plentiful harvest this year... Couldn't be me lol,2025-02-04T23:55:19Z,0,0,en
Ugxf7evjh0mrNRXSsUZ4AaABAg,@Dom_Maretti,"I make something nearly identical to this using steel-cut oats. Cinnamon is pretty good, but what actually tastes the best (IMO) is either fennel or cardamom. Cardamom for a sharper flavor (especially if you were to add some apple slices to it as a finisher), and fennel for a homey sweetness. My version with oats actually has kind of an old-timey candy flavor with fennel...a bit like Boston Baked Beans (candy...not dish), minus the peanut.",2025-02-04T23:54:07Z,0,0,en
UgxEbJ3zglFSn-A0-wx4AaABAg,@naamadossantossilva4736,That bit about preserved meat made me think a series on sausages would be cool.There are so many and they were so important.,2025-02-04T23:51:25Z,0,0,en
UgzQK6aUzfDbDK96jNF4AaABAg,@Escargot10-13,would this work with buckwheat??  I have lots of that here on hand,2025-02-04T23:49:38Z,0,0,en
UgxDC8w4QvOQybXnbpZ4AaABAg,@paulnathanmullock6214,"This looks delicious. Last month I combined tomato soup,  rolled oats, and sausage. It was delicious and I felt like I was a king in the medieval times.",2025-02-04T23:48:49Z,0,0,en
UgxJP8mzw4Fz_RwSUDZ4AaABAg,@Butter-789-g7v,"Buck the landlords, fish where you want.",2025-02-04T23:48:42Z,0,0,en
UgwGvflKq1ynWij6pOh4AaABAg,@395leandro,"My mom used to make something similar to me, especially when it was cold, but she sweetened it with honey on top after it was ready. She also added cinnamon which made it so much tastier.",2025-02-04T23:48:10Z,0,0,en
UgwghvqyYzVbxh-Yg7l4AaABAg,@pwcoale,"I’ve been waiting almost 4 years for a peasant pottage, or a perpetual pea porridge, at least nine days old, if possible.",2025-02-04T23:47:29Z,0,0,en
UgzwyiQeq8EHSO9BxcN4AaABAg,@jimg9820,"Since barley is good at ""mopping up"" cholesterol, I do sometimes have barley porridge for breakfast - I make it with stock and veg like carrot and onion. I have thought about cooking it in milk so will give this a try!",2025-02-04T23:47:18Z,0,0,en
Ugyw-8OjhI9I6W975_t4AaABAg,@vak9779,Btw not all salted meat got boiled maybe in the north it did but in Italy france and Spain there are a lot of ways to keep meat softer hamon caapocollo bresola and so on also if you slice meat very thinly you don't have to chew it as much,2025-02-04T23:46:09Z,0,0,en
Ugyw73bMwRsDGNaFWBt4AaABAg,@thomasruffo2819,You should make stockfish,2025-02-04T23:45:32Z,0,0,en
UgxZ9DuiKH5e1kxysNF4AaABAg,@jessieboyd9896,"Just at 16:00, was it common for folk in those days just to air out their junk? Asking for a friend.",2025-02-04T23:45:00Z,0,0,en
UgxQVpHizdCI9mWYf_N4AaABAg,@petedafook,"Today we like hot porridge made from masa harina, bsugar, star anis, salt & milk.",2025-02-04T23:44:01Z,0,0,Other
UgwZcuVK8dsTfKAo2yd4AaABAg,@kpusa1981uk,"Is Lent in  Spring
And  Advent in Winter",2025-02-04T23:43:41Z,0,0,de
UgyyqvNxQRaPo9Zs6cZ4AaABAg,@TophMaGoats,I’m watching this as notes for after WW3 (hopefully 2027 won’t go as bad as predicted),2025-02-04T23:42:55Z,0,0,en
UgyswaVHCG6gqWQdwX14AaABAg,@Butter-789-g7v,Prepare  a lot of meat for winter. Wheat is slave food.,2025-02-04T23:42:46Z,0,0,en
UgyILhxFRNSK92upix14AaABAg,@timothyhayes6527,"For stockfish, plan a trip to Norway.  They’ll be happy to show you all the stockfish you could want, as well as the drying process.  

But you will get thrown off all forms of public transit if you try to eat some while aboard.",2025-02-04T23:41:38Z,0,0,en
UgzfLV5WM4CVLCtn64Z4AaABAg,@denizamy,"i hope you find a way to integrate that hardtack clip into every video moving forward, it makes me laugh every time 😂",2025-02-04T23:40:01Z,0,0,en
Ugyzc8wfD8PEH2FGXJ94AaABAg,@kweassa6204,"I'd be interested in a meat-dish, with perhaps some introduction to how Medieval societies needed to cull their livestock before every winter, because not until at the least the late Medieval, there simply wasn't enough food to keep the livestock throughout the winter. So aside from the animals chosen to reproduce in the next year, the rest will be culled to become food for winter. It's at that short span of time in preparation for winter there'd be a small, short surge of lots of quantities of meat (and leather) -- and I'd love to learn if there were any special meat dishes the people might have enjoyed in that opportune season.",2025-02-04T23:39:54Z,0,0,en
UgzrAIpoDlMM1IKexbF4AaABAg,@lauradi308,"Max: casually mentions the option of using almond milk to boil porridge during medieval lent…
Me: 🤯

Any chance we could get a whole episode on the history of milk alternatives?",2025-02-04T23:39:49Z,0,0,en
Ugw0aMTCF4lSaNgrTCV4AaABAg,@Butter-789-g7v,"Eat rare ribeye, raw oysters, and shrimp, you look unwell. Carbs are shit, try your recipes, then throw it away, dear bhoyo.",2025-02-04T23:38:09Z,0,0,en
UgyFi0Vtp3rJuPFponJ4AaABAg,@TheLonelyGod42,11:04 did anybody else look closely at the two people in the far left of the painting? 😄,2025-02-04T23:38:06Z,0,0,en
UgzWMSh9aSp74-gBUw94AaABAg,@bartsimpson6767,Maybe better with maple syrup???,2025-02-04T23:37:02Z,0,0,en
UgxnO6hyP46F7Mz-4T54AaABAg,@sauerkraut2315,"You can buy stockfish today, you don't need to make it. It's frequently used in West-African cuisine (There's a whole series of posts in how Norwegian Stockfish became a staple in West-Africa), so so have a look in Nigerian or Ghanaian shops.",2025-02-04T23:35:49Z,0,0,en
UgyHWOsZAPnUPNx3MBh4AaABAg,@Butter-789-g7v,"Eat more meat, Max, you are getting pronounced eye shadows, you are not getting enough ruminate meat. Eat some rare beef steaks, bhoyo. You are looking anemic. I am concerned for you. You are Aryan, and need much meat.",2025-02-04T23:34:56Z,0,0,en
UgwKec35p0y1GQ9JRL94AaABAg,@wlindboe,"yes, please do a stockfish recipe.  also, any reference to hard tack clack clack gets my approval.",2025-02-04T23:30:50Z,0,0,en
UgzQfhLd-zzICs-ds-14AaABAg,@chrisr251,"Rather than trying to cook (or even get your hands on) stock fish, look at Baccala.  That is the salted version of stock fish that also came from the same Nordic regions, during the same time period.  It became a major source of cheap protein throughout Europe during the medieval period.  And unlike stock fish, you don't need to track down some of the few producers that still make it in Norway.  You can generally find it in any well-stocked Italian market in the US.  You do, however, have to soak it both to re-hydrate it and to remove the excess salt.  If prepared well, it can have a taste and texture similar to lobster.  If prepared badly, you are better off just burning your home to the ground, as you will never get the smell out.",2025-02-04T23:28:04Z,0,0,en
UgyzZ-oNlORu-FZmMcN4AaABAg,@lindachandler2293,❤,2025-02-04T23:27:54Z,0,0,Other
UgxuOvFroId3VROj_bB4AaABAg,@vikkimikkola5957,"Try lutefisk. Dried cod soaked in lye to soften it. Rinse, rinse, rinse! Then boil it and serve with a white sauce and small pototoes. Mom made this for Christmas- still my favorite Christmas dish.",2025-02-04T23:27:47Z,1,1,en
UgzWD-RKvdynInDc6rl4AaABAg,@saikoudino,15:21 Slightly disappointed the plush wasn't Oddish after seeing this 😅,2025-02-04T23:26:39Z,0,0,en
UgxSugmqG53E4Sivx9Z4AaABAg,@joeldavidson4638,11:02 - You can defiantly see one peasant roasting a sausage by the fire,2025-02-04T23:25:29Z,0,0,en
UgxBmRPasbCwCAud6Jl4AaABAg,@JasonKifner,Τhe lady in the picture @10:10. Wth is going on there?,2025-02-04T23:24:52Z,3,0,en
UgzWBRnkEY1-KTFvRYx4AaABAg,@mbashasyed,Watching this video when my wife cooked dry saltes fish with fresh tomatoes 👌🏻,2025-02-04T23:24:07Z,0,0,en
UgwXWhqp6hDzD0UaFwB4AaABAg,@connorthompson8376,"Maybe I missed a detail, but I thought the medieval period didn’t have sugar. That was brought from the Americas later on. They might have had honey though.",2025-02-04T23:24:03Z,0,0,en
UgwrtQ5q3fq7jr0Bt6h4AaABAg,@ingridbastos7724,Maybe Bacalao?,2025-02-04T23:22:57Z,0,0,Other
UgzeJ4wd2nKBnbyBSu54AaABAg,@dungeonscronics3191,I’ll try it,2025-02-04T23:22:33Z,0,0,en
UgzlEetMDShdyr7Ck7Z4AaABAg,@glennberry4829,"If you want to ease your way toward stockfish, you could start with salt cod.  One of my earliest immigrant ancestors was employed circa 1636/7 to 1640 making it at Robert Trelawney's fishing station off the coast of what is now Cape Elizabeth Maine.  (The Trelawney papers were preserved, found, and printed in 1884 by the Maine Historical Society.)  Salt cod is available in some US grocery stores and is still used in the cuisines of many places.",2025-02-04T23:21:12Z,0,0,en
UgwyiD3j6_hU4we1D7h4AaABAg,@karenzilverberg4699,"Thanks, Max.",2025-02-04T23:19:02Z,0,0,Other
Ugx2KHzSkMAnV4ZYHed4AaABAg,@madmud3292,"ICELANDIC PLOKKFISKUR supposedly at one point was often made with dried fish, likely most often in winter when fresh was not available. It is delicious!  Mashed fish, butter, cream or milk & potatoes. Definitely stick to your ribs & warming!!!😁",2025-02-04T23:17:28Z,0,0,en
UgwctNJjNgUhiLTjGyp4AaABAg,@davidwinfield4948,One Thousand Comment 😊,2025-02-04T23:15:52Z,0,0,en
Ugy6DZjptzTJYQ20JtZ4AaABAg,@lars5174,"11:30 an onwards: This is one of the reasons why a german idiom translating to ""to have (a) pig"" means ""to have good luck"" to this day",2025-02-04T23:11:39Z,4,2,en
Ugyol0zrx-nG0HRE0UV4AaABAg,@tabithascoot,"My grandmother also used to cook porridge so 'it would stick to your ribs', were as a hearty stew would 'put hairs on your chest'",2025-02-04T23:10:21Z,0,0,en
UgxWWqPBO7Qbfv1d9GR4AaABAg,@pepimanoli9479,"Portugal has a lot of recipes for salted cod, so if you want something with stockfish, there no better place.",2025-02-04T23:09:57Z,0,0,en
Ugw1OKaWoMy39utALgR4AaABAg,@jasonandreoli4135,When boiling the wheat wouldn't the poorer people of have used a a lower temperature and used the resulting liquid to brew a lower strength beer rather than wasting it?,2025-02-04T23:04:30Z,0,0,en
UgxnzOpXIGdAsxO5A614AaABAg,@denisearonow4921,❤,2025-02-04T23:02:53Z,0,0,Other
Ugwij_EsLMiONvus_V14AaABAg,@PRODBYSMH,i was hoping this was a kingdom come deliverance 2 sponsored vid,2025-02-04T22:52:34Z,0,0,en
Ugzraa6kkRLFqicvgYJ4AaABAg,@linnybee8000,"I just ordered Bombas socks. I've heard that they don't have toe seams, which are so uncomfortable.
xo~linda",2025-02-04T22:49:41Z,0,0,en
Ugyph6EtEqrEpGjpB0d4AaABAg,@MickieMuellerStudio,That medieval peasant vibe is really accurate right now #selfaware I really appreciate this timely recipe.,2025-02-04T22:47:50Z,0,0,en
Ugx9dL_BJiWLpqBvj8h4AaABAg,@auntvesuvi3872,"Thank you, Maxwell!  🥣",2025-02-04T22:45:54Z,0,0,Other
UgwI7P5lJofegqvVw2x4AaABAg,@credibilityproblem8250,You should say hardtack in every episode just for an excuse to play that clip.,2025-02-04T22:44:55Z,0,0,en
Ugw0kMAlUwR5FEP8oQ14AaABAg,@b1oh1,Anyone else notice the pictures of people peeing on the snow outside was immediately followed by kids eating the snow? My wife pointed it out and made me laugh.,2025-02-04T22:44:07Z,0,0,en
Ugz8TYNulVQhT6Gtnpt4AaABAg,@lodejozefihermans566,"This is your best history lesson so far
Winter is coming explained digestible",2025-02-04T22:43:34Z,0,0,en
UgxwLLWBUuAhNz237oR4AaABAg,@yvonnejackson1696,"The problem with chestnuts is that unless you grind them into flour, they become too hard to eat without breaking a tooth within a few days after falling from the tree.",2025-02-04T22:43:27Z,0,0,en
Ugx2WOKECtDEbTPFSON4AaABAg,@morrigankasa570,"You could probably make this dish using Oats/Oatmeal and it would be just as enjoyable.

In fact whenever I make Oatmeal or Malted Wheat or even to an extent Stew, I make it extremely thick to ""Stick to your Ribs"":)",2025-02-04T22:42:53Z,1,0,en
UgwiAlJnxnE-9rLBBcV4AaABAg,@TigerAceSullivan,wee baby snorunt guarding the food,2025-02-04T22:42:36Z,0,0,en
UgwYZFYn9yGSVURTQOx4AaABAg,@mellissadalby1402,"I wonder if it could be made with Barley instead of wheat since I don't know where to get Wheat berries *I haven't looked very hard yet, but...).",2025-02-04T22:42:27Z,0,0,en
UgxUienvYCvIFwMKrix4AaABAg,@LeeDee5,It feels like medieval winter right now...,2025-02-04T22:41:32Z,0,0,Other
UgzDANkccEpYKscnST54AaABAg,@richardthompson6079,"His cookbook is amazing, and I loved the historical sections.",2025-02-04T22:40:57Z,0,0,en
Ugwi3kLz0F1PaoSh1NZ4AaABAg,@mellissadalby1402,"70% of their income spent on food?
That sounds like a lot.  That being said, with the propsed tariffs and deportations (of many who work in the argiculture industry), the cost of food in the USA WILL increase steeply.
The increased cost of fuel due to tariffs will cause the prices of many things to increase, especially food.
The increased cost of overseas shipping (due to drought, and the Houthis making the Red Sea unsafe) will also continue to increase costs.
Hopefully it will be less than 70% of income.",2025-02-04T22:40:04Z,0,0,en
Ugyt-s2UH6NhJ_R_Uql4AaABAg,@fireflyfae,"I reckon I've seen stockfish or very similar in Asian markets (here in Australia); while making it might be a long term project, that may give you a shortcut or a trial.
As someone who wants to know how to cook it so i can bring it on re-enactment week long camps, I'm keen to see it!",2025-02-04T22:39:39Z,0,0,en
UgxxHA5-p7STTcsT6DZ4AaABAg,@MtnNerd,"My grandfather had vivid memories of his mother cooking with ""stocca and bacala"" aka stockfish and saltfish. Apparently it was so hard you could hit it with a hammer. His mother was Sicilian. Might be fun to look up an old recipe from there.",2025-02-04T22:39:21Z,0,0,en
UgxKclRoqUeDCWOpGW94AaABAg,@SebSenseGreen,real nice,2025-02-04T22:39:14Z,0,0,Other
UgytP3AkPYfnTS77QPV4AaABAg,@In_Space_for_Eons,Love another use for wheat berries!,2025-02-04T22:36:47Z,0,0,en
UgzK5YRljz9whTwiy8Z4AaABAg,@daiawn100,It's mentioned in The Mayor of Casterbridge. In the story lacing it with rum led to the selling of a wife.,2025-02-04T22:36:43Z,0,0,en
UgzAbTTqIk6T-i9iJ5x4AaABAg,@yafaniatorres-martinez4306,"Now, where did leave my wheat?",2025-02-04T22:33:26Z,1,0,en
UgwSWmAhPK1B4B9nQ8p4AaABAg,@RobinKoenig1917,"I really like the art in this episode, especially 6:13, and 16:02. Would someone be able to tell me who the artists were, or what the pieces are called?",2025-02-04T22:32:43Z,0,2,en
UgwcdKwWyRnfkCeCztp4AaABAg,@damealeta3541,I agree:  the hardtack never gets old! Also I love it when you are pleasantly surprised by the taste/texture of something. Now I want some! LOL,2025-02-04T22:32:35Z,0,0,en
Ugxd1tV81fULw5l8OYd4AaABAg,@jcortese3300,"I really grasped how dicey and dangerous it was to live in the dark and middle ages when I learned that the Old English word for ""to die"" was ""steorfan,"" or ""starve.""  In other words, death for want of food was such a common way to go that it was just the all-purpose word for dying.",2025-02-04T22:32:07Z,0,0,en
UgzJsJKJMfSnS68hy_V4AaABAg,@samanthaperrin6567,i wonder if this could be made overnight in a slowcooker? they basically did that with potage on the side of the fire.,2025-02-04T22:32:04Z,0,0,en
UgyPUy1iuAO_HEhh_k94AaABAg,@darkalman,"""Foods a lot better, we used to boil everything"" - Steve Rogers",2025-02-04T22:31:32Z,0,0,en
Ugxz37w2m9FVSzjjFuB4AaABAg,@Reapunzil,"Explains the xmas goose, neat! 😊",2025-02-04T22:31:25Z,0,0,en
Ugz0EeBuApP_BUJkg554AaABAg,@kilotun8316,"Hmm, thinks I, long term food preservation... Clack, clack?

Was not disappointed!",2025-02-04T22:29:23Z,0,0,en
UgykbWrxbE2dM9FGu-p4AaABAg,@apemancommeth8087,I really love this channel! Love all the old paintings/ drawings and the rich history that’s explored!,2025-02-04T22:29:11Z,2,0,en
UgzarJJ5GSxzM9py2aB4AaABAg,@greapre,"Stockfish episode: Yes, please!",2025-02-04T22:29:01Z,0,0,en
UgwBu5nJCNyPUEhbFJN4AaABAg,@SassyyjuicyMaria,"Dunno why I'm watching this...
We're mopping our brows over
here in our scorching summer!",2025-02-04T22:27:23Z,0,0,en
UgzhrfGU2tFncRmWMBd4AaABAg,@lodejozefihermans566,"A Bulgarian broke in and found you interesting enough to put the subtitles in Bulgarian, Max",2025-02-04T22:26:29Z,1,1,en
Ugxf65z7A0ecRIyMIap4AaABAg,@83gt17,3.1 million subs—-congratulations!!,2025-02-04T22:25:15Z,0,0,Other
UgwxeK1749tjtLk8Aul4AaABAg,@jmpht854,What is the etymology of this dish's name? It sounds so much like a saint's name from the eastern Mediterranean (St. Frumentius).,2025-02-04T22:24:57Z,0,1,en
UgyNUENI0y3zHn5uKcR4AaABAg,@barrymccall2482,I'm afraid that we're going to have to go back to living like medieval peasants...Now that Trump's greedy oligarchy is in charge of the government!,2025-02-04T22:24:40Z,0,0,en
Ugx5G00YsWeQX0ScYHh4AaABAg,@mellissadalby1402,"In 1307, Friday October 13, 1307 to be precise was enacted the Templar massacre.
King Philip IV of France owed a whole lot of money to the Templar knights and instead of paying them back, he conspired with the Pope to have them declared as heretics and then enacted a siege to capture and massacre them.
What a guy.",2025-02-04T22:24:31Z,0,0,en
UgyXwH1Nc0xGlwx3d8N4AaABAg,@kelsanna143,In the Orthodox Church Martinmas (or we just say St Martins Day) still coincides when we stop eating meat for Christmas! It’s the last time until then.,2025-02-04T22:23:52Z,0,0,en
UgwkfUzIULyBzJBbUOd4AaABAg,@nickthegreat9434,With your fun little game of thrones references it makes me wonder if George Martin actually took inspiration from this little ice age for his strange system of seasons in a song of ice and fire,2025-02-04T22:21:06Z,0,0,en
UgyzjzDWbM0i1LTxocJ4AaABAg,@leehaseley2164,"Rock hard dried fish, both freshwater and saltwater,  is still very common in many parts of Africa and South-east Asia, where I live.",2025-02-04T22:19:50Z,0,0,en
UgyZGqNwwbKIg7i-cc94AaABAg,@chancefugitt4329,"This didn't happen intentionally, but it has come to my attention that for years now, every Tuesday I make some kind of pasta, and watch this wonderful show. Thank you!",2025-02-04T22:18:38Z,0,0,en
UgySry0qTeAwH6CR1G14AaABAg,@alexandercampbell7903,"Love your channel, but your talk about your travels is really getting to me.  I couldn't even afford to see my Family for Christmas this year; and they are only in abother part of the Country.",2025-02-04T22:18:23Z,0,1,en
Ugz4Oxw2FxtH0QBLCnl4AaABAg,@BogeyTheBear,"The thing about sumptuary laws: You couldn't Google someone in those days to see if they were legit (actually having the job they say they have or don't have a mugshot from Florida) so material cues such as your dress and carriage were all someone might have as to inform themselves as to your social status (until subtle things like mannerisms and conversation revealed an impostor).

The violation of sumptuary laws wasn't borne out of petty jealousy, it was to prosecute a form of identity theft. Trying to establish social or business connections by wearing what is essentially a costume was considered a form of fraud, hence the criminality of dressing up all fancy when you're not of that social status.

It's cruel in light of modern meritocracy (the American Dream is the idea that anyone who is not currently a millionaire is just a millionaire-in-waiting) but they didn't have the technology we might have today to sniff out someone pretending to be something they're not (given the state of today's society, I may venture we haven't gotten the knack of it still).",2025-02-04T22:16:29Z,0,0,en
UgwYPBHzcs-MT39doE94AaABAg,@SuperDwango,Wonder how stockfish differs from japanese bonito?,2025-02-04T22:14:25Z,0,0,en
Ugz21SLew9iKIk42A4R4AaABAg,@GrandCrusader,I know it's not the same but it kind of reminds me of grits I love grits with butter and honey,2025-02-04T22:12:34Z,0,0,en
UgzhlXqlznTb0yb50pd4AaABAg,@LeRoiJojo,"Salt would have been a given in any recipe, but could there have been other flavorings as well? A ""poor man's"" spice? Dried herbs, seeds, garlic, etc?",2025-02-04T22:11:25Z,0,0,en
UgxpqAv87T3TBBtOLKB4AaABAg,@benwhicker7215,Did anyone else notice the exposed genitals of the peasants at 15:55,2025-02-04T22:11:12Z,0,0,en
Ugx9QVMD_xcIuqsHNAp4AaABAg,@Dinnye01,"WAIT, PORPOISE?! LIKE THE FRESHWATER DOLPHIN?",2025-02-04T22:10:14Z,0,0,en
UgwwZmGpK--lgiU6wJR4AaABAg,@ER-ke3cd,"One of these days, Max is gonna say ""hard t—"", play the first half a second of the hardtack clip, then change his mind and say 'nevermind, scratch that'.",2025-02-04T22:08:36Z,0,0,en
Ugy-4rbV-6ehVNokW8p4AaABAg,@vivianebee4667,The French is very nicely pronounced - from a French. Love your videos!,2025-02-04T22:05:26Z,0,0,en
Ugwob9Owx6v5Bp0VjBt4AaABAg,@pomgarnets,The way I’m surviving this medieval winter is with a PB sandwich on my lunch break right now.,2025-02-04T22:04:16Z,0,0,en
UgwxRHlZarB5DSj1e4l4AaABAg,@madisonhasson8981,This proves that just because they were peasant with limited access to food doesn't mean it had to taste bad.,2025-02-04T22:03:51Z,1,0,en
UgwLfh3n1a-6faRsrN94AaABAg,@nidohime6233,Isn't Bombas meaning bombs in spanish? 😂,2025-02-04T22:00:33Z,0,0,en
Ugy-b1puk4Fctkr6Yl14AaABAg,@socomcygnusx1778,"Mom I don""t want to eat rotten carrots 
Shut up
But Mom!
Shut up your spoiling my steak dinner we will sell you we hate you",2025-02-04T21:59:57Z,0,0,en
Ugzl0vMwLmCeJxy_PF54AaABAg,@barrageballoon4845,Bombas is a fun word to say and a good company to support,2025-02-04T21:58:28Z,0,0,en
UgwXPFQxXVDzGKAVTt14AaABAg,@garymorris7472,Love the recurring hard tack bit 😂,2025-02-04T21:58:26Z,0,0,en
Ugzbx-qssSoeiY_PcNJ4AaABAg,@thewitchykitchen,"Growing up in Denmark in the 1970’s I still remember the fish (especially herin) and meat, my parents preserved in salt for winter. My father would fill wood barrels with layers of fish or meat and salt. Then before eating, the fish or meat would be soaked in water for several hours before prepared for a meal. As for harvesting pigs in December, I suspect that’s why pork roast is served in all households at Christmas. In late December it was also time to fish for cod. Then the cod would be served as a dish for new years.",2025-02-04T21:54:32Z,0,0,en
Ugw--uI4xhezl39whmN4AaABAg,@kevinsullivan3448,"When my siblings were little, my mom would cool whole grain winter wheat like this and she added honey to make it sweet.  It didn't look or taste great, but it was VERY filling, so 1 cup was enough to last you till lunch.  I still have 3/4 of a ton of hard red wheat in my long term storage.",2025-02-04T21:53:45Z,0,0,en
UgwTRRdpjnklcrFb4ap4AaABAg,@nicolewimbley8653,I love the hardtack bit! I didn’t expect it!❤,2025-02-04T21:52:42Z,0,0,en
UgwMLCOc557lJPX84x14AaABAg,@CrusaderUK,This is what the old people are eating in the UK 2025 thanks to kier starmer,2025-02-04T21:51:45Z,0,3,en
UgxKZz5F9sIILph96rB4AaABAg,@dianetheone4059,⭐⭐⭐⭐⭐,2025-02-04T21:51:20Z,0,0,Other
Ugz1S7Vg5nwlfPFECLZ4AaABAg,@Ms.gnomer,“Spending 70% of your income on food” glad things have changed since then 🙄,2025-02-04T21:49:25Z,0,0,en
Ugx05U_qID21hPLYS714AaABAg,@danielmantell3084,"Great episode, I really like the simple recipes. I spend an inordinate amount of time thinking about what a medieval peasant would do any time I encounter some form of discomfort, but never bother actually looking anything up. This scratched a lot of brain itches I had pent up.",2025-02-04T21:48:43Z,8,1,en
UgyUIkeo21rATCQuWyB4AaABAg,@jewellhershey,"Frumenty seems to be, essentially, rice pudding—only with wheat.",2025-02-04T21:47:11Z,0,0,en
UgxDk220zX-PPaswOHt4AaABAg,@ilenekearns3269,"One of my lecturers, who was a medieval history professor, didn't go into the details of food preservation but did make a point of reminding us that if the harvest failed that wouldn't have lead to mass starvation because people in the middle ages were skilled at preserving their food and could last through a second winter on the previous harvest. It wouldn't have been a good time and some would have died but it wouldn't have caused large scale famine, that only happened when there were multiple years of failed harvests in a row and they ran into the limits of how long grain can last/ ran through their supplies. 

It's really interesting to get to see the practical means that people used to get through the winter. It's such a good illustration of how people in the past were intelligent and skilled, just in different areas to us.",2025-02-04T21:46:20Z,1480,34,en
UgxMXIYGfGhw68nO5Ip4AaABAg,@mc4906,This will come in handy when I feel like a nice warm winter bowl of porpoise.,2025-02-04T21:46:19Z,0,0,en
UgzU7cjXrhM_e6CYnFx4AaABAg,@carriebryan1211,"I suggested a while ago an episode on food served on the cattle drive in the US West and Midwest. Perhaps also/instead what pilgrims ate on pilgrimage to Jerusalem, Rome, or San Juan de Compostela?",2025-02-04T21:45:04Z,5,1,en
Ugw5JpPfqp15Z7hPg3R4AaABAg,@deniseferron3397,Didn’t know they had dwarf cyclops cows back in the medieval days. 😂,2025-02-04T21:43:23Z,0,0,en
UgzIKUYf2ppp2kxOLd14AaABAg,@stevencoardvenice,Max always does these weird voices when reading out these ancient texts.  Fermented porpoise will be next episode,2025-02-04T21:41:29Z,1,1,en
UgxoiWNSFM-8i3q1nwd4AaABAg,@jlord4843,Hard tack!,2025-02-04T21:40:54Z,1,1,Other
UgyYydlECafqcT11dah4AaABAg,@smackajackal,I had always assumed almond milk was a more recent invention. I had no idea they used it in Medieval cooking!,2025-02-04T21:40:52Z,0,0,en
UgxWnikas-UItYh3KSV4AaABAg,@mamadeb1963,"In her book The Domestic Revolution (HIGHLY recommend), Ruth Goodman talks about how frumenty and other such porridges and puddings were a natural dish to make over wood fire hearths, where simply moving the pot made long cooking easier, but much more difficult over coal stoves. So, when England made the switch in the 19th C, frumenty totally died out.",2025-02-04T21:40:50Z,3,0,en
UgwXcI2uIBm9tIzs59p4AaABAg,@kitt7477,This was a nice change to the doom & gloom of this world.,2025-02-04T21:40:34Z,1,0,en
UgwxxAuGzN7ijPGie_N4AaABAg,@movabletypo,"It seems like a dish that would pair well with savory foods like roast meat and vegetables, or cooked in stock. Fiber, protein, vitamins and minerals for all the toils of the day.",2025-02-04T21:39:51Z,3,0,en
UgwAbK64OS4RZOON4Ud4AaABAg,@MatthewSK-c4i,"10:09 is that lady warming up, uh... her medieval areas?... by the fire?",2025-02-04T21:36:27Z,3,1,en
UgxPfRqeit5JoadPFSR4AaABAg,@bryanr8897,Clack clack!  I'm happy.,2025-02-04T21:36:19Z,1,0,en
UgxGh3a1z8mKKs0rJtV4AaABAg,@Moffit366,@ 16:04 the two guys in the back are warming their “junk”😂,2025-02-04T21:36:16Z,0,0,en
Ugyu8Q4PILxBbj0ms914AaABAg,@Royce16727,"Peasant: ""My porridge is a slightly less appetizing shade of yellow; guess I've got to starve to death…"" Lol",2025-02-04T21:35:45Z,0,0,en
UgyoHHOCbOJvojtYVbJ4AaABAg,@thememebandit123,bombas sound like a lord of the rings character,2025-02-04T21:34:36Z,1,0,en
UgwmHznVi7ZqOY_Aoql4AaABAg,@villerantavalli9395,"Max, you're a bit wrong about milk -people didn't drink milk during the winter because the cows stopped giving milk in winter not just because of lent though the lack certainly made it easier to follow. Back in the middle-ages it was hard enough to gather enough hay for the animals to SURVIVE the winter -the idea of growing hay for fodder wasn't even invented before 1800s. every cent of arable land was used for growing food crops because the yields from most farmlands were abysmal by today's standards and most peasants were subsistence farmers I.e they managed to grow just about enough to feed their families, animals and pay their tax in grain and what couldn't be tilled was used for grazing or collecting wild hay for winter and a medieval domestic pig took as long as 2 years to grow into slaughter-size due to equally poor fodder as the cows got.

What fundamentally changed things was the founding & exploitation of Guano deposits of Peru -it was the first truly abundant phosphate fertilizer and tripled the yields and sometimes even five-folded them. Prior that manure and crushed limestone and wood ash were the only viable options for fertilizer.

I'm old enough to have spent my youth in a farm collecting and cutting hay by hand to know just how much hay even just a medium-sized flock of sheep would need -and that's about two smallish barns worth of hay. Cows need even more in order to keep giving milk.",2025-02-04T21:33:23Z,1,0,en
Ugx4oOJp0ob3042miuB4AaABAg,@JulioAvalos3000,Does anyone know where I can score some porpoise? Even dolphin will do.,2025-02-04T21:33:05Z,0,1,en
Ugy7FenFgw-glueG-rB4AaABAg,@Zestrayswede,This sounds like the wheat version of Scandinavian-style rice porridge if you ask me,2025-02-04T21:31:55Z,0,1,en
Ugz9IV46-QCbyLOZyrV4AaABAg,@rickbannan7110,Hard Tack Mentioned,2025-02-04T21:29:41Z,1,0,en
UgzR9TwoVBgOEuxoRM54AaABAg,@HisVirusness,It always swings right back around to hard tack.,2025-02-04T21:29:32Z,1,0,en
UgyN0nI2_gK-UilwHjV4AaABAg,@kylemackinnon5696,13:30 i had a feeling at the start that a clack clack would be shoe horned in some where😂,2025-02-04T21:29:14Z,1,0,en
UgxPEyqaS3DyGSKyeQF4AaABAg,@Merri533,Yay it’s Max Tuesday! Winters can be BRRR so warming spices are something I rely on. My kids like the chai spices in pancakes and oatmeal. Great presentation yet again.,2025-02-04T21:28:10Z,1,0,en
UgzZh-cPamjP07jgkCB4AaABAg,@wizardanerik,"TBF diet in winter in Poland hasn't changed all that much since the medieval times. Salted herring in every way, apples and pears,pork sausages and meat broths are still very popular. As for the wheat gruel with milk and eggs I imagine if you a made a version with the meat, maybe cook some salted pork in the same water as the wheat berries it would be pretty delicious",2025-02-04T21:28:03Z,0,0,en
UgyQLfXM-kqAzH8PNLt4AaABAg,@juliegogo2941,"A Persian friend when I was in college made the most yummy cooked porridge...it had leftover roast beef and spices in it. A bit of sweet something in it too.  Thanks
Interesting a thicket styled floor.",2025-02-04T21:25:28Z,6,0,en
UgzhwB23gHgwl6l4r4Z4AaABAg,@deadbeathusband471,stockfish is delicious,2025-02-04T21:23:19Z,0,0,en
UgwskVv4WB8Q51RhLoh4AaABAg,@jonthompson3279,This episode was absolutely one of your better ones. I love the exceptional research you do.,2025-02-04T21:22:31Z,5,0,en
UgwnQnans7D7davsvXN4AaABAg,@randomdude4505,"My doctor would probably prefer me to eat like a medieval peasant.  More fiber, less sugar, really less of everything.",2025-02-04T21:19:29Z,1,0,en
UgxGTudcfAnvSKZpx094AaABAg,@williamrobinson7435,"Good to see the old Hard Tack clip getting an airing!
            Really interesting and enjoyable as ever. Nice one Max! ✨🌟👍",2025-02-04T21:16:55Z,2,0,en
UgzrOKhJcBT8txlrkbN4AaABAg,@SchwarzeBananen,"🌾 wheat custard 🍮, interesting dish!",2025-02-04T21:15:29Z,0,0,en
UgzvFKAhXkPHeM8xUQB4AaABAg,@Jecklen16,"You should do a ""survival/stored foods"" series (already did hardtack and Pemmican), but I'm sure there are tons more throughout history! Would be a cool series.",2025-02-04T21:15:26Z,5,0,en
Ugx9c9ud1wE3lrJjlzp4AaABAg,@hostile_egg,Why don't old recipes use dandelion or turmeric to make things yellow instead of saffron? Wouldn't it be cheaper with a similar outcome?,2025-02-04T21:14:19Z,1,1,en
UgwKMRxXYnF8qBAomR94AaABAg,@randywilliams250,What would you recommend for a savory version of this dish?,2025-02-04T21:13:43Z,0,0,en
UgzfbjE9Hi-deFcMUC54AaABAg,@samanthaoddsweb,"EVERY time, EVERY single time!!! Hard tack, it gets me... so funny Please don't ever stop!
thunk thunk!",2025-02-04T21:13:26Z,0,0,en
UgyUppA20NOtNaqIxi94AaABAg,@catherineehlhardt4735,"with regard to the prohibition of eggs and dairy during Lent, weren't the dairy cows at that time pregnant again but not giving birth until maybe mid March? So not in milk at the time anyway, and chickens also decrease egg production significantly during winter. So overall Lent comes at the time when you had the least amount of fresh food available (& usually the least amount overall); making rather a virtue of necessity for all but the wealthy",2025-02-04T21:12:18Z,0,0,en
Ugz4K9XOcmJHSKMfuxd4AaABAg,@haldon12,"Thank you for this! Great episode on a period I've always loved. Hope you do decided to do stockfish - I never bothered to run down the details of it in the literature, so I'd love to see how you tackle it!",2025-02-04T21:11:57Z,1,0,en
Ugyoqn3hhvk3h4UJdpR4AaABAg,@piotrp5668,"In Poland, traditional winter food was herring, especially on Friday's and during lent. Up to this day, salted herring in oil is very popular, but for some reason many Westerners are repulsed by it.  Maybe you can check it out? It's accurately quite healthy fish, with omega 3 fatty acids.",2025-02-04T21:11:35Z,0,0,en
Ugy60qoOzO37eQNw6Kt4AaABAg,@theBaron0530,"They might have added honey as a sweetener, too, instead of sugar?",2025-02-04T21:11:19Z,0,0,en
UgyoN7wnWJf0KLA07Vt4AaABAg,@CJO_o,You never know when hard tack will make an appearance 😂,2025-02-04T21:10:47Z,1,0,en
UgxFINGk6g6jv9uoaad4AaABAg,@akechijubeimitsuhide,"I thought Lent meant no meat or lard, I had no idea it also meant no eggs or milk. Then again, I'm no Christian so my knowledge of the lore is limited.",2025-02-04T21:09:14Z,0,0,en
UgzC0FpX2-bnNWSeI9l4AaABAg,@dorianmeyette8560,I live for the hard tack inserts 😂,2025-02-04T21:09:09Z,2,0,en
UgyereX6G56T1AbC2J14AaABAg,@secondvoltage,"As I've just started playing Vintage Story, this episode couldn't have come at a better time.",2025-02-04T21:05:10Z,0,0,en
UgwT-Xi-8NHZhhgat9l4AaABAg,@janehex,"Medieval vegans must have had it rough back then!


Just kidding, there's no such thing as a medieval vegan.",2025-02-04T21:04:07Z,0,0,en
Ugy8Ej3RKXGgqX-6W_d4AaABAg,@darrenjurme7231,So why wouldn’t you use almond milk if you’re using eggs? Does that have something to do with Lent or is it something else? 🙏🏼,2025-02-04T21:02:28Z,0,0,en
UgzKwVpwcIvQryww1Ep4AaABAg,@MK-ji5ri,"What did an actual rural peasent do for during the winter? The fields are frozen the house is small an crowded, so not much housework. Collecting firewood is not a whole days work. What did they do?",2025-02-04T21:02:12Z,0,1,en
Ugy7wm1t0eXRwfMpjXt4AaABAg,@kriseckhardt5148,SAFFRON? That's pretty fancy.,2025-02-04T21:01:27Z,0,0,en
UgwjJ5EY12iBnSsj_Zx4AaABAg,@wardkerckhof,"very much like rice pudding, except for the eggs",2025-02-04T21:00:33Z,0,0,en
Ugw2N3f3Nbn1nJsOfkJ4AaABAg,@ChristopherShaskin,"I read somewhere that the hole in the ceiling let out most of the heat, and a little of the smoke.",2025-02-04T20:58:55Z,0,0,en
Ugxaqjy7FLOx6vIiKXd4AaABAg,@Dumpstermuffin1,Meat so tough that it might as well be jerky,2025-02-04T20:56:34Z,0,0,en
Ugxkb8xJc4UmPqnG7Y54AaABAg,@olivelinfield5041,"I grew up in Newfoundland, Canada.  All year long we had salt beef. It was delicious. To prepare you soak overnight, drain water and fill pot with fresh water and boil for few hours.   You should do a show on Newfoundland food.",2025-02-04T20:56:34Z,53,3,en
UgxI2uOvos0j2oV6ZmN4AaABAg,@nikkiewhite476,"Lovely video Max and thank you José for the captions! 
Decades ago now when my mother first got with my stepfather she went all in to the traditional Ukranian holiday meals. One dish was wheat berries, boiled in water, drained, then they soaked in a sugar water with poppy seeds. It was a light dish at Christmas so there was no milk at all. 
I greatly enjoyed that popping the wheat berries did when chewed. 
Take care!",2025-02-04T20:56:19Z,1,0,en
Ugx78b-76L7xhPDQVPV4AaABAg,@aurhiaseelund,"It's funny how these things carry on through the centuries generationally. I ate a variation of this for breakfast a lot as a kid, though the wheat had been milled and there's no way we could afford saffron! It was basically homemade cream of wheat. Sometimes grits or rice porridge for variety, but they're all basically the same. Very tasty with maple syrup or karo pancake syrup and a big dab of salted butter.",2025-02-04T20:56:13Z,0,0,en
Ugw9ZJ-FDtjJpZTFdVl4AaABAg,@sandrak.robbins6305,Thank you. This was really interesting and I'd like to try some of that frumenty! :),2025-02-04T20:54:58Z,0,0,en
Ugw75_h__Gay3ykmZP54AaABAg,@donaldneill4419,"Boiling meat is far more effective at eliminating parasites, particularly trichinosis in pork, than roasting it, so it's not surprising that preserved meat would be boiled for safety before being charred for flavour.",2025-02-04T20:54:56Z,0,0,en
UgzCbSHwa1xfdoa_MB94AaABAg,@smpk9667,"Stockfish was historically a very important norwegian export product back when most christians didnt eat meat on one of the days of the week, as a shelf stable fish    could survive trips that fresh fish couldnt.",2025-02-04T20:53:54Z,0,0,en
Ugxs9mMve6Nq8hJauO14AaABAg,@BudroThePious,"What did they do with the egg whites?  They probably wouldn't have just discarded them, right?",2025-02-04T20:52:57Z,0,0,en
UgzNtvcBA6vAUusARTh4AaABAg,@travesty77,I didn’t realize this video was brand new I’ve been watching your content exclusively for like the past week,2025-02-04T20:51:30Z,1,0,en
UgxICmU4aUsmtJPzLWl4AaABAg,@ramonarjona4928,"""I'm sorry did you say this dish was served with _purpose_?""

""No.""",2025-02-04T20:49:55Z,0,0,en
UgyJ0URY15C1VK6umdV4AaABAg,@dontgooglemebro,"I'd love to see more details around city living in the medieval time period. I know I certainly have a concept of people living in small villages or towns that maybe have an inn and some land for farming, but the idea of large city life and how those people live wasn't something I'd thought about until now. An episode on that lifestyle would be amazing!! Maybe with some medieval fast food?",2025-02-04T20:48:15Z,5,0,en
UgyRha2fg0pKKrW9aNd4AaABAg,@moirasimmerson929,"I like oats for breakfast, which I suspect may have a similar chew to wheat berries.  Those are the whole oats I get at my health food store.",2025-02-04T20:48:05Z,0,0,en
UgxLM3P8N4P6YFHhsSp4AaABAg,@hawkatsea,"Perfect timing for a budget-wise winter recipe...there was a run on rice at my market (something about a trade war), so I came home only with a bag of barley yesterday...too bad there's also an egg shortage. Luckily I have saffron (of all things), so this is gonna be a barley and chia-egg frumenty. Fingers crossed! Great video, great story as always!",2025-02-04T20:47:39Z,2,0,en
UgxQmcj9UMrVM09Z0IR4AaABAg,@florenna,"Thanks, I really needed that!! Here in freezing cold Finland, by this point in winter it really really starts eating me - many folks complain that November is the hardest month (why?!), but for me, the longer the winter has gone on, the harder it gets, simple as that... So this was a good reminder that medieval peasants still had it *WAY* harder than us! ;D",2025-02-04T20:47:12Z,130,8,en
UgwsmAzSRgC-5ENyAGF4AaABAg,@aaronmiller_Liand,"Dearest sir, the second you said dried fish was hard I was wondering if you were going to reference hard tack and you didn't disappoint.  Another banger video, my liege.  Well done.",2025-02-04T20:47:02Z,0,0,en
UgzpRhC7byIOvTb05Lx4AaABAg,@Malthael2797,"You know for some of these medieval videos it might be fun to have like a ""nobles vs commoner"" kind of video, I'd be curious how different your average meals might be throughout various time periods.",2025-02-04T20:45:41Z,1,0,en
UgxojEoCXhydOfO-Qvl4AaABAg,@ratsofchicago,"This is fascinating, and I was surprised by what you said about the ubiquity of pork specifically. What were Jews and others for whom pork was proscribed eating during the wintertime where it was cold? Would be really interested in a video on this topic!",2025-02-04T20:45:12Z,1,0,en
UgzJX814HU9v2dMh-Rx4AaABAg,@true-intha-blue,"In light of certain circumstances, mayhaps some depression era food recipes would be interesting to try next?",2025-02-04T20:43:26Z,0,0,en
UgwB8dKTaZaHRPesotB4AaABAg,@charliquinn2002,As a medieval peasant; you couldn't have made this video sooner??,2025-02-04T20:43:02Z,2,1,en
Ugxf0WcQntwGdVQgLvJ4AaABAg,@TildaF90,"Salted, dried or fermented meat or fish. The way it's presented sounds almost like it was a punishment, while that's practically a delicatess in my home country and some what of a feast meal to many 😂😂

While my siblings and I were studying abroad, we would request our mother to make at least the fermented fish as one of the first meals when coming home to visit, since it is a meal you can get all year around, while the others are a lot more seasonal. And now I'd love to get some of that again 😅",2025-02-04T20:42:35Z,0,0,en
Ugw3biUbUFckffqZy_V4AaABAg,@gmt5664,a series of longer projects would be fun!,2025-02-04T20:41:46Z,0,0,en
UgxXzF9S998nTosqLcV4AaABAg,@Nowherenobodyelse,We will be going back to our roots so to speak at the rate our lives are going here in the uk with the massively rising cost of living.,2025-02-04T20:41:18Z,0,0,en
UgygkUUazzulegb56Fd4AaABAg,@user-fb2gr3rr3i,11:01 did they draw men and women clean shaven at that time period?,2025-02-04T20:40:30Z,0,0,en
Ugy3bmu-4ZxbpoUIQx14AaABAg,@Crazy_PurpleHaired_Lady,💜💜💜💜,2025-02-04T20:36:30Z,0,0,Other
Ugx3ZCfcIzcyUSSEba94AaABAg,@FoxWolfWorld,"10:00 the reason most people wouldn’t use a chimney is because you would lose most of the hear from the fire up through the chimney. So you would need 30-50% more fuel for the same amount of warmth. For the wealthy this wasn’t a problem, they would rather have chimneys and no smoke in the house, but for everyone else 30-50% more fuel was a lot",2025-02-04T20:35:35Z,14,2,en
Ugw69DshVLHlrpGMwLV4AaABAg,@Henry-em6wf,New tasting history video!,2025-02-04T20:35:21Z,0,0,en
UgyIwZvC2KqlAds6_F54AaABAg,@avivat3010,"Thank you for your always interesting and informative posts; a fantastic way to learn about history. Also, thank you for recommending your sponsor! It sounds like a terrific company. I'll check it out.",2025-02-04T20:34:36Z,0,0,en
UgxIzqd4WCrD21_VMO94AaABAg,@giuseppelogiurato5718,"The sweetened version reminds me of ""koliva"" (something they eat at Greek funerals)",2025-02-04T20:32:58Z,0,0,en
Ugx7lKgnzIXUQyCZBGx4AaABAg,@rokzane,"I make my oatmeal with milk and eggs, cinnamon, fresh fruit, nuts, and a drizzle of maple syrup. Keeps me going for hours and hours.",2025-02-04T20:32:51Z,0,0,en
UgxNBWxDHoeIQ01GSFd4AaABAg,@daftfeel6894,"Stockfish mentioned!!! Time for all the Norwegians to congregate!
All jokes aside, my grandfather makes stockfish every year, and it's all about weather tbh. He has a small boathouse on the island our cabin is located on right by the sea. The cod is hung up in late february and left to hang until may. The sea air and the not too cold/not too hot conditions is optimal for good stockfish!
Norway is also the largest exporter of stockfish, and we have the best in my opinon. 
I'm from northern Norway, and stockfish is something we just eat as a snack. No boiling or anything, we just beat it a little, and tear off pieces and eat them as is! Perfect with a nice cold beer!",2025-02-04T20:32:43Z,0,0,en
Ugw-C7Cf6A1t2Hnd3E14AaABAg,@aprilking7889,Black sugar = molasses?,2025-02-04T20:32:27Z,0,0,Other
UgzQJAItgSYmhNI2Scl4AaABAg,@cerdic6867,"@12:30 The vast majority of villages in England had ""common land"" for common grazing, the vast majority also had fish (or eel) ponds, as well as rivers and streams. Fish was actually very common, and very very few, if any, were reliant on a ""Lord's fish pond"", so i'm extremely uncertain where this is supposed to apply to? At least in England this is utterly false, which is dissapointing as your channel is often accurate. In France and the HRE it could vary a lot, but you're massively underestimating the broad independence of local communities. Fish was also much more abundant in medeival times, and much easier to come by than today. Any community with a lake or on the coast, or even near a broad river was very well supplied with fish. Eels and lampreys were however much more popular than fish, due to tasting more like meat, and were in fact so popular that the east of England mainly farmed and exported Eels to the rest of England, and this had to be addressed once the protestants attempted to ban Lent. The one thing lords did usually have control over was a lot of the woodand (but again, there was usually some available as common land), and often communal mills or ovens, but by the 15th.c most communities in England had their own.",2025-02-04T20:31:36Z,35,2,en
Ugw86MWMxPWhItPScWx4AaABAg,@sawahtb,"My Grandparents never changed their lifestyle right up to the end in the middle of the 20th Century. They raised a family living off the land. They had a root cellar, a smoke house, huge piles of firewood, and an outhouse. Canning and pickling were taken seriously. Things weren't fancy, and generally everything was boiled, they didn't have a big open fire place. They were pretty close to living like medieval peasants, but they didn't have to ask permission to fish and hunt.",2025-02-04T20:30:27Z,2,0,en
Ugw9dbXppJkA5y_cTs94AaABAg,@Jasonwolf1495,"Ive been in a winter that cold. It froze mayonaise, ketchup, fruits, and even olive oil!",2025-02-04T20:30:24Z,0,0,en
UgwEQtq_ERvojsYR9PZ4AaABAg,@chrisk5651,"In post-Vatican II, for Lent one can consume eggs and dairy as well as fish.",2025-02-04T20:30:13Z,0,0,en
UgwcAUNIDkDdElSy8Ht4AaABAg,@Lori135xx,People in medieval times used almond milk? That’s so interesting to hear! I’d love more episodes featuring foods we now deem as “modern”,2025-02-04T20:27:57Z,0,0,en
UgxjNqojIvMP3Q8MXE54AaABAg,@katiebrookes6820,The wheat berries look a bit like couscous. Just wondering how they compare,2025-02-04T20:27:10Z,0,0,en
UgxYnl1bTfYO5J-ucnN4AaABAg,@tpl608,Peasants would not have had saffron. $$$$$$$$,2025-02-04T20:26:37Z,0,0,en
UgyVa9Rltl9Bg-1R4FZ4AaABAg,@johnlord8337,"Oh Boy, Tasting History with a naked chef in his bombas underwear and slippers ....",2025-02-04T20:26:27Z,0,0,en
UgzZfUK8NA55Nv61Rq14AaABAg,@tpl608,Is spending money in Hungary a good idea with what the dictator has done to the LGBTQ community? I believe not.,2025-02-04T20:26:00Z,0,0,en
UgyWa9Qk0MnxdZfn7fp4AaABAg,@Captain_Draco,Stock fish is usually freeze dried in frigid winter conditions.,2025-02-04T20:25:25Z,0,0,en
UgxeFuoVnTSjEatNGyl4AaABAg,@chiron14pl,"I've enjoyed a similar dish; just cooked wheat berries served with honey and some yogurt mixed in while the wheat is still hot, but after cooking so yogurt doesn't curdle",2025-02-04T20:24:59Z,0,0,en
UgyZ-306l1AMLdr_WCN4AaABAg,@Emmuzka,"Cows usually didn't give milk during winter months, at least in the more humble homes. Cows and sheep need a healthy portion of grass to keep producing milk, and preserving grass for winter was tricky. (In some places people even salted grass to keep it from spoiling) Cows and sheep can survive with eating straw only, but they don't thrive enough to produce milk.",2025-02-04T20:23:33Z,4,1,en
UgzXK_7gkADwo8mWGgZ4AaABAg,@tpl608,Better not add eggs. I thought our orange menace was going to get the price of eggs down? Waffle House is now adding 50 cent charges for each egg. Waffle House uses 2% of all eggs sold in the USA.,2025-02-04T20:23:16Z,0,0,en
UgxCgTWIsQPrAhffIdN4AaABAg,@FreeJazzEnthusiast,The urge to add mace to this dish is flowing through me like a rushing wave. There’s no way it wouldn’t be perfect.,2025-02-04T20:22:29Z,0,0,en
UgziFXqkL9a0uASC64J4AaABAg,@Mindbleach,"Didn't you already-- sorry, no, Townsends did stockfish. 

Absolutely schooled him in chess.",2025-02-04T20:21:13Z,0,0,en
Ugy2sMmG_ylZ91gNXy94AaABAg,@davidcreager1945,"With food prices skyrocketing , this will come in very handy !! Thanks Max !!",2025-02-04T20:19:51Z,0,0,en
UgzQi-_3Z36Yoi9thsh4AaABAg,@kenwilson3304,I love frumenty. Dried apple and mint makes a really nice sweet frumenty.,2025-02-04T20:18:20Z,0,0,en
UgysG1kAdyHGFbZLyHV4AaABAg,@Jynx0208,The hardtack continues to amuse,2025-02-04T20:15:48Z,1,0,en
UgzcdTl5pLsb3yZEexd4AaABAg,@HolyPastrami,Stockfish is also quite good at chess.,2025-02-04T20:14:56Z,0,0,en
UgzAK8CG-L2NICpEBkx4AaABAg,@bethanyc5786,I'd never even thought about the mills during winter. Wow.!😢 makes my seasonal depression feel so wimpy.,2025-02-04T20:13:41Z,0,0,en
UgxhpnyCihl-hYBJ98J4AaABAg,@brittanythomas3083,If I travel back in time I'm brining a chest freezer and solar battery . I'd be a God... or a witch since I'm a woman.,2025-02-04T20:10:46Z,0,0,en
UgzWviQBYYbfEnvzrt54AaABAg,@JetPoweredCloud,"I wonder if you could lightly toast the wheat, to bring out its flavour and make it less bland. 🤔",2025-02-04T20:08:48Z,0,0,en
UgyyT7XgCY9vwWQI_D14AaABAg,@nullnullsjo,"I've made my own klippfisk (salted and dried cod) successfully several times, but I live a bit too far south in Norway to make stockfish (dried, not salted) easily. It's a fun project, though. Until you get maggots...",2025-02-04T20:08:20Z,0,0,en
Ugxg1xMXpwCoSwFcmm54AaABAg,@HappyCat3096,"One of my favorite books about the Little Ice Age is ""The Little Ice Age"" by Brian Fagan.",2025-02-04T20:08:20Z,0,0,en
UgzPyFD4hQG8cnUDr-F4AaABAg,@bartlester591,And people should learn from some of this and I’m not just talking about the food because I think in the next 10 years or so I’m just guessing here we’re gonna start feeling these effects. We’re gonna start going back into Ice Age conditions so winter is coming.,2025-02-04T20:05:47Z,0,0,en
UgxDZLVjTqeX20ZKUWd4AaABAg,@WeirdPeachws,Snowrunt was a great choice for this video,2025-02-04T20:04:59Z,0,0,en
UgzP9Q6TIho0FlKhzTp4AaABAg,@petteriheino9856,"In Finland stockfish was made of pike. So in addition to being hard it was full of bones , too. And mostly taken away as taxes anyway...",2025-02-04T20:04:53Z,0,0,en
Ugwcp_1TfWsSKoy-CPN4AaABAg,@jonathanpanlaqui1855,"Hi Sir Max and I'm watching lately from the 🇵🇭, when the Europeans in Medieval Europe tried to survive in the Winter season by eating a variety of foods like the frumenty, a type of porridge.

Thanks for the episode 💗💗💗💗💗💗💗💗💗💗💗💗💗💗.",2025-02-04T20:04:12Z,0,0,en
UgxFuPLjGlAud94NBUV4AaABAg,@Millenia3D,this looks like it'd be really nice with some pearl barley and maybe some herbs added for a nice zing,2025-02-04T20:02:32Z,0,0,en
Ugwk6plw95Y1_1dvUcN4AaABAg,@timakimat,In all of northern Europe salt was not easily available. Food like lutefisk (dried fish with lye) were created and are still eaten during christmas time. Good stuff.,2025-02-04T20:02:09Z,0,0,en
UgwTBKjicyEUjFstHmh4AaABAg,@mirandarensberger6919,"That actually sounds really good. I think I'll make it for a special weekend breakfast. Really it's just a cooked cereal and eggs, just as we think of for a typical hearty breakfast today, but they mixed them together, and that makes it more interesting somehow.",2025-02-04T20:01:37Z,0,0,en
Ugz8svNCwXdEgcGlPol4AaABAg,@pezza39817,"Saffron!! Costs a fortune today, no doubt a royal ransom back in the day.",2025-02-04T20:01:32Z,0,0,en
Ugwt9aa787X6tJS6Q694AaABAg,@sosovidioh,Thank you for keeping the hardtack bit alive,2025-02-04T20:01:30Z,4,0,en
UgyR1rz0T3cWr8jb4px4AaABAg,@theeddorian,"Stock fish was still produced in Ukraine and Russia at least as late as the 1990s.  I was introduced to it as ""beer fish"".  The fish came on a plate, and had the consistency of a wooden shingle.  You hammered it on the plate to break it up into pieces that you could chew, and washed it down (the fibrous ""chew"") with lots of beer.",2025-02-04T20:01:01Z,0,0,en
Ugy1EfD3ZI3BBz1OGdx4AaABAg,@dogbiscuit1171,"Hmmm, saffron and eggs, rich man's food...",2025-02-04T19:59:20Z,0,0,en
UgySAwClKfc6xhSuJh14AaABAg,@blahlbinoa,Jesus Christ Be Praised! Max has come to see us! Fitting it's a Medieval episode on the day of Kingdom Come Deliverance 2 release!,2025-02-04T19:58:59Z,0,0,en
Ugz47HSihHoQ-RzGz794AaABAg,@VictorianVT,return of the hard tack! LETS GOOOOOOOO,2025-02-04T19:57:04Z,0,0,en
UgzqzeRzMgw1irMQ1Yh4AaABAg,@bjarnemcdonald6333,"About the stockfish, luttfish, klipfisk.. They are usually dried out at costal places in the North Atlantic,, like Norway  or Iceland. So the salty cold air dried the fish. Pretty sure those conditions are hard to find in LA...",2025-02-04T19:56:46Z,0,0,en
UgzSDC_8P0TO2POyrnt4AaABAg,@Pigness7,Wait that's where the name Tyler comes from??,2025-02-04T19:56:35Z,1,0,en
UgzTbMTxvQOCvd6kv354AaABAg,@11rea4,Hell yeah,2025-02-04T19:55:46Z,0,0,en
Ugwu8zKCsyAG1An_Ctx4AaABAg,@jhnshep,@15:55 gotta wonder is that a public toilet? or something else?,2025-02-04T19:55:08Z,0,1,en
UgxrYP_i_IYBR1WesXt4AaABAg,@archivist_of_dragonstone,I am once again asking for a St. David's Day episode about welsh cakes :D,2025-02-04T19:54:58Z,0,0,en
UgznTX_-CggTNi1HrVh4AaABAg,@kevingriffin1376,An episode on “slumgullion” would be interesting.  It has a U.S. military connection.  There is a bugle march for it:  “No slum today.”  It’s also much easier to prepare and taste than stockfish!,2025-02-04T19:54:07Z,0,0,en
UgywbvMtmbsh6aXnDLJ4AaABAg,@simoncleret,Yes to stockfish episode!,2025-02-04T19:52:36Z,1,0,en
UgztT177MGg0fJvWOnV4AaABAg,@nochan99,"Stockfish is still a big thing in Norway, especially up north. It is called ""klippfisk"" so if you google that you will find lots of recipes and history I am sure. There is a tradishonal christmas dish ""lutefisk"" that uses it as an ingredient together with caustic soda.",2025-02-04T19:50:51Z,3,1,en
Ugz0u3Xxe6BnvmgACnN4AaABAg,@freshoutofcrabs,"I definitely got to try this one. I think I'd go more savory route, though. Maybe toss in some cabbage and leek or serve it with pickled vegetables.",2025-02-04T19:50:27Z,0,0,en
Ugx1MAthpSy4gac4MxZ4AaABAg,@janetchennault4385,With a bit of sugar...basically warm cookie dough.,2025-02-04T19:50:20Z,0,0,en
Ugw9zABZwl4ZuvmLq6F4AaABAg,@MichaelRainey,"""Spend 70% of their income just on food."" See, that's the problem with learning history. It's all in the past and is just a collection of scenarios that a modern person just can't relate to.",2025-02-04T19:49:46Z,0,0,en
Ugxks-mgdJvvNUk9E_V4AaABAg,@mightyn8,"I learned the fact that peasants could be forbidden from foraging in the forest, hunting, and fishing on a lord's land in the video game Pentiment. I was absolutely horrified when I found out, because I had just assumed that at the very least people could try to forage for some of their food if crops were poor... but no, if the crops were poor and they didn't have enough, they'd just have to ""tough it out"" (aka starve).",2025-02-04T19:48:49Z,229,18,en
UgzLd0ZJxBIw33A0z8Z4AaABAg,@krisrowan,Need an old mardi gras recipe so you have something fun prior to all this Lenten fasting and restrictions.,2025-02-04T19:48:40Z,1,0,en
UgzvlZ9HSurrNijcUEN4AaABAg,@clownform,gonna have to dock points for omitting the porpoise,2025-02-04T19:47:12Z,0,0,en
UgzSZqxaXROCMLvlg8N4AaABAg,@NikoPikoo,"In Finland it is traditional to have a large ham at christmas dinner, I guess for same kinds of reasons as in this video why pig is eaten during winter. My grandfather also has talked about how during winter they would have barrels full of salt with herrings in them and at the end of winter the fish would have to be boiled several times before they would become edible.",2025-02-04T19:45:34Z,0,0,en
UgwjOjlF1pBEDDBfWz54AaABAg,@lazygardens,"The pigs at 11:33 look demonic. their eyes! They were fattened on the fallen ""mast"" (beech nuts or acorns) during the fall and early winter.",2025-02-04T19:45:10Z,0,0,en
UgzhXmRKHSdn9p3K5wt4AaABAg,@jimbob3332,Reset the timer on the use of the hard tack clip,2025-02-04T19:44:33Z,0,0,en
Ugwq9TjZ0htNMqBJ8RB4AaABAg,@SamiKelsh,"Is it just me, or does the radish drawing at 15:20 look like what Julia from Drawfee would come up with if asked to draw the Pokemon Oddish from memory (in the best possible way, I love this radish man so much)?",2025-02-04T19:43:58Z,41,1,en
UgyXJUD2PKayty2MeTp4AaABAg,@Scripner,"I’d recommend serving it with dolphin, porpoise is a little gamey 😂",2025-02-04T19:43:36Z,0,0,en
UgzU8gHQm0hQlBxsx_F4AaABAg,@brianz4900,Eggs in this economy,2025-02-04T19:43:12Z,1,0,en
UgzHdUzZUdAWWlYmcS94AaABAg,@emilyw2620,"So much great history, this channel just gets better",2025-02-04T19:42:20Z,0,0,en
Ugw43P0T1EOp-ZxeLPl4AaABAg,@rosswebster7877,"Great medieval cooking odyssey as always, Max! I'm reminded of the BBC series Medieval Lives by the Late Great Terry Jones of Monty Python fame (and Medieval historian) where he challenged all old stereotypes of peasants living purely downtrodden lives. He also made his porridge with beer!",2025-02-04T19:41:21Z,0,0,en
Ugy5binPsm_DAcNLWC54AaABAg,@legregio2,"If you are interested in stockfish and a travel to Italy is near, it's perfect because stockfish is used a lot in northern Italy, expecially around Venice. Baccalà alla Vicentina (Vicenza-Style Stockfish) is the most famous way of preparing this fish.",2025-02-04T19:40:57Z,1,0,en
UgzrgK9o0bvfO6uAOBB4AaABAg,@MrJmagenta,"You can make baccalà or Salted Cod, my family makes it during Christmas eve for lunch as per tradition in Southern Italy",2025-02-04T19:40:17Z,0,0,en
Ugw99aXGkyBfOjBcLVB4AaABAg,@paulblankenship8344,"I'm gonna be honest, I really want to try this!",2025-02-04T19:40:17Z,0,0,en
UgxUzT8o-UaDX7pxTqd4AaABAg,@misterbennnn,"""It was so hard and dried it had to be beaten with a mallet""
That's what she said?",2025-02-04T19:39:17Z,0,0,en
UgxIovrOcEb3unUlws14AaABAg,@nuckingfutsguy,ever done/considered a video on the history of ramen? and by that i mean instant ramen too,2025-02-04T19:38:34Z,1,0,en
UgwRtOHyRLoSwty1EZ54AaABAg,@rickypope8076,BIG SMILE.......HARD TACK!!!,2025-02-04T19:37:10Z,0,0,en
UgzwArjZZEEHH1ZG4o14AaABAg,@katherinevallo2326,Did they make potted meats as well in Medieval times?,2025-02-04T19:37:00Z,0,0,en
Ugyet4stMqYepD8-PLF4AaABAg,@TacTaxon,considering how much i like boiled barley as a sidedish i'll definitely like this!,2025-02-04T19:36:34Z,0,0,en
UgzEBdRR4kXam5LKsmN4AaABAg,@amandamiller304,"A great video ,thank you for sharing ; stock fish you can find in markets in Florence, yes to cook it its still beaten with mallets ; In Italy there is a tart (? ) made  with boiled wheat berries , egg yolks and orange water and some put in ricotta its called Pastiera Napoletana and eaten at Easter",2025-02-04T19:35:08Z,0,0,en
UgycXD1RFlJmEwG0Im54AaABAg,@lellab.8179,"Stockfish is actually still eaten today in Italy, and it's treated, before cooking it, exectly like they did in the Medieval times: it's pounded and soaked in water for a few days (even a week, depending on the size), changing the water several times. You can often find it in the stores, pre-soaked and in smaller quantity, instead of the whole fish. 
I think that something like 2/3 of the Norwegian stockfish from the Lofoten Islands is actually sold in Italy.",2025-02-04T19:33:47Z,209,12,en
Ugwh0BMyu7rdfTo7VoV4AaABAg,@oneshotme,I very much enjoyed your video and I gave it a Thumbs Up,2025-02-04T19:31:14Z,0,0,en
UgwtmfbD19V4kaCCfVl4AaABAg,@Beowulf1ca,"19:00, Max, It's funny that you mention adding sugar or spices, because there is a Scottish dish of the same name, which the Highlanders as well as Lowlanders would eat through the winter months in Scotland (and it gets COLD in Scotland!) which has brown sugar or as it was made here in Canada, Maple Syrup.",2025-02-04T19:26:46Z,118,0,en
Ugyi3Y1dDXIPX6kB-2t4AaABAg,@martykitson3442,"sounds pretty tasty, not your everyday oatmeal 🤠👍👍👍",2025-02-04T19:25:40Z,0,0,en
UgwxtzdNiOl8ySljZE14AaABAg,@gherkinisgreat,Even with a medieval chimney the draw on them is next to non existent so you and the room get thoroughly smoked,2025-02-04T19:25:36Z,0,0,en
UgztWv0TfpoKCX-glpx4AaABAg,@rickybryan1759,I saw Succession I know about compression socks,2025-02-04T19:25:10Z,0,0,en
UgyWy3037Ki1RtbqHOx4AaABAg,@gibberishname,"3:32 why shouldn't you use almond milk and egg yolks? Some people are lactose intolerant but not vegan, and AFAIK eggs aren't considered meat during Lent. Hell one Pope said *beavers* were fish, not meat so early North American trappers and traders could eat them during Lent",2025-02-04T19:24:31Z,0,1,en
UgxiVp_YlviQSKnsGYp4AaABAg,@дякую321,the My heritage guy banned me from your live chat... SAD! 😢,2025-02-04T19:24:27Z,0,0,en
UgwGd3SDZjbykmC7j_h4AaABAg,@jamescaron6465,I use whole oats for my oatmeal so I am sure I would like this.,2025-02-04T19:23:11Z,0,0,en
UgwAIAhaGPouv1VvlvR4AaABAg,@donSparda,The darn hard tack always makes me smile,2025-02-04T19:23:04Z,0,0,en
UgyEcnzMhb7iEoGo9bt4AaABAg,@FrikInCasualMode,Imagine tragedy of a peasant family forced by starvation to eat grain that was meant to be sown in the spring. They literally were eating their future to stave off immediate death. Those were hard and cruel times.,2025-02-04T19:22:40Z,0,0,en
UgzPsH51yHifsmdM7_N4AaABAg,@thechaosgoblin,15:15 I got so distracted by the kid peeing in the snow in the artwork that I had to rewind to actually pay attention 😅,2025-02-04T19:22:15Z,0,0,en
UgxsJpvWTdec6_tnrm94AaABAg,@Alverant,Looks like yellow peas that I left too long in the pressure cooker.,2025-02-04T19:20:28Z,0,0,en
Ugxuw30kHshoTezb1fN4AaABAg,@decoder1157,"If you're neighbors didn't like you when making Garum, they'll hate you making stock fish",2025-02-04T19:19:58Z,0,0,en
UgykR-KAwIO9aYg7BCN4AaABAg,@jacquespoulemer,"Max (hi Jose)  I bought salted cod once and soacked it as it said in various changes of water.  I didn't throw the water out but put in a my biggest pot to boil down and  when the cod was unsalted enough, I kept boiling the water until only salt remained.  I would then use the salt in seafood and chinese dishes (any east asian dish).  I imagine I could have reused the salt for the next salted fish hehehe Jacques Mexico",2025-02-04T19:19:56Z,0,0,en
UgydHWZybCqGIEoMyDh4AaABAg,@mudotter,"Your timing is impeccable, Lol, as we just got snow up here on the West Coast of BC Canada. So yesterday I made myself rolled oats, with egg, molasses, cinnamon, walnuts, and dried currants. I did not grow up with the idea of adding an egg and wish I had, especially for my children. It does make oatmeal so much hardier. 
Now I have soaked beans overnight to make my 1800's baked beans recipe. I keep smoked pork jowl in the freezer for the purpose of making this old recipe. 
Something about being snowed in makes me want to cook old fashioned recipes, that include molasses 🥰",2025-02-04T19:19:01Z,63,2,en
Ugx-or9ssff-76CQwv54AaABAg,@WaiferThyme,"As a kid growing up in rurual Canada, i ate hot cereal nearly every morning from October to March. Porridge , cream of wheat or muffets (not muffins haha) with hot milk poured over them.  A favourite was Red River Cereal. A mix of what, rye, and flax ground up and cooked. If my Dad was cooking, he always added raisins and made hot chocolate to go with it.  We needed the warmth in our tummies for our walk to school, lol.",2025-02-04T19:18:33Z,87,13,en
UgzzKOTlp75w3fimBER4AaABAg,@Ia_catI,I’m actually excited for the potential future stockfish making,2025-02-04T19:17:42Z,0,0,en
UgyiweI7-l1c6aZgxuZ4AaABAg,@rieger.design,"It may sound harsh, but in a way we should think the Black death that decimated almost half of Europe's population. Because after that in the South at least they could start to focus on growing olives and grapes for wine. Before that they will just grow, wait, wait wait so they can hardly Feed ed all the people living in Europe back then",2025-02-04T19:16:35Z,0,0,en
UgzK7Z4rWnHtxGX8JEJ4AaABAg,@jamiehill2671,There is a Business Insider video about stockfish.  Most of the stockfish produced in Norway is destined for Nigeria,2025-02-04T19:14:05Z,0,0,en
Ugy1atIVCO4RqVp3PZ94AaABAg,@Lunettarose,KCD2 *and* Max helping us survive a medieval winter?!,2025-02-04T19:13:25Z,0,0,en
UgzHo075pEU7tTqWke14AaABAg,@crabyman3555,"this is why invention of canning and putting things in glass jars was so World changing.......food situation was really rough for most people before it, just the ability to put something like meat in a glass jar and boiling it , and it keeping good for months, was insane discovery",2025-02-04T19:11:14Z,329,24,en
UgwWYpJV0R62xUD89i14AaABAg,@RyanEglitis,No porpoise? Coward.,2025-02-04T19:07:54Z,0,0,en
UgykIWcuvsIZDQ65to14AaABAg,@annalisette5897,"It's amazing that wheat was once such a mainstay of life and now so many people are allergic to it. Or to wheat produced in the U.S. Some sources indicate those allergic to domestic wheat can eat items made with flour from Europe.

I'd guess the peasant class in medieval times would more likely have made this porridge with barley? And in northern areas with oats?

There are interesting historical observations concerning the advent of potatoes which grow better in northern latitudes than do any of the grains. How potatoes did a lot to ameliorate periodic famines. At least until the Irish potato famine.",2025-02-04T19:06:20Z,0,0,en
UgxShXd9wa8yvzMJ2UV4AaABAg,@Heartburn1220,Thank you,2025-02-04T19:05:58Z,0,0,en
UgxI55P_ntO7hkM5VoZ4AaABAg,@kallimago8595,"Always love the medieval videos <3

Random thought that occurred to me thanks to Tasting History: What is the history of dietary recommendations for pregnancy? Today, pregnant women are encouraged to eat lots of foods rich in specific nutrients (eggs, salmon, spinach, sweet potatoes, etc.). I'm super curious about when we started to hone in on a specific, recommended ""pregnancy diet,"" and what other cultures throughout history recommended for expectant mothers (if there was awareness of diet at all?).",2025-02-04T19:05:55Z,0,0,en
UgyRppgGerUqV4h9b0Z4AaABAg,@camilacarlos845,ok 15:57 what is going on on this illustration?,2025-02-04T19:05:41Z,1,1,en
UgyTKIIVeEivq6ILSm94AaABAg,@MeetSocks,These days the egg yolks would be reserved for royalty.,2025-02-04T19:04:29Z,0,0,en
UgwMOcvG6U3Hx-3iytd4AaABAg,@Iflie,"I think it would go well with that meat, even if it was sweetened and spiced. basically a pottage, just like everyone would eat, grains on the boil with whatever you had around i the season in it. Nettles as the earliest new wild vegetables soon.",2025-02-04T19:04:17Z,0,0,en
UgwuU_VCOBwzlc6iNMF4AaABAg,@dianapatterson1559,"I have wondered for a long time why fasting in Orthodox countries forbids all animal products - no cheese, milk, fish, as well as meat. But Europe and the Roman church allowed some animal products. I cannot justified this by the cruelty of the climate, since Orthodox Russians still have no animal products on fast days. I don't even know where to look for this info, but possibly you do.",2025-02-04T19:03:58Z,0,0,en
Ugy2C_Rv_77loXNs8SV4AaABAg,@fshepinc,Here's a fun description of surviving a medieval winter from the musical Goodtime Charley:  https://www.youtube.com/watch?v=Oe87dbscekA&list=PLnQhf0pHRKOdy1RDRT1rHupcG8DoTIYyR&index=11,2025-02-04T19:02:35Z,0,0,en
UgyU2T6EVwUiQ0oPxnh4AaABAg,@paulchipperfield3569,Perfect for all Uk pensioners who have lost their winter fuel allowance 😊,2025-02-04T19:02:30Z,0,0,en
UgxXV1yz3knNElBTHWB4AaABAg,@Musical.theatre.buff.22,Me and my mcdonalds watching this 👁👄👁,2025-02-04T19:02:15Z,0,0,en
UgwWiKwGyh-L6TR0swR4AaABAg,@paullsmith1867,Why were those farm folks exposing their genitals? So many questions.,2025-02-04T19:02:09Z,0,0,en
UgxxHXL4QCg34OGlkdZ4AaABAg,@otakarschon,"Great timing with Kingdom Come Deliverance 2 releasing today, thank you!",2025-02-04T19:01:44Z,0,0,en
Ugw1-cGYLzrXAQDvBg94AaABAg,@NaomiSilverArt,"No, not Flipper! 🐬",2025-02-04T19:00:54Z,0,0,Other
Ugz2hxmrGhXF7c7LTul4AaABAg,@kayfromtheg9846,"With the lovely Montana winter weather this week, this comes just in time!",2025-02-04T19:00:18Z,0,0,en
UgypWhUnprTCz5yNUut4AaABAg,@polymorpheus9745,"I would liken the medieval ice age to what is happening in the present.  Thus, perhaps we are seeing a repeating cycle, much like what cycle is responsible for the greening of the Sahara desert.",2025-02-04T19:00:11Z,0,0,en
UgyliBqtV1EgHxG9WB54AaABAg,@Beat_JSRF_Lover2829,My dad and I have been watching you for a little over a year now and I have to say that every week we look forward to what you will be making! Keep it up :),2025-02-04T19:00:09Z,0,0,en
UgwyXJOch6jfhl2OtBV4AaABAg,@sbolfing,I keep hearing about saffron in these old recipes. Was  it more available (and less expensive) then?,2025-02-04T18:58:50Z,0,0,en
UgwSzcYqFw38LPgDErh4AaABAg,@Spacey_key,"10:40 a traditional polish soup rosół get it's name from it, if translated literally it's name would be de-salt in english",2025-02-04T18:58:21Z,0,0,en
UgwuGBTVgpFdGamd7JF4AaABAg,@ArturoLopez-ly2pn,Judging the situation in the US right now those eggs were probably more expensive than the saffron,2025-02-04T18:54:15Z,0,0,en
UgyzjcmpG09t-TsLLFl4AaABAg,@therongjr,I would have been sad if you didn't find a way to work hardtack (clack clack!) into this script.,2025-02-04T18:53:51Z,0,0,en
Ugwi8S2p-zmWz8Uq-bV4AaABAg,@williamjenman6902,"""FruMENTy or frum-enty - I've always pronounced it without the ""MENT"" sound. Can anyone confirm the correct pronunciation please?!  Ta.",2025-02-04T18:53:41Z,0,0,en
UgxBm2_INM68fnqCxcV4AaABAg,@DrDiemotma,"If you reenact the hard tack meme with stockfish you make, I will preorder your second book. Two copies, will present my brother in law with one.",2025-02-04T18:52:57Z,0,0,en
UgyvQ_bP2Sh93oQdUj14AaABAg,@TheOdinsLance,"Man, some of these medieval subsistence recipes go crazy.
I'm only a little hungry and that looks like the most delicious thing ever.",2025-02-04T18:52:31Z,13,0,en
UgxgY7S-pt-RSHR29Ad4AaABAg,@beetrootmcguillicuddy4185,"Nearing 50,000 views and 7300 likes in two hours! Who thought this subject would catch on this way?!?!? Another great video Max!",2025-02-04T18:50:40Z,0,0,en
UgzM-NmN7f0tEiUD7Gd4AaABAg,@arx3516,"What made northern Italy wealthier than other parts of Europe during the middle ages is that they were kind of outside of feudal rules. Northern Italy was part of the HRE, but the emperor stayed in Germany, and had a hard time in enfircing his rules and taxes, Barbarossa tried but lost, and so the cities governed themselves without lords.",2025-02-04T18:50:35Z,0,0,en
UgwdGxnAwr_Gz3nYSIJ4AaABAg,@BasketOfPuppies642,"now i wanna try making wine popsicles... that was definitely the correct takeaway from this video, right?",2025-02-04T18:49:31Z,0,0,en
UgzX6oVDgg4SzFTbbtF4AaABAg,@stevejohnson3357,If you want preserved fish you can have lutefisk. Still served in Nordic countries as a Christmas 'treat'. It needs to be soaked in lye to soften and then the lye has to be rinsed out. In Norway it's served with a white sauce and in Sweden a butter sauce.,2025-02-04T18:48:04Z,0,0,en
Ugywyz6FvrblKu8rWpl4AaABAg,@Zombeegun,I knew that hardtack scene was coming!LOL,2025-02-04T18:47:59Z,0,0,en
Ugw-IbCoCVmgKcRaVFZ4AaABAg,@MrNuserame,"6:41 hahah, good find",2025-02-04T18:47:54Z,0,0,Other
UgzuLzXlLLTUKfbW0354AaABAg,@johnkrappweis7367,I thought it was kind of funny at 9.50 seeing that guy squeezing the poop out of the intestines practically on the feet of the person next to him.,2025-02-04T18:47:35Z,0,0,en
UgwzPEgvFfRtoCd87zB4AaABAg,@Mid-SizedSeDan,What specific spices would they have been using at the time?,2025-02-04T18:46:26Z,0,0,en
UgyGgoNJJy3kGRv8Mch4AaABAg,@MynewTennesseeHome,"Good episode. Cabbage, winter squash and most root vegetables will store for 2-6 months. Also, I'm sure they waited till the winter cold sets in to butcher some of the meat, then it'll stay fresh longer especially if it gets frozen.
I want to add, I like barley more than wheat berries.",2025-02-04T18:46:10Z,0,0,en
UgwCdpVnhG5183-2UFh4AaABAg,@komal146,"I don't know if it's a pan Indian thing or limited to my ancestral village. But, they make usually savory and ocasionally sweet version (no eggs) of wheat berries for that fulfilling day meals. Soak em overnight, boil with veggies and stir fry them with spices. It is very economical and good.",2025-02-04T18:45:57Z,0,0,en
Ugz2OLqH4DDzSfOFbIV4AaABAg,@Objective-Observer,The recipe- for a modern pallate- that needed cheese or sugar.,2025-02-04T18:45:49Z,0,0,en
Ugy-O1cF1bH1udrUrzR4AaABAg,@danieltaylor5231,Porridge? Please Max may we have some more?,2025-02-04T18:45:35Z,0,0,en
UgzjunShSjq4fYUFWBJ4AaABAg,@corvid...,"Stock fish was so hard it had to be beaten with a mallet I knew what was coming 😂😂

Hard tack *clack clack*",2025-02-04T18:45:10Z,0,0,en
UgyMWg8pO6xiJMdAtdJ4AaABAg,@ThomasD66,"In the middle ages, and even beyond people in Europe, and the near East did not make much distinction between sweet and savory dishes.  Both were considered acceptable for the main meal.  The concept of sweet being reserved for dessert came much later.

In many parts of Europe blood puddings are still a Christmas tradition, this relates back to the timing of when pigs were slaughtered and that the fresh blood could then be used as the thickener for these sorts of porridges.",2025-02-04T18:45:02Z,10,0,en
Ugx84LIzJoxh7wShKHp4AaABAg,@Somedude642,3:30 is there some kind of problem with egg yolks and almond milk specifically? or is that just because the yolks would've broken Lent?,2025-02-04T18:44:41Z,1,1,en
UgyXRkgCfE67EB1zCTJ4AaABAg,@johngault4790,First I want to say I love your channel but it bothers me when you say I hope there's no snow when I have my vacation in Florence while I worry about how to feed my kids and heat my home in below 0 degree F,2025-02-04T18:44:28Z,0,0,en
Ugxq160rh9jd5G5-ih54AaABAg,@Hallows4,"In her books on the Angevin period, Elizabeth Chadwick mentions frumenty flavored with things like dried fruits and honey, which I don’t think would be too far out of reach for a peasant.",2025-02-04T18:44:27Z,0,0,en
UgzidWLwio42pEFRm1B4AaABAg,@kattagirl,... as long as you don't have to eat it every day during the winter ;-),2025-02-04T18:44:24Z,0,0,en
UgxQfbVCdO9kZtF6Oi94AaABAg,@CreedK,"*max’s neighbors, who still vividly recall the garum making process*

“oh my god he’s hanging fish outside again”",2025-02-04T18:43:35Z,2794,11,en
Ugw44IHmPOmsFyI53Lh4AaABAg,@minuteman4199,"When you here ""boiled meat"", think pot roast or stew.",2025-02-04T18:43:17Z,0,0,en
UgyRKo3fbXLyhcKK4H54AaABAg,@Flötenmuff-n7i,"imagine eating this for weeks, months and years, maybe even your whole life. you had no choice, either eat this or die.",2025-02-04T18:41:31Z,0,0,en
UgzABOvwJMJJoqI0Xv14AaABAg,@itsgamingtime9578,Acorns are also a nice winter/emergency food. You can make then edible by long cooking with changing the wqter or of you have time just put them in a bag in a small river and it will loose the bitter stuff within few days,2025-02-04T18:41:11Z,0,0,en
UgxSDC2fobxWePJqcex4AaABAg,@kueapel911,I can imagine venison stock added with some nutmeg. Sounds lovely.,2025-02-04T18:39:46Z,3,0,en
UgwEv7Wxgp2D0VnDVS14AaABAg,@ChaosChatOfficial,"Thank you for yet another excellent video, Maximus Millerius",2025-02-04T18:38:19Z,0,0,en
UgxfplpOqa-bnVZl0TJ4AaABAg,@Skullspinx,Eggs? EGGS?!? You are eating as royalty right now! 😂,2025-02-04T18:38:05Z,2,0,en
UgwcX-yVj0CP0U_U01x4AaABAg,@danielseelye6005,"Interesting, I was 90% there and didn't even know it.  I've been making oatmeal with water, cinnamon, a tablespoon of brown sugar and cocoa powder, but I've also fried up a couple scrambled eggs and laid it on top in the bowl.

Maybe I should see about mixing the eggs in like this? 🤔",2025-02-04T18:36:38Z,0,0,en
UgxiooF9ZZ169uchaZt4AaABAg,@genericredcircle8027,"Nice to have a medieval recipe to go along with my medieval, famine-resistant build",2025-02-04T18:36:32Z,1,0,en
Ugxa5cBMLzRIG50K4qF4AaABAg,@matthewhopson964,"Thanks again Max. Your videos are enjoyable, informative and inspiring.",2025-02-04T18:35:55Z,0,0,en
UgzMJVnjyHTM4O4hs5l4AaABAg,@kellychuang8373,Can say good not all of the past was pleasant and also have to really think about food and drink as well along with how it would offend people along with dress.,2025-02-04T18:35:05Z,0,0,en
Ugyr0fo6nX0U3T0wIGR4AaABAg,@movingforwarddespiteeverything,"Oyyy, compression socks.

NOTE: Check with your doctor first, as they can actually make some conditions worse!",2025-02-04T18:34:44Z,1,0,en
UgydJoHMDU2ccV91WFF4AaABAg,@RedCascadian,"With the potential hard economic times current events could be setting us up for, dishes like this I think will become a lot more relevant to a lot more Americans. A lot of Americans just don't know how to work with basic grains, legumes, etc.

Thanks for making videos like this and keeping alive recipes from leaner eras, and I recommend everyone look into food storage containers and check for a Chef Store near them (used to be Cash & Carry, you can get huge sacks of rice, beans, etc at wholesale/warehouse prices)",2025-02-04T18:34:18Z,0,0,en
Ugy0wzO-D6oZU14YmM54AaABAg,@dineyashworth8578,Black pudding is perfect for all the vampires out there........,2025-02-04T18:32:26Z,0,0,en
UgyIwvEvPH_Xjox85GV4AaABAg,@Pandrogas,"*Looks at $10 eggs at the grocery store*

Food is somehow still more expensive during the winter (of our discontent).",2025-02-04T18:31:54Z,0,0,en
Ugwz6OiBEs2yPOK8UAN4AaABAg,@stevejohnson3357,The royals would be fine except they have to spend so much time together in winter.,2025-02-04T18:30:25Z,0,0,en
UgxbHO10zyDeSfYNr414AaABAg,@agkittyhook2257,Maybe add some honey or dried fruit,2025-02-04T18:29:59Z,0,0,cy
UgydWtMr5zgdYADKoTR4AaABAg,@mooslionheart,As a part of your medieval fare yyou might give us a program on the Goliardic poets and their wining and dining in taverns in the Middle Ages - a surprising tale🦊,2025-02-04T18:28:46Z,0,0,en
UgyXEy1Kb1D2K3UXyol4AaABAg,@SenLouie,I like how because radishes have a zing/burn to them when you eat them they just assumed it to be a hot dry food.,2025-02-04T18:28:37Z,0,0,en
UgywQwP2zECGcUKbRxt4AaABAg,@TheLoyalOfficer,Make the stockfish!,2025-02-04T18:28:14Z,0,0,en
UgwXq2aHPY9vcl4gGnB4AaABAg,@RyanHarmon2,"sorry... ""you CAN add it later"" @4:48",2025-02-04T18:26:32Z,5,0,en
Ugyv3mA_NuY7oTrOmJZ4AaABAg,@hermeticbear,"I put eggs in my oatmeal. Usually along with cheese and some greens like spinach or collards, and some other spices.
I don't see wheatberries commonly available though.",2025-02-04T18:25:59Z,0,0,en
Ugw2ERwfdF-slKX66Bx4AaABAg,@kraftdinner5302,"If you do look into stockfish, check into the practices of drying cod on ""flakes"" in Newfoundland, producing a similar product. Dried salt cod forms a traditional part of the Newfoundland diet, particularly in ""fish and brewis"", thus drying fish with traditional methods is still practiced there.

On a seperate note, I can't find a video referencing it; have you ever done a video on Welsh rarebit (and the stories thereof)?",2025-02-04T18:25:45Z,0,0,en
UgzvQ14zLfsJ7W_u4Wd4AaABAg,@Sam-lm8gi,"Porridge is one of those dishes I can't believe I've never eaten, and now I simply must.",2025-02-04T18:25:19Z,0,0,en
UgwlDv9b1vCdNoCXHDN4AaABAg,@yakb.7690,Should be noted that the medieval warm period was indeed still colder than it is today. Man made climate change is much more significant,2025-02-04T18:24:40Z,0,0,en
UgxIkPZURUnc5l14Yed4AaABAg,@kerc,Surprise hardtack reference. Never gets old. 😁,2025-02-04T18:22:49Z,0,0,Other
UgxtCqRYLFoRwa3lSNN4AaABAg,@ritzenhauf,Pretty similar to how I make oatmeal today🎉,2025-02-04T18:21:32Z,0,0,en
UgzTsTxpRZYo9i6BkbV4AaABAg,@markwarnberg9504,Goats were the poor mans cow.....grass root and bark the poor mans bread.,2025-02-04T18:21:21Z,0,0,en
UgxYQDrQfD8PdClPp-V4AaABAg,@sirlawbringer9123,Right on time with the release of Kingdom Come Deliverance 2!,2025-02-04T18:20:02Z,0,0,en
UgwKBESpt5W1VncKH214AaABAg,@swedishdad,Might be nice to whisk the yolks in like you might do with a carbonara!,2025-02-04T18:20:01Z,0,0,en
UgxY99K_1ekQ3qLATkx4AaABAg,@grendelgrendelsson5493,"In the Anglo-Saxon calendar, November was called Blodmonath denoting when they slaughtered their livestock.",2025-02-04T18:19:54Z,1,0,en
Ugzso56Xjb3Kp-YVwS94AaABAg,@poobd,"Safety has arrived, a morning with max",2025-02-04T18:18:57Z,0,0,en
UgzOUyTVaOALdBWocWN4AaABAg,@paulherman5822,"My mom, who was a worse cook than Eva Gabor in ""Green Acres ?"" Made similar food and it was really good! But she subbed some things. Barley instead of wheat, usually, and usually chicken for the meat. Simple yet stuck to your ribs. One of the very few things that I remember my mom making that was good!",2025-02-04T18:18:11Z,0,0,en
UgzttNQELZTgqZAiS6B4AaABAg,@looser-K4P1,Do you eat all foods you make?,2025-02-04T18:18:10Z,0,0,en
UgzVRiuXpZ9XhRV_nO94AaABAg,@missteeny1638,This would actually be a great easy alternative to a lot of commercial processed hot cereals. Im going to have to give it a try.,2025-02-04T18:17:56Z,0,0,en
UgyS17PBBvgMYHeONkJ4AaABAg,@chrisnemec5644,A very appropriate dish for what they're forecasting here in parts of North America.,2025-02-04T18:16:31Z,0,0,en
Ugwym1S6LC939QOM8MB4AaABAg,@Ruby_Witch,I'd recommend reviewing Townsends adventures with stockfish before embarking on that journey yourself. It's quite an undertaking!,2025-02-04T18:16:24Z,0,1,en
UgyRb9npkM3NWRbPPYJ4AaABAg,@geoffreyentwistle8176,This recipe has left me... bereft of porpoise in life. 😂,2025-02-04T18:15:36Z,1,0,en
UgxaPJvf3IbdrRQ5ALF4AaABAg,@InfiniteLoop,"Great, now I want to try this stuff with Porpoise.",2025-02-04T18:15:19Z,1,0,en
Ugzba_d1TSp3tOhDftB4AaABAg,@WaterZer0,"TIL where the chess bot ""stockfish""'s name originates. I thought it was like ""stock [image] fish"".",2025-02-04T18:14:54Z,0,0,en
Ugz947BVAM4VIvj_bfp4AaABAg,@Getpojke,"Excellent video. Frumenty was one of the early meals I cooked when I got my hands on a copy of the The Forme of Cury years back. It was fun making the almond milk though I had been tempted to use oat milk as I always have oats on hand. Wheat berries are a fave in my house as they have a great texture. Similar to the barley we put in soup here (it's my favourite texture in it). I swithered on the saffron, but it would have been reasonably available as it's been grown in the UK since Roman times. There's even a town called Saffron Weldon which takes its name from the production of it. In recent years they've started growing it as a small crop in Cornwall too I hear. I've also semi started a tradition of having frumenty for breakfast over the Christmas period.
Hope you enjoy your holiday when it comes.",2025-02-04T18:14:39Z,0,0,en
UgzH3M9jWYLpUTcegW54AaABAg,@gaiusmitsius,Ι was half expecting him to be sponsored by KCD2 lol.,2025-02-04T18:14:26Z,0,0,en
UgxBi-ILj-ss7x0noiB4AaABAg,@AML2000,"Speaking of sumptuary laws, when I was stationed in Germany (around 50 years ago -- has it been so long?) I read in the German newspaper where a man won a Mercedes in a lottery or contest, and was driving it to work.  One day he was called into the boss's office and was fired.  When he asked why his boss told him it was inappropriate for someone of his low social status to drive a Mercedes to work.",2025-02-04T18:14:06Z,0,0,en
UgxsQKd5BUFyATInl6B4AaABAg,@TheCharlesAtoz,Medieval living looked really hard- great exploration!,2025-02-04T18:13:48Z,1,1,en
UgyvxoYgyofgcquWaIt4AaABAg,@amillionago4466,"Lol most medieval videos by non medievalists use Baroque music cuz it sounds old, is easier to find, and they don't know the difference,but Music Major Max actually nails it.",2025-02-04T18:13:34Z,0,0,en
UgwRRzJb55EKZ-OGRqN4AaABAg,@blueocean43,"Huh, so that's how it's pronounced when you aren't in deepest somerset. I've always heard it fr-UM-enty, with the emphasis on the um, and usually with the T dropped because somerset accents don't include much in the way of consonants. It sounds so much posher the Italian way. This sort of stodge is still eaten in some of the really rural bits of the UK, including somerset and the welsh valleys (at least in the 20s and 30s it was, when they could afford the eggs).",2025-02-04T18:13:21Z,3,2,en
UgwrHj5jFFiLcnasr8V4AaABAg,@RameshSutar-k3j,Atlwast not give diabetus and f gi value,2025-02-04T18:13:19Z,0,0,en
Ugy_xw8IA4DRxosZfNB4AaABAg,@Zontyara52,know im a peasant,2025-02-04T18:13:15Z,0,0,en
UgyfVNHHQ8N9rDmblC94AaABAg,@graywolfdracon,I'm watching this while it's -12°F(-24°C) out. Decided to have some oatmeal for a snack. Seemed like a good idea.,2025-02-04T18:12:46Z,0,0,en
UgyC-qmEFEKc4b3zjER4AaABAg,@flygirlfly,Some soaked raisens would be nice.,2025-02-04T18:11:04Z,0,0,en
UgzV_dPY6BKMChXxNqp4AaABAg,@williambendsen5090,"You know they didn't remove the eyes from the heads of the pigs, before they boiled it? That was because it had to see them through the winter.",2025-02-04T18:11:04Z,0,0,en
UgxqGEJ-WQh-cJm7x6t4AaABAg,@olhastashkiv245,"I really enjoyed this recipe! It gives a great glimpse into the lives of medieval peasants, and since this topic isn’t explored very often, I’m really grateful for highlighting it. 
I’d love to share another traditional dish made from wheat that is still prepared in Ukraine—*kutia*. It’s a sweet Christmas dish made with boiled wheat mixed with *uzvar* (a dried fruit compote made from apples, pears, and cranberries dried over a wood fire). It also includes walnuts, poppy seeds, raisins, dried cranberries, and honey. This dish has deep historical roots, and as far as I know, a similar version exists in Poland too.",2025-02-04T18:10:41Z,26,1,en
UgyjjIwuW0NiOBuI_Rd4AaABAg,@zachkorinis3935,Just a thought but I'm sure peasants would have mixed whole eggs in the wheat with no mention of use for the white in the stated reference. It makes no sense to throw the white away i.m.o,2025-02-04T18:10:37Z,0,0,en
Ugxu_4K20H5Y6-TJn5d4AaABAg,@adandredestefano,I really do appreciate that you that don't push political ideologies or religion. I think it's very wise that you intentionally do that. Pushing that stuff is a good way to alienate half of your viewers. I've always felt that politics and religion are a personal thing.,2025-02-04T18:09:57Z,0,0,en
UgxmSipxTz0Vali94bJ4AaABAg,@AgressiveElevatorMusic,You should try reading those old English passages with the old vowel pronunciation so it still rhymes. Really brings that stuff to life.,2025-02-04T18:09:55Z,10,0,en
UgwIBSO05Xs5dVlYtNd4AaABAg,@covishen,"Living in the northwest corner of Minnesota and growing up in Wyoming, I can definitely see the value of that. I ate a lot of oatmeal and ""Cream of Wheat"" during the winter months to keep me warm delivering newspapers in -30F, in Wyoming.",2025-02-04T18:09:52Z,1,0,en
UgwyfzQNev06mEXjxVt4AaABAg,@JenniOlsen-t1r,"Onions and other alliums and many, many greens grow just fine right through winter also. Plus what about fermented veggies like sauerkraut or other brined vegetables? Very important.",2025-02-04T18:09:25Z,45,5,en
UgzL7pcRIcG8VNYhJGB4AaABAg,@edenrose1224,"I've heard that a lot of wheat in the US is very different from what it once was, and that hard red wheat isn't as nutritious or easy to digest as wheat from long ago. It might be really interesting and helpful to a lot of people to do an episode on the history of wheat and the changes throughout history.",2025-02-04T18:09:14Z,0,0,en
UgwQOmj3hU523ag2XFh4AaABAg,@adaw2d3222,Could you make a short series on lent foods since it's such a weird concept.,2025-02-04T18:08:14Z,0,0,en
UgzJVN_exrWzE5SI3GJ4AaABAg,@edenrose1224,"I've heard that a lot of wheat in the US is very different from what it once was, and that hard red wheat isn't as nutritious or easy to digest as wheat from long ago. It might be really interesting and helpful to a lot of people to do an episode on the history of wheat and the changes throughout history.",2025-02-04T18:08:07Z,0,0,en
UgyZqYM7k-s4CDUFjIh4AaABAg,@ktw5141,HARDTACK,2025-02-04T18:08:00Z,0,0,Other
UgwYQKZprkdpWGoEl2t4AaABAg,@lynnkrencik5323,Duck egg yolks are larger and often yellower. These might be a good substitute for saffron.,2025-02-04T18:07:56Z,0,0,en
UgzCz8Du6Qv0TOmK20p4AaABAg,@eloisebennett1673,Toundsends has video on stockfish,2025-02-04T18:05:09Z,0,0,en
UgxAf8rCspZIH1WPLiF4AaABAg,@byron7165,Hard tack <chink chink> never gets old.,2025-02-04T18:04:46Z,0,0,en
UgwBt1plw8un2qLCFOZ4AaABAg,@nessuno9945,"The Italians also eat stock fish, called stoccafisso, or stocco fish, we have it baked, often on Xmas eve. This is not to be confused with Bacalau, which is salt cod.",2025-02-04T18:02:52Z,0,0,en
UgzDghXz0VB0BQxt5HB4AaABAg,@MichaelvanNiekerk,11:56 is problematic…,2025-02-04T18:02:34Z,0,0,en
UgwmspQ8brQHXV-17OZ4AaABAg,@udittlamba,Looking a little under the weather there max. all good?,2025-02-04T18:02:24Z,0,0,en
Ugzlv1ITdUlQTxw7kid4AaABAg,@petersage5157,Salt or brine preserved fish is a red herring.,2025-02-04T18:02:17Z,1,0,en
UgwgR-bz7MEOc0N-6Cx4AaABAg,@srice6231,I love the history you told!,2025-02-04T18:01:33Z,0,0,en
UgwD8f9SKB7lO4DIyF54AaABAg,@daisyfornost,I will never not love Hardtack *clack clack*. Thank you once again.,2025-02-04T18:01:02Z,0,0,en
Ugx_SmTcG745oBdky5p4AaABAg,@RogerS1978,It's almost like the global warming we're seeing is us coming out of an ice age.,2025-02-04T17:59:58Z,0,1,en
UgwEp7hwDQf6CfGivlx4AaABAg,@theaccountonmytv,You should do another episode about ways  to use hardtack 😅😂,2025-02-04T17:59:37Z,0,0,en
UgyR0MnewYoZu5pg5qd4AaABAg,@anacondaadultlearningcente4522,I made some baked brown rice pudding yesterday. No eggs. Cream and butter and dried fruit.,2025-02-04T17:57:51Z,0,0,en
UgweIldl9sXO9QR2kTR4AaABAg,@wunnup3229,We should come up with a meme-name for that Hardtackfish 🤣🤣,2025-02-04T17:57:39Z,1,0,en
UgzfOZbYGMDllH-FEAR4AaABAg,@MartinAhlman,"Barley flour, thats what Sweden survived by. Kams, palt, bread, porridge. Barley! And flour made from dried pees was also used.",2025-02-04T17:57:36Z,0,0,en
Ugw9HBPNo_XTFPsRQl14AaABAg,@trevorgriffiths5611,I wonder if you can use peal Barley instead of wheat 🌾.. I really enjoyed this video by the way.. As usual Brilliant 🤩.  😊,2025-02-04T17:56:57Z,0,0,en
UgyFFke4cfrV906z_RJ4AaABAg,@herbwitch5681,I was trying out my hand-crank flour mill and the first milling produced little nuggets that I thought would make a good cereal. I didn’t expect that the whole berries could be used this way. I’ll have to try it!,2025-02-04T17:56:55Z,0,0,en
UgwWpm5wOzSTmlrECuN4AaABAg,@Esc4pe_velocity,Im wondering if there could be a good medieval grain substitute for those of us with celic disease but want to try?,2025-02-04T17:56:37Z,0,1,en
Ugw_dSFIw_WtuuuLV794AaABAg,@ringlhach,"12:51 Your tense is wrong- ""is."" It IS pretty dangerous, even nowadays. It's safer than it used to be, but the ocean will kick the bejeezus out of anyone for thinking it's ever easy.",2025-02-04T17:56:32Z,3,0,en
UgxV8MsEmGzDArEQ5h94AaABAg,@JDLuke,You're going to love Florence. When we went it was brutally hot. I'm sure there's a comfortable time to go.,2025-02-04T17:55:45Z,0,0,en
UgwV8ekB0UNbq2mCfox4AaABAg,@bknesheim,You can eat Klippfish or Stockfish just fine without beating it. You put it in water for a few hours and then boil it. It will be just fine. The dry fish can also be smoked and that add a very nice flavor.,2025-02-04T17:54:58Z,0,0,en
UgwCApGoTP3rMHIUIO54AaABAg,@Kremit_the_Forg,"Jousting on a frozen river sounds like such a bad idea 😅

Or maybe they used sleads?",2025-02-04T17:54:49Z,0,0,en
UgzQSuVWNVibDxNAFY14AaABAg,@privacyvalued4134,I wonder what it would be like if it were breaded and deep fried and then coated in syrup.,2025-02-04T17:53:36Z,0,0,en
Ugy5xowuwNE9FiaNykN4AaABAg,@leotoro51,Is there a Snorunt Pocket Monster in the background ?,2025-02-04T17:53:02Z,0,0,en
UgwXPBAKsjvmHD0L1Q14AaABAg,@allisonlorene5056,The code gives you $10 off which is more than the shipping cost! I just ordered some this morning,2025-02-04T17:51:30Z,0,0,en
Ugxa5lG9v6EiOBwEBdB4AaABAg,@gaiusjulius4,When I saw this I thought you were going to be sponsored by Warhorse for KCD2. Their teaser trailer just came out and I'm all about it lol.,2025-02-04T17:51:28Z,0,0,en
UgxN71OkXGuIBDaN-SF4AaABAg,@aidanfarnan4683,13:26 *CLACK CLACK*,2025-02-04T17:51:26Z,0,0,en
UgxzMRYLb9A8RlRjRW54AaABAg,@Ivehadenuff,Love your channel!,2025-02-04T17:51:01Z,0,0,Other
UgyLzQs-7w-v4HbHgXN4AaABAg,@taylorsublett5710,Thanks!,2025-02-04T17:50:37Z,0,0,en
Ugw2vIoHDT36CqLYcIx4AaABAg,@thrisinthe,"""Wicked winters"" transported me back to Mass and burnt Dunkins coffee ❤",2025-02-04T17:50:24Z,2,0,en
UgwBZg7plTrtnCbzUop4AaABAg,@amys.3449,"The closed captions read ""Chomp!"" when Max took the first bite which made me laugh hard enough to alert my boss that I wasn't watching training videos. :D",2025-02-04T17:49:33Z,0,0,en
UgyEcjfHmTITIPxIRKp4AaABAg,@bryan7938,Fab,2025-02-04T17:49:17Z,0,0,Other
UgyQAr6CN2Q6Oo1WisB4AaABAg,@jcasillas78,"I never thought about using thorny branches/vines to keep out rodents, good tip!",2025-02-04T17:49:03Z,0,1,en
Ugy-05aqfUQEVksWvZJ4AaABAg,@mosasaurusrex1815,I love food preservation! Stockfish would be such an exciting video!,2025-02-04T17:48:54Z,0,0,en
UgzNHlkKZhqu1-1evx94AaABAg,@CricketsBay,"I am going to try to make Frumenty with oatmeal, since I cannot access wheat berries or barley. Irish Steel Cut Oats is the closest I can get.",2025-02-04T17:48:53Z,0,0,en
Ugx6re6b2blKY3Yqyud4AaABAg,@millardlovejoy92,Max always looks stoned 😂,2025-02-04T17:48:45Z,0,0,en
Ugytv5j2ikUomEFn4OR4AaABAg,@ellenspear50,The stockfish made me think of Garrison Keillor's mentions of lutefisk on A Prairie Home Companion. This must have been the origin of lutefisk and similar fish dishes.,2025-02-04T17:48:05Z,0,1,en
UgyuNPxRn9uUjTQh85R4AaABAg,@Kitchen_Explorers,I would have never found you if it wasn't for Reddit. ❤😊,2025-02-04T17:47:55Z,0,0,en
Ugyvoa4gZyLMubPkRtl4AaABAg,@mrgunn2726,"Thanks Max, much like stockfish, I am pretty fumenti is not a popular dish today for a reason.  No thanks, I shall eat'th mine hamburger. 🤣🤣🤣",2025-02-04T17:47:45Z,0,0,en
UgxmO4UDX_tHNVrsrfV4AaABAg,@draganap3241,"This reminds me of ""žito"" from the orthodox christian parts of former Yugoslavia, and which is prepared similarly but has walnuts, sugar, cinnamon and cream. It is made at orthodox christmas, celebrations of the family patron saints (slava) and it is also made for family gathering 40 days after death of a family member but then it is called koljivo which is unpronounceable to most of English speakers.😂😂😂",2025-02-04T17:47:22Z,0,0,en
Ugyb-nd0jmBEU1qapVZ4AaABAg,@guidoferri8683,what is the source for the tournament on the frozen Po river? I live near the river and I've never heard of it,2025-02-04T17:46:58Z,0,0,en
Ugy3PWCcn-pHs5curit4AaABAg,@mrpricklythecactus,Oh... I must be a medieval peasant. I already make this. Love finding out the history behind my favorite gruels and porridges!!!!❤,2025-02-04T17:46:55Z,0,0,en
Ugxz8hNocJ43L7hQGOp4AaABAg,@jeffventure6078,Not sure if this will replace pottage in my own peasant food recipies. Good video however,2025-02-04T17:46:19Z,0,0,en
UgzaZ69ikhW8peX-QF14AaABAg,@Mrboombastic266,"Don't worry Max, Florence nowadays basically never sees bad weather. I celebrated the New Year there two years ago wearing a t-shirt!",2025-02-04T17:46:18Z,0,0,en
Ugxmm5bHQ9UxhCuL-9x4AaABAg,@bigpejuca,"Max, could you recommend an in depth sources on medieval work, wages and working hours in the cities? Thank you!",2025-02-04T17:46:13Z,0,0,en
UgwV3iXoigIAd5qYLvV4AaABAg,@FreDaN92,It's become a tradition for me to eat tasty foods while watching the newest episode of Tasting History.,2025-02-04T17:46:03Z,0,0,en
Ugx2ovHc7aqL-LzJ4bh4AaABAg,@tetrodot5277,11:51 lmao,2025-02-04T17:45:50Z,0,0,Other
UgzQx-ZjDC1UslMyxWZ4AaABAg,@airenmoonwolf2520,All the way up to the Victorian age frumenty was loved. It is rather tasty and hearty.,2025-02-04T17:45:20Z,0,0,en
Ugz-2pM9JJo1y2vEm4x4AaABAg,@joshbogard6740,I'd like to watch you make stockfish,2025-02-04T17:45:00Z,0,0,Other
UgxAIQsD0p7X0zgAQwV4AaABAg,@foxykc,I think I am going to up my oatmeal game,2025-02-04T17:44:54Z,0,0,en
UgwBljoJGb4r6D4Ua4R4AaABAg,@shermanhofacker4428,"One of my favorite breakfasts was cracked wheat with cream and honey, only had it when staying with grandparents.",2025-02-04T17:44:45Z,0,0,en
UgwgLJbpnd7ob3JFoSt4AaABAg,@Bryan-jd7os,"Absolutely fascinating, thank you. We dont realize how easy we have it.",2025-02-04T17:44:27Z,0,0,en
UgzXB7po_epaqNMT_v54AaABAg,@kathmorgan3429,"They still sell salted hams that need to be boiled before eating, my mum gets them.",2025-02-04T17:44:13Z,0,0,en
Ugwm1Lc8z4UksalUGGR4AaABAg,@havaoren2468,"This recipe reminds me of something similar eaten in Romania and made from boiled wheat.  It is called colivă.  The difference is that it is vegetarian, it is eaten during Lent - and also at funerals and commemorative sevices for the dead.",2025-02-04T17:44:12Z,0,0,en
UgwS2zBMwX4q69BQbap4AaABAg,@167curly,"That wheaten porridge looks really satisfying, Max.",2025-02-04T17:43:26Z,0,0,en
UgxX5MmvwBQ32dma1OV4AaABAg,@hull294,"Throw some sugar ,a few raisins or cranberry""s, a little cinnamon & you've got yourself a nice breakfast.",2025-02-04T17:41:18Z,0,0,en
UgxAX5ox7gey7gyGE014AaABAg,@Blondie42,"🐉 Look!  You get porridge, and it's happy to see you.  😃


🦗 Get outta there, gonna make people sick.",2025-02-04T17:41:16Z,0,0,en
UgwsqP_EWY0kBV0gDD94AaABAg,@225Perfect,There's some wild biz happening in the chosen illustrations.,2025-02-04T17:40:10Z,0,0,en
UgxsRqF24jex7gi5fJB4AaABAg,@angiemehrtens1320,So awesome for grains to get hype.  Love them!!,2025-02-04T17:39:57Z,0,0,en
UgyMhLZ7YsS6Z5oTpth4AaABAg,@Icclebloo,"15:54 can we just talk about how there are people just casually warming their groins by the fire? 🤣

Also - Hardtack! I love how excited we all get when it comes up in an episode 💜",2025-02-04T17:39:43Z,27,2,en
UgzSUZHo3XinqMqSneF4AaABAg,@roegenaile9297,Honey would be great in this dish and would be in period.,2025-02-04T17:38:55Z,0,0,en
Ugx5ux0wR2PT9ubKsZd4AaABAg,@anndownsouth5070,"My mum used to make something similar when we were small. She washed the wheat, and then she cooked it in milk with some sugar and a bit of cinnamon. We got it as dessert, and it was lovely. She also  sometimes just boiled the wheat in salt water and served it as a side with stew in the place of rice. I loved that as well.",2025-02-04T17:38:39Z,220,1,en
Ugy5D1dQcl90OT9aUyx4AaABAg,@KonElKent,"The ""Little Ice Age"" was a little later; ca. 1550-1800 (ish). And there's some evidence that it was anthropogenic (human-caused). The Columbian Exchange sent a wave of death ahead of European colonists. The Patuxet might have been a little less welcoming of Pilgrims living on their land if they weren't literally down to the last man, for example. This caused a massive grow-back of forests and grasslands; the Americas were more ""pristine"" when George Washington was fighting the British than when Columbus landed at Hispaniola. 

This has been another installment of me desperately trying to justify the money I spent on an environmental anthropology degree...",2025-02-04T17:38:32Z,0,0,en
UgxYY7A8xqOw1twbHlR4AaABAg,@Minnehotness,So excited to see hard tack's comeback!,2025-02-04T17:38:28Z,0,0,en
UgznkedzGHAVU3Sd42N4AaABAg,@bobbylind1145,Max Miller for president 2028,2025-02-04T17:37:03Z,0,2,Other
UgyOjMgmFpu6gC0_cg54AaABAg,@fruitpunchsamurai4837,"A few other examples of winter foods that were bigger in Eastern Europe include things like all sorts of fermented vegetables and legumes. When I was a kid my home country didn't have much import or export with other countries, so my family mostly ate seasonal foods. All things considered, it wasn't all that bad, although we did basically eat the same vegetable stew on most days with the cabbage swapped out for peas or lentils or potatoes",2025-02-04T17:37:03Z,35,0,en
UgwSqJlfQrEN1Xs9M314AaABAg,@vickiekostecki,"It probably is tasty, though maybe not after the third week of nothing but frumenty. I would be tempted to jazz it up with onions and garlic.",2025-02-04T17:36:52Z,0,0,en
UgynRCpcfz4828EAqn54AaABAg,@louannchipman1749,I know it is going to be a good day when I get to see the short video of you clicking the hardtack biscuits together!  Always makes me grin and chuckle!,2025-02-04T17:36:41Z,0,0,en
UgwOavdF0pY-PKOgoRZ4AaABAg,@Beef1188,"Did you say wheat ""berries""? Since when is grain a fruit?",2025-02-04T17:36:34Z,0,0,en
UgyqMXmKpXB-sgxLGg54AaABAg,@luduar,I love to watch Max's videos to chill a little bit and learn a lot,2025-02-04T17:36:13Z,0,0,en
UgywdyeWPEeCnSXsBHZ4AaABAg,@shronklescrimblo69,Does Bombas sell sticks?,2025-02-04T17:36:08Z,0,0,en
Ugx8Z3k2kywx7acI6Kp4AaABAg,@bizzarojerry,"I know you're sticking to the letter of the recipe, but I'm half surprised you didn't add any bacon, sausage, or butter.",2025-02-04T17:35:44Z,0,0,en
Ugyo-5HPNewAAbC0tt94AaABAg,@lisahinton9682,"Now the channel has _fishtack,_ too, not just hardtack (and that hardtack bit never gets old, Max, it never gets old!)",2025-02-04T17:35:43Z,34,1,en
UgzHSNBBGxiulfu8NZd4AaABAg,@scabbrox-weekendwarriors8181,"As you say you are going to Florence in the near future, you could find stockfish there, we call it ‘stoccafisso’.  It’s more common further north in Veneto but you may find it in Tuscany given that we’re still in winter.",2025-02-04T17:34:20Z,1,0,en
UgxfrQxtWUV3QQlptp14AaABAg,@1midnightfish,"Thank you for this great episode ☺️ I think I'll try the vegan Lenten version at some point... I have wheat berries at home because I've been experimenting with a Ukrainian wheat porridge called ""kutya"" (the stress falls on the last syllable). It's lovely and would actually be a great thing to make on the channel close to Xmas, since it's a traditional dish that Ukrainians have been making for a very long time. 

Ukrainian Xmas food would actually be a great topic for a seasonal video: if you ask the contact who helped you with the beautiful borsch video you made two years ago, you'll know what I mean! 

Thank you for your work, I watch every single video you make, vegan or not.",2025-02-04T17:32:50Z,0,0,en
UgxWlbLVVes1PpTEc2h4AaABAg,@AnaxErik4ever,Hello Snow runt in the background.,2025-02-04T17:32:16Z,0,0,en
Ugw5nPtZxlZRnQcjItx4AaABAg,@OofusTwillip,"There weren't ""fewer hours in the day"" in winter.  There were fewer hours *of daylight* in which to work.",2025-02-04T17:32:13Z,0,2,en
UgwFT0pzkX1nqV2Bo1p4AaABAg,@MrCrchandler,"Frumenty is traditional fare around Christmastime in my late wife's native Yorkshire. But it's made creamier, more like oatmeal, and has dried fruits and spices in it, principally cinnamon and nutmeg in that I've tasted, or ""mixed spice,"" which is essentially what the British call what we call ""pumpkin spice.""",2025-02-04T17:32:10Z,0,0,en
UgxQJBG4_j-TBw6TWQJ4AaABAg,@ZeroStressQuest,always a highlight of tuesday max,2025-02-04T17:31:46Z,0,0,en
UgwyjGVE9ZlR9gcDBLF4AaABAg,@AdamYJ,"The stockfish sounds a bit like Japan’s katsuboshi, which they shave to make bonito flakes.",2025-02-04T17:31:32Z,0,0,en
Ugzt5rabdjXpO2g7s254AaABAg,@Chris_W,4:00 fun to see what words used to rhyme before the great vowel shift,2025-02-04T17:31:26Z,27,0,en
Ugz-18VRkySSAAJiTjd4AaABAg,@neptune4434,Good to be this early,2025-02-04T17:31:00Z,0,0,en
UgxF6xt7IvEKnsWhO-94AaABAg,@MorningStarScorpio,Max I would love to see you tackle the “pickled limes” that are somewhat prominently spoken about in the film/book “Little Women.”,2025-02-04T17:30:53Z,106,2,en
Ugzo_xsuw9Sm4pOmOKR4AaABAg,@meriemzettili,This is similar to a Middle Eastern dish called Kishk. It is made with Burghul and yogurt no eggs. I think there is also a Greek version and they call it Trahana. It is also eaten in winter.,2025-02-04T17:30:40Z,0,0,en
UgzBdnf3gWe3TXS04hJ4AaABAg,@chadreese9501,Thank you for my Tuesday stress reduction! I love this medieval stuff!,2025-02-04T17:30:17Z,0,0,en
UgzR-ghj1a5n2tv60X94AaABAg,@harrytheprince6951,Would it help to temper the egg by adding some warm/hot milk before boiling everything so it wouldn't curdle that easy?,2025-02-04T17:29:15Z,0,0,en
UgybEJ4nrzF0DAxtNQJ4AaABAg,@floydblandston108,"This is sooo Cali-centric. 😂
Max, you need to visit the frozen north sometime, we live like that *every* year!😉",2025-02-04T17:29:08Z,0,0,en
UgwPNYp_UHbKT5fhbdd4AaABAg,@charles-y2z6c,"Hmmm... 400 years of warm, then 400 years of cold? What caused that Climate Change?",2025-02-04T17:28:13Z,0,0,en
UgxDAoFoNXmPYGzp62R4AaABAg,@hotel283,Gruel.  Got it.,2025-02-04T17:28:01Z,0,0,Other
UgxcTsiAuqXzU8kqQet4AaABAg,@ericaeschenbacher4921,"Coincidentally, I was just researching ways to get more Barley ( Fiber/ beta- glucans) in my diet. This recipe might be worth a try, if not for novelty sake at least. Thanks Max😻",2025-02-04T17:27:32Z,0,0,en
Ugy8Ut0HBYz8tXoiAJh4AaABAg,@aronbalazs1162,If you come to Hungary I can give you a free tour around Budapest!,2025-02-04T17:27:06Z,0,0,en
UgwCptLS3bEoJhLQaxp4AaABAg,@alexgeorge501,I spotted your Snorunt,2025-02-04T17:26:49Z,1,0,en
Ugzzgqn_I_6HuRIxEcF4AaABAg,@Endymion766,"i am grateful that all I have to do is open a can to eat, and can get fresh stuff year round thanks to our modern logistics. Wheat berry porridge does look yummy though. I could get by on that.",2025-02-04T17:25:59Z,0,0,en
Ugxu8CF9nhmi4Sb8yU94AaABAg,@SimuLord,All that is old is new again. The whole-grain cracked rye porridge my slow cooker produces overnight is a fine beginning to a winter morning and it wouldn't have been out of place on a medieval Northern European table considering its similarity to this recipe.,2025-02-04T17:25:45Z,0,0,en
UgySMXyztAcD8R6Zbrl4AaABAg,@marcielston3019,11:02  is the February calendar page from Très Riches Heures du Duc de Berry.  Don't look too closely at the left side.  😆😆,2025-02-04T17:25:38Z,0,0,en
UgwhooV84sevVBgwvOp4AaABAg,@a.k47-74,Hardtack!  ❤,2025-02-04T17:25:00Z,0,0,Other
UgzVoU0kUSa5gCu1ZuN4AaABAg,@sandradelaney206,"Thanks for that! It seems that furmity was eaten til well into the 1800's in England, as Thomas Hardy's ""The Mayor of Casterbridge"" begins with the protagonist agreeing to sell his wife, after eating bowls of furmity laced with rum! Hardy also mentions that currants, raisins and flour were also included in this particular batch of 'antiquated slop'. Excellent book btw!",2025-02-04T17:24:51Z,38,4,en
Ugx5tcXxZOmEYu7gifR4AaABAg,@edwardphillips8460,Only 4K likes in an hour. Ah well it was a good run while it lasted. 😂,2025-02-04T17:24:28Z,0,0,en
UgyboGxhAKOWFQRbcGl4AaABAg,@mosasaurusrex1815,"I got donated some of those Bombas socks from a charity recently. I sometimes thing that kind of claim of donations in ads is fake, but nope! They're the fanciest socks I've ever owned and I'm very grateful for them!",2025-02-04T17:24:27Z,23,0,en
Ugy_W-OS_DUeYOquyg54AaABAg,@Jasonbrownneedscoffee,There is a common technique used to add egg yolks to hot liquid without scrambling them . The most common way its used these days is in greek lemon chicken soup. You basically wisk the yolks in a separate dish ( in lemon chicken soup you wisk them in the lemon juice but im sure you could use water or milk instead) then you slowly( one or two spoonfuls at a time)wisk in a cup or ladle full of the hot broth(or milk) from the pot . After this you can slowly add it to the hot soup without scrambling the eggs,2025-02-04T17:24:10Z,0,0,en
Ugw53I5dM_RXUU3KoW54AaABAg,@jackthepally2667,"Keep up the good work, helping document history that is overlooked by many.",2025-02-04T17:23:58Z,1,0,en
UgyYBYsDz95re-c2zu94AaABAg,@kazoohero93,Very cool video. I can see how this is the ancestor to the Italian dessert pastiera / pizza grano that we eat on Easter,2025-02-04T17:23:53Z,0,0,en
UgwZrqWhaEH2kHApF6F4AaABAg,@nannelflannel1297,"the raddish art at 15:27 had me lose my mind, like it knows when im going to die or something-",2025-02-04T17:23:37Z,0,0,en
UgyifjXg5AuGXuME5yN4AaABAg,@lulu6618,Yay! Hardtack!,2025-02-04T17:23:29Z,0,0,Other
UgynNQV0DS8FsDQjdVZ4AaABAg,@YouTubeIsRunByMarxists,"I love that Max always works in that hardtack joke.
Tunk! Tunk!",2025-02-04T17:23:12Z,0,0,en
UgyzHyPhha6eFG-CH8Z4AaABAg,@nickgee7291,I love that Hardtack recurring joke on this channel!,2025-02-04T17:22:54Z,6,1,en
UgyIQBgGBQuVPYXeWgF4AaABAg,@WaterFruitTree,Gort the Serf is gonna be eating good with this one 🌾🌾🌾🌾,2025-02-04T17:22:42Z,3,0,en
Ugwmf7eQxsKmWxSRr454AaABAg,@RolandDenzel,"Three eggs? OK, rich guy 😅",2025-02-04T17:22:24Z,0,0,en
UgwTwk7Iik28_oLjLix4AaABAg,@Gidister,Perfect video to watch on the day that KCD2 comes out. Would have been great to see a collab with Warhorse Studios as to what people in Czechia would have eaten.,2025-02-04T17:22:21Z,0,0,en
UgzVvbbrXqV6X2njJnh4AaABAg,@deniseeulert2503,I first heard of The Little Ice Age in a fiction series collectively called The Ring of Fire.  In the book 1632 a town in West Virginia is transported in time and place to the middle of central Germany in the year 1631.  Climate is not the biggest challenge but it is an issue.,2025-02-04T17:21:48Z,0,0,en
Ugxf0f1f3Fc-o5SCGAh4AaABAg,@tktyga77,"Stockfish is quite commonly used in many Asian & even African countries, namely in West & Central African ones like Nigeria & the Congos, where the latter 2 call them by names like makayabu & likely could work well with lutefisk as well given the latter can go with anything & can be very tender & flaky with minimal if any smell if done right. Would highly recommend customizing your sides & accompanying dishes if making either or both of them",2025-02-04T17:21:44Z,0,0,en
UgyxAN7-qnFZvCu3LkZ4AaABAg,@duckweedy,Really I think its time the hard tack got fed to the maggots.,2025-02-04T17:21:12Z,0,0,en
UgwUbWiEcmC6ofPe3Px4AaABAg,@nycurbanist3616,Please make the stock fish! I have a strange obsession and bewilderment surrounding Medieval preserving techniques and would love to see it,2025-02-04T17:20:56Z,0,0,en
Ugzq6vi0LtWsqKnHx7F4AaABAg,@SSNCM,"I can't help but laugh every time I hear.... Hardtack, click click.",2025-02-04T17:20:11Z,0,0,en
UgzpWoe06KJ6cU_NKDh4AaABAg,@ismellstatic,"i can't see the painting at 6:07 without thinking of the movie Solaris, the 1972 version, with that eerie synthesizer rendition of Bach playing over it. also, great video! i'm absolutely making this dish, this winter has been particularly cold and a nice, warm and hearty breakfast like this will help a lot.",2025-02-04T17:19:44Z,3,0,en
UgyfdAMl16qHvnBwr-94AaABAg,@stoker1931jane,"Kind of a contradiction that people back then saw Radishes as hot & ""dry"" - to combat the cold & wet season. Because Radishes consist of 94% WATER 😅. But they were/are right to the ""hot"" and healthy...as they contain a series of Minerals and needed Vitamins, like vitamins B and C. 😊",2025-02-04T17:19:31Z,0,0,en
Ugx6sj1ky8g1jKXs-g14AaABAg,@ronmaximilian6953,I'm surprised that they didn't grow lentils.,2025-02-04T17:19:15Z,0,0,en
UgxlVmSjrKqHggmrWGB4AaABAg,@GardeningWarrior,I love my bombas which I was gifted in a homeless shelter. They are wonderful lifesavers.,2025-02-04T17:18:31Z,66,1,en
UgwOP0N4G3-bhka1KEx4AaABAg,@StMidium,"Here's a tip: if you want to try stock fish, you should visit Northern Norway. Specifically the Lofoten islands, where they still make it using the same methods they used in the Viking era.",2025-02-04T17:18:11Z,21,1,en
Ugy1obbevhE1ltf0N-B4AaABAg,@mirandamom1346,"Kittens, porpoises… yikes!",2025-02-04T17:16:50Z,0,0,Other
UgzK5pJu1H45TJKMr9l4AaABAg,@floydblandston108,"Back when I was a young farmhand myself, I found an almanac that described the food portion of the daily wages paid a Scottish farmhand in the 17th century. Unsurprisingly, it was only two items-  a volume of oats and of milk. I then proceeded to enjoy the same for two weeks just to put it to the test. It was amazing, I felt better, stronger, and had better energy than when I had been 'free ranging' a typical western diet! 😄",2025-02-04T17:16:24Z,1,0,en
Ugw8NC-VGusABfD55B14AaABAg,@mrblowhard2u,"Max. the painting you show at the beginning well......maybe you should take a second  look at it, especially the two gentlemen.",2025-02-04T17:15:28Z,0,0,en
Ugyxjbnx6MY8HKL2lxh4AaABAg,@high54me,"I am most intrugued. Thanks, Max!",2025-02-04T17:14:08Z,0,0,en
UgyPZHUdF0zKu4eB02Z4AaABAg,@riccardob9026,"Stockfish: ""it was so hard and dried that it had to be beaten with a mallet""

You can use the present tense here, this is true even nowadays.  It is also true that if you buy stockfish (or its salted cousin) you usually buy it already ""ammollato"" (~wet) and the job of keeping it in water and beating it it has been done by the shopkeeper and the fish you buy is already fairly soft (quite) and you can cook it right away.  Even the salted version is not so salty, since it is kept for long time (in the shop) in running water.",2025-02-04T17:13:55Z,8,0,en
UgxBIqW037nXfUkKzON4AaABAg,@elanorhaliczer9916,"The budget stuff feels awfully familiar to me, I can only work over the summer. And now I’m running low on funds by early February 😅",2025-02-04T17:13:48Z,0,0,en
UgxeELLsZRpY-zD9-fp4AaABAg,@LordRefa,"One thing that always amuses me about these medieval peasant recipes is how similar and familiar they all are to what I grew up eating as a kid in Finland  and what I still cook. 🤔🤣

I was a semi-farm boy. 😝",2025-02-04T17:13:37Z,5,0,en
Ugzn8WFbBc2g279jfKp4AaABAg,@Alias_Anybody,"The Columbian exchange really made that one a lot easier. What do you eat as a peasant from 1780 onwards? Boiled potatoes with some type of cabbage and or roots. All year long if you can't afford anything else, but usually with a bit of pork. And it still kept you healthy somehow.",2025-02-04T17:12:54Z,6,2,en
UgwnzT-5lKOpbL8-Whh4AaABAg,@randomzombie2,"Bombas is a great company. Keeping it vague, I work for a non profit in a large metro area. We have up to 1100 residents in housing we provide, as well as several hundred emergency housing beds. We use their socks whenever we are lucky enough to receive their donations.",2025-02-04T17:12:32Z,427,7,en
UgwFXE8g2U405gYjgep4AaABAg,@angelomancuso8490,I just had oatmeal and I see this lol,2025-02-04T17:11:15Z,0,0,en
Ugx5Cmk1BEYxHAzgUj14AaABAg,@LazloVimes,How bout an episode on fondue?,2025-02-04T17:11:12Z,0,0,en
UgylIWoKJgJ2KqgNQAJ4AaABAg,@gailsears2913,"Thanks Max! Like rice pudding, but with wheat berry. A little sugar and some spices for me.",2025-02-04T17:10:41Z,0,0,en
UgxNOsKr7Po1AHO7ift4AaABAg,@johnkirby8939,"For the next volume of Tasting History: The Cookbook you really need to have all the recipes in rhyme. Do it, Max! The world awaits!",2025-02-04T17:10:27Z,0,0,en
Ugw3gKD2rqO0MDNFqpx4AaABAg,@herbertfawcett7213,"When I was a child, we used to have this for breakfast once in a while.",2025-02-04T17:10:04Z,0,0,en
Ugxns-GJDNjmgRAcSjR4AaABAg,@dardell2001,A collab with Townsends might make that stockfish project easier,2025-02-04T17:09:53Z,1,0,en
Ugyb3jMq-EkFHb9hlR54AaABAg,@wesleyhoward5599,"11:45 Sad, sad piggy.",2025-02-04T17:09:51Z,1,0,Other
UgxFpNWSUO36UMz5Snh4AaABAg,@lynnettesteiner2148,"Remember, in The Mayor of Castorbridge, alcohol was added.",2025-02-04T17:09:06Z,0,0,en
UgxZBUu25DdpdLLvg2V4AaABAg,@udittlamba,I was in the middle of a binge watch and gifted with a fresh one!,2025-02-04T17:08:57Z,0,0,en
UgxhaC2QmcaYLlHftf94AaABAg,@ebarrios08,Talked about being in the middle of snow storm. When are you visiting the mid-west? When you release your new book?,2025-02-04T17:08:38Z,0,0,en
Ugz48J1LmNu8anlyseN4AaABAg,@erikaamerica4546,Very interesting,2025-02-04T17:08:26Z,0,0,en
Ugz9HMj1lO5bDr2dgiR4AaABAg,@GiveMeBackMyUsernameYouTube,"Trying this as we speak. Didn't have any wheat but had barley, and maybe going to use honey in the place of sugar.",2025-02-04T17:08:09Z,0,0,en
UgycbgxbuGXrRfSuRHR4AaABAg,@alp-1960,"Interesting picture at 16:01, made me chuckle.",2025-02-04T17:08:02Z,0,0,en
UgzTBn8t948UR6kn2XZ4AaABAg,@brianmoyachiuz905,"*""WINTER IS COMING""*",2025-02-04T17:07:41Z,1,0,en
UgxjhFASAcASRf6bKHN4AaABAg,@Kitsambler,"Speaking of Lenten restrictions, butter was restricted. But it was the cooking fat of northern Europe (southern Europe used olive oil). So the cities would pay the Pope a penance (essentially a fine for violating the fast rule), and this payment became larger and more burdensome with passing years. Finally, it became so burdensome that it was one element in the unrest that led to the Protestant Reformation.",2025-02-04T17:07:28Z,0,0,en
UgzaLlvVAjfnk09fYZF4AaABAg,@Ryan_dion,Suddenly I was overwhelmed with a sense of great porpoise,2025-02-04T17:07:15Z,0,0,en
UgwYQ7rMMxlUGUXGYVp4AaABAg,@JamesBondsLittleFinger,You should look into Lutefisk. It is stock fish rehydrated by boiling in lye-water.,2025-02-04T17:07:07Z,0,0,en
Ugy_pZ7KvIqZpN1aROt4AaABAg,@Mech4,"::Looks at past week of 30c/86f to 40c/104f temperatures:: Yeah, keeping warm hasn't been a problem here in Australia.",2025-02-04T17:06:30Z,0,0,en
UgwDbey7B38LGVE4qb54AaABAg,@pliny8308,"Italians still eat a lot of stockfish (stoccafisso) or the salted version, baccala. Both are favorites with my whole family. There are lots of recipes. Unfortunately, in terms of your channel, the best, imo, use either potatoes or tomatoes or both. Still, there are others that are very good. Use lots of garlic and olive oil",2025-02-04T17:06:06Z,0,0,en
UgyYeJBfaooxxQX0pDt4AaABAg,@jacktribble5253,Rough going that.  Makes one dread Winter I imagine.  I suppose you get used to it...,2025-02-04T17:05:41Z,0,0,en
UgxeToisNqo9D7kNbp14AaABAg,@ScentedSab,"Sounds really interesting, but the eggs are surprising. Hens don't lay in the winter. Guess they stocked up on those, too.",2025-02-04T17:04:46Z,0,0,en
UgyRuAtP-1DqISXUpgB4AaABAg,@echo_9835,Stockfish has the potential to be hardtack 2. Or a HoA complaint. Maybe both.,2025-02-04T17:03:54Z,0,0,en
UgwlB-aLwX5toWnfknh4AaABAg,@matthewanipen2418,I watcheth what Max showeth,2025-02-04T17:03:22Z,0,0,en
UgwKm0iol4VczrsWq2Z4AaABAg,@rosalobo4968,"This and gruel might be the first dishes I recreate this year, with the way grocery prices are looking haha",2025-02-04T17:03:07Z,1,0,en
UgzlE1KGevEXoxWHwz54AaABAg,@knutzzl,"boiling meat before you roast it has to do with how the body works.
your stomach is like a cauldron, it boils the food you eat to a mush.
so if you prepare it in more different ways its easier to digest. 
(thrice cooked)",2025-02-04T17:02:28Z,0,0,en
UgxTQOB2Rk2ZMKqZQkh4AaABAg,@thesinfultictac5704,"When the Little Ice Age hits

Southern Europe:
""Oh Jesus God what sin have we done to receive such harsh winters, our food is frozen, all is suffering!"" 
""Perhaps a joust to pass the time?"" 
""Bene!"" 

Northern Europe
""Lord it seems a tad chillier outside thab usual"" 
""Put on an extra jacket, and slaughter another hog, make me a jacket"" 
""Right-o""",2025-02-04T17:02:08Z,0,0,en
UgzRBZxiYyHTmUvVtcx4AaABAg,@MrTohawk,How many times are you trying these recipes until you get them right?,2025-02-04T17:02:03Z,0,0,en
Ugw8GF4QKaATg9dLryB4AaABAg,@AstralHealthGuy,In Italy they a salted cod called baccalá and a dried version called stoccafisso so manybe you could try when there.  baccalá was one of my favourite foods before going vegan. However i have heard stoccafisso is an aquired taste,2025-02-04T17:01:36Z,0,0,en
UgwWKFTBFzSON2X74jJ4AaABAg,@leapingkitties,"Wheat berries in custard, so fascinating I think I have to make this, with sugar. Thanks for sharing Max.",2025-02-04T17:00:51Z,0,0,en
UgzRGlBPvwz5a1ZhzJl4AaABAg,@brookechang4942,"Being from a part of Canada where we commonly say ""but it's a DRY cold!"", I wonder what Bart the Brit would've recommended in place of radishes.",2025-02-04T17:00:46Z,0,0,en
UgzGSKgYWfp2eTu9Nnd4AaABAg,@pamharris990,No porpoise please,2025-02-04T17:00:30Z,0,0,en
UgyBFHnJSmgIi7ltuCZ4AaABAg,@Fraxxxi,"to this day they're selling durum wheat under the trade name Ebly here in Austria. it's partially shelled, pre-cooked and dried again, so it can be prepared in just a few minutes. like this dish it's surprisingly good actually, makes for a nice change of pace from rice or pasta.",2025-02-04T16:59:14Z,0,0,en
UgyQxJn2L7Blna1iVzR4AaABAg,@MrClawt,A Snowrunt ! As always Max can pick them!,2025-02-04T16:58:59Z,2,0,en
UgyRILE8Uz9Ssn-RDeB4AaABAg,@infowarriorone,"Old-timey comfort food, nice.",2025-02-04T16:58:03Z,0,0,en
UgxgBZUP66fpAhuFrLh4AaABAg,@carolrichards5235,"Fasting was a little more serious during Lent back then, but I wonder if the ban on eggs & dairy may have to do a little with Lent being during late winter. Cows need to be allowed 2 months of no milking, if you want a healthy spring calf. Chickens, in my experience, usually stop laying during the short days of winter. The cows & chickens also would not be heavy producers, like the modern breeds. Yes, eggs & dairy could be preserved, but there would be a limited amount that had to last until spring, when the hens began laying again, and the cows freshened. And like today, people come down with more illnesses in winter, and the sick were allowed to eat the forbidden foods. I remember Max had a video on Medieval monks that included a bit on the monks becoming ""sick"" so they could avoid fasting. Probably everyday people were more likely to worry about stretching out the winter supplies, than the nobles & monks.",2025-02-04T16:58:01Z,0,0,en
UgwXzRjemhU2Ap_HhqB4AaABAg,@mikesummers-smith4091,"You could do a video on pease porridge/pudding, another medieval peasant dish, mainly from the North of England.

The Man in the Moon came tumbling down,

And asked the way to Norwich;
He went by the south, and burnt his mouth
With eating cold pease porridge.",2025-02-04T16:57:02Z,1,2,en
Ugx9DWSGArrHKoVTssx4AaABAg,@vectorgen,Um. Porpoise???,2025-02-04T16:56:56Z,0,0,Other
UgyyLl3LB1kt06tS-td4AaABAg,@twocvbloke,"And even today, porridge is still a staple cold weather dish, even if it's usually oats instead of other grains, or if you really want gruel, there's ReadyBrek, which is like wallpaper paste... :P",2025-02-04T16:56:37Z,0,0,en
Ugw4Q4bTdqPm1vzschp4AaABAg,@ducklinsenmayer7681,"When you make Stockfish, you should do a crossover with Gotham Chess :)",2025-02-04T16:56:17Z,0,2,en
Ugz1w7MfiHxqfZbMxo14AaABAg,@NiiloPaasivirta,Here in Finland we used to have dried stockfish - whole dried cods! - in supermarkets still in the 1970's. People mostly bought it to make lutefisk (lipeäkala). Then ready-made lutefisk started to appear... Now the markets only have it near christmas.,2025-02-04T16:56:09Z,8,0,en
UgyGWDxAjFPHcdWLXJZ4AaABAg,@LarryCrandall-z2w,"🎉""Oh,"" Max, the gloom and doom of the Middle Ages. Thank goodness for frumenty for a few pennies to many it was aplenty, buddy!!!",2025-02-04T16:56:03Z,2,0,en
UgyjqCU-SHBEzZC5e_t4AaABAg,@MartijnterHaar,"Oh, I can easily make this. In the Netherlands where I live there is a cereal called Brinta (Breakfast Instant Tarwe, tarwe = wheat), which is basically pre-boiled crushed whole grain wheat with a little salt added. Normally you just add boiled milk, but by I guess I can go mediaeval on it by adding egg yolks (no egg crisis here.)

And speaking of the fish: since you are going to Czechia and Slovakia, I do expect an episode about the special carp recipes for which that region is famous. Fresh water fish mostly tastes like earth to me, so I wonder if you can get something tasteful out of it.",2025-02-04T16:55:20Z,19,0,en
UgwL19RsbQIicjZRI6J4AaABAg,@lisaramaci6973,Wasn't expecting the hardtack!😂,2025-02-04T16:55:16Z,0,2,en
UgxNkRyAuq7fS-IXKuB4AaABAg,@amadeusamwater,"Max, if you want to do stockfish, check with Jon Townsend. he did a video on that.",2025-02-04T16:55:04Z,1,0,en
Ugw9cT6NWgxVnxaZqOB4AaABAg,@scottmcintyre2809,"Max: ""I want to try making Stockfish.""

Max's neighbors having garum flashbacks: ""Oh no...""",2025-02-04T16:55:00Z,5073,31,en
UgypMO4OpYjHNiGqeD14AaABAg,@christimorgret7818,"It looks good and hearty! I hope the preppers sitting on their mountains of bullets, bandaids, and (wheat) berries are taking notes!",2025-02-04T16:54:28Z,1,0,en
Ugyh5RDb6ZQS3pXgF1Z4AaABAg,@epbski,Would you be able to do a dish from the era of the Norman Conquest of England? Maybe something William the Conqueror or other Normans would have eaten.,2025-02-04T16:54:05Z,0,0,en
UgyVyIzGUSnLXrG74NN4AaABAg,@hansmeier3530,"Florence next MONTH? Noooo, wait or stay until April! Then I can get your autograph for your book😢",2025-02-04T16:53:45Z,0,0,en
UgyOLA3JjoCawz3LO-F4AaABAg,@Tadicuslegion78,"Peasant 1: Someone's been eating my porridge.
Peasant 2: Someone's been eating my porridge too! 
Peasant 3: Someone ate all of my porridge. It could only mean...A WITCH!!!!!!!
Goldilocks: *Nervous sweating*",2025-02-04T16:52:59Z,183,11,en
UgzKR3S7CBxrM0ipkk54AaABAg,@MrMrsVoelger,"“Hardtack”
-A Wise Sailor",2025-02-04T16:52:57Z,1,0,en
UgxBkiWh2VPBHQR53oV4AaABAg,@HistoricalMarshmallow,I love it when you get medieval Max!  Serve it Forth! 🙂,2025-02-04T16:52:46Z,0,0,en
Ugy_MWzSRR8fMxiCiDp4AaABAg,@em688,Missed opportunity for The tasting History dolphin butchery tutorial.,2025-02-04T16:52:25Z,0,0,en
UgzuUyCCrHsFt5rb0dl4AaABAg,@esthermeyerhoff4113,I love the little pokemon stuffies/figurines in the background in each episode ❤ But how many do you have!?,2025-02-04T16:52:09Z,0,2,en
UgyayLxDkXNjZKaWOGl4AaABAg,@rami4816,15:21 - An Oddish 😆,2025-02-04T16:51:28Z,0,1,en
UgzXGsSLPWQDGF-TLcl4AaABAg,@PalomaCrankypants,The first hardtack sighting of 2025! 😃,2025-02-04T16:51:19Z,0,0,en
UgypaaHsRIr4pP769LJ4AaABAg,@centillionandone,"My mom grew up in a midsized Ukrainian village, one time she told me ""summer apples don't last the winter"", it sounds so much like a proverb akin to ""dont count your chickens before they hatch"" but she was literally saying that apples that ripen in the summer months will spoil before the end of the winter.",2025-02-04T16:51:12Z,51,2,en
UgxVC1Xf8FzSs8Kldsh4AaABAg,@HunterTN,Before the Chestnut blight in the US it was common practice to turn hogs loose into the woods to fatten up on chestnuts one last time. My grandpa would call the first stretch of cool nights in November hog killing weather. The animals could be processed outside without much fear of the meat spoiling.,2025-02-04T16:51:10Z,28,0,en
Ugz_y8g6PSLHuGsXMy54AaABAg,@ludovica8221,I like these simple cheap porridgy recipes. Things I could afford to try,2025-02-04T16:50:41Z,0,1,en
UgwM3FF6orPhSI6KQHZ4AaABAg,@justjane2070,From what I’ve heard about the price of eggs in the States this is going to be a very expensive dish 😀🥚🥚🥚,2025-02-04T16:50:39Z,0,1,en
UgwRzVpgM-kkfHiEv4R4AaABAg,@JustMe-t9g,"I am a fan of bambas they are nice,their socks are quite soft and cozy coming from someone whom prefers barefoot or sandles😊🤭many thanks for another fine video..💙 respect",2025-02-04T16:50:38Z,0,0,en
UgycyHOU8I5deMU7HMB4AaABAg,@genericpersonx333,"Had a good friend who grew up on the ""lower end of the economic scale"" in Kentucky back in the 1930s. His diet was ""cornmeal in Spring, baby corn in early Summer, green corn in late Summer, whole corn in Autumn, cornmeal in Winter."" Part of his inspiration to join the US Army in the 1950s was because it offered at least two slices of white bread a day. 

The moral of the lesson: don't take your fancy diets for granted, because we are not even a century removed from a time when most all of us ate a bland diet of seasonal foods with little to no choice in the matter.",2025-02-04T16:50:36Z,3234,73,en
UgzfxtDVJDb173fOwfd4AaABAg,@erikfast4228,Videos like this remind me how happy I am not to have borne in earlier times.,2025-02-04T16:50:10Z,0,0,en
UgzKiAdsVIUdAmmgLE14AaABAg,@atmywhitson,"Wow, so not much has changed for Lords and tenants! Ha!
Sigh...still a peasant. 😅",2025-02-04T16:49:54Z,0,0,en
Ugzq9h9n6WBARlyEjTV4AaABAg,@sgtsnake13B,6:38 Po River mentioned! 10th MTN Gang rise up!,2025-02-04T16:49:35Z,8,0,en
UgyCCFDYSvP8RP9SgJJ4AaABAg,@NoobPTFO,Max and Jose will survive the Winter! Gruel be praised!,2025-02-04T16:49:18Z,36,2,en
Ugy6e9yOkDDoUfTRv4N4AaABAg,@GodsOath_com,"So what you're saying is if we are alive now, it's a miracle that any human bloodlines survived the past",2025-02-04T16:49:07Z,0,0,en
UgzC9-Q95EuMT4nXGk54AaABAg,@eiaboca1,Best wishes on your upcoming journey!,2025-02-04T16:49:05Z,0,1,en
UgwZjjhff9rNGJTuJSZ4AaABAg,@megakedar,"Knowing actual peasant societies, I would assume that most porridges eaten by peasants would just be grain and water or grain and milk, and any meat would be some kind of pickled or cured meat. Sugar wasn't even all that common, as it was even considered medicinal. Definitely not everyday.",2025-02-04T16:49:01Z,0,0,en
UgwcLlpncrx-20d38jx4AaABAg,@donkeyhobo34,Is there a email that I can send you something? It's more modern but I would like your take on it,2025-02-04T16:48:41Z,0,1,en
UgzSjxSP8sqNUyv0Wix4AaABAg,@Maude_T,15:10 Obsessed with this illustration :') It looks like a hedgehog with little apples or cherries stuck on it it's so adorable wtf,2025-02-04T16:48:32Z,195,6,en
Ugz7hCfi2w-Tqv6T1MR4AaABAg,@doodberrykermin7860,"Max, are you a secret KCD fan? 🫨",2025-02-04T16:48:22Z,0,2,Other
UgxRJz6vpKQrGt6BhPV4AaABAg,@DaBlondDude,"😲 so these milk alternatives so many find controversial were around since at least the 1300s?

I sense a possible video subject here 🤔",2025-02-04T16:48:05Z,0,0,en
UgyVtVsojHsrj993usN4AaABAg,@AnniCarlsson,When do you test fermented herring?  And compare how they eat it back then and how we eat it now?,2025-02-04T16:47:58Z,0,0,en
UgxtjnlZzV4JvO9hlwp4AaABAg,@TheArchaos,"Eh, I just eat savory oats. Chuck in some onion, garlic and bacon.",2025-02-04T16:47:53Z,0,0,en
Ugx3B4JsSYN81kXkBYR4AaABAg,@Kaiheart,"Finding it funny I pulled up youtube and this video was at the top, right as I pull my oatmeal out of the microwave.",2025-02-04T16:47:38Z,8,2,en
UgxvJ2Bfiz8RuvS0o4V4AaABAg,@AnyoneCanDM,Everytime I hear about all the crazy rules and regulations imposed by monarchs like being unable to fish if you’re a peasant I know I wouldn’t have survived as a medieval peasant because all I can think is the great George Carlin line “why don’t we just kill these f*ckin people?”,2025-02-04T16:47:20Z,0,0,en
UgxoqDqfwLr8q_zlGAx4AaABAg,@maidenminnesota1,Here I thought nut milks were kind of a modern invention. Who knew???,2025-02-04T16:47:04Z,0,0,en
UgzFDLJpClyjWARP1pl4AaABAg,@Micklemoose,"Lords get to have sugar in their cream of wheat!  It never ceases to amaze me how we all take for granted that basically everyone living in the first world, even the very poor, live better than the kings did in the middle ages.",2025-02-04T16:47:01Z,0,0,en
UgxLmDkiOXVHGQ9up4Z4AaABAg,@TierneyADK,Yep still love the hardtack bit!,2025-02-04T16:46:03Z,0,0,en
UgwULtiKTKnSQBdJb9V4AaABAg,@Magnyofthenorth,"For stockfish
Come to Norway, it is Skrei season now, which is what most and the best stockfish is made from

Lofoten would gladly have you",2025-02-04T16:45:32Z,0,0,en
UgyoaKMlQRAQnFJsI4B4AaABAg,@krisgardner7160,"Never been this early. Hi Max 👋! I love your videos, keep up the good work!",2025-02-04T16:45:21Z,0,1,en
UgzY8DSiYrLrJ2A1Cll4AaABAg,@Plasmastorm73,"I read a science report in college that said climatologists have concluded that during Washington's stay at Valley Forge, there was a mini ice age and that's why they were freezing to death...",2025-02-04T16:45:11Z,0,0,en
UgzVikVR3sapMqvP_9N4AaABAg,@aezmarvettan9294,So basically this is the medieval equivelent to egg fried rice? I think a certain orange malaysian might try making it (With a buttload of MSG),2025-02-04T16:45:00Z,0,0,en
Ugx9dOfpQ_K24OlmvXB4AaABAg,@alcremie_XD,Thank you for making tuesdays fun :D,2025-02-04T16:44:48Z,0,0,en
Ugw1valtPMDM9RoACT94AaABAg,@Itsnateagain817,"HEY! Where'd you get that tiny whisk, huh?!? 😂",2025-02-04T16:44:16Z,1,0,en
UgzR5A-qQQ_YpfVP3nt4AaABAg,@nancyzehr3679,"can you look into goetta, scrapple and prettles? where i live we still eat this all the time. like, i can go get prettles today. theyre good.",2025-02-04T16:44:15Z,0,0,en
UgweieYewUL1Ia-_bBl4AaABAg,@RenzdominicBasco,Snorunt sleeping like a baby on the kitchen😊,2025-02-04T16:44:10Z,1,1,en
UgzMywS-g9CNuGHkxzR4AaABAg,@vane909090,Can't wait to try this banger in the upcoming game Kingdom Come Deliverance 2.,2025-02-04T16:43:54Z,1,1,en
UgxCndd0eBzsCqR8AO14AaABAg,@Devboul,Just what to look forward to today another great video 😊,2025-02-04T16:43:47Z,0,0,en
UgxXFDjm8qMwHU5qeYx4AaABAg,@joshuadarrow,"Snorunt's a good choice for a winter recipe, plus the cloak does resemble how i imagine medieval peasants would dress.",2025-02-04T16:43:37Z,5,1,en
Ugwx-PZlySwlJmtRBcp4AaABAg,@0ompaLoompa,"@tasting history with Max Miller 
If you can, since you visit Italy, you should make a little hop over to Switzerland and visit the ""Ballenberg Freilichtmuseum"". Trust me, you won't be disappointed. 
Nevermind, sorry, it's closed until April 10th. 
Add it to your bucket list.",2025-02-04T16:43:31Z,0,0,en
UgwkvCcGmppJTb9hIC94AaABAg,@babydollchaosable,I love the art you choose in your videos. Like the peasants warming themselves in the barn of the Très Riches Heures du Duc de Berry…the 2 people in the background are warming their genitals. Gotta do what you gotta do.,2025-02-04T16:43:19Z,0,0,en
UgzivLcjk89qS08dXgt4AaABAg,@FishareFriendsNotFood972,"Yes, please do make stockfish!! It will fit together nicely with your garum videos, you can start a little series of 'odd historical fish products'",2025-02-04T16:41:58Z,1,0,en
UgyVuB_NBW6XNFSYjqZ4AaABAg,@frauleintrude6347,"You have to soak Stockfish. Only besting does nothing. Soak it in water or milk. They would add what they had in storage to their mus or brey ( this what it was called here). Dried fruits and berries, herbs, root vegetables. You can store turnips, carrots and celery in the a soil storage with a heap of soil over it. It will last over the winter. It had to, because spring arrived late and the next bigger harvest season was in summer. They knew quite a lot what is now called wild vegetables like some sort of thistle, mustard greens and such. I had a fascinating lesson based on archeological findings - seeds they found in burned residues in pots, or outhouses and such from about 1200.",2025-02-04T16:40:35Z,0,0,en
UgxB64leNjEGsriJIzB4AaABAg,@toowindytoskydive,Step one catch a peasant.....,2025-02-04T16:40:35Z,0,0,en
UgzHcFES00zV3aEYD2N4AaABAg,@sum_rye,Max you should do some collaborations with other channels to do a preserved food month/season. It would be pretty cool for you to actually prepare a wide variety of period preserves as they would have* in the period (accounting for modern food safety of course). It would be cool to see you bust out stuff you preserved throughout the winter!,2025-02-04T16:40:19Z,5,2,en
UgwCHfrwkyE_Rqg7J8V4AaABAg,@KamikazeKatze666,This reminds me of Russian kasha.,2025-02-04T16:39:42Z,2,0,en
UgziQiwqkVjoue1h4Ax4AaABAg,@akmen3,"Everything sounds tasty to me, though having to smack everything with mallet sounds boring.",2025-02-04T16:39:27Z,0,0,en
Ugz2yfBIrjsF68yWlCV4AaABAg,@St0rmTheGates,Ad read so smooth 😂,2025-02-04T16:39:01Z,1,0,en
Ugzblu8vYnArET7-l_54AaABAg,@therealkoolbeans,Just think they had to know how to survive the winter if we got dropped back and somehow spoke their English they would look at us weird why don't you know how to do this stuff?,2025-02-04T16:39:00Z,1,0,en
Ugx18SwrKlbJyPoXDD14AaABAg,@lauralarsen4650,"Watching this while eating lasagne is healing, in general I always try to eat while watching bc I'd be so hungry otherwise",2025-02-04T16:38:50Z,0,0,en
UgyrQdM8TFAtLEy7H5x4AaABAg,@FishareFriendsNotFood972,"Thicker foods DO actually 'stick' in you longer, but mainly because digestion requires a lot of H2O, so it slows when you are dehydrated (which most people are most of the time). Hence foods with a lot of liquids like thin soups do tend to get digested faster. But just because you digest something slower does not mean you get more nutrients from it, and has a negligible effect on how soon after eating you get hungry (at least according to science)",2025-02-04T16:38:26Z,16,0,en
UgwkQ-kXG2b7rPVEa6t4AaABAg,@minal9333,"Always enjoy your videos.  As a fellow choir/musical theater/ etymology/cooking/history lover & former Phoenician, I *do* get all your obscure references. 😂 I wanted to suggest doing videos on the food mentioned in the Little House book series.  I have a cookbook called the Little House Cookbook that has recipes and history, just like your videos.",2025-02-04T16:38:20Z,1,0,en
UgwkyF1BGI64CLff12F4AaABAg,@AshBigs,"Since you mentioned Florence, while you're there check out the Officina Profumo Farmaceutica di Santa Maria Novella.  They created the scent for Catherine de Medici's wedding gift.  The company was founded by Dominican friars back in 1221 but opened to the public in 1612. 

I'd put this in a different comment before but wanted you and Jose to see it. 

Definitely worth visiting! It would be smelling history.",2025-02-04T16:38:12Z,0,0,en
UgyUd7-fn0vNoEdE2uZ4AaABAg,@the_potatoborn,"Amazing video as always, just thought that the camera was a bit too close for comfort imo",2025-02-04T16:37:39Z,0,0,en
Ugy4YIY3iWh1PQ9zU1F4AaABAg,@MrSheckstr,"Your mention of egg yolk made me wonder what peasants would have done with the egg white….
When i was young my father would always say his favorite meal was when my mother made Homemade chicken noodle soup with angel food cake for dessert because the noodles were made from the yolk and the cake made from the whites….
There is a cooking video on that, but is there a tasting history video? Some example of dishes that were paired to prevent wastage?",2025-02-04T16:37:38Z,2,0,en
UgwoT3iX2PoeoadpRtd4AaABAg,@chetasaur,"homie and home girl just lettin it hang in the back 16:00 , what a mood.",2025-02-04T16:37:15Z,62,3,en
UgyexV9qiQyu9NTvwIx4AaABAg,@JohnC2009Edin,Like the idea of historical food preserving ..,2025-02-04T16:37:14Z,0,0,en
UgywXXqeyTcT46xe7al4AaABAg,@Kiki-cs8xv,"An important note about giving up dairy during lent: cows have a natural ""dry"" period right before they give birth, so it would have been completely normal and expected that dairy wasn't available during the late winter/early spring.",2025-02-04T16:37:12Z,1382,28,en
UgyQCName20Kwv3OZN94AaABAg,@k.prewitt8721,Why no egg yolks if you use almond milk?,2025-02-04T16:36:46Z,0,0,en
Ugwig4objr3-nATDP1x4AaABAg,@Secretgeek2012,"I've got to ask, do you know multiple mediaeval languages or do you have translation assistance?

If do you have assistance, maybe they should be named because you're an excellent advert for their skills! 😊",2025-02-04T16:36:45Z,0,0,en
UgyiY-Cq_R1bn54x1Cx4AaABAg,@PokhrajRoy.,Maybe it’s me but hearty carbs have always been a priority throughout history.,2025-02-04T16:36:44Z,1,0,en
UgwjY6RoTfHB59j3aoh4AaABAg,@mybluesrunthegame,"I love your videos, first saw one after being revived after a accidental drug overdose and then again after being hospitalized for the ... Idk uhhhits above 10th  time for b*limia and anor*xia. I never really watch food videos but you talked about the history and distracted me from bad thoughts so I would watch your videos when they served dinner and I was able to force myself to eat as I was distracted. I still eat when watching your videos and it helps me. Thank you, Max for your amazing channel and being an amazing man. You literally saved and changed my life.",2025-02-04T16:36:22Z,49,4,en
UgwKMBqetcfOTNpAxuR4AaABAg,@Amanda-zn7ox,"Oh! Along the lines of Lent, I think an interesting idea for an episode would be the history of the Fat Tuesday Polish donut known as a Paczki (Poonch-Key)! As a half Pole myself, I'd love to learn the history behind this dessert!",2025-02-04T16:36:01Z,58,16,en
UgwzOXsEIK0ZXeDVeu94AaABAg,@Aussieloz1,"I have a gluten allergy so I couldn’t do the wheatgrain, but I’d be curious to see what oats along with the egg would be like.",2025-02-04T16:36:00Z,0,0,en
Ugy_0Uuc3KDm-sCpBDF4AaABAg,@stoicshield,the running *clack clack* will never be not funny 😁,2025-02-04T16:35:56Z,2,0,en
UgzYI3JuoOejNtssizV4AaABAg,@jamesmachuta2010,"If you want to get stockfish, check out Townsends.",2025-02-04T16:35:40Z,0,0,en
UgyCS7wsZgYesaw9irJ4AaABAg,@synceen,now i kinda wanna see a stockfish series xDD,2025-02-04T16:35:28Z,0,0,en
UgwnTnN1Ql_bkBc30Wd4AaABAg,@DLFH,"I prefer steal-cut oatmeal for more texture, so this looks perfect for a hardy cold day warmer, but I'd add a bit of heavy cream, touch of butter, and brown sugar.",2025-02-04T16:34:56Z,0,0,en
Ugw5Retk1pllaTpf4fp4AaABAg,@GarouLady,"that texture reminds me very much of steel cut oats, which is the oat version of Furmonity.",2025-02-04T16:34:10Z,0,0,en
Ugy2ISJDy8uD7gf__7h4AaABAg,@Seblar87,"Seeing the dried fish makes me think it would be interesting to see you make Lutfisk some day, which has been really traditional in Sweden and Norway at least 😊",2025-02-04T16:33:50Z,0,0,en
Ugy_iqUHN1VPceCwBtF4AaABAg,@hrlrl9309,Just bought your book as a gift for my brother. Awesome content!,2025-02-04T16:33:48Z,0,1,en
Ugy1dc76PDGyylEN5tN4AaABAg,@kaylinpatton7750,Hardtack mentioned!,2025-02-04T16:33:44Z,1,0,en
UgxEnIC5ZuBydKAADBd4AaABAg,@Lohengrim69,The Nordic people (Vikings) mostley boiled meat nearly to 100%....,2025-02-04T16:33:35Z,0,0,en
UgxvXIFq3xR1peGFyKh4AaABAg,@Speed_of_Sloth,"Yay! Hardtack!
I apologize if this is the wrong place to ask a question.  What is Jose's favorite food item that you've prepared?  Thank you ahead.",2025-02-04T16:33:32Z,0,0,en
Ugx9XpsTZn6XATPZUkJ4AaABAg,@shaventalz3092,"Yum, wheat custard.",2025-02-04T16:32:14Z,0,0,en
UgxPDdxpjmRn4dc0NrB4AaABAg,@patron8597,"Wait, so you are telling me Stockfish is the perfect union of garum (because fermented fish) and hardtack (because hard as a brick)?
Max, it is your destiny!",2025-02-04T16:32:11Z,3,0,en
UgxS6pDzI-LlYx6SJhV4AaABAg,@TheAngryMecha,"After watching this, I feel QUITE HUNGRY!!!",2025-02-04T16:32:02Z,0,0,en
UgxbE918SNNo1iaL1kZ4AaABAg,@SeanMahoneyfitnessandart,Egg yolks aren't for peasants anymore! 😅,2025-02-04T16:31:19Z,0,0,en
Ugyc7Az0-OkmS2B33aR4AaABAg,@Solitary69lover,I LOVE MR MAX MILLER OF TASTING HISTORY FAME!!!!,2025-02-04T16:31:10Z,0,0,en
UgxU15kiOpmyavfbNpF4AaABAg,@juusojuuso9214,Hyped for stockfish! Norway is the stockfish producer I guess but over 90% of it is sold to Niger,2025-02-04T16:30:36Z,0,0,en
UgwAa4rE4z9eQQPnymJ4AaABAg,@xavierisrael3320,Townsends has a gr8 stockfish video bros,2025-02-04T16:29:54Z,0,0,en
Ugy_Jmr6o-Lv9bZQpTZ4AaABAg,@TheTaylorwailer,Yay! The hardtack joke! 😁,2025-02-04T16:29:25Z,0,0,en
UgzVX1zzkvIRJZqlj3R4AaABAg,@leeandbarbiewood3622,This sounds really intriguing with the description of the wheat berries sort of popping when you bite into them. I wonder if my six-year-old (whom I ironically called a peasant this morning) would like this for that aspect of the dish.,2025-02-04T16:29:06Z,11,1,en
UgxLLtyAiCZcuAGYgwZ4AaABAg,@BardovBacchus,The animals that were not slaughtered for winter were often sheltered in the lower part of the house where they provided warmth that rose to the living quarters on the upper floor.,2025-02-04T16:29:05Z,190,14,en
UgzIJVGyXlleTYbyPpd4AaABAg,@3D_nuggs,"I'm glad you have so much travel money, most of us peasants are trying to afford the food 🙄",2025-02-04T16:28:58Z,0,0,en
Ugw3q83NJ-xqwRmVinx4AaABAg,@KiraAkaike,15:25 behold! a perfect specimen of radish,2025-02-04T16:28:51Z,0,0,en
UgwdHqSBcBs4yvFL7Q54AaABAg,@jungtothehuimang,"As someone who likes plain mushy food, I think I would have thrived as a medieval peasant.",2025-02-04T16:28:36Z,18,0,en
UgzV4RsOQgB1bxkMFeR4AaABAg,@truckerallikatuk,The only part of a cow they didn't use back then was the moo.,2025-02-04T16:28:31Z,0,0,en
Ugy2AHD0ryBOTWQOBUF4AaABAg,@i.b.640,Conveniently slipping in a Fasting Period like Lent between St Martin and Christmas to stretch the meat.,2025-02-04T16:28:24Z,7,1,en
Ugx70qzHwDmwuLm5lNx4AaABAg,@hickorytreeyoutube,Finally here early!,2025-02-04T16:27:26Z,0,0,en
UgzKTOwyyIBiCyYiw8d4AaABAg,@deliriousmonkey,"This is going to be a great day, first KCD2 and now this? YESSSSSSS!!!",2025-02-04T16:27:20Z,4,0,en
Ugzlufxdl7CID63x97h4AaABAg,@kerridwynntheacegoblin6465,"Everytime I subject a fine piece of meat to the pot, my Anglo-Saxon ancestors rejoice.",2025-02-04T16:26:53Z,0,0,en
UgxJIB03ruQMC-wW-JZ4AaABAg,@Thinkingofsomebrunch,I love when you do medieval history! Really loved this!❤,2025-02-04T16:26:42Z,0,0,en
UgyBG5nVlSYK91ZaIZd4AaABAg,@JohnNathanShopper,Maaaaaaaaaaaaaaaaaaaaaaaaaaaax,2025-02-04T16:26:25Z,0,1,Other
UgwA5B-OQQiFhGCL45F4AaABAg,@ronlussier8570,I love Medieval history,2025-02-04T16:26:21Z,0,1,Other
UgzJohHgytB1x1jIDLR4AaABAg,@HeidiBuss-pd8cw,"I might need your help with the door. The heat is off, if you get cold, turn it on. 😘🥰❤️",2025-02-04T16:25:59Z,0,0,en
UgxOHl-v35V0_egaoVx4AaABAg,@user60521123,This show makes me really grateful for industrialization.,2025-02-04T16:25:38Z,0,0,en
Ugw-agbR6H0CJa97GBB4AaABAg,@b0kkeee,"In the Netherlands we still celebrate martinmas,or sint Maarten. Although its more like a late halloween for children nowadays",2025-02-04T16:25:30Z,0,0,en
Ugz617klQBmYhprK4m94AaABAg,@dolphee,"13:28
As soon as I heard the word hardtack I knew what clip was going to be played next",2025-02-04T16:24:58Z,15,0,en
UgyBpnEiqCs8J_kSxjp4AaABAg,@lightningkitten,how is your skin so radiant?,2025-02-04T16:24:56Z,0,2,en
Ugz4uEVinncQEuHbqDN4AaABAg,@deamoneater357,Are you using whole wheat or cracked wheat?,2025-02-04T16:24:40Z,1,1,en
UgzDYxN4Ps9KsH5mx-N4AaABAg,@ahumpierrogue137,"Interesting note about Sumptuary laws. Basically, they existed to ensure that Merchants, who at the time were viewed as essentially getting their wealth through ""cheating"" people could not flaunt that wealth. In medieval times(at least in europe) the idea that Merchants can provide value was not yet really around, there was more an idea that all things had an ""inherent' value. So the idea that a merchant could take something where it was less valued to somewhere it was more valued and make a profit off of that was viewed by farmers(aka 90% of the populace) and nobles alike as ""cheating people"" out of money. Hence the sumptuary laws to try and punish the merchants.",2025-02-04T16:24:39Z,72,15,en
Ugz3jQB3Y7eF7Ey8EkB4AaABAg,@ED8F10,A suggestion: You should rate it from 0-10 or make a tierlist from never again to would eat right away.,2025-02-04T16:24:36Z,0,0,en
UgzZmEW7WDEfZLtGMOh4AaABAg,@ThePittsburghofHell,"Even though it being known as the ""little ice age"" it wasnt an ice age at all because you cant have an ice age during an ice age. 


Because we still havent left the ice age our ancestors were in 20,000 years ago. 

Ice age by definition regers to the earth being cool enough to maintain surface ice. 

Until there isnt consistent ice on earth, were still in an ice age.",2025-02-04T16:24:18Z,0,0,en
UgxOq5u30S15GT6DbHB4AaABAg,@Lita1,Tasty looking food Tasting History with Max Miller I liked this video yes!!!!👍😋,2025-02-04T16:24:07Z,0,0,en
UgyMLz9UKTEc5Sznz1l4AaABAg,@PokhrajRoy.,"Your cold open reminder of the story about the ant and the grasshopper. 

The grasshopper had a competitive disadvantage and doesn’t believe in hoarding but I don’t think we’re ready for that conversation.",2025-02-04T16:23:53Z,5,1,en
UgyixyPZ4Mxx5YWLfXV4AaABAg,@sheenachristina2385,Saving the geese till December would explain why Christmas goose was a thing.,2025-02-04T16:23:43Z,1454,19,en
UgxlJF2neSxrmwtqGYJ4AaABAg,@SpaceCowboy42X,"A new type of gruel to try! I love a big, hot, bowl of gruel in the mornings. Keeps me fueled up all morning for work. Happy tummys work hard",2025-02-04T16:23:22Z,0,0,en
UgwIXptiquj1QUcygep4AaABAg,@lyndelgado6138,"Thanks, Max.I think I'll try this one! I hope you have a safe trip!",2025-02-04T16:23:22Z,3,0,en
UgxVi9nj4fmzIn6vngl4AaABAg,@Alex-cw3rz,"Although from a later period this reminds me of Winter from Vivaldi's 4 Seasons. Shows the contrast between today and back then, a winter song now is about Christmas and happiness, back then it was the worst time in the year, de ath from the cold, lack of food etc. The song captures that completely. The creeping nature, the way it makes you feel being hemorrhaged in. The inevitable end for many people in this season.",2025-02-04T16:23:17Z,113,3,en
Ugw_2NItA6Y-cjOnmyV4AaABAg,@Devilish_Shadow,I had a professional chef who also does a lot of foraging tell me once that in the spring time you eat a lot of the bitter plants that grow in that season as the bitter plants would help purge your body of the toxins it accumulated throughout the winter.,2025-02-04T16:22:55Z,11,1,en
UgyxVSLF4aBCatfQgG14AaABAg,@nancyzehr3679,"ooooo! 
just made a masa porrigde w spices and chicken stock! very nice. sometimes we forget to eat simply.",2025-02-04T16:22:54Z,1,0,en
UgzXEe1UeuCj8JJy9g94AaABAg,@tedarcher9120,"Max is very tired, what are you up to?",2025-02-04T16:22:45Z,0,1,en
Ugza_S2bdfQXZZkbU0J4AaABAg,@jeannastephen283,"There were no eggs available for purchase at TJ's in Albuquerque, New Mexico.  Chickens are being culled because of  bird flu.",2025-02-04T16:22:32Z,5,2,en
UgwSUbdqtV99eYU0EB54AaABAg,@hatchhermit77,"I must know. In the art, why are the axes backwards?",2025-02-04T16:22:11Z,2,1,en
Ugy4jZeGS2X_8EoBXNB4AaABAg,@mickeymouse-nr8ns,"Crazy because THIS peasant cannot afford saffron for flavor, much less color.",2025-02-04T16:21:42Z,0,0,en
UgxoQ4JuXIroSpByuW14AaABAg,@goukeban6197,"Good heavens, second medieval themed video within a month? I'm feeling spoiled!",2025-02-04T16:21:37Z,3,0,en
Ugw-Dy-nnfDRU1CraHR4AaABAg,@spartan343x2,"In the spirit of Kingdom Come Deliverance 2 coming out today, this was very good timing sir. Well done!",2025-02-04T16:21:29Z,3,0,en
Ugz5aygu7VPEvOVRpB14AaABAg,@blakecarter7767,That hard tack never gets old 😅,2025-02-04T16:21:24Z,2661,60,en
UgyY3svDtTLn4lE1p_F4AaABAg,@AngelicHarmony00,"With the fiber from the whole grains and the protein and choline from the eggs, this is actually a pretty nutrient-dense food! Definitely a good dish to help stave off the effects of the winter chill!",2025-02-04T16:21:11Z,142,5,en
Ugzaz5jvb0emOrB00Yx4AaABAg,@69adrummer,"I really dig this channel. It snowed last night, this might be good haha",2025-02-04T16:21:08Z,0,0,en
UgztQxQJpkYhJEYRqod4AaABAg,@missvidabom,19 minutes and there are already 92 (now 93) comments. You’re killing it Max!!,2025-02-04T16:20:40Z,12,0,en
UgwXdofJsqVLBFwsRy14AaABAg,@lucifherbivore100,"Oh I'm definitely making this, yummy yummy grains! 🤤

I will also never get tired of the hardtack *clack clack*, entertains me to no end. 😅",2025-02-04T16:20:32Z,13,0,en
UgzCSz2YijHSNr_w8LV4AaABAg,@erinfinn2273,"Mention of Stockfish reminds me of my family's New Years tradition: Danish Klipfisk. Literally, ""Cliff fish"". Cod dried on racks in the wind, high up on clifftops by the sea. Preparing it is a 24 hour milk bath to remove the salt and then it's baked, and served with a cream sauce, hard-boiled eggs, pickled beets, and potatoes. Bit of an acquired taste, but truthfully, I love it. My step-mom...not so much...",2025-02-04T16:20:12Z,316,13,en
Ugxym1NFXk5uRhJre5F4AaABAg,@alizeica519,That looks so delicious omggg great job today Max!!,2025-02-04T16:19:57Z,1,0,en
Ugxvu11GB8hnx8_loax4AaABAg,@frostysteve3569,I was just researching this for SCA! Great timing!,2025-02-04T16:19:32Z,5,1,en
Ugy_R0TctuDOs6Zu3ox4AaABAg,@boriserjavec6470,i don't think peasents could afford sapphron in the middle ages,2025-02-04T16:19:08Z,0,1,en
UgzH0agQRnpeMNl5eFJ4AaABAg,@KatieAngelWitch,"Holy shit, convergent evolution of Katsuobushi in Europe and Japan so as to use the fish to make stock/dashi, that's probably the most fascinating thing I learned this video!",2025-02-04T16:18:42Z,7,0,en
UgyQ4vgH-Qd2KSgNg_14AaABAg,@mikelshort9150,"I love the hint at a possible stockfish episode. I just got the book ""An early meal"" by Daniel Serra and Hanna Turnberg and there is a recipe for stockfish in it. Also one for apple frumentary.",2025-02-04T16:18:18Z,1,0,en
UgzXIUG7VJzBBDZ6JzR4AaABAg,@brendakrieger7000,💜,2025-02-04T16:18:02Z,0,0,Other
Ugwj7ET128CBG5sHWK54AaABAg,@deadened_glow,This looks delicious and I would try it with almond milk (made in the 12th century way of making almond milk.).,2025-02-04T16:18:00Z,0,0,en
UgxBipSwGG4w_grY-Kh4AaABAg,@angelaroberts2803,I ate this at our 17th centery renactment group in gosport Hampshire uk.,2025-02-04T16:17:53Z,0,0,en
UgzU6Dn06-7C3vJ2Xo54AaABAg,@Timoshenko,adding sugar makes me think of rice pudding which I've always liked. Makes me want to give this a try,2025-02-04T16:17:27Z,0,0,en
UgwFyqCATDQI2fu38T14AaABAg,@flameguy3416,Woah a new upload,2025-02-04T16:17:15Z,0,0,en
Ugw51KRxhCTV8OJOeeV4AaABAg,@Auriorium,"In my country, probably in a lot of Slavic countries, one way to preserve pork meat was to put it into the fat of the pig.",2025-02-04T16:17:11Z,0,0,en
UgxDkVckjZicA4QZBtl4AaABAg,@karipritzl1006,The stockfish mentioned must be the reason why lutefish was a thing in Europe,2025-02-04T16:16:44Z,0,0,en
UgycrHQhAPqPVrLW2BZ4AaABAg,@gopherTortoise623,SNORUNT!!,2025-02-04T16:16:17Z,1,0,Other
UgygLByzNKNorO6OkZN4AaABAg,@Benni777,A Medieval winter couldn’t have been any worse than a Midwest winter! The other week was brutal! 🥶🥶,2025-02-04T16:16:09Z,3,2,en
UgxorWkd_AKYImY0JoJ4AaABAg,@jeanfalconer6377,"As a Southern hemisphere person, making this dish will have to wait.😄",2025-02-04T16:15:45Z,1,0,en
UgxR1w28jriekNcjDxx4AaABAg,@ryanrflores,"Suggestion.  Do a series on south east asian countries food preservation techniques, i think there's a lot of history there. Plus, it gives you an excuse to travel here.",2025-02-04T16:14:26Z,684,11,en
UgwNNYBwOe6VWMcHIxt4AaABAg,@Marlin-proboscis16,"As we enter kier starmers new dark age, this will be a perfect comfort food. Especially for us modern day peasants.",2025-02-04T16:13:51Z,0,0,en
UgzAOu_eCDfiQP9cd594AaABAg,@rogerbarton6004,"Wheat berries are quite good even if they're simply boiled until soft, and served with a little butter and salt (like groats). I have to wonder whether a lot of poor people simply skipped the milk and egg yolks.",2025-02-04T16:13:49Z,13,3,en
UgzJEOoQDZF-bOuALEt4AaABAg,@thecitizen49,"Maybe you should do a show on what the thousands of homeless poor people who live in poverty in the capitalist dystopia of America, eat every day.",2025-02-04T16:13:18Z,1,3,en
UgybYCK5GpcPYos00QN4AaABAg,@joshbbglover,"""Thr best thing to wear on a long flight is compression socks"" is such a 40-year-old sentence lol",2025-02-04T16:12:58Z,8,4,en
Ugw6Hyi3qLx7C7TJkeh4AaABAg,@lucidality,"Totally off topic here but I just saw something about peach Melba, idk if you’ve talked about it before but it definitely sounds interesting and like something I can imagine talking about",2025-02-04T16:12:48Z,0,2,en
Ugxiw_JRgjHkAZgJ0694AaABAg,@pinkpurplewho,my i’m early,2025-02-04T16:09:57Z,0,0,Other
Ugz0YMoj_IOhYS40lVB4AaABAg,@AC-ni4gt,SNOWRUNT! One of my favorite ice-types❤,2025-02-04T16:09:33Z,1,0,en
UgxXS0H0WlsP3YFSS6Z4AaABAg,@ViciousCABLU,"Another perfect recipe for my next meal, Max Miller from Tasting History with Max Miller. Thank you, Max Miller from Tasting History with Max Miller, please never stop posting",2025-02-04T16:09:30Z,256,5,en
UgzPPApYnw6PuNK2OJp4AaABAg,@mishamir9530,i’ve never been so early,2025-02-04T16:08:32Z,0,0,Other
UgyAKe49Qqd24_WCvYB4AaABAg,@Omapk,"Sort of reminds me of an oatmeal I make all the time, just rolled oats in hot water, with collard greens and an egg to thicken, lots of spices like paprika and oregano, and bits of kielbasa or bacon and cheese all mixed into a gruel",2025-02-04T16:08:30Z,85,6,en
UgyFqJoRpkwm-eQP7nd4AaABAg,@halpen,Why not use egg yolks with almond milk?,2025-02-04T16:08:05Z,0,2,en
UgyAnG7AtGPuhzpOhdl4AaABAg,@danielsantiagourtado3430,Hi max! Please consider doing a Colombian video! Huge fan from there! 🇨🇴🇨🇴🇨🇴🇨🇴🇨🇴,2025-02-04T16:07:40Z,1,0,en
UgyBH_QusxpLJspQWWx4AaABAg,@nettlesandsnakes9138,How do you reap like you are running out of time?,2025-02-04T16:06:36Z,0,1,en
UgzeQk41jBMC_dvE2zh4AaABAg,@Firegen1,"""Winter eateth, what summer growth""
The desperate energies 
spent encouraging rich yields and new birth
Feeding a close-knit family 
on the stockpiled grains
for hope and health
Frugal Frumenty 
keeping away cold and common deprivation 
Surviving until new sunlight 
and Springtime salvation",2025-02-04T16:06:16Z,8,0,en
UgyNJCZ_Bssr3T1XoQt4AaABAg,@mylesjude233,"Nothing to start the day like porridge. Also a recommendation, perhaps you can do a video on pepperpot, a caribbean dish bred from African Ingenuity and cross pollinated with Colonial America.",2025-02-04T16:06:15Z,0,0,en
UgwnK5mKi53ZCfCIND54AaABAg,@sophiasays1973,Max I just discovered you and your channel this past Thanksgiving time!!! I just want to say thank you for preserving history through food!!! And you're awesome garum sauce😎,2025-02-04T16:06:10Z,0,0,en
Ugzzlm5c9x9_zzFQueB4AaABAg,@dansharpe2364,We ate grandma. She was old and chewy.,2025-02-04T16:05:40Z,0,0,en
Ugy_ncx7-iRJbjboPnR4AaABAg,@jlshel42,"Good morning fellow Tastorians, let’s get that silver Play Button for Max and Jose",2025-02-04T16:05:23Z,407,11,en
UgwvD9gs5cdTpt7FkXp4AaABAg,@internetpolice2079,Watching this while waiting kcd 2 to unpack,2025-02-04T16:05:17Z,3,0,en
UgxFaPFWdCXKZD0-_eh4AaABAg,@djcalin6626,I was just watching the Forme of Cury video not even an hour ago lol,2025-02-04T16:05:13Z,1,0,en
UgxTwgjDkavJJu0zv1x4AaABAg,@jokodihaynes419,Hot chocolate and coffee ☕ keep me warm during the winter,2025-02-04T16:05:10Z,0,0,en
Ugy4jbfI9RwXlXUpBad4AaABAg,@merrittanimation7721,As a medieval peasant this will be very useful for next winter,2025-02-04T16:04:25Z,11918,123,en
UgzXRzwpZi3IcrsPyAV4AaABAg,@brownbear992,I feel like Max is timing this with the Kingdom Come deliverance 2 release lol,2025-02-04T16:04:22Z,1,0,en
UgyM-jzLv6ACXF7nJKF4AaABAg,@getfucked229,Niceee,2025-02-04T16:04:08Z,0,0,Other
Ugz-_y-WTpgFLAs_jYd4AaABAg,@jaiell2049,When Henry feels hungry,2025-02-04T16:03:55Z,3,0,Other
UgyVgG5QLEvjEJAgaYJ4AaABAg,@jokodihaynes419,General Winter was not kind to Napoleon and Hitler,2025-02-04T16:03:51Z,0,0,en
Ugy4KTozB3j-0Cf2CFh4AaABAg,@ChineseGuy69,this is a really late comment but could you do a video on what they ate on Ernest Shackleton's imperial trans antarctic expedition please:)🙏,2025-02-04T16:03:39Z,3,3,en
UgxGvKTdmNJRWKTH_oZ4AaABAg,@mydriasisintensifies6139,lembas bread when?,2025-02-04T16:03:26Z,0,2,en
UgwWiB4ivYQxioE9ILZ4AaABAg,@CadiasFinest,Bombas sounds like the name of a hobbit,2025-02-04T16:03:18Z,37,4,en
UgykG5ZNjDwLKueD--14AaABAg,@SolRavenArts,"Yayyyy, my Tuesday dopamine 😭💚😭",2025-02-04T16:03:13Z,0,0,Other
UgyXJveK6LBp-g7EPMF4AaABAg,@SilvereFox,So early today!,2025-02-04T16:03:09Z,0,0,en
UgwCCzHXLjbUgS-LhAF4AaABAg,@danielsantiagourtado3430,SNORUNT SPOTTED! Your collection is awesome 😊😊😊😊,2025-02-04T16:02:52Z,11,0,en
Ugw4L4a3WJjUw4orke14AaABAg,@Know_Your_Enemy,*The Early Peasant gets the Gruel!!*,2025-02-04T16:02:51Z,143,1,en
UgzxZs7XeByeM16r-yF4AaABAg,@dumah02,Yep watching this before kingdom come deliverance 2 releases,2025-02-04T16:02:41Z,5,0,en
UgxNvXaqHWCOrWCwCr14AaABAg,@hellspawn22001,Medieval peasant food on the day Kingdom Come Deliverance 2 comes out. Good timing Max.,2025-02-04T16:02:35Z,608,21,en
Ugz5k0lgaqG32vfESpd4AaABAg,@7StarKarma,First,2025-02-04T16:02:31Z,0,0,Other
Ugx4EJJFUKbq8dDLmFx4AaABAg,@heathermason9311,Tuesday at 11am is my favorite time of the week! Thanks Max and Jose!,2025-02-04T16:02:31Z,7,0,en
Ugw7jqShYPEuzzjHnT14AaABAg,@jack_T3579,Nice! Maybe we’ll survive this winter ❤ ❄️,2025-02-04T16:02:28Z,49,2,en
Ugz6yVS4bimn0L5rcyl4AaABAg,@nicoskefalas,Not first 😅,2025-02-04T16:02:27Z,0,2,en
Ugyr1Rcj-OiBVFS_Grl4AaABAg,@brandondee3731,Hell yeah,2025-02-04T16:02:18Z,0,0,en
UgxpjDeDV6czr8OtAe94AaABAg,@shaeagnew9942,Yay Tuesday and Max!,2025-02-04T16:02:18Z,0,0,Other
UgydjxUp47huIzcv5lJ4AaABAg,@m0torheads,FIRST MINUTE LETS GO,2025-02-04T16:02:05Z,1,0,Other
UgzsITNZ3TRh8Kf0Ysh4AaABAg,@mwrkhan,I'm 41 seconds in.🙂,2025-02-04T16:01:56Z,0,0,en
UgyGYe0QMaqQ8e2ijpl4AaABAg,@TheElderize,"Youtube really said ""Recommended for you"" huh",2025-02-04T16:01:51Z,2,0,en
Ugwq5WE569y7ZGPy6-p4AaABAg,@JamJim463,Can you do more medieval and renaissance desserts?,2025-02-04T16:01:44Z,2,3,Other
UgyKzyWVwBBxS3T88nB4AaABAg,@VulpesInculta-h2b,what about nacho tortilla nuka sauce?,2025-02-04T16:01:33Z,0,0,en
UgwtlbLO6CJxTAcASLJ4AaABAg,@heirkaiba,Last time I was this early Luka Doncic was still on the Mavericks.,2025-02-04T16:01:31Z,25,1,en
UgxrVJ7xl9vvilv8D_F4AaABAg,@retrocollector1999,"Seeing the notifications for your latest video is the highlight of my Tuesday mornings! As a history buff of the early 20th century, I appreciate how in-depth your research is. Heck, you even cohosted with my friend Mike Brady from Ocean Liner Designs! While this channel focuses on food tying into history, I wanted to ask a question regarding your hobbies. I’ve noticed you’re quite the fan of Lego. For over 20 years, I’ve collected classic sets from the 1960s-1990s. Did you ever have a favorite Lego set growing up as a kid? If not a particular set, was there a theme that sparked your interest? I love classic space and city sets! Keep up the great work, Mr. Miller 😎👍",2025-02-04T16:01:19Z,33,0,en
UgxaGELf2pkwlr1vFrp4AaABAg,@lasloapollo4312,Winter is coming🐺🐺🐺,2025-02-04T16:01:10Z,7,0,en
UgwdHRgrg9D0k64RhJ54AaABAg,@danielsantiagourtado3430,EARLY gang! Max is the Best 🎉🎉🎉🎉🎉,2025-02-04T16:01:10Z,0,0,en
UgyiDjhiyGKhYbU_2Dh4AaABAg,@danielsantiagourtado3430,You're my favorite cookinh channel max ❤❤❤❤❤,2025-02-04T16:00:46Z,0,2,en
