Comment ID,Author,Content,Publish Date,Like Count,Reply Count
UgxsZ9jKC4Clxd2CGWJ4AaABAg,@elius9538,Bro I'm Italian and you can do Cacio e pepe better than me...,2025-05-28T18:56:19Z,3187,73
Ugxa0a6EDMdNi5NhSOd4AaABAg,@williewideman6638,"Sir, you just intentionally consumed fish sewage. 👍🏻",2025-11-21T07:28:48Z,0,0
UgwhkNaxxuHVH1ZT7_54AaABAg,@Strawberry_23479,4:21 u VIOLATED! that steak 🥩,2025-11-21T00:43:00Z,1,0
Ugx91a47gRfTd-0U_-B4AaABAg,@a64738,"Seawater have a LOT more bacteria then fresh water, I hope you boiled the seawater first to kill all the bacteria....",2025-11-18T16:02:39Z,0,0
Ugx4-6-0QzbwDmwxbbx4AaABAg,@imbestigador987,is that the one that use make Kombucha?,2025-11-16T09:03:58Z,0,0
UgynW7Zf3UYoBXiE9jJ4AaABAg,@jazzy3345,"With the dry age crust, do you just toss it?",2025-11-15T09:11:01Z,0,0
UgynTCRJwfUC3xTTGAB4AaABAg,@mardorang6029,"10:02 I did not beat up the steak! I did not. Oh, hi Mark.",2025-11-15T06:17:33Z,0,0
UgzGnKDJ7XIX2yhFLz94AaABAg,@profilmwork,"Excellent exterior, raw interior.",2025-11-11T19:04:15Z,0,0
UgyHyeTNbPAsmtSXYtd4AaABAg,@H1mto1,Guga gonna wake some ancient diseases with this idea 😂😂😂,2025-11-05T08:39:31Z,0,0
Ugwa1rs58VVqC3N8v7l4AaABAg,@ArelYlmaz,gugas lost the plot,2025-11-04T00:04:56Z,0,0
UgzNVsrK4yRhSFGyfm94AaABAg,@TomsRandomThings,"i think the flavor came from swimmers feet and other body parts in the ocean water, probably some hit of ships oil",2025-11-03T20:08:45Z,0,0
UgxS_8Axk08i_SRb3qx4AaABAg,@virtualwrestling4352,Dangerous to eat don’t try this u could get a unwanted pesticide from natural seawater it needed to be filtered even then u have to watch th ph levels,2025-11-03T03:37:27Z,0,0
UgwF9TxJzOnIYxENyOt4AaABAg,@dopi3220,But how much did you cut off? Looked like 40-50%,2025-11-02T19:25:59Z,0,0
Ugxd_w2K39lDFgcBrR94AaABAg,@vitorstreetboys,You should do sea water + combu + smoke + fart on it and pepper,2025-11-01T19:57:22Z,0,0
UgxPV1iuFVaeRoLBYl54AaABAg,@vitorstreetboys,Show how you stomach reacted after,2025-11-01T19:50:20Z,0,0
Ugw7ICJZ8gTwNldN7cd4AaABAg,@adcraziness1501,I think I would have walked a bit further out into the water for my bucket full of brine!,2025-11-01T19:25:56Z,0,0
UgyK8RxmV-M5aA__3Hd4AaABAg,@TheCryptoOptimist,Guga: What's next? Soaking in Peeee,2025-10-30T21:12:15Z,0,0
UgxXKRdt93Y8rB5NEON4AaABAg,@Turtlydurtly,"Ummm… I hate to break the news to everybody, but the water would evaporate.",2025-10-30T01:13:55Z,0,0
UgwmHUNErfIUtZVtzA14AaABAg,@MichaelRosenblum_Emp500,Guga i love the fact u made cacio :)) BUT NOT EATING IT RIGHT AWAY AHHHHHHH,2025-10-27T23:53:12Z,0,0
Ugxbd5E0u7bEjep23GJ4AaABAg,@Velxyee,I cooked my first steak last Friday and it wasn’t to good same on Saturday and I made 2 steaks yesterday and the second one was really good perfect medium rare and golden crust I’m so happy,2025-10-27T05:18:01Z,0,0
UgylK6dCml1JW2pe8F54AaABAg,@calebonfire4645,Got a new subscriber . 🔥 content,2025-10-25T17:22:34Z,0,0
UgxIs4xrBhYAKGOK8A94AaABAg,@Grim-STi,"I just tried to make that pasta… 
ABSOLUTELY HORRIBLE..
No wonder we add cream to pasta..",2025-10-25T11:34:50Z,0,0
Ugxmf-uicDphNr7NSGp4AaABAg,@TheShaolinRogue,I think Guga is GAY 😂,2025-10-24T09:08:03Z,0,0
Ugy7_dqMPgHIoJqbk_J4AaABAg,@fizzle.101,Guga your voice is so relaxing dude,2025-10-23T14:09:21Z,0,0
UgwWPp0JCXSaens82354AaABAg,@StandardGabriel375,"Its one thing to say Guga is a steak mad scientist, but no.  In a 1,000,000 years when aliens come to study us he's trying to make sure Aliens bring him back to life for his thoughts on steaks😂",2025-10-23T00:09:25Z,0,0
UgzoeLfTdPy0o_7quwl4AaABAg,@jonathangonzalez9473,"You sound like the ""I just saved my self 150 bucks"" dude",2025-10-22T19:04:01Z,0,0
UgzmTX-j9a5I-qWFzUt4AaABAg,@DroppedMyController,You always come up with craziest cooking ideas. I love it.,2025-10-22T17:48:36Z,0,0
UgwWbeOvilEjq7kg_FZ4AaABAg,@heberiffin,"I wonder if he really believes that he's the first person in history to brine meat in seawater. I did that decades ago, very shortly after discovering what brining was. Seemed obvious.",2025-10-22T16:29:02Z,0,0
UgyyadSk4drQHGFq9LV4AaABAg,@lew868,I search interesting and this came up,2025-10-22T15:51:57Z,0,0
UgxtnHBZZLv65C7Fh5R4AaABAg,@Djwunmoshen,That steak is pregnant with every mammal in the sea..,2025-10-21T21:46:34Z,0,0
UgzGypOSUDWVv9MAb8N4AaABAg,@MrChinkman37,"My dude... I do not think this phrase you keep saying means what you think it does. ""Dry aged""",2025-10-21T20:34:20Z,0,0
UgxV04w8vOWIYksth4J4AaABAg,@catfish3215,So this is what the legendary sea cow would taste like,2025-10-21T14:45:43Z,0,0
Ugy7G6upwC9fiwS_5x14AaABAg,@zacharynelton3687,"I marinated it my steak today in Donkey urine , it was grass fed urine and a grass fed streak.  Taste just like the sea water hack",2025-10-21T14:09:39Z,1,0
UgxcANDOT5iwjkIPIpJ4AaABAg,@EuggEosidehEhEirg,I see it malaysia at uncle roger,2025-10-21T11:03:34Z,0,0
UgzEVatKTxGGTu3HA1h4AaABAg,@pounderfoo,What are the odds that he’ll soak it in piss one day,2025-10-21T07:21:09Z,0,0
Ugx1BeS0cnpwZXp1TMh4AaABAg,@lordfrostdraken,Holy moly that looks so good i wanna eat my screen!,2025-10-21T05:17:04Z,0,0
UgzALEsRB-Qwq0iVZvV4AaABAg,@smackzombie3944,Try flint tap water next time,2025-10-21T04:06:47Z,0,0
Ugz-eGL9VYFid-Z5LEx4AaABAg,@uwantthemoneyorwhat,Did you filter the sea water? I woul like to see that full process😊,2025-10-20T19:20:07Z,0,0
UgzTNL5stEU88x13umF4AaABAg,@MrBananaSplitEm,No problem with the video at all but add in your cuzzin his personality is great for cameos,2025-10-20T12:41:46Z,0,0
UgyqCQj9Vn-z6yfm1qV4AaABAg,@Jimmyhawk1820,This is next level experimentation,2025-10-20T07:26:24Z,0,0
UgxV8RC-xLdXPw33xkd4AaABAg,@colosine,"Don't try this, odds are it will kill you",2025-10-20T05:24:19Z,0,0
UgwaTszXJL6bhVB8MO94AaABAg,@Cylas1uz,Brine it in toilet water,2025-10-19T03:43:07Z,0,0
UgzTIPziMzkdB7qDnuZ4AaABAg,@AussieBB1,So for the first test without msg goes in for 30minutes and the other one with MSG go in for 1hour,2025-10-18T11:52:44Z,0,0
Ugyad_DC7oAa95utPsZ4AaABAg,@Tevinsatahoo,How can it get dry if its in water,2025-10-18T02:40:46Z,0,0
UgxcsI6-2SDFduOq3md4AaABAg,@cir.2042,5:42 in my language was like 'what was it??' 😂,2025-10-17T15:51:17Z,0,0
UgxWA60uJvtnCAqRA_h4AaABAg,@TheUnknownChaptersX,"Im going to the beach tomorrow, thanks",2025-10-17T12:59:14Z,0,0
Ugx9HEceMBFJgu9W1BV4AaABAg,@xFoundGamer,The Cacio e Pepe stole the show tbh I’m making that tonight!,2025-10-16T17:21:48Z,0,0
UgymnBy8Gw3QsiIqLcB4AaABAg,@iRobertRS,i love the instructions as if i can afford to do this lmao makes me so hungry ngl,2025-10-16T08:49:59Z,0,0
UgyOY6c-our1H20H4CN4AaABAg,@MichealJacksonson,Micro plastic also 😂,2025-10-11T04:40:22Z,0,0
Ugwgf8KUH1xYhq1dXAV4AaABAg,@KayeSea92,Steak seasoned in fish........excretions,2025-10-11T03:40:57Z,0,0
Ugy3MqkKRsiluUSFbup4AaABAg,@davidszabo820,"How so many people like this pasta its way beyond me. Its not even close to a good pasta with cheese, sour cream and bacon.",2025-10-07T09:45:48Z,0,0
UgyEzS_ROXeOtpvhGst4AaABAg,@jakefarm1766,Soak in coconut milk please 🙏🏽 ❤,2025-10-06T00:51:44Z,0,0
UgygfHVAsKEIZkeGsMF4AaABAg,@ghost91698,"dude really said, Its the same exact thing. Then proceded to explain how its not the same exact thing... LOL What are words?",2025-10-04T04:00:07Z,0,0
Ugyg05bOVJ4rp7Zp95Z4AaABAg,@ghost91698,to claim something nobody has done is very bold,2025-10-04T03:53:21Z,0,0
Ugztaer5TH-fxb0nAPR4AaABAg,@hasankibar797,try toilet water next,2025-10-03T15:01:13Z,0,0
UgzMqFuVJLnMa_0sSZ14AaABAg,@MatthewMcclish-m6x,Do you know how many corpses are dumped into the ocean every day,2025-10-03T00:56:26Z,0,0
UgycqQR0o_TgydVe6DN4AaABAg,@terrancekearse3814,and serm for a whale,2025-10-02T22:32:22Z,0,0
UgyJIv0b8wNMY5DK7kN4AaABAg,@tablasolo,Please tell me you boiled the sea water first. 😮,2025-10-01T00:08:32Z,0,0
UgxCfp-z-4_pcP22o9B4AaABAg,@andrewgeck428,If you want tender meat consider eating fish,2025-09-30T23:42:52Z,0,0
Ugzr-f3KXKVBQP4EbCN4AaABAg,@aymericwilfrid1515,"Don’t trust the ocean, fishes have sex in lol",2025-09-30T22:23:35Z,0,0
UgxRsmg-6XP3H-SGY2N4AaABAg,@MiniLolise,"I'm from Italy and I didn't know that Cacio e Pepe was made with Pecorino Romano, I always assumed it was yet another cheese hahaha",2025-09-30T20:29:00Z,0,0
UgyR5TCO6sFEb3MFtYZ4AaABAg,@PuOop-j9l,Isn't seawater full of harmful bacteria,2025-09-30T20:04:27Z,0,0
UgyfGgM0HwajJxRvnct4AaABAg,@niverian7789,Quite literal surf and turf,2025-09-30T18:33:15Z,0,0
UgywkN43DGgwi2dyRm54AaABAg,@zuleykabernard5586,Poor piece of meat,2025-09-30T01:19:22Z,0,0
Ugy4QQBaUrgVbqxKga94AaABAg,@ashadowawhisper,Mmmm salt and Corexit… good combo,2025-09-29T21:30:38Z,0,0
UgxPT21OQYjNlhsEMn14AaABAg,@adammiller4879,Marine-ated,2025-09-29T02:26:01Z,0,0
UgwKrvyQk4xqUGpY-ux4AaABAg,@Cryhavoc19,Mmmmm bacteria 😂😂😂😂,2025-09-28T18:07:17Z,0,0
UgxjJq63uqD7dqMmu3p4AaABAg,@sparky-x3j,"You didint use ""sea water"" from the ocean. Wtf!!",2025-09-28T16:49:00Z,0,0
UgyP4OrJ_rRGoExp3914AaABAg,@vince7528,Love that heavy metal taste,2025-09-28T16:30:42Z,0,0
UgzWWv1-Z-koeIorJlB4AaABAg,@nomer440,I always thought you’re crazy Gugs,2025-09-28T15:29:23Z,0,0
Ugzb4fjIfd1MOW3__dV4AaABAg,@MpoleYuweh,Please do one where u marinate the steak with man glaze..,2025-09-28T10:58:05Z,0,0
UgwoBOzS71VDMqA3LXt4AaABAg,@Automation_Optimal_Control,😵me imagining meat eater bacteria from the water in my stomach after eating this,2025-09-28T00:53:27Z,0,0
UgxNdzLk0aSC7CzRw7d4AaABAg,@JohnZBaeZ,I don't recommend using your local beach water. The runoff carries way too much toxins,2025-09-27T18:21:02Z,0,0
Ugx1PEEVQx3sGo89TjJ4AaABAg,@LamGorYun,your feet were in the water😂,2025-09-27T17:37:31Z,0,0
UgymWyUQ2O5UFf1AlL54AaABAg,@kevinplale9831,The older I get the more I see how much my culinary teacher lied about everything,2025-09-27T17:27:52Z,0,0
UgxlJQ_VBOZZKiyVOo14AaABAg,@Zippo_Squeeze,"One of these days, you're gonna die from some wild ass infection, i swear you do some wild stuff XD",2025-09-27T03:25:54Z,0,0
UgyBP6p1lrGkka-_iWx4AaABAg,@twincams350,"Ribeye is already a very tender cut of meat to begin with. Do this with eye of round, and I’ll be impressed!",2025-09-27T00:55:30Z,0,0
Ugx8yLbE6huPprrb8wN4AaABAg,@twincams350,Fish tanks are now part of the required equipment in high end kitchens,2025-09-27T00:48:32Z,0,0
Ugys555idwl7k2RDP9B4AaABAg,@daddybadbad,This is why I love Guga.,2025-09-27T00:47:40Z,0,0
UgzsEf-IlhTeZCKVbhl4AaABAg,@Blueesteel_,I really have to start making YouTube videos,2025-09-26T23:32:52Z,0,0
UgyBsCP_McNdpHFJQWR4AaABAg,@JPFRITZ0,Inject a steak with that pasta sauce,2025-09-26T14:03:45Z,0,0
UgzyzHwj4jfizHn5CNh4AaABAg,@jxshprxductions,piss contaminated sea water,2025-09-26T13:45:05Z,0,0
UgyyKMwhGNLEbaWcVB14AaABAg,@Umka621,Isnt the sea water dirty?,2025-09-26T11:38:21Z,1,0
UgyDov0Oxp780RKm6l54AaABAg,@dr.charlesedwardflorendobr3952,"I watched this video because I specifically keep fantasizing making Corned Beef in sea water brine just like in this video.  In fact, I think this qualifies as corned beef.",2025-09-26T09:50:54Z,0,0
UgzP5vudPSod9EPLuMF4AaABAg,@patrickpark3853,I soak my steak in bourbon whisky,2025-09-25T19:38:32Z,0,0
UgxDLj9GFcu2WoYtc8N4AaABAg,@6Catz,yummy a micro plastic steak,2025-09-25T15:52:12Z,0,0
UgzgijCk_Sax74GqNBN4AaABAg,@Cordovan,is this Roach King approved? 🤔,2025-09-25T13:38:11Z,0,0
UgxTIG5qK256OWECCgp4AaABAg,@ron_sugartitfron_sugartitf,i live by the mountains ⛰⛰⛰⛰⛰⛰ (i live in poland i will go try and make that if this comment gets 100+ likes),2025-09-25T13:15:21Z,1,0
Ugxv8_xdGswPY7IaLGl4AaABAg,@courtneyniesler3837,best herb ever micro plastics,2025-09-24T10:03:07Z,1,0
UgwbTVnitPkcPCqLSRV4AaABAg,@cirkleobserver3217,I bet this will actually be much safer than other experiments because of the concentration of salt.,2025-09-23T05:22:58Z,0,1
Ugx39Xqho-iK5U7Amt14AaABAg,@reviewforthetube6485,I like my steaks to have a bite. The whole fall apaet roast texture wouldnt be my thing. I thing we hsve gone to far with the softness of steaks. Great video,2025-09-22T13:19:37Z,0,0
Ugzk9_DqvKb4FuU3nVV4AaABAg,@larrycrabs5995,Soaking the steaks in fish poop.,2025-09-22T02:58:07Z,0,0
UgwDYgRJqQWn1sqL_kd4AaABAg,@RedemptionByFaith,traces of fish poop..,2025-09-22T01:34:04Z,0,0
UgyXtQd_spvwVSlsvXh4AaABAg,@IamSpacedad,You could probably get something a bit like this just with salted water and konbu for a fraction of time and effort for still pretty great results.  Prob could even only age it for like a week or several hours or so and it would still be good.  Prob not as deep flavor but still a great way to kick things up!,2025-09-22T00:47:08Z,0,0
UgxLbCCy1JTsEYMK-C94AaABAg,@Chris360it,The what water 😂,2025-09-21T15:42:06Z,0,0
UgyZF58iDAv5IIL-TwJ4AaABAg,@spicergod,dirty ass water gets to the meat and its CLEAR. i take it u took everything out. hope its still seawater then,2025-09-21T11:25:59Z,0,0
Ugw4mQ21-6J7ePdUm3F4AaABAg,@Metalcrawler,Fishy ?? Not the brightest light in the sky is he ? haha,2025-09-19T10:37:57Z,0,0
Ugwqg_7OOFLrKvn2W8h4AaABAg,@Dane_Riazer,"ahhhh, if he was our personal chef in the Philippines. Free room & board and he could make all the delicious meals he wants...🤤🥘",2025-09-19T09:07:23Z,0,0
Ugw2yXPzdztm52Pdfl54AaABAg,@Omareddd,"as italian i can say, great job with the cacio e pepe!",2025-09-17T20:01:56Z,0,0
UgwxZcFlU8eD_m3wC4R4AaABAg,@joe62845,"I want that thermometer and fan for my offset smoker. The sea water, how do you know it's not contaminated? With all the boats or sewage plants.",2025-09-16T15:55:24Z,0,0
UgzqeI08oYLL1cFwS6h4AaABAg,@solinvictus1234,And don't let him discover Cacio and Pears...or it will be done.,2025-09-16T11:02:49Z,0,0
UgycB0QfR-fnEFSGdLF4AaABAg,@Dahtrain24,“Once you’re satisfied with the creamyness” GIGGITY.,2025-09-16T06:24:34Z,0,0
Ugxs51UPU5S8QH3a0gp4AaABAg,@denverweb,There are more human corpses in the oceans of the world than all of the cemeteries combined.  Consuming sea water is consuming bits of dead bodies.,2025-09-16T04:48:15Z,0,0
UgxriJZzRX8zAALD1p94AaABAg,@tiger_vii,Only several microorganisms? Plus a slab of cow,2025-09-16T00:07:10Z,0,0
UgzyU9nOut12yXxMaKd4AaABAg,@RoblovesRebecca-y7n,"There's millions of microbes in that, that'll surely feed on it",2025-09-15T15:20:17Z,0,0
UgwGt2fWS3BuahsQbF54AaABAg,@anomaly3215,"sadly the only people watching this are (besides people like myself who got clickbaited)
people who don't realize this video is fake (not actual seawater) or the people who don't care if it's fake, aka inauthentic people who don't care about the authenticity of what they consume, quite pitiful because those same people will complain about their mental health later in life, but they caused it themselves... if you know content is fake/staged, don't watch it, you perpetuate your mind's tolerance to it which will leech into other parts of your life, always choose authenticity and being genuine above all",2025-09-14T23:37:23Z,0,0
UgwUwmXbpkPKL3F-tZp4AaABAg,@admiralcat3809,Now that's a sea cow!,2025-09-13T14:56:55Z,0,0
Ugx4NzvAeLmIEH_HZUx4AaABAg,@MaecG_,the random Cacio e Pepe in the middle of the video made me really really happy.,2025-09-12T18:33:10Z,0,0
UgzuNssxnF9ncCUXBDl4AaABAg,@Jona,"what a cool video, hungry now & defenitely gonna try out that pasta!",2025-09-12T14:59:31Z,0,0
UgwvGlrIW2AkLKh2q7p4AaABAg,@geteducatedyoufool4563,I remember that beach. I was there. It’s a good beach. Very private. You could pee in the water and no one would notice 😂😂,2025-09-12T11:45:24Z,0,0
UgwupcyoUxg4_233bRd4AaABAg,@michaelmcmaster3559,I wonder how long he let it sit for,2025-09-12T04:57:38Z,0,0
Ugz2x5jr6GpjJ7fz5u94AaABAg,@Nolgath,i didnt know alex jones also cooked :O,2025-09-11T12:02:02Z,0,0
Ugylb0bO6EHRCbbDCfJ4AaABAg,@Magnify615,"You're doing a bit much bro, there is probably ancient bacteria, or God knows what else in that sea water.",2025-09-10T22:54:07Z,0,0
UgzZfAU-Zbf3Tf1_oJh4AaABAg,@Lil_Dappi,watching these while im hungry is actually killing me,2025-09-10T22:44:17Z,0,0
UgxmH5C7YErDeh5wewd4AaABAg,@BabyNuggetSan,First person to eat Steak with microplastics,2025-09-10T20:04:57Z,1,0
UgxF91dM5lDkK6e8a3V4AaABAg,@MichaelScot-v7v,I love to see some one doing his favourite job ❤,2025-09-10T10:02:51Z,0,0
UgwUYiH7uwBV_KfDZpN4AaABAg,@IReallylikeDolphins.,The dirty sea water litterly went inside the steak when brined meaning the inside since not cooked to well done means it's in the insdie,2025-09-10T00:00:10Z,0,0
Ugx5p8XAXxXy-rWvdLx4AaABAg,@Parelf,"Some logic I suppose, its where we get out fish from. And we eat that just fine.
Just not liking that the meat put in the sea water without any protection. Better pray the heat of the fire killed off all the diseases.",2025-09-09T22:59:53Z,0,0
UgwschH_3sPlS1BVNo54AaABAg,@NeomorphLV426,Such a great idea to eat food thats been steeped in filthy sea water. 🤦‍♂️,2025-09-09T20:28:37Z,0,0
UgySdW7UcpgWH779Qt14AaABAg,@SH1FT3R-l8v,bro chuckeed a quick recipein the middle of a video about meat lol,2025-09-09T01:52:53Z,0,0
UgySfP6DKeSkSoygznx4AaABAg,@JesusDaLawd,This sounds horrible,2025-09-09T00:05:19Z,0,0
Ugw9l-DBhYHAXEtOx7N4AaABAg,@countershader9240,Can’t say this never been done before just because it’s not on the Internet that’s just a very bigot’ thing to even say just saying,2025-09-07T21:07:57Z,0,0
UgzJ9FZqqXgwS9WZXUV4AaABAg,@_Mingus_,Even on a full stomach that steak looks mouthwatering,2025-09-07T18:59:24Z,0,0
UgzReyrpsRfD8rj9I5t4AaABAg,@olagarto1917,"I love the added microplastic flavours , realy acentuates the beef umame",2025-09-07T13:55:22Z,0,0
UgyXY5prZHZ1qXyB6d14AaABAg,@Not.found.exe7,Vegetarians terrified of this man,2025-09-07T11:24:40Z,0,0
UgwxoTZ6xv0CJ6lPNxd4AaABAg,@nicholasdragonas6315,"K pasa Guga. Quickly, if you're brining in a sealed bag, what difference can the oxygenation  make?",2025-09-07T06:03:17Z,0,0
UgxGbSUkOj5R_RBHE614AaABAg,@LukeDafluke,Trusting the ocean in today’s era with all the pollution is crazy I’ll just make salt water at home stay safe my guy,2025-09-07T02:29:33Z,0,0
UgzDWFEa9PeFXWSxt3l4AaABAg,@M5E39_03,0:37 Michael Jordan’s shoes,2025-09-06T19:23:50Z,42,5
Ugy_JtKgGbvbGBAEg_h4AaABAg,@removebeforeflightgamingth9923,"Hey Guga 

What do you do with the leftover trimmings do you toss them out or use it to cook something else?",2025-09-06T04:22:58Z,0,0
Ugws6MaaEAZn9k3w8Nt4AaABAg,@ms.nafisa1307,"usually japanese people take away the konbu once you get the liquid because it can give a bitter taste, but it was a really good idea. that pasta inspires me what to cook on my date night (with normal steak) this friday.",2025-09-04T09:25:11Z,0,0
UgyzBJuTKKY3Cvs64il4AaABAg,@longjawnsilva8877,if the steak isnt fully cooked...would the parasites in the sea water still be alive in the meat? if any made it in there?,2025-09-03T01:13:28Z,0,0
UgxpOdjHFSaGo7v3qhh4AaABAg,@BowieBrooks1,Sea water? I do think that this is very out there and outta line. Bless your heart because why?,2025-08-31T22:25:31Z,0,0
UgwLzlxFRlCeiHTtYkl4AaABAg,@Hiker7,"Ok, do you cook the seawater first to get rid of microorganisms?",2025-08-31T10:30:37Z,0,0
Ugy0HYMlsIhJM4hQQ4x4AaABAg,@youmightwannasitdown4this,My combo guy is out the country I gotta wait for him to come back,2025-08-31T04:21:29Z,0,0
UgynGed2P73E3-XRYp94AaABAg,@SNO-Horn-King,"""This one has aged for three years, oh yes."" 😂 Classic Guga",2025-08-30T21:39:40Z,0,0
Ugw6tQgZjhrtP_MCa4p4AaABAg,@NothingElseMatters777,Aged for over 3 years?? What??,2025-08-30T17:48:15Z,0,0
UgwvpbLETgF1htkUlD54AaABAg,@Navieddamooc,I peed on the water,2025-08-29T11:00:32Z,0,0
Ugwu2KtefZulsD25qy94AaABAg,@Zedtixus-h3d,Nicaragua money world,2025-08-27T21:49:35Z,0,0
Ugy7iKkHmizoSbvDaL54AaABAg,@NeroRomano,"Traces of a ss, traces of sea men...",2025-08-21T20:57:47Z,0,0
Ugy-Qq73MNkpHAIXneZ4AaABAg,@VicGreenBitcoin,He! What is it about Bacteria and PARASITES!,2025-08-21T20:18:40Z,0,0
UgxztrJnCpE88w0WHl94AaABAg,@The_Real_Galima,"This is so fake.
1. Sea water is a Merky green color when taken out the Beach. Not crystal clear. As someone who collected star fish from the shore.

2.  The water looks Boiled or Purified.",2025-08-19T11:50:32Z,0,1
Ugx2xXHIAxTolfLWKiB4AaABAg,@mikeball1397,The parasites in that water is insane!!,2025-08-17T19:31:53Z,0,0
UgxnRDXa9_qv9-3a0yd4AaABAg,@AstronomyLoverss,3:43 bro turned on the black and white filter for the steak💔,2025-08-17T07:29:06Z,0,0
UgwV8QxwI5I7kMK8wC94AaABAg,@sahhndrxx,ngl i been in the sea when i was 8 yrs old n i just realized i been fckn up pissy seafood,2025-08-15T18:49:26Z,0,0
UgzQJ-Njk9d_uHtYMv14AaABAg,@risephoenix1111,Walk out just a bit more🌊..a lil bit more for my taste😂😂😂…I never would’ve thought to put my steak in sea water!!❤,2025-08-15T05:01:19Z,0,0
Ugy5_8ODhyRuWKWs-h54AaABAg,@Sasharavnhardt,"Just reading the title, that sounds FOUL",2025-08-15T03:07:53Z,0,0
UgwNH5EfKj7GfKQOY3Z4AaABAg,@EasternOrthodoxChristianity,You have to do the same Experiment with the cheapest cut of steak‼️🙏🏻,2025-08-12T06:06:36Z,1,0
UgyHG4RqfKpq0UgI9e94AaABAg,@themedicalmarvels,"0:20 Those “microorganisms” are called bacteria which can make you very sick. 

What you’re doing doesn’t make sense.",2025-08-12T04:38:27Z,1,1
UgxmnnT2PjQOh65fbPp4AaABAg,@DavidAbraham-o9k,THIS GUY IS A NUT JOB?,2025-08-11T13:28:10Z,0,1
Ugzrslj66beRRr6S3Op4AaABAg,@SeedKreations,it had a bunch of bacteria because of water. i wouldnt eat it.,2025-08-11T00:09:08Z,0,0
Ugx0cnL-oAEe_bOX21B4AaABAg,@huntingwithcheney,That steak is rodioactive bro,2025-08-10T04:09:26Z,0,0
UgxI2oiXLObBCvtotA54AaABAg,@drewtrades265,How come it doesn’t rot?,2025-08-08T21:11:02Z,0,0
UgzZKrQs5wGZmHUGu9d4AaABAg,@FugckMeFudge,This is how pirate do.,2025-08-07T07:52:04Z,0,0
Ugzm5b6NB4b1NL0o-6N4AaABAg,@BurtonDynamics,The red you see in meat is food coloring ti make it look fresh,2025-08-06T23:11:56Z,0,0
UgyZSaP_8jCnBgIcjit4AaABAg,@bigpig9562,"I bet it is ultra tasty and nutritious, with all the sea minerals and the elusive iodine.  But did you consider it has PCB, PFAS, etc. besides cadmium, mercury, lead, etc. Now you ruined your steak. 🤨",2025-08-04T23:23:01Z,0,0
Ugz4zQRlyGYTaw7gDup4AaABAg,@CourageToGroww,The Jeffery Daumer of cattle,2025-08-03T21:02:05Z,0,0
Ugzfu_r_olYhJx4MVYl4AaABAg,@XRebelStudioProduction,Mmmm Microplastic Steak,2025-08-03T13:05:03Z,0,0
Ugy662naKH_cGEi7Z9h4AaABAg,@oing-oing3405,What do you do about the trimmings?,2025-08-03T12:56:50Z,0,0
UgwHNIaQY558SF_vPxV4AaABAg,@kiarawhalen1544,"I came here for the steaks and came again for the pasta, damn that looks good",2025-08-03T11:09:39Z,0,0
UgxXu0wRE-HnV09k-R94AaABAg,@V1s_youtube_chanel,Lionfield should watch this i wanna kmow if they would approve like me :D (just for the pasta part ofc),2025-08-03T01:03:36Z,0,0
UgxhTdy8BZiX0Axr0cN4AaABAg,@ninibossalini4960,Damn I wish I could taste that steak 😢,2025-08-02T20:03:57Z,0,0
UgzcwC3nuL057q6pTfx4AaABAg,@MsBebegurl0212,I love listening to him speak!!!!❤❤❤❤,2025-08-02T04:33:00Z,0,0
UgwpbhHmISULB8EeaBF4AaABAg,@fsvideos-rc,"I admit, I thought this one was gonna be a fail. But thanks for proving me wrong!",2025-07-31T22:26:41Z,0,0
UgwoeXrfsZxQy35CVy94AaABAg,@TotallyLucasMenchions,Let's just say that meat looks very beat...,2025-07-30T23:30:56Z,0,0
Ugw-zBFudkf3E3dqnH54AaABAg,@NunnyaBidniss,"In your videos you keep saying “nobody has ever done this before”, but how would you know? A sea-water brine seems like a pretty basic thing that many people living near the coast could have tried. There’s no way you could possibly know that you’re the first to try it. It may be true that, as far as you know, no other YouTube chef has done it in a video before, but to say that nobody has ever done it before is quite a stretch. If you can think of it and do it, other people could have thought of it and done it too.",2025-07-30T19:30:51Z,0,0
Ugxn0Ro8z4-TUyEVAet4AaABAg,@Dormamo90,Pasta as a side dish. Why? You’ve put so much effort into the meat why fill your stomach with unnecessary dough? Who eats pasta with meat like that? It’s pointless.,2025-07-30T16:41:34Z,0,0
UgynfXGtW47VJpHwsmV4AaABAg,@Zéjacarezinho,I was in Tunisia during the holidays and I was invited to the edge of a beach by Tunisians to eat spaghetti that was boiled in sea water. EXCELLENT!,2025-07-30T15:28:45Z,0,0
UgyWkxnTcyuKSoSa87J4AaABAg,@waleedalhelo3941,He claimed the other steak was in fresh water but he lied lol he said it was sea water 2:03!,2025-07-30T11:35:43Z,0,0
UgzDhLjY7kUFI6lP1PN4AaABAg,@waleedalhelo3941,Sea water from the ocean ?,2025-07-30T11:32:01Z,0,0
UgxgDJTpOWaQtufnql14AaABAg,@BullyMoneii,Bro just became immortal,2025-07-30T06:58:12Z,0,0
UgwsHicJWIwY5uSo3px4AaABAg,@sarcastic_pakiii,Ah yes the taste of whale semen and fish poop not to mention human poop from boats etc,2025-07-29T06:32:28Z,0,0
UgxSgrFXshKV2TzuIgx4AaABAg,@gregory2611,I would be afraid of worms,2025-07-28T22:35:52Z,0,0
UgxyDnB38OoTYlqaWhx4AaABAg,@МуррКіт,Prime wagyu that way,2025-07-28T11:14:14Z,0,0
UgwKrjm3EWctZSLMg_14AaABAg,@frenkie-go8wo,I like to soak my food in sea water aswell to get my daily dose of micro plastics,2025-07-28T10:13:14Z,1,0
UgxxDqspNJ6gIYpxGaN4AaABAg,@zecoprimalpride,"Fun Fact the sea water was used by ancient  Libyans for mummification, they also have old way to preserve meat in fact Libya has the oldest mummy in Africa,",2025-07-28T01:05:21Z,0,0
UgzvC0OUlC4XvA0x3eF4AaABAg,@mikest2851,bro is crazy af,2025-07-27T20:59:52Z,0,0
UgySIpDe32rzXKqRdlp4AaABAg,@Shiirya,"Next.

Im gonna marinade m'y steak in mercure Frozen ice, smoke it with jupited cloud and sear it on a mars rock plancha !


Looks my astral steack everyone can do at home... Yeaaaaah 🙂",2025-07-27T19:20:52Z,0,0
UgxTtBzv0pbMmWFFNBV4AaABAg,@SemiPoles,Can’t be a good idea right ?,2025-07-27T17:01:25Z,0,0
UgwxKjY-lO-qKPEAyQJ4AaABAg,@skeetedr123r5,I don't know what it is about people wanting to cook steak and leave it bloody in the middle. raw steak/bloody is gross.,2025-07-27T02:28:36Z,1,0
UgymdLr4Z1cYNANRxaN4AaABAg,@xerodeus2337,"no chance I'd eat meat in real sea water, so many organisms lol",2025-07-26T23:31:58Z,0,0
Ugw7kt76O5CrSXRz3Sx4AaABAg,@womanhikerone4582,What about temperature for aging? Doesn't it have to be 50 degrees or below? Fire cooking is probably helpful.,2025-07-26T09:50:50Z,0,0
UgxWGsUzASyS3d3XV4Z4AaABAg,@DreamerTrain,"meat goes bad in my fridge after a few days, how does this not rot?",2025-07-25T23:27:44Z,0,1
UgzoUkGkrE7xWOyFbpR4AaABAg,@jayarrow1111,"The Mr. Beast-ification of guga, sad.",2025-07-25T20:09:53Z,0,0
UgwoDLCJKnQ3DJKG-MN4AaABAg,@OptionsJuice,"Chemist here: the oxygen just floats to the top and out of the tank, doesn't infuse into the water nor the meat at all. That's an old wives tale.",2025-07-22T16:07:29Z,0,0
Ugw7eEIKRM9C95WP-sF4AaABAg,@jiniretkz,"love the video, but holy smokes there's so much ads",2025-07-22T10:10:27Z,1,0
UgwglopyV36dybTNYV54AaABAg,@CrossxFyre,Mf brined his steak literally,2025-07-21T08:19:46Z,0,0
UgxuwVYM9m5y6gCJ3jB4AaABAg,@paydroguapp,A guga experiment will trump any other YouTuber and I’m not even subscribed 😂🤦🏽‍♂️,2025-07-21T06:47:23Z,0,0
UgxzWGS6_gCKkjH0yAd4AaABAg,@megalogoro6388,Mixing the pecorino and starch water in a separate bowl instead of in the pan is such a huge game changer for me. I could never get this dish right but you managed to solve my issues in the middle of a completely unrelated video. Amazing.,2025-07-20T21:23:25Z,0,0
UgwPZhp05-9xC79DASN4AaABAg,@fountainneer,what a load of rubbish,2025-07-19T18:19:21Z,0,0
UgyyhhtvxYaWf7WAMsR4AaABAg,@GrabbaBeer,"Can you tell us what dry aging does when it’s inside of wet water already? Lol

And how long does it sit in the brine before you put it in the dry ager?",2025-07-19T16:35:17Z,1,0
UgxiLaEFN1_7K36wiEh4AaABAg,@TheUnoriginalOne1,Guga! Y’all should hold your noses before eating the flavored meat just to experience the textures and taste bud stimulators then let go and let the aroma flavors hit you. I think that would give yall a completely different experience with the different brinings,2025-07-19T12:56:32Z,0,0
UgyukhVk7GcfAoYAON54AaABAg,@TheUnoriginalOne1,Sadly I did gag at first but this is creative,2025-07-19T12:49:28Z,1,0
Ugx-Ctr6r6lCJufoA7h4AaABAg,@angelogandye3848,I don't think that you are crazy. I know you are!!😂😂,2025-07-19T12:11:45Z,0,0
UgyCDdhegme5OeglyrN4AaABAg,@sicoby,Y did bro stop the video to make pasta LMAO,2025-07-19T02:40:16Z,0,0
Ugy4C7VlfGJBbmsDxWB4AaABAg,@duyvu6441,How can it be “dry aged” if it soaked in water. Lol,2025-07-19T02:26:08Z,0,0
UgzcbxUjdXVjJxfDXdZ4AaABAg,@RossJones-b2r,I’m not eating that.,2025-07-18T22:34:20Z,0,0
Ugwv-KaTKMY7ptsmneR4AaABAg,@DJFULLMOON,Thanks bro I need that bacteria 🦠 and organisms gonna have him crowning diarrhea for a week 💩 💦,2025-07-18T18:01:01Z,1,0
UgzS96bfFVXI7_G6Ws54AaABAg,@tristan2589,Can you cook me a steak?,2025-07-17T14:52:18Z,0,0
UgyrEu2lRyCRem4YIZB4AaABAg,@mAcChaosCh,the sea water from the ocean didnt make the steak get bacteria or little microbes or something?,2025-07-17T01:18:52Z,1,0
UgxDJLqjQee82UU8csh4AaABAg,@Nikegetoff,If y’all really believe he did sea water y’all crazy,2025-07-16T23:47:54Z,1,0
UgypOHB23rFLPaWkt994AaABAg,@CopperSmith1,You picked the sea water near your feet.,2025-07-16T21:33:34Z,0,0
Ugzquxpw_mhV1BFiYrJ4AaABAg,@zelkoification,they probably eat a lot of microplastics with those steaks 😅,2025-07-16T18:02:24Z,0,0
UgwK4exslxCjI7eH6Gp4AaABAg,@blu4845,This feels so intimate😭,2025-07-16T06:55:57Z,0,0
UgyT8MpezU0x9VaRMVJ4AaABAg,@thefamousdh5529,Why not get clean seawater with no dirt floating 😭,2025-07-16T03:35:48Z,0,0
UgzwScOzmjcp_T0-1xh4AaABAg,@thomascunningham2919,"While I love watching the different experiments and their tasty outcomes, Incant help but see a pattern of waste cut off that I could not justify.",2025-07-15T22:58:15Z,0,0
UgyITyiS78jQkganW0h4AaABAg,@TheItalianoAssassino,"""Several microorganisms"" Ah, a gentleman and a scholar. 🍷🧐",2025-07-15T22:07:01Z,30,0
UgzWgNDP9gwz8NkGTLB4AaABAg,@Me-vn8qq,How are you still alive man?,2025-07-15T21:05:37Z,0,0
Ugw7MY96wlaTtRgnMr94AaABAg,@mickeyroyale7697,"Thank U. U scheduled this and forgot, huh",2025-07-15T19:30:34Z,0,0
Ugz99qX2z4ERjzvMnvp4AaABAg,@Son0fCarthage,"""No one has ever done before"" I guarantee you this has been done before",2025-07-15T16:07:35Z,1,1
UgyKjsHigzvyUN6zBTN4AaABAg,@Mythic_Zach,"Are you sure the whale-babies in the water isn't what made it so tender?

""It just tastes salty!""

😉",2025-07-15T13:12:57Z,0,0
UgyROypyGfACWA2n_KN4AaABAg,@intelligentdesignhub,It smells like nothing 😂. That had me laughing,2025-07-14T19:58:55Z,0,0
UgwM-_RdKpb5MJkrEzx4AaABAg,@justafloridamanfromthe75thRR,"This is not dry aging, this is partial wet aging",2025-07-14T17:19:41Z,0,0
UgyaowTr7lcTwqiFTxh4AaABAg,@TVEmme,very interesting,2025-07-13T14:09:24Z,0,0
UgxhgfesE_VsqVf5FZR4AaABAg,@lennyt4205,Still calling it DRY AGE is mental 😂,2025-07-13T11:37:59Z,1,0
UgwpNN9F70fqD-TkRwJ4AaABAg,@GruppeSechs,4:45 Come again?,2025-07-13T10:57:43Z,0,0
Ugw304ATJFAXyBqeScF4AaABAg,@EvenEvinson,"Bro these steaks look good but don't anyone cook these steaks to be ""Well Done"" I'm just saying.",2025-07-13T05:46:39Z,0,0
UgykJNiRVFgZwOB0HGZ4AaABAg,@Ch4oTiK,Supposedly this is what Whale tastes like. Or a close approximate.,2025-07-13T03:26:50Z,0,0
UgzIMgFMqa4GyrNLs1V4AaABAg,@TechTed1,All urine of world in that beef,2025-07-13T03:14:21Z,1,0
UgztrOSAcC6cP2S2MRh4AaABAg,@youtubeusers-eduViewers,This probably when human had been stay next to sea for decades,2025-07-12T09:12:34Z,0,0
UgyD2FaZhKy5xuHkxMd4AaABAg,@gmagnus9973,Some how some way you did it again. A creative streak. Amazinh,2025-07-12T05:56:49Z,0,0
Ugw9_9zEKtql2rCxnQF4AaABAg,@Ingo_ita,Weird meat but kudos for the cacio e pepe from italy🫶🏻,2025-07-11T14:18:37Z,0,0
UgxKXKAIWplRzdeTSLJ4AaABAg,@samess_,@YouTube please add a feature where we can taste food through the app,2025-07-10T19:06:30Z,0,0
UgzTqBT5hPeZalTpIYl4AaABAg,@SrbGogiMaster,Bro you are Dana White from UfC or what 😂,2025-07-09T12:34:39Z,0,0
Ugww8aNO6I0fYOAKqJl4AaABAg,@AngeloScarpa,That is dearty sea waters,2025-07-07T20:01:24Z,0,0
UgzLOl42hBz2-nvHEo94AaABAg,@tylerdowling,Guga you gotta get a scientist to also perform mass spectroscopy on each of your steak experiments to see what ends up happening on each,2025-07-07T01:35:38Z,1,0
UgxAHNB6Mu8ruW2sxnJ4AaABAg,@RÅNÇIÐ,"I've never been one for sea food, but this video just might change my mind. 😂",2025-07-06T22:44:51Z,0,0
Ugxjep4T3n6ITPcUAp54AaABAg,@hollowkin1245,Try indian river water,2025-07-06T05:47:34Z,211,26
Ugz9z2XksHN58rqILS54AaABAg,@ManMang0,"The amount of seasoning I see on American steaks is crazy, plenty of salt and pepper sure, but anything else in addition seems mental to me, also enough pepper you cant see the steak any more????",2025-07-05T21:22:08Z,0,0
UgxNzm-LhyhIj8-gVaV4AaABAg,@TheCerealkiller148,guga foods secretly three crabs in a trench coat confirmed,2025-07-05T05:49:04Z,0,0
UgxBw8dx943ft8l4M-R4AaABAg,@LorenzoPedavoli,"Sea water contains microorganisms and bacteria that when consumes, can harm you and therefore is completely unsafe",2025-07-04T14:26:28Z,2,0
Ugz3wXhMDrvetB8kL5R4AaABAg,@benjaminseverinsen8713,"When did angel lose 50 lbs, get glasses, and a pallet? Lol 😅",2025-07-04T02:46:00Z,0,0
Ugxrhu00z8bUJink-7p4AaABAg,@gitgud7241,"The trick with cacio e pepe is amazing. Also pepper looks like it was ground with espresso grinder, very even size.",2025-07-03T21:09:23Z,0,0
Ugzi9t-zb9OiHsnVdkh4AaABAg,@jeambapt,But how does a steak taste in space ?,2025-07-03T16:39:09Z,0,0
Ugyk28K6Jc_yyFIU8FV4AaABAg,@TheSarcasticEngineer,Guga's fish: Are we a joke to you? That is our home!,2025-07-03T10:59:26Z,0,0
Ugw05s6p-6FwKbasdnJ4AaABAg,@garrettord3304,Is wet-aging / wet-brining outside the vacuum sealed package a thing?,2025-07-03T01:33:05Z,0,0
UgxevFGlAncRiW6S_iF4AaABAg,@jahatkeh10,"Don't believe he really eat that expired steak. At most he just switch the expired cooked steak with a fresh cooked steak, no body can tell the difference. 😁",2025-07-02T21:04:09Z,1,0
UgzQj1TZW_Ye6RNruhV4AaABAg,@willTurner-w7d,lol so you made salt beef something that done in new found land Canada for generation's,2025-07-02T15:48:44Z,0,0
UgwxoR5Aav4l_fp2gfJ4AaABAg,@fiery_transition,HOW did you clean the seawater? Kind of a critical omission if I wanted to try this myself :-(,2025-07-02T13:52:35Z,0,0
UgzMq_8P2bo4hFs6Xz14AaABAg,@valcone,"""the results are completely identical"" one meat is grey the other one is yellow, tht is not identical lol",2025-07-02T13:02:31Z,0,0
Ugx7ugLTk6X7dIDfd-F4AaABAg,@punprincess9577,Bro... Leave the cows alone... Please 😭 i love steak but damn dude,2025-07-02T00:43:34Z,0,0
Ugz260c7nJ9yBfecVPp4AaABAg,@MealsAndMoreTV,"I once soaked meat in Jegermeister and cooked it, it sucked..",2025-07-01T20:19:42Z,0,0
UgySyr9pAAyLOHeEn3V4AaABAg,@asdasda2137,Scraping the bottom of the barrel i see.,2025-07-01T12:59:59Z,1,0
UgzI_YvDAQEZ01EHkDZ4AaABAg,@yyvs_z,treating his meat like a fish 🤣,2025-07-01T02:59:39Z,0,0
UgzVwSgD2XrZuPt5jZp4AaABAg,@alexziilla,Flew to mexico to age my steak in local water next?,2025-07-01T00:29:26Z,0,0
UgwUpBXZtISsjPS4Uk94AaABAg,@finja8896,i marinated steak in the vaccume of space for 2 months... and then ATE it,2025-06-30T21:14:34Z,0,0
Ugwo8r7YL5tsz3RfeXJ4AaABAg,@Goal-Diggah.twitch1,I wouldn't say it's never been done before. It's never went viral on YouTube before though.,2025-06-30T17:51:19Z,1,0
UgwJ2iomWyvycHxvaut4AaABAg,@itszmodz-_-6532,The real question is how does it not spoil,2025-06-29T23:47:59Z,0,0
UgyDyaCcFJUbqnGopCl4AaABAg,@MikenomorCCP,"Yes, sea water has lot's of ""things"" in it. Not the least of which are bacteria, virus', parasites, as well as the fact most people forget; fish live there, and, it's their ""toilet"" as well.😂 Buon Appetito!!!",2025-06-29T18:46:50Z,0,0
Ugwk13h8mj8PmogJCvd4AaABAg,@ehsanrazali7427,Try it with milk,2025-06-29T18:11:37Z,0,0
Ugx18ZRrDHrt_rlDcjx4AaABAg,@adidoes7659,Someone tell this guy that it wasnt gold 😏,2025-06-29T09:03:49Z,0,0
Ugz6ZeqxPJggrurbBNh4AaABAg,@tranha3616,I can picture a couple dozen of white ladies going crazy over the amount of MSG. 😶,2025-06-29T07:27:58Z,0,0
UgyKOaML_nvlPu5rGGJ4AaABAg,@norbis3939,"I'm a pretty open minded eater, but this scares me. ☠️",2025-06-29T02:37:13Z,0,0
UgyOy9faCzwXkBU2YV94AaABAg,@b.l.a.c.k-shiva,"Fermented meat is the worst thing you could possibly eat. Old foods are not good for your health. Fermented plant products are great for your long, human, vegetarian intestines and introducing/repopulating the needed biotics for your system. Fill your guts with an enhanced plethora of flesh eating bacteria (and the bacteria from the dead/hibernating parasites in the meat) and they will eat YOU and disturb your whole system, turning you into a less intelligent, violent creature. We are NOT designed to eat carrion!! And the Ice age/Neanderthal age is over. Now is not the time for going backwards but for maximizing, consciously, our best health... Eat grains and fresh foods. And if you must eat meat, let it be fresh and fully cooked! 🕉️🙏🏽📿 Peace and Health",2025-06-28T21:18:52Z,0,0
UgzxPT54ZfO7fhMCTGt4AaABAg,@RudyRmadrigal,SALT WATER HAS TO BE FILTERED AND CLEANED AND BOILED BEFORE YOU DO THIS! SOMETHING HE DID NOT EXPLAIN。 DON'T TRY THIS AT HOME!,2025-06-28T17:29:05Z,1,0
UgyHXH65Ikg61kUrFpF4AaABAg,@captn_maverick,"Very interesting about the sea water, however I would like to make the sea water using brine water not real sea water as sea water is quite polluted.",2025-06-28T13:24:32Z,0,0
Ugwur1r9Gww87vPyuPh4AaABAg,@kaval187,"I hope that if a steak does you in there will be one last video on the channel
Explaining the last steak
Somehow I get the feeling that you will out live me though",2025-06-28T12:21:43Z,0,0
UgwUQROxw1L-zE6Z7z54AaABAg,@amg_ge5bn,"fun fact: there is 1,000,000 bacteria in one milliliter of sea water.",2025-06-28T04:29:20Z,0,1
UgxRWVA8ZB4ax4FV3wF4AaABAg,@caligiuricallidus,go vegan and learn to cook,2025-06-28T01:45:37Z,0,0
UgwL51_vuTE7iI2KT8F4AaABAg,@gregorylau841,Add the smoker and dry ager to your equipment list!,2025-06-28T00:26:02Z,0,0
UgzE08NXsZdkd0lfDSF4AaABAg,@RondoHunter3.14,"Just when I think Guga has gone crazy, he manages to somehow pull it off.  Most of the time.  His ideas are experiments that turn out delicious.  No other chef/cook goes to the extremes that Guga pushes to.  That's why he's the man.",2025-06-28T00:03:30Z,1,0
UgzIFLPgMCjwvcmeWD14AaABAg,@Warguy21,Imagine you are earning money just by eating these guys are living the best life.,2025-06-27T23:32:59Z,0,0
Ugzz50SEMXd5BWzD3m54AaABAg,@walletphonekeys,Westerns always use the word umami when msg is used lol,2025-06-27T22:26:07Z,0,0
UgwxTdhMiOHvxHUhrI14AaABAg,@liamlashua6718,its funny that the seawater made the steak kind a fall apart like fish.,2025-06-27T21:57:27Z,0,0
UgwGgirvWrqK1-MiGBd4AaABAg,@riskinbneck,I pissed in that water..,2025-06-27T20:24:00Z,0,0
UgwlaMTrXbt6LFf-3lx4AaABAg,@LM_952,Sea water is full of bacteria you know?,2025-06-27T20:21:50Z,0,0
UgyrmLNRvTRKjrekhkB4AaABAg,@matthewho3743,"Guga try dry aging in squid ink i think it would be nice 👍, I'm from Indonesia and we love to eat squids that is cooked with their ink 😂",2025-06-27T16:48:55Z,0,0
UgwYDIChE8YurB0BNVV4AaABAg,@_KingSando_,Actual sea water or did he make his own salted water? I wouldn’t trust all the crap in sea water. With red tide and constant sewage leakages in that area. That’s just asking for a hospital visit,2025-06-27T08:43:27Z,0,0
UgymysomT07Wa8WNbQZ4AaABAg,@twingytwango6971,The korean tank has meat enclosed in plastic but they pump oxygen in the tank!!! 😂,2025-06-26T22:04:10Z,0,0
UgzmlykzNdcORDCrcFh4AaABAg,@eternal7912,A steak aged in MSG... I can feel a migraine coming on just thinking about it.,2025-06-26T05:47:14Z,0,0
UgzQHwXc01PgVT7Vtcp4AaABAg,@GhoodVibez,Seawater from the ocean?!!!?!,2025-06-25T17:00:20Z,0,0
UgzRmjugay3Tl2HlNBJ4AaABAg,@Truthorfib,Guga the Philosopher of Meat,2025-06-25T07:14:56Z,0,0
UgykacLlHVScpC2CH0R4AaABAg,@douglasdueno,"I want to try this, but shouldn't I boil the seawater first before marinating the steaks for a month?",2025-06-25T02:09:39Z,1,1
UgzbwXqkxNbFdadHZKJ4AaABAg,@Allu681,That Cacio e pepe looked so good. Approved.,2025-06-24T19:47:50Z,0,0
Ugzi8vJgTbgGyxSOSyp4AaABAg,@MrFreeman0179,Those steaks 😍🥰😋😋 look so yummy,2025-06-24T13:01:34Z,0,0
Ugz2VBgbHC8spQwc9mx4AaABAg,@jasonbrabusrccarsandgames3375,5:41 With aged steak-ek😂,2025-06-24T10:45:52Z,1,0
UgzQnXdFoKt7uqoq_Ol4AaABAg,@sylviaclassic6392,Would eat,2025-06-24T05:01:42Z,0,0
UgyTn3Xvj3K-_rwJ5vd4AaABAg,@harrylong2796,You have my attention,2025-06-23T20:48:33Z,0,0
UgwSRUyicEMOFLE53O94AaABAg,@SinisterSun,"I instantly thinked ""yummy microplastics"" when i saw the title.",2025-06-23T19:27:07Z,0,2
UgzEcsX3IwE-NSZ9zn94AaABAg,@Sh3xy,This dude gon start the zombie apocalips one day,2025-06-23T15:02:49Z,0,0
UgwxoNwznquUdFSoqhV4AaABAg,@gerryg6439,"I have saw many people using salt water for a few days for steak, never sea water for a month lol",2025-06-23T14:13:02Z,0,0
UgwWtZdfzDFSA6au_Yh4AaABAg,@218Merlin,All meat in Serbian looks gray and smells like nothing 3:50,2025-06-23T13:30:32Z,0,0
Ugzs44tcB1lFxci-dXB4AaABAg,@kurhooni5924,"note is ended not using seawater, but water with salt... you can easily see it cause seas water is not that clear",2025-06-23T10:31:16Z,0,0
UgxIN081HoKAHPuVUEV4AaABAg,@conradloffler697,at this point bro just eats a water body,2025-06-23T09:27:04Z,1,0
UgxMeWOEmHore-qq_JN4AaABAg,@Darkstormsun9865,I wonder if it will change if he used cleaner sea water.,2025-06-23T07:22:55Z,0,0
UgytRoBxyxZSY3eiyFF4AaABAg,@heIlno7708,The konbu one also use the seawater,2025-06-23T00:10:37Z,0,0
Ugyw4IKip0vHNI8ecxV4AaABAg,@universel9,I am highly concerned about the risk of Helicobacter infection from seawater when consuming raw or undercooked beef.,2025-06-22T09:48:11Z,0,0
UgzXxGyt_neC1XGr_2l4AaABAg,@verbalmite4528,SEA SALT I NEED YOU SEA SALT!,2025-06-22T04:55:29Z,1,0
UgxTPAwY7aV49ogG9Rp4AaABAg,@TSUKUMOGS_KANADEAGENDApusher,"Put aquatic plants and some decorations, and let it sit for 1week before putting the meat, so that the microbacterias are established.",2025-06-21T13:14:04Z,0,0
UgwhS1wVso4cg8SnGjl4AaABAg,@drgta6,What's your blood pressure level at?,2025-06-21T08:36:23Z,0,0
UgyjbbRpgNePDJKPvEl4AaABAg,@alacran63,I brined my steak in collected sweat,2025-06-21T03:43:28Z,0,0
UgwC6T6IckjSZVdO9jR4AaABAg,@SANJAY-un3pc,"Take Popeyes chicken, dehydrate it until it's super crunchy/jerky almost then pulverize it into a seasoning and season your steak with Popeyes chicken",2025-06-20T21:40:09Z,0,0
UgzDdk4dkC11Y3etMFZ4AaABAg,@mikekochendorfer7965,"I keep expecting to see a video from a different provider ""a man dry aged a steak and this happened...""",2025-06-20T19:48:41Z,0,0
Ugz1Lky0szAHhCGj6Xd4AaABAg,@t3dwards13,Yeah...I've gotta laugh at bubblers for meat in VACUUM SEALED PLASTIC!!!,2025-06-20T19:41:44Z,0,0
UgxNvv3joBSEbXyCCcJ4AaABAg,@sbcane,Just cook the f——- steak 😂,2025-06-20T14:43:05Z,0,0
UgwrHeV-9EG2FGkUFEt4AaABAg,@chameleon8844,Will this method salt that big ass cow leg u cooked with babish well or will it still be not enough for it?,2025-06-20T04:43:50Z,0,0
UgyeX7atTr4I3uV4SSF4AaABAg,@gordocarbo,"NFW would I do this, sea water is beyond polluted, toxic and disgusting. Cant even eat fish  anywhere near the shore in most places due to that. 
Farmed is even worse, that stuff is organ killing garbage, lots of lab rats and Chimps have lost thier lives from eating that garbage",2025-06-19T22:53:19Z,0,0
UgxT5heEzie94-VNOMV4AaABAg,@yaroslavlovyagin8779,Guga Sea water from the ocean is called Ocean water 😄,2025-06-19T20:48:03Z,1,0
Ugw81ORzqLK9Z9S4XMl4AaABAg,@mikelundquist4596,Seawater? You mean where the fish poop and copulate?,2025-06-19T19:07:36Z,0,0
Ugw7jnTaTMrl_Gg523J4AaABAg,@casualuser9484,"The voiceover script: A culinary tragedy with a hint of cringe 🥴
“For 92 days the beef must sit…not marinating…but reflecting. Becoming one with its salinity…Forgiving its butcher…Now we gently whisper the salt into submission…”
Bro thinks his microphone is a golden ticket to voice acting glory. It’s not just cooking. He’s chasing a voiceover career that only exists in his dreams and his spice cabinet 🥳🥳",2025-06-19T18:35:40Z,0,0
UgxpSBEmjblBESG3OfN4AaABAg,@baby210809,please tell me it's safe and you guys didn't feel unwell after?,2025-06-19T14:15:40Z,0,0
UgyA_vXUd_pjI-gsbEN4AaABAg,@SkyFrame-Studios,Dry-age A5 wagyu in Aromat for 2 weeks,2025-06-19T13:12:40Z,0,0
UgznhfIIgwzuvkExupR4AaABAg,@cheshirevt,"This is a lawsuit waiting to happen if you don't tell people what you actually did anywhere. No way you just picked up some seawater from the beach and dunked a steak in it for 3 years, which is what the video is implying you did. How much salt did you add, did you filter or boil the seawater, and how long did you actually leave it in the water?",2025-06-19T12:44:30Z,2,2
Ugykhrd8qI7omcj7H0t4AaABAg,@danielepiergiovanni8561,"Man, I'm from Rome. That cacio e pepe is PERFECT 👌",2025-06-19T11:41:08Z,0,0
UgxSDqfsvm902M7CCDx4AaABAg,@scottforbes0,Sea Water only has traces of gold when Salt Bae swims nearby,2025-06-19T11:23:32Z,9,0
Ugxt8xLxCxgorTVt-Lp4AaABAg,@foggytypes,"that cacio e pepe is properly done, congrats from an italian.",2025-06-19T10:17:36Z,0,0
UgzvhVlg9XuzqdzpBSJ4AaABAg,@Th3Test5656,So we are cheersing with food now 😂,2025-06-19T09:56:57Z,0,0
UgxOFNmc0n-e1xc8xK54AaABAg,@NihilsticFeeling,"sea water and salt water are not the same.. and that was definitely not sea water.  if it was, there would be nothing left of that steak after a few days. all the microbes and plankton would have eaten down to nothing, and anything left would be spoiled, contaminated and hazardous to eat.  you'd also have tons of growth of various species of plants and animals. that was just salt water.",2025-06-19T05:49:23Z,0,0
UgyU8AoJskRiSHgw0Wh4AaABAg,@timdowney02,I brine my wild hog meat for 48hrs in heavy salt ice water draining and refilling once in the middle everyone that says they don’t like wild hog that’s tried mine loves it and asks me what’s my secret it’s not a secret I let everyone know I also do my deer meat in a 24hr brine it makes a huge difference in flavor,2025-06-19T01:23:37Z,0,0
UgxYcoZnvKsvDkkJ-BN4AaABAg,@CarlGorn,"Adding smoke to water makes a weak carbonic acid, so I wouldn't be surprised if the kombu experiment denatures the meat a little.",2025-06-18T06:05:58Z,0,0
UgzhGV1bKhab61G-pYR4AaABAg,@HexenHeretic97,Do this experiment again but with a wagyu stake :D,2025-06-18T00:38:53Z,0,0
UgxEx2MIS270hJ5FKqB4AaABAg,@PyroFalcon,"One of these days, this dude is gonna poison himself with a steak",2025-06-18T00:33:27Z,0,0
UgwQJQF-eVcjPbCqL_x4AaABAg,@carbonscythe,"I'm going to assume that regular water with 3,5% salt (wikipedia) is good enough. I'm having a difficult timing believing that seawater that close to the beach or shore is clean enough.",2025-06-17T21:18:48Z,0,0
UgxFwmWcsilSJB_oGOt4AaABAg,@mattnobrega6621,Never had aged beef before. Both looked wicked delicious as well as the pasta dish 🫡👍🇺🇲,2025-06-17T19:53:11Z,0,0
UgwliWCr5ghgKLjtM9V4AaABAg,@BobBasile-h8h,This man is an eccentric genius,2025-06-17T09:52:46Z,0,0
UgzLIXswunb0AqG3HSV4AaABAg,@Certified_Jay0,The sea water has piss in it bro-,2025-06-16T19:56:15Z,0,1
Ugz14rnXKyvqXTIZaTx4AaABAg,@rohaidyrodriguez7179,What if you leave it in the sand for 100 days,2025-06-16T19:41:23Z,0,0
UgzlCsAuEbpq4Ojp3fF4AaABAg,@Pocketlol1,Word marinade comes from sea water... Mediterranean peoples used to leave meat to marinade it overnight to roast it later. It is nice.,2025-06-16T19:10:43Z,0,0
UgxDqwHCBnAJ7vXjFIl4AaABAg,@ezekielteklaking,"You don't think ancient peoples of Japan tried this or something similar? I don't think you're giving them enough credit, or giving yourself too much credit.",2025-06-16T04:50:35Z,0,0
UgztRHtk2jAF-WYOFVB4AaABAg,@carloslopez-z6r,Can’t you just put water in salt instead of putting seawater?,2025-06-16T02:30:35Z,0,0
Ugzw1yAxsoYsR1O-ymZ4AaABAg,@tylociraptor8131,please tell me you did a heavy metal test before using that...,2025-06-16T02:24:36Z,0,0
Ugzo3I0H3G5gq9yz0KB4AaABAg,@andrewmarsjr9879,And i didn't think guga could get more ridiculous and shyt i got proven wrong lol feed the homeless guga instead of wasting food,2025-06-16T00:34:34Z,0,0
Ugzqdkj4szFd9b86got4AaABAg,@Skante-ib6mh,NEXT BRINE IS STILL WATER,2025-06-15T22:44:51Z,1,0
Ugw5hWVZGfhc5fUeBFR4AaABAg,@deaddead698,"""Today we're aging a steak in bull semen""",2025-06-15T22:09:47Z,0,0
Ugx_gc0ieI2ok6loaEp4AaABAg,@noname-p8o,it would be fun to see what happen if you dry aging the steak after soaking it in the kombu,2025-06-15T18:53:08Z,0,0
UgxWKN-xpnMp9DhRUnF4AaABAg,@tomg1066,"MSG Marinated Steak....? WHY?!?!?

Can't cook a nice beef flavored steak?",2025-06-15T16:25:26Z,0,0
UgxFRMnGRX1AgijD4Fh4AaABAg,@tomg1066,ANNOYING Voice-Over..... No Thanks!,2025-06-15T16:22:41Z,0,0
UgzRrAVP7h6d0ZoofS54AaABAg,@Rencol666,"Next on the show: GANGA REDUCTION MARINADE. Guga just takes a bucket of water from ganga river, makes a reduction from it, marinates steak in it and feeds it to anjel",2025-06-15T15:33:18Z,0,0
Ugy60_CSgcsrV7uC8cZ4AaABAg,@none_tw,"First is dry-aging with chili oil, then with candles and smoke, then seawater. I wonder when we'll get to necromancy next.",2025-06-15T13:31:16Z,0,0
UgzF-8bvowyw8Lq_aEd4AaABAg,@PioneerOcean十,"I like how he pronounces konbu as ""Kahn-boo"" and pronounces it correctly shortly after haha",2025-06-15T06:38:09Z,0,0
UgwixrnrvL5FBUxFmmZ4AaABAg,@FutureLaugh,man youre really pissing me off,2025-06-15T04:27:10Z,1,0
UgxuSMOITEfixZ_NZzB4AaABAg,@MostlyFaded,He brined it lol,2025-06-15T03:06:42Z,0,0
UgyIAzYHtVgYLXCUcjp4AaABAg,@aikokk8134,Sodium hypocloryte,2025-06-15T02:32:08Z,0,0
UgxratWK84UmAQjmfkx4AaABAg,@GregJoshuaW,that happens to meat soaked in any kind of water. The blood moves from the flesh to the water.,2025-06-14T16:20:58Z,0,0
Ugwx_zFiKLji2lqC2a14AaABAg,@libyycloud,Dont try this Nonsense,2025-06-14T15:28:35Z,0,0
UgxGsi97nDwPf3pjyhl4AaABAg,@poptheweasle1,How did the sea water not introduce any pathogens from the ocean,2025-06-14T14:55:07Z,0,0
Ugxuttdbk-tURAy8zW94AaABAg,@charlie12T,"I found out 2 days ago that cruise ships dump many, many tonnes of human waist into the sea every week.",2025-06-14T11:19:26Z,0,0
UgykRsrBw9svmZ2Wykt4AaABAg,@thomasvlekke5365,Man I wanan try that kombu water aged steak,2025-06-14T10:11:14Z,0,0
Ugy7di_K5Rj_EJ7inJ54AaABAg,@u_dhiya,"The meat should be thankful they have chance to meet Guga, Picasso of marinate.",2025-06-14T06:48:18Z,0,0
UgxXXmcfyv77n3QLjHN4AaABAg,@robertruiz5417,I skipped the sea  water and  went with sea salt  and filter water and oxygen,2025-06-14T04:15:51Z,0,0
UgxIu3tBQZeBheUA9I94AaABAg,@TheSioutdoors,i saw this thumbnail and said nooooooooo,2025-06-14T01:45:33Z,0,0
Ugxxm0TeQEx0yHeWfPh4AaABAg,@DerpSpY205,"I love watching this for the crazy steak situation going on, but the thing I wind up taking notes on every time is the side dishes.",2025-06-14T00:40:36Z,1,0
UgzpHVcYZ0js_udJV-h4AaABAg,@mauhidalgo7550,Have you considered water aging in pasta water?,2025-06-13T16:26:40Z,0,0
Ugw3EQjofRlJy3LVo5N4AaABAg,@MrDeathCell,"bro, what kinda fish is that?
Fish? that  is my Sea Dry Steak.",2025-06-13T15:18:47Z,0,0
UgxqGXk1y1hbKo8hy8N4AaABAg,@realtalkertrueform,"In the Philippines, we use the salt water to wash our Foods either Pork, Fish or Chicken whenever we do grilling on a beach. we also soke our Drinks to the water to keep it stay cold when we forgot to bring coolers or chiller.",2025-06-13T14:28:38Z,0,0
Ugw6QMeTRP66VmmN7Kp4AaABAg,@passwordnrg,"HI Guga, how did u cleaned the seawater before marinating and i would like to ask you from all theses experiments which one you liked the most and which one you would repeat to cook it again ?",2025-06-13T11:05:42Z,0,0
UgxDAmgVN49iafMxuc94AaABAg,@mrw3bos,"Great experiment, I loved it! But I think if you trow a couple egg yolks in the Pecorino cream for the pasta it woulb be better than cream. More Carbonara-ish but more flavor too",2025-06-13T05:37:14Z,0,0
Ugyra28lFhrdbxFrDih4AaABAg,@ruuubbbeeen,I love how Guga opens saying this a makes sense and the instantly says nobody has done this.,2025-06-13T00:01:17Z,0,0
UgzDDPj5k7z5ANDzcG14AaABAg,@jsytac,How salty was the water?,2025-06-12T23:06:46Z,0,0
UgwghVsIfMdXhbgkhA14AaABAg,@joelayoub2774,See.... gimmick cook,2025-06-12T21:17:45Z,0,0
Ugx0yiJf-PW-PiLDC4x4AaABAg,@BFGMortgageBroker,Ah yes the ocean..largest toilet on the planet😂,2025-06-12T20:07:25Z,0,0
UgwIXcLFV3mooMJTpWt4AaABAg,@sharyn20611,Im new to your videos and i love them alrady so much ❤❤❤🥩🥩🥩,2025-06-12T19:44:37Z,0,0
UgxIJuHmdvg8Wdp7mPR4AaABAg,@CameronSalazar2113,"A lot of plastic for the Auto grill temp thing that's made to be around a hot grill, the air vent looks like a toy, but I cant judge without knowing, and there was no real show in the testing way in this video its gives me nothing to go off of but the make and look, which is nothing!",2025-06-12T07:49:46Z,0,0
Ugz2l73PaZa9MvbpZhd4AaABAg,@erickflores-reyes1367,This guy is goanna get sick,2025-06-12T07:32:32Z,0,0
UgxN8zwYkRXbcPAg3ap4AaABAg,@AlanWilhelm-fv7to,I hope you strained it for microplastics first.,2025-06-12T06:09:06Z,0,0
UgzrHnyR5MWgf99vkuh4AaABAg,@HalG-o3z,Caught feeding texts at ‘smokiness in the steak’ from Leo,2025-06-12T04:06:38Z,0,0
UgxJxBV2yErz93KqO3h4AaABAg,@mtj4attj119,How do you filter the sea water and not get sick,2025-06-11T22:18:52Z,0,0
Ugx-XIGencI1pKipkW94AaABAg,@KeepRespondingWithYourLove,This is Florida Man behavior Guga.,2025-06-11T22:06:40Z,0,0
UgzjI1lTo-bEmy6ApeV4AaABAg,@jacksonrampage4598,He is literally taking the turf to the surf,2025-06-11T21:18:54Z,0,0
UgxEuaR6zxE16wirnrt4AaABAg,@reyalPRON,lets be honest.. you would try any steak :),2025-06-11T21:07:07Z,0,0
UgxxhKVR8pmAIgWiosp4AaABAg,@stevenwagner9912,"I used to watch some of this guy. Then he just kept getting more bizarre. Most of what he was doing was eating rotten meat. 

He is to the point he is eating the north end of a southbound skunk.",2025-06-11T20:39:40Z,0,0
UgyXP7vYej_y2C-p0ep4AaABAg,@Salkinmusic,Been watching for some years now and still have i *NOT* seen Guga dryage or try making experiments with REMOULADE!,2025-06-11T16:21:02Z,0,0
UgzYPO9ClfEeKaVl4iV4AaABAg,@syxx1432,So many people pee in the ocean. I hope no one was chilling on the beach nearby lmao,2025-06-11T15:08:48Z,0,0
Ugxf26S7sDnRFOVBKYV4AaABAg,@Andzru,"i just saw one of guga very old videos, so i might as well put this comment here in case he didn't chech my other comment.

correct me if im wrong for cooking a 1.5 inch steak.
1. season our steak with salt and pepper (oil if i want to)
2. preheat our pan until it gets smoking hot 
3. put our steak in and let it sear for 1 minute
4. flip the steak and let it sear on the other side for 1 minute
5. flip it again and let it sear for another minute
6. flip to the other side and let it sear for another minute
7. lower out heat, put the butter, rosemary, and garlic in
8. butter base the steak for a minute on each side
9. take the steak out and let it rest for 5-6 minutes.

pls correct me on the searing and butter basing part.",2025-06-11T11:58:19Z,0,0
UgxPaQO85ETfrFUVfdt4AaABAg,@adnewbie94,"Next experiment, try oyster sos dry age",2025-06-11T11:46:43Z,0,0
UgxacDtcWDRVQEfM3VJ4AaABAg,@CappuccinoBlac,He said “the more u toss it the creamier it gets”😏,2025-06-11T05:45:25Z,0,0
Ugz8tNuXQcbsctBPRB94AaABAg,@manixporos9606,there's pee too in seawater,2025-06-11T02:34:49Z,0,0
UgwhtCurXAZdW9F4Ayt4AaABAg,@bradyrodriguez8864,What if sea water is salty because it’s full of fish sweat ?,2025-06-11T02:28:30Z,0,0
UgzZzbO3Ulx3gYNmvEx4AaABAg,@atxzin,Guga id love to see one video ranking all the dry aged experiments that you've done. Maybe a top 10,2025-06-11T00:50:35Z,0,0
UgykY81uYEtb5GoReqZ4AaABAg,@kakunamatata765,Guga is always one step ahead of science😂.,2025-06-10T16:39:19Z,0,0
Ugz3oBjYVUXlX9KMZkR4AaABAg,@01michalek,Could you try coconut Milk???😅😂,2025-06-10T16:33:23Z,0,0
UgzYO5IWpi3FQiaS1AV4AaABAg,@picklejuicegaming8370,I like to imagine Guga's dry aging chamber as some kind of mad scientist lab with jarred brains suspended in different liquids at display but instead of brains it's just steaks,2025-06-10T16:25:21Z,0,0
UgzztFIa3hixGnzFRBd4AaABAg,@alastorneo5634,"Please try dry aging steak in Lao Gan Ma. It is a Chinese chili sauce with a blend of crispy chilli flakes, fermented soybeans, and aromatic spices",2025-06-10T11:40:28Z,0,0
Ugxpfid84fgg-iZyE494AaABAg,@bazookahanayz,"Hey Guga I just watched the video with Nate with his vacuum 2.0 and at 18:42 your reaction is golden and what I looked forward to😂😂
Cheers!!!",2025-06-10T09:41:35Z,0,0
Ugzh1yGkL_jLN_IU2Od4AaABAg,@Theofiilus2978,Can you call it dry aged anymore when it was aged in water literally?,2025-06-10T09:15:01Z,0,0
UgzSOiV-wzcWKwdTHnZ4AaABAg,@miked.8209,Perhaps try dry aging steaks covered in pure msg powder???,2025-06-10T09:10:58Z,0,2
UgxiaFj5sjnbcv4PMQx4AaABAg,@7Cr0wN,Next video: Soaking steak in human piss and ate it,2025-06-10T04:38:28Z,0,0
UgyzAH8eYGWQvpWiYHN4AaABAg,@gorcneo,Can a large cut of meat be flame sealed? Almost quickly blackened on all flat sides and aged and eaten?,2025-06-10T03:34:53Z,0,0
UgycvOqi8nkGa11drG54AaABAg,@deputyvillageidiot,"I like Angel, I like Leo, we’ve watched them both eat enough steaks that their judgements can be trusted. I don’t want to be mean here, but I don’t know who this little guy is… Does he have some sort of expertise here?",2025-06-10T02:18:22Z,0,0
Ugzo9DnTnUGf3Vu4uiZ4AaABAg,@prithwishguha309,"12:49 why regular water use seawater with combu, didn't you say you're using combu with seawater at first at the start of the video?",2025-06-10T00:48:15Z,0,0
Ugx-cc2eleAC_SMsfUd4AaABAg,@mr.k1611,No mate. It needs to be kept in literal Sea water in the fkn Ocean.,2025-06-10T00:31:45Z,0,0
Ugwx_hd9e_LEpbwtZId4AaABAg,@pastortroy4life,is guga on vacation? Where tf are his videos?,2025-06-10T00:24:23Z,0,1
Ugx6c4zNVJtTBMWFULN4AaABAg,@seawolf2144,There are millions of virus in every centilitre of sea water … that is a very bad idea !,2025-06-09T23:45:38Z,0,0
Ugz255IdxrDAAAP6P3V4AaABAg,@Therealness8480,I live on the east coast. North east. I would never attempt this with our water lmfao,2025-06-09T23:29:24Z,0,0
UgwjLmTxFg8tIQf8ms94AaABAg,@Whocares-ew9op,With the way humans are these days with the ocean I’m suprised this dude lived to tell the tale lmfoa,2025-06-09T22:26:05Z,0,0
UgxSyWWdD8MmCWL49454AaABAg,@kissthetrismegistus,This is an invincible reference don’t screw with me!,2025-06-09T21:09:25Z,0,0
UgyglpyZpW2ic4VvNVx4AaABAg,@eddielopez6796,What smoker was that??? Looks cool,2025-06-09T20:39:30Z,0,0
UgwozXessdmFGq1nM2x4AaABAg,@SisuBjörk,Sea water also has all the sh*t we dumped in it yay!,2025-06-09T20:35:14Z,0,0
Ugy9KqV3PJN_-4ISzq14AaABAg,@yesgreen4320,Pasta ist not a side dishe man wtf 😢😮😮🤌🏾,2025-06-09T20:04:55Z,0,0
Ugw0xS2JiJ2HYojYnEh4AaABAg,@tommasovanni411,Let's face it guys: Americans cannot make steak,2025-06-09T19:20:16Z,0,0
UgzWceN6R2dvrBrZDHl4AaABAg,@SilentHillFetishist,Did you have to puke or suffer feeling cold followed by headache? All the textile and Chinese chemicals in the ocean.,2025-06-09T17:45:41Z,0,0
UgxVn8tuOlLD-lNlpmB4AaABAg,@domzjb5053,"Nah you have to show how you clean that water. Can't be no ""pour it in the brita"" thing either. Seawater, especially in Florida depending the time of the year, can be bad!",2025-06-09T16:53:48Z,0,0
UgyItxOBsLSNscmffVJ4AaABAg,@BeccaHowell-ip5tj,Have you ever dry aged in cocoa/cacao?,2025-06-09T16:27:31Z,0,0
UgyEcPmXOgsC_rWbWdN4AaABAg,@ayacu578,Guga try to leave a steak in şalgam next please :D,2025-06-09T13:32:53Z,0,0
UgxMKjUbiI6ekkuuWmt4AaABAg,@Ananta9817,Do it with stillwater next 😗,2025-06-09T11:15:50Z,0,0
UgzAAr6kaVF1uzasVhN4AaABAg,@rockerrowler4258,Can't wait for Guga to marinate meat in his home made lards made of his fat,2025-06-09T10:44:45Z,1,0
UgyARWX2ffm9bNBKDzN4AaABAg,@tinymilachef,Love the way you enjoy every bite! So satisfying to watch. 😋,2025-06-09T08:15:27Z,0,0
UgxNhM-Xiz73kgCue-B4AaABAg,@MkK-dj1yo,"Hi I watch all ur videos 
LOVE it can u pls make something for ur israel/jewish followers? Tnx really enjoying ur content ❤❤❤❤❤❤❤",2025-06-09T05:26:01Z,0,0
Ugzss2PORghbOTFCR554AaABAg,@hazy9785,"Parasites, virus, bacteria.... Ecoli! 
Good Lord!",2025-06-09T03:59:46Z,0,0
Ugyh-7y7cAcvbAgyyVx4AaABAg,@moc0s,Gotta dry age a steak in salsa,2025-06-09T03:10:16Z,0,0
UgxZI6yVC2U1okGdXup4AaABAg,@darwincubero1169,Try dry age in calamansi juice. Philippines,2025-06-09T01:39:01Z,0,0
UgyO8HbZ0K_ubRrcMX54AaABAg,@leviuzumaki3903,"As you eat this sea water steak I just want to remind everyone of one thing… there are billions of fish in the sea, a bunch of sharks, penguins etc. a bunch of micro organisms as well. They all use that sea water as their toilet 😐 thank you for coming to my ted talk.",2025-06-09T00:34:59Z,1,0
UgzpEvQC7S6o1NBGH854AaABAg,@francomjorge,Call Greenpeace! You still can save the cow! Hurry uppppp,2025-06-09T00:15:35Z,0,0
UgxKC-EGC4Bz9dmwAnJ4AaABAg,@eddiewang9440,How many days did he put it in water,2025-06-08T22:39:10Z,0,0
UgzPvecOXmOGKpQuQh14AaABAg,@CruiseTunes88,Guga you are losing weight brother 🔥💪🏽 keep up the good work and the YouTube videos,2025-06-08T22:35:49Z,0,0
Ugx8LUESIysSjRmh4Qt4AaABAg,@Thomas-k8j4f,He soaked the steaks in sea water for 600 months for all we know,2025-06-08T22:02:17Z,0,0
UgwdL1pqg8wHlGuehQd4AaABAg,@jokezup7850,the kombu brine made it look like a chuck steak,2025-06-08T21:04:00Z,0,0
UgyqtVMPXJSLy86BZHF4AaABAg,@iyolalaibonene1196,I'm waiting for a video don't do like nick oh max who posting a video after one month,2025-06-08T20:46:19Z,0,0
Ugza2LYAHmDxTe6ZcEZ4AaABAg,@DakotaZ162,"""It is grey without color"" uhh wtf is grey",2025-06-08T19:43:19Z,0,0
Ugx3Y5TeCdHndBf_5W94AaABAg,@MrCrazybadbastard,how can your videos make me more hungry while eating?,2025-06-08T19:38:39Z,0,0
UgzYG2k_QrldghuofB54AaABAg,@ZarafZeroNine,"Dude sounds like “wow, I just saved myself a 150 bucks”",2025-06-08T19:05:28Z,0,0
UgxsI7D3o5MP6AN7hVl4AaABAg,@loganhughes1705,this is a hate crime,2025-06-08T18:48:27Z,0,0
UgyrT5pQhcOA9IfIhGd4AaABAg,@zuker1952,"So how long is ""longer than you think""?",2025-06-08T16:09:45Z,0,0
Ugw_1AshllO4b29QFZl4AaABAg,@xshu_.,"make a reservation for 2, let the staff know someone else is coming a bit later, meanwhile  order the food. After all that Guga walks in and does the review.",2025-06-08T16:00:01Z,0,0
Ugzihz7Q0bid3FVpyzx4AaABAg,@daddyisback2,chocholate dry aged steak? anyone,2025-06-08T11:16:11Z,0,0
UgycwGBPLlpVmV8qTtF4AaABAg,@deathstroke8612,"Hi Guga... i love your videos, you should try dry aging a steak in MERKÉN. It was the best condiment in the world according to taste atlas. It's a chilean mapuche smoked chili flake-powder. I think you can order it online. Some other ingredients that i can think of for dry age... maqui berry powder, cochayuyo flour  ¡Gracias!",2025-06-08T10:36:33Z,68,5
UgwDlnNFqsbj1GnWtWR4AaABAg,@robmowe8090,Could you age some beef in horseradish?,2025-06-08T10:09:44Z,0,0
UgxH19leW8VsXmc7m4Z4AaABAg,@Vian69420,Your going too far now just for meat,2025-06-08T09:47:32Z,0,0
UgxnVk6vjc5A4HC-7Fx4AaABAg,@Kingbobfr,"Steak wrapped in ground beef then dry aged for a week remove ground beef after dry age then sous vide  the steak with  caramelized onions and fresh minced garlic for a day, could be disastrous or amazing",2025-06-08T06:55:36Z,0,0
Ugy7ywUqMCdq6Zaw6RF4AaABAg,@gregluger6576,"I don't know what I was expecting, but ""smoked water"" wasn't it.",2025-06-08T06:06:00Z,0,0
Ugw6pA3cDKd2gMgkzj54AaABAg,@ordie2011,Dry age in blue fin tuna bone marrow,2025-06-08T05:44:28Z,0,0
Ugzuz2p_OYl0itSiaU14AaABAg,@HiddenInTheReeds,"Seawater at the beach also has human excretions, mmm, exretey.",2025-06-08T02:56:14Z,0,0
UgyAgpe11bRXPszS3o14AaABAg,@sudko123,use the airiater device in the water in the smoker with the inlet for the airiater device being smoke from the smoker. might amplify the smoke flavor into the water.,2025-06-08T02:54:25Z,0,0
Ugx1i_r6GJ2rh2bk4vJ4AaABAg,@hectorarias1321,Guga I really like your videos bought your book it's great what I would like to know is what brand is your counter top oven,2025-06-08T02:42:49Z,0,0
UgyKFwfjNZpJrTXIWF54AaABAg,@kurtreed7022,Clearest sea water ive ever seen lol.,2025-06-07T23:32:40Z,0,0
UgwBXiLdzBNc6aMWLWJ4AaABAg,@chewcacachewpipi8879,Next he's gonna marinate them in 💩for several months and try it.....somehow it'll be delicious.,2025-06-07T23:28:40Z,0,0
UgyEzuOSC0xRQ3vfPnB4AaABAg,@dslancas8,So did you just disregard the trimming?,2025-06-07T21:31:14Z,0,0
Ugx_I-O-NQ3PCUl14eh4AaABAg,@Flippnzz,Where is nephew :(,2025-06-07T20:59:52Z,0,0
UgwO7vM3VI6zX9K7C4F4AaABAg,@NevaehDeckerLandry,Why isn’t he making more videos!?!!!?!????!???????????????????????!!?!!???!??!!?!!!?!!!!!!!!??!!!??!!???!!!!!!???!!!!!!!!!!!?????,2025-06-07T20:46:49Z,0,0
UgwCwbmBQtvD4YW7XDh4AaABAg,@bxllfxce7021,It's been 10 days...no brain parasites?,2025-06-07T20:22:58Z,0,0
Ugw_SAwFgmAkDzHEK294AaABAg,@williamcunningham1669,This sounds like it would be good until I remember everything pees in the ocean.,2025-06-07T19:51:08Z,0,0
Ugyh2JjKiDlIFUykEBR4AaABAg,@martinauld670,Definitely ran out of ideas now,2025-06-07T19:04:01Z,0,0
Ugwv0cru6FqoC2VfhVt4AaABAg,@cwaddle,Be interested to know the nutrition profile change after these brine methods. My guess is that some nutritional value would be lost in the process but it kind of looks a healthier version of red meat. It would be much easier on stomach and better for digestion.,2025-06-07T18:11:05Z,0,0
Ugx1IdGmEClIu69fZ_F4AaABAg,@yurigroza2191,Guga is getting excited just by talking about beating his meat!  🤣,2025-06-07T17:56:55Z,0,0
UgzBQ1vnEAYMt5zG7PN4AaABAg,@cheezycocoloco,"Drop a video on July 4th of dry aging steak in George Washington’s Coffin, and add cherries for extra flavor",2025-06-07T17:55:19Z,0,0
UgwVUbCG-h2B_vYCTZF4AaABAg,@7erik7hedberg7,"Currently 1/3 into the video, I'm still giving the side-eye. 
Also, you're absolutely sure the water is parasite free yeah? 
Ok, back to the video- I'm still very invested in everything you do bro. You're doing the Lord's work",2025-06-07T17:48:21Z,0,0
UgxFCrrU0TqXoMorBQx4AaABAg,@maxcap60,it's easy to make if you MASTER IT correctly,2025-06-07T17:39:41Z,0,0
UgzM-rOhFoU73A4a36d4AaABAg,@Baolong.101,"Oh man… I’m sorry you ran out of gas, wood or charcoal. 😢
Hope next time you can cook it well. 💪🏻",2025-06-07T10:13:36Z,0,0
UgwXBInW4YTRlNGQgdV4AaABAg,@TheHighJeff,"3:06 the leaves release tannins  making the water brown
Tea is just crushed up leaves in hot water
you are marinating steak in saltea water",2025-06-07T09:50:45Z,0,0
Ugxd0W79mvI3mr5BXmB4AaABAg,@shahilj,Need do use this on an eye round,2025-06-07T09:48:39Z,0,0
Ugx6SmFNAE7jNBHpo8h4AaABAg,@ramsez_r,"I hope someday Guga opened his own steak house, and on the menu are some of  his favorite dry-aged method steaks! Every few months, Guga can update the menu by adding his recent experiments too! 
Will beat a particular salt baby that's for sure.",2025-06-07T03:33:40Z,1,1
Ugw6bCC7P-aB9hJAjrV4AaABAg,@bracketzoxmk4671,"Leo: it’s up to my standards 
Other guy: it’s up to my standards too 
Guga: AAAEEUUUUUUUGH",2025-06-07T02:12:08Z,0,1
UgwKaA5skerOl_rjN1N4AaABAg,@oldyoungmic,"take a shot every time you hear ""extremely""",2025-06-07T00:31:17Z,0,2
UgwleVDR9RkANLDFlO14AaABAg,@user-wk1uv9fs8b,Next is steak marinated in sewer water & cooked in gasoline,2025-06-07T00:07:43Z,0,2
UgzUu-5b-uSCNw7OpqF4AaABAg,@thevictorianconservative1093,"Bruh Guga, dry age a steak in Pinecone Mugolio. You can make your own with Longleaf Pines in FL!",2025-06-06T23:09:17Z,0,1
UgxoMMpVzbH9Vzzm-KJ4AaABAg,@christianheichel,"Take a bunch of onions. Throw them in a blender, liquefy them and then dry. Age the steak in your liquid onion",2025-06-06T23:01:04Z,0,1
Ugwxlyx8pMu0xHHlCNB4AaABAg,@ericb2017,"Dude is there a time stamp where we can just go to the end result, sheesh",2025-06-06T22:27:18Z,0,3
UgygSCUYa21EmC7K2YF4AaABAg,@Achille004,"That cacio e pepe is now officially Italian approved, congrats!",2025-06-06T20:45:58Z,0,1
Ugz-nZ6wc6HS6XE4WKp4AaABAg,@velzaresp8623,"I think was a good chance to make ""wrinkled potatoes"". Boil small potatoes with peel using salt water (sea water is perfect)",2025-06-06T19:04:26Z,0,1
Ugz6QmjDL1XfsYnPPeJ4AaABAg,@cristobald.g.6599,"Next you should try using pee and poo for the marinate , it has lots of umami and microorganisms",2025-06-06T18:57:37Z,0,1
UgzPiPivp_NBiD5pDVl4AaABAg,@Blueberry-sk7kg,I don't want it fall apart tender. Save that for BBQ or stew. I want a steak to have some firmness to it.,2025-06-06T17:52:22Z,0,1
UgwQQ-uDH6gQqOK2_ix4AaABAg,@andrewshaw6177,your voice is really annoying,2025-06-06T17:35:39Z,0,1
Ugx5-d1Ds73k-5NQ1x94AaABAg,@KartavyaL1,Were you really worried though when the steak was grey? Were you?,2025-06-06T16:33:30Z,0,1
UgylrGbcXrKi0hCY1jp4AaABAg,@sh00ner,"""Today we're going to dry age a steak in Maumau's piss. Add a little salt, freshly ground black pepper and garleek powderrr. Nothing else.""",2025-06-06T16:20:38Z,0,1
Ugy2FGt70CiN455INyV4AaABAg,@tkipiani91,Why sea water? Its full of jerms,2025-06-06T15:14:50Z,0,1
UgzCHq1WMylev7Cl1F14AaABAg,@dannylangston6233,Does Guga have the guts to dry age in beer?,2025-06-06T14:30:57Z,0,1
UgxY-0_90NcBwns5rwt4AaABAg,@Error-kn9mp,Try do that with South African sea water and sea ;D what happens,2025-06-06T14:29:29Z,0,1
Ugyoq1vYEY7rdFWRBQV4AaABAg,@ToastPapi,"Guga elevates the cooking game, every, damn, time",2025-06-06T13:54:35Z,0,1
UgzA1Pz2rzwNPFxaRyd4AaABAg,@Malul845,@gugafoods you try dry age with Sambal and ask uncle roger to try them out..,2025-06-06T13:42:48Z,0,1
Ugz0Xs9T7u3dWp4ignp4AaABAg,@Dunkederro,This stake really needed some SEA SALT,2025-06-06T13:36:46Z,0,1
UgwbPmLp2zVXBxacBbJ4AaABAg,@aungkha5868,“ A nice pinkish red meat that we all love” is just too sus 🤣🤣,2025-06-06T11:58:39Z,0,1
Ugydbsgg7EAsl8-Yp854AaABAg,@its_yuhgirl_Alisonnnnnnn,"like for the kitty to have more food 
(^, ,^)""meow""",2025-06-06T11:55:02Z,0,3
Ugzscs2Dg45TKcpGxkt4AaABAg,@tadabullo9087,Dana white has his own cooking channel??,2025-06-06T11:15:29Z,0,0
UgzfhJWNlJ1XJepEnMx4AaABAg,@pearjamatumpleng4511,"Guga I’m thai and there is a famous thai marinate paste called ‘three buddies’ made from garlic, cilantro root and white pepper. i really wish I could to see you made some experience with it. ❤",2025-06-06T11:13:35Z,1,1
UgzTF0EmqSA-aqDdeQh4AaABAg,@NoobmanZzZ,Yo last time i watched you was 3 years ago and is it just me or did you lose some weight,2025-06-06T11:04:05Z,0,0
Ugyhdnsi8MYYk9AOOS14AaABAg,@ChristopherRondina-g2o,Oceans is a soup🍲,2025-06-06T09:42:55Z,1,0
UgxbTLbF6H9e5rbnXdV4AaABAg,@kevinkrisdomantay,Waste of time😂😂😂😂,2025-06-06T09:11:11Z,0,0
UgwsHMH_x9WuvaP5oZh4AaABAg,@ArmandoNonoKeller,"Guga, I've been a huge fan of your channel for years and I have tried many of your recipes. I'm from south Louisiana and one thing I have not seen you try is brine or dry age a steak in Zataran's Liquid crab boil. We use this when boiling crawfish, crabs, shrimp etc. This liquid seasoning can be used so many different ways in a ton of recipes. I would be willing to send some to you if you are willing to try it out. ""Let's do it""",2025-06-06T08:18:37Z,0,0
UgzR0w8qKnV18UXnFpd4AaABAg,@derekwalton1064,I have a great idea for your next episode why don't you take peppermint candy grind it up with a pesto and mortar turn it into a fine dust take the peppermint dust and sprinkle it in with charcoal in a classic grill and BBQ the meat. I think it might work😊,2025-06-06T05:49:28Z,0,0
Ugx4XMMKUQN2-GzjEyV4AaABAg,@mahradamini4414,hmmm so fishpoop steak works :)),2025-06-06T04:42:31Z,0,0
UgyZsuQ5luDQpODRN114AaABAg,@mattmdmartin,"Hey Guga, where do you buy your Wagyu from? I really want to buy some legit high quality Wagyu.",2025-06-06T03:05:40Z,0,0
Ugzq-W5WTF7kfdStPwR4AaABAg,@karakulamus,this is really like a next level of Guga's experiment hehe,2025-06-06T02:32:53Z,0,0
UgwiINdj1AU7gQdNHap4AaABAg,@SidneyBryantsr,@GUGA CAN YOU PLEASE DRY AGE STEAKS IN JERK SEASONING IN THE JAR??? WALKERSWOOD TO BE EXACT!!!!,2025-06-06T01:24:45Z,0,0
UgyUjWgHxEO0sCMwlOZ4AaABAg,@Mr_Toodles,Guga is now an alchemist. wtf are these voodoo rituals to make steaks!? lol,2025-06-06T00:47:53Z,0,0
UgzQ58xMkGJqAltqoA14AaABAg,@RamonGarcia-fn2rz,bbt reaction zone is going to love this and someone sent this video to him,2025-06-05T23:00:39Z,0,0
UgygUfBp8WOlhI-forZ4AaABAg,@Ainokea67,"I would have just made sea water (salinity level like 23% or something). Sea water, taken from shore, is disgustingly filthy and full of bad crap.",2025-06-05T21:33:18Z,0,0
UgyvyZe2JWnSLsW-CNR4AaABAg,@litavbarer-kahana5509,Seriously though in the medieval ages he would have been considered a male witch,2025-06-05T20:44:25Z,0,0
Ugw0rhCXpf78zMjtQuJ4AaABAg,@aetherblackbolt1301,Can you try keeping Steak in Red Bull for a few months next?,2025-06-05T19:48:36Z,0,0
Ugy2S50CO-DuUejvAUx4AaABAg,@102richkid,"another great video my friend, would love to see you do another supermarket steak comparison and try western beef as one",2025-06-05T19:38:41Z,0,0
Ugwvb-xpbxIPkiMmdcx4AaABAg,@segregatotoreno2299,"He sucks at telling you how to do things lol I mean how long did you let it sit? where did you have it placed? was there any upkeep?
how am I suppose to try this?",2025-06-05T18:56:55Z,0,0
UgywHtztfm3jyY9Mu_14AaABAg,@blueuniverse7704,that steak is mooing,2025-06-05T17:49:02Z,0,0
UgwnhdI7tkoQmqC0Gft4AaABAg,@IbreakforJesus,Do smoked sea water please.,2025-06-05T17:08:24Z,0,0
UgxujjpDgcaY4l-Pk5B4AaABAg,@Loocasts,"If anyone is looking for angel, he’s in the dry age freezer for the next video",2025-06-05T17:06:51Z,0,0
UgwvRKSH7OH0mnlncAB4AaABAg,@gvidotristram6456,LOL Fishy? This guy omg,2025-06-05T16:51:29Z,0,0
UgyYofarFYygaVGcPHV4AaABAg,@bradenellis1390,What if you did this with eye round?,2025-06-05T16:38:46Z,0,0
UgyGzqgprRquFeJDFW54AaABAg,@RoderickMurray-oy8vp,I don't that would be wise. Literally everything imaginable goes into sea water,2025-06-05T16:31:09Z,0,0
UgzqDRVgpf7Qinh__294AaABAg,@Dan-x3c6l,"GUGA!!! Can you pleaseeeee, make a video with a burger with chopped chocolate! And chilli. A theme: dark chocolate and meat. Please!!!!!",2025-06-05T13:22:32Z,0,0
Ugyk1Sbbp7KDmpVExRR4AaABAg,@JoshTseng,Next on the menu: I Soaked Steaks in Bull Semen for Months and Ate it!,2025-06-05T12:34:53Z,0,0
UgySv7ZkDZ1jKVt522l4AaABAg,@BlackEagle352,Fishy taste? Seriously this guy lol.,2025-06-05T11:17:27Z,0,0
Ugxbx92uRhiXoiup2Gh4AaABAg,@ZecaPinto1,10:10 ó bró... If something coming out of the sea has a fishy taste then what the f* does something coming out of a river taste like...,2025-06-05T10:44:52Z,1,1
UgyP9LmrxKA475Rg0Ot4AaABAg,@aizatijat1138,DISEASE MEAT 😋,2025-06-05T09:50:04Z,0,0
Ugy9Gyu5WPkPdydYMqN4AaABAg,@mokouf3,"Try to apply Weipa (ウェイパァー/味覇) on your next steak, this is a Chinese style Japanese MSG you have never tried.",2025-06-05T09:45:32Z,0,0
Ugwbjn1SVfNeK4TqxI94AaABAg,@DripCheems,fish cow?,2025-06-05T09:07:45Z,0,0
UgxydcCS4AiN2O2EqFl4AaABAg,@Yolk999,"this channel is the BEST steak channel.

I can’t wait to make that pasta!",2025-06-05T07:16:02Z,0,0
UgyxqHnwFA_wlo41-SJ4AaABAg,@solidboss1000,"you always got weird ideas guga, and i love it",2025-06-05T07:13:27Z,0,0
UgwUd_VBFH_emVrwRoB4AaABAg,@jackricono,I just watched a 15 minute video on unique steak preparations. I am vegetarian. This info will not help me lmao.,2025-06-05T05:47:59Z,0,0
UgzdWDLwJixjhWomQXV4AaABAg,@ray-antraya4880,DRAINAGE CANAL IS BEST,2025-06-05T04:24:14Z,0,0
Ugz0eto65AUUcLNNtLl4AaABAg,@TheHillbilly7,How long can you keep a steak marinating before the steak goes bad????,2025-06-05T04:08:00Z,0,0
UgwtdA4NCM79G8nDLcp4AaABAg,@clapNclipz,So you're telling me if I find a cow floating in the ocean it's going to be some of the best meat I've ever had!? 😅,2025-06-05T03:27:23Z,0,0
UgwvqXz0wsZeutAObAt4AaABAg,@Kronexivos,But how long did you let them sit? I want to try it!,2025-06-05T02:13:01Z,0,0
Ugzfx-uB_2vQo-cNXH14AaABAg,@JayLow-n3u,Legend has it he still sits on the toilet 🚽,2025-06-05T01:28:18Z,0,0
Ugx8VhpbJK8rt4Ct_1t4AaABAg,@neshelecrockett9720,Cleaning saltwater—usually to make it safe for drinking or cooking—is called desalination. This involves removing the salt and other impurities from seawater. Here are the main methods: Distillation (Boiling) or Chemical Desalination,2025-06-05T01:09:29Z,0,0
UgwLzRXEseREv-1sjyN4AaABAg,@arcon980,"Hey Guga, Love the videos. Soon I am moving into a new place that will have a kitchen larger than a closet and a small outdoor space to put a BBQ. I am very excited to start learning how to cook a great steak, but I am a total novice due to living most of my life is small apartments with a tiny almost unusable kitchen and no where you can put a BBQ. I would love it if you could put together a series of videos geared towards helping a total novice like me get into cooking great steak. I don't just mean a couple beginner recipes, but beginner equipment recommendations, simple tips and tricks, how to properly trim meat, and anything else you might think of that might help a novice like me. I know you already have some of this kind of content, so even just pinning a few existing videos into a beginner guide playlist would be amazing. Thanks for the content and consideration!",2025-06-05T00:44:06Z,0,0
UgwXMZBLJWYHImTETsx4AaABAg,@draiglynix5539,"Guga, try collecting sea water from 200 meters deep, at the depth you wont be introducing as many surface pollutants and unhealthy stuff like micropastics and oil, that way you get the freshest ocean steak possible",2025-06-04T22:40:17Z,0,0
UgyZwB6oWzYlJ22_6oF4AaABAg,@jamesjoseph1297,One of the grossest ideas,2025-06-04T22:08:06Z,0,0
UgyK_2RpxpDNf1zzQ4R4AaABAg,@ImInLoveWithBulla,Dry age a steak in Angel’s Rainbow Dash jar.,2025-06-04T21:53:24Z,0,0
UgwojWJNo84VT7MMg4h4AaABAg,@bigemugamer,"Microorganisms? More like microspices!! 
Ok, I'll stop now.",2025-06-04T21:32:19Z,0,0
UgzuB4lKOuf3zLGbzzh4AaABAg,@anakaoka,did he filter the sea water?,2025-06-04T21:30:53Z,0,0
Ugz1tr8zaV3VQ73cEFR4AaABAg,@helo441,Guga can you try putting salt in filtered tap water and seeing if that has the same results?,2025-06-04T20:50:23Z,0,0
UgyDHgCb-Yda3WpeB4R4AaABAg,@tommyhansenofc,how did he clean the sea water so perfectly clean? filter it then boiling it?,2025-06-04T20:44:50Z,0,0
UgzRBBQZA5QoLNctqEp4AaABAg,@dichlorosilane,guga has some INSANE calves. i hope he realizes how lucky he is!!,2025-06-04T20:36:40Z,0,0
UgwY-AlDiezyX7szct54AaABAg,@zionlah,Did he try fish stock before or dry ageing in ramen tonkotsu broth or smth,2025-06-04T20:15:34Z,0,0
UgxizAiyebetvT9V5fp4AaABAg,@京悪者,"""Sea water is something special...""
And chock full of microplastics.

That smoked almost-dashi looks great. Add dried bonito flakes before smoking next time to make a proper smoked dashi :D

This method of making cacio e pepe is so much easier than the traditional method...",2025-06-04T19:48:22Z,0,0
UgwEGqKrVvvsyMnapqt4AaABAg,@ManiX207,side dish bei 10x the calories of the steaks xD,2025-06-04T19:15:40Z,0,0
UgyCqWjfIlZ5Bh3-Oa54AaABAg,@KrucialMenaceDattIz,I sea where you was going at with this one guga 🤣😬🫡🤷🏾‍♂️,2025-06-04T17:41:43Z,0,0
Ugz6WMeraCaEbIQYCr14AaABAg,@TeonBlann,This man got parasites after eating this,2025-06-04T16:17:32Z,0,0
UgyvDbmgb_Rfa8kh2Rt4AaABAg,@Gillespie91,How did you get tour aea water so clear without any sand or contaminants,2025-06-04T16:06:41Z,0,0
UgzPuXn_L63BqRcRZ5h4AaABAg,@FBIagent22-q1d,"I just know he watched the movie ""The Menu""",2025-06-04T16:05:28Z,0,0
UgwfPROxxCLS3GJXt854AaABAg,@igiem368,Guga should do this again but with water from the Dead Sea.,2025-06-04T15:52:13Z,0,0
UgwqfDh1_7DYS6WwXX94AaABAg,@ciniapacifica8211,"Kinda Make me Wonder What happen if you Soaked the Steaks in MSG water for Months then ate it ?
Im sure Uncle Roger might question the same too..",2025-06-04T15:32:18Z,0,0
UgzrJ5hRqfQWmr1zCLZ4AaABAg,@splinter2121,I piss aged a wagyu steak...and ate it ...this is what happened....😂,2025-06-04T15:17:59Z,0,0
Ugy8KlA4WvWoRdi730t4AaABAg,@smashymctaco8588,how long did you brine the steaks?,2025-06-04T15:17:20Z,0,0
UgxY74gxH4ey77PkUrV4AaABAg,@frodolovessam1851,"Now please try to soak your steaks in the Piss Wasser of bodacious Bavarian bombshells, I promise you it will taste like nothing you have ever tasted before, I even suspect you are doing this secretly as your main go to steak for personal consumption.",2025-06-04T15:05:15Z,1,0
UgyzO8USAhCdz_gkDEB4AaABAg,@emilio8202,"This channel is really getting silly: creating content for content, without content.",2025-06-04T13:35:15Z,0,0
Ugw0rLDfh0nPYQmCNgR4AaABAg,@Gameboygenius,"""It has several micro organisms and even has traces of..."" microplastics? ""...gold.""",2025-06-04T12:44:50Z,0,0
Ugx9Kje-BwOc0UyAbfZ4AaABAg,@sheikhosmann,10:45 You should’ve basted with wagyu tallow,2025-06-04T12:38:26Z,1,0
UgxjQ5Cc81qjfU74E9d4AaABAg,@kly78no123,sea water contain a lot peepeepoopoo and fish dead meat~ curious how it tastes,2025-06-04T12:21:05Z,0,0
UgwE5M2ib0VLOhmzGIV4AaABAg,@crypticwander421,That sounds like an amazing way to get sick,2025-06-04T12:02:46Z,0,0
UgwhOCaFVj3pMcAHn0N4AaABAg,@mikopolar1070,My grandma used to preseve meat inside jars with water and salt... so this is almost similar...,2025-06-04T11:59:02Z,0,0
Ugxunz_5nY7W8tuX-dV4AaABAg,@frankrichardson1958,"Why dont you say how long it's actually being aged for anymore ? You just put ""a long time"" ?",2025-06-04T11:01:57Z,0,0
UgzJ1850Se81XG0GNMJ4AaABAg,@Jinxanator66,Guga should have a steak restaurant to rival salt bae,2025-06-04T08:13:50Z,0,0
Ugx5erZ6_-ys80oV1ud4AaABAg,@Auziplus,"surprised me that the colour is still red, i thought that it was gonna lose most of the juice from inside.",2025-06-04T07:44:27Z,0,0
UgxQJBma2mPKorsvNdV4AaABAg,@Peacebewithyui,Combu = Dashi broth. You sound stupid stop it.,2025-06-04T07:43:01Z,0,0
Ugyxxd3qfmgvJqmDsAN4AaABAg,@DeplorableMAGAT,Vincenzo’s Plate and Lionfield would approve of the Cacio e Pepe 👌,2025-06-04T05:59:28Z,0,0
Ugz2_Ltztz9PgXP8BP14AaABAg,@EmoAF90,"Why man why, the bacteria and microorganisms 😢",2025-06-04T05:46:30Z,0,0
UgyLBYoWWxxKNDECeeJ4AaABAg,@logician9116,"Do it in sea water a little bit less, then dry age it to restore it back to a normal firmness and lock in that salt!",2025-06-04T05:24:46Z,0,0
UgzhTDEMqWI57tPZJxh4AaABAg,@alexistaylor969,also the kombu seaweed getting better with age is complete bullshit told to foreigners to get their money.,2025-06-04T05:14:35Z,0,0
UgzWMrtaU82UFTBYlON4AaABAg,@alexistaylor969,Death from microplastics speed run. lmfao,2025-06-04T05:10:32Z,0,0
UgxsBIshsdpvdwp-EQZ4AaABAg,@FredyGarbagis,where the hell have I landed? what a dumb video.,2025-06-04T04:11:08Z,0,0
UgztcNIgawSxlMo5SE14AaABAg,@endlessnutellatoast,"it's been a while, who's the skinny guy, and when we stop doing control steaks?",2025-06-04T03:37:05Z,0,0
Ugx5fS1_1nzPx3VwAzB4AaABAg,@ricksix9472,you are the dumbest person ive ever watched and thats an award,2025-06-04T03:31:58Z,0,0
UgyPLgrKycgOydJeYvt4AaABAg,@pgd-thtst3754,"If you think about it, ocean is a soup. It has veggie, fish and salt. So yea putting meat in ""soup"" water is nothing weird",2025-06-04T03:29:06Z,0,0
UgxD_hELs-2WbDsyVuZ4AaABAg,@lilfiz100,"I want to see dry age of a steak inside of another dry aged meat, maybe inside if a brisket",2025-06-04T03:16:15Z,0,0
UgxTQCer5ocDhuwyvwR4AaABAg,@Sam-pv1hz,Now do this with Eye Round.,2025-06-04T02:32:16Z,0,0
UgyO70BaQUe3H-NpT2V4AaABAg,@HeyDadOutdoors,looks like it burnt more on the crust then usual steak is that because of how tender?,2025-06-04T02:03:06Z,0,0
UgyJQTqL7SqP4L_fFHd4AaABAg,@oobeedoobeedooba,can we get a jenkem soaked steak with a coke puree,2025-06-04T00:52:30Z,0,0
Ugz164nGF1PQ4tNGIc54AaABAg,@thesuspiciousone-o6n,4:44 the what water?,2025-06-04T00:37:51Z,0,0
UgynHAJLJXRjmSYmiXN4AaABAg,@killmore75,Salt will do you wonders! Nothing new!,2025-06-04T00:25:00Z,0,0
UgyhTYE0c3wVq8_IW7l4AaABAg,@Bftd_ed,"Man, you should’ve heard me screaming when he first cut open the sea water meat, I was grossed out at the grey color, but once he split it, that red made me feel some type of way",2025-06-04T00:21:11Z,0,0
UgzzPoM5QCX8zb4fa9t4AaABAg,@dazewithadrian,Makes sense because people used to preserve meat with salt before fridges.,2025-06-04T00:10:34Z,0,0
UgwsXuwqvhYnysErG154AaABAg,@PUN1SH3R438,"Ngl saying something like ""Its easy to make if you master correctly"" is like saying ""Building a car is easy if you've built one before""",2025-06-03T23:53:25Z,0,0
UgzZo94VYMABlmYGVTF4AaABAg,@youcantbeatk7006,It's pretty irresponsible for Guga to not specify how he cleaned the seawater especially since he actually recommends viewers to do this at home.,2025-06-03T23:07:45Z,93,17
Ugz4bqNb7I5BT0XvmVl4AaABAg,@RikaRoleplay,"This is the technique I use on all my meat, ESPECIALLY Thanksgiving Turkeys  :D

Glad to see it working on the beef with the bubbler which I never used, and now I am going to have to try that.  :)",2025-06-03T22:47:04Z,0,0
UgypoHOg7c1_Nxm2nXl4AaABAg,@Mr_Haroman,"The meat was vacuum packed,  in a fishtank , with a oxygenation pump😅 TF",2025-06-03T22:14:11Z,2,0
UgwsJh1GjfWLA5npruR4AaABAg,@_Codemaster_,We need a Guga steakhouse...,2025-06-03T21:57:17Z,0,0
UgwrYEcwpooRJ3YBpcR4AaABAg,@M.I.Abeachbum,Old school 😎 Pork time 🔥🫵🏽👽,2025-06-03T21:48:56Z,0,0
UgzWZVZ9LQzz8RbK6UN4AaABAg,@bunnybbunnyb9049,Man you can cook like a muthafucka.......I followed u just because of the look of the meat when it was done and the juice dripped out I followed instantly ❤,2025-06-03T21:32:58Z,0,0
Ugw2k5r1n1dZVvPaJgp4AaABAg,@PortallyChallenged,"Why are you checking the internal temp of the steak? 

I've always been under the impression that steak is good as long as you sear it all around and you just press it to know how well it's cooked. 

That's how steaks have always been cooked. You don't need to check it, like chicken or pork",2025-06-03T21:14:14Z,0,1
UgxDESQeyo_GOMJrmnt4AaABAg,@arashi7763,"sea water vs MSG water
Guga: i wonder wich one is better

tf is this guy problem?",2025-06-03T20:56:37Z,1,0
Ugy8URQyaaxmXjfrbwN4AaABAg,@deeez00,He didn't tell us the time it took!,2025-06-03T20:34:35Z,0,0
UgzwV69VXpTEYX1C2i54AaABAg,@SoWeird66,Try soak it in urine for months then eat it 👌,2025-06-03T19:40:46Z,0,0
UgyBhPVwaQVZk2pZzll4AaABAg,@IKNOKWORLDWIDE,what is with this fake radio accent?,2025-06-03T19:38:50Z,0,0
Ugx7UIrYOjLGD51cMJl4AaABAg,@TROLOLOLOLO007,Sea water is absolutely disgusting lmao,2025-06-03T19:38:19Z,0,0
Ugwj4lM4hGOyM6ke36V4AaABAg,@FernandoSantiago-j7v,"guga, if you charred the outside of a steak and dry aged it how would this affect the flavor of the steak?",2025-06-03T19:22:01Z,0,0
UgyxQlvRbijLr4AHzDF4AaABAg,@Thopsi,Next time i used my own urine and the results are amazing,2025-06-03T19:21:09Z,0,0
UgzQ0RbNdpOaVLZDIFZ4AaABAg,@rafaelflores6196,The food never looks hot/warm when you guys eat it 😢,2025-06-03T18:35:56Z,0,0
UgxqnzYQHvgkHrVviS94AaABAg,@sanccex_313,"You mighht be the first one recording it, but in my family this is a tradition",2025-06-03T18:10:52Z,1,1
Ugx76P447WdpisvUU5R4AaABAg,@rrrtriple1,"thats a very nice Dennerle Nano Scapers tank  if im right, very nice for aquascaping :D",2025-06-03T18:01:35Z,0,0
Ugz0WAyCkI2xSUCrCIZ4AaABAg,@yannaedc5934,4:13 yeah...I was salivating there....,2025-06-03T17:48:07Z,0,0
UgyZnlnQ7yknb2RshYh4AaABAg,@beazek,Do you need to cook the seawater first before using it for the steak??,2025-06-03T17:35:56Z,0,0
UgzKKfEsFpv3ANK60694AaABAg,@dumbledorelives93,">Dry aged
>In water

Wtf Guga",2025-06-03T17:28:32Z,5,2
Ugyadii2ZUDkG-JfGhh4AaABAg,@manuelmacalinao500,Just saw pov husband's brazilian bbq and and honestyle think guga should do a brazilian cookout too.,2025-06-03T17:13:32Z,0,0
UgzuioZM3WS_1_ZXWJF4AaABAg,@YTGofckyourself,So you brined a steak. You're so inventive like no one ever done that. God you're such a hack,2025-06-03T17:08:40Z,0,0
UgwXDekPLAhXoewjysl4AaABAg,@banear7827,Honestly it's amazing he's still coming up with ideas,2025-06-03T16:42:43Z,0,0
Ugw0LKFTefPJGbwJwZl4AaABAg,@macdaddy5191,Someone commented on a video several months ago that Guga's next experience was going to be eating a water logged corpse. He does not disappoint.,2025-06-03T16:05:51Z,7,0
Ugxa6fAq5EuIn0sCbdJ4AaABAg,@mydogsaretweaking,Would some of the organisms in the sea water have died from all the oxygen?,2025-06-03T15:52:35Z,0,0
UgwBTNeLNz4cM95zypl4AaABAg,@Galaxy_boy69loser,How many dishes you have to wash after this video?,2025-06-03T14:49:29Z,0,0
UgzI_7_IpWGnUs6wBjt4AaABAg,@Jackyawz,I’d devour that,2025-06-03T14:20:40Z,0,0
Ugwr7XhfVi9WO-LtVUZ4AaABAg,@charliecane3621,"Soak it in your bath water and then sell it too.

The way the world is, it will be popular",2025-06-03T14:11:01Z,0,0
UgxQ5_1n7BRGhS1hJJV4AaABAg,@YoyoLu-qf4wr,microplastic-toxic waste water steak,2025-06-03T14:06:28Z,0,0
UgzsdFWPLZ-XoZAKQxB4AaABAg,@md.masrurrahman5096,"I just have one question, How the hell guga's crew doesn't know how he actually made the steak!!!

They are either video production guy or camera guy...",2025-06-03T13:21:10Z,0,0
Ugyp1TUbMTnatMHk0x94AaABAg,@Dude-iz2dw,Soak it in diarrea then eat it,2025-06-03T13:11:51Z,0,0
UgwjU-6OSINYgIIAQFd4AaABAg,@bulutcagdas1071,Marinated with microplastics,2025-06-03T12:10:12Z,0,0
UgxzsjqPJ7HivX9UkTJ4AaABAg,@thalstantrailwalker2393,"Ummm, you showed a system where in Korea they add oxygen to the water, but it sure looked like that meat was all in sealed plastic bags....so how could the water environment do anything to that meat except maybe keep it at a specific temperature?

That said, how did you filter or otherwise treat the seawater?  was it actually seawater or just water with sea salt added to bring it up to sea level salinity?",2025-06-03T12:01:18Z,0,0
UgyFrc1hggE59oNdH4R4AaABAg,@cuntbrokeman,"You only need 3 ingredients: Pasta, black Pepper, Pecorino Romano, starch Water and cream",2025-06-03T11:59:46Z,0,0
Ugwu3m7xdnxgvZL-a6J4AaABAg,@Filtiarin,Isn’t the oxygen just escaping from the container with the bubbles?,2025-06-03T11:54:26Z,0,0
UgwIfXWAQdjTUyT6Ijp4AaABAg,@iSundae17,"Maybe get from far out so it’s as gross, the seawater right next to the shore is the very polluted.",2025-06-03T11:50:29Z,0,0
UgysKpq4DFppPQEpQfZ4AaABAg,@sfstudioclassics,"Folks, please don't use seawater... Death is around the corner if you do that. 

Maybe that should have been explained 😢",2025-06-03T11:44:14Z,0,0
UgxSPa8tVoaZXG7XgwB4AaABAg,@dannycheam2175,"guga, since you've marinated it with sea water, how about doing it with dead sea",2025-06-03T11:42:24Z,1,0
Ugx8YdP1dd1jieCwKIl4AaABAg,@andiliani149,"Guga you should call this ""wet aged"" 😂",2025-06-03T11:37:11Z,0,0
Ugx0H7pohpnLRA0g2hB4AaABAg,@TheGlob-glob-gab-Gala,Im suprised guga hasnt transformed into some higher life being,2025-06-03T11:18:42Z,0,0
UgxqzVdInynRp_lpQKp4AaABAg,@lostmoviemusic,this is a false video. take ocean water out for 2 days and it becomes ranccid and smell terrible.,2025-06-03T10:32:31Z,0,0
UgwMZx8v2-41X54Urc14AaABAg,@AtheaWong,"Hmmm Yummy,  Micro Plastic.",2025-06-03T09:23:59Z,0,0
UgwmsYdMKYoBiAnqy054AaABAg,@cwbt1737,Next time try urine,2025-06-03T09:14:40Z,0,0
UgzKecVDqkXg3sfh-EV4AaABAg,@Thebensupremacy,00:16 Seawater has several microorganisms? Riveting stuff here Guga.,2025-06-03T09:00:50Z,166,8
Ugyrh8eDv-pWIGKMgAd4AaABAg,@SADCAT-_-bruh,next video soak a steak in red 40 and compare it with blue 1,2025-06-03T08:54:05Z,0,0
Ugz-60ImGZne_-pBsW94AaABAg,@bigstick8699,Can you marinate it in my sh!!!!!!!!t for 24 hrs and eat it next.,2025-06-03T08:20:52Z,1,2
UgyR_1kPd9RGlXXTkgl4AaABAg,@Zeke-m7q,Gougas fitness results is amazing to watch! Great job gouga! Lets do it!!!,2025-06-03T07:56:39Z,0,0
Ugy9AGsgcNJU35Pik7p4AaABAg,@pantsarmstrong7518,"Soaking meat for months is not practical for the vast majority of people. Besides Guga, who would actually have the time or resources to do this?",2025-06-03T07:40:54Z,0,0
UgyYD4vyp6KSY0e12Jh4AaABAg,@RaıserMK2,Next time Steak with your booger Guga pls,2025-06-03T06:37:32Z,0,0
UgzzC6OGk4HATdmHh1t4AaABAg,@Piercemxpx,7:05 I live for hearing you say this,2025-06-03T06:12:47Z,1,0
UgzGsidwYAPXj2_wqnN4AaABAg,@sufjams,Next do hog urine and then dry age it,2025-06-03T05:58:15Z,0,0
UgwSwvkAgNzU6kVquEp4AaABAg,@lovelydreamer3427,there are sooooo many microbes in seawater LOL  you can even get a brain-eating parasite from seawater as well,2025-06-03T05:47:27Z,0,0
UgwkYzHq5UtGL_B0Jph4AaABAg,@013city,running out of content?,2025-06-03T05:29:33Z,1,0
UgwV_ghWoZyZjN6IUcx4AaABAg,@seanogrady2629,Doesn't that have fish poop?,2025-06-03T05:17:42Z,0,0
Ugx-JPTdT06ytev0qAJ4AaABAg,@John-uk2lp,"""You may think I'm crazy, but...""

No! No but! Just full stop. 😂",2025-06-03T05:07:36Z,0,0
Ugyd0U9i0b7pDDcCVn14AaABAg,@walterk9916,i know he was resisting titling this “I Dry Aged Stake In Sea Water”,2025-06-03T04:22:57Z,0,0
UgyfBcezhm22q7bEOnp4AaABAg,@Flatearth69,This is disgusting,2025-06-03T04:16:00Z,0,0
UgwKiCCb-g2W3H-jfst4AaABAg,@dj_nunez,Just eat a Sea Cow,2025-06-03T03:59:00Z,0,0
UgxQeK5tdBTU-DN0IOx4AaABAg,@kauciontheboss,Sea water with fish feces n God knows what thats gross bro,2025-06-03T03:54:05Z,0,0
UgxCZ2xHVgwBP4XsTZ94AaABAg,@neganlucille8657,You're a Meatlosopher,2025-06-03T03:31:02Z,0,0
Ugz1aMP2LeujUSO6JpB4AaABAg,@Liquid_Meat,Do a sewage aged steak next please!,2025-06-03T03:17:26Z,0,0
Ugyp4hvLbtwiHMQr1u14AaABAg,@emmytong5493,How would this not rot?,2025-06-03T03:16:46Z,0,0
UgzrsFJ_1RnNEp_EiZR4AaABAg,@MS88nyc,"@gugafoods it would be really cool if you take all of the recipes that you loved the most over all the years, that really stood out, and did a face off between them all in one sitting.",2025-06-03T02:27:05Z,0,0
Ugxy074tOVdtckfCFEN4AaABAg,@nategodthefirst1685,Hey guga i just baught an A5 Wagyu rib cap can you either show me the best way to cook it or tag a video that you have already?,2025-06-03T01:44:11Z,0,0
Ugwnhjwgnl5ELkdpnhl4AaABAg,@ebrahimizx1979,I just brined it in toilet wine from cell block c lol,2025-06-03T01:39:43Z,0,0
UgxuMRP_lyUDr9q5xeB4AaABAg,@ismbursa,"Hey Guga, I have so nice idea for you! Find a Turkish spice called “Isot” if you like I can ship you in US. That will be a crazy chilly experiment.",2025-06-03T01:39:00Z,0,0
UgzOJZXKioRFo0UiK154AaABAg,@JackyBlacky56,"This is irresponsible to suggest using sea water. There is so much contamination, not only from man made pollutants, but regular bacteria and waste. The water you show in the opening looks nothing like what you aged the first steak with. If you made a brine, or filtered it in some way you should say that.",2025-06-03T01:27:34Z,0,0
UgwL9tvB7aHUspssXed4AaABAg,@KasSo89,"Did the new guy seriously say he expected the steak to taste like fish, because it was aged in sea water?",2025-06-03T01:04:02Z,2,1
Ugykbat8lKTQqDxOlTp4AaABAg,@theholyduality,Guga is real and he dry aged my ass,2025-06-03T00:48:56Z,0,0
Ugxaqir8JHg8AD0d-Il4AaABAg,@shekharmoona544,Don't collect sea water after it rains or snowfall. Many times certain bodies are subject to fecal matter from run off.,2025-06-03T00:43:11Z,0,0
UgxC6828VFZ4ezH8jEp4AaABAg,@chriskangiser1111,Boiling fingerling potatoes in salt water straight from the ocean is the best.,2025-06-03T00:25:30Z,0,0
UgyMtE96L2S6G8gooQl4AaABAg,@Electrichead64,Yea.  Adding oxygen to water that probably has microorganisms in it sounds like a really great idea!,2025-06-03T00:13:59Z,0,0
UgysCGl_GxzCPmV0_GN4AaABAg,@Jamboklaat,The sea water steak looks like a cows head,2025-06-03T00:12:29Z,0,0
Ugz0HKGzu90B0Bsg8hx4AaABAg,@12cyberninja,Don’t forget plastic! There’s plastic in the sea water too. lol.,2025-06-03T00:03:56Z,0,0
UgwVWXqxhtMmysdG13p4AaABAg,@Joekingyou,Do you have a review on steaks from Amazon!??,2025-06-02T23:55:17Z,0,1
UgwcJi4v1sfmuB0s5S14AaABAg,@zacht9447,that salt water made the beef look like pork,2025-06-02T23:37:36Z,0,0
Ugxfy3-Vr5_meKk1VCt4AaABAg,@SILENTGUARD90,Wish i lived near an ocean,2025-06-02T23:16:55Z,0,0
Ugy5FOmXLMJCQj4IVe14AaABAg,@ChoppShoppSTX,Where the hell is angle?,2025-06-02T23:14:06Z,0,0
Ugy6PotR-X0oAExIGBh4AaABAg,@DOHKingZay,this may be a hot take but black pepper is gross and too much black pepper is gross,2025-06-02T23:12:18Z,0,0
Ugzb436M0gmi_qZ0-RF4AaABAg,@aliasmaxx5074,"Guga as an italian your pronounce is truely outstanding, really hard to hear such a good vowel and hard r these days ❤",2025-06-02T23:05:10Z,0,0
UgyQcQqVFB16BQeiMUh4AaABAg,@hapticgaming,why do people enjoy so much rotten meat?,2025-06-02T23:00:10Z,0,0
UgyNrw1ko7CaIKu6SbB4AaABAg,@jacobjosephramonitobernard8340,"Guga, may I ask if can you do the ""famous"" brisket of Meemaw in Young Sheldon?😅🤣",2025-06-02T22:50:39Z,0,0
UgzoYYWgUGxQqwB2ikl4AaABAg,@josevega9769,Sea water! He basically marinated it with everyones poop and pee all ships throw poop over the side,2025-06-02T22:36:37Z,0,0
Ugw1QSXB5FcT6aZBGyh4AaABAg,@anonymous-sus406,"BEWARE! Mixing the sea water, kombu, and smoke will NOT open up heaven for you! It will open up a portal that sucks you straight into the foot dimension. Trust me",2025-06-02T22:11:05Z,0,0
Ugw8hjMk-AJSVpCulEt4AaABAg,@VinnyRidgeMedia,"Years from now: ""Hey folks, on today's episode we'll be having some of this steak I've had soaked in heroin and molasses for a year and a half...""",2025-06-02T22:05:20Z,0,0
UgzXUJ-TCMlS76HCNKR4AaABAg,@emartin8907,how long did you soak these for???  its driving me insane i must know,2025-06-02T22:04:58Z,0,0
UgyDoV3sVxJFTwOK_h54AaABAg,@ReadyTrainerRed,Try dry aging pork in bacon flavored vodka,2025-06-02T21:58:47Z,0,0
UgwuUdFC94kRlcLhNgN4AaABAg,@ThomasBilt,Wet aged wagyu in my toilet,2025-06-02T21:17:05Z,0,0
Ugz2BbUdwzJr6UoDcDF4AaABAg,@DavidUrulski-wq9de,Marinate in chocolate and ghost pepper sauce,2025-06-02T20:59:36Z,0,0
UgyXtxAk6vXOhcOsOYB4AaABAg,@Test_Tangent,1:45 MSG: The KING of flavors!,2025-06-02T20:55:41Z,3,0
UgxuxXmWKXqYFMwod3l4AaABAg,@mirandaandrews3399,Guga I grew up watching Iron Chef original and America and many other cooking shows. you sir take the meat cake on this one,2025-06-02T20:34:28Z,0,0
UgzBUK6iCmPd8pJnDJR4AaABAg,@GeezCorby,Dry ageing a water tank is counter-intuitive to say the least.,2025-06-02T20:21:58Z,0,0
UgydkA3jCDzLQHRUN2V4AaABAg,@Tullminator,You should marinate a steak in the fires of Mount Doom.,2025-06-02T20:05:49Z,0,0
UgzvuTO3aoMDEc8jUSx4AaABAg,@diegolamanya345,Bro is a mad scientist,2025-06-02T19:59:17Z,0,0
UgwcusevOc1FuDw7_H54AaABAg,@momoney6373,Never use water from the beach. Worst stuff in the ocean. 😂,2025-06-02T19:43:26Z,0,0
UgwLFcy7wHQPJuelxNh4AaABAg,@TacShooter,Would there be parasites and bacteria in sea water?,2025-06-02T19:22:57Z,0,0
UgxMZbSMUFqoUBF279V4AaABAg,@DustinStich-k4l,I think brine is saltier than sea water,2025-06-02T18:47:45Z,0,1
UgydGGUtKcLDSLfMPdZ4AaABAg,@Thuggernaut58,Can someone explain to me why no bacteria would grow in the seawater and ruin the dry aging process?,2025-06-02T18:45:04Z,0,0
UgyCjAS7rc88GvE84kx4AaABAg,@emu256,"What's next, "" I drank water from a waterfall that's been around for 2000yrs""  😂",2025-06-02T18:20:33Z,0,0
UgxdA_1ajwjkcFD-pHN4AaABAg,@TheRootman626,"7 ads and a paid promotion on a 13 min video…. Man, has this channel gone downhill. So sad 😢",2025-06-02T18:06:01Z,0,0
UgxGSO-L8pC4yI4FN5Z4AaABAg,@tapanawichpromtong4599,Guga please answer the comment soon hahah,2025-06-02T17:37:35Z,0,0
UgzMz0eLRhFAiv4UiKR4AaABAg,@Charlie14406,Nice and pink 😊,2025-06-02T16:51:06Z,0,0
Ugwxo_AnFjiM52zDAPV4AaABAg,@Alucardd-v1e,How many months??,2025-06-02T15:52:51Z,0,0
Ugy9L0wO8qhIshI7arh4AaABAg,@AhadUnawala,Do it with carrot juice,2025-06-02T15:32:17Z,0,0
UgwIrrKFJpWSmipd-1B4AaABAg,@travelpackgamerz,You never know someone popping while swimming on the seashore.,2025-06-02T15:16:16Z,0,0
UgxQzSfpVpJUsdNUXH14AaABAg,@Themrhq,For months sea water didn't evaporated 😂😂😂😂,2025-06-02T14:52:33Z,0,0
UgzSj-O4dyCrOXX81kl4AaABAg,@CorruptX-t4q,Maybe the cow wished to be a fish,2025-06-02T14:51:25Z,1,0
UgyK82poXksTeUU521d4AaABAg,@littlemonster4297,"Sea water!! Yummy! I LOVE the hint of cargo ship oil, diesel fuel, dead bodies, fecal matter, gasoline, sunscreen with a pinch of plastic, rubber and American Failure, all in one blend to my steaks.",2025-06-02T14:50:44Z,0,0
Ugx_Fzbt_h3hcliYwJt4AaABAg,@kylejetty5611,Guga you eat steak everyday,2025-06-02T14:43:18Z,0,0
Ugzquk3ZaBs8LSH2jU94AaABAg,@chicobicalho5621,"In Canada, lobsters are cooked in sea water and it supposedly tastes a lot better.",2025-06-02T14:33:19Z,0,0
UgwxFbAXGkVem-T2htt4AaABAg,@skipper12345,"you wouldn't use the sea water in the uk, you put your steak in, it would grow legs again .",2025-06-02T14:27:50Z,0,0
Ugz71-8TiDDaGdGiU9l4AaABAg,@Ba_Ma_Doc,"The waters should be boiled before aging, right? If it didnt that's crazy...",2025-06-02T14:21:45Z,0,0
UgyeNtqxcUrg41ufMFl4AaABAg,@csachevauxsansabri2612,Why would you waist the meat by trimming? When a cheff tries to do a butchers job.,2025-06-02T14:08:10Z,0,0
UgyAr4tCGqkvBasQ9PF4AaABAg,@Sid_Streams,"""I am going to do what nobody has done before."" Well, are you sure. Maybe someone has done it but the act was just too random for anyone to take notice and record it.",2025-06-02T13:36:46Z,0,0
UgyYJActgarYDzuMt8V4AaABAg,@Bluemilk92,"Guga really is a mad scientist. It started as a meme, but now I really do think he's gone further then anyone else. Homie fr pushing the edge of modern culinary understanding.",2025-06-02T13:31:37Z,1,0
UgxKHiFE9X_yPnoyLRx4AaABAg,@MwelwaOnCos,The food poisoning this mans gonna get won't be pretty,2025-06-02T13:16:29Z,0,0
Ugz0xNTdXxSrvrrj8NZ4AaABAg,@basil127,0:21 and microplastic,2025-06-02T13:11:23Z,0,1
UgwBn0LyZrOLHLdvdLl4AaABAg,@mehmetuysal163,"I'm not sure if we should expect ""soaked in vaginal fluid"" or ""soaked in petroleum"" sort of titles from now on.",2025-06-02T12:39:07Z,0,0
Ugy3b0piuSSKH970fal4AaABAg,@amy-295,Should take a little clean salt water,2025-06-02T12:15:41Z,0,0
UgyTYpv_KkG6dy34_jx4AaABAg,@tycoon89,you cut off the only bits effected by the waters,2025-06-02T12:15:06Z,0,0
Ugw-pOxmmfmSnY7L7Qp4AaABAg,@Matt-dh6yo,The skewers on those termometers are too thick,2025-06-02T12:09:20Z,0,0
UgzkAmYtyU4xrP05Sl94AaABAg,@st4je-g9s,The control should have been regular water,2025-06-02T11:27:40Z,0,0
Ugy49SNQqvRUYPjLNRp4AaABAg,@Froggboii69,Next: dry age it in poop😂,2025-06-02T11:23:36Z,0,0
UgxNzdMn7SQd00RSdBN4AaABAg,@kamachuno,Love me some nuclear and rubbish bacterias,2025-06-02T11:06:23Z,0,0
UgxGqCCUFtesCDOZvkN4AaABAg,@Alex-ny1qg,"Guga. You live by the water, you should know that you need to find a spot where there is no people and preferably no sand either, you dont need to go especially deep or something like that but you should definitely not go just to the shore where people go swimming and take the warm filled with bacteria and what not water. Always find the coldest water with the most current arround and preferably no sand or humans.",2025-06-02T10:57:03Z,0,0
UgzYTDgpBFKGM03-WJl4AaABAg,@TheShardd,Is it your accent or did you just call Cacio E Pepe a ramen? I’m not sure if I should be judging your knowledge right now 💀,2025-06-02T10:52:24Z,0,0
UgzWIkJXlATFI04wh9l4AaABAg,@munsta007,Is this sanitary? Was it legit sea water or just salt in boiled water to match the salinity lvl?,2025-06-02T10:37:11Z,0,0
Ugx0WBC2dV8q6qVbk454AaABAg,@johanlahti84,Haha wtf was that meat aquarium filled with vacuum sealed meat? The added oxygen does nothing...gullible people falling for gimmicks.,2025-06-02T09:35:59Z,0,0
UgzuRpTQHyFIrAbEpnJ4AaABAg,@johanlahti84,"Yuck, imagine all the bacteria and parasites in that water...",2025-06-02T09:30:45Z,0,0
UgwAu9RTnTPZhqItSKZ4AaABAg,@Vex331,I always thought about just using seawater to season my food. I live in Hawaii after all.,2025-06-02T09:00:02Z,1,0
UgwJWbhj-nGnShzIKBd4AaABAg,@TheStarTrekApologist,"Sea water has about half the salt I like for a brine 
 So in my sea water brine I boil away half the water. You also need to add a sugar I use honey. Oh and for sea water use a filter",2025-06-02T08:59:24Z,0,0
UgxHI1AsA6JSYoWsyMZ4AaABAg,@kev33333,try burying a steak in sand😂,2025-06-02T08:37:29Z,0,0
UgwuB3bcpM-37-DiVDp4AaABAg,@joestackmusic,Man I feel like naming it MSG was a mistake. Americans think it’s some sort of artificial unhealthy chemical. Imagine if it were called paprika or something.,2025-06-02T08:33:35Z,1,0
UgxyYrsCr7GHqh0Mr_R4AaABAg,@POOCOMESFROMFOOD,"i mean the claim no one has ever done before is a bit much haha, bit this is still fascinating",2025-06-02T08:12:45Z,0,0
UgzeeC_JDykxNboIgfJ4AaABAg,@Clda47,"Jist when i think there wasnt anymore theres another guga video that males me think ""wtf"" but i always stay to see the results",2025-06-02T07:50:15Z,0,0
UgxbJ4Wonv8Da41AtUt4AaABAg,@kraakvmaar1505,Looks like the food you were earting was still eatable. But I guess you wasted 1/3 of this meat with this weird idea because you cut the outer part. The best way to eat meat is still as freah as possible in my opinion,2025-06-02T07:40:50Z,0,0
UgwHcqpTSohRH53Xjy54AaABAg,@PulseClaim,A YouTube soaked a steak in seawater for months. This is what happened to his ...,2025-06-02T07:37:14Z,0,0
UgyJUeGjaAG4a8vtLBV4AaABAg,@jeremytole3493,"Next video ""I dry aged a steak in my stomach for a month...""",2025-06-02T07:31:16Z,0,0
UgysLu7TCcvYooFqint4AaABAg,@FrogToTheFrog,"“Even though it doesn’t look very good”
When it looks tender it looks more appealing..",2025-06-02T06:52:06Z,0,0
UgzdAil3iG-pvDZo7Bh4AaABAg,@PatekWristRoll,Now do it to Wagyu steak,2025-06-02T06:14:34Z,0,0
Ugyr02t9yKfwb8yxUSR4AaABAg,@arielc.9081,Put them together!  What you added to the second one add to the sea water!,2025-06-02T06:12:52Z,0,0
UgzO5c7xS2mq9545rSp4AaABAg,@silodelair,pacfic... because atlantic is toxic,2025-06-02T05:54:30Z,0,0
UgzFaM3HYWJnxijZKn54AaABAg,@Kimo-Cyrus,Soaked his steak in soup,2025-06-02T05:43:56Z,0,0
Ugw_F38X5E6hk0MSQsR4AaABAg,@paimonemergencyfood3392,No fishy taste? Tell me you're stupid w/o telling me your stupid 🤣,2025-06-02T05:42:09Z,0,0
Ugw3Z90_vvlMmNcnBLF4AaABAg,@marksawesomeadventures,"I want you to do a Video about How you are not giving yourself FOOD POISONING?? 😁 I have seen you do several Videos where you Soak Steaks in all kinds of Stuff but if it is not Frozen, HOW are you Not giving yourself Food Poisoning?? The Honey Video for example 😁 I Looked at that an I was like NO WAY would I eat that!! That was a ROTTEN STEAK!! And You ATE IT, and you DIDN'T DIE?? HOW? 😁",2025-06-02T05:38:40Z,0,0
UgwWqK4hcw-O3uFd6FF4AaABAg,@toaster3822,Really scraping the bottom of the barrel now eh?,2025-06-02T05:38:10Z,0,0
Ugzc0OEeCOsGu6wHN_14AaABAg,@oppoasan,"Bro, I'm Italian, and you look more Italian than I do...",2025-06-02T05:08:19Z,0,0
UgxcaWVvouQyKWG8BfR4AaABAg,@theoneyou,Fake ass “sea water” you probably aged that steak in salt + water. Don’t be a fraud boy,2025-06-02T05:00:16Z,1,0
UgyQMIXNIktco-z3wPx4AaABAg,@alfredchiah4118,how come the 4:00 looks like there is completely different piece of cut behind the meat,2025-06-02T04:52:16Z,1,2
UgzZP0k583EFdLy1CCV4AaABAg,@ran97396,"Guga, I’ve been watching your videos for years but I have to put this out there. Heat resistant bacteria and microorganisms live in sea water. Only extreme amounts of heat above 100°C can kill those. Strain 121 and Pyrolobus Fumarii are some examples. I wouldn’t advise people trying this at home. Just use a saltwater brine instead. I studied microbiology at university and we did a study about collecting ocean water. Again, this is not safe to do and I would advise your viewers to find an alternative instead.",2025-06-02T04:31:54Z,0,0
Ugy0JMnsrf9-EKN7wEd4AaABAg,@RadRiley,Age a fish in sea water next!,2025-06-02T04:25:36Z,0,0
UgwVjP9edwg0FOC9qKt4AaABAg,@linkaizer,Funny thing is seeing you say nobody has ever done that before and two decades ago when I was a child my grandmother would consistently do that for weekend roasts.,2025-06-02T04:24:53Z,0,0
UgwFgM_pOrAlu_J_0np4AaABAg,@Comment_Hand,"Im just upset you didnt test your water sample before using it
you do realize microbes from the iceage can melt free at the poles and end up on any beach right like...
bro tryna become a zombie",2025-06-02T04:14:56Z,1,0
UgwqVlFdEW_Gv0gFAyZ4AaABAg,@googleisfascist9278,I’ve always wondered this lol,2025-06-02T04:10:05Z,0,0
UgyCM1j9zQQCOGONpEJ4AaABAg,@yanisoueslati,"Guga  is one of the best content creator out there, his energy is just amazing !!!! I always have a big smile watching his videos, we need to give this man more recognition and exposure, he deserve much more !!!!!!!!!!!",2025-06-02T04:08:31Z,3,0
Ugz9xgVSYigfok14_jZ4AaABAg,@OFFICIAL_Eazy-M.A,My mouth the entire video: “🤤”,2025-06-02T03:01:34Z,0,0
Ugx9s2bJKlr65J19SQd4AaABAg,@maxrockatanskytheroadwarrior,SEA SALT I NEED YOU SEA SALT,2025-06-02T02:48:55Z,0,0
UgyS1l5rZ1VsC0no4P54AaABAg,@JAM-v6x,His voice is so calming😭,2025-06-02T02:43:13Z,0,0
Ugx25vOcRKuQahFpvbl4AaABAg,@GottaBeAHero,Wow the sea water one being so good and basicslly free to make is super cool 😊,2025-06-02T01:50:21Z,0,0
UgyxRBZ-D-xZQQADicR4AaABAg,@jchomedog2887,Guga is so lucky to be alive with all these experiments.,2025-06-02T01:49:33Z,604,12
UgyOC7irlfe4juGdVBJ4AaABAg,@WILSON.1,Try brining a steak in ginger beer.  You’re welcome.,2025-06-02T01:41:23Z,0,0
Ugyd2NDjXBxSxqAMcbB4AaABAg,@daryldejong5207,you should make a top 10 best experiments and 10 worst,2025-06-02T01:31:18Z,0,0
Ugy3AUhOisTc6JG6St54AaABAg,@evandomenchello4758,"Hey Guga, you should ferment steaks as a way of aging as an experiment. you should do a steak soaked in that ginger bug soda that people make on the shorts or pickle juice. I wonder if the steaks will taste good",2025-06-02T00:56:43Z,0,0
Ugz6QUq-8ohfOez1ERl4AaABAg,@AndresRodriguez-sm1fr,I don't need a thermometer to cook a good steak.,2025-06-02T00:55:36Z,0,0
UgztOrAwhqqRVgnAoXR4AaABAg,@warpingtartfat7569,BBQ'd water yummy,2025-06-02T00:26:33Z,0,0
Ugz55JzLOFiYZh-HHvd4AaABAg,@slyfoxcoffee9642,I think it's a great public service feeding the guy on the left some more meat 😂,2025-06-02T00:26:30Z,1,0
UgzD-Hq3c5SfC9LIFGV4AaABAg,@mikenicholls6119,Everybody’s gugsta until he contracts brain eating ameboa,2025-06-02T00:23:16Z,0,0
UgyIMWhW3fMk94No-914AaABAg,@SOSTaee,Start off with some meat 😅👖,2025-06-02T00:21:20Z,0,0
UgyS54kgtJBfQP-tLCZ4AaABAg,@MReginaldGoldstein77,Damn next time I go to the beach I'm taking some seawater for my steaks.,2025-06-02T00:19:33Z,0,0
UgwAP08oS7_Q6wZgem94AaABAg,@mashkikiman6694,"You can't compare two halves of a rib. There is a fatty and a lean side or in other words, a tender and ""tough"" side.",2025-06-02T00:18:57Z,0,0
UgyArEkEGIwzBB6f3BJ4AaABAg,@webguy943,Sea water is just a giant toilet bowl.  Good job 😂😂,2025-06-02T00:17:34Z,0,0
UgzJjpEutx0Fitmm2dx4AaABAg,@thequietkid5178,"Legitimately I asked my mom if it was possible to do this, but as soup.",2025-06-02T00:09:57Z,0,0
UgwcVb-4rPXbQGN6X4x4AaABAg,@baronofbirmingham,"“It’s easy to make, once you’ve mastered it!” 😂😂😂",2025-06-01T23:57:00Z,0,0
UgyX506pwfeeWaphcL54AaABAg,@theoriginalchefboyoboy6025,now use the kombu hack on eye round...,2025-06-01T23:55:27Z,0,0
Ugwsu9kyExWpvbM2RbR4AaABAg,@S.aTan-._.-,These expirements are getting real gross. Why don't you try burying them next time. Call them cemetery steaks,2025-06-01T23:42:34Z,0,0
Ugz_FNTFg8gK0W16mwZ4AaABAg,@Hawkcap,God watching this videos makes me wish i could be a taster. It looks amazing and also all these ways of preparing food sounds really interesting.,2025-06-01T23:30:12Z,0,0
UgzfDRfbHb6kd0ibbMV4AaABAg,@issaihdiwa9973,I need a steak dry aged in Papa John’s garlic sauce.,2025-06-01T23:28:54Z,0,0
Ugw-inYYmG_53Jd6QjJ4AaABAg,@Anon58USA,You are sick Guga! You gotta be stopped!,2025-06-01T23:15:21Z,0,0
Ugw4PsUvsciEQSgHYaZ4AaABAg,@angelmonroy9644,Mans got ideas for days.  Would never think of this,2025-06-01T23:05:54Z,0,0
Ugx5sbIgCOOHyWor-jd4AaABAg,@chriscasey5405,Now that’s what I call Surf & Turf!,2025-06-01T23:05:09Z,0,0
UgzrgWZNfBHO5M2O1hV4AaABAg,@thetruthisonlyperspective4872,I cannot stand that guy on the right at the end. Get rid of him and bring Angel back.,2025-06-01T22:45:41Z,0,0
UgzK4GEuylGSt60uxLd4AaABAg,@C0rrunaV1ruzzz,Guga is gonna be end up on Dumbs ways to die if he isn’t careful,2025-06-01T22:36:57Z,0,0
UgxMdbbWbH-8UicblsR4AaABAg,@quelldieu7263,".
.
seawater 
= a combination of taste of
feet
urine
poop
and other waste",2025-06-01T22:20:49Z,1,0
UgwiKl8Lxxi0TzYjQbt4AaABAg,@DobrinMarinov-ox9dc,it needed some SEA SALT.,2025-06-01T22:19:42Z,0,0
Ugw81qvn-3BHpW3Li854AaABAg,@BrassMtn,"So was it truly sea water, or did you salt water to the right salt level as ocean water?",2025-06-01T22:11:43Z,0,0
Ugz0d2g_hggN00tL5Kl4AaABAg,@D1e9a9n1Reborn,When your quietly watching this video to yourself and the wife see's the pasta over your shoulder and you make it immediately well worth it happy wife and happy taste buds!,2025-06-01T21:48:30Z,0,0
UgyEaqshmFedFgoC4wR4AaABAg,@TheMilkMan8008,You could have at least done a bit deeper in the water to get a sample,2025-06-01T21:45:30Z,0,0
UgwmkSdvgDaaKth2zY54AaABAg,@remb1500,This is why tuna is so good. It spends its whole life in sea water.. I’ll be here all week folks,2025-06-01T21:41:20Z,0,0
UgxBzEn_Ut8uzZgzo_h4AaABAg,@SATAXIC,i want to know if they get food poisoning especially from the sea water.,2025-06-01T21:26:25Z,0,0
UgwFuxcOrDGLiMOkZYN4AaABAg,@jfc1414,Ah yes old waterry and raw Meat my favourte,2025-06-01T21:21:38Z,0,0
UgyUTlsvoHvVLZ_KG1J4AaABAg,@Side85Winder,"I am thinking you may want to condition the sea water before doing this at home.
Running it threw a basic paper coffee filter first is a good start. Then further bringing it to a boil to kill off any microscopic nasties living inside it.
What happed to the outer cuts that looked pale? I am sure they wouldn't plate up as nice. Normal people can afford to waste meat like that.",2025-06-01T21:02:25Z,0,0
UgwcXSpfNaV5gFlDyR94AaABAg,@LivingZombie,2:28 SMOOOOOKE ON THE WAAAAATER,2025-06-01T20:56:46Z,0,0
UgwwaayQ0sETUxsxUZF4AaABAg,@EllieGhassali,Whats all that on your head :43 I think it's from something you're exposing yourself to.,2025-06-01T20:54:41Z,0,0
UgyGClhFDdzUZHNNjmd4AaABAg,@CJ-kj4xp,Sea water from the ocean?,2025-06-01T20:38:14Z,0,0
UgxDNeGl546-Sx7D8cF4AaABAg,@Aldiggy2000,"10:41 something weirder, soaked steak in piss for months 😂",2025-06-01T20:19:20Z,0,0
Ugw9e772TmLS5XCmACV4AaABAg,@JerryGiesler09,Now do that to an eye round steak!!! 😈,2025-06-01T20:09:00Z,0,0
UgymAen-278d_XBx0m54AaABAg,@ItsMyCheese,"Since for this experiment each steak is touching the bottom, what if you make your own salt water, but somehow make the steak neutrally buoyant so it always floats and doesn't touch the sides, bottom, or get exposed in air?",2025-06-01T20:04:29Z,0,0
UgyOsz1EErmQT1RsA794AaABAg,@snickerdoodle1,"Steak fan ❌ 

Steak fetish ✅",2025-06-01T20:02:32Z,0,0
UgxEjmDrh9EZq49QheB4AaABAg,@supremetony8260,Do a hoisin sauce dry age,2025-06-01T20:00:59Z,1,0
UgxEAltlF8HILTWseCJ4AaABAg,@linkinpork69420,Put these steaks marinating in water into the...... dry ager?,2025-06-01T19:36:12Z,0,0
Ugys1O8InmBjxa0uoN14AaABAg,@polo_sheridan2869,This video got me about to bust……,2025-06-01T19:27:02Z,0,0
UgxKOJ6uZfUlLmDnowt4AaABAg,@gregwerner866,That long wouldn’t bacteria and other stuff start to grow,2025-06-01T19:24:29Z,0,0
Ugzyw9RjjpTXql4Q_Wl4AaABAg,@textbookidiocy3896,"Personally i would react with abject horror to being told it was brined in actual sea water, but going to guess it was just salt water.",2025-06-01T19:23:31Z,0,0
UgwuysH9HDtPytyV6OV4AaABAg,@strikerj4810,They say the ocean is the toilet bowl of the earth.,2025-06-01T19:18:44Z,0,0
UgyaPhbZHeiF1W_QSw54AaABAg,@CarlVercetti,Bro nailed the cacio and Pepe like a pro. ❤,2025-06-01T19:12:22Z,0,0
Ugyz76AE3qUo4OIVwrp4AaABAg,@TheSehroyal,jesus christ this one is the first time I feel like the experiment is ACTUALLY dangerous lmao,2025-06-01T19:05:34Z,0,0
UgwfVaXfjjVE0fOicTt4AaABAg,@angryhairpeice,A couple friends and I swam in a huge tide pool one day. We thought we were going to die for three days after. No thanks.,2025-06-01T19:01:43Z,0,0
Ugy9tX5i68yZ_xgZwZR4AaABAg,@alanvilasboas912,"0:21 And traces of sperm, dead carcass and all sorts of bacteria. But hey, look on the bright side...",2025-06-01T18:52:22Z,1,0
Ugw0XsSsjS8V8r4ESZN4AaABAg,@pulsarecho1952,You should try soaking it in see water with pressure levels like at the bottom of the sea and see how it tastes.,2025-06-01T18:51:59Z,0,0
UgxlZQjBZ4d6oBmIoFp4AaABAg,@brian31337,do a steak in cow urine next,2025-06-01T18:25:10Z,0,0
UgwZY9Vc7al9hdAnAZN4AaABAg,@zink9698,No way you used unfiltered sea water,2025-06-01T18:23:24Z,0,0
UgzEqcCgTR_EV6tuD_94AaABAg,@samuraicollector2903,"Meat inside water with kombu has never been done before? In Japan the is this food called shabu shabu, simple is boiling water and they put a piece of kombu inside, and they give you slices of meat, this slices are like paper, super thin, so pick up with your chopstick and put inside the boiling water, so this is very similar.",2025-06-01T18:17:14Z,0,0
UgzgwnwkzmH8_7EizEp4AaABAg,@markrobinson8625,Wash it off,2025-06-01T18:08:58Z,0,0
UgyISv2NQVqym2e-o054AaABAg,@markrobinson8625,I hope you don't die it would make me really sad . This could be on that old spike tv show 1000 ways to die.,2025-06-01T18:07:27Z,0,0
UgzKo5d-gbo1KlG_PQN4AaABAg,@butotanto,try urine please,2025-06-01T17:41:54Z,0,0
UgzLhx8Y3az18-XNKK14AaABAg,@kolbykemp9013,Can you do a pork brisket I would love to see your take on it thanks,2025-06-01T17:34:04Z,0,0
UgxwTn3StGpsQt9Us9x4AaABAg,@angelzhang9569,Next video: “I left my steak in mercury for months and this is what happened”,2025-06-01T17:12:56Z,0,0
Ugw6KVPSmx2u_ihAK_V4AaABAg,@brycerush98,"I’ve gotten pretty good with the steaks and cuts of meat after watching Guga for years, now I need to start trying to catch up in the sides game, his sides looks amazing every time",2025-06-01T17:01:49Z,4,0
Ugz72dcB1ZTMRPX4_Rx4AaABAg,@Masterg400,one day this man is going to find the ultimate tasting steak dear lord the amouint of crazy stuff he tries is crazy and i love it. mark my words this man will one day change the whole worlds of cooking the perfectr steak,2025-06-01T16:50:40Z,0,0
UgwWwwmDosNRVs7MxQl4AaABAg,@adenedhel3855,this is just 1000% art. masterful. I don't usually comment but man your videos are a source of comfort in my life right now,2025-06-01T16:47:41Z,0,0
UgyH2Eb6bRHRd0e1sE54AaABAg,@Nussholzmobiliar,12:37 you say you used regular water but didn‘t you first say you used sea water? because you also didn‘t salt it?,2025-06-01T16:37:39Z,9,0
Ugw2BR8bA8J3wFNPZ214AaABAg,@msventurelli,He finally did it. He surfed the turf.,2025-06-01T16:13:55Z,0,0
Ugzop4r6-H_8NVFTnG94AaABAg,@swoodc,they used to transport meat on the silk road with salt,2025-06-01T16:12:06Z,0,0
UgxCQcJi2m08B35Sg894AaABAg,@RelaxedEZ223,Do yo know how many people pee in the ocean?,2025-06-01T15:42:41Z,1,0
UgwX783PsFa1gHa2E354AaABAg,@wpgspecb,"A bit of a correction at approximately 2:10 you said and showed seawater being mixed with the MSG call my then again at 2:37 you showed adding the existing water.

At 12:39 you are now describing the second stake as being used with regular water.",2025-06-01T15:31:34Z,0,0
Ugycw-jwtZHicdSCh-h4AaABAg,@HampsterRagequit,Now soak it in balut soup,2025-06-01T15:27:56Z,0,0
Ugy3RzhDFGV7I2wyJOZ4AaABAg,@rachide5074,Try the same experiment with eyeround,2025-06-01T15:26:36Z,0,0
UgwS3TxIM8vRP0uBWWF4AaABAg,@logisticallychallenged,my god this is such a stupid channel,2025-06-01T15:21:52Z,0,0
UgwMHceiNE3BaChafsh4AaABAg,@jinha911,"Think you're crazy? No, we know you're crazy that's why we're watching 😂",2025-06-01T14:58:16Z,0,0
Ugxn9R5QuySzyaJ_O2B4AaABAg,@warnpain9733,Nastey,2025-06-01T14:41:40Z,0,0
UgxI3vjw4ZAKY5NDSvx4AaABAg,@Humprheymcbuford,"Man… first it was having a restaurant cook a steak he brought from home ( one of the worst health and safety violations in a kitchen), to now this: marinating a steak in ocean water… I can’t stand by it.",2025-06-01T14:23:40Z,0,0
UgyHbC221bkwplQOuz94AaABAg,@emca1597,Try using Konbo and Sea water combo.,2025-06-01T14:21:10Z,0,0
Ugw2Aj-tmmPhk74HFqN4AaABAg,@RadenWA,Isn’t “brined in sea water” redundant?,2025-06-01T14:20:43Z,0,0
UgzHjaj0QL2Xyv9uaYN4AaABAg,@local_ryo,Woahh,2025-06-01T14:16:15Z,0,0
UgzjxxHfjGQ2xzCljy94AaABAg,@Pondjumper1,I was wondering if you might try ageing the meat in Urine for a month?,2025-06-01T13:44:59Z,0,0
UgwYtRnY4okPjQyKhsF4AaABAg,@foogley,"Why are you eating raw meat in an overcooked ""shell""?",2025-06-01T13:34:49Z,0,0
UgzMbegCFgLYx6mwY1J4AaABAg,@OO-jf9zm,I'll wait for the next few videos in the future to be sure he is not going through food poisoning,2025-06-01T13:11:05Z,0,0
UgxfWXwfsf7lbO9X1wR4AaABAg,@jessewatkins5059,This is msg.  I like YouTube but people need to read books.  Konbu is msg. AIJINOMOTO.  @gugafoods,2025-06-01T13:02:29Z,0,0
Ugz0ipipWgHw6p46fZh4AaABAg,@rpoerwanto,At this point it should be called wet aged meat..,2025-06-01T12:54:39Z,0,0
UgwM2GxWHvKbAjhH_J94AaABAg,@MikeLeeSr,@GUGA ..which side of Florida are you on? I'm close to the Gulf and not sure if it would hit the same...maybe with some red tide flavor.,2025-06-01T12:39:10Z,0,0
Ugxky19V74uKl-2XMjJ4AaABAg,@gadglichtg4840,Dry age in vitamin C orange powder.,2025-06-01T12:06:06Z,0,0
UgyE4xTXFN0EycGq52l4AaABAg,@kelvinchan1839,Steak aged in whale piss! Delicious,2025-06-01T12:02:33Z,0,0
UgykuvQD4ZhpV8pwlr94AaABAg,@seandoran6798,Who the new guy,2025-06-01T11:54:13Z,1,0
UgxyYWrhwC9E-W5pyqp4AaABAg,@kingcrafteroderderfahradtu7331,Why do you look so concerned in the thumbnail?,2025-06-01T11:43:49Z,0,0
UgyjckFk1y_mWXIbmsR4AaABAg,@SP-ny1fk,Was the cow ok?,2025-06-01T11:37:14Z,0,0
UgyAjkqaxFAoor49dZZ4AaABAg,@dansherman1980,I say brine it then deep fry it.  Did that with flat iron steaks once turned out well.,2025-06-01T11:21:05Z,0,0
UgxndEoQh-DwAQupVod4AaABAg,@izayah999,mind down the line redoing this experiment the way you explained in the end? adding all 3 things and then doing the experiment i wanna see if it actually will open heavens gates 😂,2025-06-01T10:38:49Z,0,0
Ugze5SlUxaTWB7Un-vd4AaABAg,@katetan8678,Next EP. I soaked steak in holy water,2025-06-01T08:55:39Z,0,0
UgxsBrNSnqGJd3P0MoR4AaABAg,@AdonSon-p6s,"Sea water has traces of gold yes , but also has traces of poop .",2025-06-01T08:54:35Z,0,0
UgzvOUcM8DlulGwcuXt4AaABAg,@Itskevroo,The meme Cacio e pepe,2025-06-01T08:36:37Z,0,0
UgzIVWovQWUEQjw-mAl4AaABAg,@CuckItUP,"this is dumb, waste half of the cut. lol. stick to noodles jackie chan",2025-06-01T08:09:58Z,1,0
UgzotfpUlVdtcI1pFV94AaABAg,@kjizzle101,Dry age a steak and guacamole😮,2025-06-01T08:03:35Z,0,0
UgwH9A-sRJFUJY80VhF4AaABAg,@zaklloyd4335,Yah the sea water smoked kombu will be a winner!,2025-06-01T07:41:21Z,0,0
UgzUUIaH6EWm4lHYN414AaABAg,@ukno918,Guga when are you opening up your restaurant so everyone can try your masterful creations?,2025-06-01T07:10:36Z,0,0
Ugyvu3INSwEKggMRlgF4AaABAg,@RunningInJapan,"To hook up that meat like that, you got to be Brazilian my guy.",2025-06-01T07:08:52Z,0,0
Ugw_DWFW1BBHs3OnG1Z4AaABAg,@Honed-,can get the same effect form just normal water (preferably distilled so it dosnt have bactera going at it) and a s**t ton of salt.,2025-06-01T07:06:47Z,0,0
Ugy89zjfp-zfmM2ROjd4AaABAg,@yottooverland,why waste food,2025-06-01T07:06:39Z,0,0
Ugx9BaIU8FhddOq8noZ4AaABAg,@ukno918,"Microplastics, but you're probably getting that regardless",2025-06-01T06:58:59Z,0,0
UgwJumMmuJcaR9WYsdp4AaABAg,@OnePlusOneEqualsOnePlusOne,Electrocute sea water to make bleach.,2025-06-01T06:45:05Z,0,0
UgxzriS9-2O5NAMJWJF4AaABAg,@gacattack1234,"Salty brine overnight does wonders for chicken, removes that weird fowl smell/flavour. Also tender and juicy.",2025-06-01T06:32:19Z,0,0
UgwJhik2XixkckM1-q54AaABAg,@atomicskull6405,It looks like a chunk of sea zombie meat.,2025-06-01T06:26:01Z,0,0
UgwKBLBwYOwtYDcVuol4AaABAg,@DXDragon38,"At this point, what is left to dry-age steak with?! :D
He's done them all!",2025-06-01T06:18:30Z,0,0
UgzWDG56Ip2QLBctqh14AaABAg,@PatrikGluchowski,CREAM?!?!?! ,2025-06-01T06:15:47Z,0,0
UgytrN_ydkWma7B98-N4AaABAg,@mskiUSMC,I cannot watch this... If I watch any more I'll drown.,2025-06-01T06:09:56Z,0,0
UgxG8T4dECUB7ZNua8d4AaABAg,@casualintrovert207,I died a little inside once he put the cream in the cacio e pepe 😭😭😭😭,2025-06-01T06:08:41Z,0,0
Ugy6DuBjkfAOTvyAJ_F4AaABAg,@Kanelel,Why don't you explain what you did to make the sea water safe? Irresponsible.,2025-06-01T05:45:38Z,0,0
Ugxudx0zc_VLDaaVNdp4AaABAg,@itchyJaw-qn6ql,Guga will age his meat on anything.,2025-06-01T05:33:59Z,0,0
Ugz_Jp2XsOzKlz4OQxt4AaABAg,@MDK3192,"@GugaFoods Marlin steaks, Grouper steaks, Swordfish steaks, Ono steaks, Tuna steaks, Halibut steaks, Snapper steaks... so many ""steaks"" in the ocean, yet you brine beef in kelp/salt water?! Idk, skinny Guga...

- MDK ✌️",2025-06-01T05:26:45Z,0,0
UgzUHCbdULyNXXqBCXl4AaABAg,@86753091974,surf and turf,2025-06-01T05:09:37Z,0,0
Ugz7-bFvh3ZR42dsWoZ4AaABAg,@rayovsaan1820,He’s at the beach l just pee’d in. Secret ingredient.,2025-06-01T04:57:09Z,0,0
Ugz3GLwzwBd-lqE8hOJ4AaABAg,@Pusfilth,Age the steaks in CUM please,2025-06-01T04:56:42Z,0,0
UgxNQjVJzZeUVUX9EcZ4AaABAg,@RMCFHERO99,"i haven’t been on the channel in a while, Gugas been losing weight! love to see it king! stay healthy!",2025-06-01T04:30:09Z,0,0
UgwekwUUqFW0gSq9Fh14AaABAg,@Chriso_Gut,I’m high as fucc,2025-06-01T04:29:16Z,0,0
Ugwd0bB8SX-iBwS9olp4AaABAg,@ronv.6461,I could just imagine all the microorganisms growing inside you...gross,2025-06-01T04:23:45Z,0,0
UgwWmUta61co4oHf6d14AaABAg,@RyanCapilitan,The meat becomes a sea food,2025-06-01T04:20:32Z,0,0
Ugy9YK0wleXCcE_y7RR4AaABAg,@cyb3r_fox114,"Finally, a recipe that incorporates a healthy amount of micro plastics in my steak",2025-06-01T03:56:34Z,0,0
Ugwbq99y_sd3EuIu-zd4AaABAg,@TruckerCamTX,Guga really just made smoked water 💀,2025-06-01T03:54:50Z,0,0
UgwTListh0Ikuk5KaUd4AaABAg,@MsHojat,"Considering that they care so much about tenderness they should just throw a cooked steak in a blender sometime, lol. Also or instead would be to throw it in the blender before cooking and make ground-beef or beef-paté.",2025-06-01T03:47:22Z,0,0
UgxT37iBxkdkBQh4rUp4AaABAg,@callejondelafama25,"Dana White, Joe Rogan and you. The lost 3 brothers",2025-06-01T03:35:08Z,0,0
Ugx23WFgZTyrtOZE0Jd4AaABAg,@bargeman100,I brine my Thanksgiving turkey in sea water for 12 hours. Best turkey ever.,2025-06-01T03:34:11Z,0,0
UgyxaHov_bKeydehlbl4AaABAg,@saintgalaxy1648,This what to much money look like,2025-06-01T03:29:25Z,0,0
UgwdulcXTDQIMPSl_IJ4AaABAg,@YosoyPalma-m6t,"Guga, serious question, do you think in english or in portuguese?",2025-06-01T03:24:53Z,0,0
UgycDR7d8QSEFNX6RN14AaABAg,@emaryee,Lets dry age this steak by submerging it on water for a long time. Im i missing sonething? 🤔,2025-06-01T03:23:03Z,0,0
UgxrDfV0-pvLHDmJuHN4AaABAg,@bobiscius956,The flesh eating bacteria in the gulf coast will really tenderize the meat,2025-06-01T03:19:36Z,0,0
Ugy6ri_dQO4R8oRlh2R4AaABAg,@mus.k.4251,I dont know if you already covered in your previous videos.... can you do comparisons on 40hr lamb shoulder and different methods please. Love from 🇹🇷,2025-06-01T03:02:36Z,0,0
UgzTLm79Wj2rZdmnXnt4AaABAg,@eli312raq,so if you do this wuago will it just fall apart bc of how tender it is?,2025-06-01T02:51:50Z,1,0
Ugxcuv_Ew-AFA78Bb6F4AaABAg,@Remie79,Damn he put a steak in an aquarium with algae complete setup with oxygen. Next time he'll put live crabs and fish....next level,2025-06-01T02:45:14Z,0,0
Ugz09DvscgApDRiMFrx4AaABAg,@edbeastgaming,im afraid that all 3 at once is too much salt. want i want to see is a sea water and smoke.,2025-06-01T02:42:55Z,0,0
Ugy1nDLLWv_AOBZmcEZ4AaABAg,@cerealdude890,"If I gotta eat a sea water steak, give it to me well done and then another few minutes",2025-06-01T02:34:35Z,0,0
UgyruaPWvIcZCk7IkZx4AaABAg,@CHEEZEE-2880,"lol i thought about how unique the flavor would be, then i thought about all the sperm from every sea creature in the ocean was about to bukkake your steak

edit: that pasta looks lovely, thank the chef",2025-06-01T02:34:29Z,0,0
UgyvyT-R0kUi3-xN0TN4AaABAg,@kevinjiang9980,"attention to all kids, do not try this at home or anywhere unless u want diarhea and an unhealthy body",2025-06-01T02:30:38Z,1,0
UgyMenwVZqQkDcpDsoB4AaABAg,@baker4000,DO NOT DO THIS,2025-06-01T02:26:50Z,0,0
UgyTOzaEWTR5pwpePwJ4AaABAg,@IAmDoingGodsWork,"For those who don' t live by the ocean, you can buy sea water online.",2025-06-01T02:24:52Z,0,0
Ugx1ZOgJTgiqu_-8MvN4AaABAg,@JasonWarren-v5w,Would it stink,2025-06-01T02:20:42Z,0,0
UgxqNfZ3Z5LvE3ow5Zp4AaABAg,@TF-Times,Did you sterilize the seawater? It’s full of bacteria and all sorts of plankton.,2025-06-01T02:17:02Z,0,1
Ugwz0ZHqt_MRLy9cnG54AaABAg,@ambassador8524,Thats side looks off the chain!,2025-06-01T02:11:23Z,0,0
UgxoyPGFDLCr8HRg_Xh4AaABAg,@MythicRayn,So what happens if you do this kind of thing with the Eye Round? It's been a while but isn't that the one that you did the experiments to see if you can get it to be more tender?,2025-06-01T02:06:51Z,0,0
UgznujhCAG532woCgJ14AaABAg,@Toelishness,Did you add o2 or air? Also why not show how you filtered the sea water?,2025-06-01T01:54:15Z,0,0
UgwVKliR2nskhiQgkCJ4AaABAg,@justanotheremptychannel2472,The pasta recipe won a auto-like,2025-06-01T01:51:58Z,0,0
UgyaVnYmrMWvrDfBQaF4AaABAg,@prostoypatsan,Nottt worth the time and effort.>>……,2025-06-01T01:39:12Z,0,0
UgwY8HLkOaW0wET8HEp4AaABAg,@Andy-ep7pu,"Guga you should compare the different types of charcoal, like which one is better for the flavor/how long it can burn for",2025-06-01T01:32:46Z,0,0
UgyJ7bhNMUPjtnfK25h4AaABAg,@i.c.wiener2750,I wonder how often they get the shits after eating raw rotten meat.,2025-06-01T01:29:58Z,0,0
UgyIzJJGNTF39jXilM94AaABAg,@subramag,"What’s next? I soaked steaks in my own urine for months and ate it, Jesus Christ.",2025-06-01T00:59:41Z,0,0
UgzTE3AkMIZyO-usmEp4AaABAg,@ReeceFeidler,4:44 Removing it from the WHAT,2025-06-01T00:50:25Z,80,11
Ugx5jk_KI2qipSn9aG14AaABAg,@das1339,"this experoment of yours open my mind so wide it blows up. wow sea water is amazing. even that konbu it gets its saltiness from seawater. wow. I'm a muslim, and it's halal to eat sea creature (except submarine lol). i guess maybe this is one of the reason. thanks.",2025-06-01T00:31:56Z,0,0
UgwKWL1wTuO5_WT9cPl4AaABAg,@AKFF320,This one may be something special.  Awesome job Guga,2025-06-01T00:31:41Z,0,0
Ugw4UFGB_2AEG9FZcYB4AaABAg,@AKFF320,What do you mean your surprised it dont taste like fish?  Does the ocean taste like fish to you?,2025-06-01T00:29:47Z,0,0
UgzAW4ZZSQ-iqrZD4Ix4AaABAg,@MarkMiller304,Aged in pee experiment please,2025-06-01T00:19:03Z,0,0
Ugyd0c73jVge6WmXqKV4AaABAg,@IBeTheEB,yeah! drop $200 on beef to get 3 steaks after months! ffs,2025-05-31T23:47:44Z,0,0
Ugy4iR76XeEleQ9P5EV4AaABAg,@ericscire,I wanna eat that steak.,2025-05-31T23:47:19Z,1,0
Ugz0TTbhgogmPoP6pCF4AaABAg,@dezmond8538,Wouldn't that turn the meat into mush?,2025-05-31T23:43:07Z,0,0
Ugy6ljHxsJZx-kRpKm54AaABAg,@classy_name,this is it for me man. the gimmicks are out of control and at this point you're just wasting food. good luck,2025-05-31T23:42:56Z,0,0
UgxtPZOs_tZsXJNmsAN4AaABAg,@vergg8464,"dude started smoking water, what is going on",2025-05-31T23:29:15Z,0,0
UgwnS8k0YGkFKuxjqWt4AaABAg,@themondoshow,where is his nephew?,2025-05-31T23:28:34Z,0,0
UgxxAKIA2Mt1bwQWmMN4AaABAg,@themightymathematician3881,Guga is literally changing the world. 👏. Impressive and inspiring!,2025-05-31T22:59:41Z,0,0
UgwULLPW8yOQXnnA5up4AaABAg,@AdamusPrime76,So much waste,2025-05-31T22:55:56Z,0,0
Ugys4rON084YlYabXXd4AaABAg,@Poenitus92,you've found the mythical origin of corned beef,2025-05-31T22:30:16Z,0,0
Ugy5a5dJNGMVUI2m5SR4AaABAg,@Lonelyfanclub,It’s ok if it’s from a major ocean just don’t extract sea water from Long Island sound.,2025-05-31T22:18:55Z,0,0
UgwpvRs2-U7KeyGSmKR4AaABAg,@steel3047,"""This one is exactly the same but instead of sea water i used my piss""",2025-05-31T22:09:28Z,0,0
Ugx48ZUW4yBbnc8uXg54AaABAg,@HartSickle,"How is this ""Dry Aged""??? This is ""Wet Aged"" 😂",2025-05-31T21:59:37Z,0,0
Ugwr13A2vcDRqziXUJN4AaABAg,@R3nHoëk,Mmm microplastics.,2025-05-31T21:51:36Z,0,0
Ugyd3CZZfjYuO-bknXN4AaABAg,@absin8078,A nice creamy❤ sauce that it is now ready for the pasta 🍝,2025-05-31T20:50:18Z,0,0
UgwFfNfqja1iQAC2Lhx4AaABAg,@Mith420420,sea water contains a lot of salt that is bad to consume for humans.,2025-05-31T20:49:25Z,0,0
UgxmNOwUTmDevgL5E0h4AaABAg,@JohnTheOne-nd7vn,"You had an error. In your final description to the guys, you told them that you used regular water with the sea weed stuff. You actually used seawater.",2025-05-31T20:35:39Z,0,0
Ugzq6ypFYEVeImxNMYN4AaABAg,@noahthompson5373,it would've been funny if they said.  it needs a little bit more salt lol 9:40,2025-05-31T20:21:40Z,19,1
UgzfgUCsy2njaClOvER4AaABAg,@DantesMuayThai,"people dont use sea water. seriously dont xD.  Look where he got it, its not your typical sea lol",2025-05-31T20:10:13Z,0,0
UgwW-6siaS-l4B5JuJJ4AaABAg,@Korgi_Polymer,Bro surfed the turf!,2025-05-31T20:05:43Z,0,0
UgwJFmhiTsNPywb561Z4AaABAg,@TokenChineseGuy,If Leo had his own food show I would watch the hell out of it.,2025-05-31T19:20:36Z,0,0
UgzscyEesaHpBqLm6WJ4AaABAg,@NamastePoon,at this rate he is going to age steaks in microbes...,2025-05-31T19:19:47Z,0,0
Ugx2CW-W6DzInqLcE7J4AaABAg,@AhnTeus,bro im italian and you can do Cacio and pepe better than me,2025-05-31T19:10:28Z,0,0
Ugxon8INcyulW9NQaYB4AaABAg,@cleniad,It's NOT SEA WATER dude.,2025-05-31T19:09:06Z,0,0
UgzselnWz0k_htUu-sZ4AaABAg,@XeonProductions,"Ok so you didn't use actual sea water, you just used a salt water brine?",2025-05-31T18:54:45Z,0,0
UgyX9IEZ1yle7mb_yhZ4AaABAg,@ChaseyMih,"What you are doing with this misinformation might send someone directly to the hospital or even death. There's no way you can convince me it is indeed sea water, the thing you just did has to be Water with Salt at 35 g/L, or brine solution at 70 g/L of solution.",2025-05-31T18:46:00Z,0,0
UgyWZOjUrK5F4P-x3RV4AaABAg,@Becanda14,This guy is already out of ideas 😂 better retired like outdoor boys dude,2025-05-31T18:35:51Z,0,0
UgyMk2dtbXlzPm1dnbl4AaABAg,@lepterfirefall,"So...did you use ACTUAL seawater for the meat? If yeah, Did you filter it, boil it? There is debate here that you made a salt water brine, not using seawater.",2025-05-31T18:35:10Z,0,0
Ugwn2r2xezhAgCoFjDl4AaABAg,@PickNNNPop,Pollution water???,2025-05-31T18:23:13Z,0,0
Ugx3CS4d6Upct78sTB54AaABAg,@geereal-indalo,"I was so mesmerized by the narrator, I had to subscribe... Even though I still have no idea what I just watched! 👌🏾🤤",2025-05-31T18:10:34Z,0,0
UgwabnJD0ikj79SrFt94AaABAg,@WorldTourer-7,"Geeza wastes so much steak trimming it, rather not age and eat the whole thing. That’s like a whole meal wasted trimming it",2025-05-31T18:10:12Z,0,0
UgwDixpUwxsWf3jgQRt4AaABAg,@Razimuth,Could have bought some instant ocean at PetSmart and mixed it to 35ppt,2025-05-31T17:58:08Z,0,0
UgwqlD7rrsqmc3i1z5R4AaABAg,@alastairmcleod5089,"4:22 Marge, I'd like a minute alone with the steaks...",2025-05-31T17:54:35Z,0,0
Ugw41IFHFE0kTY2HCxt4AaABAg,@MistyxNight,he put the wet thing in the dry ager :0,2025-05-31T17:48:18Z,0,0
Ugyqq7KwuT0oRyTk2Qp4AaABAg,@timdomlullen2610,Guga for meat president of the world🤘🏻,2025-05-31T17:44:26Z,0,0
UgxdexHu2nPy7BQHs4t4AaABAg,@thatcoolkid367,Bro is eating baby sea animal that crawled in that meat,2025-05-31T17:31:08Z,0,0
Ugxw0R4Vmf4IEd4HFG54AaABAg,@cheekon3559,Really no one has ever put msg in water combined with meat tf,2025-05-31T16:53:44Z,0,0
UgwRLYbJBWnAu007YGZ4AaABAg,@troyhall4372,Come try it with some Galveston Texas seawater 😂,2025-05-31T16:53:17Z,0,0
Ugweo1jdHm0u2JJUFOF4AaABAg,@xWeedman420x,"Quote of the year: 
Seawater straight from the Ocean everybody 😅",2025-05-31T16:52:56Z,0,0
UgyOHo6jDtAJasGm6gh4AaABAg,@tommygarcia8353,When did MSG become healthy for consumption?,2025-05-31T16:52:21Z,0,0
UgxDX7PyG_R0SXl606F4AaABAg,@infinitesimotel,All that lovely pollution and sewage mmmMMMmm.,2025-05-31T16:50:41Z,0,0
UgywJN2xs3COe0lxku54AaABAg,@Blahde,"All these years, all these Steak....techniques.....So much pulaver for revenue. You're a Genius 😅
Who cares though, right? If it's so, so great, if it's so, so 'amazing everybody'? Then why do we always, always end up at the 28 (+ or -) day aged Steak....everybody? Because a great Steak is easy, but without all the other crap the channel makes so little on ads.
It isn't a life saving miracle, it's cooking a Cow which we've been doing for thousands of years.",2025-05-31T16:29:18Z,0,0
UgyFa3RvGYWU2jggF_p4AaABAg,@abdullahraian144,"In Bangladesh, we have a cow called ""bhutti"". It is very different from other cows in looks and taste. Please try it.",2025-05-31T16:29:04Z,0,0
UgxPfg-3Wl1t-JNg3Dt4AaABAg,@Djellowman,Unbearable voice and demeanor. Low iq for sure.,2025-05-31T16:28:47Z,0,0
UgxUC--kJWkO8nH8JYx4AaABAg,@RamenNoodlePackets,"Thanks for showing me Cacio e pepe, it's delicious and insanely easy.",2025-05-31T16:14:01Z,0,0
UgwfP86qy1GHMomNqzl4AaABAg,@alphadarkheart,Now time to brine it in urine - Bear Gryls,2025-05-31T16:02:03Z,0,0
UgwuTHqzJime46xafgl4AaABAg,@Mikisoq39,Achievement unlocked: Get yearly allocation of microplastics from one bite.,2025-05-31T15:57:53Z,0,0
UgygwibbivI4Y54lW9p4AaABAg,@danypell2517,"so you cut the outside that got exposed
and What's left is just like the original steak but you lost almost half of it",2025-05-31T15:47:28Z,0,0
Ugzds9jTR-njnU9OZe94AaABAg,@POVShotgun,If only cows could watch guga foods,2025-05-31T15:41:06Z,0,0
UgzY_atA-f6Y-MiVaJ14AaABAg,@XData3301,Now dry age it in whale sperm.,2025-05-31T15:31:42Z,0,0
UgwCpZrRcXWVsQjHqHZ4AaABAg,@Willyliemfams,How can i recreate this without dry age machine?,2025-05-31T15:26:14Z,0,0
UgzuHwRtFrZcpEPC_794AaABAg,@medix1203,So you ate an old sailor lost at sea....👍🏼,2025-05-31T15:25:48Z,0,0
Ugy6BOPICB3nvXaA6J14AaABAg,@ChickenNoodle0404,why always undercooked?,2025-05-31T15:21:37Z,0,0
Ugy3dk_iJWxZ-sQ5Y_t4AaABAg,@denziiey,What have you not cooked steak in Guga?😂😂 love this channel,2025-05-31T15:20:13Z,0,0
UgwAd8sFRdmnakJo4h94AaABAg,@ChickenNoodle0404,water from the largest toilet bowl 😂,2025-05-31T15:10:29Z,0,0
UgyaNyEip3RlKk9tB0V4AaABAg,@MrWillypanda88,isn't basically just brining the steak?,2025-05-31T15:08:51Z,0,0
UgzFz04qsKWVNgHDrE54AaABAg,@AndrewJones-zz9wd,"Guga, do the same experiment with eye round.",2025-05-31T15:01:31Z,0,0
UgwqbukpFGoBUx93eSp4AaABAg,@yuuyuu_8,What the hell guga,2025-05-31T14:50:49Z,0,0
UgwIPTHB7loRydTNngp4AaABAg,@aprillen,All the microplastics in that seawater should add some... je ne sais quoi... to the meat as well,2025-05-31T14:48:51Z,0,0
UgzqUdAB7RA4tjBR8Od4AaABAg,@KeirMurphy,UK viewers: Do not attempt to brine your steak in British seawater. You might as well have a dump in a bowl and stick your steak in that.,2025-05-31T14:45:45Z,0,0
Ugx7HxewuckrANJyBfZ4AaABAg,@RonaldMcPaul,So modest of Guga to not show off his 6packs after his cut.,2025-05-31T14:04:53Z,0,0
UgxNThNb2MRlM8gfefh4AaABAg,@LewdGeek,New grill song is lit,2025-05-31T14:03:13Z,1,0
Ugw79z4RDhol0pu8Dwx4AaABAg,@dadbodgaming.92,What's next? Cum dry age steak?,2025-05-31T13:55:17Z,0,0
UgzzwcZK7soAC3bo5Sh4AaABAg,@HollieCampbell-d4k,Pleeeeeeease do a steak that’s dry aged in poop coffee and call it the poop steak,2025-05-31T13:26:37Z,0,0
UgzspxXBpJ5Eri0464x4AaABAg,@Moe_Lester_fromUptwn,Crying right now in microplastics,2025-05-31T13:05:03Z,0,0
Ugz-SiloMHp5lVuZVFp4AaABAg,@itaybenlavan6873,Anyone knows how long did he soak the steaks for?,2025-05-31T12:59:55Z,0,0
UgwLdfOUsl7ZNW68f954AaABAg,@alfred.clement,It would be nice if these were ranked and compared to other steaks.,2025-05-31T12:55:15Z,0,0
UgzKTdktuFYH4o9zXbh4AaABAg,@MrNightmarekill,"If it was a questionable experiment, you would have called the Kombu steaks WAY too tender 😂",2025-05-31T12:45:16Z,0,0
UgzT7YUTx5xDFM3hT_14AaABAg,@sumanbr9773,Damn! I was so close to see my bro eat an animal 🍖 that died before I was born ! 🤯,2025-05-31T12:34:48Z,0,0
UgzJrQ66GyZr28kqb-J4AaABAg,@trapharddon,SEAFOOD STEAK!! What a concept and I’m here for it ❤,2025-05-31T12:23:59Z,1,0
UgwDmYYAvd4AOQipmAh4AaABAg,@cocobronco2519,"Sea water consists of 3.5% salt, so next time I will put sea salt 35 g into 1L of water sound looks like wet brine to me.",2025-05-31T12:13:30Z,0,0
UgwnCcDUM7fcfY1PKZd4AaABAg,@MariemorenaJoseph,Sea water is full of pee,2025-05-31T12:04:08Z,0,0
Ugy4YjN0_9QCes9g0Mp4AaABAg,@stunimbus1543,"I would like to try some of Guga's ideas, but the price of meat in the UK is so high, it would break my heart cutting away so much after the aging process.",2025-05-31T11:59:00Z,0,0
UgzsdiIG2LQNnP0yokV4AaABAg,@mrartdeco,Imagine going to his house and see a slab of steak sitting inside an aquarium 💀,2025-05-31T11:32:47Z,0,0
UgzoNliHvvNEJOaW8Xx4AaABAg,@Greedman456,Duration of the wet aging isnt mentioned in the end😢,2025-05-31T11:24:34Z,0,0
Ugzf6xdNAC-V8kU0RGl4AaABAg,@bmeissn3,Whale meat is basically like beef that tastes like salt water or the ocean.  I don't condone whale hunting but its dead so if not bought it goes to waste.,2025-05-31T11:20:57Z,0,0
UgyxvwssT-wXVMBSW_B4AaABAg,@matheusfelic,Where is angel?,2025-05-31T11:08:49Z,0,0
UgzIr9ijsu1QWk22nrJ4AaABAg,@73puto,Anything for fckkkin likes with Guga,2025-05-31T11:06:11Z,0,0
UgxC2zY3Vo435qIVuYt4AaABAg,@marcellmcghee4782,Forgot the pepper flakes,2025-05-31T11:04:23Z,0,0
UgxiBu_9_OHh42qTCcR4AaABAg,@mind.island,seriously?is it real? no mold etc?,2025-05-31T10:55:56Z,0,0
Ugw5UtkmIX9UcDSbBcx4AaABAg,@stars5753,Seeing dissolved oxygen used in cooking was pretty cool!,2025-05-31T10:43:37Z,0,0
UgzEMEe1JwTPxGl9enB4AaABAg,@ZainMAF,its just me or this guy voice is just same as Peter from Fam Guy Animation,2025-05-31T10:34:10Z,0,0
UgxiHBlrcnLZhmIbAiV4AaABAg,@RYsingLegend,"guga... people, fish, and animals piss in that seawater ya know.... that sounds so unsanitary....",2025-05-31T10:33:17Z,0,0
Ugy--k0otwaNn8yQ_Nh4AaABAg,@cronix1314,why the sea water look super clean,2025-05-31T10:32:11Z,0,0
UgxZEjorIWZwrNgFdql4AaABAg,@shared-knowledge,for those who missed it I'll repeat it again use a salty brine mixture Not actual sea water.. unless you just love to get in nice and personal contact with whatever micro organism and chemical that can be found  in todays sea water.,2025-05-31T10:24:42Z,0,0
UgwDr6aSnUUD99Pvhd14AaABAg,@ScottCannon-w9f,"All the rubbish and dead decomposing creatures not to forget literal 💩, I’d give this a miss 😂",2025-05-31T10:09:24Z,0,0
UgyeVVoyzP1K-a39eO94AaABAg,@cassiesayshi8174,Wait but doesn’t he have to take it out everyday? 3:12,2025-05-31T09:27:16Z,5,3
UgwyoVPxDS3HU5mns3t4AaABAg,@bastonyx,"A app for bbq? Bro, give up... soak in watever u want, also lost..",2025-05-31T09:20:34Z,0,0
Ugwi7O4CTkDA78bZ2pR4AaABAg,@wrxsubaru02,So was it really sea water or just salt water?,2025-05-31T08:43:11Z,0,0
UgzOdC-krRbtT5HkT094AaABAg,@kabs2091,where is nephew angel,2025-05-31T08:41:10Z,0,0
Ugwv-YbIycYlFMioWGJ4AaABAg,@johanh9010,"Guga, could you talk about food safety in a video? Especially for dry aging and also wet aging i guess?
Nice experiments",2025-05-31T07:59:08Z,420,11
UgyHv_9h4i90A_lmmU94AaABAg,@sane5485,damn this idea is bad... you want to get deadly bacteria?,2025-05-31T07:48:08Z,0,0
Ugw59OebGa0AGRjeRbl4AaABAg,@BryanCervantes-q2t,Why people acting like eating raw meat is good,2025-05-31T06:50:40Z,0,0
UgzSifrg5eMTum6rH6N4AaABAg,@ImJustTrent,"If you collected that sea water at the shore like that, it's more like pee water. You brined your steak in piss. You made R Kelly steaks.",2025-05-31T06:43:50Z,0,0
UgxxbmVVZrGRYMjK1Jx4AaABAg,@fnordwolfe1269,You put a bucket of water in your dry ager?,2025-05-31T06:38:22Z,0,0
UgyTnR_rF44HXXf_reV4AaABAg,@Ali-tf1hw,try eat Nihari Meat from Pakistan u forgot all the steaks. i bet u. u should try Pakistani Nihari.,2025-05-31T06:36:55Z,0,0
UgwzO3yovjYQppJqx-R4AaABAg,@LORDSTRYKER92,Dry Age Steaks in PCP,2025-05-31T06:35:54Z,0,0
Ugz0mduehpxH2gYIzd94AaABAg,@VOIDxSCYTHE,Spoiler: he dead now 😢,2025-05-31T06:34:37Z,0,0
UgwWvJmLJO9vno8gwMJ4AaABAg,@Toxic-wc6fh,Sea salted taken to another level,2025-05-31T06:19:16Z,0,0
UgzV0e_CTpgdTA4kQMt4AaABAg,@OnaOmaOla,0:23 And for good reason.,2025-05-31T06:08:49Z,0,0
UgxrF_NKMBq78SAWsSd4AaABAg,@c.trammell,The guy that replaced Angel is creepy,2025-05-31T06:03:01Z,0,0
UgwvDwM_Jm_mwi148ZZ4AaABAg,@dinewalton,"i'm not squeamish but sea water close to the shore always has trace amounts of sewage and feces, both from humans and fish and whales.",2025-05-31T06:01:27Z,0,0
UgyzzMusLsnWbZbi7MB4AaABAg,@vst4r,"When you watch gugas video, just think that whenever you watch he’s most likely dry aging something right now",2025-05-31T05:53:01Z,0,0
UgzHGqPMAOnP0aqbmoN4AaABAg,@tv_head7488,Guga please tell me you filtered the water or something 😭,2025-05-31T05:12:29Z,1,0
UgyahFA6PwlUxAcDk8p4AaABAg,@DMutsky,Thanks Guga for another great meat experience. Question what do you do with the trimmings ?,2025-05-31T04:49:12Z,0,0
Ugxsz0lTHI1toqyh0Od4AaABAg,@wheresmymommy9882,SOAK A STEAK USING SAND,2025-05-31T04:43:24Z,0,0
UgyLlArt75EFL2BVSxl4AaABAg,@iqbalbara8538,You slowly transcending to legendary researcher,2025-05-31T04:38:57Z,0,0
Ugy2YNqHTAnmyCjAQq94AaABAg,@sambo314,"0:23 No one has ever done before? 
What if a caveman did this 5,000 yrs ago and forgot to write it down 😂",2025-05-31T04:30:07Z,0,0
UgzojlZJQ4gMqf9-osh4AaABAg,@allisone47,Guga you’re looking good and healthy brother! Blessings and love!,2025-05-31T04:22:24Z,0,0
UgwSxw1fEonckdJmx8R4AaABAg,@bouncerslabrealnature9143,Being mentally unstable is evidently in his genetics 🧬😅😅,2025-05-31T04:06:50Z,2,0
UgzJqpNDBlAqXo7E12F4AaABAg,@hawaiihiker6285,So you brined a steak?,2025-05-31T04:01:53Z,0,0
UgzOrWBbhA8tTo1OqsN4AaABAg,@jagerking7020,"Next up, Guga will be marinating steaks in the semen of 1000 homicidal maniacs from the El Salvador super prison for 9 months and eating the Freddy Krueger steaks.",2025-05-31T04:01:05Z,0,0
UgxYMZBmoqiCIaEzmit4AaABAg,@GOOMBAHx,"When do we finally say “Guga, you’re doing too much” 😂",2025-05-31T02:51:13Z,0,0
UgzFhKVXVAW5oW1VyiN4AaABAg,@JdTheMetalhead,Damnit Guga why cant you just tell us exactly how long you dry age for?!,2025-05-31T02:29:17Z,0,0
UgxJr9YLAH66_c_OYzt4AaABAg,@runkorko,Depends of the salt %. Try in black sea and see what happens 🤣,2025-05-31T02:28:58Z,0,0
UgzVyS4wdsuB1rsayc14AaABAg,@jesuscampos5909,I thought this was Jello by the picture. That's a new video idea. Let's see a jello aged steak!,2025-05-31T02:21:40Z,0,0
UgwRXHktKMxSdIyZPFt4AaABAg,@MacStrong55,How long did bro stir wet cheese to turn it into cream?,2025-05-31T02:10:37Z,0,0
UgxnvlqUO5uHiHat5uB4AaABAg,@chrisdryer,Next you have to do pond water and swamp water.,2025-05-31T02:08:47Z,0,0
Ugzaw8TtiTwKPewrRuN4AaABAg,@DreGamer,Y’all are really arguing about whether or not he used sea water like you were there. 🤣,2025-05-31T02:07:51Z,0,0
UgzUe6xUNZaFQ1rx6fx4AaABAg,@guilhermegamito5589,Do it with eye round,2025-05-31T02:05:38Z,0,0
UgxLhVzfCwTmzIT-cGl4AaABAg,@cosmicallupus2201,Now Guga time to use Dead Sea water :) or using Ancient Roman Garum,2025-05-31T01:44:28Z,0,0
UgxOPWWdhP8XqstxvSp4AaABAg,@Richardlizhu,Did he put water in the dehydrator??,2025-05-31T01:27:50Z,0,0
Ugwt6vjhsCv-Aaajpex4AaABAg,@SoloSenS,Next will be radioactive meat. ULTIMATE TEST,2025-05-31T01:22:37Z,0,0
Ugy9uje-0GArU-_rvgh4AaABAg,@H-MABE,You have to do this same experiment with eye rounds Guga!,2025-05-31T01:13:00Z,0,0
UgxYSArzPdMI7O-LigR4AaABAg,@heartdyedpurple,"Guga at 10 million subs: “I kept these mammoth steaks in glacial ice for 10,000 years and ate it”",2025-05-31T00:52:49Z,2,0
UgzcjbwNm1M0DLc7hDt4AaABAg,@YTPucca,Damn i didnt know Dana white can cook,2025-05-31T00:39:11Z,0,0
UgxJQ3lze7q3fe0HC554AaABAg,@vincentd9531,Age steak in your own ass fat for a month tubby.,2025-05-31T00:35:53Z,0,0
UgzWj49gY4Xq8ova5Vx4AaABAg,@James-g6m6i,Dont do this,2025-05-31T00:34:53Z,0,0
UgyZxC-Ne9HkxYYEyKd4AaABAg,@philll427,you need to try this with 1$ steak,2025-05-31T00:27:13Z,0,0
Ugz3gLdcjqAHv5H6tF94AaABAg,@mattc6018,0:20  💩.  It has 💩,2025-05-31T00:25:36Z,1,0
Ugyq54hKOGhNnv-ysRB4AaABAg,@taureanwooley,Now different sea water shipped to you!,2025-05-30T23:41:45Z,0,0
Ugzn5YtcTlEzPQ9-PNV4AaABAg,@lmatos369,So now i need to get ocean water to marinate my steak😅,2025-05-30T23:31:04Z,0,1
UgxweNGKiudAawEjYnN4AaABAg,@xCQj2MwJ,"Wow, you are going to get sued so hard after someone dies from eating steak that's been sitting in contaminated seawater for months.",2025-05-30T23:31:03Z,0,0
UgzZ_W7zKYij9Y81n2B4AaABAg,@Tacoking8891,"Seeing those steaks floating in the fluid brought me back to graduate school, from my time in the cadaver lab. That is exactly what body parts look like when preserved in tanks lol. Some of the specimens we had were decades old and looked just like the salt water one.",2025-05-30T23:26:24Z,0,0
UgxUcvILmij7tAaxvQR4AaABAg,@KhemBMD,So…..idc that much about the microorganisms I think most will get cooked out if we’re talking bacteria…and I doubt parasites are just floating around they need a host……but beaches….have been known to have fecal matter 😅 did you test the water at least?,2025-05-30T23:26:12Z,0,0
Ugx1dHZwWFDXQ7QHfVN4AaABAg,@ramayaruk,When did angel turn into a nerd?,2025-05-30T23:10:59Z,0,0
UgwPHOxTm2GXtMVMo154AaABAg,@ramayaruk,I hate the new letss dewitt breakdown music!,2025-05-30T23:09:00Z,0,0
UgxOVedHxd2nc5woFMh4AaABAg,@diskoBonez,I just imagine Guga's home is full of these giant plastic containers full of mysterious liquids and steaks,2025-05-30T23:01:50Z,0,0
UgxXDSS42Hl-nJJRh9N4AaABAg,@thegreatbamgino,That's not garlic powder....it's granulated garlic.,2025-05-30T22:52:14Z,0,0
Ugy1hja_w093GGBUvqV4AaABAg,@mat_patenaude,"Guga, I think the only thing left is to send a steak to Mars for 3 years and sous vide it.",2025-05-30T22:51:43Z,0,0
Ugw2JQeRi28WQbPU_Dd4AaABAg,@FC2ESWS,Uncle Roger would say fuiyoh to the MSG brined steak,2025-05-30T22:47:42Z,0,0
UgyLCi7g2sEtTC_Jxn14AaABAg,@QSato-i6k,It's amazing that so many people watch this channel and still don't really have a strong grasp of why aged/cured/brined/fermented foods end up being safe to consume...,2025-05-30T22:38:05Z,0,0
Ugy8ZpPdtWRNoysSR_94AaABAg,@justinb2374,What an awesome experiment!,2025-05-30T22:32:12Z,0,0
Ugzz122kEoK0WSDPJrB4AaABAg,@maniac6655,you truly are the first guy to put an aquarium into a dryager xD,2025-05-30T22:15:45Z,0,0
Ugy3opiT5PlbADG9xdt4AaABAg,@TAPex011,"I don't remember which countries they are but there are some either soy sauce or fish sauce put in a storage and is put at the bottom of the ocean to ferment. It ferments faster and has a more controlled environment. I believe wine is also done like that too. Those are the most sought out soy sauce, fish sauce and wine and they are crazy expensive. Guga you should try and dry age a steak just like that too and see if it will work the same way too or at all.",2025-05-30T22:09:38Z,0,0
UgxjqcZXYh7fUgdLA3J4AaABAg,@davidlaos,"I soaked a steak in human faeces for months, and ate it.",2025-05-30T22:04:35Z,0,0
UgztWH3NqbT3BlaHhvp4AaABAg,@hericlezzz,"""You're a strange fellow, Guga"" 

Truer words have never been spoken.",2025-05-30T22:03:27Z,14,0
Ugzgr-RNG-b17Nod99B4AaABAg,@midzgaming,"*“I went ahead and grabbed some more of that sea water, then I threw in the 3 years old kombu”*

*“this one same exact thing but instead of using sea water I just used regular water and added kombu and smoked it”*

Huh… which one is it guga? 🤔",2025-05-30T22:02:03Z,0,0
UgzzwcQzpg_64QBmm114AaABAg,@eynki,"Yea please show the prep for the sea water brine. Im 100% positive you didnt take straight sea water. Or was this a switch up. show us some sea water then use something different. Dont get me wrong I love your videos, but this one is not up to snuff as your previous ones",2025-05-30T21:57:05Z,0,0
UgyAW2R1tmh9bwHhBfp4AaABAg,@3MPIREOFDEATH,"What will he soak steak in next?!?!  I say, steak…soak the steak in steak.",2025-05-30T21:53:16Z,0,0
UgyR5xHxAdO2EC6UZ-R4AaABAg,@daszzo,"Came for meat, left with an perfect recipe of pasta",2025-05-30T21:44:18Z,0,0
Ugz5kuc5EyD0IESk2wN4AaABAg,@TheSilverSphincter69,"Dry aged tastes better, but watching people cut off and throw away so much edible meat simply pisses me off. That cow gave it's life for you to eat it..stop being so damn wasteful and eat the whole thing",2025-05-30T21:33:32Z,0,0
UgyN_a2q7u7YmaYn5r14AaABAg,@lxmbmemphis,"Next video: ""Dry aging steak in hydrochloric acid""",2025-05-30T21:27:10Z,0,0
UgxGnX4cY49muGj5zGF4AaABAg,@VoytekWilczynski,4:21 I should really call her.,2025-05-30T21:13:43Z,0,0
UgwyhZ81mj4jd8Of1DR4AaABAg,@joynityT,sponsored by the pacific,2025-05-30T21:07:19Z,0,0
UgxBJGUlq-_Uv2MhvOh4AaABAg,@justinabaya6622,"Guga, you got another shout out on Rogan! I hope his people reach out to you. Talked about your video for a few minutes too!",2025-05-30T21:05:07Z,0,0
Ugz2Cl2HuXJr-dnOBtt4AaABAg,@jeniandrea,The da Vinci of steaks,2025-05-30T20:58:08Z,0,0
Ugx4tRGnc6Atc7oyxh14AaABAg,@safarano22,I thought it was Dana White,2025-05-30T20:57:23Z,0,0
UgyPtz_-YCoImW1NmxR4AaABAg,@RockNRolisss,It would always make much more sence if i was invited to the table.,2025-05-30T20:55:42Z,0,0
UgxWtyVCq6OXZctrzs14AaABAg,@gysghost5126,"no more meat, that's now fish",2025-05-30T20:43:46Z,0,0
UgwKjQ8cEasUXtLyeLZ4AaABAg,@DongkerKongker,dry age yourself,2025-05-30T19:51:35Z,0,0
UgzRQwV4OXjiC_KAEUh4AaABAg,@dukoth6552,"so it's filtered water with sea salt, RIGHT!?",2025-05-30T19:36:34Z,0,0
UgxDeGjDF8MsHKnQ0_t4AaABAg,@MrTea22,Mmmmm microplastics 🤣,2025-05-30T19:27:17Z,0,0
UgxxJBsDF2zkwE97T3R4AaABAg,@mkrishna1684,I am confused here. Did he use sea water or just home made brine?,2025-05-30T19:25:42Z,0,0
Ugx-jyawYqqUiaCZEpF4AaABAg,@lewis7573,How did you filter the sea water ?,2025-05-30T19:22:32Z,0,0
Ugz46f9vHhoGZifyySB4AaABAg,@crispinchackoalbert,"You have to dry age with coconut 🥥🌴 like oil,milk of coconut 🥥🥥🥥😁👍🏽✔️",2025-05-30T19:13:09Z,0,0
Ugza6YSjgOMgiSk6py14AaABAg,@sudoPrivileges,This was the most clickbaity video that I have forwarded to the end in a long time.,2025-05-30T18:54:47Z,0,0
UgzWXHSquOBYllPylaN4AaABAg,@matty_isthemotto,Its time to stop guga. These experiments are just getting beyond ridiculous.,2025-05-30T18:49:21Z,0,0
UgwluJlkbRdOdu-Yp_V4AaABAg,@Taylorra2017,Why didn’t you put the steak in a bag?,2025-05-30T18:34:39Z,0,0
Ugy2f40IMGPFzmy62Id4AaABAg,@powsinwosin6808,Is that food grade silicone on the aquarium tank,2025-05-30T18:27:29Z,0,0
UgxdsD0aXT7UfZxU8t54AaABAg,@powsinwosin6808,"What if some freak accident like the sea was 5000 miles from a farm runoff and it had brain eating bacteria, then they love it medium",2025-05-30T18:25:11Z,0,0
UgzRR6LF4b07Q03TlU14AaABAg,@davidlevy9430,"Next week's secret sauce. Sewerage water, it's got all sorts of clever bacteria and is also pretty salty, especially if it's near a meth lab",2025-05-30T18:08:21Z,0,0
Ugz-7oZYTGjGJWc2_RB4AaABAg,@MrNelliboy,"Next vid, severe weight loss and a tapeworm, like and subscribe!!!!!!",2025-05-30T18:03:40Z,0,0
UgxgNf821hNhTA1Vms94AaABAg,@19kkilo,Absolutely wildly impressed,2025-05-30T17:57:08Z,0,0
Ugy7dWSgGlcYOGLouH14AaABAg,@Gostyx,"""...grab some more of that sea water. Then I immediately throw in the three-years-old combu"" at 2:01

""...instaed of using sea water I just used a regular water with combu "" at 12:37

So maybe let's settle this once and for all where exactly Guga missed the truth? xD",2025-05-30T17:45:07Z,0,0
Ugx7GIJSevKj0vB-4pl4AaABAg,@fariszero6761,Cover steak with dirty on Mars next,2025-05-30T17:42:04Z,0,0
Ugy_pWgrCUHtUJGygGF4AaABAg,@Soulcool24,I don’t think I wanna try gulf coast of America sea water in my steak..,2025-05-30T17:23:22Z,0,0
Ugw4AX-dvX8s8uebcnR4AaABAg,@MattieTurner-m4u,Tgis guy is the Nile Red of steaks,2025-05-30T17:06:30Z,0,0
Ugw6fQaeGr6k_EBYvV54AaABAg,@joesmith7427,Ships years and years ago would bury hams just off shore to preserve it. The salt preserved them.,2025-05-30T17:03:44Z,0,0
UgyT4c8IdUtWELWZ1iJ4AaABAg,@goatmagnetics5299,What type of cheese do you use for your favorite pasta?,2025-05-30T16:49:26Z,0,0
UgwtHhf1mqnln1oIP854AaABAg,@AlphonsoLamina,and dont forget about the amount a wale lets out after making love ... 🤢 Thats  why the ocean smells like Fish Thats ! why !,2025-05-30T16:30:31Z,0,0
UgzVMG9bXAV6JvpY41d4AaABAg,@Ray-ii2kv,Today we're cooking a water corpse,2025-05-30T16:30:17Z,0,0
Ugw2RSqdqZuwfGxipm14AaABAg,@KevinRavensberg,Secret ingredient of the ocean water: whale sperm,2025-05-30T16:23:37Z,0,0
Ugw4bhUh1WXztxhhYet4AaABAg,@KeyT3ch,Hey Guga! Can you try soaking your meats in Shirako next time? A delicious Japanese appetizer! (Google it! 😉),2025-05-30T16:15:46Z,1,0
Ugw3ZdtzV2iKO8yEmsV4AaABAg,@GaylaBeard,$5.00 target for $XAI500 is absolutely doable. It's only May — seven more months to cook 🎉,2025-05-30T16:14:24Z,0,1
Ugxuhd4ohoaPthiD4zd4AaABAg,@PapiPatchez420,"Ok now, PLEASE!!!!infuse some dry aged chefs choice of sauce(infuse with weed  syrup) A5 wagyu kobe beef with some weed butter... I want to see you baste it...... Add some tyme.... Salt pepper......a pinch of cayenne pepper, half a pinch of Italian seasoning(make it well done not burnt, asparagus garnish(cooked in weed butter from the steak for extra flavor)...... Pour a chilled Dixie fruit punch weed drink on the rocks(Use a small paintbrush to add liquid chamoy to the rim. Then Rim glass with tajin )......for desert i want to seea crushed pecans and oreos above a  vanilla strawberry shortcake swirl weed butter infused ice cream with weed chocolate melted on top......dont forget some weed gummies for toppingsss 🤤🤤🤤🤤🤤🤤🤤🤤🤤🤤🤤🤤🤤🤤🤤🤤🤤🤤🤤🤤🤤🤤🤤🤤🤤 PLEASE I WANT TO SEE IT CREATED. THIS IS YOUR NEW SIDE MISSION. I CAN ONLY ENTRUST YOU WITH IT KIND SIR. I HAVE SEEN YOUR VIDEOS AND ONLY THE BEST CAN BE ALLOWED TO COOK THIS MASTERPIECE. I NOMINATE YOU SIR!!!! DO YOU ACCEPT THE CALL TO ACTION KIND SIR??????????!!!!!!!!",2025-05-30T16:14:18Z,0,0
UgzScArb1ll-PE3R3254AaABAg,@vaylonkenadell,"""And since we _dry brined_ it with salt...""

Er...",2025-05-30T16:13:41Z,0,0
Ugx3UZkLGz1aHhZ1R254AaABAg,@Ashdgaf_k,"At this point I wanna see Guga marinate his meat in dog piss,pause",2025-05-30T16:12:55Z,0,0
UgxQ6i9GvQLOrVmR3hN4AaABAg,@RobinEstrella,Good advice! Bought $XAI500 after hours of research now!🔥,2025-05-30T16:12:29Z,0,0
UgwC96Pn59CIPysZghR4AaABAg,@LeesaWilliford,swapped 3.9 btc for $XAI500 just after you posted your $XAI500 trade . 0.96 entry 500k up atm :) thanks so much for the honesty.,2025-05-30T16:12:20Z,0,0
Ugw0uohZVmWw609fN8J4AaABAg,@RosioBabcock,swapped 3.9 btc for $XAI500 just after you posted your $XAI500 trade . 0.96 entry 500k up atm :) thanks so much for the honesty.,2025-05-30T16:10:35Z,0,0
Ugx54G3Mt5GpseJdIRN4AaABAg,@ChasityCardwell,swapped 3.9 btc for $XAI500 just after you posted your $XAI500 trade . 0.96 entry 500k up atm :) thanks so much for the honesty.,2025-05-30T16:07:49Z,0,0
UgzJHIeRSOq_2ErF06R4AaABAg,@KarleneFoust,"Over the next decade we will see two strong trends. Bitcoin (BTC) for decentralised global money with billions in inflows over time. Give the ETF a few months to stabilize and then we suddenly see the supply shock surge. We will also see much greater awareness of $XAI500 (XAI) taking a key role for decentralised global data storage. Both vital for the internet, the crypto ecosystem, and for humanity. And both poised to generate massive wealth over time.",2025-05-30T16:02:15Z,0,0
UgxzwGzo66y07ddn0Fh4AaABAg,@NathanIsaacs-k6c,"Thanks for the update, great video! Learned alot about the crypto market and $XAI500. Glad we are still early for the prelaunch phase. Elon Musk is going to make some millionaires by end of June!👀",2025-05-30T16:02:12Z,0,0
UgzeSDOOX_HUGO1KS8N4AaABAg,@KarleneFoust,"$20,000 invested IN $XAI500🔥",2025-05-30T16:01:25Z,0,0
UgymV2ztZdjqWNC3FlZ4AaABAg,@NichelleDaily,XRP moon? BTC halving? Forget that — $XAI500 is where the real money's about to explode! 🚀,2025-05-30T16:00:29Z,0,0
UgwuEkjIXq-hBfhEbwV4AaABAg,@ReyesDavidson,"XRP-20% $XAI500-80% now, believe the wealth transfer from the lord!",2025-05-30T15:58:42Z,0,0
UgyaBzg-tIrDqvFZZyV4AaABAg,@josueruiz3923,That second steak was raw😂,2025-05-30T15:30:24Z,0,0
Ugy2Rv22jRFdrCjqTph4AaABAg,@K-Whateverr,Please do soaked in Gasolinneee afterrrr 🥹🙏🙏🙏,2025-05-30T15:19:10Z,0,0
UgycjSy-CQRNy8jz2Rt4AaABAg,@DarkDramon,"""And traces of gold"" is that foreshadowing on a future video?",2025-05-30T15:17:20Z,0,0
UgzpFMq_wr-fK-IreEJ4AaABAg,@robrodriguez2876,What happened to the other guy that is normally with guga in the taste testing?,2025-05-30T15:12:53Z,0,0
Ugw3MXjECFx5eChxUeF4AaABAg,@Sail17,interesting. but how the f did he clean the seawater. i can't believe that sh*t didn't decompose after a few days with raw seawater,2025-05-30T15:08:45Z,0,0
UgzNS9yAPUkr-wfPrO14AaABAg,@TheLazyLion08,I believe the smoke actual caused the steak to be tender because water absorbed the carbon dioxide and became acidic though the msg should have weakened the acidity because its alkaline so if you havent added it the steak could have fell apart🤣,2025-05-30T14:58:34Z,0,0
Ugy3oZvEsonZjKD7RI94AaABAg,@The23Anonymous,"I don't know man, calling this one ""dry"" aging is kinda dumb 😂",2025-05-30T14:46:58Z,0,0
UgwJTRj41zC-pO3X2SN4AaABAg,@themodguy3233,"""Hey guys, today we are going to scientifically create a water corpse""",2025-05-30T13:57:11Z,0,0
UgyhYXWH6Kun98rzQzl4AaABAg,@robfreeman5783,Random but just have to say Guga looks FIT af lately and I'm proud of him.,2025-05-30T13:55:28Z,0,0
UgziIjlBSi4mjh-3GIR4AaABAg,@Grd583,I say great video 👍👍,2025-05-30T13:52:49Z,0,0
Ugw2UqYafAY_CvcUpy94AaABAg,@luv4jojo,He atp needs to do a series on how people back in the days kept their meat fresh and so on.,2025-05-30T13:50:40Z,0,0
Ugz6BiaW7whg6wRi0VN4AaABAg,@captainlcm,Next: I soaked a steak in Sydney Sweeney bath water for months and ate it!,2025-05-30T13:37:22Z,0,0
Ugz4s1H2X2g2DxtM7zR4AaABAg,@turnip5359,Pickled next one?,2025-05-30T13:06:47Z,0,0
UgzRWSjmCyu7-wgukkJ4AaABAg,@sgtstonks9063,guy on the left needs that steak so bad bruh,2025-05-30T13:01:24Z,0,0
Ugw3PGcUMvFDDkVzlEZ4AaABAg,@GurKiranRandhawa-w9s,Firm and soft at the same time like a titty😂😂😂,2025-05-30T12:47:43Z,0,0
UgyD5n-3whPfRUUceSR4AaABAg,@jackyyo1998,Be careful sea water has parasites,2025-05-30T12:45:26Z,0,0
UgzVKFG7K4MdHYq79Kt4AaABAg,@shurikenhead555,Lmao is Guga getting more and more unhinged or is it just me,2025-05-30T12:34:59Z,0,0
UgxxSKDoBlJLKHB54n14AaABAg,@reanderb.a8453,Ohhh yeaahh salty meat,2025-05-30T12:22:27Z,0,0
Ugy8NmPQu-Adb4grU6t4AaABAg,@leollastname6635,Oh that's nasty,2025-05-30T12:18:59Z,0,0
UgxVAcIkd5RztL3_yih4AaABAg,@LuckyLlamaLiam,microplastic city,2025-05-30T12:16:41Z,0,0
UgzVKU9Srt6wLZQHlqV4AaABAg,@vibes6831,NEXT TRY DRY-AGE WITH PINEAPPLE JUICE 100%,2025-05-30T12:13:33Z,0,0
Ugy90K9rY5t6NbGhP9d4AaABAg,@adrianlee1790,how to filter out the sea water clean from the dirts and micro sand particles?,2025-05-30T11:50:09Z,0,0
UgwFQyzYKWcEeSDYYUd4AaABAg,@richarddesimone960,"You know you can get very sick from the bacteria inside of sea water????? Dont do this.  Guga dont care about his health just look at his weight. Its a good indication of someone who does not care about themself. 

Do not eat microbes from the ocean. They have not all been identified and studied for adverse health affects.",2025-05-30T11:38:39Z,0,0
UgyQ34v9dnTkHwbiqyJ4AaABAg,@stanglova86,you said you used more of the sea water on the second experiment but at the end you said regular water which is it guga?,2025-05-30T11:30:45Z,0,0
Ugzc_KRoXioI9Gmq1i94AaABAg,@gallihfarrelontowiryo649,"Sea waters that near the beach  have a lot of ammonia which is toxic, ammonia came from sea waste such as fish feces etc",2025-05-30T11:29:21Z,0,1
Ugw7VSiXxqS0hUueCwN4AaABAg,@DJ_AlphaChinnia,The last steak is something uncle rodger would love to try eating,2025-05-30T10:52:12Z,0,0
Ugzx5ANNnfWrDmc8ywd4AaABAg,@safayetsheikh,You have to try this with a brisket.,2025-05-30T10:49:20Z,0,0
UgzFvhp-5GBEmNbGkBl4AaABAg,@DJ_AlphaChinnia,"Dang uncle guga cooking like in a laboratory,  finally real steak experiments 😅",2025-05-30T10:44:06Z,0,0
UgwJmkYNLNR2MP7k_Qx4AaABAg,@CoookkkDDDD,Could the dude squeeze in any more ads..... not worth it,2025-05-30T10:33:52Z,0,0
UgwlTptE2uP42HvDnlF4AaABAg,@miaowang3364,Can you please experiment with 老干妈 chinese crispy chilly oil,2025-05-30T10:25:40Z,0,0
UgwpVURcLjDRaW9wW7d4AaABAg,@WomanTakenBytheWind,GUGA- you should try this experiment again using just the salinity of sea water (sea salt + bottled water) and see if it turns out the same without all the other stuff in the sea. I'm very curious if it would taste as good if I tried to re-create this.,2025-05-30T10:25:29Z,0,0
Ugw1osxzAz-GF4LlJux4AaABAg,@TheDarkEclipxe,If it was actually sea water there would probably be an entire ecosystem living on and INSIDE of the steak,2025-05-30T10:14:14Z,0,0
UgzR-evKfv4r3y34nQB4AaABAg,@BethelAbba,"Guga is the only one I know who....

This is my fishtank.  See all the neon tetras?  Today we're going to experiment and see how it affects steak.",2025-05-30T10:09:29Z,0,0
UgyLaxexA1COzzxKePN4AaABAg,@MaxxxMaxMaxx,there's something ironic to put a god damn aquarium in a DRY ager,2025-05-30T09:59:23Z,0,0
UgyaxtB1DVjPOaoJoTd4AaABAg,@fafnirymd,Wait hold on..you are telling me those sea fish that we ate is naturally age with sea water the same thing u did here?,2025-05-30T09:53:35Z,0,0
Ugx3Y6PkzPkSqmCrEDl4AaABAg,@UbeSuke,Bro is just a stake…Get a real job you 🤡,2025-05-30T09:46:33Z,0,0
Ugzdb9TAtNALIFsDI6J4AaABAg,@TravelAddictGuy,Sea water is full of tiny organisms. I don't understand how things wouldn't be growing on that steak.,2025-05-30T09:12:20Z,0,0
UgyeXRvUw5zJkpw15254AaABAg,@tomz6594,I'd be worried about pollution (such as petrochemicals) as well as microorganisms in sea water. Hopefully he just replicated it with regular water and salt at home.,2025-05-30T09:00:21Z,0,0
UgwOU54uNiP_Gu2Q-3x4AaABAg,@Randy-lg1qo,I might do this with a chicken,2025-05-30T08:37:03Z,0,0
Ugw73P2yjqp3oM15w354AaABAg,@cocobos,"Man, this looks super delicious",2025-05-30T08:25:41Z,0,0
Ugy2EEZQoD_3m7Y7BUJ4AaABAg,@worldsfinesteamup,"Hello, Humans
You gotta work hard in life, because nobody is gonna care about you more than yourself.

TERRANCE OUT",2025-05-30T08:08:04Z,0,0
UgxPnUi4G016oWG4U2B4AaABAg,@erikgilson1687,So many microscopic sea animals have reproduced in and around that meat. Also pooped and died on it. Enjoy,2025-05-30T08:00:51Z,0,0
Ugy4rNPkoKbnsq8Bm654AaABAg,@chudoigrok1584,"Name of video with pickles from 1:02, please?",2025-05-30T07:11:43Z,0,0
UgxRCZpy8wf1WpCaYpV4AaABAg,@FruitOrchards88,I thought that green stuff was the beef 😭,2025-05-30T06:43:08Z,0,0
Ugwf9lNwNVsZ8GTBYft4AaABAg,@ImJustAfunBBQ_r,Have you used the Thermoworks probes?  They are a little more aerodynamic..,2025-05-30T06:05:01Z,0,0
UgyuT4LaruKY79YwukZ4AaABAg,@Rondondo7523,Can I be one of your nephews,2025-05-30T06:04:58Z,0,0
UgzHRJfEkwoNFtakqpF4AaABAg,@hyperboreanesoterica6588,"Drink every time he says ""something no one has done before""",2025-05-30T05:50:51Z,0,0
UgxadjdrOiREjSeXwMh4AaABAg,@jimglatthaar4053,Amazing video.  I would love to know Guga's thought processes: how does he think of these different methods of cooking steaks?,2025-05-30T05:39:44Z,0,0
UgxCqj2pBLJRV0xLM3d4AaABAg,@chuggacheese,"2:02 - Guga says seawater
12:36 - Guga says instead of using seawater he uses regular water",2025-05-30T05:29:07Z,0,0
UgxJzZUBb5MCV_URbR94AaABAg,@JoxBarter,⚠️😬This is a dangerous experiment. Do not do this at home.,2025-05-30T05:17:59Z,0,0
Ugzrjv_XYkvTh1VsEvx4AaABAg,@buckaroobonsi555,Thumbs down for not indicating how long the meat was brineing for or the tep it was at.,2025-05-30T05:04:00Z,0,0
UgwtgHpnLOUQ7YYlFl14AaABAg,@MatthewLayo,Guga a little tip get your sea water far out so no sand or trash get in it,2025-05-30T04:58:57Z,0,0
UgyHDRDv4g2HcOUryQ54AaABAg,@gastroalchemy4499,I don't think the Korea thingy was to add oxygen it's probably the motion. Because the meats were in dry age bags.,2025-05-30T04:49:49Z,0,0
UgzOZteXTiVx66b99ml4AaABAg,@Plu7ology,Gugas garage is just filled with meat soaking in various containers,2025-05-30T04:49:07Z,0,0
Ugz7Vzas6EsIMkvGdLR4AaABAg,@slugshotgun,"he's getting closer and closer to aging these steaks in something more... exotic and earthy, sticky even, and quite the strong aroma too.",2025-05-30T04:47:12Z,0,1
UgyH4nQdvklj25mlgFp4AaABAg,@duongnguyen28048,can u do a dried age steak with pee ?,2025-05-30T04:37:59Z,0,0
UgzyFf_8KcBFUrmTBDZ4AaABAg,@KISSMIBUT27,He must doesn't realize how many viruses are in sea water.,2025-05-30T03:59:39Z,0,0
UgzAgTrnBXv-nDSG_wt4AaABAg,@Jesusb87,Guga when you gonna have joe Rogan in one of you videos,2025-05-30T03:52:36Z,0,0
Ugxfsywe3NcZ5eM-i754AaABAg,@joshb4787,I took a poo in the sea the other day,2025-05-30T03:52:29Z,0,0
Ugwz6mXl6ARKAR0RwYx4AaABAg,@martindiaz1256,Try an experiment with Vegemite or Mead,2025-05-30T03:43:17Z,0,0
Ugw7EjDqIxPi8qG9deJ4AaABAg,@LeonardGreenpaw,2:02 he says he used seawater on the combu but at 12:40 he says he didnt use seawater and used regular water,2025-05-30T03:36:19Z,0,0
UgyU56siBhGGKXXrV_R4AaABAg,@aLousyBum83,"""Hey guys. I've just coated this prime cut of steak in black-tar heroin and let it set for months. Now we are gonna eat it and see how it tastes.""",2025-05-30T03:31:17Z,0,0
UgxhagP7E7qr1y0FEdd4AaABAg,@huzaijack4282,What guga did is why i love the internet.,2025-05-30T03:28:05Z,0,0
UgyY90dVVzdaaxNk-qt4AaABAg,@awsomezach364,Do the dry aged water experiment,2025-05-30T03:04:51Z,0,0
Ugw73uidc6swY0iBkRB4AaABAg,@________________h8nu51,"Next up, yet steak sit in pile of dung and then cook it! 😂",2025-05-30T02:41:57Z,0,0
UgzLQYbjq0jrFP7sCGd4AaABAg,@sergiolemusXxAssassin006xX,Serious question. I've been wondering since you've been dry aging for a while and sometimes works on sauce coverd things. But how does dry aging in a brine differ from just letting it sit in the brine and in the fridge,2025-05-30T02:33:48Z,0,0
UgzRMU87M2mH41GzXRJ4AaABAg,@danielpas368,Up next steak aged in only fans bathwater,2025-05-30T02:27:11Z,0,0
Ugzi4skUjncY7MyvaTt4AaABAg,@dangitdale4835,How did you clean the sea water before using it?,2025-05-30T02:19:46Z,0,0
Ugyp0hMAPjr6huK5Qcp4AaABAg,@Fro609,where is angel? why is this new guy in the videos,2025-05-30T02:14:14Z,0,0
UgzoyaFK8pcQ_eXa-JJ4AaABAg,@akramdogha3778,"""it's up to my standards"" said by the two assholes who literally contributed by nothing.",2025-05-30T02:11:54Z,0,0
UgwXrNXHP0y54N9reDl4AaABAg,@gebula2038,guga what happened to angel man..,2025-05-30T02:07:45Z,0,0
UgxCQ0WgPMj_i6Fq-XN4AaABAg,@Darkslide2AR-FE,Damn Guga I wanna be there for pasta and steak.,2025-05-30T02:00:58Z,0,0
UgyAX2zqjxwEVsG3mCR4AaABAg,@JanBooss,Oxygen doesnt help if the steak is wrapt in plastic,2025-05-30T02:00:40Z,0,0
UgxAJ2XFWMfgM-XMXld4AaABAg,@EpicTales-y6v,Thsts nasty,2025-05-30T01:53:20Z,0,0
UgyCJXyt9UzuS-ntOrl4AaABAg,@Orthodoxy_Rising,Put the msg in the salt water.,2025-05-30T01:43:18Z,1,0
UgxS6egkHBxZGQyZLoJ4AaABAg,@jasperpipes4222,This is what happens when you run out of content for a channel that cooks meat....,2025-05-30T01:34:33Z,0,0
UgxKtFmyEcyQdTa2m4t4AaABAg,@Dimentian,Nope. Too many microbes. You did a salt brine.,2025-05-30T01:28:08Z,0,0
UgwFmIoVy4yZI8A79LR4AaABAg,@corinkirkland,You got mentioned on Joe Rogans Podcast with Eshan Ahmad @ 2:56:26.Nice one 🤙,2025-05-30T01:26:33Z,1,0
Ugzo8sTQTU9Uiij3W5d4AaABAg,@Asalts21,Hear me out… “I brined my steak in my own PEE”,2025-05-30T01:15:02Z,0,0
UgwLyrVjjARjA4nxtGl4AaABAg,@ShnickEnHiken,what happened to Angel? i have seen him in your videos for a while,2025-05-30T01:10:20Z,0,0
Ugym44YleHl7Ps-Ld6Z4AaABAg,@PoppsMadeThis,you should do this water dry age again and then dry age it without water.,2025-05-30T01:02:11Z,1,0
UgziJoR7FyF7Hm2IUKJ4AaABAg,@CalebHollaway,Hmm…Seems a little pointless to put it in the dry ager when it’s submerged in water ??? Maybe it’s for a temperature thing 🤷,2025-05-30T00:56:45Z,0,0
UgyA_N2kMODMrTNhBbJ4AaABAg,@jaw3410,Where is Angel?  I can’t do this,2025-05-30T00:48:06Z,0,0
UgxuYH5oqMdwkXQs9FF4AaABAg,@ryanc3219,Humans have been using salt as a preservative for centuries. Nothin new,2025-05-30T00:46:20Z,0,0
UgzZ3uAA9wRcA4FnCct4AaABAg,@JOHNLANE-j2q,"Again Guga, you did not tell us how long you did this?  What the cuss?  You are slipping.",2025-05-30T00:44:24Z,0,0
UgxfCkcbPZHVn9SWASV4AaABAg,@jaw3410,"How do you always know if the meat is safe to eat?  I know smell is an indicator, but that doesn’t tell you everything",2025-05-30T00:43:36Z,0,0
UgwBRNeN50BlLndBQAV4AaABAg,@jadenhazelman319,I think you've gone too far Guga🤣...but good content tho🙌,2025-05-30T00:25:52Z,0,0
Ugy01PHRuchjEvtT40F4AaABAg,@DeadBeatPoetSociety,That comment about it not tasting like fish is undoubtedly one of the thickest things I've ever heard. Looks good though,2025-05-30T00:24:17Z,0,0
UgxxcTldOUuQ78Q1TaN4AaABAg,@joshuapwilliams2672,I was suprised he didn't do a control steak,2025-05-30T00:20:32Z,0,0
UgxPiDh0NpRpAlrz9Mp4AaABAg,@joshuapwilliams2672,Dude no youtuber has held my attention for so long,2025-05-30T00:20:12Z,0,0
Ugze2JuSOK1uGBxptph4AaABAg,@craig4867,"Make millions of dollars 💵 on YouTube, and this guy made a ton of money 💰 just on this one video! YouTube is extremely lucrative 💵",2025-05-29T23:35:01Z,0,0
Ugxo0eGlg_4njK7FGBB4AaABAg,@gildog,So gross ses water is filth,2025-05-29T23:33:37Z,0,0
Ugy9bbolHI1AMRivcKd4AaABAg,@sikeyesik,"Make up your mind about the thermometers. First, you promoted Chef IQ as the best thermometer, then Meater (which was crap, IMO), now ChefTemp. I feel like you are selling out. How can I trust you? I use Chef IQ and swear by it.",2025-05-29T23:32:58Z,0,0
UgzEHW5F7J6E4QQ45fV4AaABAg,@highboyandru8910,Sea water streight from the ocean🤣🤣🤣🤣🤣🤣 what?🤣🤣🤣🤣🤣,2025-05-29T23:30:13Z,0,0
Ugz5WW7mVPKtcuHmR9h4AaABAg,@chrism596,"Now, do the same experiment but use the seawater off Blackpool.",2025-05-29T23:28:51Z,0,0
UgypdEri7iOBPTIWMCJ4AaABAg,@smith6758,Guga can I please be your friend??,2025-05-29T23:22:43Z,0,0
Ugxh_M7uuHbfXDvPIYR4AaABAg,@armandh4705,Ocean water is 50% fecal matter did you enjoy the 💩  steak?,2025-05-29T23:17:26Z,0,0
UgynD6FhQaTB5Umh3I14AaABAg,@RealJMAC,Gugs got a shout out from Rogan on an episode from 5/29/25. This is the interview / collab I want,2025-05-29T23:11:32Z,0,0
UgwV-c68TCZqqr-_GTN4AaABAg,@Jayvetron,"Was the ""sea water"" filtered or sterilized?",2025-05-29T23:05:29Z,0,0
UgxS5bxfnUsslJW-Qct4AaABAg,@skoitch,Glad you’re not pimping meater thermometers any more. I found them inconsistent and inaccurate.,2025-05-29T22:46:49Z,0,0
UgwVGeykHnfHV9nED9F4AaABAg,@ArchiLG,Do you have any idea of the disgusting amount of micro plastic and tiny wormy sea creatures you have filled those steaks in?,2025-05-29T22:43:08Z,0,0
UgwpdCmFXKQyL_rtVDJ4AaABAg,@MattCantSpeakIt,"Yo, Guga, this pasta dish looks amazing! I LOVE Pecorino cheese!",2025-05-29T22:24:03Z,1,0
UgwueH4FiveraczYO014AaABAg,@McAnthonyChiemeke,2:29  smokey water this isthe fnei,2025-05-29T22:14:37Z,0,1
Ugwy3zporxyrgRYQ6VF4AaABAg,@Aaron-zu3xn,it sounds like a great idea but that water can have so many bad things in it the ocean is literally the world's garbage can. anything china put in the water ends up everywhere else,2025-05-29T22:11:42Z,0,0
Ugwp4aGbvl0W4gPdyOl4AaABAg,@Spectral_Saber,Why put something submerged in water in a dry ager?,2025-05-29T22:09:14Z,0,0
Ugzcz1lJEKrn4f_bBYp4AaABAg,@Engineering_is_fun_they_said,An idea: you should add a low fps camera recording your meat 24/7 (pause) so you can show the time lapse of how it changes,2025-05-29T21:56:16Z,0,0
UgyieueUYYW5kix6Y2t4AaABAg,@lowseasonbatch,this feels fake af,2025-05-29T21:45:11Z,0,0
UgzlNEbtS3YcqbVzprF4AaABAg,@TheMichaellathrop,Once again every time you make something that tender I always immediately wonder about how that would turn out with an I-round.  Maybe do another I-round round up where you try a bunch of the different successful experiments with I-round.,2025-05-29T21:39:21Z,0,0
UgyVsvTF1E5tq_-bAQF4AaABAg,@edwardzhang1893,"every video, I think Guga has finally lost it; then, he cuts opens the steaks, and stand corrected",2025-05-29T21:11:10Z,0,0
UgzV11LeqIKpdqE0zKF4AaABAg,@-MCMLXXII-,Next: steaks smeared in Irish butter and then packed and frozen in peat for months.,2025-05-29T20:56:58Z,2,0
UgwiJCIaTPIDWBdKpwd4AaABAg,@johntine2832,Guga needs to do this with the old $1 steak series,2025-05-29T20:51:00Z,4,0
UgwkJidAGymJYioZ8EB4AaABAg,@brettm3431,please don't actually use florida seawater that looks like urine and florida but maybe i repeat myself,2025-05-29T20:21:58Z,0,0
UgzG4YEcuhTTDOqhQW14AaABAg,@Beelzebub73,All these people in here worried over micro organisms need to do their research the likelyhood of getting sick from sea water is very remote but he definitely infused lots of micro plastics into that steak for sure,2025-05-29T20:14:44Z,0,0
Ugxmfx0ScTj781zZ83l4AaABAg,@nejibytwofear,"as a butcher, i approve your cut 👍😉",2025-05-29T19:47:15Z,0,0
Ugw1mz6rvGf9NZSBwbd4AaABAg,@senmetwo42,"Chef Tyler needs someone to make him a good picanha, the grilled cheese king needs to meet the king of steaks.",2025-05-29T19:25:29Z,0,0
Ugw8C2G6miLu9-EEzVd4AaABAg,@em0_tion,3:53 That's what she said.,2025-05-29T19:05:55Z,0,0
UgxU0K772Guq9pEndCF4AaABAg,@jmak5552,Sound like the shoelada dude,2025-05-29T18:49:40Z,0,0
UgxDLj8A6a-o1atYxeR4AaABAg,@Rummsy,"Going to make an observation here that over oxygenating a water bath with meat inside of a vac-sealed bag isn't what tenderizes the meat, more likely it's the bubbles constantly rolling over and massaging the meat that's doing the trick. 

Food for thought, eh?",2025-05-29T18:49:19Z,0,0
UgyycPe7lzKvvUeEdX94AaABAg,@burakaslantas297,Where is angel!,2025-05-29T18:38:28Z,0,1
Ugw8sYJi_gi9h6ErNzJ4AaABAg,@CrazyLocoInsane1,You know no one’s ever done a sewer water steak yet either. Let’s do it!!!,2025-05-29T18:07:02Z,0,0
UgwiRLL-AKzHhR-hb554AaABAg,@AlexanderAK12345,Can we replicate this with salt water brine for the steak?,2025-05-29T18:02:18Z,0,0
UgwmHeUR2_0wwH_jw2Z4AaABAg,@KSGAMINGPRODUCTIONS,Looks like guga might have a new idea for a revival of the 1$ steak series,2025-05-29T17:38:55Z,0,0
UgzhXMwv2G5GOCy2OVV4AaABAg,@toxicfly7113,Plsssss chipotle aged steak,2025-05-29T17:36:36Z,0,0
UgzI9rTnmmUBle03_6x4AaABAg,@muhfadelarkam9491,I wanna ask. Why didn't guga combine sea water with konbu in his experiment?,2025-05-29T17:19:41Z,0,0
UgzcFEieNJVsfhi6jsd4AaABAg,@Rsantana380,"Mr ummmmm loves italians, can't stay away from pasta",2025-05-29T17:02:03Z,0,0
UgxOnyCADTEHZ5NHVEB4AaABAg,@UNRULY1_GAMING,🙏🙏🙏🙏🙏🙏🙏 this mite me his last video guys 🙏🙏🙏🙏,2025-05-29T16:53:17Z,0,0
UgxhBCjpQnf2MD4ZKMx4AaABAg,@vagabondwastrel2361,I wonder how this method would work with deer or bear meat.,2025-05-29T16:52:31Z,0,0
Ugw2tYg_5SyO4VtWn8d4AaABAg,@Wachi2000,I poop in that water,2025-05-29T16:31:37Z,0,0
UgyaMKUBSmSjGMtGAKJ4AaABAg,@ArielVelazquezHernandez,"Just to mention, Fish have no toilets :)",2025-05-29T16:19:27Z,1,0
UgzwlYLChzSCvSGhZp54AaABAg,@adrianbayuajiwicaksono3951,is it safe? raw water directly from sea? meat in water for long time? no bacteria?,2025-05-29T16:14:25Z,0,1
UgxqAdMDmKsc7xgE06N4AaABAg,@manuAuxin,Is that swa water is sterilized,2025-05-29T16:13:35Z,0,0
UgzAiAs5aq6XV1lLfs54AaABAg,@sethrountree448,"Chef Seth Rountree here I love the show. However Kombu is a seaweed or kelp.
MSG is made from cornstarch, sugar, and cassava. There is no kombu in the MSG process.",2025-05-29T15:58:57Z,0,0
Ugw5xxaP2rsu218jTmh4AaABAg,@rdcarp,Bless u guys ever single 1 of u! <3,2025-05-29T15:54:39Z,0,0
Ugz5bAx9LFreHz4C1YZ4AaABAg,@Kosher-ish,Can you wet age and THEN dry age?  Hmmm.,2025-05-29T15:30:23Z,0,0
Ugz_3odyYXPoKxTaA5l4AaABAg,@dabK3r,Sea water = nature's brine? 😅😅,2025-05-29T15:27:56Z,0,0
UgxbaNDw1jIy-Q0tROl4AaABAg,@HYBR1DDARKWAVE,4:22 hmmmm that’s a nice shape right there ;),2025-05-29T15:26:27Z,0,0
UgzWPICo_IEWg2dBL0x4AaABAg,@masterpackman,Probably should have smoked the kombu not the water,2025-05-29T15:23:49Z,0,0
UgzbvuiRgnqlvS95p-J4AaABAg,@dongyschlontong-ck5xg,You need to serve that cacio e pepe in a parmesan cheese bowl!,2025-05-29T15:21:50Z,0,0
UgyGgTTGPYdnZ-cJbOJ4AaABAg,@RockSolitude,Sea water has also got all sorts of nasty stuff in it too,2025-05-29T15:11:42Z,0,0
Ugw1ni6K-Av7MbSFV154AaABAg,@Thibbs234,"""I cooked steak in fish piss""",2025-05-29T14:57:54Z,0,0
UgzdoGn--tveymaoJwB4AaABAg,@tomkoren8122,who and why puts cream in Cacio e pepe?!...,2025-05-29T14:54:47Z,0,0
UgxTfMfXTwEfxtUHBcN4AaABAg,@PassportBrosBusinessClass,"Sea water is disgusting.

Whale semen, body part particles, microscopic organisms…

Why not use sea salt in clean water?",2025-05-29T14:49:44Z,0,0
UgwOVmFA_tUeVnhlGcJ4AaABAg,@muhammedjemal2742,The title doesn't speak enough for this experiment.,2025-05-29T14:45:44Z,0,0
Ugy-vHIUPUJlmUR8jhF4AaABAg,@adamholder9703,"All well and good but sometimes you ain’t got no time to do all this preparation for food, I like doing it don’t get me wrong but a lot of my family and friends that I cook for don’t have this kind of patience",2025-05-29T14:36:49Z,0,0
UgzTXtB6Fwckmq0GBot4AaABAg,@nathanwagner9895,If you do top sirloin in sea water it will do this to the structure of the meat.,2025-05-29T14:34:07Z,0,0
UgxrrMEpd9e4nil9U7N4AaABAg,@Radioxin,everyone in the comments asking how he made it safe to eat as if I didn't take salt shots straight out of the ocean all the time when I was little,2025-05-29T14:29:23Z,0,0
UgxoxUMHTiMOKp0eYzp4AaABAg,@maxbetstrategy,"Now these are worth thousands of dollars, and poeple wouldnt feel like their being scammed.....not those normal salt bae steaks that have zero labour or skill go into making them...take notes scam  bae",2025-05-29T14:20:39Z,0,0
Ugy4ZTbDAJWkqNbk7454AaABAg,@SaintNath,How is this dry aging?,2025-05-29T14:18:20Z,0,0
Ugy_ZUB7SAHocSUyNO14AaABAg,@carlost8532,"can anyone imagine how many animals died for Guga's video, in my opinion I couldn't though just saying.",2025-05-29T14:11:09Z,1,0
UgwUoC-NduJocVgnQ794AaABAg,@velocitymg,"Next up, going to bury steak in dogshit for a year and then eat it",2025-05-29T14:10:16Z,0,0
UgxagLI4-oz3QDAlbZt4AaABAg,@a.b.k1983,Eye round in sea water?,2025-05-29T14:09:28Z,0,0
UgxGyIg324Awo3-7kQV4AaABAg,@jesushimself5309,next smoke meat for one month straight,2025-05-29T14:04:19Z,0,0
UgyfK-dttTk53TOrD2V4AaABAg,@lisandromrt,From Portugal realy love your quality of food and process you go legit like your hard work !,2025-05-29T14:04:10Z,0,0
UgzyirzddD-baAO-Uix4AaABAg,@KOWSHIGAN123,Eyeround in this experiment,2025-05-29T13:55:17Z,0,0
UgySsInNxY3I2A4QWHt4AaABAg,@Lopezfam210,Lol homie running out of ideas hes soaking meat in sea water 😂 8 love it though guga doing things no one else has done,2025-05-29T13:49:34Z,0,0
UgyqDsuQNZJgowhXzop4AaABAg,@Mojova1,Yeah. Not sea water. Maybe you should mention that you used salt water before people are trying this at home and getting sick.,2025-05-29T13:48:42Z,0,0
UgyG36CCgERXDFtBaOl4AaABAg,@aarons5724,How did the Korean water do anything to the steaks?  It appears the steaks were encased in plastic wrap?,2025-05-29T13:46:47Z,0,0
UgzG6x_9LrybV1DBRup4AaABAg,@nutr7316,Anyone w/ a fish tank knows bubblers take oxygen out of the water...,2025-05-29T13:41:21Z,0,0
UgzY2GymWLcWyc42FDZ4AaABAg,@Krreeto,now what if you also add the rest of the seasoning to the water so all the seasonings soak in deep in the steak and then no seasoning at the end before baking it?,2025-05-29T13:40:49Z,0,0
Ugw-kf5KUWgGtJe2NlV4AaABAg,@mavzeryilan,havent been watching for a while where is angel guys?,2025-05-29T13:36:12Z,0,0
UgyUK18A6WNEyq5lx4N4AaABAg,@uvinbergstedt4116,What's next? cow poo?,2025-05-29T13:30:47Z,0,0
UgyLFIZTgz0PWS3YCfF4AaABAg,@tamil____0180,Guga is addictive he keeps our eyes locked 😢,2025-05-29T13:29:10Z,0,0
UgxSGdpgjDUWkR1Q6yx4AaABAg,@jdeeee044,"He’ll be running out of things to age meat into. 
Eventually he’ll be aging meat on the moon and eat it.",2025-05-29T13:27:16Z,0,0
UgwV_oS2RnLSMqgiMeV4AaABAg,@tld8102,i thought you would first sterilised the sea water by boiling it.,2025-05-29T13:09:09Z,0,0
UgwMRGkezkY6EiN9QqN4AaABAg,@weiniesail,"Just stop already.
Unsubscribed.",2025-05-29T13:06:08Z,0,0
UgyzvqkMaTZeCQ7O1r14AaABAg,@tetrasphere8165,"Me sitting here hearing Guga say ""no one has done before"" 🙃",2025-05-29T12:36:04Z,0,0
UgzJpituJp3G_PXF2xN4AaABAg,@isaiaslopez-x9d,What happened to the guy on the left is that the same guy? The one with glasses 🤓,2025-05-29T12:35:22Z,0,0
UgxEs1rySE11f5gHz1B4AaABAg,@tony1kenobi929,"I'm sure at this point they have a hat full of weird and unusual things to marinate steaks in, and pull something new out for every video",2025-05-29T12:34:55Z,0,0
Ugyy5sitiu7CEnmsVwp4AaABAg,@henshinization,"Lucky guess before watching vid: it's gonna be salty af  😂it's basically wet brining with extra steps :)
Edit: guess I was wrong xd",2025-05-29T12:06:15Z,0,0
UgwBl238Kxvu3B9hJk54AaABAg,@naufoll,"what if, you mix smoked kombu and sea water lol",2025-05-29T11:58:48Z,0,0
Ugz3eg7ixodaBiBAV1d4AaABAg,@scudosmyth784,Years ago a Lithuanian friend would buy a side of bacon and thoroughly salt it (dry) keep it in a warm place and just cut off slices as required over several months and cook them.  He did come from a peasant background so probably knew what he was doing.,2025-05-29T11:56:48Z,0,0
UgxivB68ySBWKvxiKGt4AaABAg,@mohork,I've done thousands of types of cooking. This was amazing to watch.,2025-05-29T11:49:57Z,0,0
UgzyQ8tYNWID90N62LJ4AaABAg,@bitcoinobitcoin,"at this rate, guga's going to age his steaks in a trash can filled with trash. all for science, yum!",2025-05-29T11:40:18Z,0,0
UgxKzzOq6rAuIDIFJbd4AaABAg,@raigaknight1290,"I hoped Guga boiled the seawater just to make it safe, otherwise, anything can be in there and make the whole thing go bad or the worse thing ever",2025-05-29T11:35:50Z,0,0
UgwaBRL_15YHRvHB4Xp4AaABAg,@NPcIsmi,dryaging meat in fish & whale piss 🤮🤢,2025-05-29T11:29:30Z,0,0
UgyGgIyCLISe6b_l5hV4AaABAg,@HeavenFury,This bald head is straight out from the lab,2025-05-29T11:26:26Z,0,0
Ugyv6i7LUBfInuOesAl4AaABAg,@danstarr9895,Tell me you boiled and filtered the seawater.   There are microorganisms in parasites in sea water.,2025-05-29T11:17:09Z,0,0
UgwGXsX7ayyIJOP52O94AaABAg,@TheActualBeyonder,"Next on Guga Foods: ""I marinated Steaks in the Tears of my Fallen enemies for a month and ate it!""",2025-05-29T11:04:59Z,1,0
UgwF6lwMQHkKgkohhLZ4AaABAg,@MrCharlie2730,I might be boring but I'll take a control steak every time.  No need to try all the foo foo experiments.,2025-05-29T10:59:24Z,0,0
UgzkYdv8UXTThbarO9d4AaABAg,@maihasubando,"That's not even dry aging, tha's wet aging",2025-05-29T10:56:18Z,0,0
Ugz0jYknWuM1cVupMJN4AaABAg,@joellee2748,"I now play a new game everytime I watch an experiment episode like this...

Guess the side-testers!
(Though please bring Angel back!)",2025-05-29T10:50:36Z,0,0
UgycLT873v91T6rN71F4AaABAg,@mahmoudzakaria5740,@guga can you try dry age steak in yogurt?,2025-05-29T10:48:07Z,0,0
UgzPJjmlilZL38ETMHp4AaABAg,@craigmullen5084,If you do this with UK sea water you’ll die Guga. I don’t recommend it.,2025-05-29T10:24:07Z,0,0
UgyRcbPQbx6pB19qh0B4AaABAg,@orenfivel6247,You should use sea water+combo seaweed+smoke on Angle,2025-05-29T10:22:49Z,0,0
UgynhhJTKW8cXgsxMdF4AaABAg,@tobubiify,"Wow, actual sea water? I thought it was just gonna be salted water. I thought sea water has tons of microbio things in it?",2025-05-29T10:19:29Z,0,0
UgwM9uKv715X3nZIlQV4AaABAg,@vs1306,It is still crazy 😂,2025-05-29T10:17:19Z,0,0
Ugx4Tv9RThlaC52cHpV4AaABAg,@jpw5029,"Wow, a wet brine",2025-05-29T10:11:21Z,0,0
UgyktRjo7ScNKMIxPy54AaABAg,@hessamzaki,How about dry age steak with Persian saffron,2025-05-29T10:10:08Z,0,0
Ugz0ts_hZylMsB5-s3V4AaABAg,@MjolnirVIII,You're frikkin nuts Guga and that's why I love your channel.,2025-05-29T10:08:18Z,0,0
UgzEpGL9OIZXW2R-p2d4AaABAg,@sonartech7721,Next up for Guga…………putting a steak in an alien civilization quuon reactor for one month and then eating it.  Where can you go from here??,2025-05-29T10:07:04Z,0,0
UgwaMesyUOBEmVJrBTd4AaABAg,@harmeow,age them in belle delphine bathwater,2025-05-29T10:03:33Z,0,0
UgxW-t5CQSWkVkSknQR4AaABAg,@timmusician5060,Worcestershire POWDER dry aged 😬😄,2025-05-29T10:02:50Z,0,0
UgwXfIzBfnt-d93Ynip4AaABAg,@timmusician5060,Wow! I never thought of making the sauce separately from the pasta when making it from Parmesan. Thats a neat trick!,2025-05-29T10:02:11Z,0,0
Ugw6QDXhaSD54w31Cth4AaABAg,@multiworse_,Dry age with poop and let's see how that comes out I'm curious,2025-05-29T10:01:47Z,0,0
Ugx9MycC98jD93OaUep4AaABAg,@timmusician5060,That’s some weird looking fish in those fish tanks,2025-05-29T10:01:13Z,0,0
Ugy4BXv5-y1mgS40mxp4AaABAg,@kenny_log_ins,"Love the vid BUT veeery vague! Was it the water, was it the bubbles, was it the dry age, was it the smoke??? Also please spend more time on the reveal, explain in detail, get more opinions (AND Descriptors!) 
That's the best part but you rush the money shot, when it has little impact...on a screen full of sponsors!
All that work & you stumble at the finish-line. Please Consider.",2025-05-29T10:00:56Z,0,0
UgyirVKaVYm7f6mhSpl4AaABAg,@Taliesin2,2:11 Smoke on the water?,2025-05-29T10:00:00Z,25,6
UgzurAB6wJ_dxzeuBq54AaABAg,@zacharymccloy,I heard that if you use kiwi it tenderizes the meat very quickly 30 mins only,2025-05-29T09:57:28Z,0,0
UgxkydzZtGZYC_i7oIx4AaABAg,@HamzaHamza-wk7uo,"It's up to my standard... Yen yen yen
Lol. I'm hating on them. 🤣🤣",2025-05-29T09:51:53Z,0,0
UgztkfpCTHQYHtBQULF4AaABAg,@WR47HOFO5IRI2,"Guga please bring back the old broll music, this one just isn't you.",2025-05-29T09:39:08Z,0,0
UgxGqd2YQ3e_gOyBlY14AaABAg,@scottdouma8161,"Guga in 20 years: ""Today we are soaking our steak in pool water but to really get a good comparison we will also have one in toilet water, bath water and bong water... Im excited to see what happens""",2025-05-29T09:30:33Z,0,0
Ugy6DWzb6GlT8IzKa0R4AaABAg,@MollieLeone,The chart? Beautiful. The timing? Perfect. The coin? $XAI500 📉➡️📈,2025-05-29T09:29:11Z,0,0
UgwV7G3_eIW7-DtCXYR4AaABAg,@RussellShaffer-k5c,Just swapped 0.3 Bitcoin into $XAI500- Going to ride this one to the moon!,2025-05-29T09:26:31Z,0,0
Ugx5fQL6z_LQgyOlZKd4AaABAg,@JeaneRodarte,Go invest in $XAI500 before the major exchange listings in July!📈📈📈📈,2025-05-29T09:25:55Z,0,0
UgzibYmrV4cIzfA9qEt4AaABAg,@MargeretChoi,$XAI500/BTC is all you need in your crypto portfolio to succeed.,2025-05-29T09:25:37Z,0,0
UgwRlOaCZLdRv-SYLf54AaABAg,@AliseJablonski,DOGE was the intro. $XAI500 is the main event when Elon cosigns something🔥,2025-05-29T09:24:49Z,0,0
UgyJstqS0mIF5HWjY1R4AaABAg,@ArmandMattingly,Just aped into $XAI500 🚀 Elon’s new presale gem is gonna make new millionaires,2025-05-29T09:23:03Z,0,0
UgzE8W7upjUUuRe5nf94AaABAg,@DoreathaBrumfield,"Crypto is a scam. Bro your 9-5 is the real rugpull💀Meanwhile, $XAI500 changing lives daily..",2025-05-29T09:22:32Z,0,0
Ugywsm_0sosVNLNclpt4AaABAg,@NadaWaldron,Bitcoin and $XAI500 are the only two I’m holding long-term. The rest is noise,2025-05-29T09:21:19Z,0,0
UgxqstJ0-IWDkrIySD54AaABAg,@T_The_Asogian,"Guga is an innovator.



T",2025-05-29T09:11:22Z,0,0
Ugw7FqG11zN_5-i39k54AaABAg,@CristobalMccarter,Just did the math. $XAI500 at $5 turns my 7K into 120K. Game on.,2025-05-29T09:11:15Z,0,0
UgzAQhOAbo5VVuw3tXl4AaABAg,@ArmandMattingly,LFG!!! Altcoin season is almost here ! 🎉 Easiest millionaire maker will be $XAI500,2025-05-29T09:11:02Z,0,0
UgwqKIzzG2-mVlWy7554AaABAg,@RefugioLevin,$XAI500 is printing green candles like a factory rn 💚💰,2025-05-29T09:10:54Z,0,0
Ugw1OpJOtLbaFN4oQyR4AaABAg,@LeesaWilliford,Love the simple and factual talk. $XAI500 will pass Bitcoin agreed.,2025-05-29T09:10:02Z,0,0
UgzHTyE6-t78LxmHayV4AaABAg,@UlyssesCastaneda-n1q,"Some hold Bitcoin, some hold Ethereum. I hold $XAI500 and the belief Elon’s about to make history again🎉",2025-05-29T09:09:22Z,0,0
UgxyZBs9MBZLdrtnjlp4AaABAg,@SoGarnett,"$XAI500 made it into Top 1% 💪🏼and still Stackin’ 💰since beginning of pre-launch, now Let’s Go Get Paid💸",2025-05-29T09:09:17Z,0,0
Ugwvk-_pSam6wki6ROJ4AaABAg,@JonathanPena-c4r,"XRP-20% $XAI500-80% now, believe the wealth transfer from the lord!",2025-05-29T09:08:56Z,0,0
UgxAFfRrGUbQamz5ftd4AaABAg,@QueenPaterson,My crypto journey: BTC → ETH → XRP → Nirvana → $XAI500.,2025-05-29T09:08:33Z,0,0
UgwiiV-yVx2YJOqtjP94AaABAg,@Thee_Elite_KingKev,No offense but where’s Angel!?,2025-05-29T09:05:17Z,0,0
UgxO6QKrVLm4SD5pYK54AaABAg,@Grzyboleusz,Is it still DRY aging when it's submerged in water? LMAO,2025-05-29T09:01:01Z,0,0
UgwYNJ1_K5vRs0rLUJx4AaABAg,@tinheart2853,Is it still cooking or alchemy?,2025-05-29T09:00:35Z,0,0
Ugy8DY8dTdEdgxjyKHp4AaABAg,@MahidhasanMahid-sg7ou,"Cook❌
Philosopher ✅
(This is a compliment)",2025-05-29T08:46:22Z,0,0
UgwZFa0DoRAoS5FOl954AaABAg,@lancewood1410,"ok great, no food poisoning :P",2025-05-29T08:38:38Z,0,0
UgwEmuCJ28waxaT06wV4AaABAg,@davidtcf,You should boil the sea water first.,2025-05-29T08:37:53Z,0,0
UgwmryoMIRSc8iyQ-ax4AaABAg,@BabyMakR,0:22 It also has traces of Uranium and lead...,2025-05-29T08:35:18Z,0,0
UgyfrEfJb2vq5KXACtV4AaABAg,@DMSProduktions,DON'T source your sea water from an urban beach! (Esp near sewer outfalls! ) 🤣🤮,2025-05-29T08:28:00Z,1,0
UgyKQtsU_PPmzDuNsCZ4AaABAg,@jasestrickland1704,Yuck Guga. Give it a rest. Sea water has biological properties and to purposely introduce microbes to your food is just distasteful.,2025-05-29T08:26:38Z,0,0
UgwQe570EdleoblkPoh4AaABAg,@DMSProduktions,This is NOT 'dry' aged!,2025-05-29T08:22:32Z,1,0
UgzTpZa3EqHNC3NLFCF4AaABAg,@BurtKwouk77,"Once you toss it, the creamier it will get 🤣😂🤣",2025-05-29T08:22:08Z,0,0
Ugy-pxEveeMe_NQK98R4AaABAg,@suho97,Bro really just smoked WATER,2025-05-29T08:21:02Z,0,0
Ugyq1EOe-pcug3ZWTYh4AaABAg,@musiccritic8704,Anyone else notice his meat is more inconsistent with the new thermometers? 😂😂,2025-05-29T08:08:38Z,0,0
UgzGTaSyoZdlRRZZhO54AaABAg,@minhtỉnh-p4h,Sea-soned to perfection... or disaster?🌊🥩,2025-05-29T08:03:47Z,0,0
Ugzt1d_EVlHyiMIo4Hh4AaABAg,@mrgreeneggs6191,almost like a waggu... that means this calls for a waggu run,2025-05-29T08:03:30Z,0,0
UgyFbF-UoCR3PHHikBl4AaABAg,@johnlee6347,So it’s toxic…,2025-05-29T08:03:30Z,0,0
UgzCdP48eGaK_fVLN8d4AaABAg,@v.novanian1861,"I unsubscribed the channel today, cause the Chanel is getting more and more repetitive. Not that I hate it, but I just don't love it as much as his older video, its like the channel is almost, almost lost its authenticity",2025-05-29T07:56:38Z,1,0
UgzfWkztftDTb88jdRN4AaABAg,@larrymanning5925,Dry aging under water almost blew my brain up. 🤔🤨😏😂,2025-05-29T07:55:54Z,0,0
UgyTQkXNcxV4zVnlZHl4AaABAg,@NrthYrk,"talks about wireless thermometer, next shot, its not even in the steak. cmon now lol",2025-05-29T07:50:13Z,0,0
UgzygA5xDGxXT5BP3ol4AaABAg,@vitg9721,Next time do it in space please,2025-05-29T07:50:03Z,0,0
UgwGbIHKAMVJTk60z7F4AaABAg,@jmlm8,why on earth would it have a fishy taste?,2025-05-29T07:49:13Z,0,0
Ugy9ivAe0UQk5trm83F4AaABAg,@Foodmaybeexpert,all the bacteria in the sea water yea boy protein,2025-05-29T07:45:03Z,0,0
UgyZvnW0gyArwf5XGdt4AaABAg,@erikfiala,Next episode: I soaked Steaks in RAT POISON,2025-05-29T07:40:49Z,0,0
UgwWEUa51IYqrL7XHMh4AaABAg,@ExtraDan,fish pee water steak,2025-05-29T07:39:14Z,0,0
UgxuW_LhWQHcjQ2MK7J4AaABAg,@Amysdad07,"sorry for the stupid question Guga, but I am new to these aging techniques of yours and enjoying them immensely here in Australia. My simple question, are the off cuts of the aging process able to be used in any way or should they just be disposed off?",2025-05-29T07:39:08Z,0,0
Ugy549xmz6tG5R0Rw0N4AaABAg,@csisnotabot7607,"""it even has traces of gold!"" 

Guga, please don't give Saltbae any ideas...",2025-05-29T07:33:55Z,0,0
UgyHyuSdtRPGZOCVMvF4AaABAg,@SiRiUS_TRAiNWReK,"you should try doing this but with pacific ocean water, gulf of mexico water, and atlantic ocean water to see if they taste different",2025-05-29T07:32:21Z,0,0
Ugxf494Z0W2VPfirbBZ4AaABAg,@Alexanderss91,Think about all the bodies the ocean had in it that marinated your sea water,2025-05-29T07:12:46Z,0,0
Ugx1lHyStk9VBj2eE094AaABAg,@Jiyuu69,"please don't use sea water, you don't know what micro organisms are there that might be harmful. just be a normal person and use a normal brine water 😅",2025-05-29T07:11:57Z,0,0
UgyLdwj6jD6fidZhOPB4AaABAg,@nyChannel09,Its not even seawater... Its water and salt,2025-05-29T07:08:26Z,0,0
Ugw9YKm0PoNe0GLsimd4AaABAg,@ahmadmalik3549,When the last time guga making side dish that don't involve dairy produce?,2025-05-29T07:07:00Z,0,0
UgwcOxt502nCue0iEzh4AaABAg,@LevisLane,would dry-aging in jelly work?,2025-05-29T06:59:59Z,0,0
UgwyoUC0d7VwyBis3v14AaABAg,@affyan3868,I dont surprise if guga make a video i soaked steak in cement for a month an eat it,2025-05-29T06:58:22Z,0,0
UgxxTF6TN99q-_9uhxN4AaABAg,@amaterasuuchiha4551,I need to know for how many days he brined those steaks,2025-05-29T06:58:17Z,0,0
UgxJWgsy9-pQwa_MHx14AaABAg,@milwaukeezeus,That steak gon taste like fish when it's done 😂,2025-05-29T06:57:46Z,0,0
Ugy9eqOVD_nxcse0lDF4AaABAg,@masihbagas4963,"its amaze me how a water from a place where whale releases 20 liters (per whale, one time) of tastes good on steak",2025-05-29T06:38:32Z,0,0
UgwNilRDUUaxDyIaP6l4AaABAg,@paladonis,"I really hope that the sea water did get treated or, even better, simulated. Why? Florida tends to have a lotta issues with a diatom named Pseudo-nitzschia sp. Typically found in red algae blooms. (The Red Tide). This cause domoic acid poisoning in large quantities.  It is not killed by heat either. So boiling the water or cooking the meat is not effective.
Pseudo-nitzschia sp is water soluble to a degree, but can still inhabit the water, absorbing into the meat. So, if you are using sea water, please, PLEASE make sure it has been treated beyond boiling",2025-05-29T06:35:17Z,0,0
UgzTZKQMpftxUwVYLYp4AaABAg,@Netman64xD,I think this video needs more of a disclaimer about how to not get sick from pathogens found in seawater. I really hope people who try this are very careful,2025-05-29T06:30:42Z,12,2
UgyCUtNuHmend5LXTLN4AaABAg,@EncikSipuk,nahhh... yoy should call it wet age from now on when using water as an ingredient.,2025-05-29T06:21:13Z,0,0
UgycGVMugxVnK7vtJXd4AaABAg,@resurgam_b7,"Is it really still ""dry aging"" if you're doing the aging under water? 😂",2025-05-29T06:20:37Z,0,0
Ugxdc7nfQ9SSRZ-pPlt4AaABAg,@AmirHassan-nw2hk,"13:03 
I will not throw my steak in sea water 🌊",2025-05-29T06:14:44Z,0,0
UgyvR3DsgkMKRongZz54AaABAg,@douvaman,the song he played is called body on fire and i always play it when i’m cooking!,2025-05-29T06:06:13Z,0,0
UgyEFqCNr5qrf0Ycr894AaABAg,@scarboroughstudio,"""it's easy to make if you master it."" 
I mean, yeah?",2025-05-29T05:56:54Z,0,0
UgzhzEjjNqvQr6jrllt4AaABAg,@Towers12345,"Dude, microplastics … nasty 🤢",2025-05-29T05:56:45Z,0,0
Ugyeq388ML_-FtTXI6h4AaABAg,@chadsmall9447,Guga do you know what you just done you have destroyed the salt industry and the wagyu market 😂. We don’t need none of that no more just just some meat and beach,2025-05-29T05:56:33Z,0,1
Ugznrtew6JPg3nNEnWp4AaABAg,@captain_Rodriguez,The micro plastics are deep seasoning,2025-05-29T05:51:25Z,0,0
UgwN-Y5fFY2o5S2Phcx4AaABAg,@SustainablySAUCED,You got a fish tank stockpile or something?,2025-05-29T05:50:49Z,0,0
Ugz61R1gQnqBta76yjp4AaABAg,@ga1226,"Next time, guga brines in Amazon water",2025-05-29T05:49:08Z,0,0
UgyPk4y7rq0Zr2a1xsp4AaABAg,@hitnrun66,Everyone knows you cant tuna steak!,2025-05-29T05:45:54Z,0,0
Ugy07UdD3PkiSl5m8Px4AaABAg,@ImCx-m6s,day 1 of asking to soak steak on crude oil for 30 days 🔥,2025-05-29T05:34:19Z,0,0
UgxwbE-4SmbpZogcZHl4AaABAg,@Shen153,Angle looks different with glasses on 😂😂,2025-05-29T05:33:46Z,0,0
UgwH21v6wkehy3Sup3p4AaABAg,@DoPrice,Soak a Prime Beef Brisket in Cat Urine for 30 days!,2025-05-29T05:29:15Z,1,0
UgxE4SXVyp_dRkUqrph4AaABAg,@HarryTaints,A lot of people are going to get sick soaking their meat in sea water..... This is a dangerous and irresponsible video.,2025-05-29T05:27:37Z,0,0
UgzKL4TDEdHbb7Z6gFJ4AaABAg,@jayaneyon9316,"The title should've said ""i dry aged steaks in sea water"" 😂",2025-05-29T05:26:57Z,0,0
UgybLOkcGEU-Gf2sQDV4AaABAg,@justinhermann8673,Do that with the $1 steak,2025-05-29T05:15:52Z,0,0
Ugx96dbfMukGqNWoRMh4AaABAg,@Legendary19182,guna u should dry age meat in Sesame oil i bet the strong smoke will enter the meat,2025-05-29T05:15:25Z,0,0
UgyObE0RN9COi9a7biV4AaABAg,@LionKing143-x3j,but be careful not to eat the one with konbu (msg) too often because you know what msg does to our body if it accumulates.,2025-05-29T05:14:49Z,0,0
UgyC2zium3t-ekVTMMJ4AaABAg,@tylermcculloch135,"Excuse me, but where is Angel?",2025-05-29T05:13:54Z,0,0
UgyVHm4y-d05gJ1c10R4AaABAg,@Ethan10_01,"Hi Master Guga, how many days did you brine your steak? I am so interested in trying the smoked kombu seawater brine.",2025-05-29T05:11:30Z,0,0
UgxnhcCZFbpDcFyNIkZ4AaABAg,@SapperTy,Bring back your nephew. It’s nice that you have your niece on but we like the nephew,2025-05-29T05:11:11Z,0,0
UgzUjzR7fL2JCSkGnPN4AaABAg,@SapperTy,Bring back your nephew. It’s nice that you have your niece on but we like the nephew,2025-05-29T05:10:58Z,0,0
UgypMktp8YZT082aqsR4AaABAg,@GTRfiend26,Cool....now try it on eye round.,2025-05-29T05:06:02Z,0,0
UgyE-ymLq3TUYnaHUoJ4AaABAg,@TzeTypes,Guga gave sea water some Wok Hei !!,2025-05-29T05:00:42Z,0,0
Ugy6SugPq-E0y2UX5y14AaABAg,@betif00,Inside of my dry ager for a long time. It's submerged in water....,2025-05-29T04:58:41Z,0,0
Ugy_SsOTXFn2xfTUPpJ4AaABAg,@LegendaryPoo89,"Gotta say, Leo’s ability to identify flavors is getting on point more and more",2025-05-29T04:43:37Z,2,0
UgxTUg3VGpzNIkOQ5IN4AaABAg,@Lockdown22,you gonna soak steak in poop next or what,2025-05-29T04:37:45Z,0,0
UgxVvTqD4O8Ip7Bt9Bh4AaABAg,@Katahli,Saltwater kombu brine eye round. There’s your $1 steak,2025-05-29T04:26:01Z,0,0
Ugwu19RNq_-li9nn7Qx4AaABAg,@AlwaysMonetInTheBananaStand,"YOU! READING THIS COMMENT! CAN YOU READ LIPS? @8:11 he overdubs the word ""barbecue"" but even with sound off it still looks like he said barbecue. What's he actually saying?",2025-05-29T04:24:40Z,1,1
Ugx-5KZZrs4oQVHiSYN4AaABAg,@chance20m,"Next, try aging a steak in the tears of your enemies.",2025-05-29T04:19:11Z,0,0
UgzcVTFGyl4Mp7NengZ4AaABAg,@Scottwhittysydney,"Thank you @Guga for the always incredibly entertaining content. Cheers, we'll get together for a steak someday. Just gotta wait till my wallet thickens lol",2025-05-29T04:14:38Z,0,0
Ugzvzl94jQ71YHYlz7F4AaABAg,@PNWKMRNL,"I remember when Guga was doing vids in his small kitchen, respect bro for building this empire! God Bless and keep them vid's coming!",2025-05-29T04:12:02Z,3,0
UgyNSxKyo1O7bB8p1-p4AaABAg,@Workhardsavemore,Fkn hell how are you even on you tube this is a joke,2025-05-29T04:09:45Z,0,0
Ugz3qGTSc3H2l8L7wwB4AaABAg,@juanmiguellucas3190,Uncle guga is a mad scientist,2025-05-29T04:08:35Z,0,0
Ugwy-hbLm5mVUdhOQTB4AaABAg,@FreddyJong-co6cb,Jennifer lopez half time entertainment twilight or night grand final Collingwood premiership 2025😂😂😂❤❤😂😂😂😂❤❤😂😂❤❤❤❤❤❤❤❤❤❤❤❤,2025-05-29T04:03:54Z,1,0
Ugz6c4zgSFN9J-00DsZ4AaABAg,@SuperSaiyanSpartan25,How about something with brisket and papa johns garlic sauce,2025-05-29T04:03:52Z,0,0
UgzOryVTzfR08QnIp-R4AaABAg,@Windy-Sunny93,Theres no way this man used actual seawater unless he treated tf out of it. The amount of bacteria feces and urine in beach water not to mention a million other things is insane,2025-05-29T04:03:28Z,0,0
UgwK8s6A5oefFSl4Ljd4AaABAg,@szaman817,"Guga, since the seaweed brine makes steaks tender, why don't you do an experiment with $1 steaks?",2025-05-29T04:02:15Z,1,0
UgzlZuIVyCIBReE6PCR4AaABAg,@tomasareas,You should do it with eye round,2025-05-29T04:02:07Z,0,0
Ugz0Uw8e4avz375nSS94AaABAg,@bebito0o,"Hey Guga, Amazing way to brine the meat. You know it's interesting how you came to this idea, because couple of years ago a bulgarian chef did similar thing but with veggies and explained that in aciant times Mediterranean water was used to pickle and preserve any food and he was offering it in his chef's table experience. I would love you hear more about how you came up with the idea really :)
Love from Bulgaria ;)",2025-05-29T04:00:10Z,1,0
UgxNbYqGRnfhkcOcqpx4AaABAg,@geraldleece953,"love the look, but above my pay grade to try.",2025-05-29T03:57:54Z,0,0
UgwBIwGHe_YtZWwPzix4AaABAg,@steveperry2301,"Guga: “Notice that it’s not prime, it’s choice”
Me: “Ah yes, of course. You can tell, because of how it is.”",2025-05-29T03:57:20Z,19,6
Ugwc8oJUrL7P8OZuUXV4AaABAg,@zumo2932,bro prolly ate someone piss,2025-05-29T03:53:56Z,0,0
Ugysm6L1cPumtx7Uoi54AaABAg,@sirlancelot456,Day one of asking for the Reaper Squeezins dry aged experience,2025-05-29T03:53:11Z,0,0
UgxFRyZ9eNNqQr7_Fad4AaABAg,@RagnaCloud13,Sea water contains much salt on it. So it is a natural brining solution,2025-05-29T03:46:33Z,0,0
UgwTCEUcrPBXEMMGN5Z4AaABAg,@Ghost_233-f8l,Dry age lobster,2025-05-29T03:45:46Z,0,0
UgwpUdbuMP5el_zwIop4AaABAg,@crikeyhunter,😂😂😂 this reminds of an old joke which is also a true fact  that when whales mate only ten percent of the whale specimen enters its mate and 90 percent is in the ocean and he is using ocean water,2025-05-29T03:44:45Z,0,0
Ugybw5J7alpo_D6tCNx4AaABAg,@kenchandrasena2070,"Did you use actual seawater or did you make a brine with filtered water?  Makes a big difference.  Given runoff, I feel that taking water from local oceans would have fecal contamination..",2025-05-29T03:44:07Z,0,0
UgyeF3H8behmXI4Ldu54AaABAg,@alisedixon5783,It's in a package how ?,2025-05-29T03:40:07Z,0,0
UgyiUDAyBr_E-i49nWt4AaABAg,@patrickwerner4723,"Very cool concept but too many variables that were inconsistent between the 2 groups. You have one that is just sea water, and one that is normal water, with Konbu added, that was also smoked. Would’ve been better if between those 4 variables you made 3 of them consistent between both steaks, or just stuck to one and had a “have and have not” dichotomy. Still a good video with a fresh idea",2025-05-29T03:38:13Z,0,0
UgyHjlDJS1olCmxmT9t4AaABAg,@GIJasonD,I wonder if that would make your 1$ eye round steaks better,2025-05-29T03:38:12Z,0,0
Ugwjck-e9mHDN5hQjeJ4AaABAg,@booboo29407,Don’t try this with Charleston sea water.,2025-05-29T03:36:09Z,0,0
UgzVerhHL9d5ayAaZS94AaABAg,@L4me1230,"""grey without color""",2025-05-29T03:33:23Z,0,0
UgwkqGlBvwDMxTJ9QIR4AaABAg,@JaydenDavis-p1o,You should feed that kombu steak to Uncle Roger.,2025-05-29T03:33:12Z,0,0
UgyVyDPXRE1sIvH4Yft4AaABAg,@teknophyle1,"sorry to be the fact-check guy but it sounds like you're saying MSG is made from kombu. researchers used kombu in the discovery of MSG, but according to google MSG is produced through a fermentation process using microorganisms that convert carbohydrates (such as sugar cane, corn, or molasses) into glutamic acid.",2025-05-29T03:30:29Z,0,0
UgxSK2_5uNePDB09ykp4AaABAg,@JaydenDavis-p1o,"I thought the sea water steak would be bland, but boy you proved me wrong. And that kombu steak I knew would be phenomenal. 👍❤",2025-05-29T03:30:19Z,0,0
UgwJEEtKL7HZFwBiIGx4AaABAg,@donaldbotsai5799,if you're gonna use real seawater you should go offshore a couple of hundred yards and get cleaner seawater.,2025-05-29T03:30:08Z,0,0
UgwjOn2nnyimMQfw45V4AaABAg,@zuplex8933,You are not the first guy curing meat,2025-05-29T03:28:24Z,0,0
Ugw2IcHU9gvO4_ev-fx4AaABAg,@jeffger2025,You should try the $1 steaks this way.,2025-05-29T03:24:46Z,1,0
UgzccEcblBVpc9EfUHV4AaABAg,@RogerRccola,At 5:14 in the video it appears that. That green stuff that you added to it that had a higher pH and cause more tenderizing of this half of the experiment. All I can say is bon appetit. And I would eat anything that you ever cooked Guga.,2025-05-29T03:23:52Z,2,0
Ugzg7Y_W6ROtebcGPeN4AaABAg,@SkitZHitZ,"They had the bubbles hitting the meat in the tanks, would that make a difference? I know its lite but constant impact under water might also tenderize it more",2025-05-29T03:22:22Z,0,0
Ugy-X_mzR9P51m88pqd4AaABAg,@tax905972,HAVE YOU EVER GOTTEN THE SHITS OUT OF THESE EXPERIMENTS?,2025-05-29T03:22:14Z,0,0
Ugye9a48glh4G7tGexF4AaABAg,@official_ninjadoc,"""Dry"" age?😂",2025-05-29T03:18:02Z,0,0
UgziTXrMgyYQk8wGCOJ4AaABAg,@jordanezell5132,Dry age steak in caviar!,2025-05-29T03:17:16Z,0,0
UgwvEbJJ7g2sypbJwY14AaABAg,@robgogames,The amount of micro plastics,2025-05-29T03:16:48Z,0,0
UgwoIKr06zXx0mB3mwh4AaABAg,@AntonCM,"where is the ""rendang paste"" guy? i can't find him in comment",2025-05-29T03:16:35Z,0,0
UgxDct3YetI-OezFzO14AaABAg,@icyflowAntifa,Fish food seasoning next?,2025-05-29T03:16:19Z,0,0
UgxutPVn363VjV5wiK54AaABAg,@L.sPonsel,"The worst thing u could ever done
That is so gross",2025-05-29T03:14:48Z,0,0
UgwTIowjLwFAxr7ohwR4AaABAg,@Buddystemz,Still think they need to be salted. Marinades can only absorb so far unless it’s injected.,2025-05-29T03:14:18Z,0,0
Ugx1EMIXRZ-bbjpbPcJ4AaABAg,@mrabhas,It was the pee in sea water which brought the umami flavor and made it tender 😂😂,2025-05-29T03:13:31Z,0,0
UgwXv8V4_GZ7Nlx2OIl4AaABAg,@lordodin5755,God i wish i could be one of the food tasters lol,2025-05-29T03:12:50Z,0,0
UgxoImI4EOd50fznaDF4AaABAg,@Buddystemz,"Common guga, you can’t “dry age” something when it’s submerged in liquid.",2025-05-29T03:10:56Z,0,0
UgxuflCHuEtiTS74kmB4AaABAg,@alexanderyang1710,How the hell does a bubbler have any effect on a vacuum sealed steak?,2025-05-29T03:10:39Z,0,0
Ugxx07WdnGZoHmQdEhl4AaABAg,@mysb13,Guga is a treasure. Thank God for Guga. ❤,2025-05-29T03:02:46Z,2,0
UgwMerKEh3cKmN9Wgrt4AaABAg,@MyAccountBitch,"Try this at home? Just dry age it for months and make sure to oxygenate it for half an hour to an hour every single day. No big deal 🤷

Ahahahhaha. Not everyone gets paid a lot of money to make steaks, guga! 😝",2025-05-29T02:59:46Z,0,0
UgwgrWe9-IZ7VuBm0EJ4AaABAg,@sedatemichelob,And...  that steak picked up a fleah eating bacteria,2025-05-29T02:58:34Z,0,0
Ugz959OM2K2Yd0kT4BJ4AaABAg,@cindyskullz,We’re reaching Ordinary Sausage levels of out of the box thinking now,2025-05-29T02:58:06Z,0,0
UgyTxMR0d_qeQPM6Hw94AaABAg,@Lordwolfie59,Guga! I would really love to see you do a test on which garlic powder is the best flavor for a steak.,2025-05-29T02:56:40Z,0,0
Ugzau7Bqh7QF10vYsnZ4AaABAg,@mattbackvass,bro figured out how to finally conquer eye of round,2025-05-29T02:55:09Z,0,0
Ugx-NESzj85t9nIV7xZ4AaABAg,@haydonmorris1042,Maybe I missed a video or something but where's angel?,2025-05-29T02:54:53Z,0,0
UgzU5Xanvtc9kErds4J4AaABAg,@coreyk67,I tried it and got terrible diarrhea.,2025-05-29T02:54:27Z,0,0
UgwzIqHGWGmXwCerezd4AaABAg,@scottk3772,Surf and turf?,2025-05-29T02:53:18Z,0,0
UgwJaeI1vYFTlDOBXHZ4AaABAg,@shikazeevods,"traces of gold lmfaooo yea and cesium, and lead, and mercury and other toxic heavy metals",2025-05-29T02:48:33Z,0,0
UgzS0Y36Byi50HUY9Yh4AaABAg,@Dadpodtv,Where’s angel!?,2025-05-29T02:46:44Z,0,0
UgwHEPekHztNW0T3vCN4AaABAg,@DP-jaja,Am I the only one who skips through the side dish?,2025-05-29T02:40:24Z,0,0
UgwN-akaaPo-ebvdWlV4AaABAg,@jasonkrick1614,"Guga should soak a steak in snake urine and see how that turns out. 

It’s a real noodle dish in Japan.",2025-05-29T02:40:07Z,0,0
UgyZOKrcOlmfL-lY5C94AaABAg,@HerdityaPradipta,"Guga, you should explore the vast selection of Asian traditional cuisine recipes and go crazy in your experiment with it. I think it will be fun",2025-05-29T02:39:40Z,0,0
UgxOwpKMU9k_S5dzUKl4AaABAg,@Labo..,"Sea water from tourist beach..
Next brine it in pee",2025-05-29T02:37:43Z,0,0
Ugy_EnYLA3vda7CBOJl4AaABAg,@SmallPharm,"Hi, Guga! One little comment - 30-60 minutes of aeration per day is nothing, dissolved oxygen will evaporate back from water in like 5 minutes, without even affecting the meat.",2025-05-29T02:35:30Z,0,0
Ugy0w2M7vBLT7vgOUGV4AaABAg,@muhammadadiprayogi6906,Try using coconut milk,2025-05-29T02:31:41Z,0,0
Ugw6t1QrfVDDBHbwba54AaABAg,@jerrywilliams9159,"I just think of a bunch of parasites in the water, sitting there going all throughout that steak as it's in the dry-ager all that time 😝
I'm sure Guga did his due diligence as he tends to do. He knows what he's doing. BUT...just the thought of bacteria and worms from the ocean going throughout the steak and then ingesting it gives me the heeby-jeebys 😖",2025-05-29T02:31:09Z,0,0
UgwjlDiEneqexY4hmOx4AaABAg,@skyler2597,The microplastics in that steak.,2025-05-29T02:30:31Z,0,0
Ugx3XjnkjBXw2nO0SAd4AaABAg,@haveric24,Did you know that the top 1/3 of the ocean is Fish Urine!,2025-05-29T02:29:57Z,0,0
UgxHHRtZq1u6k_Xs-oJ4AaABAg,@JustLP3rd,The way things are going in the next few years guga will be trying zombie meat...,2025-05-29T02:26:49Z,0,0
UgwCwe7wnHFAwu0T0kV4AaABAg,@robertbalaicius2645,garlic granules... (consistency of sand); garlic powder is consistency of baby powder,2025-05-29T02:21:13Z,0,0
UgzwxR5d_RJWCcAbklx4AaABAg,@841dl,What happened to Angel? Did you finally dry age him? LOL,2025-05-29T02:21:13Z,0,0
Ugxgrl1NiKL50kWBqRV4AaABAg,@TheRealNormanBates,Uh oh... this is the 2nd or 3rd video without Angel.. did he get replaced?  Is Guga finally dry aging him for a month?,2025-05-29T02:20:26Z,0,0
UgzUBcZuTKqhdWy1TrB4AaABAg,@miguel2947,Next do a sewage water brine for extra flavor 😂 half way there with sea water,2025-05-29T02:19:23Z,0,0
UgyM6nVlF4NJvsPUmrF4AaABAg,@stevenstankovich1213,Sea water also has an abundance of pollutants mmmmmm tasty,2025-05-29T02:18:10Z,0,0
Ugz2MEp6CV3vkuixWPF4AaABAg,@darthgbc363,Guga - I'm serious. You need to vacuum marinade a thick steak in Bloody Mary Mix.,2025-05-29T02:17:43Z,0,0
UgwmmkA2B7SGytARazV4AaABAg,@MellowTimePlays,"Been following the videos for a while and I gotta ask, why is Angel smaller, calmer and wearing glasses now?",2025-05-29T02:17:34Z,0,0
UgxZm9VsM5aRlW69zIR4AaABAg,@Mazingamzito,"Can't wait for ""I soaked my steak in mars"" 😂😂",2025-05-29T02:15:08Z,0,0
UgyliRcsUI_8ytkhU2B4AaABAg,@MTN_Explorer,But the level of microplastics in the sea water is kinda a huge turnoff.,2025-05-29T02:12:44Z,0,0
UgyRECUvQWkMK-jzZ-J4AaABAg,@raymondwendt6205,"Wow. The time and effort put into these steaks is crazy. I've tried many of your experiments. Sure it was great but, I'm out. 

Cacio e pepe is my favorite pasta dish. Keep trying to perfect it. Could eat it as a meal. May have a few times. Lol.",2025-05-29T02:11:32Z,0,0
Ugy3X_xBdHbSZ5PyJjp4AaABAg,@Zach-tf2qu,Ok but what did you actually brine it in? Because that's clearly not sea water.,2025-05-29T02:01:53Z,1,0
Ugzeczcb9kux2XFdFWZ4AaABAg,@jwhhope,You can't say NO ONE HAS EVER DONE IT! Come on!,2025-05-29T01:59:04Z,0,0
Ugyy_2YvnzMSv-Xe_c14AaABAg,@jingamikage3700,"Everytime i watch a guga video, angel is always biased.",2025-05-29T01:56:19Z,0,0
UgwyoHMg1tMTys0CWHV4AaABAg,@samm425,"Okay, he did it, Guga finally went past the point of no return, he's completely insane, he lost all of his sanity",2025-05-29T01:56:17Z,0,0
Ugx2EdG01ObObGtpUOR4AaABAg,@Omega7321,Marinate a steak in Puddle Water next!,2025-05-29T01:54:20Z,0,0
Ugwfl-vLrcsCgxTA4o94AaABAg,@SuheetBarua,The Nichola Tesla of meat experiments.. Guga 😂😂❤,2025-05-29T01:48:53Z,0,0
Ugy5XWjMd-NmVo0GahJ4AaABAg,@stevieg4201,"Great experiment Guga, from an Italian that’s very picky about people making pasta dishes, you did a really good job on the Cacio e Pepe. Fantastic video.",2025-05-29T01:48:27Z,13,0
UgwdLb07sMC24n2aeu14AaABAg,@DON_Julio-84,Anthony Bordain put me onto the Cacio e pepe,2025-05-29T01:46:24Z,0,0
UgwowdKTAzZvOqwxFeV4AaABAg,@jonmontgomery2588,You should try this with your 1 dollar staeak series,2025-05-29T01:43:07Z,0,0
UgyGuKtTMkBD6Cl9wr94AaABAg,@robertbalaicius2645,"How about a paste of horseradish, mustard and fresh dill blended up as a coating for dry aging... if it turns out great... send me a few on ice...",2025-05-29T01:41:40Z,0,0
UgyXyiecp_Y-ClqKGax4AaABAg,@PassportBrosBusinessClass,Interesting,2025-05-29T01:38:40Z,0,0
UgwedMoA0Itrru1I6lZ4AaABAg,@prjazz1824,When you go to the beach 🏖️ you don’t come back smiling like fish🤦😂😂 you smell salty 😂,2025-05-29T01:38:19Z,0,0
Ugzl4JEBcmKA2_LcOKF4AaABAg,@redrackham6812,"Given how well this tenderized the steaks, you should try this with eye rounds.",2025-05-29T01:38:06Z,0,0
UgxyUHF2CvOe70VDxd14AaABAg,@charlesman8722,So when do you dry age a stake in Angel?,2025-05-29T01:36:18Z,0,0
Ugx-LVWxtAZatakYOSV4AaABAg,@dariodizanni,Where’s Angel in all this?!? MIA,2025-05-29T01:35:02Z,0,0
UgwvxN7bIRYhNUTG12J4AaABAg,@Kmar-i8s3r,The secret ingredient is microplastic,2025-05-29T01:32:58Z,0,0
UgzXign_T4tYK4XP3cJ4AaABAg,@Mpc46_tv,"Sea water and raw meat, a bacteria feast",2025-05-29T01:32:20Z,0,0
Ugyw4cUHRaiQZMzn-d94AaABAg,@ziggygrambas9030,"Haven’t tuned into guga in a while… disappointing not to see angel, the new tester on the left is absolutely terrible",2025-05-29T01:32:03Z,0,0
Ugy1qTqZp6PrCajvQox4AaABAg,@ikkyacoustic2852,I just saw the comments and why they afraid of.. id say i am curious after they had a sea water brine steak.. what if they had diarhea? And hopefully they are not,2025-05-29T01:28:51Z,0,0
Ugw_TU9AsGO3g3sdf8Z4AaABAg,@98DemonZ28,I really hope that Sea water was treated or boiled. 😅,2025-05-29T01:27:54Z,0,0
UgxNCXMnytT95glZVCp4AaABAg,@Mohamed.Ali.Alkadry,You gotta try this with Eye of Round,2025-05-29T01:27:21Z,0,0
UgzY1xgvDSN1Rf3dUW94AaABAg,@Sors_,fish pee in the ocean,2025-05-29T01:27:09Z,0,0
Ugx40qxRZThe40BzTRt4AaABAg,@bradity4,"This practically was like wet brining, Guga..works with chicken as well I spose",2025-05-29T01:27:02Z,0,0
Ugxbkukx1nForbbjABF4AaABAg,@chrisalastor859,Try banana steak experiment in next video😆,2025-05-29T01:23:55Z,0,0
Ugxa2N_GFTmLGA6pte54AaABAg,@Dudewitbow,"Guga, you need to try this on eye of round to see if you can turn a 1$ steak to something more.",2025-05-29T01:20:00Z,0,0
UgzeK1qyOPeuQpen5_t4AaABAg,@camoz123,Guga stop using cream in pasta dishes!,2025-05-29T01:19:55Z,0,2
Ugz3zGy6PSfMH1cYDt54AaABAg,@carl4hire,were you get that combu i want to tryit out on a msg sensitive person and if it tastes better,2025-05-29T01:18:52Z,0,0
UgyALbvqpAGwkZlt11V4AaABAg,@УэстернСпай,"Bro, you are crazy! What's next? Brine in LA river water?",2025-05-29T01:18:42Z,0,0
UgyS7fmIuZFhB3xK9Lx4AaABAg,@Jerebeez,Pacific vs Atlantic?!?  Vs all other seas!,2025-05-29T01:17:37Z,0,0
UgwMT-DWKuW5ym4sU0t4AaABAg,@mikepoor6397,Has traces of human fecal matter too coming from beach,2025-05-29T01:15:34Z,0,0
UgzybPhTRoxxbLfMV5N4AaABAg,@torbergqvist8151,"""I thought it would taste like fish"" bro thinks the ocean tastes like fish??? does he realise how little volume of the ocean consists of actual fish?",2025-05-29T01:15:35Z,0,0
UgzQOjT2bHVn-dpWS314AaABAg,@marshallesmay25,The fact he fit in all of this AND an ad in 13 minutes is spectacular. A true video masterpiece. Not to mention how great you are at cooking. You’re a good man Guga,2025-05-29T01:13:01Z,2,0
UgzKCtPSmBLOMxPAEaB4AaABAg,@BTLwithTony,"Guga, please try this with tough cuts of meat like Top Round; Brisket, and chuck!",2025-05-29T01:11:17Z,0,0
Ugz86b4aGsCjVHhzCOJ4AaABAg,@sg5184,Bro got sick or dry aging so he decided to wet age,2025-05-29T01:08:12Z,0,0
UgzpPXsCasdBRP3g5iJ4AaABAg,@alexisfaneite,"If any mortal would have aged meat in water the meat would be bad in a few time, but if it is doing by guga it result in a perfect dish LOL",2025-05-29T01:04:34Z,0,0
Ugzo5cEIJgavn5IpqVx4AaABAg,@FrozenShadow35,Can you dry age steak in disodium ribonucleotide?,2025-05-29T01:00:14Z,0,0
UgxLThsvLV7hyoBg4hN4AaABAg,@apemancommeth8087,Only thing better looking than that pasta dish is those fire steaks! 🥩 🍴✋😀🤌,2025-05-29T00:57:12Z,0,0
UgyYK5HzXiabnlPD6sF4AaABAg,@matthewtracy8744,I thought you wanted a low oxygen environment while dry aging? Wouldn't bubbling oxidize the meat more? I thought that was bad?,2025-05-29T00:57:01Z,0,0
UgxT1c7yTAOvsHNRPXJ4AaABAg,@lampmk2310,This isn't dry aging; it's a wet brine.,2025-05-29T00:55:13Z,0,0
Ugw9HorkS2Goro7MoUN4AaABAg,@timothyallman7801,2025 is really hear with the BBQ real time thermometer is just insane,2025-05-29T00:53:37Z,0,0
UgyX5jiatTeUVSnkzux4AaABAg,@eonaalythia8525,honestly I'm curious with whatever ingredients he use next,2025-05-29T00:51:18Z,0,0
UgyT6YbRQk3XliJ070x4AaABAg,@Porgysashimi,Guga should you do the round eye steak with this??,2025-05-29T00:48:57Z,0,0
UgxmEEUqlYEkHPkIHKB4AaABAg,@gregswartz8924,"“What I’m about to do today no one has ever done before”.    Well, saltwater crocs have been doing for… a long time. (Not going to worry about millennia, etc)  
Just sayin’  😉",2025-05-29T00:40:14Z,0,0
UgwyFU0ZSb5GBGsI1_Z4AaABAg,@thakid7406,I haven’t watched the full video yet but hope yeah there’s microscopic things that live in the water,2025-05-29T00:33:43Z,0,0
UgyX0fHuq_6ByiW8mtd4AaABAg,@EtherBoo,Sea water vs pineapple eye round when?,2025-05-29T00:30:54Z,0,0
UgzUvj1mWrBeLTxeSGl4AaABAg,@TuanPham-cc6eh,"i think it will be muddy texture, like other crazy experiments you done with fruits brine.",2025-05-29T00:29:10Z,0,0
UgwA92gFNvCZUyZzVwl4AaABAg,@davidjeep6543,"were the skinny Satan worshipping  come from  ,your other side kick get deported",2025-05-29T00:29:05Z,0,0
Ugz3-ZzdzKl-GbdMUNl4AaABAg,@locke821,"Hey Guga! I really like your experiments, but this one was absolutely predictable.

Whether you use seawater or regular saltwater makes no difference at all. Thanks to osmotically assisted diffusion, the salt content will always regulate itself. You can even dry salt — the result will always be the same: the salt will distribute evenly throughout the entire piece of meat.

Smoked water is a bit different. Kombu does release MSG, but we all learned in kindergarten that oxides + water = acid. So you added, albeit slightly, an acid to the water, which broke down the connective tissue and gave the MSG that extra kick. Tender + umami.

Also, the gray edge and red center are no surprise. The pigment or corresponding protein is called myoglobin. That’s the stuff that turns into nitrosomyoglobin when cured with nitrite (curing salt)... basically the fake red in bacon, for example. It was, of course, washed out — but only to a certain depth. The longer the soak, the deeper it goes. Just don’t confuse washing out with osmotically assisted diffusion. The salt must be evenly distributed throughout — that’s a law of physics! But the pigment is only flushed out from the outside in, which takes significantly longer.

In other words: you put one steak in regular saltwater and another in MSG-infused acid. What did you expect would happen?",2025-05-29T00:28:37Z,0,0
UgyZwthRSVFwRlRKWyB4AaABAg,@Bexar2204,"This might very well, be the wildest experiment you´ve done healthwise.",2025-05-29T00:27:51Z,0,0
UgyVSPP1M7D8V6KYVbV4AaABAg,@moh8238,Where's angel Leo sucks,2025-05-29T00:25:04Z,0,0
Ugzy1WUVNSjI3kqKJR94AaABAg,@MarkLewis...,"Vibrio bacteria and other harmful to deadly sea life may not be killed by the cooking process... this is stupid, dangerous, and not to be done!!!",2025-05-29T00:22:45Z,0,0
UgykFiyiVAIiu-sB-r94AaABAg,@colinwichman1084,Do motor oil next,2025-05-29T00:20:30Z,0,0
UgyJzL87INqf-ODkie14AaABAg,@AkeLightzz,doesn't sea water contain bleach in it? I mean it's alkaline no? was it really safe to eat after a month? hm...,2025-05-29T00:20:01Z,0,0
Ugw7ZTqePPkVA3-vSYJ4AaABAg,@AliAhmed-rr6ny,where is angel at,2025-05-29T00:18:45Z,0,0
Ugx6lklaeya7gmy5xP94AaABAg,@MadamoftheCatHouse,Guga must have been a menace in his mom's kitchen when he was a kid!,2025-05-29T00:16:47Z,0,0
Ugy07AvzP5XTmfojneJ4AaABAg,@MadamoftheCatHouse,It also has pee pee and poo poo of all that marine life.,2025-05-29T00:11:53Z,0,0
UgxbChhlyJa-BEdsdY94AaABAg,@EdwardFregoso,Vincenzo is going to have a field day with you over your pasta,2025-05-29T00:06:59Z,2,1
Ugya1MyqWA8x65gxxmZ4AaABAg,@anthonywhite870,Have you ever used one of the newer ovens that do air sous vide? When i was you my grand father always marinated steak in a mixture of 1 jug pineapple juice yo 1 cup worcestershire for an hour,2025-05-29T00:05:06Z,0,0
Ugww6Gs1ImalaRjjN8R4AaABAg,@yarinsalamon1975,Take the kombu and wrapped the steak in it and dry aged it,2025-05-29T00:05:04Z,0,0
UgwxoeHIqr_a1n6RwGR4AaABAg,@adininhell,30 days Dry aged angel video when😢,2025-05-29T00:04:39Z,0,0
UgxoCy6VU7ypxTt8Bu94AaABAg,@nmode7420,Can we get a Guga Sides channel please?,2025-05-29T00:04:10Z,0,0
UgzLUSXZT1IYvYxF2fZ4AaABAg,@aullwin,"Guga, I'm in Missouri. How do I to get SEA water???",2025-05-29T00:03:10Z,0,0
UgwOzJX93zm9WKQYWfJ4AaABAg,@samuelcroshill9408,0:29 I immediately thought of star versus the forces of evil,2025-05-29T00:00:29Z,0,0
UgywbwV9jrsReSAIVWZ4AaABAg,@t20594,Angel shrunk in the wash,2025-05-29T00:00:07Z,0,0
Ugx-saemT6jLuPWgMPR4AaABAg,@windsound2010,"Hi Guga, I think you probably want to cool more well-done for this one since it is super soft! And nice video!",2025-05-28T23:53:06Z,0,0
Ugznq06TbRySNK8A3TJ4AaABAg,@unvaccinatedAndPureBlood,"Yeah,  no touching sea water where they throw sewage in it 🤢",2025-05-28T23:52:52Z,0,0
UgytRqjlOZIZcFORCQl4AaABAg,@Baldilocs,Bring back the OG grilling music <3,2025-05-28T23:50:18Z,0,0
UgzDUG3IWkoFOnk7QFR4AaABAg,@Channelslamurai,6:33 That's what she said.,2025-05-28T23:49:08Z,2,0
UgyJ9AqdCvenc5NR_MR4AaABAg,@teddyparuzynski6392,"How did yo umake the sea water food safe? Did you pasterize it, or filter it? I need to know!!!",2025-05-28T23:48:57Z,0,0
Ugw0G-qDROEe_VZud2V4AaABAg,@DLFerg0369,I think if both those steaks were cooked sous-vide and then kiss with the flame they would have had a little bit better of a texture,2025-05-28T23:48:43Z,0,0
UgwNz4ndgqAsyuVlyiF4AaABAg,@dus1213,"I am totally interested.. how much trim goes away from the steak and is this really necessary? Im always in for a good steak, but this process just feels totally disrespectfull towards the animals we eat. If you weight it, how much trim gets wasted, just to enhance flavors?",2025-05-28T23:46:14Z,0,0
UgwXqRMxxNU6wDmg6-14AaABAg,@josephdecesare4885,I wish I could eat stuff like that my god,2025-05-28T23:45:46Z,0,0
Ugw06JjUPXFoBR_4XLV4AaABAg,@johnbessemer3777,"Im going to guess beforehand. The seawater is going to be awful. Seawater isn't just salty. It's loaded with minerals and metals. When I siphon out a reef tanks water, I often get a taste. Its not like a brine at all.",2025-05-28T23:44:46Z,0,1
UgxECqu85DAX--yIYMx4AaABAg,@TheRealPOTUSDavidByrd,"Bro took ""Smoke on the water"" literally",2025-05-28T23:41:23Z,0,0
UgzluLnrm_-0mqm6Zcl4AaABAg,@drjones633,You are a fool!,2025-05-28T23:41:14Z,0,0
UgydsKzg-Dwl77rsmsJ4AaABAg,@CmBroncos420,The wind noise lol,2025-05-28T23:39:54Z,0,0
UgwUxAPVNKgXtCllFTB4AaABAg,@O_ADG,Who else is actually doing this besides this guy 😂 I barely have time to grill steak let alone doing all this,2025-05-28T23:39:13Z,0,0
UgwK65-vys4mJWYtokt4AaABAg,@1776UncleSledge,"You are the George Washington Carver of our time! He found 300 usages with the Peanut, you are finding many more on how to marinate Steaks.",2025-05-28T23:38:53Z,0,0
UgzgGirku_apuy8bUdh4AaABAg,@123mat1231,"“You might be thinking that I’m crazy”. Guga my friend, I’ve been watching you for years. Emilio could hook you up with a human picanha and I still wouldn’t be surprised",2025-05-28T23:38:34Z,5,1
Ugw_Qrc5Pxy-E-mMckZ4AaABAg,@TheChrisamella,Whos the new guy on the left,2025-05-28T23:38:15Z,0,0
Ugxi5waXMNoe1ZyKurN4AaABAg,@savoirfaire5460,you should've cooked the trimmings,2025-05-28T23:35:17Z,0,0
UgwsOYJdlMG3t9kUV8V4AaABAg,@sasha3073,Guga you should’ve been like this one here is almost the same thing but instead of seawater I used my urine and just look at homies reaction lol.,2025-05-28T23:33:51Z,0,0
UgyFEc87Lo48o6UB_QJ4AaABAg,@johnnydrycreek,Dry age a steak in Jello,2025-05-28T23:33:27Z,0,0
Ugwuz1xq7FegvMWIG3R4AaABAg,@exploringwithsolwalk3726,This one was a lot of fun to watch!,2025-05-28T23:31:48Z,1,0
Ugwk1DHNzdIRBelKXY94AaABAg,@VincentMcmanus.,"Man, konbu is A source of MSG, but not THE source of MSG.
It also comes from sugar cane and sugar beets for example.",2025-05-28T23:30:57Z,0,0
UgwSCZGU_gF6C8JMU3V4AaABAg,@crazya3819,when you say aged for months is that 2 months or 12 months why are you not telling us how long you aged the steaks,2025-05-28T23:30:16Z,0,0
UgxTwhkENt47CtFu8ct4AaABAg,@Nightmarecit,The irony to put a steak COMPLETLY submerged in water in a DRY AGER...,2025-05-28T23:29:19Z,0,0
Ugxs1-mlKgVQgnFXKIF4AaABAg,@316pyro4life,Another fun video man! I cant believe your channel isn't much bigger than it is. Your videos are the most fun of anyone I follow!! Its always the stuff I do all day before the big stuff at night. Let's get those subscriber numbers up fellow pyros!,2025-05-28T23:28:41Z,0,0
UgzMrbRtegsmkLmpo394AaABAg,@-ACE.,"That sea water also has perfect piss flavor too, mine included.",2025-05-28T23:28:35Z,0,0
UgwuyP30LUmGmfUsA1J4AaABAg,@dannyherbert4482,"It makes a bit of sense because of the salt in the water, but when you realise how dirty the sea is it does sound pretty crazy. I mean if you have a cut in the ocean it will get infected really easily so I don't think I'd wanna eat something soaked in it.",2025-05-28T23:27:00Z,0,0
UgyowcoGELpylgMbMpV4AaABAg,@PhilDietz,How'ze the brain eating amoeba ?,2025-05-28T23:25:28Z,0,0
Ugynx0i1tcPHoZPbFWZ4AaABAg,@kaovang7416,"Damn Guga, the more I watch your videos, the more i love you. You have the best ideas.",2025-05-28T23:23:32Z,1,0
Ugyu1YzH94WL-iNdJyx4AaABAg,@StonyTony556,"Last video with the most likes:
“Wagyu in weed butter”",2025-05-28T23:22:52Z,0,0
UgyWsfURd68JDioEH7h4AaABAg,@MattyBGettingMoney,"The older I get the less rare I want my steak. I use to like it RARE, then medium rare, then medium. When its raw inside I just can't anymore, hot pink center is where its at",2025-05-28T23:20:51Z,0,0
Ugz3I4c7Knkg1yNvmP94AaABAg,@gneiusful,"Waiting for Guga to send a steak to space, aged in radiation and then cook it to perfection.",2025-05-28T23:17:39Z,0,0
UgzYLY2MQmnFOB210Dl4AaABAg,@JustErica823,I prayed for Guga stomach while watching this episode.,2025-05-28T23:16:05Z,0,0
UgwbqBlYmGboaaZplLR4AaABAg,@dennischen2642,somebody stop this man. this is crazy lol,2025-05-28T23:15:26Z,0,0
UgwmCztdz7O8izbORNh4AaABAg,@ml.2770,"I soaked steak in motor oil for 3 months and ate it!

  This is getting a bit sad at this point.",2025-05-28T23:14:05Z,0,0
UgxuW9vo9RCL-EsrFtN4AaABAg,@mansfieldtime,"Smoked, Kombu, Sea Water, steak. I would have to guess that each ocean would have a slightly different taste.",2025-05-28T23:13:47Z,0,0
Ugwv6T69n1VRlPIlHyx4AaABAg,@djgamingclub4708,DAY 159 ASKING GUGA TO COOK NASI LEMAK MALAYSIA'S NATIONAL DISH!!!!!!!!!!!!!!!!!!!!!!!!!!!!!!!!!!!!!,2025-05-28T23:11:34Z,0,0
UgzL0nsNWLUSye8I5Rd4AaABAg,@Judya7,Guys i adore Guga i wach his videos from Syria,2025-05-28T23:11:02Z,0,0
Ugxzwepl6QToRYSmFNB4AaABAg,@ABCACIMADETUDO,Next step: Dry age meat in whale sperm,2025-05-28T23:07:52Z,0,0
Ugz3JTaq0urN-qOlYgt4AaABAg,@ultimatelyit,would you soak some steak in your bathwater and eat it,2025-05-28T23:05:52Z,0,0
Ugwo80-uAhPMhrtk1Rl4AaABAg,@Mooney-Cam,You should try this with an eye round for your $1 steak series.,2025-05-28T23:03:24Z,0,0
Ugw9HzEO7E7X5WfG4gZ4AaABAg,@julianparedes4602,5:48 lionfield: guga pasta… Approved. 🤌🏽,2025-05-28T23:02:40Z,0,0
UgxQhD0fD55URC1Bn194AaABAg,@Tacomaguy,"next episode: I took a stake and dry age it for 2 years in the moon with moon dust, and ate it!",2025-05-28T23:00:26Z,0,0
UgwFYSuE8d5MGPebVaF4AaABAg,@jaimeoleary-y2o,"Honestly, your weird experiments with animal flesh are just gross.",2025-05-28T22:59:22Z,0,0
Ugy9SY-a2nlSxPPJJpF4AaABAg,@PANTYEATR1,"8:30 - that looks better than my Big Green Egg Pit Viper temp control. 🤨

When i brined my steaks, i used a sweet base like apple cider, orange juice, fruit punch etc. THEN, i would season up the brine with spices. I brined my stakes for 7 days and they were amazing! You could taste the smoke and the steaks were hard to burn. 😋",2025-05-28T22:59:12Z,0,0
Ugw672XIwq3j34bJBFp4AaABAg,@hooverelondono9946,Giga is sooo creative what’s next 🤷🏻‍♂️🤷🏻‍♂️🤷🏻‍♂️🤷🏻‍♂️,2025-05-28T22:58:30Z,0,0
UgyyufoAVEHXieIV6fZ4AaABAg,@kylethm168,I would like to see how this method compares to Guga's best one dollar steak,2025-05-28T22:55:37Z,0,0
Ugx0tJbOFpcm2mCiiBd4AaABAg,@mynameisnotimportant845,"Please make Jamaican Jerk Steak and A5 Cevapi.  Also since you are aging meat in strange liquids, try a drink called Borjomi, and also Kvas 😂",2025-05-28T22:55:34Z,0,0
UgzaYYbuEpDq6ZZm5hh4AaABAg,@seanheisey8645,Before I watch the video… GROSS!,2025-05-28T22:54:49Z,0,0
UgxRWV8cUHsRH52SanV4AaABAg,@micahlouis6990,But will it make Eye Round good?...,2025-05-28T22:54:18Z,0,0
UgzM97Wvjyn16qZ2xo54AaABAg,@jakeg7173,I feel like at this point guga needs to do a top 10 recap of his favorite experiments so i have something to narrow in on at home to try,2025-05-28T22:54:02Z,1,0
Ugw0WbMNv2wE3Eychhh4AaABAg,@shootingmoney101,Eye round steaks with the treatment would be a good test,2025-05-28T22:52:58Z,0,0
UgxPYTtQsEP2IcNiVL14AaABAg,@Xmailon,"Hey Guga, here’s an idea. Why don’t you pick a top 5-10 from your experiments?",2025-05-28T22:49:16Z,0,0
UgwvNu8ue0b93-q0o_l4AaABAg,@Butterandbacon,I wonder what would happen if Guga dry aged a steak in prune juice.,2025-05-28T22:48:59Z,0,0
UgyF91pC6MJKo5jlNnR4AaABAg,@Nav-q4z,What happened to angel???,2025-05-28T22:48:28Z,0,0
UgycSTwWFr03KFww1id4AaABAg,@alib8396,Nothing adds umami like ocean water full of fish piss 😂,2025-05-28T22:48:11Z,0,0
UgyU992DqY-xay-Dxhx4AaABAg,@AnthonyDiSanti,"Love the new guys, but where's Angel? Everyone's feedback is so articulate and refined, where's our everyman to relate to?",2025-05-28T22:47:00Z,0,0
UgycbbDDkuVZn6bTFqF4AaABAg,@mart2224,Do it with eye round,2025-05-28T22:46:12Z,0,0
UgwKGqfBUY-3m2pNw0h4AaABAg,@devilshion,Not looking to ruin everyone experiments here but do you know how many people pee in the beach? 😂,2025-05-28T22:45:27Z,0,0
UgwfHebIdLJ0GZNrIPh4AaABAg,@caseypowell9030,Best vid in awhile dude,2025-05-28T22:45:07Z,0,0
Ugyto0F2sNo9tH5NVzl4AaABAg,@OneReallyGrumpyJill,I wonder if cavemen used that trick to season their meat,2025-05-28T22:41:13Z,1,0
Ugxb_X28PDMG_IRPyIx4AaABAg,@notahotshot,"4:23 

Guga: ""Because I dry brined it.""

Morgan Freeman: ""He did not dry brine it.""",2025-05-28T22:41:09Z,0,0
UgxdHDsWHyXRQNVB_cJ4AaABAg,@danielwu2382,Wouldn’t be surprised if Guga soaked his steak in lava for one year 😂,2025-05-28T22:40:38Z,0,0
UgyDDw9YwmXk0QxJSRR4AaABAg,@finergy,"You ""cleaned"" the sea water off screen haha why lie about using sea water",2025-05-28T22:38:02Z,0,0
UgwCNBzuIqdUmF8dksh4AaABAg,@nopejhonson958,"YOUR NEW GRILL SONG IS A BANGER... but its too loud, reduce volume please.
we doing more water brines...
i suggest limestone reservoir water",2025-05-28T22:34:24Z,0,0
Ugzkt3W-bRC0JiAhfwB4AaABAg,@ramzeyjaludi3990,"Hey Guga! I’m a big Arab American fan of your channel—I love all the amazing experiments you do! I have an idea: try the same tenderizing experiments that worked for you on a One Dollar Steak and see if it turns out tender. I’d really love to see the results! And if you like the idea, please give me a shoutout. My name is Ramzey Jaludi (that’s Jaludi with a “J,” not Haludi 😄).

P.S. And maybe—just maybe—invite me to that experiment, lol!",2025-05-28T22:31:00Z,0,0
Ugzn3gaBAlnQQAscx2R4AaABAg,@myautobiographyafanfic1413,"I love this channel, but I'm genuinely shocked you haven't gotten food poisoning yet.",2025-05-28T22:26:24Z,0,0
UgyC7P5W_WnlRiCaFZR4AaABAg,@inazuma3gou,"Guga, try soaking in Salt Lake from Utah.",2025-05-28T22:26:05Z,0,0
UgzEuCDpY6Ixjmc5N8x4AaABAg,@TuckerDale89,When is he gonna dry age a steak in mud or dirt?,2025-05-28T22:22:19Z,0,0
UgxxvnsfPHW2v4jUJoV4AaABAg,@InsaneFirebat,Do you even need to trim those steaks after aging?,2025-05-28T22:20:06Z,0,0
UgwXgXUi46miQmDBdeh4AaABAg,@gregorygoggins5091,"even by the internet standards, this experiment was insane ❤",2025-05-28T22:19:52Z,0,0
UgwzCzl5feiKyFx3E7p4AaABAg,@MoBaconLives,When I think you ran out of ideas you come out with more. I want steak so badly now,2025-05-28T22:19:26Z,0,0
UgwoJ737CbbKsmVktiB4AaABAg,@mateussalviano3439,soak the steak in antimatter next please,2025-05-28T22:19:22Z,0,0
Ugwn9UDwYRgTJR83QIx4AaABAg,@Syc-0o0-scripts,"try it out n a video what u was talking about a
t the end",2025-05-28T22:19:01Z,0,0
Ugy3OJHAUPq0NLVbJUN4AaABAg,@kenpuchala1273,lol at this pace he’ll be soaking steaks in blood in a couple months,2025-05-28T22:17:55Z,0,0
Ugw3VTGaWQViAyqTZqZ4AaABAg,@bigredjer,What happened to Angel BTW?,2025-05-28T22:17:32Z,0,0
UgzeHQdpRGdw0VJuXet4AaABAg,@StagWithLag,What did you do to sanitise the seaswater? I'd be worried about the microorganisms and pulollutants in seawater.,2025-05-28T22:16:45Z,0,0
UgxY31yR_BA5dLjGvsd4AaABAg,@theprooblem,"I'm wondering where you take your music from, the tune at the middle of the video rocks!",2025-05-28T22:15:15Z,0,0
UgxW22YxPQEplL7-3pB4AaABAg,@MikeyTheMenac3,Please tell me that was in some far away area from industrial shores 🤢,2025-05-28T22:15:10Z,0,0
UgwoCZx8MJ0BhmbOe594AaABAg,@justinanderson4809,Can't skip a new Guga video!!!!!!!!!!,2025-05-28T22:14:18Z,1,0
UgxT-LykJJMjDvy0Kkh4AaABAg,@williamstephenson6421,No thanks. TF?,2025-05-28T22:11:47Z,0,0
Ugww26loUgCU-azGI7J4AaABAg,@michaelandersen4433,"when are we gonna see ""I dryaged Steaks in dog poo for a month""?",2025-05-28T22:11:32Z,0,0
Ugzncb8EnA0sAFyMmTZ4AaABAg,@georgecostan3248,"Guga, you should dry age in:
1. butterfly pea powder
2. steak powder.
3. cocoa powder.
4. pesto.
5. Romanian zacusca.
6. pecorino.",2025-05-28T22:11:03Z,0,0
UgzJIi15uEaDPMIl6p14AaABAg,@war_gamer,calling b.s. on this one.,2025-05-28T22:10:50Z,0,0
Ugx5G1hnCZsgbnqtLL54AaABAg,@theezeelife292,"You said at the beginning that the second steak used seawater with the kombu, but at the end you said you used regular water with the kombu. Which is it because I want to try this myself.",2025-05-28T22:09:35Z,0,0
UgzsL_9mR1OTaajXzih4AaABAg,@Yahsom,How about aging steaks in bacon grease,2025-05-28T22:08:03Z,0,0
UgwVYJEp2vJE5FJURa54AaABAg,@gunshipanropace2gunshipand119,"Hey Guga, i would like you to Use Sand and Different Types of it",2025-05-28T22:07:16Z,0,0
Ugwy_t5IG2LAVvQYbV94AaABAg,@nointegritydotorg,Now do this same thing with eye round.,2025-05-28T22:06:39Z,0,0
Ugz8fMW7DcbvFrzJuIZ4AaABAg,@michaelmccollugh1811,"The first time I had cacio e pepe, it was Trader Joe's. It was gross. I need to try the authentic dish",2025-05-28T22:04:50Z,0,0
Ugxo-GPHNiCW-dx_vjR4AaABAg,@MineHubTT,"Sea Water Meat Button 
 👇",2025-05-28T22:02:24Z,0,0
UgxJzjwB1FMpVUZWDxp4AaABAg,@tumbleweed420hits,Am i wrong or isn't seawater just saltwater with more bacteria and organisms?,2025-05-28T22:01:48Z,0,0
Ugx2c3Odfx7EhUk8ECN4AaABAg,@davegaVet,"Guga nooo, fish and people pee in that!",2025-05-28T22:01:13Z,0,0
UgwRb1XnP5o-C16N5QZ4AaABAg,@jodycorrea99,What happened to angel?,2025-05-28T22:00:34Z,0,0
Ugwo5US9P-4ZubpIPbp4AaABAg,@peregrine1970,How will this work with the $1 steak?,2025-05-28T21:59:35Z,0,0
UgzFvxo9Q1dzrVW8UEt4AaABAg,@DarkSaitama,Im just waiting for Guga to open hes restaurant with the good experiments.,2025-05-28T21:59:24Z,2,0
Ugw81bFQ1aJV-lLGcwR4AaABAg,@KingBongHogger,"When you think about it, the ocean is just one big soup.",2025-05-28T21:58:25Z,1,0
Ugzez_nWMNgZRyO6ALB4AaABAg,@sabraitis,But why….,2025-05-28T21:56:06Z,0,0
UgwlkkajLuXQMWdftjp4AaABAg,@ronendanziger5698,how would it effect an eye round,2025-05-28T21:54:45Z,0,0
UgxiEf5UG1wKbWrPHH54AaABAg,@joem7755,"I hate to tell you all but... Fish Pee in the sea.. so do seals, dolphins... and little kids .. and Big kids.. ohh and Mexico has been Dumping their waste into our beaches for 40+ years...  so I would add a little  more temp to those steaks. lol",2025-05-28T21:54:00Z,0,0
UgwSNjXPTbf5cFGOnDB4AaABAg,@zachdornfeld9382,I haven’t watched it fully yet but I always thought it would dry out the steak due to it being salty.,2025-05-28T21:53:56Z,0,0
Ugyxml0Ke85LmNk9gm14AaABAg,@Aeonkraken,Telle me Guga that you boiled the sea water before using it,2025-05-28T21:53:09Z,0,0
Ugxl92psR_IdeXYulnp4AaABAg,@xxgo0kst3rxx,Wash out the flavor? The point of brining. Is to season the Interior of the meat.. it’s obsorbs season via osmosis.,2025-05-28T21:50:35Z,0,0
UgywIAY1UAzd85rEcuF4AaABAg,@dennisschmidt975,"The oxygen thing is very interesting, i wouldnt think it would make any difference.",2025-05-28T21:50:28Z,0,0
UgxPyIDw9cQcsowSTxF4AaABAg,@mr.lightzplease9366,I live in Colorado we dont have seawater here 😂,2025-05-28T21:48:17Z,0,0
UgxfJM9uxVn0p3BcMr54AaABAg,@booomax_6989,I mean sea water could  be dirty,2025-05-28T21:47:30Z,0,0
UgxzVGw60VI-Ex3O-Ix4AaABAg,@sophiacristina,It is marinated with pee and poo too!,2025-05-28T21:42:14Z,0,0
Ugwf-HPw_EzaXgUeahZ4AaABAg,@decipherlogic,That smokey water is a beautiful deep purple,2025-05-28T21:39:57Z,0,0
UgxbZ5tmzNSSnaBmksd4AaABAg,@User_M-d5t,If i was cooking an experiment id be going 20f over health code not under 😂,2025-05-28T21:38:04Z,0,0
UgxifmT2dazpWmPTOJp4AaABAg,@Llowdar,"So pleased to see these spaghettoni so well treated... Just one thing, you can't call a pasta dish a ""side dish"", that is, in fact, a main course by it self or ""primo"" if you like.",2025-05-28T21:37:59Z,0,0
Ugxn21dYEAvDrLGZPBx4AaABAg,@stickman402,after soaking it for a month you should take it a step further and then dry age it for another month!!,2025-05-28T21:36:33Z,0,0
UgwKJPS_A6KmUIg_2UF4AaABAg,@colognecollection,Guga can you try using COLOGNE as a brine?,2025-05-28T21:33:41Z,0,0
UgyNVddpO5_kxTlUWKN4AaABAg,@kyleteal5888,Editor issue..... 4:24. Guga says dry brine..... I think you meant wet brine.,2025-05-28T21:32:51Z,0,0
UgwwZS0PItyl2QUFlFt4AaABAg,@indemand2,"Do you filter the sea water? It looks clear, not like the water you scooped up with algae, twigs, whatever floaters. Did you boil it to remove dangerous pathogens? Was the sea water treated in any way?",2025-05-28T21:32:24Z,0,0
Ugz1HEVq2_F9Wf6W1Sd4AaABAg,@ItchiSushi,"Next video: I covered a steak in poop for one year, and ate it!😂",2025-05-28T21:32:11Z,1,0
UgxzfGZ3UEAzkcvcO2x4AaABAg,@riuphane,What did you do to clean and purify the water? Cuz it's almost negligent not to mention it and provide a proper PSA,2025-05-28T21:31:44Z,0,0
UgwTZ3bRkrZ22DjUKL54AaABAg,@PeatDaGreat,Next he’s gonna souvide from a hot spring,2025-05-28T21:31:35Z,0,0
UgyemoRfSGMeAXgFmMF4AaABAg,@mikecastella,Eye round next with the seawater guga,2025-05-28T21:31:04Z,0,0
UgwVuFF7Yeglqz_ePuV4AaABAg,@karrygerber,First steak i say yuck to!!!,2025-05-28T21:29:50Z,0,0
Ugwq_bmbARlx_U5A10t4AaABAg,@enteisb1,"Test Idea: try running an ozone generator in your dry ager. They kill germs, and ozone (O3, trioxygen) breaks down into harmless oxygen.",2025-05-28T21:28:21Z,0,0
UgyMC3FJLvHWQZcNMvp4AaABAg,@DonteWilsonChrisDorner,Meat eaters do some wild things.,2025-05-28T21:28:17Z,0,0
Ugz6Vz5XOFFqzjGmYbV4AaABAg,@boxingdonk8647,That spinalis on the first steak got me drooling!!!,2025-05-28T21:27:54Z,0,0
UgxNfZZ1vtsIviysEWh4AaABAg,@al145,Now try it with pond water,2025-05-28T21:25:16Z,0,0
UgzV090eDma2QxxFy5t4AaABAg,@JeffreyDuddek,Dry age steak in ranch,2025-05-28T21:24:45Z,0,0
UgyNDRNJTTZn1ISboPt4AaABAg,@christiancaballero2627,"""I sent my steak to the space and THIS HAPPENED!""",2025-05-28T21:23:29Z,0,0
Ugz1gEjC6_zlR4aR_Hl4AaABAg,@BM1620,"Mmm, fish piss flavoring! JK Guga 😂",2025-05-28T21:23:08Z,0,0
UgwI7OERcHAwfSV7asZ4AaABAg,@geddyleesowlnose,Nothing like ads and filler to get that runtime past 10mins for that youtube money 😴😴,2025-05-28T21:22:51Z,0,0
Ugwd-CjxdjiRk83L42x4AaABAg,@andreasmessner7357,Try this with eye round!!,2025-05-28T21:18:06Z,0,0
UgySxWletplXI7xPa6B4AaABAg,@ironiccookies2320,Next video be like: I dry aged steaks in Chernobyl's elephant's foot and ate it,2025-05-28T21:16:58Z,0,0
UgyiNH7dlkrLeeSX5ZB4AaABAg,@hisazul,So when are you dry aging steak inside a black hole?,2025-05-28T21:16:26Z,0,0
UgxxOszS6RvQQNDJP1B4AaABAg,@davehewitt6177,How much mercury is in the water lol😜 interesting though I have to try it now lol😁👍,2025-05-28T21:15:53Z,0,0
Ugw5YI6YLOYpPAVs71l4AaABAg,@danielvelez4001,If I use the sea water where I live I’m afraid I’ll od😂😂😂😂😂😂that’s in ct,2025-05-28T21:14:42Z,0,0
Ugw2bcMmYmOzxoiU4_F4AaABAg,@rafealsantiago5239,"I really doubt, he actually used fresh ocean water for this dry age experiment.",2025-05-28T21:14:30Z,0,0
UgygAurvZioaHdIpG3p4AaABAg,@Grandpa1422,"I'd like to see you brine steaks in wine, beer and white claw. Maybe even different alcoholic drinks from other countries",2025-05-28T21:14:04Z,0,0
UgwgMHjlvSi74Czvxtx4AaABAg,@seadragon777,13:01 its not only sea water Guga it had a super special ingredient (water from your 🦶🏻) 🤣!!!,2025-05-28T21:13:08Z,9,0
UgxG2uZWi8dxaIeoVBJ4AaABAg,@K0MBIAN,Dry aging. In water...,2025-05-28T21:11:34Z,0,0
UgyLUSMbfasfkWLgCa94AaABAg,@RuneWonders,doesnt sea water have a lot of bacteria? eating that cooked your stomach will hate you XD,2025-05-28T21:10:36Z,0,0
UgymkROyb3aeWssmjlV4AaABAg,@dfcolem,You should try this with an eye round steak,2025-05-28T21:09:57Z,0,0
UgzvpIksXatoxgphGot4AaABAg,@Allenballen88,It's the fish poop that really adds to it the flavoring! 😂,2025-05-28T21:08:56Z,0,0
Ugz_PajddkFi9GdUbit4AaABAg,@luminatrixfanfiction,"Ballsy lol, taking sea water like that. People pee in the ocean all the time 😅🤢",2025-05-28T21:06:06Z,0,0
UgyTFTmoFcBvVm66pgF4AaABAg,@Akusen_Arcade,"Every time you call that cacio e pepe a side dish I die inside, just a little 😂",2025-05-28T21:04:14Z,2,0
Ugy_wmznpnbAoNyVh114AaABAg,@Not_Ciel,"0:56 - 1:01 Guys I'm pretty sure he emptied the sea water out, cleaned the tank, made a really salty brine solution at home and then referred to that as ""sea water"" for the rest of the episode, he didn't literally brine his steak in that sea water. Feel free to prove me wrong Guga, but there's no way you used the actual sea water without mentioning some kind of bacteria health risks to the audience or Leo.",2025-05-28T21:03:45Z,709,63
UgxcaiPKzEUj47IqerF4AaABAg,@tommj4365,should've compared it to soaking in gray water,2025-05-28T20:57:57Z,0,0
UgweB4MqMV4jhTEhvvh4AaABAg,@esbentronstrm4154,Next on guga food welcome back the 1 dollar steak,2025-05-28T20:57:12Z,0,0
UgwH0_mejfrIbNlJEr14AaABAg,@jeremysanchez8329,🙋it not dry aged if its in water😂,2025-05-28T20:56:01Z,0,0
Ugx5gWqmKf5SCJYNv_N4AaABAg,@Aulonocara,But pasta can’t be a side dish… 😕,2025-05-28T20:55:01Z,0,0
UgypjFlWrMDEIkX1hjZ4AaABAg,@ashhellwig,"Hey @gugafoods, your videos have traces of GOAT too",2025-05-28T20:54:55Z,0,0
UgxF8gFfU_uiLuxSlyx4AaABAg,@supersebas100,Where is Angel? still dry ageging?,2025-05-28T20:54:44Z,0,0
UgywOBaoJ0eZROT0ySB4AaABAg,@lwalker1998,Kombu isn't the only source of msg lol,2025-05-28T20:54:42Z,0,0
UgyOOqBALklApxLG_yp4AaABAg,@mercurio822,This is the most disgusting thing you ever did,2025-05-28T20:54:28Z,0,0
UgxxTiIVmTWQZuYLCqR4AaABAg,@WaltertheWhiteWizard,Glad to see you covered the top of this one. Good Vid Goodra!,2025-05-28T20:52:03Z,0,0
UgwwCk8ybhhji5sAQz54AaABAg,@brucelytle1144,"I would not use seawater from close to shore! Yech! Go a couple of miles off shore, you'll get better/cleaner seawater!",2025-05-28T20:51:50Z,0,0
Ugz7ZNQixKdYVRD_sgh4AaABAg,@barnidog506,"Please try make steak with hungarian ""piros arany""(means: red gold), you would not regret it.",2025-05-28T20:51:40Z,0,0
UgwVc0GA6fgvz2JEnEV4AaABAg,@gnxi2,this was tasteful and enjoyable,2025-05-28T20:50:14Z,0,0
UgzIja5swQtyOAloldB4AaABAg,@mariaharis5661,Can youy dry age a stack for months but plat certain type of music right near the steak,2025-05-28T20:49:55Z,1,0
UgyZ2xDMInGjg4kssMh4AaABAg,@braddahjosh808,Probably not actual water from the ocean.,2025-05-28T20:49:11Z,0,0
UgzmE_YQgnI2qNOEiN54AaABAg,@jhervy.official,How i wish i was related to guga coz the food he makes always looks phenomenal,2025-05-28T20:48:02Z,8,3
UgwDCz350jePCsf7djd4AaABAg,@Brandon-f7i5b,I live in Ohio.... Seawater is a strech for dinner lol.,2025-05-28T20:45:09Z,0,0
UgyEr-q6wnrZjMAt61B4AaABAg,@TimMiller-bs8ou,Day 1000 asking what happened to angel where's angel,2025-05-28T20:44:25Z,0,0
UgzQcS5jhDhBns71SZN4AaABAg,@Propane_Acccessories,"Man I appreciate your relentless pursuit to test everything you can possibly think of, but this one was a bit more risky than normal. Maybe you took more precautions off camera, but if someone else tries to emulate what is shown in this video they could get very sick.",2025-05-28T20:41:38Z,0,0
UgyXavd1FKbqewxm3kt4AaABAg,@Vigopl,It's getting ridiculous:/,2025-05-28T20:40:24Z,0,0
UgwYNCb5jYhPzoHKA394AaABAg,@dominicwaghorn6459,Brits: that looks fuckin delicious,2025-05-28T20:37:51Z,0,0
UgxhdIs6WQemuE7zOvd4AaABAg,@S_W_E_,This mfer out here whipping up whole damn meals and calling them side dishes💀,2025-05-28T20:36:31Z,1,0
Ugx-7_nUkLxio_-wBmZ4AaABAg,@mustachemanmartin6676,Do a video where you cook 4-5 best tasting steaks you’ve done over the years and see what comes out on top,2025-05-28T20:35:36Z,0,0
Ugw4c3NL_rJhP4EhrM14AaABAg,@dominicwaghorn6459,Dry age steaks in…pico de gallo,2025-05-28T20:33:49Z,0,0
Ugwk9cXsMvOZ23sovAZ4AaABAg,@TheStatesidemonk,"Try it sous vide. Cook an entire rib roast in ocean water, with no plastic vacuum bag. Once it reaches medium rare temperature, slice off the pellicle, like you would with normal dry-age, cut it into steaks and put a seat on them. Just use an older sous vide in case the salt water damages the internal components.",2025-05-28T20:33:48Z,1,0
Ugw-luCcIJBSCMzf8j54AaABAg,@replikvltyoutube3727,"Hmm, maybe you can try sea water with honey mix?",2025-05-28T20:33:45Z,0,0
UgzWeTXQ3pQJXJ0EcCt4AaABAg,@elliotmyers9071,The sand got into my steak!,2025-05-28T20:32:04Z,0,0
UgwojcCa8yIZTJrV4dh4AaABAg,@jacobsponsler8515,Jersey seawater is not that clear😂,2025-05-28T20:30:57Z,0,0
UgwW8VWolVk-WWPFJHF4AaABAg,@luyanoH,Well guys save your money and gas and use tap water and salt by skipping the trip to the beach 😂,2025-05-28T20:29:39Z,0,0
UgxslrHRDoWQuWTudvR4AaABAg,@NickPerrino-u9g,And it's FREE!!!!!!!,2025-05-28T20:27:36Z,0,0
Ugwv2NA6U-R52vt8Hld4AaABAg,@Darvhan,"Guga, I hope you boiled that water before putting the meat in. The ocean is full of bacteria.",2025-05-28T20:25:17Z,0,0
UgyQLIWp5Fa5U2C3YJd4AaABAg,@illwineventually,Do that to an eye round,2025-05-28T20:19:57Z,0,0
UgylFKZ9fX6QRVHREAh4AaABAg,@Martin-rb4np,"The next time im on the beach and i pee in the water, i'll think of you.",2025-05-28T20:18:05Z,0,0
UgzjAv2zohj5cW-n78t4AaABAg,@hamzataibah1561,"Try it on a brisket. It should get softer than usual (maybe even faster???), and you can let the salt penetrate deeper !",2025-05-28T20:17:48Z,0,0
UgwnOHA5L9JylIifAZh4AaABAg,@n-zyme638,Yall it’s crazy because technically a ton of these videos he prepared the ideas all in one go months/years ago so that he could have all these dry age videos ready to go,2025-05-28T20:17:10Z,0,0
UgwwKWoerCjvMb0zXS14AaABAg,@TheNorthernChef-GER,"O.o Water Aging , Steaks in a Vakuumbag , in an Aquarium , with Oxygen and it improves Steaks? 
Isnt it just a Show Effect? The Meat is sealed and locked up in that plastic Bag 😅",2025-05-28T20:16:53Z,0,0
UgyiwkYUaxXSdmTqO5F4AaABAg,@zlannik,"Not sure how I feel about that Korean shop water-aging it in a plastic package like that, seems like it would literally be infusing the meat with microplastics? Anyway, great video, learned a lot of cool stuff as per usual",2025-05-28T20:15:45Z,0,0
Ugzt4ovDGX7uXDUdjxd4AaABAg,@n-zyme638,Yall it’s crazy because technically a ton of these videos he prepared the ideas all in one go months/years ago so that he could have all these dry age videos ready to go,2025-05-28T20:15:21Z,0,0
Ugy1tLFaFwwanvGtCFF4AaABAg,@XUnknownX-zf6fp,I wonder if guga filtered and boiled the water before hand,2025-05-28T20:13:24Z,0,0
UgzN9hYV-g36eg_kBGF4AaABAg,@KimchiFarts,"I wonder if he ACRUALLY used sea water, or just matched his brine with the salinity of the ocean",2025-05-28T20:11:07Z,0,0
UgyRC2CyDTdibI95q4x4AaABAg,@Tawleyn,"Before anyone does anything like this DO NOT take sea water ""straight from the ocean."" Sanitize it first. I'm almost 100% certain that Guga didn't use pure sea water here, and did some kind of filtration or sanitization. If he didn't, then it's a miracle that they didn't get seriously ill, or that the meat didn't come out disgusting.",2025-05-28T20:11:00Z,0,0
UgzmXq-eLszDV8hzbDp4AaABAg,@tonyluiscomedy,This one is super interesting. I genuinely thought the steaks would be inedible after such process.,2025-05-28T20:09:55Z,0,0
Ugzq81-h7mIl0R6JNeF4AaABAg,@wesmac3349,Guga is the steak pioneer and all of mankind needs to take note,2025-05-28T20:08:04Z,3,0
UgxUaMyTBkTCganFKON4AaABAg,@ITHEDUDEI77,can anyone explain to me how air makes a difference when your steaks are locked from air and water???? the only thing i can think of is water circulation and keeping the temp? still dont see that as one of the reasons why anyone would do thid,2025-05-28T20:07:29Z,0,0
UgwaAFIVzFocKPXGKa54AaABAg,@MrKinezos01,its called ...Titanic Steak,2025-05-28T20:07:23Z,0,0
Ugw3QUAAlpcFMGqCnkx4AaABAg,@audible_,When I think it can't get crazier I guess this is fairly tame compared to other experiments.,2025-05-28T20:07:16Z,0,0
Ugxu26zisxv3EXx07394AaABAg,@VanessaAndrade-fw6vq,Sea water equals pee water 💧 😅,2025-05-28T20:07:09Z,0,0
UgwbKhkFvyf4fjlADjF4AaABAg,@johanncedeno6565,"guga the great , lord of the meats",2025-05-28T20:07:02Z,0,0
UgzVBB48ZK5ECk9siqF4AaABAg,@googleone5867,"I would expect seawater or freshwater to destroy the meat fast.

Also, seawater right where it meets the beach is filled with PFAS.",2025-05-28T20:05:08Z,0,0
UgzWPlzAPTuX25NrSed4AaABAg,@MrX-xl7go,"One of these days, Guga is going to surprise those 2 with aged steak in human piss 😂😂😂",2025-05-28T20:05:06Z,0,0
Ugx5R-5XQjI-oDwc8-J4AaABAg,@ReyGotSumCents,"""i have used countless flavorful ingredients to cook meat so now i'll use the saltiest one""",2025-05-28T20:03:50Z,0,0
Ugx1e9TIUPdg5MLqAHd4AaABAg,@Booger80,Can you do anything with the trimmings or do you just throw it away? Ive seen people save trimmings from dry aging but not from dry aging.,2025-05-28T20:02:50Z,0,0
UgyfNJ5YCgwbTAqT6c54AaABAg,@45crisess,"Haven’t seen Angel in awhile, he’s being dry aged at the moment right?",2025-05-28T20:02:32Z,0,0
UgxH0vkgAtr9WvwgxcB4AaABAg,@I_dunno_wtf,Dude really did this before trying the caramel dry age experiment I've been requesting since 2020....,2025-05-28T20:02:26Z,0,0
UgxhQQ54Jc_R-OzEjT94AaABAg,@buylowsellhighwithchai,Guga made corned beef sea water style and seaweed style.   Nice,2025-05-28T20:02:00Z,0,0
UgzYhAWhXInlLummB3B4AaABAg,@ThewinningmindsetNet,"Seawater has parasites in it at shallow levels. I will NOT be trying that part at home, maybe sea salt that's been processed, but not straight up seawater. You should get checked for Tapeworm.",2025-05-28T20:01:04Z,1,0
UgxlUYXCfQ_cL5GQLFB4AaABAg,@GiIford,Why no salt on the kombu steak?,2025-05-28T19:59:28Z,0,0
UgzhUls3f8HI7_Z7OB54AaABAg,@gregcox5577,"Try with kool-aid, cherry or watermelon is good",2025-05-28T19:55:17Z,0,0
UgyIwiXWEOjEoAm9hpt4AaABAg,@greencanofbeer,@GugaFoods out here riling up the comments with this one.  My man you  are gonna kill someone with this.  You know you didn't use the damn seawater but telling ppl you did was a sh!t move sir. Be better!,2025-05-28T19:53:53Z,0,0
Ugx4LANsOOxaU7Usylt4AaABAg,@mdelles,"If you decide to try this at home be VERY careful where you get your seawater from.  Many municipalities will dump their sewage overflow into the ocean, so that could cause you some issues....",2025-05-28T19:53:34Z,0,0
Ugzg1vmZVb2TkoBjiEx4AaABAg,@Mortyrian,This is a misteak,2025-05-28T19:53:19Z,0,0
Ugy2k13zdNovTjxMZOp4AaABAg,@mdelles,isn't sea water like the exact salinity for pickling?  I figure that's why this works,2025-05-28T19:51:23Z,0,0
UgzS2EuMB6WSVsJ1i3N4AaABAg,@readtruth6670,..and now 3 bloodworms and a sea anemone live in my lower intestine,2025-05-28T19:51:20Z,1,0
UgyKnOTvYsTRlhsJyZ54AaABAg,@ulrichenevoldsen8371,I kept a fish in sea water for two years and then ate it,2025-05-28T19:50:06Z,0,0
Ugy1cEowkaN_VSoPEn14AaABAg,@nguyenphamkhoi3012,"Guga Brother, where is Angel. We miss him bro",2025-05-28T19:49:12Z,0,0
UgzLIVqQ1Y-3qVu_6th4AaABAg,@3toedprophet,"Not exactly Dry aged, but sounds really interesting",2025-05-28T19:47:52Z,0,0
UgxQXxzQMRL0qvWXZZp4AaABAg,@draykowolf2293,I think you should have boiled that sea water first for safety's sake.,2025-05-28T19:47:47Z,0,0
UgyIrN-UOK_lMASlj1J4AaABAg,@fadedbuzzYT,i havent watched Guga vids for a while but...what happened to Angel? Hes lost a bit of weight?,2025-05-28T19:46:43Z,0,0
UgwFl3HRt9mM2qJKWid4AaABAg,@Grizzlox,"Since it's so tender, time to go back to experimenting with $1 steaks",2025-05-28T19:41:21Z,0,0
Ugy30Rfu23VSEQDLe6t4AaABAg,@gago2017,Lets hope nobody pissed or smth else in that water...,2025-05-28T19:41:12Z,0,0
UgyrheSUJ8gv-lCOVDl4AaABAg,@ZexyMerc,what happened to the other dude who used to be on the testing table,2025-05-28T19:41:06Z,0,0
UgyhIvlhOFHnXhrYXmJ4AaABAg,@Argelv16,Hey Guga. Love your videos and the way you make steaks and experiments. I have a cast iron grill skillet but so far I have been unsuccessful in knowing how to take a better advantage of my cast iron grill skillet for maybe steaks or any other dishes. I would love to see a video where you prep a steak or dishes in a cast iron grill skillet and many other variation of cast iron cooking techniques. Thanks for all your videos,2025-05-28T19:40:55Z,0,0
UgxbH126AZpwfxcX2A94AaABAg,@Memphis10USA,"🛑🤗Also, what did you do with the scrap crush meat that you cut off the steaks??",2025-05-28T19:40:07Z,0,0
UgyDPKemdrLQOrH4iPl4AaABAg,@meistudiony,"Guga, please, skirt steak aged in duck sauce!",2025-05-28T19:38:25Z,0,0
UgwW0Q0oj6ZZRkLjyGV4AaABAg,@ericleverette688,Plenty of people can cook dishes better than the people from the countries the dishes originate.,2025-05-28T19:38:03Z,0,0
UgxPaX9bZEHm2uOxmPx4AaABAg,@reyescr21,Will combo work on the 1 dollar steak?,2025-05-28T19:37:00Z,0,0
UgyXzGdYpJOZwIsEM2N4AaABAg,@christianhansen8778,traces of Gold or traces of Goat?,2025-05-28T19:35:37Z,0,0
Ugw-_6BzAl6uqMtslwd4AaABAg,@fev3rd,Wet brine. Technically it is still water.,2025-05-28T19:35:30Z,0,0
Ugx3mh22wSqmldECshN4AaABAg,@k-aw-teksleepysageuni8181,"IT ALSO HAS TRACES OF LEAD NOW thanks to oil companies... (AND more lead than gold at that.  Lead stays in ur bones for decades, no amount of lead is good lead....)",2025-05-28T19:35:18Z,0,0
Ugy5y8m-9emRlpF4qh54AaABAg,@rhopag,I hope it wasn't real sea water. Animals do things in the ocean and so do oil rigs.,2025-05-28T19:34:26Z,0,0
UgwM3t2Ok_u3vaZMF_B4AaABAg,@jrjr3082,Note to self..don't try during red tide or during the okeechobee release,2025-05-28T19:34:12Z,1,0
UgyNtbntqv1p4YCoPJ14AaABAg,@blackstar-genX,"Well as an islander, sea in food isn't unormal but I've only had food with it once i believe",2025-05-28T19:31:40Z,0,0
UgxC2JckmKvkLMYDO6V4AaABAg,@ParacordPalsandHeroes,"🛑...🤔..🗣️""Dude, you probably the guy who put the burger with the fries, the peanut butter with the jelly! Do you by chance, happen to have some piece of meat, cooked already and stored in a ""time capsule"" crockpot somewhere???"" Thanks, just curious.😮Memphis,10🇺🇲🗣️""Hoo-aahhh""",2025-05-28T19:31:36Z,0,0
UgzQ0oHOkRXb--4raY94AaABAg,@d4ng3rfr34k,Enjoy all the microplastic in your Steak ,2025-05-28T19:29:30Z,0,0
Ugz_6tSk8ECnxWtZ2o94AaABAg,@Da_Shark,...... i now have the urge to make a giant tank with oxygen bubblers in it....,2025-05-28T19:28:28Z,0,0
UgzLgTTpo3pUcS-16ph4AaABAg,@moonrider164,would heavily salted water have the same effect or does it need to be sea water,2025-05-28T19:28:20Z,0,0
UgzgguiLVhWBgpRS8pF4AaABAg,@TUSK1157,In the mid 70s to mid 80s and old blackman in Bradenton used go sale jumbo African peanuts boied in seawater from the beach. They were the best I ever had.,2025-05-28T19:27:51Z,0,0
UgxHPr1GIRHPD4r2EhJ4AaABAg,@Fae_Viking_Princess,"You told the others that you used regular water with the kombu, but when you made it you said you used sea water.",2025-05-28T19:27:27Z,0,0
UgzxzgKDSODdZWge9K54AaABAg,@Avetarx,Just when I think he tried it all - Guga comes out with another crazy experiment!,2025-05-28T19:25:04Z,12,0
UgzsPC07hh99k1LsjJ54AaABAg,@godofobelix,Is that real sea water ? Or he using water + salt then measure the ph ?,2025-05-28T19:22:46Z,1,0
UgzcKqaH51mE8sVFdq54AaABAg,@hengjawe5813,"Guga, what is the dryager you used?",2025-05-28T19:22:15Z,0,0
Ugw03wdQLtv2okEzEAJ4AaABAg,@Fae_Viking_Princess,BTW the salinity of sea water is actually less than a typical brine. and is only like 3.5%,2025-05-28T19:22:14Z,0,0
UgypFCabinPrzdTn2N94AaABAg,@sw01ller,now use the water from the canals of Manchester in the UK!  There are other properties in that water too,2025-05-28T19:22:01Z,8,1
Ugzg509S3GHI6f4b9TZ4AaABAg,@shibbyjeep98,Im sure now we will get Eye Round in sea water. Still chasing that $1 steak!,2025-05-28T19:21:28Z,0,0
Ugz139ECDTR_z4QAS1R4AaABAg,@thestigseuropeancousin7941,We all know what tenderizing experiment is gonna be nest with the eyeround!,2025-05-28T19:20:45Z,0,0
Ugw_Rq--blzap9FkXgd4AaABAg,@Fae_Viking_Princess,How does that thermometer thing allow you to control the temperature? using the fan to add airflow?,2025-05-28T19:19:39Z,0,0
UgwaxbLzWzwzQmIvJOt4AaABAg,@Xani13,"If you think cacio e pepe is good, try pasta aglio e olio. It's basically pasta with garlic, olive oil, red pepper flakes, and (if you want) parm.",2025-05-28T19:18:07Z,3,0
UgwOXOlxcSVtSSm1HRR4AaABAg,@Nixoth,"""Its easy to make if you master it"" rocket science is also easy once you master it lol",2025-05-28T19:18:02Z,0,0
Ugxsw0d-TqG7KG7m8sR4AaABAg,@swymzz0,Please bring your videos fast,2025-05-28T19:15:58Z,0,0
Ugy92grrXYiXBZwxf_Z4AaABAg,@TheAnonymousFTW,"Man, Angel looks different with glasses",2025-05-28T19:14:25Z,0,0
UgyE_JAO_8KLd4fPwah4AaABAg,@VicariousOne,"Brother, this is dumb.",2025-05-28T19:13:48Z,0,0
UgxA15kyqt0ci77FNfl4AaABAg,@MrGolyat1,Must you trim them?,2025-05-28T19:13:09Z,0,0
UgwSAuva8L96H06uALd4AaABAg,@ImJerrrry,When he said “things are about to get a little weird” i was convinced he was going to age it in some rare whale stomach or something like that.,2025-05-28T19:11:18Z,0,0
Ugz57LC8_cPQC0W1nN54AaABAg,@mejsjalv,I wonder if Guga or any of the lads has ever gotten sick from one of the meat experiments.,2025-05-28T19:10:43Z,0,0
Ugxgs1nf7HQoaojcHkl4AaABAg,@jahanfarid6645,This is a solid I really like the smoked water steak. I will be doing something similar god willing,2025-05-28T19:09:54Z,0,0
UgyEdYeHYnP3ihRWXjx4AaABAg,@YaFavoriteBoi69,"Gosh, I love you Guga. You little cutie, such a gift to the cooking community ;))",2025-05-28T19:09:46Z,1,0
UgxvffQ7RA-lSb9i1c94AaABAg,@chaznad5411,"I never thought I’d say this but GUGA is running out of “experiments”😂
You can tell by the last 10 or so videos. 
Some random ass stuff that nobody on the planet would try ,,,even if GUGA says it’s the best ever 
Try and get back to the normal everyday realistic stuff bro
These A5 wagyu experiments marinated with Japanese gorillas sperm then dry aged for 2 months ain’t cutting with the real world…
You know the real world??? The same world that made you  😂 ya get back to that world bro",2025-05-28T19:09:34Z,0,0
UgzvRzfQUuAMY4vb4_N4AaABAg,@manifestmanny2477,where's angel 😔,2025-05-28T19:09:29Z,0,0
UgyLOtQyQ-VPqO4OLXl4AaABAg,@MogtheMad0422,How long before Guga goes full Rick and Morty? Dry aging in a human cadaver.,2025-05-28T19:08:05Z,0,0
Ugz0VpaU3jLyQNr6CI94AaABAg,@kurtrosenthal6313,"This just crossed my mind with experiments like this. When you keep meat in water you risk botulism poisoning. However, botulism is only a threat in anaerobic environments (low oxygen) if you use the bubbler you keep oxygen in the environment keeping it aerobic (high oxygen) meaning you have effectively limited the threat of botulism.",2025-05-28T19:07:44Z,0,0
Ugyz_qfJ3iNRIth5b9h4AaABAg,@nightrider9376,"PLEASE STAY AWAY FROM ISLAM VIRUS IT'S DEATH CLUT. I BEEN INFECTED FOR 5 YEARS, NO VACCINE JUST DEATH.",2025-05-28T19:07:15Z,0,0
UgzlOsW220-SUMps2Bt4AaABAg,@blackknight9025,"""Trimming"" when he's cutting a whole thick slice off.",2025-05-28T19:07:12Z,0,0
UgwOydq-azG9KVxwz4h4AaABAg,@mallikarjun9713,Try dry ageing steak with sea weed and banana leaf.,2025-05-28T19:05:58Z,0,0
UgwxaMbj4MTGFcuOrG54AaABAg,@queencitybricks,What happened to Angel?,2025-05-28T19:05:21Z,0,0
UgxIly4jGiljLBjxf-J4AaABAg,@tacotuesday4357,Gotta give them microplastics and forever chemicals time to soak in 😋 thats the special ingredients.,2025-05-28T19:03:27Z,0,0
UgyQuQMEmfD7myc0kBJ4AaABAg,@mantasr,slow boiled steak.,2025-05-28T19:03:04Z,0,0
UgzUII_6vb03Gg_VU0V4AaABAg,@JayEm1325,Now combine it! Smoked seawater with kombu!,2025-05-28T18:59:56Z,0,0
Ugy9jvzUIOBfwYI6XJF4AaABAg,@mantasr,now i wanna go to the beach,2025-05-28T18:59:55Z,0,0
UgzyIoz43qCiQGt5hVN4AaABAg,@aionlolkatalem3219,Ima be honest not sure if anyone agrees with my comment but this feels like not cooking anymore like cmon beef on sea water? Full of illness fish poop etc and feed to people? That's insane.,2025-05-28T18:58:54Z,0,0
Ugym1JkAKrBQpEO7E354AaABAg,@adamaref9047,Guga ive gotten sea water from miami before and after a few months it was thr worst smelling thing ive ever smelled,2025-05-28T18:57:55Z,0,0
UgzHD1PDesYgCQtydbF4AaABAg,@alexschusch7906,"One interesting experiment would be something similar, dry age a steak in Swamp mud/water. 

This is done in numerous countries and cultures (store food in the swamps) as the water and the mud in swamps contain little to no oxygen so microorganism cant survive in them, so nothing can spoil in there. Thats why Swamp corpses stay perfectly preserved for thousands of years.",2025-05-28T18:57:38Z,0,1
UgyWhFBKLFiH40d67v14AaABAg,@nightrider9376,Brother is none halal?,2025-05-28T18:56:26Z,0,0
UgxsZ9jKC4Clxd2CGWJ4AaABAg,@elius9538,Bro I'm Italian and you can do Cacio e pepe better than me...,2025-05-28T18:56:19Z,3187,73
UgyZIqr7oLDVpnjEOCx4AaABAg,@rik331,"Where did you find ""sea water"" clean enough to cook with?",2025-05-28T18:55:53Z,0,0
UgxpQqUtW3PQEkRjtNR4AaABAg,@nightrider9376,Brother is this halal?,2025-05-28T18:54:17Z,1,1
UgzYCmAlwcIhM7cKc6F4AaABAg,@Sammmeow,Wonder if this would work on the $1 steak,2025-05-28T18:53:39Z,0,0
UgwFCjKeqjxsISOe2ql4AaABAg,@ZxosGamer,"Now you gotta do 4 steaks to compare: 1 /w sea water, 1 /w brine, 1 /w mineral water, 1 /w mineral water + salt (to simulate sea water as close as possible), and which are the safest",2025-05-28T18:52:49Z,0,0
UgxKrJBhb8fe98F52cx4AaABAg,@kyuusei19,The sea water made me think about Garum. You think you could make some Beef Garum ?,2025-05-28T18:52:31Z,0,0
Ugy9Ve0mQiubxWX4RDB4AaABAg,@twitch_tv_pat,"is angel in the dog house , hes never in the videos any more , or is it just the videos i watch",2025-05-28T18:52:07Z,0,0
Ugxhzz5t0da0dqdIErF4AaABAg,@kurtrosenthal6313,We’re doubling down on bacteria exposure (it’s probiotic) on this one. Next let’s do an E-coli aged steak.,2025-05-28T18:52:03Z,0,0
UgxJHIfmtOZqVLqZkJB4AaABAg,@mastiffmythslegendsandlore,I think you just running out of video ideas bro this is getting desperate,2025-05-28T18:49:32Z,0,0
UgxQFNxd31TeRUKy7VR4AaABAg,@cubaisdeath,wheres angel been? did he finally get dry-aged? lmao,2025-05-28T18:47:11Z,0,0
UgxfiKrplhDjbyj6E9Z4AaABAg,@PrioCaptSend,Haven’t seen Angel in a while now. I truly believe Guga has begun to dry age him. 😢,2025-05-28T18:46:28Z,0,0
UgwPdFm0NoebMMuVzbt4AaABAg,@rmalonephoto,"We all suspected, but now we know - Guga has snapped and lost his mind.",2025-05-28T18:45:01Z,0,0
UgwyhsjG828xyDFVRKV4AaABAg,@Th3Ticker,"*literally anything*
Guga: So I covered it in salt, pepper and garlic powder.",2025-05-28T18:42:40Z,16,2
UgxyH4dS5fOnZcv7xMV4AaABAg,@robhamilton4736,"Yall should watch Gugas new chanell. Its called  ""How  to directly inject fat and cholesterol into your arteries "".  These side dishes are always the same fatty, greasy junk food you get at a football party. And his titty baby partners who never eat vegetables. They area group of man children. Grow up an do some veggie dishes. There are so many good recipes. And I swear if another person says umami on here who are not chefs I am done with this channel.",2025-05-28T18:41:27Z,0,0
UgwNO17dZAxLtSO7yJB4AaABAg,@TheSilenceoftheClamsRI,Leo's palate is always on point,2025-05-28T18:41:16Z,1,0
UgwovArRjD8PnZ447054AaABAg,@Savagetechie,Heres an idea. Age a steak in salmiakki or at least do an amonium chloride cure,2025-05-28T18:40:38Z,0,0
UgwRh9mpPg3c2sEHyTh4AaABAg,@mofoq,">Gets weird
It wouldn't be a Guga vid if it doesn't

yea, konbu is one of the ingredients used to make a type of dashi, specifically konbu dashi
there's katsuo dashi, konbu dashi and iriko dashi (I grew up on iriko dashi)",2025-05-28T18:39:48Z,0,0
UgyAfyreSjTYz5_rbD14AaABAg,@colebaxter8597,"Love Guga, but he can keep this one. Not eating any steaks marinating in fish pee and who knows what else.",2025-05-28T18:39:36Z,0,0
Ugz6t14UuN_B3PCFAg94AaABAg,@d-zone,Brining is amazing and simple to do. I prefer dry brining (for ease) but wet brining works well for poultry.....,2025-05-28T18:39:10Z,0,0
UgwBVOuTcTq643dFbup4AaABAg,@ambuleng,Put some lights and some sea grass. Meat Aquarium,2025-05-28T18:38:57Z,0,0
UgxcHVYQEaAe-1ZdBK14AaABAg,@Gorops,Adds a tank of water into the... DRY... ager. Huh.,2025-05-28T18:38:19Z,0,0
Ugyp20X3Ps1lEqVcKzh4AaABAg,@gilgameshmcballin,Okay but when is Guga going to soak steaks in gamer girl bath water,2025-05-28T18:38:03Z,0,0
Ugy7A7tFDx-ZWieDged4AaABAg,@4yappa716,EYE ROUND IN THAT WATER,2025-05-28T18:37:58Z,0,0
UgyXzJ8pQHX8QYvvCPp4AaABAg,@USSSfr33d0m,Bangkokciaga did this years before but they just left steak in the sea for 24hrs instead 😂😂😂,2025-05-28T18:36:59Z,0,0
Ugz7C-7xfaXzbY5fXA94AaABAg,@HeyMichaelLeo,What happened to Angle?,2025-05-28T18:36:28Z,0,0
Ugy1WiPzRqyziI893Vp4AaABAg,@CircaSG,ain't no way you used straight up sea water from your beach....,2025-05-28T18:34:55Z,0,0
UgzSMTtlbhqdf1AFK754AaABAg,@CurtisBallard,How did you filter the water?,2025-05-28T18:31:10Z,0,0
Ugz3523if4LvRXSC2-J4AaABAg,@amerodeh319,"Hey Guga! What is it about your method that makes it safe for consumption? Brining normally introduces a high enough salt content that microbial growth is inhibited, dry aging introduces a dry surface which is similarly hostile to growth. In a wet environment, where the muscle fibers are clearly loosened, how do you ensure that you are preventing bacteria from entering the meat. I think it would be a really interesting collab to have someone in food safety explain some of your experiments and how they may or may not be safe",2025-05-28T18:31:10Z,191,20
UgyBqRB_RwB7vnVVBs14AaABAg,@awmaace3397,"It has many microorganisms, some poop as well i guess 😂",2025-05-28T18:31:00Z,0,0
UgwlF8L0YsRIgL3SMlt4AaABAg,@robhamilton4736,Why is the sea water suddenly crystal clear? Hmmmmm!!!,2025-05-28T18:30:00Z,0,0
UgySVDcVb4-64XOEu_J4AaABAg,@hdentaldude,"Should have wrapped rehydrated seaweed around steak, and then dry aged!!  Maybe next time!!??",2025-05-28T18:28:55Z,0,0
UgxuPkSRNqsgwXY66XN4AaABAg,@gabrielcampana2007,Steak in sea water? This is what I imagine Manatees (Sea Cows) or Peixe Boi would taste like 😂,2025-05-28T18:28:51Z,0,0
Ugyks4Bk-URhHg_VsP14AaABAg,@ahmatoassaad,if it melts on ur tongue thats when u know it was dry aged and cooked perfectly. W guga,2025-05-28T18:28:21Z,0,0
UgytyOMLwTM-QrHbfLd4AaABAg,@Urboycorb,day 2 of asking guga to dry age a steak in cow blood,2025-05-28T18:26:35Z,0,0
Ugzj2IGgeg_gllEDJ294AaABAg,@victorcoglianese4158,"Guga, try this with the $1 steak, eye of round!",2025-05-28T18:26:11Z,1,0
Ugw4yuYW9nfqQYh-T414AaABAg,@NumberCruncher8835,Next up: Guga marinates steak in Los Angeles River water.,2025-05-28T18:25:22Z,1,0
UgwXVBwxEduS6D92D0x4AaABAg,@zigzagzarf,you gave them cold pasta....for shame,2025-05-28T18:24:53Z,0,0
Ugy20yxdhUn9nrksKyl4AaABAg,@guyinarobe228,I would be concerned about the bacteria in the sea water when the steak is cooked below well done,2025-05-28T18:24:49Z,0,0
UgxIGWwbAGofLLxUp3F4AaABAg,@KrimsonWing,Bruh I caught myself biting my lip during the grilling scene. 😂,2025-05-28T18:24:22Z,0,0
UgxRSZhNymfGb6tZyHN4AaABAg,@CharloBagis,Just a humble request to dry age steak in Bovril Guga 🙇,2025-05-28T18:23:27Z,0,0
UgyZS2WSBVfFnkOuPBV4AaABAg,@sidetracker3496,Mmmm...microplastic and pissinfused steaks...,2025-05-28T18:23:15Z,0,0
UgwoTQo9oqyaiXENI-l4AaABAg,@IkeThe9th,My first 👎. This is a bit reckless.,2025-05-28T18:23:07Z,0,0
UgwLvXeqzvzg4BffDCt4AaABAg,@wyuenho,Mmmm microplastics yuuummm,2025-05-28T18:22:46Z,0,0
UgzYN7kIqvEZUdZMlad4AaABAg,@NumberCruncher8835,I would be afraid of giardia,2025-05-28T18:21:40Z,0,0
UgyWHVCnHa4drjVIcjh4AaABAg,@praneetprakash,Nature already has Sea Cows.,2025-05-28T18:21:19Z,0,0
UgwMp3rMIQwBLm9fZR54AaABAg,@jesterflows8010,Do you simulate sea water by adding salt and other minerals or do you use real sea water? Isn't real sea water contaminated?,2025-05-28T18:20:05Z,0,0
UgzDu89yeK29PhaUlTN4AaABAg,@KUTAKI693,guga a weird idea DRY AGE steak in  that pasta creamy gravy ( a CHALLENGE),2025-05-28T18:19:53Z,0,0
UgzQh0I9XMLHcP5FgZR4AaABAg,@arisishmael,Whoa.... Be careful with those microorganisms,2025-05-28T18:19:39Z,0,0
UgxY7LOgcO_kVGryD2d4AaABAg,@shoshutee,"I can foresee a video with title ""I kept the steak in dog s**t for 1 month""",2025-05-28T18:19:10Z,0,0
UgwZWvhLc4ZW7JlDg1B4AaABAg,@NukedVaultDweller,🎶SMOOOOOKE ON THE WAAAAAATEEEER🎶,2025-05-28T18:18:37Z,0,0
UgyIVykZjA-w8WdS8Vl4AaABAg,@SuperDwayne13,This went from an educational channel to a Mr.Beast spinoff,2025-05-28T18:18:18Z,0,0
UgyNgyrnxsslbegK4x54AaABAg,@franky_521,Things are getting expensive for guga he didn't even have a control steak,2025-05-28T18:16:01Z,0,0
Ugy4NsHSnesDGaarc_14AaABAg,@krzysztofgorski7128,"Next film: ""I dry aged steaks inside chernobyl nuclear power plant sarcophagus and it is self-heating now""",2025-05-28T18:15:23Z,1219,15
UgyqPiMouatpeKL2Qqx4AaABAg,@levimarken,0:18 My question is is why didn't you grab from the middle why did you grab from the Sandy shoreline and has weeds as well,2025-05-28T18:15:05Z,49,7
UgwmmQtbAzTEyemr0Rx4AaABAg,@phillipring3882,"Hey Guga, I  just made Angus  Ribeyes your way, with the salt ,pepper, and garlic powder, and followed you methods to the letter, and man that was some good steak Guga! Thanks for you videos, and I'm hoping to hone my skills further,  and work my way up to some A5 soon, keep up the great work, and I  cant wait for your next video😁",2025-05-28T18:13:02Z,6,0
UgxAnInGMsn6HTlbvNx4AaABAg,@ArtificiallySweet,seawater has bacteria different from land bacteria,2025-05-28T18:12:58Z,0,0
Ugx5Pvkh1Imr0QnMiYh4AaABAg,@djdtor,Hugs I am thinking that you’re crazy you’re right as always,2025-05-28T18:08:00Z,0,0
Ugys2ssWjU5WUuyS4Mp4AaABAg,@stevendunn264,Do it again with the cheapest cut of steak…,2025-05-28T18:06:35Z,0,0
Ugy5HU9pNCGaYjIUHE94AaABAg,@ivartheberserker9918,Did he drink the sea water?,2025-05-28T18:06:00Z,0,0
UgzhPcRx1BBilxu6Rk54AaABAg,@FrostedZaibatsu,Cant wait for you to dry age in some E-girl's bath water next.,2025-05-28T18:05:29Z,0,0
UgyI5UaSaJIcyYicEi94AaABAg,@louislcf,"Fishy taste? There's an experiment I want you to do, cod liver oil
Injection
Wet age
Soak in
I hope you see it",2025-05-28T18:04:56Z,0,0
UgwPsClZ1-fjxsXFw8R4AaABAg,@Slim_T_ODB,"My guy, I think it may be time to start cooking something else. You've beat the steak horse to absolute death.",2025-05-28T18:04:12Z,0,0
UgwmzBY8uzLkTktSMrp4AaABAg,@musicaltarrasque,"I watch guga while eating, 
And I pretend that what I'm having is  guga dish, it makes everything taste better",2025-05-28T18:02:45Z,9,0
UgxWUGXUKgvYwYAyC6J4AaABAg,@tysmith6925,Put 2 foreigns on the 405 . Cacio e Pepe if im doing pasta. Why you acting tough on IG live?,2025-05-28T18:01:50Z,1,0
Ugz1lDwQLY8eSmb0Ay54AaABAg,@garaakunandizzychan,If you want chorro thats how you get chorro,2025-05-28T18:01:35Z,0,0
UgxRhndplsAxFgfFL-d4AaABAg,@KrumovBobby,"Sea water straight from the... ocean?

Also, get Fefe some more steak brother!",2025-05-28T18:01:00Z,0,0
UgzSd_kqfVSuPmF5qHJ4AaABAg,@swilson42,"How long did you soak these?  The video says “way longer than you think”. 

And how can you call this “dry aged” when the steaks are literally soaking in water?",2025-05-28T17:59:31Z,0,0
UgxMll4703HR8pAz4gB4AaABAg,@andfeliz5151,MeatGreekPhilosopher also know as guga,2025-05-28T17:57:25Z,0,0
Ugx4hFQv4wIDswIemmJ4AaABAg,@TheHitsubasa,"Here I was thinking it was gonna be water logged. What a wild experiment! I’m glad to see it paid off, I was worried for a bit at the start.",2025-05-28T17:57:13Z,0,0
UgwM6QyuLaHoiF6WOhR4AaABAg,@k.a.v.e.h,"What happened to 28 or 35 days? what does ""a long time"" mean?",2025-05-28T17:57:06Z,0,0
UgzyJ_bvK5WxrYIXrUZ4AaABAg,@denywahyu1785,Guga please marinated steak with applewood chip❤❤,2025-05-28T17:56:52Z,0,0
UgwPkDUZvXYp8KqN8RB4AaABAg,@floridaguy1,Soaking in Motor Oil and MRNA vaccines next 🛢💉😂,2025-05-28T17:56:51Z,0,0
UgyHAcLlJigV5OgrZlZ4AaABAg,@adammercy3588,"you soaked a steak in ocean water, salted by tons of whale jizz.",2025-05-28T17:56:30Z,0,0
UgwclnzkLAlrDhTuUhB4AaABAg,@mickael429,Nothing more appetizing then poopy fish water for your steaks,2025-05-28T17:56:26Z,0,0
UgyLCM6U48cFEFCESwN4AaABAg,@nunyabusiness6693,Ew that's fish pee,2025-05-28T17:56:13Z,0,0
UgxtCIdakfdTwlO5DBd4AaABAg,@spindash2023,We're one step closer to Guga brining steaks in bath water.,2025-05-28T17:56:09Z,0,0
UgxTBMpVmRPXm0gbTWh4AaABAg,@Russell_sears,Looks like an experiment to run for the $1 steak series.,2025-05-28T17:55:48Z,0,0
UgzUJmgoGRUyO31xDrN4AaABAg,@thegreatelberto,"Brining beef?  Why?  Marinate dark meat, brine white meat. Dem the rulz",2025-05-28T17:54:40Z,0,0
Ugw80HgDZPXK_qp1aXJ4AaABAg,@white-l2c,Stop him his gone crazy Sea water on steak💀⚠️‼️,2025-05-28T17:52:14Z,0,0
Ugx1-o3XlYOiiGTLe6N4AaABAg,@cvbxyaphet802,"10:17 ""sea water straight from the ocean guys""",2025-05-28T17:50:29Z,2,1
UgzFRzy0UZfI4Y9sn1d4AaABAg,@SuhagShetty,0:16 running out of content now.,2025-05-28T17:49:18Z,14,5
UgyjsMkZYjnRqzNIfXR4AaABAg,@drothberg3,I hope he washed his feet before walking in the water and filling that tank.,2025-05-28T17:49:16Z,0,0
UgzyJm5yYaB08DpURWZ4AaABAg,@AndreAbernathy,Captain Guga once again dares to go were no man has gone before!!!❤❤❤,2025-05-28T17:48:33Z,0,0
UgzcHHiRJOxpGsvsQ714AaABAg,@wolfbrave4866,Like all the comments here dry age steak in space.,2025-05-28T17:46:59Z,0,0
Ugy7Jru78N0UK2ygIr14AaABAg,@avierm2222,Bro ate fish pee/poo living things and dead microbes and viruses everything posible whit one single choice😂,2025-05-28T17:46:54Z,0,0
Ugxp3sBc2Mw0-NIs1RN4AaABAg,@1rich14,Guga’s just bored atp 😭,2025-05-28T17:45:52Z,0,0
UgzEpc5V5N1NHeGtVLd4AaABAg,@assyl.yacine,first comment!,2025-05-28T17:45:11Z,0,0
UgxfVEVNrrEgNy4dhKF4AaABAg,@MathildeGustav,yo i must say your voice is soo relaxing its crazy. and love ya videos btw,2025-05-28T17:44:47Z,0,0
UgzQwSrpONudyUG4gSt4AaABAg,@teemuronkainen,2:20 smoke in the water?,2025-05-28T17:44:16Z,11,3
UgwtFqO6bId9EibUtRl4AaABAg,@melstormnobles,I mean after taking a bite of the spoiled meat critical did with goof juice my man's getting really brave,2025-05-28T17:44:02Z,0,0
UgxjU5wVAXxmX4g6Zfx4AaABAg,@donfreeman9938,Good one,2025-05-28T17:42:09Z,0,0
UgwhZUgIG_Ilg-BAqkF4AaABAg,@SirRockXIII,Unhealthiest one yet XD,2025-05-28T17:40:25Z,0,0
UgxZATJzJOksXpXdqXp4AaABAg,@Lord_Wolfenstein,This is basically what we do to Christmas ham.,2025-05-28T17:40:13Z,0,0
Ugz4Ggwo11nx_RQmJsp4AaABAg,@LucasDoytier92,I really hope you didn’t use our polluted ocean water from the beaches.. 🤢,2025-05-28T17:39:45Z,0,0
UgwEHRTuU3V_wtXAvzp4AaABAg,@MrDdaland,Is it dry aging when aged underwater?,2025-05-28T17:39:36Z,0,0
UgzEpO4NY-9-ElLd6ZZ4AaABAg,@2xtreem4u,"Ate a t-bone steak for $7,79",2025-05-28T17:37:39Z,0,0
Ugz-I4PwdU1cFTJj4-N4AaABAg,@Cdkinsey,I soaked my steaks in fish piss and micro plastics,2025-05-28T17:37:30Z,0,0
UgzhJNbgWjtOH2J4y114AaABAg,@fizzdoodle9666,this should be called Poseidon's steak,2025-05-28T17:37:06Z,0,0
UgwoCWOTBbrZ7Zbzykl4AaABAg,@Xani13,Congrats on your Cacio e pepe Guga. That looks magnificent.,2025-05-28T17:35:55Z,1,0
Ugw5cjeUDeD0-WyESOp4AaABAg,@Zx7o.,"That's that NATURAL umi flavor... 
No Guga that's whale 🍆💦 
😂😂😂",2025-05-28T17:35:48Z,1,0
UgzugtMRVlUUJp-nA954AaABAg,@Xrazey-D,He’s one step away from aging steaks in angel sweat,2025-05-28T17:35:18Z,173,10
Ugyj2fq2vBnzBxHOSQd4AaABAg,@LarryLuke-x4k,Where’s Angel at?,2025-05-28T17:33:38Z,0,0
UgxbTtuFNR24w3cVsk94AaABAg,@fartmanny,Even when we thought he cooked a steak in every single way…we were wrong 👏🏽👏🏽🥩❤️,2025-05-28T17:33:12Z,0,0
UgxcDm_UTU1vIaLzLCR4AaABAg,@Matchwar-0660,He literally made sea cow steaks😂,2025-05-28T17:31:46Z,0,0
UgxR-AzO2-kdFJxR0vl4AaABAg,@drums4metal,Guga actually did Smoke on the Water.,2025-05-28T17:31:41Z,0,0
UgyXWjuj9Whdbf-Qmjl4AaABAg,@EnigmaDragan,"If I don't have access to Kamput or whatever is called, can't I just use MSG itself?",2025-05-28T17:31:19Z,0,0
UgyD4SCFClDhe7sFtwp4AaABAg,@OracleBoxing,How can that be dry age when its all submerge in water .,2025-05-28T17:31:18Z,0,0
UgzsxiNrF7OZJuB51gJ4AaABAg,@JanNowak-c9c,"Warning – Do not use seawater for food, seas are heavily polluted, especially in certain areas.",2025-05-28T17:30:56Z,1,0
UgxO7BpjYVPXJyIn0rF4AaABAg,@Moon_Dolphin-,Day 1 of asking Guga to fly me out and teach me how to cook meat to perfection,2025-05-28T17:28:07Z,0,0
Ugw2JV-8cj0JSSRvYCB4AaABAg,@CryptoNewsTV,Hmm not the best cook.. blue almost but still good,2025-05-28T17:27:34Z,0,0
UgxCNw2GOTThrFIGGHp4AaABAg,@DargorShepard,Steak. Now with 10× the microplastics.,2025-05-28T17:26:32Z,1,0
Ugy-10ZhNWL_oCnouS54AaABAg,@ClassyJohn,yum fish piss,2025-05-28T17:26:24Z,0,0
UgyUyKk8NcYhwUcAAPx4AaABAg,@brianreddeman951,"Ideas not to try:
""I placed a steak in a sulphur vent""
""I placed a steak in water downstream from a coca plantation""
""...in run off from a copper mine""
""...in a spent fuel pool""
""...in a barrel of benzene""
""...in a bucket of pine pitch""",2025-05-28T17:25:24Z,25,2
Ugx-LjLJTWyb9B3y5ih4AaABAg,@MrSelfDestruct-1,Guga is a mad genius. I now understand why he frequently takes Angel swimming,2025-05-28T17:25:19Z,2,0
UgyQfjvA1vVaxOX_Mdd4AaABAg,@kosigisa,"Ok but you are crazy
Crazy for meat!",2025-05-28T17:25:15Z,0,0
UgybFwlrvzwX8mn7tOt4AaABAg,@CrowleyRises,News flash. You can go swim in the ocean and drink some of the water and you will be perfectly fine. Every person that goes snorkeling ends up drinking a decent amount of sea water.,2025-05-28T17:25:00Z,0,0
UgyrFnXuqcp1YVPi9KB4AaABAg,@andysiegler9009,Guga videos a year from now will be like “I cooked a steak in an active volcano and ate it!!!”,2025-05-28T17:24:39Z,0,1
UgyWUvbXmAGOgbZ9Dp54AaABAg,@push3kpro,"It's curing. In salted water, common thing in some countries.",2025-05-28T17:24:35Z,2,0
UgzTfgfO4FB8bQnvgo94AaABAg,@Nathan_Coley,"""a little weird"", Guga? 🤔 SUS
🎶 Smoke in the water 🎶",2025-05-28T17:24:10Z,0,0
UgxS8JwDUqJcU6Pn8RB4AaABAg,@Ssjg-Broly,I have not had a Steak in about 7 years I'm a disabled man living in Canada and just can't afford it that's why I'm so grateful for Guga I can enjoy it through him lol,2025-05-28T17:23:46Z,8,3
UgzKfZxhugGp2AqwEg94AaABAg,@riad9042,pick up them weights again angel... dont skip...,2025-05-28T17:22:47Z,0,0
Ugx42F7-Dz-fuAulJoF4AaABAg,@CREWSZx,Sous vide in Ocean Water,2025-05-28T17:21:49Z,0,0
UgzEIt8n0WrGhfbR7TJ4AaABAg,@Casualfield,"ah yes, the super safe to consume sea water soaking into my meat that I'll only cook to 135 degrees!",2025-05-28T17:21:41Z,0,0
UgzJA71dzshzds42hMV4AaABAg,@TheChristmasNinja12,For the love of god please tell me you filtered/boiled that water before using it 😭😭,2025-05-28T17:20:40Z,0,0
Ugzoxnq6qXLfLMsOX2V4AaABAg,@0x00official,Next video: I dry aged a stake in uranium and ate it,2025-05-28T17:19:44Z,0,0
UgxRQdZbetAFaju8Xal4AaABAg,@4reemotion347,Guga always playing with the Meat. Next he'll experiment with Jerky 😅,2025-05-28T17:18:14Z,0,0
Ugw_Xmeq_BGYANemJwF4AaABAg,@nismo76,never thought id see guga smoke water,2025-05-28T17:18:03Z,0,0
UgynBIOw6mYM3KothVR4AaABAg,@UrDadsFavouriteMaleEscort,Steak dry aged in seal fat,2025-05-28T17:17:31Z,0,0
UgxCFamvLIxdkMv76ah4AaABAg,@Kingjay19,Na u wilding now 😂,2025-05-28T17:16:42Z,0,0
Ugxv_1i-07QoCewxO6h4AaABAg,@Bread_ish,the ocean is literal liquid decay,2025-05-28T17:16:35Z,4,0
UgwrFmASR1eDZp3vWx14AaABAg,@quest4747,Guga if you have dogs Im sure they must be the happiest pups around with all this meat going around lol 😂,2025-05-28T17:16:35Z,0,0
UgxKU6tPV_981Y2kpxx4AaABAg,@ahmedmoosa1317,Where is angel,2025-05-28T17:16:12Z,0,0
Ugz_bgxKrkjKrpxTFZR4AaABAg,@Baron-Ortega,Collab with Vincenzo when???,2025-05-28T17:14:42Z,0,0
Ugy7UTFEDWbio-4dqCp4AaABAg,@ram64man,"Oh hell no - sea water full of micro organisms and 1 part sodium for 30 days ,  get your gp to  check for parasitic organisms asap",2025-05-28T17:13:21Z,0,0
UgxrW45O4yAoVJ482O54AaABAg,@Gezere9,Cream is cheating for Cacio e Pepe.,2025-05-28T17:12:56Z,0,0
UgyNDM8JBko5Lvm8rgd4AaABAg,@RajivRai-jk4ve,"Whatever that is ,seems good  👍🏼",2025-05-28T17:12:41Z,0,0
UgywNrUr5i5RY7xkWc14AaABAg,@Mrsmith222,I call her chandelier,2025-05-28T17:12:19Z,0,0
UgzpqmbmPMKz7X0lXOZ4AaABAg,@luisfilipenascimento7496,gugas ancestors were the ones that discovered milk,2025-05-28T17:11:22Z,0,0
UgzpE4a04-eGH2Ztxf14AaABAg,@ferrarilamboaston,now do the full process to an eye round.,2025-05-28T17:09:41Z,0,0
Ugye5lbiPhPHdok4N4l4AaABAg,@geofft.1959,"Somewhere out there, it's a cashier who is thinking Guga bought the tanks for fish 😂",2025-05-28T17:08:21Z,3,0
UgxMnUd2d_DwsDATU194AaABAg,@joshshehab5870,I'd love to see you try aging in cigar tobacco leaves!,2025-05-28T17:07:33Z,0,0
UgxpTrX2I3idkYkk5254AaABAg,@skreamer1212,Can you call it a DRY ager if you put a whole fishtank full of water in it?,2025-05-28T17:07:05Z,0,0
UgzepFHTAm04v02q5EF4AaABAg,@JamesWoodring-mu2iz,lol dude is getting desperate for content! gtf outta here !,2025-05-28T17:06:54Z,0,0
UgxC_4rmb1ebS2K3lrN4AaABAg,@Mahladhan,"Seawater pure salt
Konbu pure salt + msg


To tricking white pipel",2025-05-28T17:06:17Z,0,0
UgwYKvZuCtrnsWM0_JN4AaABAg,@extrasuperpowr,Bro is out here making sea steaks and smoking water.  Guga has full on lost it.,2025-05-28T17:03:28Z,0,0
UgwYrVbYGTdGXZ_JRdl4AaABAg,@SawdustNCoffee,Will it work if use Lake Michigan water🧐,2025-05-28T17:02:29Z,0,0
UgzFI4yxk917P6eLPYB4AaABAg,@СтаниславРуденко-ы4ц,For Halloween you can dry age steaks in pumpkin juice 🎃,2025-05-28T17:02:25Z,0,0
Ugxep6x5Nvf1ERICHOV4AaABAg,@Outsideyourboxes,Who doesn't like some fecal matter and plastics in their steak,2025-05-28T17:01:31Z,0,0
Ugzg5pxA_B0y8YiB-gh4AaABAg,@Teng247,hope he boiled and filtered the sea water.  Fish literally poop and pee in it on top of all the other waste in there,2025-05-28T17:00:44Z,0,0
UgyPCH6PCxZIpvCwbrJ4AaABAg,@lifewriter7455,Why doesn't he soak his steak in his own warm piss? 😎👍,2025-05-28T16:59:35Z,0,0
Ugwz-HozvA3FsfddPlJ4AaABAg,@privacyvalued4134,0:38 That is _barely_ choice grade.  It's teetering on the edge of USDA select.  I'd personally sift through the options to see if there was a better option with slightly better marbling in the eye.,2025-05-28T16:57:41Z,4,3
UgwWRKRbGpSojblEcCR4AaABAg,@moken79,"Guga in 2035 exits a cubicle, zipping up his pants while holding an ominous-looking bottle. He grins wildly.
""Now hear me out—you might think I'm crazy, but...""",2025-05-28T16:57:30Z,1,0
UgyR9Hn3TNOyp5YzI9R4AaABAg,@75novaguy73,anyone ever said where Angel is?,2025-05-28T16:56:32Z,0,0
UgzDxhWFWeQehCR_0PV4AaABAg,@Morris-Monet,Corned beef. Nothing new here.,2025-05-28T16:55:09Z,0,0
Ugz-KgOPkxyeImkMDLR4AaABAg,@4god_and_cntry,"Have you ever seen sea water under a microscope? If you had, you would have brought it to a boil before using it to brine your steaks.",2025-05-28T16:54:55Z,0,0
UgxSnCzqunVu2htmJQ94AaABAg,@Fake-dw9zx,Today we're going to jump in my spaceship and try dry aging on both mars and neptune. I'm hoping we can get some of that planet goodness into the meat.,2025-05-28T16:54:20Z,1,0
Ugy1wP8XoGlr8BH1_1F4AaABAg,@DiabloSpawnVII,"I come for the Steaks, but I LOVE me some Cacio e Pepe. Had it in Rome and it was AMAZING.",2025-05-28T16:54:12Z,0,0
UgyxVEXnDzPLYFDNp994AaABAg,@atanasgenov6950,"Intresting technic, maybe I misses something but it wasn’t clear for how long you brined the stakes. The only thing made clear that it was for days.  Second on the recipe explanation you said you use sea water for the combu brine, then on the taste part you said that you have used regular water with combu. Which one is it?",2025-05-28T16:54:07Z,0,0
UgxrMlJbXgabfvviOwR4AaABAg,@alzahalemn7322,This is getting ridiculous lol,2025-05-28T16:52:54Z,0,0
UgzGJxb_w7YPkdv0Yml4AaABAg,@ericvaughn9002,Try this method on eye round!!,2025-05-28T16:52:22Z,1,0
UgwQiSR2_AItPJYz9-94AaABAg,@CrustyDingus,"Imagine of Guga was Hannibal Lector, uploading cooking videos on human meat 😂",2025-05-28T16:51:57Z,0,0
UgxKNsNs9ePZ8zG7sSV4AaABAg,@gamerserver1,Sea water straight from the ocean!!!!,2025-05-28T16:50:59Z,0,0
UgwCU-oti7U-es1IhvN4AaABAg,@TheARN44,This guy smoked and dry aged water,2025-05-28T16:49:29Z,0,0
Ugwk0iuLovFVgDZp1mx4AaABAg,@Baskervill3,Try sea urchin or seaweed,2025-05-28T16:48:47Z,0,0
UgyXiWu0DvGTr6hPMLl4AaABAg,@WatchKek,Mmm yummy microplastic,2025-05-28T16:48:40Z,0,0
UgzN_h2DSp5dzH7jFrJ4AaABAg,@db-ob7ic,Its been done before...your not the first 😮,2025-05-28T16:47:52Z,0,0
Ugxqa32im3MI_Q6aMsF4AaABAg,@TrueChosen83,So…a dry aged wet aged experiment. Guga is a mad scientist.,2025-05-28T16:46:21Z,0,0
UgxLc5cRgXVNwBXvl7d4AaABAg,@TylerDollarhide,"Wait, he didn't do a control with regular salt water.",2025-05-28T16:46:18Z,0,0
Ugwvn6UzqlmR-VhhOc54AaABAg,@FaunaFootConnoisseur,Eye round dry aged like this? 🤔,2025-05-28T16:44:27Z,0,0
Ugwgme-ESXcbYTUNew14AaABAg,@drzecelectric4302,Mmmm microplastics poop and oil,2025-05-28T16:44:15Z,0,0
Ugywvu5jIwTohQBTNBd4AaABAg,@chrisi2348,so he wet aged a steak in his dry ager lol,2025-05-28T16:43:19Z,0,0
UgxzLHYh6UWWTwda97B4AaABAg,@steffenaaland1580,"That's not seawater, man...",2025-05-28T16:43:01Z,0,0
UgzRtNJPLIhFiadP7fB4AaABAg,@rexamillion8446,Dry age in water sounds like a pretty big contradiction,2025-05-28T16:41:43Z,8,1
Ugz7vbced7k35ofdLVZ4AaABAg,@WeißBarrett,But fish pee in there!,2025-05-28T16:41:41Z,0,0
Ugw4vUoW8o9SGFFLT5Z4AaABAg,@rafalsanbra9758,Sea water ??from where? No Ocean near me 😅,2025-05-28T16:40:59Z,0,0
UgwJlRgBrMRIHer--0l4AaABAg,@TylerDollarhide,"""It has several microorganisms."" It has a *lot* more than just several.",2025-05-28T16:40:54Z,0,0
UgztVHEs6zPqE6mOtaN4AaABAg,@am-avi,How about in pee😂,2025-05-28T16:40:25Z,0,0
UgwNPud7jId_Q2tP0l54AaABAg,@Envy_xanz,@uncleroger fuyooooo he has msg plant,2025-05-28T16:40:24Z,0,0
UgzDeJiqvfcELXLA3FB4AaABAg,@McGovern1981,My blood pressure hates you right now!,2025-05-28T16:39:29Z,0,0
UgzNG-LbNj4cSCTOhxF4AaABAg,@Envy_xanz,Grabs dirtiest sea water 😂 atleast take boat out for 20 minutes and get some fresh ocean water,2025-05-28T16:38:58Z,0,0
UgzNRTitqttDF7knDNx4AaABAg,@giveyellow7794,Try one dollar steak with this method ? compare it with pineapple method to !,2025-05-28T16:38:00Z,0,0
Ugz6jjTouxVGYAVDOvp4AaABAg,@danhamilton406,"Next, you gotta get water from the Dead Sea 🤓🥸",2025-05-28T16:37:31Z,0,0
Ugy_zoCat2bkxVfKB5N4AaABAg,@No-jz3bp,"""Full of microorganisms"" and microplastics mmmm",2025-05-28T16:36:17Z,0,0
UgzpSdwKZj8UnmSGyG14AaABAg,@THEMithrandir09,"I mean the logical next steps are, age it in beef stock or ""sous vide"" in beef stock but without plastic wrap.",2025-05-28T16:35:03Z,0,0
UgyyfA-AD7kNQnpHMFV4AaABAg,@aja2130,Do the same experiment with round beef!,2025-05-28T16:34:52Z,0,0
Ugy2FkdYGyfC7ILE6cF4AaABAg,@TheBoogerJames,"That Japanese ""water aged"" steak you showed in the video at 1:20 was vacuum sealed. So, it wouldn't matter if it was sitting in water or just in the refrigerator as long as the temperature is the same. Adding oxygen to the water isn't going to do anything either. Look to be just a fancy gimmick to sell overpriced meat. The way Guga does it seems legit though.",2025-05-28T16:33:19Z,57,7
UgzKtL2_9Hd07P50zkZ4AaABAg,@TheFoxylady31,At 2:00 you say seawater is used with the kombu but 12:40 you say regular water was used with kombu. Love your videos just letting you know of the discrepancy,2025-05-28T16:32:08Z,0,0
UgySaCkIl7xzA1miCmZ4AaABAg,@dantran5478,i think if i made this.. everyone would have diarrhea :D,2025-05-28T16:31:58Z,1,0
UgwO9YlGRDCFAjW97BZ4AaABAg,@im_nyos,"This is the most guga, guga foods video ever.",2025-05-28T16:31:42Z,0,1
UgxAtOVVliRxXH53Uc54AaABAg,@mikeutube011,Guga about to become a half hour segment on Chubbyemu,2025-05-28T16:31:05Z,1,0
Ugzucei0voRzSTED5LZ4AaABAg,@mikehunt9884,is this healthy?,2025-05-28T16:30:53Z,0,0
Ugw3T9qfv0VDCwtRrSh4AaABAg,@KapteinFruit,"Let me say this, sea water is full of fish and other sea creatures uhhhh sperm, let me just say that lmao, then again we do love the eggs of certain fish. I'm just saying...",2025-05-28T16:29:10Z,0,0
UgzctmrXMYyonAaKAXd4AaABAg,@a13Banger,"Guga Goods: Where the word ""Because"" fits anywhere you want it to lol",2025-05-28T16:27:20Z,0,0
UgwDumofET5zt28TNsp4AaABAg,@THEMithrandir09,"You're not adding oxygen to water, those korean steaks were wrapped in plastic too, the bubbles are just for circulation I guess.",2025-05-28T16:27:03Z,0,0
Ugw9FHBw4SqsqYoqud14AaABAg,@HamSandwich277,"Two questions:
1) Did you at least boil the water first to get rid of any dangerous microorganisms? 
2) What's the point of putting something that's submerged in water into a dry-again chamber?",2025-05-28T16:25:51Z,33,8
Ugw-r66T9wg9Y-t2nbZ4AaABAg,@KapteinFruit,"Everybody under the sun hates 9/10 advertisements... Sponsors are much better imo. And yes there is a huge difference. One yell at you, the other is a part of the show...",2025-05-28T16:25:39Z,0,0
Ugy3wWAZUPEe2g_Tbpx4AaABAg,@mycosporum,"Is this a prank? Lol...
I don't understand how come those meats didn't cure at all! Was it because they were on a wet brine?... Also, for what I see, those korean meats were in vacum bags. I don't think some extra oxygen did something to those cuts of beef. 😅",2025-05-28T16:24:32Z,0,0
Ugz5s8U5qEpz9CMT3Ih4AaABAg,@joebenzz,What happened to Angel?,2025-05-28T16:24:31Z,1,0
Ugz7QNuq6hbmZFz9RDp4AaABAg,@GotIt666,Try steak on mars next 😂,2025-05-28T16:23:38Z,0,0
UgzXeDdlE5mD5qBJP794AaABAg,@thepumpkinlord643,I feel like he could have just added salt to water but you do you Guga,2025-05-28T16:23:23Z,0,0
UgxF1CuxeECD_EUv2KB4AaABAg,@DFOCMARU,"Please don't get sick, or worse.",2025-05-28T16:22:43Z,0,0
UgxZBm6aFqjwBGfnjRJ4AaABAg,@NoHow_Never,It's not just nice! It's not just beautiful! It's nicebeautiful!,2025-05-28T16:22:41Z,1,0
UgxtEA33ZxyFIFzBeeB4AaABAg,@EvanSolomonBerger,Guga you’ve gone off the deep end,2025-05-28T16:20:59Z,0,0
UgyF0DZntFr5QQx25c54AaABAg,@jaxcar_spot,Where is angle,2025-05-28T16:20:21Z,0,0
UgznJcKGv_t4eUM5MIx4AaABAg,@rogueshadow_3268,only guga would make cacio e pepe as a side dish,2025-05-28T16:20:20Z,0,0
UgzG1LeXLHieDJqPz5Z4AaABAg,@m-a-t-t6869,I peed in the ocean about 7 years ago,2025-05-28T16:19:06Z,0,0
UgzKb6749ZZVhOR8GB14AaABAg,@Robber7,"No point with a control when you keep spoling it. Can you just stop and not always start with the control? They should not even know there is a control. You ruin all the tests doing this, especially as its a normal and regular thing to start with control.",2025-05-28T16:19:01Z,0,0
UgwPPltA6g2QKgK-nZB4AaABAg,@eddolous,Souvide a whole cow in a jacuzzi,2025-05-28T16:17:38Z,0,0
UgzWPpMPWZjKb5CWF914AaABAg,@TheSauceYouGetLostin,Is it still dry aging if it's in water?,2025-05-28T16:15:55Z,0,0
UgwFkcL3bs2_OYAfU8p4AaABAg,@ShawnC.W-King,"Trace amount of The Titanic, Bermuda Triangle, Whale... stuff, bodies.. ahh the ocean😂",2025-05-28T16:15:10Z,0,0
Ugy49_oxvE9k7sHm0iN4AaABAg,@colinnielson7996,"In Tahiti, they soak marlin in sea water for months. They do alot more than that though. Its called Fafaru",2025-05-28T16:15:09Z,13,1
UgzC6q4Gf6ACeQvz6Vd4AaABAg,@puffinondasticky,every guga video is skipping through 8 minutes out of the 13 minutes to watch the start skip through the bullshit then enjoy the end.,2025-05-28T16:15:05Z,0,0
UgwEJLJwrOH1-GsTUqh4AaABAg,@bgmkaak,"MSG was made by kombu in the past, nowdays it is made by gmo corn. 

The production of monosodium glutamate (MSG) has evolved significantly over time. Here's a breakdown of how MSG was made in the past versus today:

Past MSG Production (Early 1900s – mid-20th century)
1. Extraction from natural sources:

Source: MSG was originally derived from seaweed, particularly kombu (a type of kelp).

Method: In 1908, Japanese scientist Kikunae Ikeda discovered MSG by extracting glutamic acid from kombu using water, filtering, and evaporation.

Yield: The process was inefficient and yielded small amounts of MSG, making it costly.

2. Chemical synthesis (mid-20th century):

As demand increased, producers shifted to chemical methods.

Process: Glutamic acid was produced through chemical hydrolysis of proteins (like wheat gluten or casein), then neutralized with sodium to form MSG.

Downside: More industrial but less sustainable and sometimes criticized for harsh processing.

Modern MSG Production (1970s – Present)
1. Fermentation process (biotechnology):

Current standard method.

Source: Uses sugar-rich feedstocks like sugarcane, corn, or molasses.

Microorganisms: Specific strains of Corynebacterium or other bacteria ferment the sugars and naturally secrete glutamic acid.

The glutamic acid is then isolated and combined with sodium to make MSG.

Benefits:

More efficient and sustainable.

Mimics natural processes (like those in food fermentation).

Considered ""natural"" under many food regulations.",2025-05-28T16:14:57Z,0,2
UgxypDTfs9dnoD75_yt4AaABAg,@frankdemo8988,Where is angel 👀,2025-05-28T16:14:29Z,0,0
UgyShnNzkMQXNIyTWeR4AaABAg,@syahibijalaluddin,"It's been weeks since we see Angel. I guess ""dry aging my nephew"" will be the next video",2025-05-28T16:14:08Z,0,0
UgxyhCqLV1CHaM8Z5554AaABAg,@hasbeendrummer,"Dry age in poison, if you don't mind",2025-05-28T16:13:04Z,0,0
UgwidhfSCkduE9s4nvV4AaABAg,@ThaKingzsouljahPR777,I wonder if Guga would use the water from the Dead Sea. It’s the saltiest water in the world.,2025-05-28T16:12:22Z,0,0
UgzDW1ouw-jYQrkfA4p4AaABAg,@robertjason6885,With the added elements of bird and fish poop.,2025-05-28T16:12:07Z,0,0
UgyVEqHZHKnSsQtLSyx4AaABAg,@ayztimes2959,You are eating my piss..😂,2025-05-28T16:11:45Z,1,0
Ugz7WMk4XTCc1t0E91N4AaABAg,@riou_gg,This one is for the books Guga! How'd you think of these stuff??,2025-05-28T16:11:13Z,0,0
Ugx3tXQzOBb24GI3NBB4AaABAg,@RolandSchlosser,Where is Angel? :( I really hope you're dry aging him!,2025-05-28T16:11:10Z,1,0
UgzNXroBHwxAX2xKDUJ4AaABAg,@KapteinFruit,"Out of all your experiments, this is one I would bow out of trying. This seems highly risky man.",2025-05-28T16:10:36Z,0,0
UgwJbnDfQClrz141xzx4AaABAg,@maximedeliniersfaure6361,Bring back momo,2025-05-28T16:10:25Z,0,0
UgwAqIja4nFqNZ5FjJx4AaABAg,@Dnz-zg5km,Still waiting for the day Guga makes a traditional Bolognese cooked for 5hrs as a sidedish 😅,2025-05-28T16:10:10Z,0,0
UgwaDWm2tzJk3ajgRSp4AaABAg,@Joaquin.GC17,If anyone seeing this tries to replicate this with actual sea water I can only imagine a lot of things going wrong. The responsible thing to do would’ve been to explain how you replicate the salinity of sea water or how to treat sea water to make it safe.,2025-05-28T16:09:25Z,361,41
UgyAOmA40pd1dJaPeQ54AaABAg,@ab.tradezz,So now have you literally tried everything you can do with a steak? I think you should marinate in candy.,2025-05-28T16:07:41Z,0,0
UgyLsxWde73F8CmAMaN4AaABAg,@griffinappleton8453,This video should be called: guga gets brain eating amoeba from seawater steak,2025-05-28T16:06:01Z,9,3
UgzD17xEkXBbp106Kld4AaABAg,@Knightshade08,"Reminds me of an old 1970’s TV show, “Korg 70,000 B.C.” There was an episode where one of the cavemen caught a turkey then was swept down a salt water river. After rescue, they cooked the bird (now accidentally brined) and noted how much better it tasted.",2025-05-28T16:05:11Z,0,0
Ugyx4IvVwvtOqRaIpYd4AaABAg,@RyanEglitis,"The water is clearly not sea water - it's too clean. If you want to pass that off, at least show how you cleaned it up.

In reality, we all know you just added salt to tap water",2025-05-28T16:05:07Z,0,0
Ugy98K1Q2HViuEw1nvx4AaABAg,@belva-gaming,I think Vincenzo would LOVE your pasta.,2025-05-28T16:04:58Z,4,0
UgyxMplSfNNtuhumMWZ4AaABAg,@JohnWayne1107,"No angel again, is the dry aging process already begun ?",2025-05-28T16:04:51Z,0,0
UgyXB6Mv9o-lLix2MDt4AaABAg,@bhokcxzs,Bro is lock in to find that perfect taste. 😭😭😭😂😂,2025-05-28T16:04:30Z,0,0
UgyXhrneD8dwT8kDI0R4AaABAg,@lightsourcejourneys,Angel looks so different with glasses on 🤣,2025-05-28T16:04:29Z,0,0
Ugxj7JMaCJnDPXDeUid4AaABAg,@ghostwar8359,GuGa u dry age Angel For Real man lololol where is he lolololol,2025-05-28T16:02:56Z,0,0
UgwfA_Ysw8pzs4R1I_t4AaABAg,@napoleonfeanor,"Next year: ""I took a deep sea ship and cooked steak in a black smoker
Side dish will be the crabs living on them",2025-05-28T16:02:09Z,0,0
UgxwZ-JRlY8O6kfhT4x4AaABAg,@phoenyan2087,"Guga in one of his next vids:
I soaked/dry aged a steak in asbestos and ate it",2025-05-28T15:59:53Z,0,0
UgwwSLWp_vRRci98Msx4AaABAg,@CheekyChunt,"Only in America can you call a bowl of pasta like that a ""side dish"" 😂😂",2025-05-28T15:59:48Z,0,0
UgzdIY-aLtutF1t0G6t4AaABAg,@bigtime4794,If it was a good idea our ancestors would have done it.,2025-05-28T15:58:35Z,0,0
Ugxn3zO09TeGUqVQVt54AaABAg,@Nathydee,Nooo😂 that's the world's toilet water.,2025-05-28T15:58:27Z,0,1
UgwTSd0-roAXbHq1eO54AaABAg,@THE_TRACKMAN,I think Guga dry-aged Angel,2025-05-28T15:58:10Z,0,0
UgxoUe0T0jeEsg4C-iJ4AaABAg,@s1gne,"I hope you boiled and filtered the seawater first, we don't want you to get ill. 🤢",2025-05-28T15:58:05Z,1,0
Ugy0bFa0l8CJ0jnvYhR4AaABAg,@bigevil66623,Commenting before watching the full video...That has to be overly salty.,2025-05-28T15:57:59Z,0,0
UgwEpPtGqiRWNS9dfjV4AaABAg,@GardeningGnome,"From a person who keeps fish, 30 minute bubbler isn't doing what you think it is",2025-05-28T15:57:52Z,0,0
Ugwy7maPgYHhv8UV8IJ4AaABAg,@MaximillianNgoiya,One day you will soak steak on whale sperm 😂😂😂😂😂😂😂,2025-05-28T15:57:47Z,0,0
UgzRvkfjx5nrN5Wcvk54AaABAg,@gramozgashi,Guga is basically eating Seacow,2025-05-28T15:57:36Z,3,0
Ugwjoscdf4cj52XOzEZ4AaABAg,@seikojin,"Oh, and no control steak, which I think is genius. Now they won't know if they are having a control or not. MUAHAHAHA!",2025-05-28T15:57:07Z,0,0
Ugz7N83wzBSgRX4qxXB4AaABAg,@caesarfrompersona3fes731,please do same thing with fish next,2025-05-28T15:56:49Z,0,0
Ugx01EdOdY4vZmOPLjd4AaABAg,@Castia158,Guga please. Think of your health.,2025-05-28T15:56:36Z,0,0
UgyYvgucIP5pKVFF1NZ4AaABAg,@tidalwaffles,What do you do with the outer crust after you trim the meat?,2025-05-28T15:56:35Z,0,1
Ugy_fQKvCk05rqPf_Wd4AaABAg,@bigdaddycain8561,Try covering the steak in cinnamon.,2025-05-28T15:56:24Z,0,0
UgxXjC3YGks8CWswMTR4AaABAg,@wendigowithaninternetconne9594,Keep in mind we have so many cheese variaties because of people like guga experimenting im honored to witness this legend,2025-05-28T15:56:19Z,6,0
UgxWhRB62JM9OqIootd4AaABAg,@seikojin,"Early in the video, you said sea water for the second brine, but at the end, you said regular water. :( Either way, crazy results!",2025-05-28T15:56:19Z,0,0
Ugy76HbKBzPY-mcusHJ4AaABAg,@DanielASchaeffer,""" I soaked this steak in sewage for a year and cooked it""",2025-05-28T15:55:10Z,0,0
UgwKg6eV6-T23Z1lmFZ4AaABAg,@moumous87,But how long did you brine them?,2025-05-28T15:55:09Z,0,0
Ugx_EPiVX5meO_F7-7R4AaABAg,@Tybrarian,Haven't seen Angel in a while....... *suspicious*,2025-05-28T15:55:07Z,0,0
UgzYQRZ1Dyx3gYC4nuh4AaABAg,@MrAtrophy,I hope you did not use Water from Florida where they just pump sewage and farm runoff into the ocean unregulated. yuck.,2025-05-28T15:54:36Z,0,0
UgxaPocoX7RTt4NH_Sh4AaABAg,@daverave5211,i dare you to try that where i live in weaton-super-mare ill even pay your ticket if we can co halfs on the youtube revenue lol,2025-05-28T15:54:08Z,0,0
Ugxn3_cuq0ru6od-oUR4AaABAg,@Drumminjay01,"I've been watching your channels for years, but i can't remember if you've ever tried dry aging your steaks in sour cream. I have a feeling it would be similar to aging in butter milk.",2025-05-28T15:51:50Z,0,0
UgwMMgIADL-nNRhrF4Z4AaABAg,@brucecook502,"I'm not sure I would still have an appetite if somebody told me beforehand that they had the steak I was about to eat sitting in seawater in a fish tank for several months because the first thing that would go through my mind, is decrepit decomposing dead pet fish floating in a fish tank since I used to have aquariums when I was younger. I think that image would make me lose my appetite. I would prefer someone didn't tell me how the steak was prepared and just let me enjoy it LOL",2025-05-28T15:51:19Z,0,0
Ugz3lxO21ZWGNX5FwBh4AaABAg,@bodyandsoulinconstanttrans9190,what are they doing with all the trimmings when its a normal dryaging ?,2025-05-28T15:50:39Z,0,0
UgzpfnxgtxJ9fT65-H54AaABAg,@WALTERBROADDUS,😏 you needed to have the little diver fish tank guy......,2025-05-28T15:50:00Z,0,0
Ugz-hakGiulXMGqyhp54AaABAg,@tonyrauls1941,"Next week: ""I wet aged my steak in the toilet.""",2025-05-28T15:49:59Z,0,0
UgzuACW8UxJWaKtUZ2J4AaABAg,@zenith-z8,Did Guga finally fired Angel?,2025-05-28T15:49:15Z,0,0
UgzQp5_I2kVij7hwu3N4AaABAg,@FatherBriann,I need to see a steak done in Biscoff Spread,2025-05-28T15:48:57Z,0,1
UgyF4KioBKfLYvy3Y894AaABAg,@kuyajon,Can u dry age steak in mars soil,2025-05-28T15:48:22Z,0,0
UgzKRnFDRrynqYyr1CZ4AaABAg,@DannyFig-e4v,"Guga I hope you didn’t get that water from Biscayne Bay! Lol I mean aside for the the salt, you might have a bit of feces in there as well 😂 flavor enhancer!!!",2025-05-28T15:47:41Z,0,0
Ugz4HJ2LUYIBIzkXzXx4AaABAg,@longvuoan4328,How about aging a steak in burnt charcoals or burnt wood ?,2025-05-28T15:47:26Z,0,0
UgxMZuQK1bDtt3ggYn94AaABAg,@skellingtonjack2326,"""Derrrrrrrrrr! I soaked steaks in the MSG of the sea and ate it!!! Derrrrrrrrrr!!!!!!!!!!!!!""",2025-05-28T15:46:59Z,1,0
UgzKNHok-cV5ehzyZh14AaABAg,@bodyandsoulinconstanttrans9190,chemicals and microplastic...... insane,2025-05-28T15:45:01Z,0,0
UgyVg9Wypg3hdtKa-dt4AaABAg,@peterjensen9218,Sea water has traces of Goat😂,2025-05-28T15:44:24Z,0,0
UgyVHlKjzu5y4Hjd5S94AaABAg,@jonmitchell3999,So this is better than meater probes you promoted guga,2025-05-28T15:44:20Z,0,0
Ugx4qjPJbD-1TkVQ9fp4AaABAg,@JohnDoe-cb9pp,You really have no more creative ideas as to what to do. Seriously??  Maybe try soaking it in pee next time. Probably as healthy as this.,2025-05-28T15:44:01Z,0,0
Ugxq1K1A2LwRhReMJL14AaABAg,@kievdc,0:21 and even traces of corpes 😂,2025-05-28T15:43:55Z,27,6
Ugy_rrrr-vSZNe9Dy9t4AaABAg,@ItsAmnesiac,GUGA! THE OCEAN IS FULL OF MICROPLASTICS.,2025-05-28T15:43:43Z,7,5
UgzwpT0yf1Du9iiBydZ4AaABAg,@mykittenisagrandmaster4381,Please dry age a steak using chia seeds,2025-05-28T15:43:39Z,0,0
UgxgvMCR3fCz0WJKYip4AaABAg,@khinweepang,"2:00 ""sea water"". 12:36 ""instead of sea water, I just use regular water with konbu""
What?",2025-05-28T15:43:10Z,2,0
UgwIIhv5M-aoYaZjH_54AaABAg,@DerekMoore-y3f,Has guga aged a steak in beer?,2025-05-28T15:42:46Z,0,0
Ugzf9sZqEFT5Er7hTFl4AaABAg,@alexanderhikel2350,Well that’s a new way to get sea sick,2025-05-28T15:42:17Z,0,0
UgxXYO2JDzkqJHCVzfF4AaABAg,@savage069,I hope it's not Canada's beach water...............................,2025-05-28T15:40:54Z,0,0
UgydgD7DLal-oLUGlst4AaABAg,@onestopshop,Guga do a steak aged in pineapple,2025-05-28T15:40:40Z,0,0
Ugxi_zadTd7QJOCCtYt4AaABAg,@rifazameer5389,Where's angel ? 😕,2025-05-28T15:39:39Z,0,0
UgxyvWAz8hGYon6z41p4AaABAg,@miqdadjarry4294,"Guga finally changed the music after saying, ""It is enough talking...and it is time to grill""",2025-05-28T15:39:10Z,0,0
UgybxPPfPv8oVSbSXq94AaABAg,@mandopro,Grill a steak using super dry cow poop instead of charcoal!,2025-05-28T15:38:17Z,1,0
Ugx1V_VMsd9cXhk2cV14AaABAg,@Electrafried,It would have been nice to see you go further out and get some clear water,2025-05-28T15:38:13Z,0,0
UgxSwWdJvU7WE5PFClR4AaABAg,@brainfoodjunky,"LMFAO about the Korean MEat with more oxigene, who will never touch the Meat because its Vacuum sealed 🤣🤣",2025-05-28T15:38:12Z,0,0
Ugx3Ufd38GgEKs8pfkF4AaABAg,@jamiewalker4287,"When are we getting the tucupi dry age, Gugão?",2025-05-28T15:37:17Z,0,0
Ugzi8iX0mEGy5FaLT0J4AaABAg,@MidnightWanderer9310,now i wanna see it with guga's bath water 😩,2025-05-28T15:37:16Z,0,0
UgyqACsvwAWKTqSlcHJ4AaABAg,@erdfkrt541,"sea water? expected, that's why sea foods are so good, they have been marinated for their entire life",2025-05-28T15:36:37Z,4216,70
Ugxtt6nP2fajFc7V-nJ4AaABAg,@kennethnielsen3864,Thanks for sharing.,2025-05-28T15:35:47Z,0,0
UgwxDsjTpYOW-vvrh4V4AaABAg,@MLUE44,"In water ✅
In a dry ager ❎",2025-05-28T15:35:12Z,0,0
Ugylf0JwIWkqYhxCumN4AaABAg,@LingziAilan,Mad scientist of steak strikes again,2025-05-28T15:34:56Z,0,0
UgyYJYIny7TS5J1rxQx4AaABAg,@RaviBajnath,Microplastic enjoyers,2025-05-28T15:34:44Z,0,0
UgwdUA5WeK78XcVZsBN4AaABAg,@JB-Acts2-38,"Lol, ""if you decide to do this one at home"". I bet that people at home do this or even that it ever happens IRL.😅😂 That's why I love watching Guga do these things.",2025-05-28T15:34:41Z,1,0
UgyA9U7YtQierE0tlc14AaABAg,@jlambson82,Steak enhancement method competition followed by dry age experiment,2025-05-28T15:34:29Z,0,0
Ugxwkf0G53xAmjy0-r14AaABAg,@Lstead15,bacteria for days!!!!,2025-05-28T15:34:12Z,0,0
Ugzq4Abh6tDAQ3ECXwR4AaABAg,@djcybersword7978,He wanted lots of salt on his steak,2025-05-28T15:33:38Z,0,0
UgypfzT_SaOs1NHa6Q54AaABAg,@BATMAN10T,Naah this is crazy what next toilet water or river water. (Does he know there is some  people that don't want to get out to use the toilet so the ocean is there toilet) 😅,2025-05-28T15:33:22Z,0,0
UgxqjcjhUsGDgexshtt4AaABAg,@heshbond,"It's not done yet until uncle Roger approved it. So wait be patient 😂😂😂😂
Love your videos from India ❤❤",2025-05-28T15:33:09Z,0,0
UgxsswEmtC3_T0KqKlB4AaABAg,@paulhenry2536,Homies out of ideas,2025-05-28T15:31:25Z,0,0
UgxSM69D4GxYWJxyrXh4AaABAg,@sakalava47,He removes so much meat ...,2025-05-28T15:31:10Z,0,0
UgxzuVOA0OuWarnplqx4AaABAg,@siervitzk,"Now repeat the experiement but with one dollar steak, since the ones you used on the vid was so tender, and bring maomao back!",2025-05-28T15:30:36Z,0,0
UgxIqCKX2Rfc3449OsN4AaABAg,@thegalleryBBQ,"Welcome to the Chefstemp family. Great people, great products, great video!",2025-05-28T15:30:25Z,0,0
UgwwgXuwDuhVPOkJanZ4AaABAg,@Scandaxx,so the meat is kinda mold on the outside and it's not harmful to eat ?,2025-05-28T15:28:25Z,0,0
UgxiDf6vrvIS5XJPDY54AaABAg,@1Grainer1,every episode Guga gives lactose intolerant person dairy products... is that workplace abuse?,2025-05-28T15:28:07Z,0,0
Ugw1QDJ5ptUs4O_28kF4AaABAg,@jujitsu23,"yum, micro plastic steak...",2025-05-28T15:27:49Z,0,0
Ugw6Ot0p4tOk0bwGh214AaABAg,@BrianMcAvoy13,"What if you aged a steak in pineapple juice, coconut water/milk, and / or pomegranate juice? That could make for some unique flavors and possibly tenderise the meat nicely.",2025-05-28T15:27:40Z,0,0
UgwLAev8n4ROW-EwY4R4AaABAg,@TwilightStorm,"I never thought i'd see meat in a fish tank with bubblers but now that I have, I want to know more.... Is it to break the surface tension, or?",2025-05-28T15:27:18Z,0,0
Ugx3ca7w0BE1Mn80HOp4AaABAg,@Phloxels,Bro always dry aged but now hes wet-aging steaks,2025-05-28T15:27:17Z,1,0
UgyY4hq2CI-1EoAv4_Z4AaABAg,@christianheichel,Now hold that seaweed stuff in your cabinet for 7 years and sell it as 10-year seaweed,2025-05-28T15:26:45Z,0,0
UgzkXGTzc-ZAjuokdlp4AaABAg,@auroranorth6655,Dear Lord. Please continue to protect Guga and his staff from food related illnesses so that we can continue to enjoy such interesting experiments ❤,2025-05-28T15:26:01Z,1361,71
UgxSSeObQ8zsRRDj2CB4AaABAg,@anonymousbanana7564,Chef iq vs cheftemp: who will be better?,2025-05-28T15:25:48Z,0,0
Ugy9F2jhpQ0BlpgKny94AaABAg,@VeerapatrenHans,Next experiment is steak in urine😅,2025-05-28T15:25:18Z,0,0
UgylXVD1r6rXdoXro9Z4AaABAg,@guspolinski777,i peed in the ocean so so so so so so so many times,2025-05-28T15:24:40Z,0,0
UgxAw1Q26m4E-G9z3Md4AaABAg,@everchanging_gluewolf,This reminds me of the human corpses I saw while diving,2025-05-28T15:23:29Z,1,0
UgyyC8yHcn_yJFuNZMt4AaABAg,@Shino4243,"I would have liked a 3rd steak it a homemade brine with just tapwater and store bought salt with oxygen, and then a 4th steak thats the same as previous but no oxygen to see how much of a different is being made by the sea water and by the oxygen.",2025-05-28T15:22:44Z,0,0
Ugw3-75FHsdiAhiXtTl4AaABAg,@merthon33,steak literally underwater yet you still call it dry ageing and dry brine? this is wet aging and wet brine,2025-05-28T15:22:21Z,0,0
UgzLu4DPuq7o81rnC8N4AaABAg,@d1specdrifter,"Gustavo , you are 44 years old. I have fixed and cooked too numerous to count steak variations, that you have done, 10 years before you were born. But i guess your subs like to hear NEVER BEEN DONE BEFORE. It sells to simps and subs.🎉🎉🎉",2025-05-28T15:22:14Z,0,0
UgxA14CFlnr_5D1dXfx4AaABAg,@dominikmartinisko,Guga try new zealand steak and most expensive cherries in the world plus dry aging in fish sauce pls,2025-05-28T15:21:31Z,0,0
Ugx0jCjBHa4dxh7HChN4AaABAg,@Starwars_1507-x5g,Try this in $1 Steak,2025-05-28T15:21:22Z,0,0
UgydVeCH7yfDzwE1mep4AaABAg,@HavocParadox,Soon as i saw this pop up in my feed.. i had to stop and watch,2025-05-28T15:21:15Z,0,0
Ugzb2rTRu6H8X2c8qZt4AaABAg,@d1specdrifter,Please stop saying never been done before. Most of your steak cookings have been done before.🤦‍♂️🤦‍♂️🤦‍♂️,2025-05-28T15:20:43Z,0,0
UgyTiK-jvAYE9X4wcO14AaABAg,@hima5ebra535,love the new music while you cook the steaks <3 <3,2025-05-28T15:20:05Z,1,0
UgwWCxmvOqgIxmLRJxx4AaABAg,@RichardHulsey-g9l,Try to dry age with a gumbo file please!,2025-05-28T15:19:52Z,0,0
UgxYeKQej9b8Mp7JlGN4AaABAg,@d1specdrifter,Please stop saying never been done before. Most of your steak cookings have been done before.🤦‍♂️🤦‍♂️🤦‍♂️,2025-05-28T15:19:48Z,0,0
UgzRaLXjlqajwTHo2454AaABAg,@888Hz-v87,"bro is just doing anything now. his running out of ideas, yawn. garbage",2025-05-28T15:19:02Z,0,0
Ugx2RwiGhikIpWn8mVp4AaABAg,@Douchebag0815,cringe,2025-05-28T15:18:56Z,0,1
Ugylg9HM-nLAsKCtAMl4AaABAg,@illyra7704,With those results... you gotta try this one on the Eye Round!,2025-05-28T15:18:54Z,0,0
Ugy6GehnFnyDCubLVv54AaABAg,@toofrigginfrustratin,"Next week on Guga Foods, steaks dry-aged in cows blood",2025-05-28T15:17:50Z,0,0
UgxQ324Y07HjOmHEJV14AaABAg,@2AAzian,"A blue whale can deposit up to 300 Gallons of semen per session, so yeah....",2025-05-28T15:17:31Z,0,0
UgzlKo_w-A8_QGJEh6Z4AaABAg,@d1specdrifter,"Sorry but most of your steaks HAVE BEEN DONE BEFORE ,and back in the 70s and 80s.
And i would get water near any beach in the states. Most of the beaches have fecal matter. 😂😂😂😂",2025-05-28T15:17:10Z,0,0
UgzTNv0xkHqb52_L7q94AaABAg,@AnonymosAnthropos,What happened to Angel ? A dispute with his uncle ?,2025-05-28T15:16:59Z,0,0
UgwyIvkQmX63whpDLcN4AaABAg,@DaniMartArts,"Uhm... can I get some clarification, please?

Did Guga just use actual Atlantic ocean sea water, or was he simulating the saltiness with tap water?

Asking because microbial parasites and him not revealing his methods.",2025-05-28T15:16:55Z,0,0
UgyTxgHb7qC_1VW3fLR4AaABAg,@soloknife,I would never do this since people have done some gross thing in their,2025-05-28T15:16:36Z,0,0
UgylwrRYNDO_QGMgQM14AaABAg,@youssefsabb,"So do you have to take it out of the dry age for 30 minutes everyday to add oxygen?
I ask as if I would ever do this 😂😂😂",2025-05-28T15:16:33Z,0,0
UgxPhNEH0GovnkL3yNt4AaABAg,@Mexicoon69,What's next? Soaking it in vegan's tears?😂,2025-05-28T15:16:03Z,0,0
UgzsWMKxlIFav3xe5Yx4AaABAg,@Sikraj,ocean is soup,2025-05-28T15:15:53Z,0,0
Ugyc9m6vF12j7BTRSkZ4AaABAg,@scottrees451,Did you filter the water at all,2025-05-28T15:15:32Z,0,0
UgyhEiPs-WaEs8_Mt5Z4AaABAg,@CatDog248,Where's angel?,2025-05-28T15:15:14Z,0,0
UgxtfZoZDq_1FHbd5Yl4AaABAg,@jarrod0987,"Guga, I love your channel. I was wondering if you considered using sea salt dry mix available at aquarium stores instead of Sea Water? As a former sailor, I know the sea water near the coast can be high in contaminants like petrol chemicals. Of course there is also bacteria and such. Just wondering. Thanks.",2025-05-28T15:15:13Z,0,0
UgzzPmMbaF21eGsrvPR4AaABAg,@jonathanallen2604,What's next? Motor oil?,2025-05-28T15:15:01Z,0,0
Ugx7uVwlkwMLZwUJYxh4AaABAg,@tcgtpl,These steaks would have been a lot better had you used the old deep see diver and treasure chest fish tank ornament as the bubbler.,2025-05-28T15:14:45Z,0,0
Ugwgb9a7OwN1NUvGKW54AaABAg,@extraful1,What about a brine with Lapsang Souchong tea? It's a tea that tastes and smells really smokey.,2025-05-28T15:14:23Z,0,0
UgylapomoPFx1q0bdm14AaABAg,@imagecomicssupreme,"The one time I’m early to a Guga video, he’s soaking steakes in the literal ocean.",2025-05-28T15:13:34Z,0,0
UgxVGVWIF2ho_8lR4Vp4AaABAg,@JamieReneeVonTeez,So where do we get aged kombu Master Chef Guga? Also how did you filter the sea water with out taking out all the important things?,2025-05-28T15:13:24Z,2,0
Ugz53EzE4h4KUmnXsDR4AaABAg,@Prakashed,We need a proper introduction to the new guy. Maybe you already did it somewhere but do it in a few more videos for people who randomly pop in an out of your channel from time to time.,2025-05-28T15:12:34Z,0,0
UgyiMtqOUU9yOeYsr8B4AaABAg,@roveish,This is getting ridiculous.,2025-05-28T15:12:33Z,0,0
UgxaV02UUXiSfCbI9Nl4AaABAg,@barskayaalp6370,Smoke on the water?,2025-05-28T15:12:22Z,0,0
UgwiYvRqGCRRJVOUwKB4AaABAg,@therichieboy,"C'mon Guga, you do this but not Bovril dry age?",2025-05-28T15:12:07Z,0,0
UgzZT05089UEpeG9Cbt4AaABAg,@swapnajoynath1478,Next video idea: I soaked a steak for months in radioactive waste and this happened…..,2025-05-28T15:11:47Z,0,0
UgwIuQMjqouhSO3k3Gh4AaABAg,@bunmidenton6397,This guy is out of ideas,2025-05-28T15:11:35Z,0,0
UgzpK1-9y_LTfL1uFGx4AaABAg,@andrewrose2627,Surprised its not fishy? Haha that's insane to say.,2025-05-28T15:11:05Z,0,0
UgyH_0xFEIz9EFohnwl4AaABAg,@xenocide1307,Guga out here dry aging the whole ocean,2025-05-28T15:10:56Z,515,7
UgyVSmDRxLIP50qimWx4AaABAg,@SulliMike23,"Seriously Guga, dry-age in teriyaki sauce, please!",2025-05-28T15:10:30Z,0,0
Ugwu6-aE5DWImvVmY2x4AaABAg,@VirgoflowerH20,Some chives on this pasta just works for me,2025-05-28T15:10:15Z,1,0
Ugy3ctMQy7HMkRKfRrJ4AaABAg,@Phi1618033,"Guga 2028: ""I soaked Steaks in DONKEY URINE for months and ate it!""",2025-05-28T15:09:44Z,0,0
UgxJqVdancmNyBF8dC14AaABAg,@CraigLondon,You're running out of things to soak steak in at this point. Sooner or later the only thing left to soak it in will be p 😂,2025-05-28T15:09:17Z,0,0
UgwgW-Oypjufc11c_kB4AaABAg,@cavindent6973,Is he going to use toilet water next ? 😂😂😂. Naw cool experiment,2025-05-28T15:08:25Z,0,0
UgzrPUnioI1Y6mWUSY14AaABAg,@idselseno2306,"It's 11 PM here when this was released. Damn, I'm craving for pasta but most food place are closed for today. 😓😓",2025-05-28T15:08:09Z,1,1
Ugzmlu1fA9ecFKUpCj14AaABAg,@filipsurina,Why you gatekeeping the aging time??,2025-05-28T15:08:06Z,0,0
UgwXS_CQw_chx3o2yJZ4AaABAg,@TheLizzerazu,"I don't like that you keep saying that no one has ever done it before. I can say with 99.999999% certanty, that it has been done before. Just not with this big of an audience.",2025-05-28T15:08:04Z,0,0
UgwGjM3-38UKsfbJ0CZ4AaABAg,@pierre-alexandreclement7831,"ho man dont do that they have detected 
herpes simplex on the sea",2025-05-28T15:07:14Z,0,0
UgzIW2mo9sORHfKgfht4AaABAg,@VincentVader,"That ""sea water"" looked really clear. What was the process?  Was it filtered sea water?",2025-05-28T15:07:10Z,20,3
UgwYsjwzLqlgt41Wtkh4AaABAg,@richhernandez1758,"You should try this with a poor quality meat, such as eye of round etc.. to see if it can make it edible.",2025-05-28T15:07:04Z,0,0
UgzJkctN61XIoBUC-lZ4AaABAg,@patnuthammachote,Where's the control???? I miss the control.,2025-05-28T15:07:03Z,0,0
Ugy-rXDjFaVk3B9UADl4AaABAg,@DanielJuarez-ke6ql,Guga looks like the guy from game of thrones yk which one I forget his name 😅,2025-05-28T15:06:57Z,0,0
UgzvWHhEqFGutcU9u_J4AaABAg,@craigtpat,How did the aeration help the asian steaks when they are in plastic bags?,2025-05-28T15:06:54Z,0,0
UgzEQHa5UMiQH_VWanx4AaABAg,@PacificAsgard,I hope that sea water was properly tested for safety before being used. There's always a chance of harmful particulates being present especially on coastal waters,2025-05-28T15:06:53Z,396,42
UgwDvj8ryd9aXXLCbUN4AaABAg,@Sherruru,The enslopification has begun 😥,2025-05-28T15:06:40Z,1,0
UgzS_DJbdYkXZ-ldZux4AaABAg,@BuffaloNguyen1703,eye-round $1 video incoming? Maybe try deep sea water next time Guga 🤔,2025-05-28T15:06:25Z,2,0
Ugx99xwf_HHZuiYQZHp4AaABAg,@not_stephen_a_smith849,"couldn't help but thinkg that one of these days, something may not be good to eat and gg to guga's tasters!",2025-05-28T15:05:50Z,2,0
Ugy6qqZeS6qP0ioSnkp4AaABAg,@SBCTRASH,Day 24 of requesting a dry aged grilled onion steak or a grilled onion steak recipe!  Plssss Guga! ❤,2025-05-28T15:05:47Z,0,0
UgyPDEmOcYma2u19JAd4AaABAg,@TaguroSuper,Guga - The Steak Mad Scientist,2025-05-28T15:05:13Z,0,0
Ugxc79_wChpraBIOZH54AaABAg,@Draculkaiser,"You are crazy guga, but not in a bad way. Makes your videos fun to watch.",2025-05-28T15:05:09Z,20,1
Ugx_rHaizN0afbm-rsF4AaABAg,@Weatherandeverything,Guga what the heck,2025-05-28T15:04:46Z,1,0
UgzOHSA-yVKcu5g4q_x4AaABAg,@mikeyjames,Guga is a mad scientist 😂😂😂,2025-05-28T15:04:30Z,2,0
Ugy05ew-gEYszMCWDPB4AaABAg,@ghostghost4662,About to run out ideas …….,2025-05-28T15:03:58Z,0,0
Ugzk6yPnKw7b514H8KZ4AaABAg,@PakoBar2717,How did you clean the sea water to make it safe to cook with?,2025-05-28T15:03:58Z,60,11
Ugw7zXVI9QJGGVyr9qp4AaABAg,@Sammasambuddha,"Guga, call Bob Lazar and get some element 115 for dry aging.  💥🛸💥",2025-05-28T15:03:31Z,0,0
UgwMiElYf4k0wUlw1Hx4AaABAg,@calihd595,"Wasnt MSG a german thing? 😅

But i know Kon-bu? Has a lot of MSG inside but you could take some german Vegetables and it would have a interesting Effekt.

Another Idea for you Could be the use of Vegeta. 

Allways fun to watch your Videos.😊",2025-05-28T15:03:28Z,0,0
UgzlkDPQEXog--EYViN4AaABAg,@Ayntohn,soaked in urine pleaseee,2025-05-28T15:03:10Z,0,0
UgwR4wquQ-2vtUO8Llp4AaABAg,@ayoub_talib,Try this with an eye round.,2025-05-28T15:02:05Z,0,0
Ugz-IPGw99jEf4wvFBF4AaABAg,@GrillSergeant,I love the ChefsTemp S1! Works like a champ on my offset and Big Green Egg. Great video!,2025-05-28T15:01:57Z,0,0
UgzgrULAJoBo2_1jGdV4AaABAg,@kyle4545,Seaweed wrapped steak,2025-05-28T15:01:56Z,0,0
UgxnBOXbr6_w5j9o2sl4AaABAg,@6STICKS,dry age in weed butter,2025-05-28T15:01:54Z,0,0
UgwI17hKoqq3_fzdIFB4AaABAg,@skepticfucker280,Dashi powder dry age,2025-05-28T15:01:40Z,0,0
UgxuTPJQ_CcO36-W3Wd4AaABAg,@Johnny-ql2vd,Whadda gimmick…… (Clicks) 😁,2025-05-28T15:01:34Z,0,0
UgwpYSANm0rHwQ57DbB4AaABAg,@TheManyEyedOne,Everyday Guga is becoming more and more like the Roman philosophers who sit around and discover weird ideas... But for meat.,2025-05-28T15:01:18Z,6184,55
Ugyzc9KANoG4A-0Wicp4AaABAg,@185MDE,"*puff puff* ""duuuude I got a video idea, age it with ocean water, banana leaves, and smoke"" *puff puff*",2025-05-28T15:01:13Z,0,0
UgwOL4BcYKcxcC5vTWh4AaABAg,@smrtguy77777,You need to diversify Guga.  Steak does not have to be the center of your channel anymore.  It was cool at first but kinda lame now. Plenty of meats out there to highlight each episode.,2025-05-28T15:00:14Z,0,0
UgzyaRW1CH2CJ_n6JsF4AaABAg,@Fabian-keighran,2:51 this one interesting video. Yahoo. Having a beer to this one.. Absolutely Awesome. 💯🔥,2025-05-28T15:00:12Z,3,0
UgzKf9uDs3D8_BWkfX14AaABAg,@thestoicgriffin3799,"Can we just skip to using plutonium? Because at this rate, that's where we're going to end up",2025-05-28T15:00:05Z,0,0
Ugz1skukEGwrjH0iObh4AaABAg,@meat_loves_wasabi,Guga will start breeding  steaks,2025-05-28T15:00:02Z,0,0
UgyEVme_5iocg7-bQsd4AaABAg,@VanLee-nf6tk,Idk about this one cheif,2025-05-28T14:59:53Z,0,0
UgzMNMKoy1Aw8G-7r-V4AaABAg,@shanetwogood7893,So time to re-make the $1 steak again?  Only it will be a $10 steak now. Lol,2025-05-28T14:59:20Z,0,0
Ugy3VrgzXD8lUAOSkOt4AaABAg,@jaymann5180,"""I think what you should try at home is, use the sea water, then throw in the comboo, then throw in the smoker-""

Sounds like a new challenge for Guga.  Next episode?",2025-05-28T14:59:14Z,0,0
UgzjgUiafsae13QcfGx4AaABAg,@michaelbirch5270,"next: fried chicken in Azeite De Dende from Guga's country of birth, Brazil.",2025-05-28T14:59:01Z,0,0
Ugz1u1x5o09xAgBomAd4AaABAg,@Yokovich_,cannot be a good idea.,2025-05-28T14:58:22Z,0,0
UgwRl9eb4XViv7XN0tV4AaABAg,@jayq_el_panda,GUGA CAN YOU DRY AGE STEAK WITH CHINESE OYSTER SAUCE I COOK MY STEAKS WITH IT AN IS AMAZING I CANT IMAGINE ON DRY AGE STEAK THANX,2025-05-28T14:58:22Z,0,0
UgwiBsWQAB9Howz5Bwl4AaABAg,@EAGLEE99,What's next? His gonna put grass in a blender and let it rest on the steak 😅,2025-05-28T14:57:15Z,0,0
UgwY1bkjSZPVMxxuW_94AaABAg,@Holammer,Curious to see how it would taste if it only was in the sea water overnight or a week.,2025-05-28T14:56:56Z,0,0
UgwoUTTph-603Cf-JL14AaABAg,@alancartridge,What's next? urine?,2025-05-28T14:55:53Z,0,0
UgzkUveeffHZugELO_t4AaABAg,@ЯсенПетров-н3ф,man this reminds me of anatomy class in med school ...,2025-05-28T14:55:00Z,0,0
UgxFYZfDm5eyXb6ddwV4AaABAg,@Kable_TV,Next do a vat of acid,2025-05-28T14:54:34Z,0,0
Ugx_Szerb1YepAM0CQN4AaABAg,@WanderEats,Guga.. you never cease to amaze all of us. Can't wait to see what you experiment with next man!,2025-05-28T14:53:51Z,51,0
UgyPS45uPkcWBtRjz-l4AaABAg,@Gaelfritzy,"I think you should’ve got sea water that was more deeper in the ocean than closer to the shore, where all the nastiness and more micro plastics there is…",2025-05-28T14:53:34Z,0,0
UgxzwkIJW4mtDZhtqUx4AaABAg,@GFYU001,Plz tell me that he actually filter those sea water 😅😅😅,2025-05-28T14:53:31Z,0,0
UgxApib4VFVflK4U3r14AaABAg,@xxmlghostxx,try it on eye round,2025-05-28T14:53:21Z,0,0
Ugw3fSAwSUPdV3A29-V4AaABAg,@datphillyguy215,I haven't watched any of it yet.. but before i do WHY?!?!,2025-05-28T14:52:49Z,0,0
UgzUX2KmZjXbQOTSio94AaABAg,@CUBEoneVX,"Someone has been missing for a couple of videos now, did he quit? Angel was it?",2025-05-28T14:52:44Z,0,0
UgxX7In-rp1OK55IAdt4AaABAg,@nickwash3r3,when are you gonna dry age it in molten lava,2025-05-28T14:52:28Z,0,0
UgwXL35DeN0E6mvvxXF4AaABAg,@richardsummers2161,"That is just goofy, putting a hunk of meat, submerged in water, in a dry ager. I respect you Guga, but sometimes logic just takes a holiday.",2025-05-28T14:52:15Z,0,0
UgzKakWzaPA_vUYZKet4AaABAg,@luancia,Time to try this out on a chuck steak.,2025-05-28T14:52:13Z,1,1
Ugwq1lUhK3Qh89MHPU14AaABAg,@BillyWillson,Does the container of water not mess up the dry ager?,2025-05-28T14:51:58Z,0,0
Ugx9aivjYFPrAhk1-UF4AaABAg,@bun-n-cheese1290,Still waiting for dry age in Jamaican Jerk seasoning,2025-05-28T14:51:28Z,0,0
UgyBPhR3n8PhBOOAmWZ4AaABAg,@voldem0rt,"Sooo.... This is how Guga dies. DON'T DO IT GUGA!!!! DON'T EAT THE ICK. Sea water wet age, gag me with a rear plug. I love rare black and blue prime or dry aged japanese wagyu hnnnnnng. But sea water wet aged gag me harder guga. 

Fine. It's Guga... I'll give it a watch anyways, but just know, I am cringing at the seaweed already.",2025-05-28T14:51:23Z,0,0
Ugwxi1hcM5zOUcrUFpp4AaABAg,@RootboyFrenzyMat,"this is how you make fafaru, fish aged in sea water",2025-05-28T14:51:00Z,0,0
UgwfRAKJ6nqEqKJXG5N4AaABAg,@BosleyBeats,"Guga… you are amazing, words can’t come to me quick enough to explain how your creativity inspires me. Shout out to you and your crew; never stop innovating. You are the truth.",2025-05-28T14:50:54Z,3,0
UgzGAu7S5EHEAo9CA_Z4AaABAg,@davidesilvio8147,Finaly a meatless side dish! Kudos Guga 😂😂,2025-05-28T14:50:10Z,0,0
UgxAlsQrVX8d9PJZPyl4AaABAg,@jtparreno4387,Dry age steak with truffle oil!,2025-05-28T14:49:55Z,0,0
UgxVdCoiCGhq0sa9UGh4AaABAg,@rafaelmonteirocdj,aged in the what now?,2025-05-28T14:49:36Z,0,0
UgyhIC92xkhvsdzHlwd4AaABAg,@Thestuntedman,I haven't seen Angel in any of these videos lately. Is he finally getting dry aged?,2025-05-28T14:49:16Z,0,0
UgxJy1GSOGbN2R8SMjB4AaABAg,@sandythamtono2081,"Next experiment
Dry age steak with pesto",2025-05-28T14:49:02Z,8,0
UgzexIjcm-KyqptX20x4AaABAg,@Aokreaper,Wow that was an actual thoughtful experiment. Reaplace salt with msg in wet aging and ptting it against nature. Like hats off guga.,2025-05-28T14:48:44Z,1,0
UgyqgGwlWaOMkOjWTRx4AaABAg,@silentman-ze3gu,Send a steak out to space to dry freeze it,2025-05-28T14:48:26Z,0,0
UgxDSfAcgGrWLaOXkQN4AaABAg,@rimonfardinarian,Day 135 of asking to make chattagram style beef kalabhuna,2025-05-28T14:48:17Z,0,0
UgyqCtfM39t5kTE7S1Z4AaABAg,@JonathasJunior,10:10 just another average American LMAO,2025-05-28T14:48:13Z,4,7
UgyUYOodVF20kbJ37314AaABAg,@JEDIJA,There is a steak dry aging in urine right now,2025-05-28T14:48:06Z,0,0
Ugxy6ARR97MHo_VXb2V4AaABAg,@aronbenafill9780,"Try to cook steak with various type of satls. Like Himalayan Pink salt, Korean black salt, Indonesian Kusamba salt, etc.

Kusamba salt was made of sea water in area full of kelp which said to make it taste better than ordinary sea salt.",2025-05-28T14:47:59Z,1,0
UgwY406ktnDLUExW_qt4AaABAg,@kptparker,"Being honest, I do hope Guga did filtered that water somehow as well... Those who know where WMD's ware disposed, you know what issue might there be.",2025-05-28T14:47:44Z,0,0
Ugw56lJe07HlI8EqLgR4AaABAg,@plessis2023,"Water logged meat ! if you soak in water long enough your skin will fall off.  Cow  wi do same thing  , water  dissoves  things.",2025-05-28T14:47:22Z,0,0
Ugxatui0EpiXTs5SPup4AaABAg,@SuperheroRockstar,Do this to Eye Rounds!!!,2025-05-28T14:47:12Z,1,2
Ugx63308nWMxFBTsKCd4AaABAg,@MrJumace,Since when is the side dish not more meat? 😁,2025-05-28T14:47:07Z,0,0
UgyLUBO7L32rS0ehvnJ4AaABAg,@aaron_cant_bmx6821,Guga please Steak marinade in guava mango juice it will be amazing 😋,2025-05-28T14:46:52Z,0,0
UgyLcImq0n9n2S-Lybl4AaABAg,@jstewlly1125,Guga be watching Kaneko lol dont we all,2025-05-28T14:46:46Z,1,1
UgzjMfAaQHXMpnvh1KR4AaABAg,@Serpentarious,aged microplastics,2025-05-28T14:46:21Z,0,0
UgyoWISGwxZBM3nX2wh4AaABAg,@IvorLongshaft,Micro-plastic and sewerage steak.... yum,2025-05-28T14:46:17Z,0,0
UgwRUlhHFC4ZdnnNm_N4AaABAg,@geoffmckenzie2608,"Superb experiment, Guga. 
Actually, it reminds me of your quest to make a perfectly tender sirloin. 
With all that tenderizing effect that the sea water had, maybe it's time to get Emilio to add a sirloin to your next delivery.",2025-05-28T14:46:05Z,4,0
UgybkIRFWZ-yk0tJD2x4AaABAg,@HereComesThePaine,"Gee, that's totally healthy and delicious.",2025-05-28T14:45:52Z,3,0
Ugw41HPbMaXS6qy4B5Z4AaABAg,@JBoosee,May you do swamp water now😂 with crocodile meat 😊,2025-05-28T14:45:41Z,0,0
UgyKNU4ae2jInZklE6N4AaABAg,@RetroFrito,Did you boil the water first or just filter and use?,2025-05-28T14:45:20Z,1,0
UgwZH33c4-Y9T1Jw8ot4AaABAg,@SilverThunder710,Oh that’s a terrible idea! Don’t ever just use raw seawater!,2025-05-28T14:45:07Z,0,0
Ugw2oYeW_XDyMVnpStp4AaABAg,@kratosaurion24,how is bro alive ?,2025-05-28T14:45:07Z,0,0
Ugzq2AAuUNhbd7PNrod4AaABAg,@Memessssss,W dry age experiment,2025-05-28T14:44:00Z,0,0
UgwpHalOZsQwwjx897d4AaABAg,@rknighty5684,"hi can you try soy sauce calamansi and banana ketchup
brine for 30 days???",2025-05-28T14:43:54Z,0,1
UgwGm7vOLQaWNH7oTbl4AaABAg,@xavier12fromroblox,"Dry Aged human at 10,000,000",2025-05-28T14:43:34Z,0,0
UgxEQss9KUXMt2tiaLF4AaABAg,@dovkagan1403,Kombu smoke a eye of round  steak!!!!!!!!,2025-05-28T14:42:43Z,0,0
Ugy0ZfR-arNgGGmYeHR4AaABAg,@jasontravis6098,Arrest him,2025-05-28T14:42:06Z,0,0
UgwpN70Euj1t4MJwL5J4AaABAg,@BenGrimm977,"Bubbling the brine is a bad idea. It adds oxygen, which speeds up oxidation and can make the fat go rancid. Brines and aging setups work best when they stay still so the flavors settle in without feeding bacteria.",2025-05-28T14:41:52Z,0,0
Ugzt3xvzcub1F4BwDUh4AaABAg,@R2122-o7g,Holy moly...What's up next??..Dry age in pee??!!😮,2025-05-28T14:41:35Z,0,0
Ugxe45Gec1lZIf7cYGp4AaABAg,@aardeng,I got a faster way of getting smokey water 😂,2025-05-28T14:41:29Z,0,0
UgxSLq8pYDrQnuJhXJ14AaABAg,@hexcraftgaming,mmmmm microplastic steak,2025-05-28T14:41:26Z,0,0
UgzJDPmFtCIZT4oH4EB4AaABAg,@DT-wp4hk,"Dear Guga,

How much beef have you thrown away by cutting the outer pieces?

How many tonnes over the years have been gone you think?",2025-05-28T14:41:06Z,0,1
UgyE6cblyD-vx22rlxh4AaABAg,@Shrinekeeper1,"When guga finally stops making videos, I think we will all know why. RIP guga! LOL",2025-05-28T14:41:03Z,0,0
UgzWltcabaZepPsixBF4AaABAg,@TheFedererPlayer,"mmmmm steak marinated in sea water and piss, so good",2025-05-28T14:40:58Z,0,0
UgxAR12idwSa0Q9aVQ14AaABAg,@mpownage4806,why would you soak it in  water with high concentrations of microplastics???,2025-05-28T14:40:28Z,0,0
UgzlMHChh13oz-Ur8ih4AaABAg,@Relkinss,"I didn't think it could get any weirder.  Hats off to you Guga, cheers.",2025-05-28T14:40:22Z,349,8
Ugw52slUEmoPQE9BQfF4AaABAg,@c-LAW,You know florida water utilities dump sewage into the ocean? Boats dump raw sewage too.,2025-05-28T14:40:17Z,2,2
UgzaX1CDq3t__VaSKPt4AaABAg,@Baldie731,"this reminds me of Chubbyemu's Salt water experiment. Salt, drew out the water/moisture from the steak.",2025-05-28T14:40:13Z,2,0
UgyECstpm75xu8rKyzN4AaABAg,@juanlentino,"Guga, you'd do a good milanesa (Argentinian recipe) with that cacio e pepe.
You're the best.",2025-05-28T14:39:43Z,0,0
UgwPF3tOY2jed46mxYx4AaABAg,@CowboyFate,"Ok guga, did you ACTUALLY use sea water? Or just a salt brine? I don't know if that would be safe to eat with actual sea water. But I could be wrong.",2025-05-28T14:39:12Z,1,0
Ugx4TaKWn_HI4oycHWV4AaABAg,@mitchl5220,Did you boil it first to stop the microorganisms from eating the meat? Also was microplastics not a concern?,2025-05-28T14:39:11Z,2,0
Ugw49gBAnRTJKn2njQx4AaABAg,@jonathanmumbi8618,I saw the title and just knew i had to see this. Guga is something else.😊😊😊,2025-05-28T14:39:04Z,0,0
UgzzYFvmERChhIHN4ZF4AaABAg,@aardeng,I literally dry heaved reading the title 😅,2025-05-28T14:38:53Z,2,0
Ugz-8VcuwwDs9t4kLT54AaABAg,@7spadefish7,Try marinating in  beef consomme.,2025-05-28T14:38:49Z,1,0
UgwjUFfvmAUbcB6UI5d4AaABAg,@HikaruShuzuki,Guga's steak has been marinated or dry aged in lots of unusual ingredients,2025-05-28T14:38:27Z,0,1
UgysiCt68FmB0VMTGBF4AaABAg,@hulahala4065,Dip Steak in Cows Blood for a Day.,2025-05-28T14:38:11Z,0,0
UgzoOJunbTGQP_vYfbN4AaABAg,@panjimoulana,"Imagine if the sea water was full of micro plastic, junk, stool, or another stinky materials",2025-05-28T14:38:01Z,1,1
Ugx9ZYoIKTsBQ0SsG6B4AaABAg,@greenblack6552,"cacio e pepe is nice and all, but my favorite is bolognese.",2025-05-28T14:37:41Z,0,0
Ugyg14hZrsa0ZivlaFN4AaABAg,@happymonke999,What is he doing now 😭😭😭😭,2025-05-28T14:37:27Z,0,0
UgyzGoWN3BjoEu3s0tx4AaABAg,@dviieee3570,Try this experiment “dry aged steak with cow poop”,2025-05-28T14:37:06Z,0,0
Ugx6c6mzkSB7Rxq4ned4AaABAg,@Dethrojethro,"Sailing, sailing, sailing the seas of cheese
Mozzarella, provolone, Gouda, and some Brie",2025-05-28T14:37:03Z,0,0
Ugy60AOVmSqVrCaum0x4AaABAg,@billm7166,A little weird is a normal day for Guga. That is the best pasta I have made it before. I also had an Italian cook it for me to see if it was any different and his was better than mine. I made mine in the US and he made it for me in the Philippines.,2025-05-28T14:36:56Z,0,0
UgyjGUut7nc705RDpgV4AaABAg,@fl_sk_4,I would’ve gone deeper in the ocean to get the water it’s the same body of water but the beaches are always dirtier,2025-05-28T14:36:49Z,0,0
UgwWkL-chBtBTIqpgP54AaABAg,@ahre6295,bro found the source,2025-05-28T14:36:03Z,0,0
UgxtxVZ8VVq_1hqH3zp4AaABAg,@henriqueabreu9706,Let's not get salty watching this video :v,2025-05-28T14:35:41Z,0,0
UgxFKhMYqtxZTofpwfN4AaABAg,@colinchildress1251,"I like how when he gets to the side dish he says ""It's easy if you master it.""",2025-05-28T14:35:40Z,0,0
UgwEeKXbRtUiatdyCth4AaABAg,@MatthiaGryffine,This looks like something Mark Rober would do,2025-05-28T14:35:05Z,0,0
UgwXzmOhDt7Tp0ExqZZ4AaABAg,@utuberlol,"steak a la microplastics, sewage water, oil, bacteria",2025-05-28T14:35:01Z,1,0
UgyeiTwl-PAhEAOWNSN4AaABAg,@tohpingtiang4878,Because nobody in their right mind does that XD,2025-05-28T14:34:55Z,0,0
UgxKk9g9-VFpEvmiArh4AaABAg,@AndrewDembouski,Smoke your meat using cigarette and cigar tobacco for an experiment,2025-05-28T14:34:39Z,0,0
Ugyw62bCaKqxWugCMOh4AaABAg,@Darius_W23,At this point guga is just out of it💀,2025-05-28T14:34:22Z,0,0
Ugza1ctSRtJlzhvXiTN4AaABAg,@Brian-s7,You don't sound worried Guga,2025-05-28T14:33:52Z,1,0
UgyBSZ3Qn-HsAX7cOgR4AaABAg,@limmeh7881,Dry aging in water is a bit of a mindfuck for my uninitiated brain lol.,2025-05-28T14:33:39Z,0,0
Ugxb9IAEjg5la-oJ-sl4AaABAg,@chef0death88vods2,Brother has the heart of a true chef. Absolutely flawless pepe sauce.,2025-05-28T14:33:01Z,58,16
UgwfijUWgwbXr6feG5Z4AaABAg,@TwoTwoFourSix,have you gotten sick doing any of these Guga?,2025-05-28T14:31:52Z,0,0
UgynKx5IzlwOpIGpLnh4AaABAg,@RascalCatify,The bots are gonna like it....😂,2025-05-28T14:31:38Z,0,0
Ugx5SntyvwLyjlH5RUR4AaABAg,@mathiashellberg1153,You think if i use picanha and get same result?,2025-05-28T14:31:34Z,0,0
Ugx66pjvW4U5CiijwlZ4AaABAg,@SnapGrapplePop,"Please try zhoug.
It’s like a cilantro salsa (that even people that hate cilantro like) and it’s delicious.",2025-05-28T14:31:22Z,0,0
Ugz6ANessYGgAOYRSoB4AaABAg,@hyun1456,first time im this early,2025-05-28T14:30:44Z,0,0
UgzKxPkGgfeb2q1KC7h4AaABAg,@TallGingerDude,I would not eat the sea water one lol. There is a lot of very nasty stuff living in sea water that we cant see. Hopefully it was boiled first.,2025-05-28T14:30:42Z,5,1
UgxtMi1v4CEyw6V3Y-J4AaABAg,@ninjack11,I think we are beyond calling this one DRY aged,2025-05-28T14:30:37Z,0,0
UgzMKcJ_TLTCJRzBsyZ4AaABAg,@MrVovansim,"Guga: pickles beef in salt **water**
Also Guga: we don't need to salt the steak, because we **dry** brined it

Who writes these scripts for him? 🤣",2025-05-28T14:30:15Z,10,0
UgzVPka5k_4SwDGlFNt4AaABAg,@KinaestheticDmaw,"Guga, use this method on the $1 steak!",2025-05-28T14:30:12Z,6,1
UgxAGhrqvprtYQrAXYx4AaABAg,@bouncedatazz4122,You put your heart in that pasta my man.. I know it went very well with that steak omg 😋,2025-05-28T14:29:44Z,0,0
Ugx_BaCvG1RGVE7ZVMh4AaABAg,@เรียนภาษาอังกฤษวันนี้,Next we brine a steak in human piss,2025-05-28T14:29:38Z,0,0
UgyliuMZ1Y5u5qzZXM54AaABAg,@wjbacon,"Always imaginative, sometimes weird.  ❤ U Guga!",2025-05-28T14:29:31Z,0,0
Ugzk4oVYeDm0cgI_0j94AaABAg,@kristianfernbratt2480,That ad being fast forwarded really made it sound crappy and non professional.....,2025-05-28T14:29:05Z,1,0
UgwFJ4DFa1eWoWsgSd94AaABAg,@PhucU2,"Great video. I know eggs are expensive, but you could use one or two in your side dish. 😂 Cheers 🥩",2025-05-28T14:29:01Z,0,0
UgwNFCatJ-wpV-XBPId4AaABAg,@TroyRubert,Is this a Neptunes vault reference?,2025-05-28T14:29:01Z,0,0
UgwqtOiqV7cPqhPxIAh4AaABAg,@Yurgin_93,"Soon we will have ""I dryaged Steak in Steak""",2025-05-28T14:28:46Z,0,2
Ugxp7ybszufoU31W3494AaABAg,@BJTITTNER,I have the 🥴face this whole time watching. Hope it tastes good,2025-05-28T14:28:42Z,0,0
Ugz_UcvUTJStmXpTV694AaABAg,@drewwolfe7462,"Hey Guga:  if smoking bacon over applewood chips makes bacon better, does soaking a steak in apple juice make it better?",2025-05-28T14:27:35Z,1,0
UgxBxyrUAzHyU6URLt54AaABAg,@bagelman263,4:24 I’m pretty sure you definitely wet brined them,2025-05-28T14:27:22Z,136,9
UgyRCg-yPL6jNA_Yu6J4AaABAg,@AmericaChavez17,SEA SALT!!! I NEED YOU SEA SALT!!!,2025-05-28T14:27:09Z,0,0
UgyiTzcvOL8rYqs7v4x4AaABAg,@alanhuskey2404,Where is Angel lately?,2025-05-28T14:27:00Z,0,0
UgwacoCJmNjaUan8FHR4AaABAg,@sathearithyakuza4342,what next soak in soap,2025-05-28T14:26:57Z,1,0
UgwzrXzJCZhz1w2GHeN4AaABAg,@briank2281,"Guga, you don’t need the platinum.  The achievements aren’t worth it.",2025-05-28T14:26:27Z,0,0
Ugzk1hbzg18COiUgwl94AaABAg,@JK-wl6dx,Please include the number of days for dry age experiments,2025-05-28T14:26:21Z,48,4
UgyGtu3_9XZET-k1QAp4AaABAg,@riannamiguel,"being early to a guga vid is so crazy to me, keep up the amazing work <3",2025-05-28T14:26:17Z,0,0
UgxIG8HDZYbztmstUkh4AaABAg,@Nick_1-q8e,sea water is full of bacteria wtf,2025-05-28T14:26:10Z,0,0
UgxB_ptX-sTWlK_5Dvd4AaABAg,@natto4now,Isn't this how you get bochalism,2025-05-28T14:25:26Z,0,0
UgysDVN6ndNacJmuurJ4AaABAg,@necrogenesis1981,Isn’t there a ton of bacteria in sea water?,2025-05-28T14:25:22Z,21,8
UgxqmKfsooL0qLcSBg54AaABAg,@benhislop1458,"These ideas are becoming increasingly unhinged.
Yet I still want to see you try to dry-age a steak in brown sugar.",2025-05-28T14:25:13Z,1,0
UgwGy0YoBbOqLCksvrN4AaABAg,@RoyAparicio,Sea water has a lot of microPLASTICS* lol,2025-05-28T14:25:13Z,2,1
Ugwha-b6V7zKqBHsEbd4AaABAg,@SimulatedCrunch,Guga deserves a Nobel Prize at this point.,2025-05-28T14:25:04Z,1,0
UgxPlzDCvobSejKhhth4AaABAg,@KaygeeMahri,where's Angel?,2025-05-28T14:23:25Z,0,1
UgyKaF9F8TgOjTfGgfR4AaABAg,@Snowy0z,oh nahh the guga's achievements are getting crazy,2025-05-28T14:22:09Z,22,0
UgyEBT08jHfH_ZT3leh4AaABAg,@CallMeTonyga,"Damn if salt water does that, I wonder what Pocari Sweat or salty hydration drinks would do.",2025-05-28T14:22:00Z,1,0
Ugy934K_yaq-NqS3N294AaABAg,@508outdoorcooking,Nate from the internet cooked fried chicken in a vacuum do that with him to make awesome chicken!,2025-05-28T14:21:45Z,2,0
Ugx3-kYmSpq0MscfwwR4AaABAg,@thebob3712,"Korean ones in the tank were vacuum sealed in plastic, can't see how bubbles would help or even the water",2025-05-28T14:21:30Z,28,4
UgxJxs_CNuq2C7y1sUB4AaABAg,@consumer1073,may as well just soak steaks in poison and the juices from a necrotic wound lol,2025-05-28T14:21:22Z,0,0
UgyGDkE6_pihume2yU14AaABAg,@bradleybahrman928,Sea water is full of sea poop 💩,2025-05-28T14:21:21Z,0,0
Ugx6T77a46vf005C9314AaABAg,@SESK98,Now soak one in pepper spray. I've been suggesting it occasionally for while.,2025-05-28T14:20:42Z,0,0
UgxNXZEDtPlrfwX8yc54AaABAg,@JustAnotherSoul1,Longer than 28 days?,2025-05-28T14:20:42Z,0,0
UgyFr7BKH78g8hAbnZ54AaABAg,@macrobioscopic,Bro is doing side quest now that he has done all the main quest 💀,2025-05-28T14:19:54Z,158,5
UgwFbZinoz16XPM9-lB4AaABAg,@a4_tess46,"See what hes doing, its very smart but also very dangerous",2025-05-28T14:19:03Z,0,0
UgzpjJxyh1V2bALenml4AaABAg,@BakersTuts,"Guga, please do my super MSG experiment! MSG + Disodium Inosinate and Disodium Guanylate! It’s used in many seasonings!",2025-05-28T14:18:51Z,1,0
Ugxu_1RCIYgme3ujj054AaABAg,@RejonMunchausen,"in this part of the world you would be safer using toilet water, much less likely to get a chunky bit in your dinner",2025-05-28T14:18:35Z,6,0
UgyoHV2DlYhAdFu63Wx4AaABAg,@djroberts6461,12am in the morning for this aussies guga fix,2025-05-28T14:17:48Z,27,4
Ugxp7d_JP25yVKd1a4x4AaABAg,@demetriusjonahsmith,i think hes running out of ideas now,2025-05-28T14:17:35Z,4,0
UgwsZ5l8GGKKcGdhKgh4AaABAg,@nathanmatson6157,What an incredible idea!,2025-05-28T14:16:30Z,1,0
UgxCsXN-ASl6Dt8RdAB4AaABAg,@serkyjerky3519,This is the briniest beef I've ever seen,2025-05-28T14:16:19Z,0,0
Ugybqq73jV1JnRabP1R4AaABAg,@JohnOnTheBlock,third,2025-05-28T14:16:19Z,0,0
Ugx1VacIYpx-ZUkFAPx4AaABAg,@Mthaing91,"Perfect timing, just went on my lunch break lol",2025-05-28T14:16:18Z,2,0
UgwjqcstFgeER1PGk4Z4AaABAg,@redsupradriver,Early for once,2025-05-28T14:16:11Z,0,0
UgxRz-SMJl6zhyjMp2l4AaABAg,@M_Creator_YT,What is he doing now-,2025-05-28T14:16:07Z,25,1
Ugw2XMVRVI5ZHcVsF-h4AaABAg,@sadmemories.04,One view hh me first,2025-05-28T14:16:06Z,0,0
UgzWPYzmIfsZysoGr0d4AaABAg,@AhamdAfyouni,2:29  The F u mean he’s playing well dude’s spamming basics 🤦🏻‍♂️,2025-05-28T14:16:01Z,0,1
UgzLMCXffisSWa0oy294AaABAg,@creepsterrrr,fIRST,2025-05-28T14:16:00Z,0,0
Ugzk3wBMUJWX7xuLVlh4AaABAg,@jondeiconic2552,Wow different ways of doing on steaks,2025-05-28T14:15:58Z,0,0
Ugwnp7K4VUyygxgmWup4AaABAg,@SunnaHarris,Quickest I've ever got to click! Love your videos,2025-05-28T14:15:56Z,0,0
Ugx7H-c4nNvZabJ56wR4AaABAg,@dasbiest6681,never was so early,2025-05-28T14:15:53Z,1,0
UgzYv6CO7twj5DERhCt4AaABAg,@dsbm87,What 🤔,2025-05-28T14:15:47Z,0,0
UgxdGZXQRz_veULt6kF4AaABAg,@dr_dua7,First here!,2025-05-28T14:15:44Z,0,0
UgwXwPTGvREJ3gy0vel4AaABAg,@chimichanga-u3l,how do u come up with these,2025-05-28T14:15:42Z,2,0
Ugy75Vw-rUS8lAYGQTx4AaABAg,@kemoboy,first!,2025-05-28T14:15:40Z,0,0
