Comment ID,Author,Content,Publish Date,Like Count,Reply Count,Detected Language
Ugwf77ZzKid7icg-HIV4AaABAg,@addweightgoku27,"Aah another one of those specifically american problems, that americans think affects the world.",2025-11-24T07:18:56Z,0,0,en
UgxEPqnRdTc17cdw0_F4AaABAg,@Logjambam,My prediction is that things will only REALLY turn once Tom Brady starts showing obvious signs of CTE,2025-11-24T06:13:34Z,0,0,en
UgzaeDp2q-nATPgF_iR4AaABAg,@juzo888,Do UFC/MMA next even boxing,2025-11-24T05:08:04Z,0,0,en
Ugx9bdTmRZRwkKvhTPt4AaABAg,@Frieza_404,Did ProCap write this video?,2025-11-24T04:45:29Z,0,0,en
Ugz1KGpy2PkF462w7L14AaABAg,@personone8415,Its a violent sport.,2025-11-24T04:41:32Z,0,0,en
UgxdDDt0uys_qEzNHT94AaABAg,@ericalvarez8838,It’s almost like humans shouldn’t be tackling each other,2025-11-24T04:34:19Z,0,0,en
UgzrcXvMWD1jJiXeaYd4AaABAg,@a_trauma_llama2991,don't stop talking about it!,2025-11-24T03:31:51Z,0,0,en
UgzNMtCON-uOdmASh-J4AaABAg,@Willgo373,The most likely outcome is 11v11 contact football gets replaced with 7v7 flag football at youth levels. The NFL (and top colleges) will take the top players and train them to tackle football allowing them to make money while still dealing with less parents letting their kids play football.,2025-11-24T02:48:36Z,0,0,en
Ugw4rOkz_MH3Qn-jZdJ4AaABAg,@Halfdrunkpadre,This guy is so incredibly stupid when he talks about players coming from poor areas to escape poverty when the military exists. None of these guys are actually doing this to escape poverty,2025-11-24T02:24:03Z,0,0,en
UgwP7RRbRS8fUPPmUj54AaABAg,@StarlahMutiny,I refuse to watch the NFL because of this.,2025-11-24T02:00:32Z,0,0,en
UgxW0Ly3-XNb0aEsa_F4AaABAg,@Ty-Jack,Hi HAI,2025-11-24T01:50:24Z,0,0,Other
UgxrT2oMbjPsziajaU54AaABAg,@lionofistanmusic7311,Ultimate frisbee is a pretty dope alternative sport,2025-11-24T01:42:28Z,0,0,en
UgwPCCR1qeT9fQwzJ4p4AaABAg,@MrBentheretwo,This country is still in it adolescent years we enjoy violence like a kid enjoys all All Star Wrestling until we grow up as a nation we will have to deal with a nation that is a Lord of the Flies,2025-11-24T01:30:34Z,0,0,en
UgyWAr0YDB-m2p5SP9h4AaABAg,@jimmyjohns7866,I mean people who play the sport know the risks now. I love watching football if they want to play and sacrifice themselves for the massive dollars they get in nfl its america let them do what they want with their bodies,2025-11-24T00:50:55Z,0,0,en
UgxBi2adbbHeTt3L8u54AaABAg,@horatiohuffnagel7978,NHL players hardly hit each other anymore. Go watch 90s hockey. Those hits were brutal.,2025-11-24T00:37:19Z,0,0,en
Ugxmxk_YKHNdUnbjrB14AaABAg,@lindsayshanks7555,"I'm not an NFL watcher. I'm Canadian, so I watch the CFL - the Canadian Football League. The rules are a little different, but at the core, the sport is the same, at least to me.

After watching this, I'm starting to wonder if the changes the CFL is going under is also because of the same reasons for the changes in the NFL",2025-11-23T23:45:06Z,0,0,en
UgxnbGHBssC7FzuNirR4AaABAg,@hankpink6274,Any parent that puts their kid in football is a total pos,2025-11-23T23:38:17Z,0,0,en
Ugx4bInKHoKB_3p4as54AaABAg,@alvaroga1n,Woah really great take at the end!!! Like roman gladiators! Woah the players are poorer and poorer and the watchers and richer and richer,2025-11-23T23:34:06Z,0,0,en
Ugyk3FTg6r5a6Yvwyyh4AaABAg,@svihl666,great video,2025-11-23T23:12:37Z,0,0,Other
Ugwg0lBu3Va4g5uV2fB4AaABAg,@thecamocampaindude5167,Ever seen full contact jousting?,2025-11-23T23:09:36Z,0,0,en
UgwskerWP5p2J1YeNeR4AaABAg,@GabrielCCCP,This channel have already been MUCH better,2025-11-23T22:59:33Z,0,0,en
UgxVQsJPb_NKO6Kk3n94AaABAg,@bigbo1764,"This is why I stopped playing football back in middle school, I initially got a lot of flack from my parents, but after presenting them with the reality on injury and brain damage in the sport, they actually ended up pulling my little brother out of football and moving him to baseball.",2025-11-23T21:38:30Z,1,0,en
UgwXEXsyE7Q3njs_r5B4AaABAg,@channelchin8911,"Incredibley disappointed with the end. The NYC shooting was a deliberate attack on corporate america, not a rouge crazy shooting up a building. You are complicit in the wealth takeover of america, next time, mention that the guy had a manifesto specifically targeting the (Jewish) blackrock CEO.",2025-11-23T21:22:07Z,0,0,en
UgyWhDF-iw86vBuQ-8F4AaABAg,@squirlmy,"""debilitating cognitive function later in life"" -my dad is a big football fan, And I frequently watch games with him, and now I can't help but notice the really bad decisions by players on the field. I first noticed back when there were a lot of penalties for excessive touchdown celebrations. But now, play-by-play, which my dad analyzes out loud, really poor decision making, from receivers, defenders,, even quarterbacks. At first I thought my dad was just being overcritical. But when I watch Sunday after Sunday, I feel like I'm watching a contest between brain damaged medical patients. It's grotesque. And my father is distantly aware of concussions and how much the players are sacrificing their bodies, but remains a die-hard fan, and it makes me kind of sad. Certainly in the larger culture, the players have a reputation for being brawn over brains. But I think a lot of playing displays cognitive decline, right there on the field. I'm living in a football-fan community, when I put this theory across, I immediately get shut down. But maybe I'm not alone?  Why aren't more people examining this?  I know the answer is money, but it's very disturbing. When my dad's no longer around, I don't think I'm going to watch any more football: high school, college or professional. Thankfully, my nephews are being kept away from the sport from their parents(admittedly, probably for lack of talent as well) Maybe I'm very wrong. All the people around me seem to think I'm over-reacting, but every game I see seems to support my theory, though.",2025-11-23T20:39:38Z,0,0,en
UgwwLEmGvTd9k_yvC_l4AaABAg,@Austism95,"Get rid of the helmets. They use them as a weapon, not a shield.",2025-11-23T20:34:47Z,0,0,en
UgxfWqsQ-Hua4Iq-90V4AaABAg,@Ethan-gw6mi,"This is why I’ve always hated football as a sport. People watch for the violent tackles, and the players pay the price. And so many kids go into this at a young age at the detriment of their health for the sake of people wanting entertainment. It’s almost as bad as gladiators. I will never like this sport.",2025-11-23T20:28:50Z,1,0,en
Ugw6OaZegqqGJdkYSiR4AaABAg,@youarenotcool8926,We must preserve the brains of America's big dumb jocks since they typically have so little to begin with.,2025-11-23T20:09:32Z,0,0,en
UgwoDSGHdBIGw8gGJOl4AaABAg,@QwertyoUip,S. D. T. did no wrong.,2025-11-23T19:26:25Z,1,0,Other
UgxnNZlIdaZc4NazxMp4AaABAg,@elonmusksellssnakeoil1744,"You didn't even touch on ""race norming"", which the NFL _""ALLEGEDLY""_ recently stopped (we have no evidence they did beyond their word). If you don't know what race norming is, it's the practice of treating black people as having fundamentally lower cognitive function than white people, which meant the NFL did not have to pay out for concussion lawsuits brought on by black players, which constitute over 70% of the league's players.
The NFL is a snake. It is deeply, almost profoundly evil.",2025-11-23T19:04:33Z,0,0,en
Ugzo2cZSUJ7HX86Swh14AaABAg,@TheYoutubeUser69,"I love that rugby, the sport American soccer developed from, just doesn't have these issues😂",2025-11-23T19:01:20Z,0,0,en
Ugzk0L7-jdEaJyS78pJ4AaABAg,@underhteraimbow,"Never understood the appeal of the NFL. I prefer soccer or how I like to call it, real football",2025-11-23T18:49:38Z,0,0,en
Ugw6PdU6Zfuj7g35Kgt4AaABAg,@aw2584,"Actual football aka soccer leads to CTE - JUST FROM HEADING THE BALL!!!  Yet we as humans ignore how much damage american football does because... well, because we enjoy this. 

Yet we judge Romans for enjoying gladiator fights, which in reality were absolutely no different to american football - it wasnt like the movie Gladiator, the actual gladiators were athletes and superstarts, pampered and treated like royalty if they were good, and yes some were slaves but some if not most were volunteers looking for glory and fortune, knowing it might or rather it WILL fck up their health...

So we might be worse than these ""savage"" Romans - we still lie to our players about the damage that they will 99% suffer from, they didn't at all...",2025-11-23T18:42:48Z,0,0,en
UgwYitfN7_JnybeY8qR4AaABAg,@frequentlycynical642,"Another great Wendover production!

What about better helmets?  Better liners within.  My motor cycle helmets use molded in place Styrofoam.  Perhaps if someone reads this comment, they will inform me.",2025-11-23T18:40:09Z,0,0,en
UgyKLfVs4aR5PdYJdph4AaABAg,@scrotumus,"Yeah, a bunch of below average intelligence people slamming into each other over and over. It literally takes a level of stupidity to be one to want to partake. And damaging an already poorly developed brain has even more consequences. There's physically less neural pathways in the brain of an average football player, due to low intelligence. Since most players already have a learning disability, they're incapable of forming constant new neurological pathways.  They're usually focused in certain areas.  So when they get hit, there's a lot less to compensate for broken sections of the brain. There's not enough wires to rewire.",2025-11-23T18:04:36Z,0,0,en
Ugw7S-drdwZhtw9oeXF4AaABAg,@ziggy8253,Everything in the USA is wrong—even its most popular sport.,2025-11-23T18:01:01Z,0,0,en
Ugz1vlun4jnRXTGxNCl4AaABAg,@SophiaAstatine,"Not to make excuses for roman gladiatorial events, nor saying it's universal for all participants and across the entire duration of the Roman society, but at least they acknowledged it as a bloodsport and for professional gladiators there was made efforts to keep them alive as much as they could back then, from fattening them up a bit and training where hits should preferably land to not be fatal, while still making a red mess for the spectators. I don't feel like the NFL seems quite as honest about the nature of their sport.",2025-11-23T17:56:25Z,4,0,en
UgzcS-WmED68m1xMlV14AaABAg,@RossD189,Its really sad,2025-11-23T17:44:29Z,0,0,en
UgxQ-7_qNRkhm2X5faJ4AaABAg,@Oletitptip,Power Slap to NFL hold my beer !,2025-11-23T17:38:46Z,0,0,en
UgyU-AV1qt3jXrDwuuB4AaABAg,@anomiclife242,The increase in viewership is because of the increase in gambling and sports betting. The only thing that is saving the viewership of these sports in general.,2025-11-23T17:34:17Z,11,0,en
UgxvciSOK7PrkhnPV2p4AaABAg,@Omar-xg3lm,Just get rid of the helmets and pads . Problem solved.,2025-11-23T17:16:57Z,0,0,en
Ugx671v4RG4JDz74lpp4AaABAg,@RightSideNews,NFL’s hubris and elitism will be its decline. They care about you caring enough to give them money and that is their livelihood which is exponentially disproportionate to their customers which their customers do not want to feel like but as a st Louisiana and you’re told the team had to move back to LA because of their fans was icing on the cake   . F*ck ‘em,2025-11-23T17:12:57Z,0,0,en
UgymFtwWR545hQ9vv1x4AaABAg,@donedeal8385,"""Crisis"" for the clickbait title. Jocks bash their brains out in homoerotic ""sports"" no surprises.",2025-11-23T17:10:49Z,1,0,en
UgyAOCgIM9GVs6JZlW14AaABAg,@NeedForMadnessSVK,"People don't care. The players are poorer, the watchers are richer, the sponsors are gambling companies, and if you think your average football fan will watch something as ""effeminate"" as flag football, you are delusional. The UFC is still gaining popularity, and there the damage is more obvious. We could have literal gladiator fights in TV and people would eat it up. People simply love watching other people hurt each other.",2025-11-23T17:07:07Z,0,0,en
UgyrDhXBkrU2behW3jh4AaABAg,@highlandrab19,Maybe if they played normal football not that weirdo yank handball it would work better just dont let it become the soggy mess they have in the eu,2025-11-23T16:56:59Z,0,0,en
Ugx4tpX-qe6mFiEvzD14AaABAg,@highlandrab19,Football yet they use their hands 🙄,2025-11-23T16:48:58Z,0,0,en
UgwnmH60tPrvGurdxoZ4AaABAg,@JarrettWilliams99,Why can't they just wear bigger helmets? Like comically large,2025-11-23T16:44:42Z,1,0,en
UgxCPm3-oRGgyjuNunV4AaABAg,@TomWatkeys,"although it sounds counter intuitive, rugby doesn't have any padding, the hits are big, but the need for self preservation when you're not wearing a helmet plus the rules being very strict on head contact have lead to a much healthier sport when it comes to cranial injuries.  OF COURSE it's not perfect, OF COURSE there are still people getting long term neurological issues in rugby, but it's less frequent/dramatic than the NFL - perhaps this is one of those cases where just looking at and adopting from another sports' culture would have massive benefits for the NFL players",2025-11-23T16:43:00Z,0,0,en
UgwHT7XRBhnDlNO9k0N4AaABAg,@captainahab8244,Flag football is just going to get kids into rugby or soccer. 😂,2025-11-23T16:39:52Z,0,0,en
Ugwjiio-lnHgQkdAuZt4AaABAg,@Gsoda35,maybe make charging head forward or tackling against the rules. it's a dumb idea to endanger people either way.,2025-11-23T16:35:53Z,0,0,en
Ugz951Vg6LW6BsSFctV4AaABAg,@RightSideNews,The emperors don’t care about the gladiators,2025-11-23T16:32:05Z,4,4,en
Ugzf4ECc1YatDiiUXCN4AaABAg,@natewilliams772,"Same parents in here saying my kid won’t play football or a contact sport - same ones let they son paint they nails and daughters do whatever - 

Until you’ve played the game - you wouldn’t understand all the life lessons you learn playing as a TEAM & having to compete and get better to take a position - everyone always wanna see the bad in things - but don’t have any morals about being a respectful normal person - people weird ma",2025-11-23T16:27:18Z,0,0,en
UgzrcvH3HUl752SoBdF4AaABAg,@6MillionPesoMan,If I ever have children I will never let them play contact football and will strongly discourage them from doing so once they're 18.,2025-11-23T16:24:48Z,0,0,en
UgyyZjEoSddUs4qPcDB4AaABAg,@natewilliams772,"FOOTBALL IS A COLLISION SPORT - dancing is a contact sport  

As a baller ima do it all again - just wish we had better equipment- if you didn’t play you wouldn’t understand why them old heads have the issues - they wore schutts and buckets - technology is better -",2025-11-23T16:23:02Z,0,0,en
UgxKE1v4e2vB6eK8m6N4AaABAg,@gonzalot.605,It is genuinely impressive that Rugby (a contact sport known for having little to no protection) is considered safer than the NFL.,2025-11-23T16:12:29Z,0,2,en
UgzJC3aPAcjigdSUd6J4AaABAg,@mico77720,"10:47 so, it's a pyramid scheme",2025-11-23T16:06:07Z,1,0,en
Ugwhqp4tJxqaxPA3ReV4AaABAg,@dr.christopherdiaz4473,"The hardest hit I ever saw was by Troy McGriff in a SGP high school game.

The guy he hit looked like he was completely lost on the sideline.",2025-11-23T15:41:34Z,0,0,en
UgxpTZwsMa0GpygJ3SF4AaABAg,@elid3784,Are we supposed to feel bad?,2025-11-23T15:40:24Z,0,0,en
UgwQGueh4ulHvSt9PyF4AaABAg,@ericponce8740,"When an autopsy was performed on Aaron Hernandez,  he was found to have Stage 3 CTE. He didn't get that bobbing for apples.",2025-11-23T15:40:20Z,0,0,en
Ugww1r_z5s9a-jwnui94AaABAg,@Labyrinth6000,"They have been taking about this for DECADES, yet no one especially the NFL takes it seriously, far too much money is involved for it just let go due to “safety”.",2025-11-23T15:38:52Z,0,0,en
UgxJ-mFHUbZc5SqS1pF4AaABAg,@ericponce8740,National Fool League?,2025-11-23T15:34:41Z,0,0,en
UgySS70lc3IOQQ8VBnt4AaABAg,@lsowner10,And the “race norming” they have as a policy is wild!,2025-11-23T15:34:41Z,0,0,en
UgxHlMsytzqMd93te0F4AaABAg,@Houseplantny,Laughing in boxing,2025-11-23T15:23:15Z,0,0,en
UgyLgZZdIZ1kh8_k99h4AaABAg,@IluvMypigg,Ban football for kids. We don't let them drink or smoke.  Nor should we let them clobber their heads,2025-11-23T15:20:44Z,1,0,en
UgwWH3-AfXm9PZYc_1t4AaABAg,@AZFarmFun-hp1cu,"1:18  Most NFL players started out with limited cognitive function, so even a minimal loss becomes “debilitating”.",2025-11-23T15:04:34Z,5,0,en
UgyhibOHcuIdX5LRVYd4AaABAg,@NemoCaligari,"Football is stupid.  It isn't just the head trauma.  Other injuries, the entire ethos, and the absurdly high ticket prices just to name a few.  I went to one NFL game because I got free tickets; the face value was over $1000.  People pay as much as cheap cars for season tickets.  To each their own, but there are much better ways to use that money than to support an industry whose only product is pain and misery.  Football adds nothing of value to the world, and I'm sick of my tax dollars subsidizing billionaires.",2025-11-23T14:58:49Z,0,0,en
UgzEmb1k06RjnwNowhN4AaABAg,@MissGreenTeaLady,"I don't have kids yet, but I've already decided that they won't be allowed to play football while they're young. Maybe that makes me a cruel person who will kill their dreams, but I've seen too much go wrong.",2025-11-23T14:56:16Z,0,0,en
UgxQsp50AEfUd7iqxh54AaABAg,@jamesdellaneve9005,"The NFL is actually doing a good job with their rule changes. I’ve watched since the 1970’s. It was brutal. A player could pick up a QB and throw him to the ground. A player could run 20 yards and spear a player who wasn’t even looking. Now, most NFL players don’t even wear pads below the waste. The QBs are not getting injured as often due to the rule changes and the new kickoff rules seems to be working. The NFL is looking more like flag football and players get a penalty on helmet to helmet contact. I’ve thought for decades that they should have a helmet attached to the shoulder pads and somehow suspend the head inside of it. Inertia injuries are hard to prevent. However, the USArmy has done pretty well in response to IEDs in Iraq. They put an energy absorbing mechanism under the passengers, which amazingly worked well. Helmets need energy absorbing materials. Perhaps air bags, etc.",2025-11-23T14:54:13Z,0,0,en
UgwMoP9jgePLEok_6iJ4AaABAg,@Jonk_Jonk,"No one is forcing players in the NFL to play and they are making millions, so honestly I couldn’t care less about the concussions",2025-11-23T14:53:55Z,3,3,en
Ugzg9GQxXWaSwgveTcJ4AaABAg,@dtown313,"You guys act like pros are forced to play. They’re good at a game, make millions, and there’s risks involved. No different than boxing or UFC.",2025-11-23T14:52:06Z,2,0,en
UgxEw0IqGZzCR_Fg3ep4AaABAg,@randomfox12245,Finding out that rugby has less injuries precisely BECAUSE the athletes aren't padded and that causes them to subconsciously hold back out of self preservation instinct radicalized me.,2025-11-23T14:39:46Z,0,0,en
UgykDUrL6TKMz0Sckjp4AaABAg,@Mandoo2.0,A fundamentally flawed sport😂,2025-11-23T14:22:53Z,1,0,en
Ugw-B1wOrH1EkmhEFKN4AaABAg,@sadmermaid,We look back at people drinking arsenic and radium for breakfast and think it's wild. I think this will be similarly looked upon in the future.,2025-11-23T14:10:49Z,6,0,en
Ugw1vL3fw4cOL7rYn9l4AaABAg,@kidproduction6720,Thank you. Im never a fan of football. And here’s why. Just because you like it doesn’t mean it’s for everyone. Don’t be a dictator.,2025-11-23T14:06:26Z,0,0,en
UgzjwqDOf1-FsbhOYmR4AaABAg,@AdmiralNathanSchrödinger,"In undergrad I wrote a paper for an anthropology class describing American football as an acceptable ersatz for tribal warfare, a dopamine generator that humans have supposedly craved for many thousands of years. In it, the NFL provided the territorial associations, chants, banners, and decisive simulated combat without the carnage of kinetic battles. Populations have to be emotionally sold on war in order to participate and sacrifice for it. I think the NFL has tapped that formula for its own benefit. And it doesn't care about the casualties.",2025-11-23T13:49:12Z,0,0,en
Ugy2k-Uhk1r8FiLamox4AaABAg,@bradb4740,I tried and quit football at 13. All the kids laughed at me and called me “weak” for not wanting to put up with headaches. Looks like I got the last laugh.,2025-11-23T13:43:42Z,0,0,en
Ugxbx61Xp96Lq_o5Rx14AaABAg,@joshuamills2868,Of course they put up the Detroit Lions when talking about a concussion crisis. I swear this entire country hates Michigan.,2025-11-23T13:33:23Z,0,0,en
UgzeUefNfg0bGRJKj0N4AaABAg,@JackMcCarthy4,"The limited knowledge given to highschoolers to what actually happens to your body is terrible, kids should know EXACTLY what they are signing up for.",2025-11-23T13:22:18Z,0,0,en
UgxfB8m9f1HMMh-L-p14AaABAg,@firefightfire182,Football isn’t a sport for the weak and feeble. These guys know what they’re getting into and they’re paid like it.,2025-11-23T13:21:57Z,0,0,en
Ugzd-16vkd2M4UfVrtJ4AaABAg,@jeffkadlec8264,"The movie ""Concussion"" is why my son isn't allowed to play Tackle Football. I enjoy the game, but am conflicted about watching it.

The stories in this comment section are heartbreaking.",2025-11-23T13:19:09Z,0,0,en
UgyKX91p-G7jEYjyxOl4AaABAg,@MHO999999,"The NFL tried to give less money to Black former players in their concussion settlement, saying they already had reduced cognitive function strictly from being Black. I kid you, not. That shows what kind of time they're on.",2025-11-23T13:10:16Z,0,0,en
Ugw70jEAVOE1Bes8PyV4AaABAg,@donn.4766,"People love violence, just seeing which sports we like so much. Boxing, mixed martial arts, football. Muay thai, kickboxing is big in europe and asia. 

Its like humans have conquered danger and survival, so we pit ourselves against each other in almost ritual combat.",2025-11-23T13:09:32Z,0,0,en
UgxEyasxax7uxwMCwl54AaABAg,@AsterioMetaverse,"Didn't we already know this like, 20 years ago? There're even documentaries for it.
Who cares if people want to kill themselves and others want to watch them do it?",2025-11-23T13:09:07Z,0,0,en
UgyFgQR57X8lVZZ5ISx4AaABAg,@PapaDalbec,Helmets have gotten worse,2025-11-23T12:59:41Z,0,0,Other
UgwG8W4nNIR1EuFD-k14AaABAg,@frespects9624,They need to make guardian caps mandated safety equipment at every level of football. This sport has destroyed too many to count for there to be such a good mediator that's not applied as much as it should be.,2025-11-23T12:55:22Z,0,0,en
Ugx_OoxLCN2BjDPuMvh4AaABAg,@sdymott,"More people watched the Eurovision Song Contest than the Superbowl. 
Which only goes to prove that large viewership figures doesn't equate to quality entertainment.",2025-11-23T12:50:27Z,0,0,en
UgxjTQ8iXmmlNMuzEux4AaABAg,@jongraves3097,I’ll get my racism and anti USA content from another program….  F*** the NFL.,2025-11-23T12:22:07Z,0,0,en
UgwGqPX89EqgvcFoz9J4AaABAg,@mydreaminorbit9297,Knowing all of this the NFL and the NFLPA decided to make the season longer. Exposing the players to more hits to the head.,2025-11-23T12:11:13Z,0,0,en
UgxUs_OsTBs0kJo0yDN4AaABAg,@jholotanbest2688,Imagen being an American and thinking it is normal for sports to be 30% ads. A truly dystopian country.,2025-11-23T12:07:37Z,0,0,en
UgzDXY3r3pL_IxrIptd4AaABAg,@JS-sv3fk,At the end of the day they sign up for it 🤷🏾‍♂️,2025-11-23T12:01:55Z,0,0,en
UgxXc4bAQbe9KYuYmBh4AaABAg,@Otto760,This is egg ball. Real football uses feet and has way more viewers,2025-11-23T11:53:22Z,0,0,en
UgwyySDS23-8ADVyS394AaABAg,@Max_m,No it’s doesn’t. The players understand what they are getting into & the risks. I’m tired of nonsense rules ruining the game. This decade long race to the bottom to ‘eliminate’ concussions is absurd & trying to guilt trip audiences is even worse. Go deal with MMA or boxing then go after football.,2025-11-23T11:31:04Z,1,0,en
UgzZW0ceJNGQvGJQCgZ4AaABAg,@susanwojcicki5714,U made an interesting topic so fucking boring,2025-11-23T11:22:48Z,0,0,en
Ugz4SpIomkJLCEinpdd4AaABAg,@the8u9,"I do not appreciate lies from a channel with close to 5 million subscribers. At  2:26 You are trying to make a point by saying Ice Hockey has a ""similar"" and higher rate of concussions, but anyone with EYES can see that basketball, which has much less of a stigma about concussions is actually CLOSER to football than Ice Hockey is. I expect better from you than this Wendover.

Also, there seems to be a lot of tinfoil hatting on this topic from you, making assumptions about what the NFL execs are thinking. Your emphasis on CTE makes it known that concussions are a major issue, but like the NFL says, it is part of the dangers of the overall sport. Linemen suffer from knee issues and arthritis from a young age among other things the same way boxers seem to suffer from CTE like the linebackers.

I appreciate the attempt to talk about this topic, but your disingenuous and half-hearted attempt just makes things worse, not better.",2025-11-23T11:21:58Z,0,0,en
UgywmOfgCHeCPKsVHgl4AaABAg,@manchesterunitedno7,"A funny anecdotes unveiled when you mentioned the talents for American Football increasingly come from poor family. While the viewerships are from the wealthy.
Meanwhile in NBA, half of it is the opposite. The basketball talents increasingly comes from middle-upper and even wealthy families. While the fans/audiences also similar level.
Basketball story is no longer about the kids from the hood with basketball talents dream to finally made it, but the kids from white picket fences suburban houses dream the NBA.",2025-11-23T11:19:48Z,0,0,en
Ugx3pRf3-rcTR2bsTvh4AaABAg,@jsnap1,A concussion video? quick some call Zach Hazard 😂,2025-11-23T10:49:06Z,0,0,Other
UgzbxfdwduHYcs8WOkF4AaABAg,@alkinurdotran1053,Not football but okay,2025-11-23T10:45:41Z,1,0,en
Ugwd7bdChv4rFfCvbEd4AaABAg,@thesource.within,W,2025-11-23T10:20:26Z,0,0,Other
UgyDFXafcPVFoTnyKnp4AaABAg,@ja-yt2025,Or they could just play actual football.😉,2025-11-23T10:15:31Z,0,0,en
UgzdxYcoViyNDf3AGld4AaABAg,@beastboy44567,And players are still passing away every year from mental health . Great money but at what cost,2025-11-23T10:12:27Z,0,0,en
Ugxm5Hso69H1QWmFQiN4AaABAg,@ophiucoify,"The real problem isn’t helmet-to-helmet hits; it’s helmet-to-ground hits, because your arms are protecting the ball instead of yourself when falling, bypassing the instinctive bodyguard reflex. This is the reality of the matter, yet nobody wants to talk about it. Unless you change the nature of football (which basically consists of forcing the opponent to the ground), concussions will continue",2025-11-23T09:22:33Z,0,0,en
UgxF0GPMZqUJIFoOCaB4AaABAg,@skeliskull,"The problem with the nfl is unlike hockey, physical contact is fundamentally required for the sport to exist.",2025-11-23T09:18:57Z,0,0,en
UgyckiIQwvd84DveR9N4AaABAg,@xygomorphic44,"If you're shocked that smashing your head repeatedly is bad for you, perhaps you don't use that brain after all.",2025-11-23T09:16:11Z,0,0,en
Ugw8mpcPiyerqdalq494AaABAg,@Acupuncture_Miami_VIP,I am a Acupuncture Physician and Acupuncture can treat some of the symptoms of CTE. I think every football player and combat sports athlete should get Acupuncture,2025-11-23T09:01:13Z,0,0,en
Ugyr08x-vzGB1WpY8nt4AaABAg,@JD.Knight,CTE destroyed Chris Benoit.,2025-11-23T08:57:38Z,0,0,en
UgyqZkvekQe9GMPa_ex4AaABAg,@bingusbongus9807,"pay attention to the numbers on the graph at 10:57
honestly feels a little misleading without any graph crunch symbol",2025-11-23T08:48:14Z,0,0,en
Ugwf05rJk3DylVSQ4RN4AaABAg,@zackfraser7679,The concussion rates of the dynamic kickoff have increased to higher than before now that there are so many more returns than before. So we'll see what they try next.,2025-11-23T07:51:17Z,0,0,en
UgwusKCADHGpG2HoJp54AaABAg,@Thundawich,They wouldn't hit their heads nearly as hard if they weren't allowed to wear helmets.,2025-11-23T07:43:03Z,0,0,en
Ugwl5aAcdcq2mXwVHcp4AaABAg,@JosieDrake1995,"I like the idea of flag football eventually replacing tackle football. I don’t watch football because of the prominence of CTE in players. It’s so dangerous, I would never let my kid play it. What’s the point of a sport that can literally take your life?",2025-11-23T07:39:26Z,2,1,en
UgzePR0sWoVHbo_Tlyt4AaABAg,@kpec3,"Those guys like Peyton Manning and Tom Brady seem to be doing ok in retirement, but then they'll reach 60-65 and they'll go senile.",2025-11-23T07:36:27Z,0,0,en
UgxS1hBSyyMYDMnwm7Z4AaABAg,@jayspeidell,"In bike sports helmets are single-use to prevent concussions. The lining breaks away and slips, mitigating rotational force on the head, and the foam shatters as it absorbs the impact. 

Team sports and winter sports use shitty helmets to reduce cost because head impacts are more frequent. 

Take a fall on a bike and hit your head, no matter what discipline from extreme downhill to road cycling, and your helmet is trashed. But you don't have a concussion. And even the most expensive helmets at $300+ are cheaper than seeing a doctor.",2025-11-23T06:59:56Z,0,0,en
Ugwt9uVGaK9ulWu65uV4AaABAg,@Maganyos,"""Concussions"" is a misleading term when tackling (pun intended) the long term effects of repeated hits to the head. Search for ""sled head""; the olympic sport where people ride down the iced slopes on sledges/skeletons suffer massively from the repeated jolts that accumulate not from crashes, but the very act of riding down the hard surface on high speeds. One does not have to be ""concussed"" where it is obvious something bad happened to the brain - it is enough just to get repeatedly jolted.",2025-11-23T06:57:18Z,0,0,en
UgwS-giZpHCkhqVagT14AaABAg,@jeffez6572,Message has been brought to you by the NFL,2025-11-23T06:55:43Z,0,0,en
UgxODLA_bETHAJ6VWGJ4AaABAg,@36GodMob,Great job with this,2025-11-23T06:47:27Z,0,0,en
Ugw0Denza0CRyykhMFN4AaABAg,@ASJR,"With the amount of $ all involved in football make, the risk is worth it for them and for me as a viewer. And no, my kid ain't playing football, there are safer alternatives for him.",2025-11-23T06:32:30Z,0,0,en
Ugz3R4NeI3cuk0af0QV4AaABAg,@gcm747,"With the dream of earning 10’s or 100’s of millions of dollars throughout a career, you’re never going to stop competitive young men from lining up for the opportunity to play at the pro level.",2025-11-23T05:50:47Z,0,0,en
UgwRGbzmfiK0hooLfP94AaABAg,@isprobablyjobhunting,"Ghe nfl nickalodean ""slimerime"" crossover is one of the most evil job receuitment program ever.",2025-11-23T05:47:31Z,0,0,en
UgxaHxHbjjaTGatos3l4AaABAg,@Alex_N_Lowe,"I appreciate the Roman gladiator comment at the end of the video. That's one of the primary reasons I decided to stop watching football. I couldn't enjoy watching a sport when I knew that people were sacrificing their lives for my entertainment. I couldn't ignore it, and I couldn't live with it. So football had to go. I haven't watched an entire game in probably 8 years.",2025-11-23T04:57:49Z,0,1,en
UgyGQT7rNBdDjg0to3V4AaABAg,@sixcos,No mention of Sevens or 7x7 leagues. Less than comprhensive,2025-11-23T04:30:43Z,0,0,en
UgwT8XVAnqxitgLbzNx4AaABAg,@ellairax,"One thing that is important to understand in all of this is that *you can receive a concussion with no head impact* if your body is colliding into another object with enough force to shake your brain around in your skull. I received a concussion in this manner and it was the worst of the four I have gotten. Every single high speed impact is an opportunity for a concussion, regardless of head contact.",2025-11-23T04:02:42Z,2,0,en
Ugy2iNLgaIq9UbtlehZ4AaABAg,@RevKali,"To me if you’re in the NFL, you’re signing up for this and getting paid a lot. Yes it’s bad but it’s like someone wanting to be a cop, fire fighter, or even mma/boxing. You know it’s coming with something bad but you’re willing to do it so why are we going to take something away there signing up to do.",2025-11-23T03:59:07Z,6,0,en
UgxE_EHXpEdKMTtGixV4AaABAg,@mkgibertjr,"19:25.  Football is arguably the easiest sport of the big 4 (NBA, MLB, NHL, NFL) to go pro in too.  32 teams.  90+ spots.  Then there's NIL and scholarship money at any of over a hundred American Institutions with football programs.  The only reason I quit, in 2010ish, is having a future that was also reasonably lucrative and completely dependent on my brain working as it did in high school.",2025-11-23T03:39:01Z,2,1,en
UgxJnCT1ojM-PBhRu6F4AaABAg,@whatweather,You know someone truly suffers from TDS when they take something that has absolutely nothing to do with President Trump and make it about President Trump lmaoo,2025-11-23T02:47:17Z,1,1,en
Ugw4HpxM2Ptyk8PlPgp4AaABAg,@donaldpetersen2382,South Park's crack baby episode is some of the most open discussion we've had on this exploitation. Fucking nuts,2025-11-23T02:43:24Z,0,0,en
UgyH-jcXRS5iJRl69jl4AaABAg,@glovs55,"While this is true. I doubt young men growing up in poverty will stop playing football if you show this to them.

Let's be real here. Men are only valued based on what they can provide or offer. 

Which is why men are willing to do the dangerous jobs that keep society moving.


Plumbing, carpenty, oil rigs, law enforcement, power lines, being a soldier, roofing, construction.

If anything. The prospect of being able to earn millions playing a sport far outweighs the detriments on it.",2025-11-23T02:40:17Z,1,0,en
UgyMSajjSn_Jb3IEVfx4AaABAg,@ratoh1710,"10:08 They do not give a shit about long-term player health. If they could, they would even ""get rid"" of retiring players to avoid paying any pensions, royalties, or such",2025-11-23T02:38:11Z,0,0,en
UgzKnAhF-2Y_5OiOaNh4AaABAg,@WelfareChrist,"I love that the NFL sees CTE  as a threat to the sport of football as a whole, and not as a certainty for all linesmen at best.",2025-11-23T02:26:06Z,0,0,en
UgwwYtDJ7n_1ZQB7JC94AaABAg,@Gala-yp8nx,All of the people I know who played football in high school now have some issue or another from the number of concussions they had. The guy who got off easily only has difficulty thinking and picking up details. The guys with the worst of it can barely function.,2025-11-23T02:01:18Z,0,0,en
UgzBW916ih3g4SQs2XR4AaABAg,@leonardo.1024,"Yeah, I've referred to it as ""selling your future"" (for the players) for a while now, and it has really turned me off ever watching it again.",2025-11-23T01:41:23Z,0,0,en
UgzChiEV6uoSayYm_zV4AaABAg,@Durangedrufian,Flag football in the Olympics is an embarrassment to America. Why do we not push for tackle football in the Olympics??,2025-11-23T01:28:13Z,0,0,en
UgyQfQ884FZTWpF0sJx4AaABAg,@GoEagles-n3v,"for that kind of money, i'd take my chances.",2025-11-23T01:18:10Z,0,0,en
UgxsLmS7xGV_e_hd4sN4AaABAg,@nakajoea,"So everyone should sit at a desk and whine on YouTube. One of the only really great joys in life, and such condescension. Unsubscribed.",2025-11-23T01:17:24Z,0,0,en
UgwmALHzsPiqJCP5PcN4AaABAg,@Frommerman,"My cousin was killed by football practice in high school. It wasn't even a hit that did it. His coach refused to let anyone stop for water on a hot day, and he died of dehydration.

It's not just the sport itself that's the problem. It's the attitudes that surround it. The idea that toughness is a virtue, particularly of men, that constantly pushing people harder is the path to success, and that showing you have human needs is a weakness, pervades the sport particularly at the sub-professional level where the NFL isn't watching or liable.",2025-11-23T01:10:05Z,405,13,en
UgxHE-mcmIHfm3LcjCR4AaABAg,@SchmozzleGTO,"UFC's CTE tsunami is going to be enormous... the NFL, Rugby, even football (the one with a round ball and feet, sometimes 'headers') has CTE/brain trauma issues- football! Back in the day, balls were heavy, esp when wet, like heading medicine balls, but even in modern era, lighter balls travelling fastsr, likeky more frequent heads of the ball, and CTE/brain injury/diseases are just as prevalent... it doesnt need to be heavy impact at frequency, even relatively 'light' head impacts but at decent frequency is insanely dangerous... Protect yer brains folks...
American Football, Boxing, UFC, Rugby, action sports, football (round ball) etc are in the crosshairs, the athletes need better protection, appropriate medical cover for life etc.
Some sports should have severe health warnings, rules certainly need to adapt... NFL, NHL, UFC etc. are insanely stupidly dangerous. The orgs behind them have a duty of care for their athletes...",2025-11-23T01:05:52Z,0,0,en
Ugwy87vy29sMR8_rpJ14AaABAg,@giordanobruno-w8q,Gladiators can die,2025-11-23T00:19:42Z,0,0,Other
Ugwq-f-wEu8-BeyJ7Fh4AaABAg,@ThatPervTako,"No fucking way!!
But if looks like the safest sport evert😢",2025-11-23T00:13:29Z,0,0,en
UgzvAcAVPznkhC2x8Sh4AaABAg,@anomalocar1s.canadens1s,"My brother is a big highschool football player and wants to go into college football player. Not a pro player by any means but he has aggression issues we see nowhere else in my family. For example, my mom poured about 2 ml of lukewarm water down his tank top (he was being an ass and pouring water on the dog), and he retaliated by pouring half of his massive, ice filled water bottle on her head. He will bug and hit and hurt just for fun. He’s a menace. I firmly believe that if he’d never played football he wouldn’t be like this.

Edit: I realized I never provided any real examples of him being violent, so I’ll add some of my own stories. After school one day I was bugging him (don’t remember how, but I did admittedly start the interaction- I know for a fact I wasn’t physical at all with it though) and he retaliated by punching and kicking me so hard I was left sobbing on the ground. He’s also punched/kicked me in the back multiple times without me even talking to him. He throws things at my head and has punched my head. Living with him for 17 years (I’m currently 18, he’s 17) has caused me to flinch at any sudden movement or anything that could be construed as raising a hand to hit. It’s been so bad that I literally can’t move because my body just flinches over and over. I’m immediately wary anytime he’s on the same level of the house as me. I’ve had good times with him but it ALWAYS inevitably ends with him getting nasty or violent.",2025-11-23T00:13:13Z,0,0,en
UgwBjj7dcrfGjtyPuAF4AaABAg,@archaicsentinel,"Hear me out, sports athletes getting larger is like the SUV issue on the roads in the US",2025-11-23T00:11:47Z,0,0,en
UgzhnD3awkQgAR1f89l4AaABAg,@smahlt,The boards absorbing a lot of the hit is key to why hockey is less dangerous. The most dangerous hits in hockey are open ice at speed.,2025-11-22T23:58:07Z,0,0,en
Ugz2XqOVAClbopvdR4p4AaABAg,@A_Dirrty_Bird,17:30 really great play by that holder to handle that high snap and get the hold down. Gotta love the special teamers getting ot done!,2025-11-22T23:56:29Z,0,0,en
UgzrOZeeyt8uBXHqjbt4AaABAg,@StufffTV,The amount of wrong facts in the beginning of this video is crazy,2025-11-22T23:48:15Z,0,1,en
Ugxpjt9d7i_81z_OPv54AaABAg,@bradlevantis913,"Unfortunately very few professional sports leagues put player’s health ahead of profit. As long as they can stay healthy for the length of their contract, it’s all good.",2025-11-22T23:37:35Z,2,1,en
UgxG4G7CLsMBvk_04Vp4AaABAg,@orsegal5058,Uhhhh heard of boxing?,2025-11-22T23:30:03Z,0,0,en
UgzJlpnUGJATVop5clp4AaABAg,@Hankaholic,I won’t take anything seriously until they require players to wear a mouthpiece.,2025-11-22T23:25:51Z,0,0,en
Ugxv3CBxEvS7m8vrJiN4AaABAg,@alexgrissom3513,"This is why I stopped watching football about a decade ago. It wasn’t really a conscious decision to boycott it, I just felt vaguely sick when I watched these players collide with each other",2025-11-22T23:05:16Z,0,0,en
Ugx_Z4D_bz8fxMPDmC94AaABAg,@randomized4368,"American football, the only football that doesn't involve a ball and rarely foot...",2025-11-22T22:53:04Z,0,0,en
UgyPH4N8Ns7g9ICkczh4AaABAg,@ladyeowyn42,"If you wouldn’t binge drink while pregnant, don’t let you kid play American football.",2025-11-22T22:49:19Z,1,0,en
UgytTujZsSrF0jXJZCp4AaABAg,@jamesthemaniac3293,And of course I get an NFL advert during this,2025-11-22T22:48:10Z,0,0,en
Ugy0mq-TzbGLI7fuVyd4AaABAg,@wn-cualquiera,"Conclusions:
 just play real football, not American handegg. 
If not, accept your roots, as the imperial unit system you use, and play rugby",2025-11-22T22:33:35Z,0,0,en
Ugw5B454W5RvwIiXMh54AaABAg,@WisdomRanger,I will never let my kids play football and...frankly I judge harshly parents who do have their kids play football. Parents have something that kids do not: foresight of consequences.,2025-11-22T22:26:01Z,0,0,en
UgyVL5sZYsRWsz1UCON4AaABAg,@saoirsecameron,"I’d love to hear more about the COVID reversal. I have my suspicions as to why: an abandonment of caring about the health of others, combined with growing disdain for the disabled and preventative health measures generally, but I want to hear what the research actually says.",2025-11-22T22:21:48Z,0,0,en
Ugyzh-w5e82yh3KXJ4h4AaABAg,@mr70camarors,Im disabled now because of my football related tbi.,2025-11-22T22:19:05Z,0,0,en
UgxbZSan-X6JAdtNaw54AaABAg,@turkishsamurai,Oh no! Anyways..,2025-11-22T22:09:53Z,0,0,Other
Ugw2fX4tJsjEgGoDVc14AaABAg,@cashnelson2306,Derisively? That’s just describing it accurately,2025-11-22T22:05:09Z,0,0,en
UgzBKwhjzY8c3YLA4x54AaABAg,@DrFear-100,"Speaking for myself, as soon as I discovered e-sports, my viewership of NFL went from 10 hours a week to zero. Turns out I like watching competition even better when games take 30 minutes instead of 3 hours, when I'm not force-fed beer and gambling ads the whole time, and when the players are nerds like me instead of meatballs.",2025-11-22T22:02:47Z,0,0,en
UgxwzGM-92sbzHWUEEN4AaABAg,@Genethagenius,"I would love to see a comparison with Rugby. The reason is, if Rugby has far less concussions, it may be the fault of the pads & helmet that allow for Football generate so many concussions.",2025-11-22T21:52:25Z,0,0,en
UgxmDI1sdOAtIehadJJ4AaABAg,@mcdonaldswi-fi9502,Please make a video about Skiplagged and hidden city ticketing such an interesting part of the airline industry would love your take on it!,2025-11-22T21:47:07Z,1,0,en
UgxtXjENV7UMlGEV9At4AaABAg,@frederickmcguy1352,"I haven’t seen alot of the concussion videos bring up boxing or fighting at all. Seems interesting, those guys get hit in the head upwards of 100 times in a single fight.",2025-11-22T21:30:30Z,0,0,en
UgxhspPO-KEFte1qm6B4AaABAg,@SHDW-nf2ki,nobody cares about concussions lmao if they did boxing would have fallen out of favour CENTURIES ago.,2025-11-22T21:05:25Z,0,0,en
UgwYce7XhcgR1O54qGt4AaABAg,@Thecrunkcoco,I don't think anybody needs convincing anymore. Everybody knows how dangerous the football is to brain function or otherwise. We demand it so they supply it. Its that simple.,2025-11-22T21:05:22Z,1,0,en
UgyftWQyY1oDFkJvY1V4AaABAg,@starwarsphan3159,I love football as a sport to play and watch. But would never let my kids play it. It is bad. From the brainf damage to soft tissue damage to the toxic school coaches and teammate.toxicity and the whole culture... So...nimby is my attitude. Let others get hurt. Not my kids,2025-11-22T20:47:35Z,0,0,en
UgyRc8TM3AedUF_c6uB4AaABAg,@MatheusFernandes-xf4zm,Reducing protections and more rules are the solution.,2025-11-22T20:46:57Z,0,0,en
UgzNEfn9cFMM_-okk1Z4AaABAg,@MatheusFernandes-xf4zm,"Paradoxically, the more protections increase the athletes recklessness.",2025-11-22T20:46:16Z,0,0,en
UgyKtaCrtkbJZr08zj14AaABAg,@1.4142,And then there's slap fighhting,2025-11-22T20:43:57Z,0,0,en
UgwcTZ6qmsbSoyBOCPV4AaABAg,@alan2here,"solution:
• allow grappling/falling/roughhousing – yes
• allow charging into each other head first – no",2025-11-22T20:36:47Z,1,0,en
UgyWFQRxQUiBlwE5XKZ4AaABAg,@OpPopopopopo,it is insane to me that after all of what has came out about how damaging football is parents are still letting their kids play it,2025-11-22T20:36:26Z,0,0,en
Ugz3TKV9x2uTAuVakUd4AaABAg,@MrDieselakias,AI generated script,2025-11-22T20:35:34Z,0,0,en
UgzYN5mDA6uJNxyHw1N4AaABAg,@kirakaffee9976,make them run ass first into each other instead of head first ^,2025-11-22T20:18:24Z,0,0,en
UgxQFz4DIjq4qeY22dV4AaABAg,@_F_rog,11:54 Ray Lewis jersey is a crazy choice,2025-11-22T20:12:33Z,0,0,en
UgxJ8GolqXHJJvu_GGd4AaABAg,@RSthetr,Yeah you can tell Sam is a big nerd,2025-11-22T19:47:27Z,0,0,Other
UgxYbJ7lHRgCgtAZ-jN4AaABAg,@contrnsmagnificndjoobngtaint,"every helmet should have accelerometers.  the telemetry should be streamed real time

speed of players running around. and hits. 

and show the damn flight path of ball (like golf)",2025-11-22T19:44:53Z,0,0,en
UgzvBx1R1vBO9-2vwIt4AaABAg,@davidhochstetler4068,The kickoff change is great both from a fan perspective and a safety perspective. A true solution and not a bandaid,2025-11-22T19:34:26Z,0,0,en
UgxoRPA9XaPRq1nlS5F4AaABAg,@YouTubecensorshipteam,My children will never play American football.,2025-11-22T19:15:56Z,0,0,en
Ugx7HJIiSy2Oh_HlW5V4AaABAg,@ujjwalbhandari3284,The game has the wrong name to begin with. It’s not Football.,2025-11-22T19:10:18Z,0,0,en
UgwfIyOAh9PYAhHyUcp4AaABAg,@MungFinglewood,"Sad so many lives have been ruined through sport injuries, many never even realizing the damage caused.",2025-11-22T19:01:22Z,0,0,en
Ugw5wP5PYFmLP-mRzOl4AaABAg,@mareczek00713,"If you ask me entire US is brain damaged calling it football instead of carryegg - you're not kicking a ball, you carry an egg.",2025-11-22T18:48:10Z,0,0,en
UgxzT1xVvVuG0VhIP7J4AaABAg,@TheBishop12,TELL YOUR KIDS TO PLAY BASEBALL INSTEAD. IT IS THE SUPERIOR SPORT,2025-11-22T18:44:29Z,1,1,en
Ugz3acBjnqaRmoH3RQJ4AaABAg,@JuzJT1,the nfl concussion rate went down 17% last year this video is pretty miss leading i think the game is much safer today then ever i think the focus should be on making safer and more effective helmets i think there should be more research into Q collars to slow the movement of the brain in the skull the main focus should be making sure the equipment is up to date and coaches are teaching the younger kids how play properly especially in pop warner with all these bad coaches same with high school,2025-11-22T17:59:39Z,2,1,en
Ugx1imdsTBq1WLosQNh4AaABAg,@rorytribbet6424,"It’s not even a story. A bunch of consenting adults doing the thing they love most. It’s the greatest sport in the world, stop trying to destroy it just to make a quick buck.",2025-11-22T17:35:14Z,4,17,en
UgyHOv9RM4dVb6HFkwZ4AaABAg,@bes03c,"I used to be a college football fan, but stopped because of the concussions.",2025-11-22T17:08:59Z,2,0,en
UgxLIHDxvOr42-h2YQJ4AaABAg,@joshuaradick5679,"My brother had a very classic high school football coach with athletes encouraged to play through head injuries. Between that and Rugby injuries his cognative abilities were  heavily impacted. He cannot focus on more than one thingnat a a time, he drank more and has become more aggressive, particularly when drinking.",2025-11-22T17:01:10Z,6,0,en
UgwZGlmTSRhAA1Xm4kd4AaABAg,@gustavmahler3228,omalu is a fraudster,2025-11-22T16:44:42Z,0,0,Other
UgyL5KnOpuo01X8N3XN4AaABAg,@hotmechanic222,Trust me no-one in the UK is interested in the NFL,2025-11-22T16:40:43Z,2,2,en
UgyU8ZxSzuv98pPy4WB4AaABAg,@Saylin021,"One note. While the new kickoff has less concussions per play, it has also led to less touchbacks and more returns. Which has led to more concussions overall.",2025-11-22T16:28:02Z,0,0,en
UgwFjST53ikx8_iNZ3R4AaABAg,@loiko8787,Explain's why there is so much crazy people in the US,2025-11-22T16:25:49Z,4,8,en
UgzXAuDLNVFJYRHrUfl4AaABAg,@bumsinblue5624,If we had medical for all at least when people had med problems they wouldnt have to decide to get treatment or sell their home,2025-11-22T16:18:27Z,1,0,en
UgxBytU_bdC_ww1vXKd4AaABAg,@TESkyrimizer,I feel like shiit why not just abandon the facade and we'll have bloodsport gladiator matches and be honest about how we encourage success at the cost of human lives?,2025-11-22T15:55:59Z,0,0,en
Ugyueer3IUuj4K3U_IZ4AaABAg,@jaws0476,"I played football from 6th grade thru high school. I went to Army after where I was airborne infantry. Then, I played rugby in college and even now. Almost everyone of my major injuries were either football or Army related, with most of my head injuries were from football. None from rugby. Maybe force wrapping up and tackling properly has a huge impact on. Also, I’m sure it has nothing to do with how big these guys are getting with a similar increase in acceleration",2025-11-22T15:53:53Z,1,0,en
Ugxf7BvLr5hBtaeEOul4AaABAg,@SSNReactorOperator,"Does rugby have the same CTR rate? If not, then that’s the answer: remove the protective gear and the players won’t collide at full speed out of self-preservation.",2025-11-22T15:52:37Z,0,0,en
UgzYwKEGx0O9f0sfXZh4AaABAg,@eoghanmcloughlin8854,Bread and circus,2025-11-22T15:17:55Z,0,0,en
UgxIAD60luRemlQ4zMZ4AaABAg,@PinkBunnySlipers,One of your best videos ever well done!,2025-11-22T14:51:55Z,0,0,en
UgyBkRtJM6p5e6WKCk14AaABAg,@FOSS-For-All,More protection then nrl yet more head injuries than the nrl,2025-11-22T14:41:10Z,0,0,en
UgyKV5EunyhGSM0FJlF4AaABAg,@poiuytrewqqwertyufy,Ok now try AFL football…. We don’t wear helmets or pads,2025-11-22T14:36:11Z,0,0,en
UgzWHZCjdtLRS-IoJBB4AaABAg,@dabootvv,"finally I know why Al Bundy ended up where he was! :D

jokes aside, footballplayers aren't the brightest ones to start with, so no real surprise there",2025-11-22T14:27:41Z,0,0,en
UgyMLzGXr_3A0AT1tU94AaABAg,@TheGreatFatMan2007,2:07 Canadians be hitting harder,2025-11-22T14:22:34Z,0,0,en
UgwKBmLPCamA_z4L4DV4AaABAg,@eoghanmcloughlin8854,"Just play rugby, it's more entertaining anyways",2025-11-22T14:20:05Z,0,0,en
UgwjEG6gPDtAu1jjFkJ4AaABAg,@irinaphoenix2169,"I don't like how you showed the brain slices but didn't talk about what they were looking at. Not the images, but the actual brain slices.",2025-11-22T14:12:53Z,0,0,en
UgzSU6s7YYmChkU7pPd4AaABAg,@erikbjorke5851,"The Americans around me never talk about CTE, they talk about the game and their fantasy picks.  I get no sense that anyone is concerned or that it’s even on their radar.",2025-11-22T14:01:06Z,6,0,en
UgyGOwOgxlelVXD8ayB4AaABAg,@scb0212,"I’d love to see a comparison of concussion rates among all football variants - NFL, CFB, soccer, rugby, Aussie rules, Gaelic, etc. - trying to find correlation between rulesets and concussions.",2025-11-22T13:57:04Z,0,0,en
Ugz9_4LRk4wroaLN7N54AaABAg,@evanward3995,I feel like working to remove helmets and pads is the answer. Without a helmet there is little head contact in collisions. I’m thinking of rugby where the rate of head impacts is far less.,2025-11-22T13:56:53Z,0,0,en
UgxBg5Fa1BiDyzcFQQB4AaABAg,@fuzytaco6,Using images from the Bills and Bengals game where the injury was a cardiac episode for the player while trying to down talk the concussion epidemic is not cool.,2025-11-22T13:55:26Z,0,0,en
Ugw97PL5nbwVGSYV2lV4AaABAg,@CaptainXJ,@0:30 and doesn't pay taxes.,2025-11-22T13:31:14Z,2,0,en
Ugyy7XZDX15y5n5Du9B4AaABAg,@SilentSlayer47,THROW THE BALL.,2025-11-22T13:30:35Z,0,0,Other
Ugyi7uqVNS6c94fAzZx4AaABAg,@davidbeckham,"Just play rugby, problem solved.",2025-11-22T13:06:28Z,0,0,en
UgzJua998_-Il74OBvB4AaABAg,@Commander.Starfleet,"why not just have a new body uniform made from bubble wrap or something.  no concussion, broken bones, torn ligaments, etc.  the players would just bounce off each other and roll away.",2025-11-22T13:03:58Z,1,0,en
UgycNfjASpzJxoHvnJ14AaABAg,@Marconius6,"Did anyone ever think that athletes bashing their heads together was somehow NOT harmful? It's a blood sport, people hurting each other and themselves is kind of the point, for the audience.",2025-11-22T12:43:03Z,0,0,en
UgwvmRXkXtG98xerWHd4AaABAg,@Rotafgde,"Wen, can you do a video on non contact injuries from artificial turf? I hate seeing my favourite players tear an acl because of this",2025-11-22T12:34:00Z,0,0,en
UgznNE--zIZIjmd60vF4AaABAg,@SonglyWryt.Bon-Burr,The most entertaining thing abouy this sport is its biggest issue.,2025-11-22T12:14:15Z,0,0,en
UgzX78Cet1uS352TqW54AaABAg,@KainedbutAble123,"They get massively compensated for the danger, unlike say, a soldier or a coal miner.",2025-11-22T12:13:30Z,0,0,en
UgxnZFD1MPrgbjpVFl94AaABAg,@zenlettering,My favourite logistics and plane channel talking about... american football? Autists around the world baffled.,2025-11-22T12:05:57Z,0,0,en
UgwSJvLy8OmdQRCFmhV4AaABAg,@jonniejones876,Only broadcast watched by more Americans??? World Cup final asking politely to hold its beer,2025-11-22T11:51:00Z,0,0,en
Ugwfh8Nhx-HP_P8-V0N4AaABAg,@mza472,Gay football 😂😂😂😂,2025-11-22T11:44:41Z,0,0,en
UgwdPpjiNgXh6uYdpgJ4AaABAg,@777Rhythmson,Crazy when you see the data. Would be very interested to see the data and a video on boxing...,2025-11-22T11:27:45Z,1,0,en
Ugx2XBK3hJA1szVMk4h4AaABAg,@Itell21,I guess you could say that Americ anFoootball Never Meant to cause all those concussions and CTE cases,2025-11-22T11:17:10Z,0,0,en
UgxW249nvhpqNH1t5zx4AaABAg,@TheWorldJr,Maaan I forsure had multiple ones playing in high school 😅,2025-11-22T10:57:48Z,0,0,en
UgzZKL_kLILzAiWjAT14AaABAg,@NACHOXXX4,No mention of Rugby and if this is a problem there too?,2025-11-22T09:44:30Z,0,0,en
UgwJJq4Lj8aCki61Tp54AaABAg,@franny5156,18:53 my thoughts were the hunger games series😅,2025-11-22T09:39:31Z,0,0,en
Ugw5wIUIhLaMWHwx_AR4AaABAg,@franny5156,16:44 I thought you can't diagnose it in someone alive?? Did I misunderstand?,2025-11-22T09:37:07Z,0,0,en
UgyH6RZJRpy_nCWKPWR4AaABAg,@koobyn,"""Described derisively, the National Football League acts as a structure through which young men can sell the entertainment value derived from the destruction of their brains.""

NASTY sentence to start a video with. goddamn. i agree but goddamn.",2025-11-22T08:55:10Z,1,0,en
UgxFrYBObhc_TDv_MzR4AaABAg,@daneclark3161,"Not a football fan, but now I understand Bad Bunny.",2025-11-22T08:48:12Z,0,0,en
Ugxu7UrI02DSZKhtvzF4AaABAg,@octoberteacup2237,NFL and MMA are both sports that offer the potential for untold glory in the first half of your life at the price of your brain and personhood in the second half. I just hope that these sportsmen are aware of that trade.,2025-11-22T08:40:16Z,0,0,en
UgxXUfqsfZWaIzU_zN94AaABAg,@Rodoadrenalina,"Theres just 1 way they can fix the problem, and i think only martial arts sports have done something similar. They need to take out protection, to the goal of making them hit softer without changing the whole game; if you dont have a helmet or pretty much body armor like they do, they need to tackle in different ways just to not get hurt themselves, but also not manhandle the other players. Youre not gonna go head first into a wall without a helment, they need to bring back actual consecuenses from the contacts they do.

I wonder how Rugby compares, since thatd be one way the sport could go.",2025-11-22T08:38:55Z,0,0,en
UgxrosnbA5LUpVpvm2x4AaABAg,@EyesCold04,"Everyone knows what they’re signing up for and the players are very well compensated. 

College/high school is a different story but at the same time u can’t just ban a sport that people love to play and watch. Rule changes may be needed but u can never remove contact from football. Then it’s no longer football",2025-11-22T08:21:53Z,0,0,en
UgzOO9WFGWj94zd41hx4AaABAg,@jr74752games,"11:04 dodgy graph, i really had to look to see how zoomed in it was.  Do better",2025-11-22T08:15:39Z,0,0,en
UgyNgV5hvq6ahrGqwRl4AaABAg,@arda8393,A bunch of already 70iq non descript cough cough individuals bashing their heads allday? No shit.,2025-11-22T08:15:06Z,0,0,en
UgyYFto1b0kwwAoq_7d4AaABAg,@KCJJ1141,How does rugby compare?,2025-11-22T08:07:39Z,0,0,en
UgwvFdXx_pr-llVj0kB4AaABAg,@gusgee3135,Lol Spanish league has more views than the NFL. The NFL isn't the biggest thing in the world.,2025-11-22T08:02:51Z,0,0,en
UgwK9EOCJfD_qQ3G8Mx4AaABAg,@haisojyelppe6952,"May sound crazy, but if they removed helmets from the game, they might see a reduction in concussions. Making it more similar to rugby",2025-11-22T07:57:34Z,0,0,en
UgyqA534PokuRGadEX94AaABAg,@FisherZ25,"this may be more true of football of yesteryear. Look at 90s or early 2000s NFL and it is very different the 2025 style (protect the QB and throw god knows how many flags). plus the guardian cap and other innovations are cool at lower risks, but like life we all are gambling our bodies for that bread.",2025-11-22T07:34:10Z,1,0,en
UgznN-kfmUJC8m5Q6CB4AaABAg,@corvidkhaos,"american football is a bloodsport, both afl and rugby players wear far less protective gear but also have a much lower rate of sustaining head trauma due to the stricter rules regarding contact. the spectacle of violence is thus the thing that gives american football its identity, its players are killing each other and themselves but in slow motion.",2025-11-22T07:11:14Z,0,0,en
UgzdRY_bwx7Krh2am-l4AaABAg,@canoaslan1011,"get rid of the CTE, there is no reason left to watch NFL flag football to be an Olympic sport? whats next, yawning competition to become an Olympic?  sport?",2025-11-22T07:08:33Z,0,0,en
UgyqkqCRa9CQ169X0ah4AaABAg,@michaelthompson8504,"Doesn't rugby work sorta the same way, just tackling differently?",2025-11-22T06:53:36Z,0,0,en
Ugx4kl7kGu57IT6PLE94AaABAg,@dantetre,"Murican Football doesn't make you dumm, if you are Murican, because you are already braindead as a Murican.
But for other people it is brain damaging sport...",2025-11-22T06:45:00Z,0,0,en
UgxdoblROnnmj4oMGtB4AaABAg,@cadenelson891,"Oh sweet summer child, you play a long acting like people just might care about the players brains when in reality, no one and I mean no one really cares about the players brains, they’re mere sacrifices, and we, as a society has accepted it. If you think otherwise, then look at the institutions we’ve created.",2025-11-22T06:37:08Z,0,0,en
UgxO34Gs53cinLOQauF4AaABAg,@pmbboc,The movie concussion with will smith tells this story and it’s so good,2025-11-22T06:17:50Z,0,0,en
UgxvGM4v__V4pvQb0hN4AaABAg,@SarehNaded,Skipped the hockey stuff. I'm not here for hockey.,2025-11-22T06:04:26Z,0,0,en
UgzOtFsBDmKffb4TAFF4AaABAg,@michaelhansen3380,My buddy was a pretty elite hockey player. (We live in Canada) He played competitive hockey up until he was in 11th grade at which point he picked up his 4th concussion and had to stop. Hockey is definitely not without its risks.,2025-11-22T05:22:55Z,2,0,en
UgxdB4oD8bBIjyIxpvN4AaABAg,@El_Rey_247,"What's especially interesting to me is how unnecessary a lot of the contact is. For example, lots of rugby fans seem shocked or confused that gridiron football tackles target the body instead of the ball. I don't know NFL rules well enough to know if more rugby-style tackles are discouraged, but I would guess that it's a cultural and training thing about really smashing the other players instead of just stopping the play.",2025-11-22T05:10:53Z,0,1,en
Ugw3wZdJRRVtPJSwrIZ4AaABAg,@StarlightEater,"I got hit in the head with a brick when I was 24. I forgot how to write in cursive but it also made it so I could no longer drink alcoholic beverages without getting an instant headache. 22 years on its still true.


Seen this kid who grew up two blocks from me get hooked on duster so bad he basically has the mind of a toddler now. Has to wear a diaper n acts like a lil kid. He was normal as any of us at the beginning of high school, played football etc. 

But then he inhaled so much duster in a 7 week span he destroyed his mind beyond recovery. I still see the family come n go sometimes. They look burdened by a young man's foolish choice so many years ago",2025-11-22T04:49:57Z,32,3,en
Ugxt95-90IxSIj_MxFx4AaABAg,@maximilianmiller1963,"16:41 i obviously will not disagree that cte leads people to become more dangerous and act morw agressively, but do you really think that shooting in NYC was about the nfl? it was a targeted hit on blackstone real estate ceo Wesley lepatner, media covered it up with the NFL narrative",2025-11-22T04:27:10Z,2,0,en
UgwH7qu-dy7y85reA494AaABAg,@john-ftw_ewe,nfl flag ?? more like ... F*G 😂,2025-11-22T03:45:55Z,0,0,Other
UgwOflx6bMDyPjQ8DOp4AaABAg,@ch1qui,Remove the helmets,2025-11-22T03:35:09Z,0,0,en
Ugxn3g014raGxqOxO0d4AaABAg,@brennandougherty262,"Not the NFL, but I watched the Grey Cup last weekend, and I noticed one player was wearing a Guardian Cap. Mad respect to that man for taking care of himself.",2025-11-22T03:26:37Z,0,0,en
Ugx-a4yT2UkS9wHY6bB4AaABAg,@tigadirt,So how much worse or better is rugby?,2025-11-22T03:12:19Z,0,1,en
Ugw01iesBhlLsz4qEk94AaABAg,@philosophysics8150,"WE MADE DOCUMENTARIES ON THIS SHIT TWO DECADES AGO!
FUCKING DMAN IT!
WHY IS IT STILL A PROBLEM!?

Excellent video but like

WHY IS IT STIL LRELEVANT ENOUGH FOR A VIDEO IN THIS DAY AND FUCKING AGE!?",2025-11-22T02:52:03Z,0,0,en
UgxSEXerZog1Mpl2ysJ4AaABAg,@BishopIsJustHappyToBeHere,It's really unfortunate all the research on CTE from football comes from pros rather than people who just played college for football. That'd be much more consequential.,2025-11-22T02:38:33Z,0,0,en
UgzjtBF6RkROPiKeaVJ4AaABAg,@damnjustassignmeone,"I wouldn’t let my son play football, and I’m glad my parents didn’t let me play it.",2025-11-22T02:36:53Z,0,0,en
UgzmhEqJqXxnmLmdnpN4AaABAg,@bobibiboo,"It would be interesting to see the numbers compared to rugby. To me, the solution is to remove helmets and shoulder pads. This would significantly reduce the frequency of head shocks. A statistical comparison with rugby would, I think, show this as it is the closest to American football. Removing protective gear would change the sport a lot, but it would keep the essence of the sport.",2025-11-22T02:35:50Z,0,0,en
Ugxt-aE2ThPPpvsATd54AaABAg,@ଅନ୍ତରୀକ୍ଷସ୍ପନ୍ଦନ,"As a guy had already commented, I am more concerned with high school and college rugby players, they don't have access to the same facilities as the pros do. Brain injuries in teenagers can affect their intellect potential in the future. Americal football/rugby can cause multiple concussions in single year and that is not healthy for anyone.",2025-11-22T02:19:15Z,0,0,en
UgzTSkMGWt0ISS2Jw154AaABAg,@ThomasMusial,And I thought UChi was where fun went to die,2025-11-22T02:11:01Z,0,0,en
Ugw7Z7wpeNs53LOqADJ4AaABAg,@maxpowers6033,"Guardian caps look stupid but maybe that need to mandate it. It's not the big ""you got jacked up!"" hit but rather the smaller collision that occur every play",2025-11-22T02:08:38Z,0,0,en
Ugyb1kMgGq_I13Y3kjh4AaABAg,@GyroCannon,"I'm sure America will keep loving football
It's a country of barbarians who give zero shits about others, even those in the same community",2025-11-22T02:04:00Z,0,0,en
Ugzh1DAW6HFRZ3_2Hsh4AaABAg,@menwithven8114,EVERYONE knows the consequences now and its more popular than ever. These players make calculated decisions to make wealth far past 99% of the world to play a game for 10 years. There will never be a shortage of people willing to make that deal,2025-11-22T01:49:38Z,0,0,en
UgwDCGmojJn7pdzSznh4AaABAg,@F.udemin,"I played football from ages 10-18 and was an All-state safety leading my league in tackles and forced fumbles. Our coaches used to hype us up and encourage us the make crazy hits on people every play to ""set the tone."" They said things like ""don't be scared. You won't get hurt if you go full speed"" and ""You don't want to hit him? What are you, a p**sy?.""

Today at 27, I cannot function without the support of others, already forgot most of my life, and am facing extreme depression and ideation. None of my doctors know what's wrong leaving me to plead with Christ for answers. Everyday is a struggle. 

I implore anyone reading this... Do not permit any child under your care to play tackle football. It will likely downwardly tilt their life tragectory.

Godspeed,",2025-11-22T01:44:06Z,493,15,en
UgwIa31Yom4roaAmjoR4AaABAg,@Studmuffin290,I've always said it's just a bunch of grown men fighting over a ball and giving each other life changing injury's. The game is stupid and people are dumb enough to fall for it,2025-11-22T01:15:31Z,0,0,en
Ugx_veFXKAqOOzQ8tpN4AaABAg,@BlueMax717,"Im not a math guy so maybe someone can explain this. But if 12% of ALL concussions happened on kick off and the new kickoff reduced that by 43% (about 5%)  how exactly did they come up with a total reduction of 17%?  They were only at 12% to start with. Wouldnt the new number, at best, be 7%?",2025-11-22T01:14:41Z,0,0,en
UgyxxgL6gpK8vOemQRN4AaABAg,@Zdudeful,"Growing up in America it's really jarring seeing how Europeans actually seem to care about their citizens. If there's something clearly dangerous, they seem to actually affect change to help people, compared to Americans who clearly care about money more than people's wellbeing.",2025-11-22T00:53:27Z,4,31,en
UgwqxX9hQuOFSCblKEh4AaABAg,@caml1720,i would’ve watched this if you idiots didn’t go out of your way a while ago to carry water for bukele’s obviously fake regime,2025-11-22T00:50:27Z,0,0,en
UgwtECsztnGkMBGyh0h4AaABAg,@Scubamike4499,"Who the heck cares what happens.
They are not forced to play, in fact they are paid, very well!
High school and college, not forced either.",2025-11-22T00:29:51Z,0,0,en
UgzXQQIhOPRqDAW4Kel4AaABAg,@DeenaMilkers,"18:57 by definition, this can not be the case for the vast majority of the children from low socio economic backgrounds as this will only be your best chance of financial freedom if you are among the most talented athletes among your cohort.",2025-11-22T00:25:06Z,0,0,en
UgwVyCWwpDKbJGUDBFp4AaABAg,@danika6540,"@17:35 ""It should be treated like alcohol or tobacco"" - sorry to tell you, but neither of those provokes CTE in 99% of the people heavily using them. Not that they're healthy, mind, but not as bad as football.",2025-11-22T00:09:05Z,0,0,en
UgzgDzmmsHk6pcLg0It4AaABAg,@jeff5534,You should play football with your feet instead of your head,2025-11-22T00:07:49Z,0,0,en
Ugw-yor7E7lLUNyBSAZ4AaABAg,@neemasanaei9932,Wait till Americans hear about rudgby.... 😅,2025-11-22T00:00:24Z,0,0,en
UgxFu-i32j8hly8l-YR4AaABAg,@jcvideos-j3z,"The idea that Flag football could be a replacement for contact is a joke. They want to play, they know the risk, they want to get paid, people want to watch. If you're on the sideline then enjoy it, if you don't like it then walk away. Football makes a lot of money, I highly doubt that those trying to ban or change the game care about the players or kids getting hurt.",2025-11-22T00:00:16Z,2,0,en
UgwZwn6U_qgeiCkJ4jB4AaABAg,@JessyFretz,"When the NFL put together it's ""concussion team"" in the 80's, not a single member was a doctor.",2025-11-21T23:54:57Z,0,0,en
UgxTOd7suHdl_3kx_IR4AaABAg,@cruzanderson1275,CFL concussion rate on the first study is crazy,2025-11-21T23:50:33Z,0,0,en
Ugxr2uNPjMkg3F7Yqzp4AaABAg,@jorgemoralesavendano,This explains so much about gringos' cognitive abilities.,2025-11-21T23:44:12Z,1,0,en
Ugz3_Hd7emxuUeObP3V4AaABAg,@Dragonwarrior125,"Reminds me of like, boxing injuries and other martial arts that basically are hitting people really hard to cause injury. (including wrestling here too)
ALL of them have the same thing going on, and contend with the reality of entertainment that kills its players. 

See also the whole slap fighting thing where it was significantly worse since the rules required no dodging or other attempts to reduce the impact.",2025-11-21T23:40:42Z,0,0,en
UgzxmOMQDkyIm3Wxmh94AaABAg,@mediawarrior1461,I realized that having zero skill or interest in playing this at any level was a good decision.,2025-11-21T23:35:06Z,0,0,en
UgwcZxO1_Rc1CBrwgzt4AaABAg,@architect011_3,"The NFL does not care.  They made a few changes, and then undid those changes with other different rule changes.  But they say they care about player safety therefore it must be true",2025-11-21T23:30:46Z,0,0,en
Ugx97VDQZhl45jPZDMV4AaABAg,@thomaswodarek1257,Did anyone else get a little football animation when clicking the like button?,2025-11-21T23:26:36Z,0,0,en
Ugzb3wgpHUiOjSd1Hkl4AaABAg,@sargam3082,Didn’t Top gear average 350 million viewers every Sunday night for a while,2025-11-21T23:25:08Z,0,0,en
UgyITuU73vVOJiDC7Hl4AaABAg,@mediawarrior1461,If any new tech makes the sport safer it will come from the military. As the US Military also has the same crisis.,2025-11-21T23:22:26Z,0,0,en
UgzpyUCyPditRuXWZu94AaABAg,@chadblechinger5746,"😂I hope everyone feels better about the virtue signaling going on here. While I will never claim to be an advocate of recreatinal brain damage, the NFL and it's history are far from recreational. It should be noted that the NFL is a prime financer in brain and spinal injury treatment and recovery research and developing procedures and protocol that are used by first responders and emergency rooms to great effect. Premium life changing knowledge, at the cost of profitable sports and entertainment. ( This is true for the vast majority of sports medicine and the peripheral professionals associated with them, but concussions and tbi's are highlighted and over represented)
As far as the college level goes are we going to pretend that we are losing a bunch of med and stem students to the sport?.... Exactly. 
Your time stamps will show when I chimed in and out but with the opening monologue being so slanted and bias that nobody with the ability to process the opening sentences accurately would be inclined to hear the rest of your slasher. Nothing you say afterwards will be able to reflect any view not filtered by your presuppositions on the topic. Either way the NFL is slowly dying anyways and the cultures in the first worlds are shifting towards either new or different sports and activities as millennials and Gen z mature , who knows wtf Gen alpha is up to but I very seriously doubt they give a damn about football or contact for that matter. 
I get it, you need views, but kicking the living shit out of a dying old dog is kind of 🤢 sick and of comes off like Trump debating Biden. It starts off fun and ez but by the end of the first quarter you start to feel bad and a little ashamed. I don't expect this comment to see the light but between the two of us, the opening sentences of this video are how you lose the interest of viewers that don't even watch football 😂",2025-11-21T23:20:29Z,0,0,en
UgzsZz60y0Dd2uIFahx4AaABAg,@T-PosingTurtle,Maybe do not use the head as a battering ram in the sport,2025-11-21T23:15:56Z,0,0,en
UgwHZUUgOAfV8OHr1A94AaABAg,@ty-le5lv,Now do boxing,2025-11-21T23:03:02Z,1,0,en
UgwZhmQyI5MzGHvx9lF4AaABAg,@ravenclawconfused14,what are the rugby stats?,2025-11-21T22:59:06Z,0,0,en
UgzyfikaupCKFyj76Pp4AaABAg,@scdbub,Perfect timing with releasing this video with the Bills/Texans game last night. So many injuries and the Bills lost,2025-11-21T22:55:18Z,0,2,en
Ugz_wdAAcKto-GHgINV4AaABAg,@femain1788,"I wonder if the NFL will continue to be as profitable as it is now. 

A lot of people in my friend group 28-40 yo are not really interested in the sport as much as previous generations.

Between gaming becoming a viable alternative to making money through streaming and professional player and the general lack of interest in sports in general I can see the sport dying a slow death",2025-11-21T22:53:27Z,1,1,en
UgzIVtR47geFLwiGyz54AaABAg,@kanyecheedar9170,Every football player voluntarily chose to play… they aren’t being forced to hurt themselves lolol,2025-11-21T22:46:42Z,2,1,en
UgxX1QRwdJbFTEuUrAd4AaABAg,@danielcloud1431,I hope this video really gets around. The amount of football injuries that occur is disgusting,2025-11-21T22:32:00Z,0,0,en
UgxR0eRyRNxnR_HiQg54AaABAg,@General12th,Hi Sam!,2025-11-21T22:24:24Z,0,0,Other
UgysDbY9wAOWg4xIELp4AaABAg,@femain1788,"If you want to slow down the concussion in football you need to reconsider the design of the helmet. 

The idea that players have that the helmet will protect them from all but the hardest of collisions is the cause of the head taking so many hits, especially helmets to helmet impacts.

It’s a false sense of security leading to players throwing caution to the wind as they smash into each other at full speed and force.",2025-11-21T22:23:37Z,1,1,en
UgzdgdX5biGT9Qqs6Ed4AaABAg,@Bertyyyy,banger,2025-11-21T22:21:26Z,0,0,Other
UgyxLl6JiUacSYSWh3t4AaABAg,@Alex-tx2dh,I was waiting for this!!!,2025-11-21T22:09:12Z,0,0,en
Ugy_3QqtNhs-RX9SCGR4AaABAg,@SpiralJoel,It's a trade off enjoy the money pay for the concussion,2025-11-21T22:00:40Z,0,0,en
UgxYgJ2wIhDJIGS0Qut4AaABAg,@BillyRamirez,This video feels like a decade late.,2025-11-21T21:53:49Z,1,0,Other
UgymBI9lkUsSyxvT3xR4AaABAg,@Proventian,To protect you the children we need to ban sports.,2025-11-21T21:41:51Z,0,2,en
UgwIuCc3xjqeZrfk-Jx4AaABAg,@OCs_And_Stories,I went back to college to try and gain the skills to position myself so I could be able to own a minor league football team (probably indoor or arena). When I looked at how much brain damage was inevitable and would be on my dime and consciousness. After almost 20 years of dreaming of such an opportunity I gave it up.,2025-11-21T21:39:45Z,0,0,en
Ugwt3ytAgWHy1zfNZZx4AaABAg,@doyadirty3804,What do u expect when u are allowed to totally decimate a man who doesnt even have the ball.. no wonder rugby involves way more skill and risk but is so technically sound u never see concussions like in the NFL HANDBALL sport,2025-11-21T21:25:38Z,0,0,en
UgwVKzHkUu_Fisibv6p4AaABAg,@bencera6067,I’m a fan of watching Football and combat sports but damn if it isn’t sad seeing a lot of one’s hero’s have CTE. Tragic.,2025-11-21T21:03:07Z,0,0,en
UgwMMipuJC1zXoxiLRd4AaABAg,@carbonylgroup12888,Don’t tell this guy about the UFC !,2025-11-21T21:02:37Z,1,0,en
UgypokmcHAPpBxrX4Hx4AaABAg,@douglasboyle6544,The sad thing related to your opening statement in this video is that I am both a fan and a detractor. I know full well what damage the sport does to people and yet I still enjoy watching it.,2025-11-21T21:00:29Z,0,0,en
Ugx7ektEEtLvMJU-dUZ4AaABAg,@discman15,I'm sure nothing bad will ever come from giving hundreds of millions to a bunch of young guys with brain damage 👀,2025-11-21T20:58:35Z,0,0,en
Ugx1wOXLeb12PCEwwCx4AaABAg,@littlebluebird-i2c,"Never been a fan of football simply for the fact of it being a rather violent sport. It's no different than the sports enjoyed thousands of years ago in Roman stadiums, for the simple fact that most people enjoy violent entertainment. 2000 years ago it was men dying for sport, today it's CTE for sport. It's not ideal, and as mentioned it ends up being the poorer demographics taking part while the upper demographics spectate. However, I don't think it's government's job to regulate; it wouldn't be popular enough for them to touch anyway (that's me speculating). They should however fund education on the topic, and educate the public on the risks, so that individuals can make their own informed decision. That said, I always discourage my kids from contact sports and will continue to. It's just not worth it.",2025-11-21T20:57:21Z,0,0,en
UgzPLiQPSs6lS5tQU3x4AaABAg,@auroraourania7161,"I had a friend in middle school whose biological father was a former pro football player who is notable enough to have his jersey retired. He was abusive to my friend and her mother, and while I don't know the details of the abuse it definitely caused befriend a lot of issues, including the emotional issues that led to us growing apart. 

Once CTE started being discussed as a issue that football players frequently encounter, it was incredibly obvious that that is why he acted the way he did.",2025-11-21T20:45:31Z,0,0,en
UgxOPbdjBy1c8KKUvPt4AaABAg,@teinmeizeshi5209,Just use better helmets?,2025-11-21T20:40:11Z,1,0,Other
UgwQZzT7uhQoWaPtnJ54AaABAg,@JustFitzyy,As a hockey player for my whole life and only playing 1 year of contact hockey. I liked it but I always was watching to avoid getting my bell rung. They slowly have been outlawing contact hockey in my hometown at anything below A because if you won't go pro you then aren't subject to freak accidents and head hunting. I also liked how he indirectly pointed out that body checking is a tool to get the puck from an offensive player. Its almost never used to send a message unless you done messed up in a tense game.,2025-11-21T20:39:43Z,2,0,en
Ugw0RiWLvHBLNdwFqv14AaABAg,@Cronkna,Flag football is the silliest thing ever. Nobody wants to watch that shit.,2025-11-21T20:36:30Z,0,0,en
UgwdNdvd2qHJ89F6bT14AaABAg,@MrMattie725,"It's a fundamental part of football (the one with the foot and the ball) but heading is already banned in U9 football in Belgium, and I imagine other EU countries, looking at later ages as well.",2025-11-21T20:33:52Z,1,0,en
UgwlYX-uvu4Lkt4HGvp4AaABAg,@ParotandArmorfinish,"I understand that kids legitimately have fun with sports, that competitiveness and teamwork are good skills to develop, but sports need to be detached from education. A lot of families rely on sports scholarships to pay for college and the consequences of that can start incredibly early. Even outside of CTE some people damage their bodies so badly for it that they develop lifelong debilitating injuries before they’re old enough to drink. Chronic pain and drug abuse basically go hand in hand and I think we all know someone who crashed out because of it. Maybe our colleges and high schools should focus on teaching and we should switch to a sports club model, that way it’s at least “this sport is my career with risks associated” and not “I’m limping for the rest of my life and got addicted to painkillers for a business degree”",2025-11-21T20:32:24Z,4,0,en
UgzJnSHtOCFXihQLWHh4AaABAg,@chillsyeah,"is it me or did a football logo appear on the ""like"" button when I clicked on it.",2025-11-21T20:32:23Z,0,0,en
Ugx9omioSHhPToLdhxB4AaABAg,@c3920,"In other news, boxing is also bad for your brain. Film at 11.",2025-11-21T20:29:27Z,0,0,en
Ugx70GV5BOM8157UD7h4AaABAg,@p1utotreyy503,I had my worst concussions playing flag football 😅,2025-11-21T20:29:20Z,1,2,en
UgwUFigrIE-6ZwP5ZA94AaABAg,@jordanmcglotten3499,Just started watching but that sports center-esque animation for the data was too cold. I was confused for a second lol,2025-11-21T20:28:41Z,0,0,en
Ugxf2U1Nokd-6clyx6N4AaABAg,@dmac7128,"One thing to understand about contact sports like football is that one could go without suffering a concussion as its medically defined and STILL suffer from CTE.
Its all of the subcritical hits taken over a long period of time that can have lasting brain damage.",2025-11-21T20:28:12Z,0,0,en
UgySyX98z9jdIq5m9_14AaABAg,@Pheagey,This seems like the story of the usa across the 1900s...,2025-11-21T20:25:15Z,0,0,en
Ugyfbfmj5I2y0ZeNEqp4AaABAg,@XSpamDragonX,I can't wait for everything fun to be banned for our safety! Thank you Nanny State!,2025-11-21T20:19:24Z,2,0,en
UgwAK5eDHwQn1QBevUl4AaABAg,@CakeTwo-n1k,Biggest sport in the world? What about the world cup,2025-11-21T20:13:32Z,0,0,en
Ugx33KM_8QbIWfw-e254AaABAg,@Ruben-so7pu,"Yeah i don´t buy it, people know how dangerous it is, yet they still play it. Free will baby. Want to fuck up your brain, be my guest, its yours to fuck up.",2025-11-21T20:10:08Z,0,0,en
UgwNngYyO5g3dDP2lOF4AaABAg,@SecularPhilosophy,"As fun as football is to watch, the reality is that the technology simply doesn’t exist yet for football to be safe.",2025-11-21T20:05:08Z,0,0,en
Ugy59gm3N4j0eNEizPJ4AaABAg,@Kraus-,"It's cool to see flag football gaining some credibility. I would much rather play football (the one where the foot hits the actual ball), but flag football is a completely viable alternative for handegg fans.",2025-11-21T19:53:21Z,0,0,en
UgzOh8Nof3sPqNDka_54AaABAg,@MaxwellBurton,Football is modern day Mandingo Fighting.,2025-11-21T19:48:09Z,0,0,en
UgwXUnIcC6z5tMOpILJ4AaABAg,@SalaciousBCrumb-md3lk,"People cherry pick this issue by only looking at college and nfl. As more former players donate their brains. People will be forced to ask the real questions. How early did this brain damage start.  Youth football? 
It'll be like the war against big tobacco. DENIAL DENIAL DENIAL!!",2025-11-21T19:47:52Z,0,0,en
Ugz8PhDyJRDfDwtXwI54AaABAg,@robw2379,"It is not a concussion crisis. It is an ""impacts that stop short of concussion"" crisis. CST=Chronic Subconcussive Trauma. NFL linemen and linebackers bump heads on almost every single play, about 50-60 plays per game, and every day of the week in which they have full-contact practice. About 2000 per year, for the entirety of their career. Assuming 3 years of high school, 4 of college, and 5 in the NFL, that is about 20,000 impacts in the career of an NFL lineman, offensive or defensive.
Crazy.",2025-11-21T19:47:29Z,17,2,en
UgwpvOK_3874ZDrWYQZ4AaABAg,@dustinmcintyre2701,"When you hit the thumbs up button, it transforms into a football spiraling up - the sweet irony.",2025-11-21T19:40:21Z,0,0,en
UgzAZXMoAXB_ClK_dul4AaABAg,@pex320,"I mean, if you really think about it, any sport where you get hurt is gonna have similar results. So that means anything that has to do with fighting, wrestling, football with Contact. It all either needs to go away, or it’s gonna stay. There’s no in between. Because once you remove the contact from the sport, it’s no longer the same sport.",2025-11-21T19:39:47Z,3,0,en
Ugx1dzLJzZOig-nFJWB4AaABAg,@sncy5303,"I think the ""concussion crisis"" is not just an NFL thing, but also a soccer thing, and an ice hockey thing... It's just the NFL got the most publicity about it, while soccer players happily continue doing headers, losing brain cells and nobody talks about it. It's either blown out of all proportions or a far bigger issue than reported...",2025-11-21T19:30:26Z,1,1,en
Ugy_Nll4_wbsN1f-5Ct4AaABAg,@wizardoferror9942,"This is probably why I’d be nervous about playing football in any form, be it a pickup game at the park, or professionally.",2025-11-21T19:21:50Z,0,0,en
UgwBTedUmUqgPTT7Umd4AaABAg,@nikolaisafronov3452,"When evolution gives you a brain, the love for anti-intelligence culture having a sport of brain destruction just makes sense 😊😂",2025-11-21T19:19:24Z,0,0,en
UgzSmKRDK3p-zeTNzDB4AaABAg,@jimmylightfinger1216,I don't worry...most of them really put little effort in brain development.  Gen Ed courses to satisfy requirements towards a degree in order to play. The game is the life.,2025-11-21T19:18:26Z,0,0,en
Ugz-w6dM_cAiEXzQcH94AaABAg,@juanjan__,"Rugby Union --> Rugby League is good example of looking for alternatives regarding heavy contact. I just can't believe that an athlete would get hit in the head hundred of thousands of times during their lifetime and someone can say ""there's no risk"". Like... what?",2025-11-21T19:04:45Z,6,1,en
UgwRR4wfdTzrxKMQmk54AaABAg,@danika6540,"Rugby Union also has an issue with concussions, but not to this level. Mostly because they have actual rules about how tackles are supposed to go, and punish players that don't respect them.

If they applied similar rules to American Football you'd see much fewer concussions, but most plays would be illegal. It replaces talent, timing, and tackling technique with pure strength and athleticism.",2025-11-21T19:04:38Z,5,1,en
Ugw4yhl3GhNDyb_eBUd4AaABAg,@vineetbhagwat4256,"I was surprised that there was no comparison made to rugby! Wouldn't the rate of head injuries there be useful to analyze since, at least from the outside, it seems they have similar enough rules and playing style? And they don't even wear helmets like the NFL! Does that make the players more careful when colliding?",2025-11-21T18:52:00Z,0,0,en
Ugw8hh0Dkrbbmhl9g094AaABAg,@skinWalkman,"Until the NFL and football as a whole adopts more rugby style training and tackling procedures, then things won’t change. Players have been using helmets as legal weapons for decades and to them see concussions as a minor consequence. Let them lose a few teeth or fracture a skull and you’ll see player tackling form get better. It would slow the game down however I think player health in general would improve",2025-11-21T18:47:37Z,0,0,en
UgwQa8ygbvH5cydj_VF4AaABAg,@tommylugaresi7431,"I don't know as much about the differences between rugby and football, but shouldn't rugby also have a similar incident rate?",2025-11-21T18:41:21Z,0,0,en
UgxIH3EDYeCndmZXsAB4AaABAg,@hamza-chaudhry,"18:50 Should've used the stock footage you used a few minutes prior of some ""Caesar Stadium"" or something",2025-11-21T18:38:22Z,0,0,en
Ugy-qnVs1hdRwdoDXK54AaABAg,@hamza-chaudhry,7:10 9:17 10:18 11:28 11:52 12:45 13:34 14:35 18:24 19:09,2025-11-21T18:23:17Z,0,0,Other
Ugx8ioxJCEbSpixmrIt4AaABAg,@shrapnade4359,What's more American than ignoring significant health risks for the sake of corporate profits?,2025-11-21T18:21:20Z,0,0,en
Ugxq704JV9BppXJ0LaZ4AaABAg,@YeshuaAgapao,Boxing and MMA are far worse for chronic traumatic encephalopathy,2025-11-21T18:14:33Z,0,0,en
Ugx_of_DKbj64BavqwJ4AaABAg,@notavailable637,"Football imo is flat out the worst sport. Boring to watch, hurts the players, and is only big in one country.
Fits Americans so well ngl 😓",2025-11-21T18:02:49Z,1,0,en
UgxycYD3FPMSTUQMjBt4AaABAg,@ISUCK679,"These stats are misleading, the true concussion rate is much higher. These are only diagnosed concussions. There’s a huge culture within football not come out of the game due to a concussion. This is true in highschool, college, and the nfl. There’s also a misconception that concussions come from major hits. Which is true, but they also can happen when a player just bangs his head with another, or when a receivers head whips back to the ground after jumping up for a ball. Every play on an NFL game both offensive and defensive lines bang their heads together. These plays can easily result in concussions. With the speed of the game and the athleticism of the players id  be surprised if there weren’t 10+ concussions every single nfl game.",2025-11-21T17:59:40Z,1,0,en
UgwpqPe7-QXIh12fAu94AaABAg,@Archangelm127,"It's almost like American Football was literally invented as a replacement for war. (Yes, this is literally true. They wanted a new 'proving ground' for young men in the aftermath of our Civil War.)",2025-11-21T17:57:19Z,0,0,en
Ugy8QP0MwnwwDIpiq514AaABAg,@Cheka__,Bunch of Nancy players these days.,2025-11-21T17:48:20Z,0,0,en
UgxkCPwxQffUyo7u3bh4AaABAg,@PigglyWigglyDeluxe,"Idk, sports don’t entertain me. It’s not fun watching people hurt themselves on tv for money.",2025-11-21T17:45:41Z,0,0,en
UgxRLev_iTXnlbI5Em94AaABAg,@aec7557,Checking is also not legal in hockey in the US until 13/14 years old.,2025-11-21T17:37:04Z,0,0,en
Ugxkdguw7j2UOy5ifnB4AaABAg,@thehaprust6312,There is no safe level of exposure to tackle football.,2025-11-21T17:35:23Z,0,1,en
UgwPr4wppZlZggaKKf14AaABAg,@seymourparsnips9632,Nobody is forced to play professional football... but we are all forced to live in a society with people predisposed to violence and behavior disregulation due to CTE.,2025-11-21T17:33:34Z,0,0,en
UgxZtqhKijSLFnqvn9p4AaABAg,@jakefrost5651,"The reduced youth participation is showing even to me as someone with no kids or interest in football. Multiple high schools in my state have had to cancel swaths of games, one team cancelled the homecoming game, a couple schools are even considering combining their teams next year. Some areas are also reducing the number of players on the field. And it's all because they can't even get enough players on the teams so any injury or illness takes them below the minimum required.",2025-11-21T17:28:29Z,61,3,en
Ugz0-YRRgwsz8B4zMq94AaABAg,@thehaprust6312,Many years ago I heard an interview with a Dutch CTE expert who said he wouldn't let his child do a header in football.,2025-11-21T17:19:47Z,0,0,en
UgxO2hsT1DIvjdRRlSx4AaABAg,@thehaprust6312,I'm going to guess that the global population and number of tvs during the Apollo Moon landings was lower than in...checks notes...2025.,2025-11-21T17:17:52Z,0,0,en
UgwHBVnsAcWjn9i3ycN4AaABAg,@liguy181,"I'm glad this video touched on hockey. Hockey's no doubt a dangerous sport, it certainly carries a risk of developing CTE. But comparing it to the NFL is misguided at best and disingenuous at worst. You look at the type of former players that developed CTE, the majority of them were enforcer types, a role that has largely gone extinct in the modern game.",2025-11-21T17:15:41Z,0,0,en
Ugz8hiXKV8ZW5zyzQYh4AaABAg,@KageNoTenshi,"NFL is only bad for people you are watching, McDonald is bad  for you personally, and people still don’t care, what make you think they will care if some guy on tv is hurt, 
Beside there is a good case for people are watching because people get hurt, think ufc think boxing, what exactly do you think those are?",2025-11-21T17:11:07Z,0,0,en
UgwkH9x_Uf3UlpUf3R54AaABAg,@royboy2084,NFL has a monopoly on futbol,2025-11-21T17:04:23Z,0,0,en
UgzPdq3APz9yohX5myp4AaABAg,@Donnellrawlings14,More and more will make the comprise that other smart people have made for years.,2025-11-21T16:56:44Z,0,0,en
UgyigU_ZNTgVjM_L7aZ4AaABAg,@shayan99999,"The sport should simply be banned in its current state, at least for all schools and colleges, if not outright.",2025-11-21T16:56:25Z,0,1,en
Ugw9rOZAPZz7dw-Hodx4AaABAg,@zeveroarerules,"American football is played by american mostly, one can have no more damaged brain than being an american...",2025-11-21T16:50:48Z,0,0,en
Ugy6Pjl92w-83NjGHgN4AaABAg,@sindilevabaza5194,So you're telling me rugby could replace the NFL eventually?,2025-11-21T16:42:57Z,1,1,en
UgwtKDBgqGNoo34SF4R4AaABAg,@leonb2637,"This was a good summary of the risks and the conflicts of interest in dealing with head trauma in American football, in particular NFL football. Increasing the risk over the decades has been the larger size/weight of players. Years ago, the 'big boom' hits were glorified by announcers and even made fun of goofy behavior after a hit (Coach, game announcer John Madden was one of the biggest on that) that fans loved. It is almost the opposite now.
I think some town programs for pre-High School football, High School and some colleges will end American football programs out of increasing concussion and other injury risks, cost to operate teams and shifts to other sports like soccer by players also due to demographic changes. 
Long before the attention to American football, brain damage from professional boxing was well known. In part as knowledge, more likely CTE victims appeared, alternatives from boxing to make money on by poor men, it went into a sharp decline or shifted to other forms of one-on-one fighting.",2025-11-21T16:34:47Z,0,0,en
UgyA2we-ymfucB5ffMV4AaABAg,@HyenaEmpyema,"The league can sue people for saying ""Superbowl"" but can't prevent the players from becoming homeless.",2025-11-21T16:25:16Z,0,1,en
UgzTx4Zb_k2s0knkknV4AaABAg,@vovacat1797,"What's more stunning is how this enormous size of it doesn't at all translate onto the international market. To the rest of the whole world, that's not even what the word ""Football"" means. Like, we all know what football is. It has an actual ball you play with your... Well, feet. American football though is this weird, cryptic and baffling sport that we all know Americans really care about for some reason because of all the movies and culture, but none of us knows the rules for. I am not sure if there has been an attempt to sell NFL content to a wider international audience, but if there had been one, it failed miserably. I am not sure how the revenue numbers on the actually internationally recognized sports like real football, basketball, hockey or tennis compare, but I at least can somewhat explain how those ones work, and I am no sports guy.",2025-11-21T16:23:06Z,0,0,en
UgwoonK7-Ic3EM5Xw_Z4AaABAg,@babsbarry7042,Nebula is sooo cool!,2025-11-21T16:20:34Z,0,0,Other
UgyUQ4yMJcBRBSWhhF94AaABAg,@Daneki,😂 all that body armor 😂😂😂,2025-11-21T16:20:05Z,0,0,en
UgysFzy5CRo0V4BLjyJ4AaABAg,@JoeRockstar,"Young men sell the destruction of their bodies every day to the military. At least these guys get more money than the military. 
No one is forced to play football or join the military. We're not talking about babies who don't know the risks.
People choose whether it's worth it or not and make their decisions.
There's risk everyday for injuries to have nothing to do with any of this. We don't live in bubbles.",2025-11-21T16:18:27Z,1,0,en
UgwtfI2-lYSJUxj9qtN4AaABAg,@kenthresh3350,I wonder if a player for the New Zealand All Blacks or South African Springboks has the same issues? Head contact in a tackle is often a yellow card and at least 10 minutes out of the game.,2025-11-21T16:15:47Z,0,0,en
Ugy9zJEMtfqvsW_ZdfR4AaABAg,@Soyanoya,"In the context of Roman gladiators, why do Americans love seeing others get hurt so much?",2025-11-21T16:10:08Z,1,0,en
Ugz_zqockmeGElLrie94AaABAg,@ItsAlways42-z1e,"I don't get it - the US allows everyone to have a gun, ppl dont care that their children are literally slaughtered at schools by gun violence but now ppl care about brain concussion in voluntary sports...

The US never, ever stops to amaze me....",2025-11-21T16:05:12Z,5,1,en
UgweVRhuk2b_sCxXXkR4AaABAg,@alezzi-space,"As European, I will not switch to this rope/string/something football and stay with NFL. Still, I will accept any changes that can make the sport safer. You can say that its up to each player to decide, but depending on the age they start at, id be happy to prove anyone wrong. I love it, but i will love it even more, if the players are safe",2025-11-21T16:04:35Z,1,0,en
UgwBCDd1EogTnvs2Vyl4AaABAg,@plaisukhum7934,"Considering there are studies going around about reducing the amount of headers younger footballers (soccer) go for, it probably would be way worse for the NFL since it's another hard object the head is colliding with rather than the ball",2025-11-21T16:02:25Z,0,0,en
UgxvG3AwDnrATXvSfPR4AaABAg,@pauljackways1473,How does rugby compare? Ut has always been my intuition that all the padding and helmets leads to worse head injuries,2025-11-21T15:56:26Z,4,1,en
UgxMwtQDueT9DSVjXDp4AaABAg,@krzeszewski,"Just play REAL FOOTBALL… like kicking ball only with ur foot.., and sometimes head… real footbal… not American rugby.",2025-11-21T15:51:39Z,0,0,en
UgwXObG1rXYEtN3ib6Z4AaABAg,@dylandevore9047,"As someone with lingering sound and light sensitivity from 3 concussions (one misdiagnosed at the time, told to sleep it off) I'm terrified that CTE will destroy my brain. I'll lose my thoughts, and decision making. it weighs on me every day. Thank you for covering this.",2025-11-21T15:49:42Z,3,0,en
UgwBnwsDY_iOxUnC6j94AaABAg,@williamharrison54,"Why do some players not have cognitive issues?  There's something missing from these studies.  concussions are definitely not good, but there are a lot of players with no issues that seem to be ignored in favor of focusing on people with issues.  Study them both.",2025-11-21T15:47:16Z,1,2,en
UgzA_R8Y-UOL0eXIa7N4AaABAg,@commanderscythe8571,"I like the way that he tells the athlete’s stories in a Nobel way, then only after adding the drug addiction and crime part, it gives us a second to simply appreciate the man.",2025-11-21T15:44:19Z,0,0,en
UgxEJbYstUtiT4oai1h4AaABAg,@pattykcake,"So of course when the 2024 dynamic kickoff rule did a good job of preventing high speed impacts (almost every kickoff was a touchback), in 2025 NFL tweaked the kick off rule again and high speed impacts are back as the kicking team is more incentivized to hit the landing zone than a touchback. In 2024, to the fans watching kickoffs were boring to watch. It was just the formality of a touchback. Now in 2025, we’re seeing more and more kick returns (exciting, who doesn’t love to see a 99 yard return for a touchdown!) and these high speed collision kick return plays are at the detriment of player safety. I’m curious to see what the year end statistics will be on injuries sustained on kickoffs in 2025 vs 2024, my hunch is that number will be up. I think this year’s rule change has really showed the NFL’s true goal which is entertainment, safety for players is secondary. And don’t even get me started on the NFL’s proposal for an 18th regular season game 🙄",2025-11-21T15:37:31Z,0,0,en
Ugx51BH_9q6ZP_PiMEl4AaABAg,@federicorobles3032,"Why don't you compare the lessions and concussions in football with another contact sport which is very related, rugby?
Great documentaries. One learns a lot!",2025-11-21T15:33:23Z,0,0,en
Ugw1XTE4-IbWJEPGob14AaABAg,@KageNoTenshi,Took me a second to realise nfl is not an airline,2025-11-21T15:29:51Z,0,0,en
Ugz5kMdVk8DylMsXjhd4AaABAg,@Londronable,Lol. I just find it entertaining to think that one decides size through revenue. That's just such an absurd American thing to do.,2025-11-21T15:24:23Z,0,0,en
Ugx5SZbhVawluut-gsV4AaABAg,@niswear84,"It's not football, it's rugby",2025-11-21T15:24:22Z,0,0,en
Ugz_saGd0VGQF3-4Z5p4AaABAg,@mrthe4198,"I've played flag football.It's full of softies, weaklings, and people who will scream at the top of their lungs If you tap them on the shoulder too hard.",2025-11-21T15:21:12Z,1,0,en
Ugx7zxcIHmJtu3RfdOl4AaABAg,@danielmeyer5865,"""I was today years old when I realized being hit in the head thousands of times was bad for you"" - the NFL in the 2010s",2025-11-21T15:17:48Z,64,0,en
UgyyQFv3RHbqc3HX7AV4AaABAg,@jonathanoneill9200,Just play rugby. It’s a much better sport anyways.,2025-11-21T15:17:17Z,0,0,en
UgxmtxgH2R1uAZg2eYZ4AaABAg,@PilotReidB,CTEspn,2025-11-21T15:11:23Z,0,0,Other
UgwMogqO5tIxWf0uXkt4AaABAg,@nixielee,so this is the reason the NFL is so soft now. flag football LOL,2025-11-21T15:02:44Z,1,0,en
UgwsmmHTluTiJ3GgZix4AaABAg,@zchfarcenter,"When the woke mob comes for football,  then the democratic party is over",2025-11-21T14:59:01Z,0,0,en
UgwRgjJdt2F58Tpkh7B4AaABAg,@3rdDrawerDown,"I can’t help but feel like this video comes off as a biased hit piece on football. From advancing equipment to constant rule changes, the NFL has done more than any other major sport to reduce concussions and overall injuries. Meanwhile, what exactly has hockey (a sport where fighting is literally allowed) done to curb injuries? What has boxing done to reduce concussions? Nothing, because it can’t, the whole point is to damage your opponent.

Football will always have an inherent level of danger. No amount of safety measures can remove that entirely, and it’s unfair to compare the NFL’s injury rate to other sports when the baseline level of physicality is exponentially higher. Players also know what they’re signing up for. It’s not as simple as “they got hurt, therefore the NFL is at fault.”

But hey, if it helps, you can keep pretending you’re just “reporting the facts.”",2025-11-21T14:56:13Z,2,0,en
UgxzREbdATqFq6-F5R94AaABAg,@poisonapple4530,I would have liked to see a comparison with the other sport that inspired american football - rugby.,2025-11-21T14:55:46Z,0,0,en
UgwKmMW_c50jHbVacmB4AaABAg,@mottyk8491,"So let me understand this. There are people getting paid millions of dollars to get knocked around, and they develop these brain diseases and regular folks are supposed to be concerned.

Sounds more like a rich people problem.",2025-11-21T14:51:57Z,0,0,en
Ugzy4gBnoWlvjoSoJsl4AaABAg,@elektropassgo,Did you even mention the movie 'Concussion'? 2016. Has a ton of info.,2025-11-21T14:49:44Z,0,0,en
UgzM_YtCnjf_cdS5aiB4AaABAg,@mariuszarszylo1476,I cringe every time I see little kids playing full on tackle football.,2025-11-21T14:46:14Z,0,1,en
UgxAvAM0IWpZmKJOMLF4AaABAg,@ThePadi94,Come to europe where we play Football just for fun and donˋt worry about that shit…,2025-11-21T14:44:49Z,0,0,en
Ugyk_5sP2DzA3X8jNgh4AaABAg,@robg643,Antonio BROWN,2025-11-21T14:41:02Z,0,0,Other
UgzrQyG75pgfzjUeDdp4AaABAg,@PipistreloPuntoCom,"I like American football, but let's face it, the sport is broken, those frontal impacts and the damage to the cervical are wild, even Australian football or rugby are not half as dangerous as nfl.",2025-11-21T14:38:13Z,0,0,en
UgwZfkbBdVOpeuLQ6up4AaABAg,@andilentuli7126,"Another great video. I was quite interested in this topic mainly because rugby union has the same problem. Measures have been taken to reduce the impacts of concussion here too, but it's extremely difficult to do so without making almost fundamental changes to the sport. These are not easy problems to solve unfortunately.",2025-11-21T14:37:04Z,0,0,en
UgwHOmLt91q8MawJTqV4AaABAg,@felixl.-pilon6674,"The only way to make football less dangerous is to take off the helmets and pads, which give a false sense of security and are mostly used as weapons, rather than protection. This will not elminate CTE risk, but it will mitigate in an important manner. Rugby players do suffer head injuries, and long-term brain damage does happen, but it is much less common.",2025-11-21T14:35:08Z,3,0,en
UgzM6Khg6enrzNNl4st4AaABAg,@Atomy111,"Wdym concussion problem, it's sports bros that are american on top of that, there ain't a single brain cell in there",2025-11-21T14:15:58Z,0,0,en
UgwQ2kQ1QuulMOEm1w54AaABAg,@SportsPropaganda101,Sound like a hater to me. Don’t worry I won’t be watching anymore propaganda,2025-11-21T14:02:20Z,0,0,en
UgxeNpG9TyTIPMVUqiF4AaABAg,@sav5127,Is the AFL (Aussie rules footie) worse or better coz those blokes don't even put on helmets,2025-11-21T13:56:48Z,0,0,en
Ugy7RI3qV4BZNADt4hl4AaABAg,@Powertampa,"I'd argue that with some of them there isn't all that much to lose in the first place, but it's still not fun seeing people suffer even if they do it to themselves.",2025-11-21T13:46:21Z,0,0,en
Ugw79ZeNjp9-awild9t4AaABAg,@nemom225,After watching this video it’s wild that YouTube still did the football like animation,2025-11-21T13:31:44Z,0,0,en
UgwMiW11emU77JOrI1Z4AaABAg,@DrownInLysergic,I love football but never played it myself. I can barely pay my rent. These guys can deal with the risks they're well aware of while making 40 to 60 million dollars a year,2025-11-21T13:24:48Z,1,0,en
UgxOHh2siG44VAyN3Bt4AaABAg,@CarJaco,"I played HS football, and I don't remember ever getting any concussions.",2025-11-21T13:17:29Z,1,0,en
UgyvvOO1XCQwoaYfqwB4AaABAg,@qlum,"Also not something moving to what most of the world calls football will fix, headbutting a ball, also not the healthiest thing long term.",2025-11-21T13:12:08Z,0,0,en
Ugw90cRiB5EhDwfnmVB4AaABAg,@mikesmith-gk6fy,ya i joked way too much about CTE in highschool,2025-11-21T13:10:18Z,0,0,en
Ugwl77NuQ-lZv10NHbx4AaABAg,@khn-o4n,Thank you so much about making the efforts of Dr. Bennet Ifeakandu Omalu visible 👏🏽👏🏽,2025-11-21T13:09:48Z,0,0,en
UgyEQVbcTGnS3UaL66t4AaABAg,@anthonymeade7345,"9:20 Also known as the ""Consuela from Family Guy"" defense. Nnnoooo.",2025-11-21T13:01:43Z,1,0,en
UgzDRtJrcEVfkizoeOx4AaABAg,@HanzDeez,"Never understood football or any sport that involves a ball. I’m sorry, I’m not a dog, I don’t find enjoyment in watching a ball go back and fourth….",2025-11-21T12:59:13Z,0,0,en
UgyLJcfKniWxPGnlyod4AaABAg,@anthonymeade7345,3:41 Checking in chess is much safer.,2025-11-21T12:52:28Z,11,0,en
UgyaSsf6qOJvSNMn70h4AaABAg,@xjdisuehd,"My local high school had a child with neurosurgeon parents. They basically only allowed their son - who every high school coach in US would have put into football, to play basketball or run track. When others urged them to allow their kid to play football, they told they didn't want their kid to have head injuries and suffer from it forever, as they had seen countless times in their profession.

6 years later, the high school football 'star' had a concussion that basically caused paralysis - catastrophic spinal injury (csi).

Today, the high school and college football players have the body mass and speed that 30-40 years ago was only seen in NFL. NFL players have been getting larger (body weight, height) and faster, the momentum that each head-clash absorbs is insane. And even if you wear helmets, that momentum is still transferred to your body, entering through the head/skull, essentially sloshing your brain around in its cavity.",2025-11-21T12:43:54Z,256,2,en
UgwaB4lyQHfH8TiSlz54AaABAg,@CamonaTempest,Excellent! Thank you for your hard work ... God bless,2025-11-21T12:43:41Z,0,0,en
Ugx_2Cw1du_SpW8aM0F4AaABAg,@chi3i,"""Football.... is the most realistic chance of escaping generational cycles of poverty"" - this is among the most stupid and disrespectful statements I've ever heard. The effort, discipline and commitment to make the NFL  is orders of magnitude greater than finishing high school, getting a job and not having children before marriage which gives you an 80% chance of being middle class and less the 5% chance of being poor (Brookings Institute, AEI/IFS. Heritage Foundation et al)",2025-11-21T12:29:33Z,3,0,en
UgyJH65uAEpLaKtxyb14AaABAg,@antistarlet,"Very well researched video. As a neuroradiologist, I find the rates of CTE in professional sports people incredibly concerning and for me, the evidence for CTE in American football is unequivocal. I'm based in the UK so we don't play much American football but there has been a number of dementia diagnoses in former football (soccer) players. It seems that ""heading"" heavy leather footballs back in the 70s and 80s probably resulted in the accumulation of small, possibly subclinical, concussions. On a separate but related note, there has also been a number of relatively young former professional rugby players (both union and league) who have been diagnosed with MND (ALS) in recent years. No evidence that there's a definite link at this stage (pending ongoing research) but it's definitely worrying to find potentially another neurodegenerative process occuring in professional sportsmen. I'm convinced that, in time, contact sports like rugby will no longer be viable commercially due to the correlation with significant cognitive decline and there will be a corresponding dropoff in numbers, which it seems is already the case with American Football. Similar to Flag Football, there's been an uptick in Tag rugby which is the non-contact version at the grassroots level. Anyone who's interested in Mike Webster's story, the discovery of CTE and the NFL's response should read the excellent book ""League of Denial"" by Mark Fainaru-Wada.",2025-11-21T12:27:31Z,3,0,en
UgybNlSgPAKjpP5DYjV4AaABAg,@niuntestigomas,Very interesting. Thanks,2025-11-21T12:24:23Z,0,0,en
Ugz40mAvVjDB87p9N4x4AaABAg,@spidrre,"Yeah, but causing head injuries leads to more views to the NFL since one's head has to be broken for them to enjoy this ""sport""",2025-11-21T12:22:28Z,0,0,en
Ugyli3HmbvZbkKxjW2F4AaABAg,@sulljason,Constantly bodying each other can't be good for their joints/bones. Not a doctor just seems bad to do over and over.,2025-11-21T12:12:46Z,0,0,en
UgxYuiTylbeAonabDJ94AaABAg,@andrewcarey2635,Thanks!,2025-11-21T11:54:15Z,1,0,en
Ugx6SN0CTYbtWaT5zl94AaABAg,@JohnCroucherAU,How does this compare with MMA?,2025-11-21T11:51:22Z,0,0,en
UgzBmh4NrB04WgVHtn54AaABAg,@kingmatty4,"would removing the pads reduce the force that player would undergo in games - limiting tackles to be within human body limits?

Why haven't you got a set a rules to do with tackling instead of diving head first into players - and be shocked when you get lots of injuries

Look at rugby - no pads - big hits and lots of governance on technique to where the hits are coming from and big penalties for if or anything to do with the head.",2025-11-21T11:45:47Z,0,0,en
Ugw551J0Hfu3u0geDyF4AaABAg,@Luke-id1cp,Why doesn't rugby have this problem,2025-11-21T11:38:52Z,0,0,en
UgxeA-Qubh4V3hDBlWN4AaABAg,@mikiqex,"Of course they call it ""flag football"" and not more sensible ""stripe handegg""...",2025-11-21T11:36:31Z,1,0,en
Ugwb0QvQ-shCUy0XcP14AaABAg,@aceair3281,What about Rugby? That's even more brutal than the NFL.,2025-11-21T11:35:18Z,5,1,en
Ugx9qmJ1df07b34IFwd4AaABAg,@BenchFox_,"We got a similar sport in Turkey, oil wrestling.",2025-11-21T11:26:59Z,0,0,en
UgzCf5z7umLos9S1DXx4AaABAg,@felipenachmanowicz9393,They push this shit sport like crazy because it's the most ad friendly sport ever. It's a lot of ads sprinkled over some head trauma. Amazing stuff.,2025-11-21T11:23:29Z,1,0,en
UgzvHxnJC0g3WlGWCrV4AaABAg,@Zoito-99,This is why soccer is growing,2025-11-21T11:21:36Z,0,0,en
UgxJjJQfoXUY2u5B44N4AaABAg,@MayoHosko,"Concussions aren’t just an American football problem. Rugby Union/League and the Australian Football League (AFL) have equally high rates of concussions as the NFL. The NFL settled for half a billion dollars to former players with CTE. Former AFL players are trying to do the same. Rugby and the AFL have equal rates of concussions as the NFL, despite not requiring players to wear helmets. Only players with a history of concussion are recommended by team doctors to wear padded helmets. Like the NFL, the AFL has been trying to change rules for player safety, but like the NFL, the AFL has a history of letting players with chronic head trauma slip through the cracks. There was an AFL player who sustained 9 concussions before being declared medically retired. NFL and AFL fans both complain about the reduction of aggressive gameplay, so no wonder why Roger Goodell's NFL spent years employing tactics of big tobacco. Now, there are American and Australian parents who don’t want their children playing tackle football",2025-11-21T11:06:51Z,0,0,en
UgzcMTJJGcefYQvfQWR4AaABAg,@ChristopherM720,"Let's be honest, big hits sells (or sold) and helped make the game bigger than baseball. But almost all NFL revenue growth the past decade is due to another revolution: online gambling. Building from fantasy sports of the 90s-10s, it now is why so many people pay attention, as their parlays about Brown's reception yardage and Surtain's INT numbers make them big bucks (for them). It's why every NFL YT is sponsored by one of the betting houses. Betting appeals to the same demographic as those view numbers so, for now, they will ride that trend until the next issue arises.",2025-11-21T11:05:22Z,0,0,en
UgyDbS5o5BFxAVNL2gJ4AaABAg,@ChristopherM720,Even before the CTE issue football fans saw guys in their 40s walking like guys in their 80s. Will never forget seeing Earl Campbell just a few years into retirement making my 80 year granny looking like Usain Bolt. But since no one makes you play (unlike gladiators) we accepted it. But I rarely watch a game (just highlights) now. It does feel a bit bread & circus.,2025-11-21T11:01:45Z,0,0,en
UgwISfomCp_Hsv2_dbZ4AaABAg,@dinitroacetylen,"0:00 — so is boxing, really.",2025-11-21T10:56:32Z,0,0,en
UgwDGr3K9IkHyXx7v294AaABAg,@rysnes,Australian Football is decades ahead in concussion prevention in a tackling sport,2025-11-21T10:43:08Z,0,0,en
UgzB68j3eSH5A5TjbWF4AaABAg,@muirgenmonet,"I work in a geriatric clinic that focuses on patients with dementia. Neurology is more likely to end up with patients who have TBIs (traumatic brain injuries) but we have a small subset of them, including former football players. The repeated head trauma is devastating, though sometimes it takes decades before the full damage is realized.",2025-11-21T10:38:43Z,37,2,en
UgyaiSdnW03MSYdgpil4AaABAg,@conto7032,"Krasnov is irrelevant, heck he should be removed entirely.",2025-11-21T10:35:44Z,0,0,en
Ugy4qDHFFQv-gy_7NRF4AaABAg,@Ushio01,"Ban tackle football before the age of 16 no more youth or middle school tackle football you can only start once your a junior in highschool.  You can still make up physical lessons to practice aspects of the sport with out player on player collisions.

Also maybe consider a mandatory retirement age no later than 28 years old.",2025-11-21T10:31:07Z,0,0,en
UgwW3nfiVicBHXTa2pN4AaABAg,@jamestreanor182,"My orthopedic surgeon said to me about snow skiing “wear a helmet, we can fix everything else, but we can’t fix your brain”",2025-11-21T10:25:56Z,0,0,en
Ugx4MpFMHH6SSSzYw8d4AaABAg,@caseycorbin4853,"5:30 His name is Bennet Omalu, not “Bennett”",2025-11-21T10:19:52Z,0,0,Other
UgxEq06kVtYhgP3udaF4AaABAg,@drexrew,American football is designed to kill it's players. If this game was not worth billions of dollars per year it would be illegal to play.,2025-11-21T10:10:21Z,0,0,en
UgwgFLWhox2r6s79WJR4AaABAg,@himaro101,"5:11 WTF That's my Uncle John! He's a neurogeneticist in the field of neurodegenerative diseases. 
I did NOT expect to see him on a video like this!",2025-11-21T10:08:03Z,3,0,en
Ugx6mL1FvVu46DhCqj54AaABAg,@t1nkerium,Flag Football idea actually is pretty cool and props to NFL for trying it. Especially considering their other scummy big tobacco methods.,2025-11-21T09:58:12Z,0,0,en
UgzybWfpVvyrCgo2TwN4AaABAg,@paddington1670,Everyone already knows there is a problem with high impact sports. No one who makes money cares.,2025-11-21T09:58:08Z,0,0,en
UgzAslYpexdFt34SztV4AaABAg,@kieronparr3403,Remove the helmets and padding. Rugby has a concussion problem but nothing like American football.,2025-11-21T09:57:39Z,0,0,en
UgylI87aBjxi-r3NpO54AaABAg,@lucas-to-go,"The only get insurance for 5 years post retirement and many of their claims before that are often disputed by a lot. A vast majority of anyone who has played is not covered by health care,",2025-11-21T09:56:21Z,0,0,en
Ugyoxv2SiHstUhVvdMl4AaABAg,@mcs131313,Is it a reckoning? I know some people or thick but overall people know and don’t care. It’s facing a decline in viewers of linear TV at the same time as people are becoming more cognizant of concussion repercussions. Might not be all that causal. People like to find descriptions for why they’re changing behavior that they’d already changing.,2025-11-21T09:41:22Z,0,0,en
UgwCdxCsoey66ME95Et4AaABAg,@caimansaurus5564,"Is rugby less damaging to the brain? If yes, are there things American Football could learn from rugby to minimize cumulative head impact while keeping contact?",2025-11-21T09:38:53Z,0,0,en
UgyF9EQJAykpisBLMUp4AaABAg,@BennyVonBlanco,I think a more interesting topic would have been the NFL’s anti-white problem,2025-11-21T09:11:14Z,0,1,en
UgyZlQ_lZdJMslTwVnl4AaABAg,@FaySmash,That's such an American problem,2025-11-21T09:07:11Z,0,0,en
Ugx7sbWhL5UtFw_5j3R4AaABAg,@robabob1001,Omg hahaha blast from the past playing tag rugby at school haha. This reminds me a bit of Coach Carter the movie about basket ball and when they say let them play becuase it's probably going to be the best years of their life anyway so who cares about them after (he does) won't ruin the movie...,2025-11-21T09:04:20Z,0,0,en
UgwuLBH5EL9L1eogDBJ4AaABAg,@ShiroKage009,The sport itself is stupid. It demands that you get concussed.,2025-11-21T09:00:55Z,1,0,en
Ugyi1WDfq1RAuPdOMEl4AaABAg,@danirey425,"There's a reason running backs in particular have the shortest careers, the more players get hit in a collision sport then quicker it catches up to them",2025-11-21T08:22:44Z,0,0,en
Ugw8HtEsxnb0rpdUx1d4AaABAg,@samadams2203,"I wonder if football always caused this or if it's a factor of modern NFL players having heavier helmets, pads and bodies.",2025-11-21T08:10:17Z,0,0,en
UgxDWnEZDhdciS5yKcF4AaABAg,@BombJovi,This is so sad. As someone who only played high school football. This makes me want to cry.,2025-11-21T07:56:41Z,0,0,en
UgzYhuJkoZiXu1dQMNN4AaABAg,@jojodelacroix,"Just wanted to add that concussions on kickoffs are back up this year. They were largely down because kickers were kicking the ball out of the endzone. But that's not happening anymore, so with more returns being made, more players are being injured. I'm not exactly sure why since there is the shorter distance being covered. It could be a difference in strategy or perhaps most of the injuries are being incurred by returners. I'm not sure. But I do know that there's be a noted, very large uptick in concussions and other injuries this year on kickoffs. Looks like the NFL is going to need to go back to the drawing board again.

It's also worth noting that Kickoffs are considered special teams. And many players that are part of special teams aren't stars, but rather edge of the roster players that are considered special teams specialists. These players get paid far less than star players, often the league minimum (which can be under a million dollars). They are less likely to suffer brain injuries from repeated hits if they're not playing a lot of offense or defense, but they are in on the highest risk plays (ie kickoff returns) which means they are more likely to end up getting major injuries. Ones that are both debilitating AND which end their career.",2025-11-21T07:52:13Z,0,0,en
UgwFFWxG5U1wwqbOn8h4AaABAg,@kenmore01,"Well, that's why they make the big bucks.",2025-11-21T07:44:57Z,0,0,en
UgxkVSNSjOqClX7E6cV4AaABAg,@robertwhite3247,Don't understand why the NFL aren't looking at rugby and what they do there. Any potentially harmful head contact in a tackle in rugby (like a shoulder to the head) gets you a yellow or red card which means sitting on the sidelines for 10 minutes or your game is done. The NFL also needs to change how players tackle in the open field. A better tackling technique that avoids head contact would reduce head injuries. You won't be able to remove all the head contact since it's a contact sport but improvments are possible,2025-11-21T07:44:42Z,0,0,en
UgxhoOsVz0qLSvc_pVV4AaABAg,@grantgoldberg1663,"Well, in the NFL's defense you can get the same level of brain damage from watching TikTok.",2025-11-21T07:43:26Z,0,0,en
UgxVvtmRmOVVZze8KSJ4AaABAg,@pf887,Nba > nfl in ever possible way,2025-11-21T07:39:47Z,0,0,en
UgzwsHT1H90mIuxFaBh4AaABAg,@DonovinJones,9:49 that’s gotta be an intentional use of the word zenith for the ball knowers out there,2025-11-21T07:29:53Z,0,0,en
UgxkGNzzkwd8FoRP0qJ4AaABAg,@krombopulos_michael,"I feel like this was a way bigger issue about 10 years ago. It's not that it got fixed, but people just seemed to stop caring. NFL hasn't lost any ground in popularity and nobody talks about the concussions now, or at least doesn't really think it's a worth doing anything about.

Even politically, this felt like a left-leaning concern, but there was a sense that people who cared didn't watch football and needed to shut up about it to avoid alienating huge numbers of fans.",2025-11-21T07:28:23Z,0,0,en
UgyBEVT_OSH7zvyQXNZ4AaABAg,@Rory-Shields,I am thoroughly convinced that the crimes of Oj Simpson would not have occurred if it weren’t for severe and repeated traumatic brain injury.,2025-11-21T07:27:52Z,0,0,en
UgzHuDwAHXFB7C5O-0V4AaABAg,@somebigcajones,"crazy that the Canadian Football League actually has MORE concussions than the NFL, as seen at 2:11",2025-11-21T07:22:27Z,0,0,en
UgxQ-aEygC18REf22H14AaABAg,@nopeMate,Sarcastaball anyone?,2025-11-21T07:18:37Z,0,0,Other
Ugx_uVB8qtQ7xEoM5b94AaABAg,@hurr48,football is like gladiators!!! let's calm the theatrics a bit reddit,2025-11-21T07:18:09Z,0,1,en
UgzGVYUdCNj21Z_wKNd4AaABAg,@yexela,"Да уж, занимайтесь спортом, ребята",2025-11-21T07:17:47Z,0,0,Other
Ugyi_Z-Aa9UVMAPqI_p4AaABAg,@faithrider94,"1. Definitely thought the NFL's ""Play"" initiative was a more impactful ""youth football"" program and was surprised it didnt get a mention in the flag football section.

2 .it would be interesting to see an in depth analysis of the variance between linemen and more protected field roles and their lives following leaving the sport. for example, you have QBs and Kickers who are rockstar level celebs and when they leave the sport often end up in very lucrative sponsorship and investment deals. As opposed to the 2 linemen that were mentioned in the video who were celebrity status while they played, but after leaving basically faded into obscurity until they died.",2025-11-21T07:05:34Z,0,0,en
Ugy2uPbncAC7ho9Ftil4AaABAg,@ericcarabetta1161,Simple solution; make football illegal. Problem solved. Think of all the amazing things we could do with the land and money that are currently wasted on NFL crap.,2025-11-21T07:00:32Z,1,4,en
Ugxd8T8pjG0Q36C7Va14AaABAg,@justaguywithnoface6370,"""TELL THE TRUTH 🫵 TELL THE TRUTH!!"" 

😂( if u know u know)",2025-11-21T06:58:33Z,0,0,en
UgxilmknRYBJr1XeMPN4AaABAg,@nicklight3290,"If 10% of mothers took their children out of high school football because of CTE in 10 years NFL would plummet but NFL also owns a day of the week let alone the lords day, glad they’re finally making the seriousness of concussions for available",2025-11-21T06:49:47Z,0,0,en
Ugy4sL_J78yoF48NRm54AaABAg,@nicklight3290,"The book concussion/ movie with Dr. Omalu was a big eye opener, had concussions growing up through hockey then I did my ISU on that book and it opened my eyes and I quit hockey right after (was doing my ISU because i had a concussion in hockey and was stuck in a classroom when I was supposed to be in gym)  when you think about it it’s a scary thing that they can’t diagnose till you die.",2025-11-21T06:43:53Z,0,0,en
UgwUm3dcn1iZ0TGoiNt4AaABAg,@EricParks-k9l,"Don’t care if football players get cte, that’s their risk",2025-11-21T06:38:46Z,0,0,en
UgwYFo5Gr5xG0mfS5k54AaABAg,@kimberlyarchie,"Why would you title this the NFL’s concussion problem, when it’s a brain damage crisis?",2025-11-21T06:37:33Z,1,0,en
UgzEL74ocwY0Ni3u0N14AaABAg,@tengkualiff,Ah yes.. rugby...,2025-11-21T06:36:07Z,0,0,en
UgwLvThPXYivwYGmzJB4AaABAg,@shreyasjuloori3147,W,2025-11-21T06:35:36Z,0,0,Other
UgyFPYLr63sziU-jsAR4AaABAg,@jaredkennedy6576,"Well, there's another reason to be glad I didn't play in highschool.  The coach tried to talk me into it due to my build, but between zero self confidence and not wanting to test out my locker room confidence I didn't sign up.  
Now I just tell people I'm not interested in watching a bunch of guys in spandex grope each other lol.

Also, die hard football fans have their own names for flag football.  Amazing how much the rabid football fan and homophobia circles overlap in that zenn diagram.  Add in the low income and alcoholic circles and there's still a pretty damn large overlap.",2025-11-21T06:20:53Z,1,0,en
UgxFodfP4NhS65QuLzR4AaABAg,@kellymoore5517,"oh no. we can't deny it and fabricate data anymore.
we have to do the unthinkable- face it head on.
edit: oooooor, expand our horizons internationally!",2025-11-21T06:12:36Z,1,0,en
Ugx-evgT5G6-F73uCC94AaABAg,@frostyamerican5724,Sam isn't an Arch Manning fan I asssume?,2025-11-21T06:10:08Z,0,0,en
UgxXAXxZofVUaLFfq414AaABAg,@andytran1833,gladiators without swords,2025-11-21T06:04:38Z,0,0,en
UgyHzvNkP7oUe6OmSHl4AaABAg,@Zer0Blizzard,"2:58 You cannot make the statement that ""permanent cognitive impairment, specifically from sports induced concussions, is rare"" as an objectively true statement at this time. You do not know what defines ""cognitive impairment"", as the term is incredibly nebulous at best. Heck, what is the definition of a concussion? G forces on a cranium?

You directly disagree with your own statement at 4:38. 

8:25 Exactly! We don't know how common CTE is because it's INCREDIBLY hard to prove without relying on simple tests for symptoms (which are obviously nowhere near as factual as brain slice samples) while the person is alive. 

If the test was simply for ""permanent cognitive impairment"", and you don't have a baseline, the test will likely compare to an ""average"" or ""reasonable"" person. For example, being able to count backwards, verbally, without paper or outside tools, from 100 by subtracting 7 is a common(?) cognitive test, but a _lot_ of Americans cannot do that correctly, without mistakes, within, say, 5 minutes, because their numeracy skills are terrible to begin with. Even if you do have a baseline for the person, does the baseline exclude traumatic head injuries? What about disease that affects the brain? Microplastics alone can cause numerous issues with the entire human body, so I would imagine that microplastics alone would be partially responsible for brain issues in the general US (and likely global) population.

12:20 Your segment on [expanding the American football market overseas] is deeply flawed. American football in the NFL, by its nature, is ruled by a collection of business interests, aka owners. These american owners are frequently used to getting away with dozens, if not thousands, of petty and felonious crimes on a regular basis, year in, year out. Tom Brady was never banned for cheating or destroying his phone - Brady is also now apparently allowed to be part Raiders owner AND a Fox News play by play commentator. Neither was his coach, Belichick, for engaging in numerous sign stealing scandals, paying people to set off fire alarms of hotels that visiting teams were staying at, etc. There are the obvious issues of referees being incompetent and corrupt (Steve Young's story about a ref trying to set him up with the ref's daughter comes to mind), and now ""replay assist"" just overrules people arbitrarily. Daniel Snyder hiding out on his yacht to avoid congressional subpeonas. Brett Kollman on YT does an excellent job talking about football strategy and tactics, but he avoids the tabloid/obvious corruption topics because the NFL would likely blacklist him. Oh, and the recent hidden arbitration collusion between the NFL player's association and the owners committee - USA Today has an article called ""In stunning ruling, arbitrator finds NFL encouraged collusion"". NFL Analysis has an article called ""The timeline of collusion-gate as NFL legal document goes public, Lamar Jackson, Deshaun Watson details revealed"" on the same topic.

Oh, and Europeans just handle health and safety completely differently, and that's probably half of why Europe hasn't jumped at the chance to open up NFL teams for their own european league to play amongst themselves. Here in America, the ruling class is perfectly allowed to have a meat grinder. Over there in Europe, you've gotta at least hide it a lot better.

Overall, I liked the video and watched the whole thing. Your tone is hostile to the current state of the NFL, and your conclusion is that it's on the downward trend, which is probably appropriate.",2025-11-21T06:00:54Z,1,0,en
UgyJCWE2IiU8U2IjVN54AaABAg,@HYv47,Elementary and middle school kids should absolutely not play contact football in my mind. Highschool might be up for debate but it's still dangerous and my children are never doing it. Unless they're supernaturally good and in that case I'll gladly let them play so they can be an NFL player and support their dad with tons of cash.,2025-11-21T05:58:32Z,0,0,en
UgxhV8xXTK5ZfzZKX4R4AaABAg,@togrid4816,In France we have the same issue with boxing and rugby but it's very unknow by viewers and kind of hide.,2025-11-21T05:51:53Z,0,0,en
UgzFFh2lhfnxKTon_Ud4AaABAg,@rfwhyte,"Football as it's played today is honestly doomed. The USA is the most litigious country on earth, and the cumulative deferred liability (Ie. the amount they are going to get sued for by former players eventually) the NFL exposed to is billions upon untold billions, and an absolutely massive and growing debt they don't even want to acknowledge yet. Add to that the additional untold billions of liability US colleges, high schools, school boards, youth leagues, etc. are also exposed to, it is very quickly going to be a financial inevitability that the game can't go on the way it's now played. It will cost far too much money in lawsuits for it to be worth it the business of the sport.",2025-11-21T05:26:22Z,0,0,en
Ugws6FdsoIJgdyRXTXR4AaABAg,@dryzalizer,"Solid video essay, Wendover. I was hoping you'd cover the tech of the newer helmets, unfortunately I think the only really effective helmet design looks really big and puffy and was rejected by most players and the league.",2025-11-21T05:26:04Z,0,0,en
Ugx0LoUtqyKpnW1CGVh4AaABAg,@Euphratessss,Reminded me Sarcastaball from Randy,2025-11-21T05:25:58Z,0,0,en
UgwIJ-dx71enScN2tEN4AaABAg,@ssttssttsstt,Americans think up the dumbest sports but egg ball is the dumbest one yet,2025-11-21T05:22:03Z,0,0,en
UgzBOtyrrFhn0PlhtOJ4AaABAg,@cardsfish,"As someone who is most likely going to have CTE at some point in my life after 4 concussions in a year from college football and a really bad head injury that was non-football related after being done playing it is really worrying but I can also say despite all of that playing was well worth it as it gave me an actual social life and something to talk about in order to make more friends.  Not to mention it payed for a third of my college which is a bonus.  I am not sure where I would be without it but I think it would be a darker place then where I am right now.  There is also a problem with people saying just play another sport which is these other sports  that are prestigious such as baseball, basketball, and soccer usually cut players in middle school and high school while football doesnt usually cut anyone making it more accessible especially to those with varying body types.  I certainly would not be able to play any of the sports above but football is something I could definitely do.",2025-11-21T05:13:45Z,5,0,en
UgwTo_Oi7IjTGWt4qZd4AaABAg,@thebeaconnetwork,Nicely done.  Very often others dealing with this topic will underplay Dr. Bennet Omalu's role in discovering CTE. But you all were thorough and fair. Thank you.,2025-11-21T05:00:08Z,0,0,en
Ugxjsf1fOxb0vMUNRL94AaABAg,@TheAlexandrian,"The NFL's PR efforts have been WILDLY successful at creating the impression in the general public that concussions = CTE. That's because they can take actions to reduce concussions (or at least give the impression that they're reducing concussions), but there's basically nothing they can do to prevent CTE-contributing impacts from occurring on every single play.

It's no different than the oil industry or the tobacco industry. For example, consider the parallels to the fossil fuel industry pushing the concept of your personal ""carbon footprint"" to deflect from the reality of the problem.",2025-11-21T04:59:24Z,2,0,en
UgxhBtTlYQJSe8RrR5F4AaABAg,@ELS-tone,This is also true in hockey & rugby etc but I never hear that talked about. None of these sports are worth the physical / mental risk,2025-11-21T04:56:48Z,0,0,en
UgzskMOHFBFbuz7IEA94AaABAg,@XXV_Flea333,Antonio Brown: The Video Essay.,2025-11-21T04:52:06Z,0,0,en
Ugz0cAVZERoGi1UwAxR4AaABAg,@jebaited2300,"All of the sudden, making fun of football players for being stupid feels mean.

They are literally all brain damaged.",2025-11-21T04:50:39Z,0,0,en
Ugwjgkd_xMIyZhon-Al4AaABAg,@koc988,I say remove the padding and you'll see softer hits. The armor makes people way too zealous and without padding to soften everything but brain damage from CTE. Rugby has no serious padding the tackling form is far more strict and people get hurt less. Unfortunately this will never happen as the companies who make padding and helmets are considered people who vote with more dollars than anyone person can fathom.,2025-11-21T04:47:20Z,0,0,en
UgxuR2n6Z7zs-572elF4AaABAg,@Kenneth_James,This message stinks,2025-11-21T04:41:57Z,0,0,en
UgwQby3sobp12rqb5t54AaABAg,@cardsfish,"18:32 I feel like this kind of a bad point.  I mean the richer population is usually older and their kids have most likely grown up, while the younger and poorer populations can not really afford all the nfl games but do let their kids play football not because of a hope or chance to play professionally but because it is fun and their friends are playing it.",2025-11-21T04:40:37Z,8,0,en
Ugx3JZExusto_pLtVTF4AaABAg,@edvaira6891,Junior Seau was the case that truly broke MY Heart…he was such a special part of San Diego and part of our spirit crumbled when he ended his agony,2025-11-21T04:38:17Z,4,1,en
Ugyc-ue0jhPjQkAm-xR4AaABAg,@davelavigne2133,Flagg football:  In my all boys high school we played flag football.  We wound the flag around our belt.  Yes it was touch but you usually needed to tackle the player WITH 0 PADS to accomplish that.  THIS WAS IN GYM!  WITH TEACHERS! AND REQUIRED!,2025-11-21T04:33:48Z,0,0,en
UgxsAiUMYocUWKdb4mB4AaABAg,@lazydictionary,"Most of the concussions i see are ball carriers being tackled and the whiplash smacking the back of their heads into the turf. Every time someone is tackled to the ground, it is a tiny concusion, at *best*.

Smaller helmets. Remove pads so people do treat their bodies ss battering rams. Teach proper tackling form.",2025-11-21T04:29:33Z,1,0,en
UgygTaPD0PbryVy0zdt4AaABAg,@duanetenney3546,"This is why I didn't let my kids play tackle football. The risk is not worth it. Jt Seau, Dave Duerson  both knew something was wrong and sadly when they took their life they made sure to leave their brain intact to prove they had CTE. How many more young men need to suffer for the sake of entertainment?",2025-11-21T04:25:07Z,0,0,en
UgwMjnZz5YavCiq6Xph4AaABAg,@DrSardonicus,"As an Australian, I grew up playing Aussie rules footy (AFL), Rugby League (NRL), and Union. In AFL, the danger comes in the form of a tackle coming from any angle, because there's no line of scrimmage. But in NRL it was lifting tackles such as the Spear Tackle. NRL in the 90s felt more like a wrestling match than a game of footy, you'd get held, lifted, spun around so you're facing the earth and pile drived into the ground. Often with your arms pinched in the tackle so you're unable to brace yourself to kiss dirt.

That tackle is banned now. We have our own trouble with the CTE. 

I commonly hear Americans marvel at our game and how we don't wear helmets or gear. But I feel like NFL is worse BECAUSE your players lead with the head, like a battering ram. I wonder if you actually took away helmets from NFL, it would be safer. 

After a couple head-to-head clashes your players will quickly back off the throttle. That sh hurts.",2025-11-21T04:18:34Z,8,2,en
UgySMb_YsKX5XZpOY1p4AaABAg,@Bobbedbobaroo,15:20 get rid of helmets,2025-11-21T04:17:20Z,7,3,Other
Ugy2VYxU5Wt_tRnbUE14AaABAg,@elliotdubois14,"I played highschool football and it had a huge positive impact on my life. From the lessons I learned from my coach to the discipline it taught me at a young age, I wouldn't be the person I am today without it. 
I always dreamed my son would play football just like I did, following in the footsteps of me and my grandfather.
But now (Dolphins fan) after watching player after player get brutal concussions and injuries that simply didn't used to happen like this, i wish nothing more than for my child to NEVER play football.
It makes me so sad to see a sport I love fall apart.....",2025-11-21T04:16:38Z,1,0,en
UgxK1dqKjbuLVQVtYed4AaABAg,@ZachDavieszixxfire,"So my dad worked on the concussion lawsuit (player side, not NFL)",2025-11-21T04:02:11Z,0,0,en
UgzZxgsPhKtKHFHIyCh4AaABAg,@sirjonsmithiii992,Next they will say steroids is bad and we will have to stop watching all the events that use it. Blah.,2025-11-21T03:55:44Z,1,0,en
UgzT5Nn_AJ_LXG42_S54AaABAg,@anthologyofinterest1,nfl should start a league made up of fat angry sports dads only,2025-11-21T03:48:33Z,0,0,en
UgwTGkZt1JQrjTW37Y94AaABAg,@liangshepherd,Had been assigned to teach some football players some basic econ during my phd years in USC. It is comical for them to be there as it is comical for me to be on their training field. They don't have the brain or attention or the prerequisite as I don't wish to be hit by trucks.,2025-11-21T03:44:48Z,0,0,en
UgwfEfIJd1_B1NRr8DB4AaABAg,@Cam77891,I disagree. These guys all have alternatives. Unless they've already lost all of their IQ points...,2025-11-21T03:43:49Z,0,0,en
UgydjBL8NU4vHQAO3X94AaABAg,@jessemg95,Where's a venn diagram of NFL and the US military,2025-11-21T03:40:54Z,0,0,en
UgxGdAwq71IatbvBHU54AaABAg,@justinkoster4417,there are probably  NHL players that have 1000 game careers and have avoided CTE i very much doubt many NFL players that have played more then 100 have been that lucky,2025-11-21T03:40:47Z,0,0,en
UgyLSc5tihqYo1OfbdZ4AaABAg,@michaelquinlan2121,Women,2025-11-21T03:39:25Z,0,0,en
Ugx7KiRQR4TKarCETCV4AaABAg,@georgewkush542,Every football player knows the risk. And would rather play football than a pansy girl sport like soccer 😂,2025-11-21T03:39:11Z,0,0,en
Ugy8hiEDbGvHRoeNovN4AaABAg,@zybon777,I guess this is why Tom Brady is in love with his son.,2025-11-21T03:33:38Z,0,0,en
Ugw4b7wt66r5oAlh90d4AaABAg,@d3ltaLX,The NFL and the cowboys destroyed my grandpa's brain.,2025-11-21T03:32:11Z,0,0,en
UgyHVlOc3K3ubiGzS3l4AaABAg,@Thicc_Boyo,Any sport that incentivizes bodily harm is a blood sport.,2025-11-21T03:31:06Z,0,0,en
UgxNpL9t88YOkESjWjt4AaABAg,@postmaloneofficial,They’re making $20 million+ a year. They know what they signed up for. It’s like saying boxers can get concussions…,2025-11-21T03:26:53Z,0,0,en
Ugzl_EFBS5uUwoyYkFd4AaABAg,@mankala8,Solution: Switch to non-American Football.,2025-11-21T03:24:10Z,0,0,en
UgzBTRGhXavnBJRREPF4AaABAg,@MelniaShadow,0:05 So like boxing?,2025-11-21T03:15:22Z,0,0,Other
UgxpCt_d1c6kJ7Os0u94AaABAg,@toddverbeek5113,"The NFL is arguably a more toxic cult than any political party or religious sect, because it indoctrinates people across the political spectrum, every racial and ethnic group, rural and urban, and varying educational and economic levels. Looking at it from outside…. y’all are fucking crazy.",2025-11-21T03:12:59Z,3,1,en
Ugzos37pyce5l_ls5A94AaABAg,@creamedgravy,The one thing that will cause the NFL to revise the game in a more complete way is the same thing that caused NASCAR to completely rebuild their cars to a point where there hasn't been a fatality since 2001. A major player's fatality on the field. Anything less of this and it's the cost of doing business.,2025-11-21T03:11:33Z,5,0,en
UgyLff5uGJk9kkhJGBJ4AaABAg,@Slovan05,Another thing to take into account is that right now we have way better helmets than what we used to have. Depending on what the data looks like in another 20 years is somthing I would like to look at when it comes out.,2025-11-21T02:59:02Z,1,0,en
UgzPWu7ER31wGCOyk6x4AaABAg,@almostambient,Fans coming from richer backgrounds? Pretty wild assertion to make without evidence.,2025-11-21T02:57:22Z,2,0,en
UgzatJzioWeCrDxwRhp4AaABAg,@prplt,too boring for me 🥴,2025-11-21T02:56:00Z,1,0,en
Ugz_4WXmSkeotGtnIu14AaABAg,@skyknight1983,Making changes that benefit 'revenue generators' cos they are worried about their bottomline rather than welfare of those players is abhorrent. I guess Americans don't mind poor folks getting life altering injuries for entertainment value they get.some hunger games shite here,2025-11-21T02:55:07Z,0,0,en
UgwI4kzmXs7eLzImYm14AaABAg,@joermnyc,"Actually a single concussion IS a long term issue: you can more easily get another concussion afterwards, sometimes a higher grade one than you might have had if it was just your first.",2025-11-21T02:53:28Z,4,0,en
Ugyp5B83vGR0Y5aXArl4AaABAg,@elijahwilt,Gayyyy,2025-11-21T02:51:20Z,2,0,Other
UgzLAl1Je_Q_qITDtJd4AaABAg,@Libra11235,"I don't really think league sports in school should be a thing period (School is for learning, just set up a separate youth league), but if we're going to have it then at the very least sports like football, hockey, and rugby should be banned.",2025-11-21T02:50:12Z,1,1,en
Ugxm9XMOiZiAJZEIZsJ4AaABAg,@sakapfetnegla,"I only played four years in HS in a very small school in a very small league, both in the size of players and the size of the teams. I had a few head to head contacts that I still remember to this day, and never got pulled out for concusion, but am convinced it has affected by brain to this day. No one should play a game with helmets that encourage the kind of contact that causes brain damage by accelerating the brain against the sharp edges of the skull against the parts of you that make you you.",2025-11-21T02:37:55Z,0,0,en
Ugxmclvs-gGPtfnaSfR4AaABAg,@rickieg9870,Que the NFL lawsuit…,2025-11-21T02:29:13Z,0,0,en
UgwOskGLck6Oh321ndl4AaABAg,@jarylOhNo,"Brain damage problem?
Oh wait I thought we were talking about Tiktok 😅",2025-11-21T02:16:46Z,0,0,en
UgyEo4q4MipEqljwQbd4AaABAg,@scottbutts6703,Let's go Lions,2025-11-21T02:12:40Z,0,0,Other
UgyiepHKMxlUY8zMdnl4AaABAg,@saturnv2419,"Football is quite literally a war game, why do people think the player will not be hurt?",2025-11-21T02:10:36Z,0,1,en
UgwGXO-CAefLHUn-eCN4AaABAg,@cj2007,We have this same problem in the uk with rugby,2025-11-21T02:05:21Z,8,0,en
UgzcpMpfroMarfE16vd4AaABAg,@RichardBaran,"Americans don't give a damn. Shit humans don't give a damn, there's a sport where you slap each other in the face, there's a sport where you punch each other in the head, there's WWE (well old-school), and the list goes on.",2025-11-21T01:57:29Z,0,1,en
UgxgzZfNPpBPqevYbvF4AaABAg,@mpbx3003,"The other thing with it is that, even if we could magically erase the brain damage issue 100%, the sport is still wildly destructive to the bodies of those who play it. So many older players become close to or actually disabled with pain and joint deterioration directly related to their playing days.",2025-11-21T01:53:16Z,0,0,en
Ugwwa3BbmB0xgFwYDS94AaABAg,@RichardBaran,"Would be interesting to see how bad it messed up WWE wrestlers. My best friend was a big shot in the late 90s early 2000s (Mideon, with Undertaker and those guys) and you can tell his brain is fucked up. Some times he can't sleep for days on end, and that's just one of the issues.",2025-11-21T01:48:11Z,0,0,en
Ugxd2-7zfBlkkl1n0l14AaABAg,@pawelgrott1278,Come on. Compate it to boxing instead,2025-11-21T01:47:16Z,0,0,en
Ugy0ynXJdZ6z-SQDMYF4AaABAg,@TheWatchernator,"I played football.
Never got knocked out, but got 'the bell rung' quite some times and got 'doinked' hundreds of times.
I don't know if I experience the effects now, but I'm sure it doesn't help either.
My bigger worry is my mental health when I turn 50, 60.",2025-11-21T01:47:08Z,0,0,en
UgzpJDGBaDF2M4vP4aJ4AaABAg,@RichardBaran,Money > health,2025-11-21T01:32:05Z,0,0,en
Ugyxy3HV60vE5WX5D0J4AaABAg,@DavidM979,We haven't strayed too far from the Colosseum days,2025-11-21T01:25:40Z,0,0,en
Ugw8j8GdyU__Ufa4B3V4AaABAg,@vivekchalasani,If it weren't for all the injuries I guarantee the nfl would have way more games every season.,2025-11-21T01:25:24Z,0,0,en
UgyikGQ2Rd-Fcb2z-5l4AaABAg,@deaddropholiday,People always use the individual choice/responsibility argument. They signed up for it. They knew the risks and accepted them. That's all well and good. But what about the family members and friends who are left to pick up the pieces caring for someone whose medical costs have already bankrupted them? Most NFL players either don't last very long in the league or aren't on Patrick Mahomes money. And if they have earned a million dollars or two - that can very quickly be swallowed up by someone with complex and expensive neurological issues.,2025-11-21T01:23:50Z,2,0,en
UgyK94kuM6IzIeb6TIt4AaABAg,@ZephyrGlaze,"Flag football, ironically, is where I got the really bad concussion in my life.",2025-11-21T01:20:22Z,0,0,en
UgxXntOSaWTdLIw5OFd4AaABAg,@userMB1,"0:55 _""the most successful program to have ever existed""_ *In the US.* Let's not forget that soccer is still bigger and the World Cup, European Championship and champions league get's more views.",2025-11-21T01:19:09Z,2,0,en
UgzsLmbDExfh1LDAcAV4AaABAg,@sullivanseanp,"""Their circumstances can be coercive"" . And here I was thinking this video might pass without the woke mind virus of minority marginalization coming in.",2025-11-21T01:17:25Z,1,0,en
UgyrI6-B_BZcIwe_ktd4AaABAg,@DanknDerpyGamer,Though I wouldn't call it outright safe - injuries still happen absolutely - it sure feels like rugby (American football's predecessor) has tackling down a crapload better.  Plus IMO it just feels like it is a lot easier to understand and enjoy.,2025-11-21T01:11:14Z,0,0,en
Ugw7InRbg1-c_gRwuJp4AaABAg,@Queso2469,This video has the potential to cause more economic losses than possibly any Wendover related video ever made.,2025-11-21T01:08:20Z,0,0,en
UgweEZDegJ_qORMrGyx4AaABAg,@ajduker,Nothing will change…,2025-11-21T00:53:29Z,3,0,en
UgxDzKTIpS8cnUOM5eR4AaABAg,@zimzimbar,Rugby fan here: Get rid of helmets and your problem halves. Football players won't lead with their heads if they are not wearing helmets.,2025-11-21T00:52:56Z,2,2,en
UgyhVLH1vzqjsPB-qKV4AaABAg,@oldcowbb,americans really love to make themselves dumb it seems,2025-11-21T00:52:42Z,1,0,en
UgxogKGbAtG3QP21rFV4AaABAg,@AlanTheBeast100,Fantastic video.,2025-11-21T00:50:37Z,0,0,Other
Ugyd_rGxrngI5jKBCsh4AaABAg,@AlanTheBeast100,"Viewership + tickets for the rich.
Poverty escape for the poor who survive.",2025-11-21T00:50:22Z,0,0,en
UgxZALUPUc-4J3qsDHl4AaABAg,@silvers983,"Anecdotes have limited usefulness obviously, but I can say for a fact that I was at least mildly concussed WAY more often than I ever wanted to let on when I played Texas HS football. I wasn't a good player, never even played varsity level, and I was getting many of the symptoms I was being asked about by athletic trainers. I just lied. This is a huge component that I think people underestimate. There are severe concussions that you can't hide, but mild concussion symptoms are almost entirely dependent on self reporting. You can't tell that someone has a headache, that the classroom lights are too bright and painful sometimes, or that someone's brain feels a little foggier than usual. Not unless they tell you. In football culture, at least in Texas HS football culture, reporting these symptoms was made out to be a big sin. You were letting your teammates down. You just wanted to get out of practice or hard work. You were just weak. So of course, as a testosterone fueled 16 year old boy, you'd sooner die on the field before admitting those symptoms. More than 10 years removed, with social capital no longer on the line, I can definitively say that my cognitive ability before football vs after were vastly different, and my mental health overall was markedly worse. I played for a total of 4 years. I can't imagine the damage the players that play for decades at much, much higher levels than I ever did have accumulated.",2025-11-21T00:49:50Z,0,0,en
Ugz1Vvb_jGpHUPo55HN4AaABAg,@Wheezs,Football bad,2025-11-21T00:48:02Z,0,0,en
UgwizHBIxPdbSFB-9up4AaABAg,@jaha1313x9x,"I played O line at a high level and bounced around the NFL for a few seasons but never made a gameday roster. I am now 37 father of 3.

I never had a concussion but the small hits add up and I can remember laying in bed after games with a pounding headache. In retrospect I am glad I didn't have a long NFL career because of the toll on my brain and body. I want to be healthy and present for my kids. 

All that said, I absolutely love the game and everything about it. The contact, the aggression, teamwork, training, all the nuance and skill to each position. Getting a knockdown block, winning a game is intoxicating.
This is such a difficult subject and I actually think the league is doing a pretty good job trying to protect players but still keep the essence of the game.  
There aren't many places left in society where men can go to their primal, warrior instincts. Despite all the risks I do miss it everyday.",2025-11-21T00:45:55Z,2,2,en
Ugzvb_pkMImO9melQgt4AaABAg,@moose5.9,Played 6 years of football and I can tell you my coaches got MAD when I told them I wasn't playing the week after getting my bell rung. Never got a full diagnosis but im certain I had a concussion,2025-11-21T00:43:08Z,0,2,en
UgyycXBfbS4OldYaCnh4AaABAg,@lagautmd,"Truly excellent summary of this mess of a problem. It will not be banned any more than boxing or MMA has been banned (some states have bans on them, but the point stands). I have very uneasy feelings watching football now, though I was raised attending games regularly. I'm only watching college football this year because my college is doing surprisingly well. It feels 'icky'.",2025-11-21T00:37:14Z,7,0,en
UgyImqaxlEB7clVspGh4AaABAg,@rclsa1982,"Who would have guessed, right?",2025-11-21T00:36:46Z,0,0,en
UgxXNC8XMACVvg6ZtMt4AaABAg,@JimTheFly,"If anyone wants to learn more about the stories behind this, such as the things Mike Webster would go through on a regular basis, I recommend checking out the book ""League of Denial"" by Mark Fainaru-Wada and Steve Fainaru.",2025-11-21T00:35:21Z,0,0,en
UgzydNUN1X4j9RUUkv54AaABAg,@keanekleiber,If the NFL cared about player safety they would require real grass in fields. Such a minor expense in the grand scheme of things,2025-11-21T00:32:28Z,13,3,en
UgwtKhKWLOYaonwAeIt4AaABAg,@w98forever,When did mls leagues start being separated for these statistics?,2025-11-21T00:31:48Z,1,0,en
UgxsTdubqNo28qjsAcx4AaABAg,@Rkcuddles,"Can we please get a feature in nebula to hide certain creators? 

that TLDR news team somehow has 12 channels and are constantly uploading depressing videos and I just don’t want to scroll past the many many videos they have to get to other creators.",2025-11-21T00:30:26Z,0,0,en
UgxP1XufUX7k0MsCRK54AaABAg,@KNRS927,"The problem with football is the simple nature of the sport makes it highly conducive to concussions for people. I mean, the force a player is dealing with when their tackled or making contact with someone else is probably equivalent to the force of 100 car collisions, and that’s just from 1 play perhaps. 

When you create and worship a sport where it’s a bunch oversized refrigerators trying to kill each other, it’s going to have concussion risk. You can do everything to try and make it safer, but the simple nature of the sport will always make it destructive for a player’s health. But we pay millions to watch that and don’t care about the health risks. I mean if we did, the sport wouldn’t exist.",2025-11-21T00:27:53Z,0,0,en
UgxWRc_SUcDmXeQcHNt4AaABAg,@Ravensfan-Isaac,1:50 maybe because hockey players aren’t wimps,2025-11-21T00:26:02Z,0,0,en
UgxzuSwFG_cMSZDkedV4AaABAg,@ArgenteaFormosa,"Jesse Enkamp did a great video on this where in the context of combat sports, full force sparring should be relegated to something infrequent and instead seeing it as play fighting actually helps develop yourself better mentally. Regular, heavy sparring like in the old days do work but it comes at a huge price of body/brain damage and puts you in a tunnel vision of winning at all costs rather than exploring/working on your techniques.",2025-11-21T00:25:08Z,0,0,en
UgzzBfeKvAH7L6rwaqV4AaABAg,@CinemaDemocratica,"For many, many, many years, I shamelessly loved YouTube right out loud and right up in the face of my closest, smartest friends, who universally recoiled in what I thought was a disingenuous grab for intellectual dominance. Then, a few weeks ago, Sam Denby -- the man whose entire brand was built around loving planes, airports (except Newark), routes, airlines, dispatching, yada yada yada -- said that the CAB was a precursor to the FAA. It was a scales-falling-from-the-eyes moment for me and a self-embarrassment by Denby so humiliating and so unrecoverable that it beggars belief to see him persist in embarrassing himself by continuing to make videos. He will never, ever, ever, ever, EVER have one, faint, WHIFF of factual credibility, ever again. The classy thing to do would be to stop. Immediately. Delete the channel, fire the staff, sell the stuff and go to work like the rest of us. I'm quite certain it won't happen, but I'm equally certain that I will never stop making this comment in every single one of his videos from now on. Mr Denby, sir, you owe me about seven solid best friends' worth of the respect that I burnt foolishly defending you at cocktail parties. And I shall never, ever, ever forgive you for it.",2025-11-21T00:20:42Z,0,0,en
UgxL3Q3FOZaG0BTW6Lp4AaABAg,@An_so_it_goes,Why is it that flag style looks like more fun over all. More skill than trying be a wall,2025-11-21T00:20:16Z,0,0,en
UgyEnvvhKuTD7qUq4W94AaABAg,@f.c.6441,I really don't understand why it is a surprise that America is the number one country in mass shootings when literally the most popular forms of mass entertainment in this country are directly linked to the trivialization and glorification of violence as a means of success.,2025-11-21T00:19:07Z,1,1,en
UgyyBMl1F6NmL7A5ZcB4AaABAg,@8ALBENDEA8,Rugby has the same problem but there the institutions in charge are even more dismissive of the issue and some federations of major rugby nations like new Zealand don't even acknowledge the link between playing the sport and cte,2025-11-21T00:18:10Z,0,2,en
UgxkaX6ikVcnqxdXXvF4AaABAg,@DevinZA,Maybe just...tackle a bit more like rugby...,2025-11-21T00:17:27Z,0,0,Other
UgwQZpnsQWsuJgYT2rp4AaABAg,@robertfunk2189,"I like Wendover, but they completely misrepresented the NFL with the statement in the first ten seconds in this video. I don't know of anyone watching the NFL for the purpose of destruction of the players brains.",2025-11-21T00:15:00Z,2,0,en
UgwAG1M6u2hDQz-PuV14AaABAg,@MatthewAtkinson,Very simple solution: get rid of the pads.,2025-11-21T00:13:19Z,1,2,en
UgxjV2OtjwKohicVMGB4AaABAg,@Xtittanium,"My dad was a Navy Seal in French Spécial Forces (Commando Hubert CTLO) during 30 years, he had dozens of concussion at work.
Now he as the most aggressive form of Alzeimer at the age of 60 😢",2025-11-21T00:10:46Z,17,1,en
UgzB5OSmXcUbOz2jDCh4AaABAg,@yahozak,Is there any medical research into how there might be something similar for rugby?,2025-11-20T23:57:54Z,0,0,en
UgyoYSHNFh919GJo9Jh4AaABAg,@peterdcrowley,Im from Europe so my solution is they should play rugby instead. 😂,2025-11-20T23:57:42Z,0,0,en
UgwtBNeYP59Z8K-7KBl4AaABAg,@Teddy-mj9wd,FOOTBALL KILLS,2025-11-20T23:55:06Z,1,0,Other
UgzTxHNKpjrKBoYMjV54AaABAg,@MusicaX79,Maybe IDK don't lecture your audience on things not football related on the football show...,2025-11-20T23:54:01Z,0,0,en
Ugz9nNuSPcIaGiEGGOd4AaABAg,@Amm17ar,"In the NHL, contact is part of the game. In the NFL, contact is the game.",2025-11-20T23:48:44Z,602,19,en
UgyS71ez9inonVW3RzJ4AaABAg,@scleroplex,Thank You!,2025-11-20T23:45:52Z,0,0,en
UgwSs1QW6AspEepqCnJ4AaABAg,@toasted7135,"You forgot to mention that certain football positions can go through games without getting hit. For example, a kicker, punter, wide receiver, or safety can sometimes go through an entire game without being hit.",2025-11-20T23:44:50Z,1,2,en
UgwwickQX907ClZZK1V4AaABAg,@MrLuyez,"WWE man murders his entire family over a weekend  and nobody cares 

NFL dudes running a field with a gun everybody loses their minds",2025-11-20T23:43:00Z,0,0,en
UgyL6GYE3C4YekmIJ6F4AaABAg,@thecoolcat1610,0:55 you should specify for the American audience because that number is beaten five times in European football,2025-11-20T23:41:42Z,17,5,en
UgyY2xQbteCGbLaEfid4AaABAg,@dantearaujo9703,"Well, guess it was better just to try to play real football instead of inventing an sport only you guys play to say ""im the best in the world"" 😅",2025-11-20T23:41:26Z,1,0,en
UgwkMuiUnZA1iVyGvud4AaABAg,@MrLuyez,"Next video:

WWE's Concussion Crisis",2025-11-20T23:38:13Z,1,1,en
UgwPS0hLDEF3blFE0Mp4AaABAg,@MA_KA_PA_TIE,"Football = NFL
Soccer = Fifa

Nobody calls any sport ""american football""",2025-11-20T23:32:25Z,1,0,en
UgzajDrw87sv8YN-CKx4AaABAg,@Arthur3148,"Here in Europe, rugby faced a similar concussion problem. Drastic changes were implemented. Now in pro games there is an independent doctor who can ask for a player to go off field, be replaced, and pass a concussion protocol to determine if he's fit to go back to play. And players wear a connected mouth guard which measures the power of head impacts they take and can also trigger a concussion protocol. If a player has too many concussions, he also can be prohibited to play for a given time. And the rules have changed, with harsher penalties against players who make tackles which can endanger the tackled player (making him fall on his head, neck or shoulders, head to head or shoulder to head contact, uncontrolled/dangerous tackles, etc). 

Then, in its spirit, American football is different because it allows almost every type of tackling and you can tackle almost any player at any time (in rugby you only can tackle the player with the ball and you have to grab them under the waist). And the fact they wear heavy protection gear like big helmets and body armour might also give the players a false sense of safety and induce more dangerous tackles. So regulating the tackling might alter the spirit of the game, but I think they should implement the concussion protocols.",2025-11-20T23:30:18Z,14,3,en
UgxOghj4dhRqw9v51Xx4AaABAg,@hardcoreedwa2,surprised you didnt talk about rugby at all as this doesnt seem to be an issue there.,2025-11-20T23:27:38Z,0,0,en
UgwHH_7nEAyUdpWTzBd4AaABAg,@ahgjoidjhagpg,when I hit the thumbs up an animation of a football happened,2025-11-20T23:26:25Z,0,0,en
Ugz3DpB1Rh6AzV6tqRB4AaABAg,@mikeybhoutex,"I must admit, I am somewhat surprised that Junior Seau* (and I'm sure some others, but definitely him) is not mentioned as a rather large influence/factor/catalyst for the NFL on this.  They were definitely under pressure about it, but then the shocking news of his taking himself from this mortal coil, and how and why he did it... seems to me that this was the final turning point to the whole thing.

He wasn't the only one, no.  But he was probably the most famous and recent player one, loved by nearly all, and the NFL could no longer drag their feet because of it, seems like.  Things started rolling pretty much right after this event, the NFL started to settle and make moves to improve this problem of the game.  They've done better.  I can't say they've done the best possible, there's probably more to do, but certainly I feel Junior's situation shoved everyone into the right gears.

/* - Ow.  
//It's tradition in our house, even to this day, no matter what, and for always.",2025-11-20T23:23:43Z,0,0,en
UgyDzG1Fhp6W_MaGE014AaABAg,@radhrion_1199,"Curious about how American Football compares to Rugby, where players don't use helmets. But afaik CTE is not a big issue for rugby players",2025-11-20T23:22:54Z,0,0,en
UgwEtkTAi6mt9_HracB4AaABAg,@UncleChester,Everyone seems to forget that these athletes that are suffering from these concussions are not the smartest of the class to begin with.,2025-11-20T23:22:50Z,0,0,en
UgyJN2rIgm45_M6sIux4AaABAg,@mintman325,I just  hate contact sports. I can’t derive any pleasure or see any entertainment value in men colliding with each other.,2025-11-20T23:15:43Z,0,0,en
UgytGYYnofNfMFhk6Q54AaABAg,@govols1995,"This is why if my kid wants to play football, he better want to be a punter/kicker because that's the only way I'm letting him on that field.",2025-11-20T23:10:19Z,4,9,en
UgwJqsUugFRYBNb8fX94AaABAg,@pederpbsds,uniquely american,2025-11-20T23:06:05Z,0,0,Other
UgzKeeDMvdu-cdzyWYF4AaABAg,@MrPrussianjester,"As someone who has had quite a few knocks to the head, I can say it affects a person's whole life. You almost FEEL dumber because of it.",2025-11-20T22:59:40Z,0,0,en
UgxfVv9rI3BzbytIdDh4AaABAg,@buttersPbutters,"Concussion and injury rates on kickoffs are way up in 2025 because of the 35-yard touchback rule. Turns out, pretty much any kickoff rules that result in 75% touchbacks are going to be safer than rules that results in 25% touchbacks. Touchbacks might be the safest play in football. But they're boring. Twisting that touchback knob from 30 to 35 is an extreme example of the NFL's risk vs. entertainment dilemma.",2025-11-20T22:58:49Z,0,1,en
UgxRbUF369nDN_BsNrx4AaABAg,@Jakey4000,"My flatmate is onto her third or fourth concussion now and I keep trying to gently guide her to working on a plan to try and prevent further concussions. She was off work for a couple of weeks to recover from one,",2025-11-20T22:58:41Z,0,0,en
Ugwyz4jymRffFwdEa3V4AaABAg,@EHatake87,I’m curious about Antonio Brown’s Brain,2025-11-20T22:54:58Z,0,0,en
UgymFGM_CJ-sHI_DuAZ4AaABAg,@austron1077,"I played football from when I was a little kid all the way through high school. I got my ‘bell rung’ many times and had a few diagnosed concussions. I have no doubt suffered as a result of this and if I ever have children, they will not be playing football.",2025-11-20T22:54:02Z,3,0,en
UgzOz0uitsTwmUAo_HB4AaABAg,@skyden24195,"So, apparently, there is a popular and legitimate concern of the dangers of head/brain trauma that can occur to the players of contact, American-football. A sport that is played fewer times and under more control than when fans drive around to watch games, buy merchandise, or do things that are not even American-football, sports related. 
Safety concerns are not unwarranted, however, to push more and more for the complete abandonment of full-contact forms of the sport is extremely biased and perhaps even, in some respects, hypocritical, as the sport is comparatively limited as to who is at risk of traumatic injury and when they are at risk when compared to motor-vehicle drivers across the country; and not just the motor-vehicle drivers, but also passengers and even pedestrians.
I'd speculate that much of the criticism and push for abandonment comes more from people who are just not fans of (American) football, or even sports in general, and are leaning on the safety concerns as a means to eliminate something they don't like even though others do. An all too commonplace scenario in society. There are people in the world who believe in live and let live, then there are people who believe that all should live as they do. There is a detrimental paradox which results from this reality.",2025-11-20T22:51:57Z,0,0,en
Ugx5Gd1bWDwXSUZrgjB4AaABAg,@latrofu,CTE is part of football and all mitigation tactics to prevent is ruining the game.,2025-11-20T22:49:40Z,0,0,en
Ugz9u3rXuDsRmGTU2BB4AaABAg,@Raptorsified,"As a basketball and Soccer enjoyer I have had my share of complaining about the removal of contact from our games. I have always thought though that football was something else, we still played it in the backyard though",2025-11-20T22:45:17Z,0,1,en
Ugwzk_tdyHzH4W-PYml4AaABAg,@RobotImpurity,I often wonder if part of the tense societal problems the US has right now is due to so many men playing football from youth programs onward and have CTE.,2025-11-20T22:44:32Z,0,0,en
UgygYJfezyp3xIPnl8t4AaABAg,@michaelraphael2160,"With the two-deep safety defenses, the NFL has become unwatchable",2025-11-20T22:41:40Z,0,0,en
UgwWNZEU2Dq2hlhReHN4AaABAg,@johnshoemakerpbc,"We know this sport destroys people’s lives because of CTE. That is a consequence of the repeated concussions. As such, we are allowing young boys in elementary school to get started in this process. It’s so important to try and keep our young people from playing full contact football.",2025-11-20T22:41:17Z,1,2,en
UgzWQtKoZ7-FVqPgmQZ4AaABAg,@Rastebb,"Cant thank my parents enough for pulling me out of hs football after my first football concussion, third overall.",2025-11-20T22:40:33Z,0,0,en
Ugy91AhYHbvL0X1V3Ed4AaABAg,@twistedmovies8782,They are paid plenty for the entertainment,2025-11-20T22:39:40Z,0,1,en
UgxRKgGLjRW1Yfi3gWN4AaABAg,@LightPink,"Could you guys change your work flow to have a more complete reference list? Stuff like sports revenue should have a source and some articles shown in the video aren't linked in the reference list.
I know most don't care but I think it's getting more and more important with the rise of people using ai for ""research.""",2025-11-20T22:35:03Z,7,0,en
Ugzo6Y2CNm47US_VBCF4AaABAg,@0Defensor0,"When you say ""NFL is the largest sports league of the world"" do you mean it by it being larger than FIFA, or you call ""world"" the connected 48 states of the US?",2025-11-20T22:30:40Z,0,1,en
UgzwCq_3xq5ZjmdMI2Z4AaABAg,@jer103,"I'm surprised the video didn't bring up that the NFL has a concussion tent, now in 2025. That they test players specifically for concussions during the games, if they take a hard hit.",2025-11-20T22:30:19Z,4,1,en
UgxfXaJ2Gl-I8bUTtAd4AaABAg,@InfinteIdeas,What many of the people who watch these videos on a regular basis seem to forget is that people are allowed to take risks in their own life for things that they find fulfilling and there's no amount of scientific research that will deny people the right and the ability to do that.,2025-11-20T22:27:51Z,0,0,en
UgyaQkQcLCysWOPor5Z4AaABAg,@largefatherbassmusic,18:40 hunger games type sh-,2025-11-20T22:17:42Z,9,0,en
UgzfEPksstwNtNInleV4AaABAg,@tucker3601,"In Australia, rugby (NRL, and sort of AFL?) is very popular, but no headgear is worn. I love to watch but always cringe at some of the massive tackles these guys take",2025-11-20T22:11:48Z,0,0,en
UgzTb0XQRf0fc13_LDN4AaABAg,@2rjk,"Just need to switch to Spaceballs helmets with 10 inches of foam on all sides, that will solve the problem!",2025-11-20T22:11:32Z,0,0,en
UgwKe4qxR6ZoMIKfGbJ4AaABAg,@jamvan1000,"If I have a kid, there is no way in hell he's playing football. It's sad that the sport is so inherently dangerous for your long term health, because it is THE American sport and a large part of the national identity",2025-11-20T22:09:14Z,2,2,en
UgxtgddR9wOI0cw3rit4AaABAg,@minhaexistencianaotemsenti7132,Thankfully I only play real football,2025-11-20T22:04:02Z,0,0,en
UgxhAsBeLB1nJioQZa94AaABAg,@JoeMercersWay,"Want the money, want the fame, want the glory.

That's the price.",2025-11-20T22:03:12Z,1,2,en
Ugy2AcyKNJKKnVg9GGl4AaABAg,@victor_quorn,"check rugby, there are no brain injuries there, only dodgy ears.",2025-11-20T21:58:17Z,0,1,en
UgyRYG1EuqdDfYIwka54AaABAg,@thewhitewolf58,To be honest im not even a football fan but flag football seems like a wimpy april 1st joke but then a game.,2025-11-20T21:55:25Z,0,0,en
UgyXbE0ym0Da06xZTPd4AaABAg,@TheLugiProductions,"10:55 kind of misleading not to set the axis at 0, especially given how small the text is.",2025-11-20T21:55:14Z,6,2,en
UgzSKSQ8loZrDCovP9V4AaABAg,@JackGladstoneHolroyde,In Britain we have rugby. We manage to tackle without head trauma. They don’t wear helmets and don’t suffer trauma,2025-11-20T21:53:07Z,3,1,en
UgzlTiTOHDtWypmt5MZ4AaABAg,@jsaysyay,"it's the way i never liked any sports at any point, and by this point, having watched the documentary on CTE in school when i was younger, it really does feel like i'm surrounded by crazy people like what do you mean millions of people encourage this and want to cause permanent damage?!?!???  like what's apparently my most controversial opinion is that no sport should have bashing as a major aspect, not in football, not fighting in hockey, none of it. like what ever happened to skill",2025-11-20T21:49:16Z,3,1,en
UgxC0M8v_FFV3qxQ8il4AaABAg,@lacanm1554,now talk about formula 1 and its blunt force trauma. Oh wait that doesnt fit sams agenda lmao,2025-11-20T21:48:36Z,0,1,en
UgxRpzJLW6gi-gwXXjV4AaABAg,@The_Flamekeepers,"On the 10yr anniversary of the movie, Concussion, I would say that the NFL has done a lot to help player safety in this area after dragging their feeet for decades.",2025-11-20T21:45:31Z,0,0,en
Ugxu5bxMBVdpPj5rZ7l4AaABAg,@Graghma,"The guy who shot up the NYC NFL offices didn't get the right office... they 'accidentally' went to the only other business on that level, Blackrock 🤔",2025-11-20T21:43:56Z,0,0,en
UgyVHvNPrESfKybJsEt4AaABAg,@driftwood42,"Im a life long hockey player in a no hitting league, most of the guys I play with who also watch hockey love the violent nature of it. Its such a shame because the sport underneath the violence is incredible. Its super skill based and its just a shame that there is this focus on being tough when being skilled is so much more fun to watch.",2025-11-20T21:39:53Z,0,0,en
UgyX2DgWIEQWEs9FxjR4AaABAg,@zg-it,"It's a game that represents the Modern Warfare state of nation states. There's territory to defend. The world is ruled by violence, it's no surprise that this game is so popular.",2025-11-20T21:39:13Z,0,0,en
Ugxst6QPYHyAvlhtFrl4AaABAg,@caleb9197,"Even calling it the ""concussion crisis"" is sort of burying the lede in the NFL's favor. The charade of concussion protocol makes it out to be something about the rare, big hits, when the truth -- that any player even evaluated has certainly just accrued damage regardless -- is far worse.",2025-11-20T21:39:11Z,0,0,en
UgxTjG6gwVuqwB-yyWJ4AaABAg,@matzkaYT,Young football players should meet retired professional football players in person and see how they prosper. And to compare - retired basketball players.,2025-11-20T21:37:25Z,0,0,en
UgxXAiTyXMbIJ4Owuah4AaABAg,@g0ast,"Original working title for this video: ""The logistics of two heads hitting each other""",2025-11-20T21:37:17Z,934,6,en
UgzD2Pn1DT2HCh4oWKp4AaABAg,@mor4652,"""Future world will not accept"" ""psychological torment"" uh-huh so....this woke argument is that football should be outlawed to protect people from themselves 🙄",2025-11-20T21:36:35Z,0,0,en
UgzpvF0mXgGlSh2WcfF4AaABAg,@Mannymode,"Professional American football players are modern day gladiators, while the stadiums are modern day colosseums.",2025-11-20T21:36:31Z,10,5,en
UgwvI7xZlvoJoVBH-qZ4AaABAg,@jab1289,"Football has been called out for safety for years. Back in 1978, Sports Illustrated did a three-part series on the brutality in football. In Part 1, they talked about the hard shell helmet, and the dangers of leading with the head (Dr. Cooper from Oklahoma St. called the Hard Shell helmet the most evil tool on earth).",2025-11-20T21:35:08Z,36,1,en
Ugw-oCgLHrbLuVI6ZHp4AaABAg,@Apollosfather,"It is simply negligent parenting to allow children to play this Neanderthal sport. It is negligence on the schools to sponsor it. Tackle football shouldn't be allowed for minors. Schools should be sued for sponsoring it. There are plenty of recreational activities that don't glorify the destruction of brains and bodies. 

I saw the data. The numbers are alarming. I am so glad my mom said no when the HS coaches were begging me to play. My kids will never play football or soccer or hockey. Look at the data. Steer your kids to safer pursuits like rock climbing, skateboarding, power lifting, basketball, skiing/snowboarding, lacrosse, baseball, track,  wrestling, cross country, dance etc. 

Follow the data.",2025-11-20T21:32:24Z,0,5,en
UgzsQk8kG1loeh7jl_Z4AaABAg,@brentdaloney6292,"Even before Slappy made his movie in 2015, there was a documentary called ""Head Games"" from 2012 that went into great details about concussions in football, hockey, cheerleading (and more i believe).  Way better than Concussion.",2025-11-20T21:26:52Z,0,0,en
UgyBd6WIlfnEvMe9ybR4AaABAg,@jaybeans981,Anyone who likes tackle football should experience it themselves and see if that changes their tune,2025-11-20T21:25:16Z,0,0,en
Ugyt3WJs80osAXul9sh4AaABAg,@TheMidnightHighway,"I love football but CTE is a terrifying thing. I hope they find a solution. I personally believe no one should be playing tackle football before the 8th grade. Tackle football before that age offers not real edge anyway.

NFL and college regular seasons should not be more than 12 games either. Limit games and maybe have snap limits per game for at risk positions like offensive lineman. Maybe even a first and second half offensive line units. Maybe handoff limits for Running backs. I know that sounds soft and I love the contact of the sport but we need to protect these young men and it would also add another level of strategy to the game",2025-11-20T21:24:28Z,0,0,en
UgykPGXX1QHvK9oIwVh4AaABAg,@Eric-dr5bj,I believe most the fans don't care about the health of the players. Many believe they are payed so well as it takes these injuries into account.,2025-11-20T21:21:36Z,1,2,en
UgxveUWFi3eWET71aAV4AaABAg,@UpcycleShoesKai,"Pee wee, elementary, high school, college.   Thats a lot of hits befire they started counting cte if the player gets in tge nfl",2025-11-20T21:21:20Z,2,0,en
UgxTake38GvwKJe2QZ54AaABAg,@chaseweeks2708,"I've lived in multiple areas with large populations of avid football fans where I've been repeatedly told that there's no way I can live there without becoming a fan. Many years later, I still have no interest in watching it. I don't even really understand why others do, nor why they insist on using the royal ""we"" when referring to things their favorite team did or might do. Same goes for hockey, soccer, baseball, e-sports, most motor sports, professional gambling, and even Reality TV, now that I think about it. I do enjoy watching WRC from time to time, though.",2025-11-20T21:20:39Z,0,0,en
UgwJZMZWJt1phpJOO9h4AaABAg,@Fxlcon77,awesome video,2025-11-20T21:19:05Z,0,0,Other
Ugywoiscfhs48tt75YF4AaABAg,@tod2450,"Concussions from gymnastics go crazy too. It's a small sample size, but I played football in high school and never once received a concussion, but my sister was in gymnastics and got 2 separate high grade concussions. Football gets the most attention because it is the highest profile sport with a high concussion rate. Guardian caps can help reduce the impact, and safe heads up playstyle can reduce the intensity.  It is extremely important for younger players to play safely and learn how to tackle and block correctly. Football won't stop, but it can be improved and made safer.",2025-11-20T21:17:43Z,30,6,en
UgwhpAZb8Kr7zCTaTXt4AaABAg,@RediOfDeath,My dad was part of a team of radiologists that worked with the lions in the early 2000s to look into concussions,2025-11-20T21:17:09Z,2,0,en
UgxgRzhmFCKKaeqx5K14AaABAg,@lusifyy,You won't ban football. Especially in Texas. It's a risk that most boys and men understand when they play the sport.,2025-11-20T21:16:51Z,2,0,en
UgzaXshwWFbsinc5vU54AaABAg,@somethingfunny6867,NFL is rough. rugby is so much better.,2025-11-20T21:15:52Z,0,0,en
Ugy11z1Mx0pqBgZAD7B4AaABAg,@benpc1794,1:06 my fat ass thought they were cookies!,2025-11-20T21:11:45Z,0,0,en
UgzcbNgC7AIw0-vfGId4AaABAg,@techguypaul,"While I agree with making the game safer, the new kickoff rules are still dumb.",2025-11-20T21:11:27Z,1,0,en
UgwKmY7c7ZvbCKAqItF4AaABAg,@Ellivation,"For YEARS, I thought this was a channel about airplanes!",2025-11-20T21:10:55Z,9,1,en
UgyhynCPM8mud8RenxV4AaABAg,@kentuckyfriedsloth1,What’s more concerning is the hits high school and college players take on a daily basis especially since they don’t have the high quality helmets that the nfl has.,2025-11-20T21:10:32Z,1,4,en
UgxkuAWJ5_c39wJSmk14AaABAg,@vugl,"Where planes?
Ps: otherwise, with a multiple  concussions from childhood worth noting, gj",2025-11-20T21:10:29Z,0,0,en
Ugz9CUnBjUD_JwJQJlN4AaABAg,@Makeybussines,Can you release a version without the annoying background music?,2025-11-20T21:10:28Z,0,0,en
Ugw1BlID-zMizcFpucd4AaABAg,@Romanjelly,What an apt but devastating first sentence.,2025-11-20T21:07:51Z,0,0,en
UgydkJpfqC5GxgvkvLZ4AaABAg,@bobjohnson3940,"In the world of sports, it is these risks and the increased entropy put onto oneself that makes it what it is. Like the coliseum but with balls that are thrown to each other and into things we play with probability and the skill is in bending odds in your favor over and over. For the players and fans the damage and risk if injury is part of the package everyone understands. It's good to make it as safe as possible and I've seen more steps toward that, but in the end it is the risk and playing with probability via your talent with your team in games where you never truly know what will happen, where each one is different will be something we will never not want and will never go so far as to violate certain elements that make is so safe there's no risk. Risk is literally part of the game. You gain size and ability to favor you. Especially in football.",2025-11-20T21:06:58Z,0,0,en
UgzU0jhUQ96D-YAZ1p54AaABAg,@rogerstone3068,"And if NFL is going to be considered too dangerous for causing brain damage, how about the sports where people repeatedly punch each other in the head, or punch and kick each other in the head, until one of them is unable to get back to his feet within 10 seconds?",2025-11-20T21:04:36Z,1,1,en
UgynUx8seC1R4bfAMiJ4AaABAg,@ctusiard9755,Tua CTvailova,2025-11-20T21:04:09Z,0,0,Other
Ugy2gslKEvRsToQRn0t4AaABAg,@Drunken_Master,The NFL perfectly emboidies the sheer stupidity of American society,2025-11-20T21:03:31Z,5,3,en
UgyrsUIrhExfoqe6kqB4AaABAg,@Matiz92YT,"FOOTball, where you barely use your feet. Only Americans could have come up with that. 😆😆😆",2025-11-20T21:02:33Z,1,0,en
Ugzwtt9FldqbOxsefcZ4AaABAg,@ahmethakancoskun899,Meanwhile the rest of the world is laughing,2025-11-20T21:02:01Z,4,3,en
Ugx9x86azpG29xBfH3h4AaABAg,@TheLIMREPORT,This message was definitely not sanctioned by the NFL.,2025-11-20T21:01:31Z,0,0,en
UgwfzsEEja5NDWuspO94AaABAg,@nikograndas,Think that MMA athletes dont even get paid well for the same consequences as NFL athletes,2025-11-20T21:01:18Z,92,4,en
UgxpXJHKCrLBvPR_hiF4AaABAg,@JosephSivits,"Idk I think detection of CTE is going to keep getting better and kids and parents can decide to stop playing, these lineman from HS aren't braindead from 8 years of playing football, it's not so serious",2025-11-20T20:59:41Z,0,0,en
UgwsdKChJZHRvv1ZHEJ4AaABAg,@Harry_Gersack,"I didn't even make it one minute into the video before I went down a broadcasting numbers rabbit hole.

Really needed to know which broadcasts had the most views globally.
Whatever you guessed, it probably wasn't it.

The top 3 most viewed broadasts of all time were all funerals 😂😂
#1 Queen Elizabeth, 4.1 billion
#2 Micheal Jackson, 2.5 billion
#3 Princess Diana, 2 billion

Absolute baffled me that 4.1 billion people watched the queens funeral, that's half of the worlds population wtf 😂",2025-11-20T20:58:17Z,46,6,en
Ugyk1aPJVkuOPfWXivx4AaABAg,@JakeSnake1948,Props to the editors for the effects in the first minute!,2025-11-20T20:56:22Z,0,0,en
UgwdZv3bdP5_qNKXsbR4AaABAg,@Hendricus56,"I feel like the NFL, teams etc could be easily incentivised towards the fast track of making real changes by giving them financial penalties for, in the case of teams, each concussion that an opposing player receives per game. So that teams that adjust their tactics for example have a way higher amount of financial net gain than those who don't.
Similarly this would include a major financial penalty for each concussion during an NFL game (on a governmental level), no matter where they are played, that would result in the NFL going full in on rule changes etc to avoid going bankrupt.

Would this mean the NFL would either go bankrupt and/or people wouldn't continue attending/watching the games? Maybe, but as someone who doesn't see the value in watching a sport that could easily be a bunch of TikTok clips broken up by waiting and ads, that wouldn't be a loss. And maybe, people might then actually refer to football as football in the US, rather than as soccer",2025-11-20T20:56:15Z,1,17,en
Ugy2_0KWXLh8c2nBUgV4AaABAg,@racistdoctor5818,"I hate the fact that they kept changing the rules for contact in minor hockey. They kept moving it up so you'd have to be older and older, then they made it so you have to make the rep team to have contact. Which is dumb as fuck, I always wanted to play contact. If you are so soft you can't handle a body check, go play baseball, soccer, or some other sport. Don't ruin what makes sports fun just because you are a bitch.",2025-11-20T20:56:08Z,2,0,en
Ugw0JTMA7HSpLUMB5Ox4AaABAg,@ramzikawa734,Someone needs to put research into making the flag belt look cooler,2025-11-20T20:55:00Z,1,0,en
UgypTM4EGAJTO8jkomZ4AaABAg,@martinsutherland5502,Remember that force = mass x acceleration. The size of the average player lining up in the middle has increased tremendously over the last few decades.,2025-11-20T20:52:31Z,254,9,en
UgyRpQsPcWVsphdsCGZ4AaABAg,@RussellBeattie,"There is no reason why every helmet doesn't have an electronic impact measure that can tell who initiated unhealthy contact and immediately signal to referees who is at fault.

Additionally, other sports like Rugy and Australian rules football are able to operate without helmets. There is no reason why the rules of American football can't be altered to remove the need for them.",2025-11-20T20:51:30Z,1,2,en
Ugyrst506bbn7UPKXVJ4AaABAg,@JosephSivits,"We've probably got another 5-10 years left of dawgs coming up, you're going to see a lot less naturally athletic types in the NFL, but the skill sets being developed will continue to go up so it'll probably be okay for ~20 years, we might be in the prime for physicality and athletes in the NFL (honestly like 10 years ago was the peak)",2025-11-20T20:49:51Z,1,3,en
UgwpLwHPCxgzTe2dcpl4AaABAg,@brookscampbell56,They get paid all of that money because the game is dangerous. Quit nerfing the game,2025-11-20T20:48:19Z,1,2,en
UgxW9-FDaiBLoc_FlQd4AaABAg,@SayRay47,Guardian caps should be mandatory across all levels of football,2025-11-20T20:47:41Z,1,1,en
UgxojhChKr6XwXbLLCd4AaABAg,@EvanSmith0,TELL DA TROOF,2025-11-20T20:47:22Z,0,0,en
UgxfyQbLQF_qEUErz794AaABAg,@mikehawk5722,"Football isn't a contact sport, it's a collision sport",2025-11-20T20:44:09Z,2424,53,en
Ugxo3bS5KxOR-dFjUAl4AaABAg,@janponcyljusz3621,"Bunch of softies. During ōllamaliztli finals losing team was sacrificed to the gods. Today's football is boring, barely any deaths during the play.",2025-11-20T20:43:20Z,0,0,en
UgxArYXYT3Ku29Tcs694AaABAg,@nitehawk86,"Soon as I saw it zooming in on the Strip District, I said out loud ""Mike Webster""",2025-11-20T20:43:20Z,3,0,en
UgxmSLB9FKOMa9mqk6x4AaABAg,@tenacious_takakumi2680,Better go with good ’ol baseball,2025-11-20T20:42:34Z,0,1,en
UgwUBKyNM_NPs9yjOhR4AaABAg,@marvinochieng6295,why should we care about players who earn in one week what some americans earn in 5 years ? let them take care of their own brain issues,2025-11-20T20:41:50Z,2,0,en
UgyhVubUfZOTvqnF1pV4AaABAg,@_MC529,"I'm so happy American Football never really catched on in my country.
Apart from the risks and the excessive marketing - for me: it's plain boring and not tactically challenging.",2025-11-20T20:41:41Z,5,3,en
Ugz7eeAAYNc4F7CE41l4AaABAg,@DrPhobosAnomaly,"I'd like to point out that in the same paper that shows that NFL concussion rates are higher than in NHL, the CFL, which is the Canadian NFL counterpart, has a higher concussion rate in spite of having fewer teams.",2025-11-20T20:38:57Z,9,2,en
UgyTor8dJKRWJne4EcV4AaABAg,@ChristinaD1996,"Why are we, as a country, praising the athletes with the most frontal lobe damage???",2025-11-20T20:38:53Z,5,1,en
Ugzg9BcSpUxM-e_6JtJ4AaABAg,@danielshamlian2800,Thank you,2025-11-20T20:36:57Z,0,0,en
UgzadPK1R-CJic8Rnz94AaABAg,@carlwolf5923,Last 3 minutes giving me running man vibes,2025-11-20T20:36:53Z,0,0,Other
Ugy4xkvPpSw69C94xo94AaABAg,@lady_mash23clark34,I just want to see every chiefs fan to tie up Matt Nagy to the light pole in the parking lot. Leave him there in his skivvies. I'm tired of this man who we would be better trading off for a first round pick and an NFL teams HC's elementary school gym teacher.,2025-11-20T20:36:44Z,0,0,en
Ugxxozz5HWWE5kPQPVh4AaABAg,@bagel29,I’m from Pittsburgh and one of my former high school classmates’ dad was a former Steeler mentioned in the concussion movie who unfortunately took his own life. The movie never gained any mainstream traction but it was really well done,2025-11-20T20:36:16Z,259,4,en
Ugw1cJm7QOdjifJfppd4AaABAg,@CaseCraftPlus,"This is one of those topics that shows how strange the intersection of money, culture, and human cost can be. The NFL operates like a trillion-dollar brand machine — and the players are the engines that absorb all the damage.

The contrast between the league’s PR focus and the real medical consequences is honestly heartbreaking. And that personal story near the middle… that one stays with you.

Amazing storytelling as always. I break down business and industry cases on my own channel, and this video is one of the clearest examples of profit vs. human impact.",2025-11-20T20:35:41Z,1,0,en
UgzIMlRJi-hiC1B9x354AaABAg,@CalienteQuack,"I know this sounds obvious for those who’ve played football, but cte is primarily caused by the little impacts you take every play, that’s why linemen are the most at risk for CTE",2025-11-20T20:33:48Z,0,0,en
Ugwb6TUxG0BKnBPhTV14AaABAg,@alyssapowell1799,"The NHL players who have experienced the most significant brain injuries are those who were known as enforcers or regularly fought. Players take off their helmets and gloves when fighting, hitting each other in the head with their fists and can result in one of the players hitting their head against the ice. I was sitting next to the glass when a fight resulted in a player hitting their head on the ice and the ice being covered in blood. After all the cheering, the crowd was silent as the player was taken off the ice on a stretcher. This is what likely will doom fighting in hockey when there's enough proof that the risk is too much and no one wants to watch a player die. The risk is also likely causing NHL players to be less willing to want to fight.",2025-11-20T20:33:19Z,25,2,en
UgztrekG8YH4Wj-jtFl4AaABAg,@piedpiper1172,"Even just banning youth and college tackle football so that the nfl was the only full contact tier would do so much. It would take thousands of hits out of each player’s life.

And it would level the playing field for making to the nfl as no one would play contact prior.",2025-11-20T20:32:18Z,1,5,en
UgzSyvcnFlVJxdSaM4V4AaABAg,@antoniorafaeltoneperna6368,I just need josh allen to bring buffalo 4 straight super bowl wins,2025-11-20T20:31:15Z,0,0,en
UgyBhfiR78SrOn5d5MJ4AaABAg,@brycehawes38,Comparing football players to gladiators is a fucking joke. Everyone who gets to the d1 level now gets paid and the guys in the nfl are millionaires. Myself and so many others would drop everything to be the 53rd man on the roster,2025-11-20T20:30:07Z,4,0,en
Ugw52YoM92ffbZRe4l94AaABAg,@mettflow2648,"They could give them knifes for all I could care, FUCKING ENTERTAIN ME",2025-11-20T20:28:41Z,1,0,en
Ugz3GTLRjmYGskLjioh4AaABAg,@sovdee,"please stop showing graphs that are zoomed in on a specific range that doesn't include 0.
the youth football graph showed a decline from 1.1 mil to 1 mil, but it looked like a 50% drop compared to the actual 9% drop. 
I've noticed this on a lot of wendover videos and at the speeds the graphs are shown, it can be really misleading if you don't pause and look closely.",2025-11-20T20:28:02Z,13,2,en
UgxKnJISPGI1vTeFGDV4AaABAg,@YeraMcDonald2017,"There’s also been recent research into CTE in the military, not necessarily from combat injuries but, like this, from the accumulation of small shocks to the brain. People who run rocket launcher training at boot camp, for example, have really high rates of these problems. The New York Times had some great reporting on this a few years ago.",2025-11-20T20:26:54Z,377,10,en
UgyAUt_Pipbc3-SD4Mx4AaABAg,@samphelps856,Do Rugby League - no helmets. It changes how people play because they instinctively protect their head,2025-11-20T20:26:54Z,5,7,en
UgxlCi_JZ1Z1mvy3Ctx4AaABAg,@vinicius_teodoro,Womp womp,2025-11-20T20:26:06Z,0,0,Other
UgzwPlxEAcAM8rPX7ox4AaABAg,@jerbear7952,Rednecks will do anything to avoid watching real football ⚽,2025-11-20T20:26:03Z,0,1,en
UgwGypj5WS5RqQjRf2V4AaABAg,@CaptainMarvelsSon,People hit hard. You make a product to protect them and help it not cause so much damage. That gets translated into being able to hit harder.,2025-11-20T20:25:50Z,2,0,en
Ugx_AhVehKu6JNhmCPp4AaABAg,@romanmarcus14,Everyone knows the risks; people are willing to accept the risks.,2025-11-20T20:25:14Z,1,0,en
UgzJGwDHWNxupXSSKRR4AaABAg,@luciushilliard6352,Glad I watched this before the takedown notice by the NFL,2025-11-20T20:24:21Z,148,0,en
UgxTdq-3Y3GD7gs8bPR4AaABAg,@jacobyoung5407,I’ve yet to hear or see any research that the average person who is playing 4-6 years of tackle assuming middle and high school. Have any significant risk. I think more people should understand there’s a large difference between 15 years in nfl and 25 years of football total and 5 years,2025-11-20T20:22:21Z,0,0,en
UgyNlSAtBWrcRzrvhax4AaABAg,@Kefkaownsall,Would replacing college with minor league football help,2025-11-20T20:21:48Z,0,3,en
UgyHf9HTJMCQkMmWH9l4AaABAg,@green2424,how dare you doubt billionaires making money off millionaires health at the expense of the public's tax dollars and unquestioning loyalty,2025-11-20T20:17:20Z,2,0,en
Ugwa1T5c3N59HPVDeY14AaABAg,@Picksle,Next video: the NFL's China Problem,2025-11-20T20:16:55Z,0,0,en
UgzAQqpDg6Q3rglESox4AaABAg,@geophrie8272,You know its bad when some studies show combat sports are safer then football.,2025-11-20T20:16:39Z,4,1,en
Ugyy-srT17MSmC_uCMN4AaABAg,@dancohen3651,"""How much longer people will be comfortable with what they watch on their couch dictating how many young men get condemned to a life of psychological torment""

Answer: Far longer than you would think",2025-11-20T20:13:09Z,555,23,en
UgxI8l8JiGXF60cnP6N4AaABAg,@MichaelStaghorn,Trust a people who think all _THAT_ *gestures wildly all over the place* is democracy to call handegg football. /s,2025-11-20T20:13:07Z,1,0,en
UgylBPHWBaTLIhqbFWR4AaABAg,@brycehawes38,4:19 is that arch manning???,2025-11-20T20:12:16Z,0,0,en
UgyBQzc5sTZivEtN0Ox4AaABAg,@marioex497,Football fans are definitely aware of this too. Anytime a player acts or says something out of the ordinary it’s jokingly labeled as CTE. Most fans however just view this not as a bug but as a feature. I’m glad that more high level players are either retiring early or doing everything they can to prevent these injuries though,2025-11-20T20:10:41Z,2,1,en
UgwD_u-4rRsP7Zqhgjd4AaABAg,@keeperMLT,"Ten years ago, I started calling football ""Concussion Roulette"".",2025-11-20T20:08:26Z,1,0,en
Ugxvx5LZcxUB7UwyOYp4AaABAg,@bcubed72,"My favorite comment on the magnitude of the NFL was that they effectively ""outbid God for the rights to Sunday.""",2025-11-20T20:02:27Z,355,1,en
UgzIcZYu3Kd2fIwgrgh4AaABAg,@hs1296,It's not even football 😜,2025-11-20T19:57:30Z,1,0,en
UgzWco_V3Q7b5uphXx14AaABAg,@MisterMakerNL,Should call it flag footbal.vs brain damage footbal. Btw wirh soccer they have the same issue with head-balls.,2025-11-20T19:57:01Z,1,0,en
UgyZl5cV3ewF7Mq7JmB4AaABAg,@noone-qg1od,It's a stupid game,2025-11-20T19:55:30Z,0,0,en
Ugwe-qnIzoD10bgML454AaABAg,@jimsvideos7201,"Money talks and when it gets into billions, it has persuasive arguments.",2025-11-20T19:54:19Z,1,1,en
UgwqgO40AAlpzmPsWOZ4AaABAg,@HackSparrow8,I don't know the stats but rugby with no helmets. I believe has far less of this bc  people don't want to hit their heads without helmets.,2025-11-20T19:54:00Z,2,1,en
UgwMeld5LjTaUioATep4AaABAg,@towerofbabelfish,Trump doesn't care if people are hurt as long as he is enjoying himself.,2025-11-20T19:53:36Z,0,0,en
UgwV4_nRsOAFCkRPUaJ4AaABAg,@savagecabbage553,"Im American. I really dont enjoy football, just not my thing. But I did watch the Super Bowl. Just for Kendrick, then left. Just a grain of salt.",2025-11-20T19:52:21Z,0,0,en
UgzIhO6bSSqtpVzo92d4AaABAg,@spencerb4294,"You don’t need concussions to get CTE. Even if they could eliminate them, contact sports like football and hockey would still be dangerous, with the repeated blows to the head.",2025-11-20T19:52:12Z,32,4,en
Ugz-Lsl3qatmV2HVh5l4AaABAg,@jeko32,Just watch any NFL game and try and count how many hard hits linemen take.   Every one of those hits can cause damage.,2025-11-20T19:50:41Z,0,0,en
UgxL-Oa6Ht6i0Rf9BHt4AaABAg,@dylanzeman3966,"My grandpa, Bob Zeman, won 2 superbowls starting in the 60s (raiders and 49rs) and set all sorts of records. When he died a few years back, Boston University looked at his brain and found Alzheimers/CTE like abnormalities. Almost all his football buddies had similar issues. I witnessed in his last months all the things mentioned in this video. Sad really. But, humans love to be entertained! And he loved doing it more than anything else he'd ever done... so I don't really know how to feel.",2025-11-20T19:50:10Z,281,34,en
UgwSn_n5hq0RdSPE9FR4AaABAg,@Tiltitup90,What about boxing? MMA? Rugby?  Hockey? Ban them all? Ban all dangerous sports like climbing? Skiing?,2025-11-20T19:49:24Z,1,0,en
UgxqpoJdw1SEsoxHu2t4AaABAg,@myaltaccount1,It’s a reflection of American culture itself.,2025-11-20T19:48:54Z,2,0,en
UgyfU6O2vEqgqmzsA894AaABAg,@papatango2362,"I am strongly against this movement and rule changes. I like very hard hits (even involving the head), especially in college football which is what I watch most. The targeting rule (against helmet contact and leading with the head) is so ridiculous and frustrating as a fan. I love to see Caleb Downs (Ohio State player number 2) lay a massive hit against Dinkins (Penn State player number 16) and other massive hits like this*. Extremely entertaining to watch. Also, this is how it should be handled in all cases: 15 yard penalty for unnecessary roughness and move on, stop ejecting players.

*Google the clip of Caleb Downs no targeting.",2025-11-20T19:48:44Z,0,0,en
Ugzkl5_p_1BSPzckcOR4AaABAg,@myaltaccount1,People are turning en masse to the superior football ⚽️,2025-11-20T19:48:21Z,0,0,en
UgzzDpSE9VepOrfGk154AaABAg,@dXXPacmanXXb,Try playing football with your feet instead of heads. That should help.,2025-11-20T19:48:08Z,0,0,en
UgxzjVVEEyC0d0vX9z54AaABAg,@justincase2053,"I think an easy move they could make to reduce the effects is just make a limit on how long players careers could be, based on just calendar years, games, or minutes in play. The damage accumulates over time, so that would reduce the damage. It's not going to fix it, but degree matters.",2025-11-20T19:45:23Z,1,1,en
UgwMSWvnHRQ4ZwRQvHN4AaABAg,@aaryangarg-,what the fuck is this game even about actually,2025-11-20T19:43:46Z,2,4,en
UgxTPXNjfuiwkdres-F4AaABAg,@tiwarivibhav,"European Football (Soccer) has largely the same problem of long-term brain damage through ""heading"" the ball (hitting the ball from one's head instead of the feet). It is a big enough problem that most leagues have banned, or are planning to ban, heading actions at the youth level. At the adult level too, the action is under a microscope.",2025-11-20T19:43:44Z,2,0,en
UgwJQ3cmcZ-fT3y3mKt4AaABAg,@systemicbreakdown7864,As if an average player ever needed or used their brain.,2025-11-20T19:42:44Z,0,0,en
UgzPRm_3EvHqhIApiq14AaABAg,@rgt4848,"13 to 15 minutes of actual action per game for all that brain damage, will never make sense.",2025-11-20T19:40:58Z,9,11,en
Ugwzb37HMWKveARbW7Z4AaABAg,@wildstarr,"The only thing that sticks out to me is,

Planet Fitness is almost as big as the Dallas Cowboys!?!  Unbelievable!

Also it's kinda hard to believe the Cowboys are still worth that much after 25 years of suck.  I can say that cause I lived the awesome years of the early 90s Cowboys...such a good time",2025-11-20T19:38:43Z,27,0,en
UgwIY-abRDfHdwQdRaZ4AaABAg,@Real28,0:42 yeah but the Dallas cowboys don't make all of their money passively from people starting a membership and then not canceling it because it's so incredibly difficult to cancel 😂😂,2025-11-20T19:37:41Z,59,1,en
UgyYGmOYki5ZrImM5XB4AaABAg,@NatureXwars,"Maybe if they have renamed the sport to ""hand-egg"" they'd attract new fans on their legitimacy lol.",2025-11-20T19:37:22Z,2,1,en
Ugw-8kabEtdg5-AqYNB4AaABAg,@thomasodonnell1683,The like button turning into a football on this video is crazy 😂😂,2025-11-20T19:36:15Z,28,1,en
UgxqFIUHobleTHMgENd4AaABAg,@spaceface124,"Seeing a high school football game earlier this month was eye-opening. It's shocking how little PPE the players wear. Even if CTE wasn't a risk, they're easily risking cervical spine injuries and torn ligaments with these kinds of impacts. I asked my friend's brother who played in the game why he didn't get more protective equipment. He just shrugged and said, ""our school can't afford it.""",2025-11-20T19:35:30Z,26,5,en
UgwpA4hxl9k2_LAAMZl4AaABAg,@TheOriginalFaxon,"I'm friends with the son of a former NFL player, and this is definitely something that still needs more awareness. Lots of folks we talk to don't know that it's not just concussions that are the problem, but any impact to the head. We were talking about it recently because of a former friend of all of ours who was beaten severely in the head by his father as a kid, and we were speculating that his behavior in his 20s until now is likely the result of severe CTE, since it fits the profile. Dude went rabidly conservative and spouts off about conspiracy nonsense constantly, he's got an extreme persecution complex, and any attempt to help him will eventually be met with that person experiencing violence from the guy losing his shit. I remember when he still mostly had it together, but he really came unraveled there eventually. We know for a fact he had some major nerve damage from the beatings as well, since he was mostly deaf as a result, so it tracks that he'd eventually develop CTE. I really hope some day they find a way to treat it in people who are living, because it's a fucking brutal way to live and an even worse way to eventually die, if it progresses to that point before something else kills them (usually drugs/alcohol or suicide to get away from the constant mental anguish)",2025-11-20T19:34:41Z,6,0,en
Ugy-uSWkkNMPCzJ4zKN4AaABAg,@Dangermaniac206,As long as they don’t end up turning into school shooters let them have their fair share of ritualistic violent fun 😂😂,2025-11-20T19:33:52Z,0,0,en
UgyRmDnnqSJ7HgKcZWF4AaABAg,@DarkKreig,"Yeah there's more revenue per team and per game than the Premier League in England, but there's barely any adverts aside from those during the 10 minute or so break at half time and on the border around the pitch. Where as there are SO MANY ads involved with the NFL. It's commercialised to the high heavens and back, of course it's going to make a lot of money in a country with 300m+ people.",2025-11-20T19:32:38Z,8,0,en
UgwBfUFwu8GtfRhKVuR4AaABAg,@kylekylekyle505,Another reason why americans are laughed at by the rest of the world. They cosplay as a developped nation.,2025-11-20T19:31:49Z,1,0,en
Ugxik-3EN--dk66kcNp4AaABAg,@Rustypanfootball,"""American football pich "". 

Shut the fuck up it is a football field in a soccer stadium",2025-11-20T19:29:08Z,1,6,en
Ugz83jTjr5xcUXkB0BF4AaABAg,@ahuhahuhahuh0,I'll be honest. I don't give a shit. Nobody is forced to sign up for a multi million dollar contract to play ball. People destroy their bodies doing much more menial jobs. These are willing participants in what amounts to a highly ritualized blood sport.,2025-11-20T19:28:37Z,4,7,en
UgzUmwET7nFR-JX0vs94AaABAg,@bswi12,My kids won't be playing football. Golf is the better organized fall sport anyway.,2025-11-20T19:28:16Z,0,1,en
UgzXpXiJa1tA1sBK4Jx4AaABAg,@bipolarminddroppings,"Rugby is played without pads, they hit each other like trucks and they don't have a concussion problem. Why?

Two reasons: 

1) Pads don't actually protect your opponent from getting hit, they protect you hitting them.
2) Rugby doesn't allow hits above the shoulders.",2025-11-20T19:27:16Z,16,13,en
UgzFFsPW3XjhzNmuBmt4AaABAg,@LNMBK29,"As someone who has researched brain trauma in sports for years, this is a really impressive breakdown of the risks and injury mechanisms, while offering alternatives. Also a fantastic and easy to understand breakdown of what CTE is. Really well done",2025-11-20T19:27:15Z,886,5,en
Ugw7r7aoGdCfFt96R394AaABAg,@GGoAwayy,I'm inventing a new sport where the audience watches two people take turns hitting each other in the head with mallets. First one who can't draw a clock correctly anymore loses.,2025-11-20T19:26:43Z,12,2,en
UgxWJYl07vQegLpsFQt4AaABAg,@Keovar,"I don’t think we should keep pretending the NFL is just a *contact* sport. At this point it’s a *combat* sport. Like boxing, the violence isn’t incidental to the spectacle – it’s part of what people are there to watch. Some fans will say they’re in it for the strategy, but if that were really the main draw, we’d see a lot more people watching chess or even flag football. In a sport where collisions and domination are built into the core mechanics, the odds of serious injury are naturally high.

What really bothers me is the social norm around it. We accept and even glorify violence, then act like depictions of sensuality are somehow the real danger. From simple nudity to consensual sex, sensuality is healthy, intimate, and life-affirming. Without informed consent, sexual behaviour *is* violence – and violence is, by definition, harmful. Violence is profane and should be treated as such, whereas consensual sensuality should be the thing we treat as sacred. It's an adult topic, but that means it requires truth in education, not some kind of denial.",2025-11-20T19:25:42Z,11,9,en
UgzVqg___Dl2omEeBO14AaABAg,@youtubeaddict1234,American football is fundamentally unethical and should be banned.,2025-11-20T19:24:39Z,3,2,en
UgxqpfbuTYI7BtAv8EF4AaABAg,@corylong5808,"The 1970s NFL was some of the most dangerous sport ever played. I actually do believe equipment and rule changes will effectively protect non linemen from CTE, and perhaps the new extra large helmets being rolled out can minimize it for linemen as well. But we won’t have proof for decades. Either way, it’s still an extreme sport and having tackle football played in schools is as insane as having boxing in your school. Flag football is a ton of fun and way more practical, both because it’s not as painful, but also because you don’t need extra equipment or twenty friends.",2025-11-20T19:24:25Z,5,0,en
UgxyZXvNfbpvFJ9nI9R4AaABAg,@ManMountainMetals,NASCAR?,2025-11-20T19:23:51Z,1,0,Other
Ugw9JCl2cWAx_MTS1op4AaABAg,@HylianMadness,"I love that they made a movie with Will Smith about the doctor who discovered CTE and brought it to the league's attention, and the end of the movie and in real life was basically ""and then the NFL didn't give a shit, made a couple minor changes and didn't really address the root of the issue, and business continued as normal."" Great inspirational movie, really one for the history books",2025-11-20T19:23:36Z,563,10,en
UgwJActEUeBf9y8L2fx4AaABAg,@JudiahSC2,"I dont feel sorry for them at all. Its your choice to play a violent game. And we all know concussions are bad news, its not the 70s or 80s.",2025-11-20T19:21:07Z,2,4,en
UgyceoyQiEJTXWeJ6Ex4AaABAg,@2ndArmored,They are well compensated for the risks involved. 99 percent of the population would take a multi-million dollar contract in exchange for possible mental health issues down the road. Not a crisis.,2025-11-20T19:19:48Z,1,2,en
UgzptcP_3mLrW4ZY-wJ4AaABAg,@dickensider6049,If there is “subjectivity” in the analysis couldn’t there also be misdiagnoses instead of going undiagnosed? You can’t swing the factors only one way. Just being devils advocates,2025-11-20T19:19:15Z,0,0,en
UgwZZkT5p7ynb7wuOId4AaABAg,@daws240,"Hey Sam, might want to look up open ice hits in the NHL. Love your content!",2025-11-20T19:16:57Z,0,0,en
UgzmAQ3IxE83zimlElt4AaABAg,@glockmat,"Mate, the NFL is not at all the biggest sport league in the world. The fucking Brasileirão has more viewers and revenue, UEFA is a thing too",2025-11-20T19:16:31Z,0,7,en
UgyMi1btv-Hbbx8BBCZ4AaABAg,@bigpharts,"Awesome work on the graphics, Wendover Team",2025-11-20T19:12:52Z,3,0,en
UgyHS__2hePKRPAsvmp4AaABAg,@puma7727,"If it were just the NFL, I wouldn't care. Who am I to tell some 20-something kid that he can't choose to make millions in exchange for drooling in a chair by the time his kids are grown.

But the NFL doesn't exist without the foundation of youth football.  Countless kids end up dealing with the consequences years later, often without any indication they were even caused by football-- and they didn't receive generational wealth for that.

As always, it's the responsibility of parents to care enough to say no.",2025-11-20T19:10:08Z,36,2,en
Ugw4f5rfMq8TVjLmPTx4AaABAg,@walkingcarpet420,Take away the helmet and all pads,2025-11-20T19:09:38Z,0,0,en
UgyGvpiPPceGF52ng694AaABAg,@interstellarM31,Yet billions of 🐑🐑 tune in to watch this sport. Wait till they realize most sports are rigged and are they to keep simple minded sheep distracted. 🙊,2025-11-20T19:09:32Z,1,1,en
UgyxLcWKUneUXw0U59x4AaABAg,@R_V_,"""A harmful sport"" ? I initially thought the video might be about CrossFit. 😅",2025-11-20T19:08:45Z,0,0,en
Ugyr_VFlXV-bWCNXLVh4AaABAg,@dylankennedy8457,"Take the helmets and pads off, less likely to use your head if it hurts. Gotta prevent the hits before they happen.",2025-11-20T19:07:40Z,12,11,en
UgyZnEIdTXItkCHBQdN4AaABAg,@TBizzle102,"Interesting how Flag Football will be in the Olympics in 2028. Since it involves a team of people there probably won't be any ""Raygun""(s) bringing the whole thing down...",2025-11-20T19:06:04Z,0,0,en
Ugw1eAkQYcVsU6XzFnR4AaABAg,@BensBrickDesigns,I'm 30 seconds in and I just want to commend your team for using NFL level motion graphics.,2025-11-20T19:03:35Z,0,0,en
UgxYueltu3D2Ygn3E_V4AaABAg,@Trag-zj2yo,They have a better helmet and usage should be mandatory.,2025-11-20T19:02:56Z,1,0,en
Ugyi5YnnD4h63AUVmPt4AaABAg,@tobiwan001,And all for a sport that can only be described as Rugby‘s boring brother.,2025-11-20T19:01:31Z,2,3,en
UgzHTBz9XHsyBpb2r9N4AaABAg,@kingofthend,It really bothers me that some people still just deny that this is an issue at all. Even when it causes you some cognitive dissonance any self respecting person should be able to accept reality instead of becoming reflexively defensive and lying to oneself.,2025-11-20T19:01:27Z,51,8,en
Ugy4daPcx-6Bd3Ugqil4AaABAg,@B34Jackson,"So it's basically the same as Facebook, Instagram, tiktok, Snapchat.",2025-11-20T19:00:31Z,0,1,en
Ugwp6ggPZ67jftR4Yjd4AaABAg,@kalrandom7387,"I wonder how much more interests has come about from the online crack betting sites, since sports betting has also rapidly increased recently.",2025-11-20T19:00:22Z,49,0,en
UgwsQAk2V1cyMbSvpOd4AaABAg,@catalystcomet,6:00 anybody else thinking of The Billdozer?,2025-11-20T18:59:32Z,3,0,en
UgyL1-j-5g1-FueWY_V4AaABAg,@adas1988,I'm sure the Americans will happily get foreigners to play their gladiator league before giving it anything up to do the right thing,2025-11-20T18:59:28Z,4,0,en
UgzLutz8bD6PZb-vUo94AaABAg,@prfwrx2497,"I have a suspicion that hard football helmets increase head injuries due to head impacts being much more kinetically energetic now that heads are heavy and armored. Rugby and Australian Rules football, similar contact sports, does have risks of head trauma and impact-related dementia, but I feel that it's nowhere as prevalent as football. Maybe it's just less publicized than their American counterpart. But maybe it's also due to players being more cautious with their relatively unarmored heads that also deliver less harsh blows.",2025-11-20T18:58:38Z,5,1,en
UgwPorTIZlkTWSd0W3F4AaABAg,@brend2718,It would be interesting to compare concussion and CTE data between (American) football and rugby,2025-11-20T18:57:42Z,10,4,en
UgxVHg8QGhmGbt4aslh4AaABAg,@shelby7707,"Why doesn't rugby and Australian football with no pads or helmet have these issues 

The worlds gotten soft and this a result of it",2025-11-20T18:57:37Z,0,2,en
UgzfgVXKiMeLvh3p_GB4AaABAg,@iTzDritte,Football is modern gladiatorial combat. People are watching the players off each other in slow motion.,2025-11-20T18:57:35Z,0,0,en
UgzMKud_YamWQQ7gVIl4AaABAg,@cristofori2230,Down with the NFL! American football is a blood sport we shouldn't promote. Change it or get rid of it entirely.,2025-11-20T18:56:28Z,4,3,en
UgzKn-k4Ei-7y1Wm0WV4AaABAg,@Strykenine,"I'd never let my hypothetical kids play football.  I have long-term injuries, and they don't age like wine.  They age like old watermelons.",2025-11-20T18:55:33Z,5,2,en
UgzlzvxGkswLiNmKm0t4AaABAg,@joeyyoho3670,"My guy, football is more popular than ever. Their revenue is higher than ever. They're expanding globally. This is no threat to football",2025-11-20T18:55:26Z,1,2,en
Ugz46ApWlAH3ms_aLkp4AaABAg,@Thor101101,Football  football. did u know i play football. im d1 in football. great,2025-11-20T18:54:21Z,1,0,en
UgwhllyDzrs8n2afvD54AaABAg,@shelby7707,Nfl got weak let the players play they are getting paid too much money,2025-11-20T18:54:02Z,0,0,en
UgzLGceiEFgjfbRCYdx4AaABAg,@guadalupev30,It's American.,2025-11-20T18:53:41Z,0,0,en
UgyFK_cJo3_hODjJg0l4AaABAg,@guadalupev30,NBA has more poorer kids with even less spots.,2025-11-20T18:53:28Z,0,0,en
UgzYv9OM2JhB7ItKSxB4AaABAg,@colbypupgaming1962,"Donnie Dipshit is just mad because if the population of brain-damaged men goes down, his voter base has a directly correlated drop.",2025-11-20T18:53:07Z,0,0,en
UgyT7Dn7k3w7J5zchPN4AaABAg,@Waldohasaskit210,"So, Star Wars style robot football then?",2025-11-20T18:43:59Z,0,0,en
UgxslCa2g06uPUgsOVd4AaABAg,@bellutta,Once again the US shows they care more about greed over quality of life.,2025-11-20T18:42:01Z,2,2,en
UgyIrNBmZkphZ6vFjgd4AaABAg,@AriZonia,"I went to high school with two boys that went professional. I think one's retired now because of a leg injury, but I don't know about the other one. It's a little weird to think how they might be doing due to the nature of the sport. They're probably worse off than the schoolmate that is a professional nascar driver who missed most of last season due to a concussion.",2025-11-20T18:41:31Z,1,0,en
Ugxo_5ZlrVgKgP3orU94AaABAg,@poisonpotato1,"Needs to be diagnosed within hours after death...
Asks for to look at athletes long afterwards ...",2025-11-20T18:40:37Z,0,0,en
UgwY23j5zqVnTQiFDT94AaABAg,@dyne313,FOOZEBALLS THE DEVIL!,2025-11-20T18:38:48Z,1,0,en
UgwWQnPtcaJWxzWwqfp4AaABAg,@KingUnKaged,"This will probably turn out like climate change or gambling, where eventually a critical mass of people acknowledge that it's bad, and then everyone just accepts it as normal, learns to shut it out, and life gets a little bit bleaker.",2025-11-20T18:38:10Z,77,4,en
UgzKwZx4XfVBJs3RbT14AaABAg,@ahetzel9054,"I'm a simple man, I see wendover, I click.",2025-11-20T18:37:57Z,0,0,en
UgxUfFKWPamloq3h92V4AaABAg,@guyhaines2974,44 minutes ago is titillating,2025-11-20T18:36:42Z,0,0,en
UgyGfURa1uM1t5dbeoB4AaABAg,@nicholasbrown668,"I dont care about professional football, those are adults making an educated decision. I believe Football should be prohibited for Highschool students and below, I hev personally witnessed half the dudes on my HS football team mentally decline over the last decade since we left highschool, one has debilitating headaches and cant even work because of how much damage he took. Children shouldnt be exposed to sports that can ruin their lives in an instant or leave them debilitated for decades, we should care about our childrens well being more than that",2025-11-20T18:35:03Z,0,1,en
UgysfoZpG69h79ADswd4AaABAg,@Dynanium,"What wasn't mentioned about hockey is that fighting being legal in NHL is also a big factor in head injuries, not just the hits. Some goons have made their entire careers by being fighters and some of them have paid the price afterwards. No matter how many CTE cases, doubt the league will want to ban it because fans like the fights too much.",2025-11-20T18:34:56Z,201,10,en
UgxK4yif5nxNVVif2wN4AaABAg,@bigfootnintendorazr,Can't spell NFL without CTE,2025-11-20T18:33:39Z,3,0,en
UgyTO75eHgCWcLoWadd4AaABAg,@Hermes_has_Wormes,"18:00 how much of that is from Kendrick though? I know plenty of people, myself included, who would not have watched it he had not performed.",2025-11-20T18:32:27Z,9,4,en
UgwNAdpgq5AOfPiSy8x4AaABAg,@scpatl4now,"Any parent letting their child play tackle football is committing child abuse.  I refuse to watch it knowing that many of those players will have a horrible quality of life when the playing ends, if it doesn't end due to injury.  That the NFL holds it's players in such limited regard as simply cost of doing business, is reason enough to tune out",2025-11-20T18:32:10Z,8,4,en
UgyK3-xXJNx3TAtm5Nh4AaABAg,@HdbeWydvd,There is a reason why football is almost non-existant in high IQ countries.,2025-11-20T18:31:54Z,0,1,en
UgzJZU95ObPnCTFi3qJ4AaABAg,@Henry.Nibler,Quick note: the shooting wasn't targeting the NFL headquarters. It was targeting Blackstone RE dept CEO,2025-11-20T18:30:21Z,2,4,en
Ugx7_Brh_Jhf6zdHN014AaABAg,@dyne313,"Flag football might be played by more kids BECAUSE IT'S CHEAPER.

When poverty is increasing all over the country, that matters a lot.",2025-11-20T18:30:15Z,3,2,en
UgxuSrUooxXuO6g23Ql4AaABAg,@JetFuelCantMeltAutismVaccines,Two man mountains crashing into eachother at terminal velocity for our entertainment is at best Jackass and at worst prostitution.,2025-11-20T18:29:41Z,0,0,en
UgxeRyrBfZZlxYJg1al4AaABAg,@Dreadpirate2418,It’s like modern Roman times .This sport is so medieval. This country fall is so similar to the fall of the Roman Empire.,2025-11-20T18:29:32Z,1,0,en
Ugx_L3AG3Il_nI-9PHV4AaABAg,@TheSteffChris,And in Tua Tagovailoa we can sadly watch a player deteriorate in live TV...,2025-11-20T18:28:57Z,98,6,en
UgwY6IEkhx4JEVgFHC94AaABAg,@Margatroid,"Pro and college football players are professional warriors who are in the business of being injured for fame, glory and fortune, and ""CTE"" is not a ""sacred holy victim baby"" category of injury. To say it is just a meme, and a lie. Warriors get injured in the line of their work. It's what they do. They're _men._ And many of them who fought the hardest at the highest levels, like say Joe Montana or Lawrence Taylor, either have no such issues, or only very mild ones, and no doubt would 100% do it all again. There is no ""crisis"" concerning concussions. That is simply a lie generated by the false mindset that ""preventing harm"" is the only value in life, which is a perversion of broader, wiser, more wholistically genuine values. Warriors are warriors, and the fact that they get injured in their line of work is a good and noble thing, not a bad thing. The NFL was at its prime in the 1970s and 1980s, and is a mere shadow of its former self now, filled with narcissistic egotistical instagram athletes who care only about themselves and ""their careers."" To compare any of them to say, the players of the '86 New York Giants, is just a joke. So who cares about concussions in the modern NFL anyway? It is clown football. And college football is pretty much the same.",2025-11-20T18:28:39Z,0,0,en
UgyVR_u2k7PYNz9LHXB4AaABAg,@GeeDaddyFlex305,Cam Skattebo needs to watch this.,2025-11-20T18:27:58Z,52,5,en
UgwOoTpry9AEtwbDNON4AaABAg,@dynomar11,"Kneeland killed himself at 24 and the NFL keeps saying he ""passed away"". As if there's no possibility cte was involved.",2025-11-20T18:27:41Z,5,7,en
UgxRhS4V2S_rPd7ZEgd4AaABAg,@AceChromeCheetah,"2:13 Hold up. 

The CFL gets you more concussions than the NFL? XD",2025-11-20T18:26:37Z,12,2,en
UgzpVOD7bPBAhvl4oEJ4AaABAg,@InternetKilledTV21,Damn CFL is even worse than NFL...,2025-11-20T18:25:58Z,1,0,en
UgzF6rsF49MOPkbcj1h4AaABAg,@CovidTikTokDance,Bread and games for the low IQ tribal morons of America,2025-11-20T18:25:50Z,0,1,en
Ugyoa_7i3Zv1e3HeGJR4AaABAg,@thelittlehooer,"Not mentioned was the total disregard for men's mental health. CTE manifests itself just like depression, addiction/substance abuse, bipolar disorder and such, so people just look the other way. Men are taught to just grow a set and deal with it, athletes especially so. I doubt this could ever happen in a sport dominated by women. The empathy and approach to mental health and self care for women would prevent it and proactively resolve it.",2025-11-20T18:25:30Z,104,2,en
UgzeDiP1Lgwk7is9UcV4AaABAg,@AnotherPointOfView944,"As a non-American,  I really don't give a s**t about this.",2025-11-20T18:22:39Z,0,0,en
UgxjJiTR-18T6zRUE554AaABAg,@danielwade9487,How you think football is bigger than futbol is laughable. And that's coming from an American.,2025-11-20T18:22:30Z,0,0,en
Ugx52yFrPHRMhkhHqd54AaABAg,@SomeGuy97669,"My dad was screwed up for life because of a Football injury he got as a 12 year old. He got tackled and his foot stayed planted, tore every single tendon and ligament in his knee. It had to be reconstructed and then later in life he had to have it replaced. Because of that injury my dad spent his entire life disabled. I know it's not a head injury but still.",2025-11-20T18:22:25Z,6,0,en
UgwLEOqQ2vMBnDE2V6t4AaABAg,@timort2260,People are going to do what they want. Team sports are lame but we all have to take some risk for fun. I'm not going to wear a helmet to skateboard or bmx. In my 33 years I've only knocked myself a few times. We never used helmets but like anything get them while they are young. The next generation might have a better chance but some of us enjoy the risk most of the fun things I do can get me killed. My life my choice kinda deal.,2025-11-20T18:22:23Z,1,0,en
UgytG-cL8GwdL1uaeY94AaABAg,@notkaty,How did this get discovered in 2001? It's half the plot of 1994s ace ventura,2025-11-20T18:21:34Z,51,5,en
Ugykg4yTYVSpJrjMc0h4AaABAg,@chrimony,Now do boxing. The primary goal is to cause enough brain damage to your opponent to win the game.,2025-11-20T18:19:00Z,0,0,en
UgxoWf3-QfAi6y5HS5V4AaABAg,@jonmarck,Just. Play. Soccer.,2025-11-20T18:18:52Z,0,2,en
UgwW-D6lIRg_PCmMmvB4AaABAg,@BigBrezzy,"18:57 ""You either run that slant or we run back to the ghetto"". - Michael Irvin",2025-11-20T18:18:46Z,0,0,en
UgwKMRzzvn0kBrmTeO54AaABAg,@FrankDBoyce,"I had 3 concussions at an early age (before 9 years old) and I chose not to play tackle football going into middle school (in 1996). If the NFL was smart (which they aren't) and if they cared (which they don't) they would fund a study looking at brain proteins/markers that point to which humans are more prone to concussions. It's super clear to me that there are people that are prone to concussions and some people who generally will not get them with the exact same impact. Therefore, if they could discover these markers you could develop a test for everyone at age 8 to get screened before they start playing tackle football.",2025-11-20T18:16:45Z,2,0,en
UgzFuAmH8J5rzARShlR4AaABAg,@thomasnelson6161,Foosball is the devil!,2025-11-20T18:15:04Z,0,0,en
Ugw5GFHUndszw2q4MMt4AaABAg,@yakcm123,I did a mere two years of junior high football and have lifelong head injuries. I only got pain sensation back in my head after some 14 years.,2025-11-20T18:15:01Z,4,0,en
UgyZOGGQJfO1jIzredJ4AaABAg,@poisonpotato1,"People dont complain about rugby, ufc... hockey",2025-11-20T18:12:30Z,0,0,en
Ugw7GoY3tZKnlp1Dysl4AaABAg,@RavensFan-uj,"The problem is also the fans. While a lot of people do not let their kids/teens play they still support the sport. They still watch it on TV, go to games, and buy merch even if it's from a thrift store",2025-11-20T18:12:05Z,16,1,en
UgxwjB3w0kvvDhOqBIp4AaABAg,@rorisxng,How does American Football’s concussion prevalence compared to Rugby? I suspect the safety gear may cause players to tackle with greater force in American Football and not avoid head collisions.,2025-11-20T18:11:14Z,17,16,en
UgzVyLcRU305zBeUFOJ4AaABAg,@RavensFan-uj,What about the A7FL which has very different rules and doesn't have helmets and pads,2025-11-20T18:10:02Z,10,0,en
UgxB1ihXignCgxlXa0t4AaABAg,@infostations,"They chose Stupid & Fame, they dont even care",2025-11-20T18:09:55Z,0,6,en
UgzQdXcjyDeqsSnGZjB4AaABAg,@KoniKone1950,"Will Smith tried to tell us about it, but Sandra Bullock was busy acting like the white savior for a young homeless black guy",2025-11-20T18:07:49Z,65,1,en
Ugwxmmn_3JDNxuch_3R4AaABAg,@hondaracer888,Ok let me guess: massive corporation abuses individuals bodies so they can continue to make obscene profit,2025-11-20T18:07:20Z,2,0,en
UgxwVEhIsTVUOiXLxpJ4AaABAg,@clbfrnk,"The nfl tried testing accelerometers in helmets in the mid 2010s to help better diagnose concussions, but stopped using them because they detected a high concussion risk every play. The hits those guys are taking are insane",2025-11-20T18:07:10Z,3505,72,en
UgxLvjFwsJfUBy_VXuJ4AaABAg,@pocpic,"Also, the amount of subconcussive impacts is high. This is why rugby players have lower prevalence of CTE, despite suffering more concussions.

Edit: guess who didn't watch the video.",2025-11-20T18:06:14Z,5,12,en
Ugy-u6usTNEyCfDdJR94AaABAg,@DJToMyHits,"I'm fairly certain that's why we pay every single one of the players ludicrous amounts of money? It's blood money. I mean, we still have mercenaries of war is it that shocking? Still gonna watch the video but i'm not gonna sit here and pretend like we should feel overly sympathetic. Only difference between this and drugs is they are set for life where as drugs destroy your life. You still made that choice.",2025-11-20T18:06:10Z,1,3,en
UgxPXynnSmzf2464MEB4AaABAg,@Billpeterson4785,Zog loves it’s slop sportsball,2025-11-20T18:05:22Z,1,0,Other
UgyKomSJJnnmznkWMXx4AaABAg,@wockheart17,Now I regret leading with my head.,2025-11-20T18:03:58Z,4,0,en
UgyGY7uNnhFeSpsTP_F4AaABAg,@unhaix707,You brave for taking on this one. Football was a massive positive in my life. When i started playing in highschool my grades got better. my relationship with my parents got better. I got a girlfriend. I wasn't a superstar and didnt play in college. But it did alot for an overweight kid with no self esteem. We should acknowledge the dangers of football but it did so much for me its hard to want to see it gone.,2025-11-20T18:03:34Z,12,59,en
UgwlOvi-xWGfcQZafeN4AaABAg,@Clay3613,"Miss your consistent uploads, still never joining Nebula.",2025-11-20T18:01:23Z,0,0,en
UgwWx4lklSsqHayEN054AaABAg,@michelhv,2:11 Anybody noticed that the risks are even higher in the CFL?,2025-11-20T18:00:27Z,67,9,en
UgwM0RIxsZodXruHvEV4AaABAg,@Gainsforlife,"100 years later and the NFL has barely scratched the surface on the implications of CTE, let alone providing public awareness and methods to mitigate/prevent CTE for that matter",2025-11-20T18:00:15Z,86,1,en
UgwDdHTz2hkdzR6XG7x4AaABAg,@donchaput8278,Still using hard helmets going into the 2030's and people are wondering why they get concussions.,2025-11-20T17:58:37Z,0,1,en
UgxGvNWGA9x1xA3vfq94AaABAg,@ClipstopherBurtraw,"As a SE Michigander from birth, I appreciate the very opening scene showing Ford Field.",2025-11-20T17:58:33Z,0,2,en
UgzJV3Gbs6funEj0bZ54AaABAg,@assketchum69,"People will be like: that's football just man up. While their sons lose cognitive function.
One of the many effects of ridiculing science and of anti-intellectualism in this damn country",2025-11-20T17:58:28Z,169,12,en
UgxuOYHq0lno-Wj4hnd4AaABAg,@RS2iscool,"Tbf CTE research still isn’t great as it’s inherently biased as only brains already suspected of having CTE are submitted for research.

It also doesn’t have a control group, the research doesn’t follow the scientific method.   CTE is an issue, but it is very overstated due to this.

The public perception is the biggest problem but rich white liberals aren’t exactly the NFL talent pool and that’s the main demographic pulling their kids out of football",2025-11-20T17:57:35Z,1,2,en
Ugx5fyAxAeGJIzrfV0p4AaABAg,@Raiderman227,Looking back on my teenage years I’m glad my mom would not let me play football,2025-11-20T17:57:28Z,16,0,en
UgziJbnfmtxAq3M8wmB4AaABAg,@hillppari,meanwhile rugby,2025-11-20T17:57:03Z,0,1,en
UgxscjeKH0p9ezJ5gG14AaABAg,@thomasnelson6161,Make people aware of the danger and let them play.,2025-11-20T17:56:35Z,2,1,en
UgyPPsbhHOs1hqECIHt4AaABAg,@SoloPerICommenti,Fans will not give a damn about the health of those players. Suggesting anything different is extremely naive.,2025-11-20T17:55:44Z,2,0,en
UgxJkWwN-CB_NNj72QB4AaABAg,@shashankiyer814,"I’ve played contact sports for most of my life, and the hits I’ve taken playing in 2 years of American football have just been so consistently detrimental. Cannot imagine the state of those who go through most of high school and college playing - the mind fog, irritability and that sense of being lost is so real. Anyone suffering from any long term effects from head hits, you’re not alone ❤",2025-11-20T17:54:45Z,72,2,en
Ugy3PVs1XwZe5Cpj0Vt4AaABAg,@AnonymousGhostwriter,The graphics department really went all out with this one,2025-11-20T17:54:33Z,68,0,en
UgyTNWRUjG3s7TSwlBJ4AaABAg,@ElysiumCreator,"The whole issue, is that the most dangerous events in American Football, the most violent, high-speed contacts, is the sports identity. When one thinks of American football, you think of guys ramming into each other at full speed. You can’t fix this issue, without alienating fans, cause those contacts are exactly what they want to see.",2025-11-20T17:54:26Z,1366,33,en
UgwE0BGBlWl7Cs6biod4AaABAg,@SayAhh,I don't watch NFL anymore. Haven't watched since 2020 and stopped rooting for the 49ers since they released Colin.,2025-11-20T17:54:19Z,0,0,en
UgyfLOGRB_-7dPhqkz94AaABAg,@MrCalverino,I always wanted to play in middle school and high school but my mom wouldn't let me,2025-11-20T17:53:53Z,2,2,en
UgxPjNVIuZbWXgoJ3I54AaABAg,@jarlsparkley,"I never understood why the nfl couldnt use helmets with single use foam cores that crush on impact and have to be replaced like motorcycle helmets. Obviously it would be much more expensive, but this is literally the wealthiest sports league in the world.",2025-11-20T17:53:40Z,280,37,en
UgzHCG5kMb47mhWdpt14AaABAg,@MarcYanruw,Good on Vince McMahon to ban chair shots to the head in WWE,2025-11-20T17:52:42Z,8,4,en
Ugw053mEx3tDPkR0no14AaABAg,@DaRealHaidynDaniel,20 mins baybee,2025-11-20T17:52:23Z,0,0,Other
UgylASDifEb-s8Js6YN4AaABAg,@marcus7564,"My last concussion from skiing took me 2 years to recover, 5 years of mental health issues, and permanent visual damage. Its devastated my life.",2025-11-20T17:52:16Z,1060,38,en
Ugwz66tjkFXi7LDZ3eR4AaABAg,@mehmeh4541,"Another point, once I decided that I don’t want my kids to play (like I did), I lost interest in watching it on tv.",2025-11-20T17:49:52Z,106,16,en
UgwO4xzDIx4l820mWsN4AaABAg,@TheMan83554,"I gotta be honest. Football is evil. Sacrificing 20 year olds in a bloodsport.

Best way to fix it? Require the NFL pay for all medical costs, of all players, for life. No denials, no ""network"", any medical bill for anything the NFL pays. Hit them in their pocketbook.",2025-11-20T17:47:15Z,5,3,en
UgwEHbB87q_3DpaMQCl4AaABAg,@HarryBalsonyaa,Hey let’s go lions!!!!,2025-11-20T17:46:44Z,1,0,Other
UgxnUVxrV4dLm2pAdNt4AaABAg,@scarx4181,"I've been complaining about football as a youth sport for ages, the pipeline to the NFL is narrow and young men are forced into participating on the slim chance that they may make the cut. The cost leaves them to live a life without millions of dollars, and medical support, yet still bearing the burden of the concussions and injuries borne of their attempt to reach the NFL.",2025-11-20T17:46:04Z,55,9,en
Ugz6S9ufNip0nxMAGBF4AaABAg,@BigBrezzy,I really like how you made the graphics look like something you'd see on ESPN.,2025-11-20T17:46:02Z,15,0,en
UgwRIa9IzsBYEMMFfNB4AaABAg,@CAPSLOCKSTUCK,The like button animates a tiny football???,2025-11-20T17:45:50Z,1,1,en
UgxN-ugJ8GWhk8hb8YJ4AaABAg,@ThePandaKen,"I absolutely have some kind of CTE from high school football. I used to be able to do 3 digit multiplication in my head (e.g. 326 x 921) and now struggle to remember the 6 digit MFA code. Short term memory is nuked and my speech isn't what it was pre-football. I also loved every second and would do it again in a heartbeat. There's nothing like the kinship and camaradie you have in a football locker room. Especially on O-line, it's such a tight knit thing that nothing later in life can match. I wish men had more things later in life that could capture that.",2025-11-20T17:44:39Z,9,2,en
UgxF3kzq_F8-xRP8vpt4AaABAg,@Jasonxbr,CTE injuries from contact sports should be banned. 😢😢😢😢😢,2025-11-20T17:44:10Z,0,0,en
UgwNMuuYqo8up9JDjIN4AaABAg,@TheSanpletext,"Ah yes, American football, the game where the scoring item is moved with hands and it's not a ball.",2025-11-20T17:43:55Z,2,0,en
UgwWcsdt6EmhCDT9KH14AaABAg,@toilet_paper209,Its called making generational wealth. Where your family will virtually never have to work again if done correctly,2025-11-20T17:43:41Z,0,0,en
UgwS_gKBKYN4nGs3pDB4AaABAg,@JuiceBoxScott,It feels a little morbid that I'm working on my fantasy football lineup while watching this video.,2025-11-20T17:42:43Z,0,0,en
UgwNr7bhzEcgY03YUtp4AaABAg,@guarami1,When do we get new JetLag?,2025-11-20T17:41:55Z,1,0,Other
Ugxx6szRR1nAqjYbg7x4AaABAg,@ftldesignbureau7891,so you're telling me that hitting your head repeatedly is bad for your brain,2025-11-20T17:41:47Z,2241,16,en
UgwURBgzVgOdrZpKZc14AaABAg,@ellisisland401,I’m early!!!,2025-11-20T17:41:30Z,0,0,en
UgyfKQEdfQQ3x0THRmp4AaABAg,@knightmare5906,This is why kids playing american football is so dangerous.,2025-11-20T17:41:28Z,2,1,en
Ugx7CUqxiSOY6gP6tCN4AaABAg,@BackWhereYouStarted,"@2:11 why aren't we talking about the CFL, look at how high it is!",2025-11-20T17:38:56Z,3,2,en
Ugwj84tRerxX7ndU8F94AaABAg,@clardei6302,Who cares? The animals are royally played to play football.,2025-11-20T17:38:48Z,0,0,en
UgzohN7ovSjEnlu6V9x4AaABAg,@rmpll,We need Zombie Football,2025-11-20T17:38:31Z,0,0,Other
UgxIuB-gCecO8tJAJFB4AaABAg,@johnniesalomon1942,5 min gang🎉,2025-11-20T17:38:02Z,0,0,Other
Ugyn8gW0NrqPCWin_D14AaABAg,@ftldesignbureau7891,1:04 based,2025-11-20T17:37:17Z,0,0,en
UgzgLyf5wVRfOAjVeEh4AaABAg,@tristankindle1504,Got here three minutes after the post,2025-11-20T17:36:50Z,0,0,en
UgyvXIcHtamxYlnlmSd4AaABAg,@tonyg490,That's why they legalized sports gambling. They know this sport is about to be eliminated and want to make as much money as possible before it's conclusion.,2025-11-20T17:36:45Z,6,2,en
UgySfgGM0Fz0w1rsf-x4AaABAg,@TheArmyKnifeNut,I once went to a fight and a hocky match broke out.,2025-11-20T17:36:43Z,1,0,en
UgwUUC1lsfpxqZxOmrh4AaABAg,@rozemarjin,*I didn’t hear no bell*,2025-11-20T17:36:11Z,4,0,en
Ugz9b7ULkeV2Rac-VbJ4AaABAg,@bhaskard8405,"I’m more worried about the concussions High school and College football players suffer, 99% of them will never go pro but will have to suffer the consequences of these concussions.",2025-11-20T17:35:39Z,5762,138,en
Ugx_yScBFcvokwFXNQB4AaABAg,@PoliticalGamerAndy,This is the earliest I've been for a Wendover Youtube video,2025-11-20T17:35:01Z,1,0,en
UgxaXZaU0sZcIVPZAtp4AaABAg,@HeisenbergFam,Risking permanent brain injuries for sport is dedication,2025-11-20T17:34:46Z,7,3,en
UgwS9GQe422x1MabkhF4AaABAg,@pandoranbias1622,So which private equity firm paid for this video?,2025-11-20T17:34:39Z,3,0,en
Ugzid94esQjfjX3du194AaABAg,@SoloPerICommenti,Already 10 in 1 Min?,2025-11-20T17:33:49Z,1,0,en
UgzySNtTdLeXXFhc_bt4AaABAg,@MuchWhittering,"I've never been sporty, but at school the worst part of PE was whenever rugby came back. Having to basically attack my classmates, or stand there and let them attack me, was definitely not a thing I enjoyed, especially outside in the cold and mud. I can't imagine doing something like that as a career.",2025-11-20T17:33:40Z,20,5,en
UgypYeEZobdGpWbr5LZ4AaABAg,@milz963,Lions opening 😩💙,2025-11-20T17:33:34Z,1,0,en
Ugw_UnteXX2D0Rq5Qjh4AaABAg,@derpderpington100,wazzaaaaa,2025-11-20T17:32:59Z,0,0,Other
UgxuDRNLdT2WH5DS0MF4AaABAg,@KiwiburdVT,"last time i was this early the towers were still up
edit: in minecraft",2025-11-20T17:32:55Z,6,0,en
Ugy8mROLiMJVjkmoQPN4AaABAg,@YashBhardwaj-v8b,holy refresh pull,2025-11-20T17:32:52Z,29,0,en
UgwFuAyLSfMo_UmfJBF4AaABAg,@ahmedserji9201,28 seconds ago is toe ticking,2025-11-20T17:32:49Z,16,1,en
Ugw47_QIRy8UxXzTQX54AaABAg,@DJ_Jarq,WEEHEE,2025-11-20T17:32:47Z,0,0,Other
UgzBy8avvdH8SmJ69Kl4AaABAg,@iron_maiden_fan1015,No way Im this early,2025-11-20T17:32:45Z,3,0,en
UgzWo8ykATA3O5XjLsZ4AaABAg,@rmpll,Wooo,2025-11-20T17:32:40Z,0,0,Other
UgxTo73Fdyve_5jxhYR4AaABAg,@gunnarholmgren5501,First comment,2025-11-20T17:32:37Z,2,0,Other
UgwqzqoeEsU8-CYpClx4AaABAg,@RCTFreek2channel,oh wow,2025-11-20T17:32:26Z,2,0,Other
Ugx77oaao0OjsGRWOi14AaABAg,@elieaa96,Heyy,2025-11-20T17:32:23Z,2,0,Other
