Comment ID,Author,Content,Publish Date,Like Count,Reply Count,Detected Language
Ugxx2QAusdEgvw3yFIt4AaABAg,@I.Odnamra,What main components are needed for 1440 540 gaming with room for future proofing?,2025-11-23T22:42:12Z,0,0,en
Ugz_R9Wncs51l6iZuvt4AaABAg,@dustin4521,So getting a 5090 just for gaming would be a dumb decision? 5080 is good enough for max setting 4k gaming?,2025-11-23T18:38:18Z,1,0,en
UgxJUNsHn5FiYurveCJ4AaABAg,@Ultra-Widescreen-Gaming,0:38 - Linus dropped a notebook (well kinda),2025-11-22T21:04:38Z,0,0,Other
UgzptGu4AfoQK_H3E_N4AaABAg,@POTATOEMPN,"No matter where I go, no matter what prices. I find, this exact PC cost $2,000 minimum. This video is only a few days old.",2025-11-22T14:27:24Z,0,0,en
Ugx2jn1Bpjz4IRc1YKZ4AaABAg,@PotteryOfGreed,Currently upgrading my entire build and its insane that in 2 weeks or so my pcpartpicker price for my ram looks like it doubled. Should have just bought it first.,2025-11-22T07:04:29Z,0,0,en
Ugyh9IeBmhc0LQ1EQIt4AaABAg,@rubencastillo165,Is this PC build worth it? Ive been buying the parts already. Please let me know,2025-11-22T06:28:21Z,0,0,en
Ugzwar8PF3NevHcSzMp4AaABAg,@FireFoxDestroyer,Why must the msrp-less pandemic hit the dram of all places,2025-11-22T03:50:02Z,1,0,en
Ugx-DrDCy2BhsMgwcxd4AaABAg,@TheChurchofCacti,I saw a 9800x3d and 5070ti for $1999 with a 2 TB M.2. Way cheaper than building it myself. Of course it was sold out...but still.,2025-11-21T03:08:29Z,0,0,en
UgwiV8ubHFkwanticad4AaABAg,@bloodsheik1853,yo wtf why is DDR5 comparing or more then gpus,2025-11-21T02:41:45Z,0,0,en
Ugw3hBNJwQsgpFZ7Djt4AaABAg,@YZILYZ,CENTURY II 850W left the chet,2025-11-20T20:13:27Z,0,0,en
Ugw1Iq3TVffY9fEoPR14AaABAg,@bruh-l5r,you telling me that RTX 5070 Ti cant do 60fps at 4k? even with DLSS? hard pass bro.,2025-11-20T05:20:44Z,0,0,en
UgxCaQgJT03URhUBFGZ4AaABAg,@bastost,Sponsored ads are 🤌,2025-11-20T01:52:53Z,0,0,en
UgxQgjx6xstHKJ4oWch4AaABAg,@tamertamertamer4874,This video aged like an Avocado,2025-11-19T19:42:00Z,1,0,en
UgwLp1hKgKEaFR3lJjp4AaABAg,@jamesn.4892,Just watched.   Freaking ram is $320 now.  Such 🐂💩.,2025-11-19T19:22:51Z,0,0,en
Ugw1vSGOyB8dw3lNY1N4AaABAg,@Iywunos,Wait till he hears about the ram and ssd pricing,2025-11-19T17:44:57Z,0,0,en
UgztXlAOTasJLWYihn54AaABAg,@Mihnea729,Cool !,2025-11-19T16:20:26Z,0,0,en
Ugw3ZAfzPkOKFZ7QTLZ4AaABAg,@juliancottman9211,I just bought a thermalright mjolnir and it didnt feel cheap and cane with cable management brackets. W thermalright,2025-11-19T12:55:02Z,0,0,en
UgxxAVeHFq_xI3zrgQF4AaABAg,@julesj1126,SlayStation PC has a cute pink gamer girl aesthetic. I got a prebuilt for around $1k with a Ryzen 7 and RTX 4070 and 32 gb of RAM,2025-11-19T08:39:13Z,1,0,en
UgxUbLCqQNIRli_9_ZZ4AaABAg,@hankleigh9356,Does bro really have braces???? Haah. Bad look.,2025-11-19T08:38:29Z,0,0,en
UgwU4iD-B9yCUFy6V894AaABAg,@VijitChandna,This is actually so much better you could do at that price a few years ago,2025-11-19T07:23:29Z,0,0,en
UgzvIo87lFUESq6mFI94AaABAg,@xondie,"Linus there is a ASUS Rog G700 pc selling for $1200 at my Walmart , I’m wondering if this is a good deal for it . I’ve seen some  vids about the pc and it seems like a great choice",2025-11-19T07:14:48Z,0,0,en
Ugz5LbBrQ-4TbW0o0f54AaABAg,@fhw.5182,bro ram prices had to do ya dirty linus,2025-11-19T06:48:34Z,0,0,Other
Ugz9XZadTmHIwQuinJt4AaABAg,@SoliTheSpirit,this aged faster than milk in the center of the sun,2025-11-18T23:52:04Z,0,0,en
UgyyxK2iAAWBppqMWOJ4AaABAg,@jrandesi56,Water cooler?? Why,2025-11-18T19:27:22Z,0,0,en
UgzW0JFuXzZrK6f-jvd4AaABAg,@joshuaa1337,"Hey did I just enjoy the sponsor as much as the video?!! 😂 war thunder, now I want a jet with a tiger skin lol",2025-11-18T18:31:14Z,0,0,en
Ugxs-IJesynkyhpH2Ql4AaABAg,@sehnyu1652,"IDK what bro is on but that RAM AINT under 100, its selling for something between 200-250 😭",2025-11-18T14:15:37Z,0,0,en
Ugysoj-QEIB_G2hDJyl4AaABAg,@muayaddrdentist2313,67🎉🎉🎉 2:32,2025-11-18T11:13:18Z,0,0,Other
Ugy2nxkDsnhoFWOhGp94AaABAg,@syedtariq5003,"I didn’t even come for the video, I came to confirm if Linus really did get rid off his beard. 

My friend was right",2025-11-18T03:17:20Z,0,0,en
Ugz-BJpshrUjVY4MOAt4AaABAg,@ziggy3883,I can’t watch this video until I build my pc. But I need this video to build my pc! 😞,2025-11-17T23:36:00Z,0,0,en
Ugx4Qho2p1kwpr0z-Wl4AaABAg,@Foiliagegaming,lol. 3:54,2025-11-17T22:26:43Z,0,0,Other
UgzqL0Z8tOiIL_cTuiN4AaABAg,@LoadOfJak,I got a 5070 Ti + 9800X3D ++ prebuilt similar to this build for $1520 at the new mixrocenter in Phoenix opening day! So back :),2025-11-17T18:12:41Z,0,0,en
Ugw0ZcAhc6eTyHwiA3B4AaABAg,@ariryayuh,none of current prices worth it for these current games and trashy apps,2025-11-17T14:27:54Z,0,0,en
Ugx1x6nL8YzFLEMbCaF4AaABAg,@MrRobertkiller101,"Yeah prices might be good right now, but I also just got notified last week that my position is being terminated. I don’t think too many people can afford to take advantage of the good prices given the state of the economy right now.",2025-11-17T13:58:04Z,0,0,en
UgxuMGuUZNG2guWJa9h4AaABAg,@sadnxssFPS,Lmao this aged like milk,2025-11-17T06:47:20Z,1,0,Other
Ugy6JZlBLO5KdRzsDnt4AaABAg,@20AJS12,What’s a good but cheaper replacement for the ram and gpu,2025-11-17T02:41:02Z,1,0,en
Ugxl3T3nL5_6Y8pyGM54AaABAg,@carlsoll,"Dang man, Perfect Subject. GTA6 is soon— It is 😄. I’m behind, thinking a Beefy PC or PS5",2025-11-16T22:39:48Z,0,0,en
UgzHvlz1ieS3jLwrdCh4AaABAg,@EmperiorEric,Riley is a national treasure,2025-11-16T22:22:48Z,0,0,en
UgyMDyvZv_Cz0oclqXV4AaABAg,@B0x0137,"That RAM must've been purchased at least a month ago, if no more.  That kit has been priced at $279.99 for at least the last week or two, now.",2025-11-16T22:21:55Z,0,0,en
UgzkqO5tg6Y2iDSqnWt4AaABAg,@luisrosado7223,"So this is propaganda to try and get people to buy parts, got it. 
We went from $600 XX80 cards to $2000  XX80 cards. Getting the XX70 at $700 is not a deal. Keep in mind the 50 series and the 40 or even the 30 series are not that different in raw power, the difference comes in its AI frame generation SOFTWARE. They just choose not to make the software backwards compatible.

Its the same sales model Apple has. Same device, increase in performance thanks to mild adjustments and software upgrades. Its sleezy practices.",2025-11-16T13:12:04Z,0,0,en
UgwLMIQrd9nUZiHBqYt4AaABAg,@Blackeye1987,ram took the place of gpus making this video more unintentionally funny then it should,2025-11-16T11:05:21Z,1,0,en
UgxfIosabWFDJPeCTKB4AaABAg,@BlackMercy-it1jp,Which month did you guys film this video in? I swear the current price of DRAM is almost double,2025-11-16T09:58:49Z,0,0,en
UgzTWiMVSLGbrPxlV9Z4AaABAg,@coleD238,"This makes me so sad. I’m inevitably going to be forced to buy a PlayStation at this point. I’d love to get a PC, and the Xbox Tower could be alright I guess, but man…these prices are rough.",2025-11-16T03:32:54Z,0,0,en
UgyxtVkVo37chCRlWa54AaABAg,@gloeckle,🥛,2025-11-16T00:59:09Z,0,0,Other
Ugy82-ZjHADO_9ORhft4AaABAg,@ambiguous8661,MANUAL SAAAM!,2025-11-16T00:22:51Z,0,0,en
UgxwS80T2kVCSudvAQJ4AaABAg,@ambiguous8661,I READ MANUAAAALS,2025-11-16T00:22:42Z,1,0,Other
Ugzc5k3jy8AQ_G2bzvV4AaABAg,@dnizzle18,Linus.  What OS are you running on this build?,2025-11-15T23:32:32Z,0,0,en
Ugym3E57lriLlnsh9op4AaABAg,@IsaacGerken,"Great time to upgrade! Unless you need RAM, or storage. Then it's absolutely terrible.",2025-11-15T23:31:28Z,0,0,en
UgyitQI-UxI3fpjRw3Z4AaABAg,@RVAguy,Ok Linus or anyone who knows. I'm like an ancient gamer from the 2000s. My nephew needs the best gaming laptop for 1000 or around there USD. Please help. There are so many options,2025-11-15T19:52:20Z,0,1,en
UgxNI6eCjVHqFlpqkut4AaABAg,@D3nn1s,"750 usd for a 5070ti? Damn i though usgot import tax and all that, i purchased the same card for 800eur and that was a bargain that wont be delivered until december when amazon finally has it back in stock...
Thats 813 usd 😢",2025-11-15T18:41:23Z,0,0,en
UgyXRiCl0j19CNKbFuZ4AaABAg,@branko4138,😂😂😂,2025-11-15T16:28:11Z,0,0,Other
UgyQHsI9PbVhkAp4jUd4AaABAg,@GregHarbin,Thank god for the ad skip buttons. The embedded ads on LTT have only gotten worse recently,2025-11-15T16:06:11Z,0,0,en
Ugy1JNlaGdLJdb92Z354AaABAg,@PANTHERSARMYGAMING,can you give this pc to me 😅,2025-11-15T14:16:31Z,0,0,en
UgyvdUCP0iJ1nM-EmDh4AaABAg,@DanielHanson343,the cheapest 5070ti I can find in Canada is almost $1100,2025-11-15T10:05:55Z,0,0,en
UgyPAbJ9D2uoP5O3SLd4AaABAg,@eamran19,"How people's scam Amazon products.
how do they do it?
Can anyone explain me?",2025-11-15T08:37:46Z,0,0,en
UgzPD1jI0P0vaav9ns14AaABAg,@j-fharbec379,"This video was perfect; informative and yet simple and understandable for everyone. However, Riley's performance cast a shadow on everything else.

We want more Riley!!",2025-11-15T04:50:11Z,1,0,en
Ugyg001SNYmoGhlpBh94AaABAg,@violenthell,9700x is $330 msrp in the states right now,2025-11-15T03:08:35Z,0,0,en
Ugwgc1iJP4GNcW-EEgh4AaABAg,@spluv1,lmfao i love how he had to stifle a chuckle while chuckin away the laptop. must've been very cathartic. more pls pahaha,2025-11-15T03:07:44Z,1,0,en
Ugwctdiu0jtnnm6ldAR4AaABAg,@SurgStriker,"how long ago did they make this? was september 20 (give or take a few days) when the major manufacturers (possibly minor ones too) started spiking prices rapidly on RAM. And solid state memory likewise saw an increase. Seems like the actual memory chip manufacturers must have sold off capacity to gpu makers, bringing gpu prices down but making other components prohibitively expensive. My nephew had some ddr4 RAM he was looking to sell, paid like 100-200 for it, now the exact same kit is 400. And ddr5 kits i was looking at went up 2-3x. (there was one outlier, which for some reason shortly after release early this year spiked like 4x in cost, then came down during summer and hadn't spiked back up yet)",2025-11-15T01:57:58Z,0,0,en
UgwNFQSw-oIFLUcY7XB4AaABAg,@LOGVR,12:58 I love the sea horse bug,2025-11-15T01:45:45Z,0,0,en
Ugz32wZ4s2Ta4tOT1wp4AaABAg,@Revealingstorm.,Well everything is around MSRP now when it comes to GPUs except for the 5090..which is still crazy overpriced,2025-11-14T21:13:44Z,0,0,en
UgzIH8veiRBghs8hf0R4AaABAg,@huey1751,you simply cant get a 5070 Ti for that price here in the UK,2025-11-14T19:54:57Z,0,0,en
UgzQfz2xX3lWoLJaaop4AaABAg,@Enteriel,The War Thunder add was fucking amazing,2025-11-14T18:27:50Z,0,0,en
UgwYUf6aHHlp-0GzSj14AaABAg,@JoseChaconRodriguez,NGL I find myself coming back to these videos mostly thanks to the hilarious Rileys ads 😂 absolute cinema,2025-11-14T18:12:38Z,0,0,en
UgwNA214lvNEgDSGk-J4AaABAg,@ChrisSchönfeld0707,"Hello Ltt, Gaming with win11 is here superfluous,",2025-11-14T17:36:57Z,0,0,en
UgxsGZFSm5Y6V9S3rvd4AaABAg,@tvvipify,When are you getting rid of the braces?,2025-11-14T16:31:29Z,0,0,en
UgxsaUSekI9NzMddG_V4AaABAg,@bios5123,I can't focus on anything but your teeth for some reason ...dang,2025-11-14T15:55:01Z,0,0,en
Ugyv_jewS7oFHjr-IgZ4AaABAg,@pagers,"I am sorry, I was lost after 0:40.... what was said again? :D",2025-11-14T15:49:06Z,0,0,en
Ugxi11_yYcoOrF6UVQx4AaABAg,@rz2142,I come here for 2 things. Knowledge and Riley's advertising.,2025-11-14T14:51:20Z,0,0,en
Ugw5PWkkjeC5dDsZb_V4AaABAg,@Kempan,"GREAT SCOTT A PC AT MSRP?
Splendid.",2025-11-14T09:09:01Z,1,0,en
UgzYT3rZMWVpfMF3-6B4AaABAg,@peeg3n,DDR4 and DDR5 prices doubled lol,2025-11-14T08:20:55Z,0,0,en
Ugz8VKj2KQetgBKVBgR4AaABAg,@nathangibbs89,"Respect to LTT for giving praise when its due and flack when its deserved. Amazon has a lot of flaws but acknowledging when they  did something right or wrong is nice to see. A lot of media only focuses on the positive or negative, not acknowledging both. Thank you LTT, please dont let outside pressure prevent this kind of transparency, its why myself and Im sure many people are regular viewers and dont let the proverbial wind of reddit haters affect our opinion of this channels integrity.",2025-11-14T06:57:37Z,0,0,en
Ugwt8SzIB4NrcaoIE_h4AaABAg,@JeskidoYT,yucky take this video down it is extremely outdated in terms of pricing,2025-11-14T06:50:44Z,0,0,en
Ugym2wOfd639GENDkRV4AaABAg,@SuperSickWitIt,how bout testing on current games like bf6 or arc raiders? just saying i would like to know what i need to upgrade,2025-11-14T05:56:40Z,0,0,en
UgzeLZ8aqrk0jq2EVIN4AaABAg,@ALLRNDCRICKETER,"That same part list here in down under land, as of 14/11/25 costs $3172 AUD.

RIDICULOUS PRICING!",2025-11-14T02:03:57Z,0,0,en
Ugy1Zrdq93MHF_ZCzX94AaABAg,@isaacr7416,Bro it doesn't  count when msrp is way too high,2025-11-14T01:14:16Z,0,0,en
UgxtvXPTMpoolBCAZWp4AaABAg,@59spadesofalife52,The craziest part is this is basically my pc aside from the aio ram and psu,2025-11-14T01:12:20Z,0,0,en
Ugxzbt7sXXZrpF3AQsl4AaABAg,@viridionwaves,"""Daddy, my thunderhawk killed their thunderbird!""

""That's right baby! You kill 'em goooood! Now use that 40mm!""",2025-11-13T23:25:42Z,0,0,en
UgzsNdGYnGO_EpBcUHZ4AaABAg,@viridionwaves,Only to Rise Again!! Love it,2025-11-13T23:05:14Z,0,0,en
Ugz1G1I68ghhxMZK2lV4AaABAg,@viridionwaves,Oh my god that War Thunder Ad was so good... first channel I've ever gone back to watch again just to watch the ads lol. He should be doing doing every ad spot in this channels vids,2025-11-13T23:03:59Z,0,0,en
UgxPvKsmGJwwmMjCzEl4AaABAg,@baskapteijn,"Nvidia selling for MSRP: the AI bubble is closing in and Nvidia knows it, they might just-be-in-time to get back into the gaming market before the AI bubble bursts and bankrupts most of the big 7.",2025-11-13T22:28:34Z,0,0,en
UgwDLjYRlUGRU7xvx9N4AaABAg,@gummygreen5939,So does this still stand with drives and ram going up lole crazy 😂,2025-11-13T21:40:37Z,0,0,en
Ugxkon8PMbyJV-NLfRN4AaABAg,@WattsonGos,0:39 Rest in peace Mr.laptop,2025-11-13T19:44:09Z,0,0,Other
UgyRNQDaCmNDrk_Y1Xp4AaABAg,@shApYT,Please stop citing reddit comments as some kind of credible source. Your voice is more autorotative than a screenshot from reddit.,2025-11-13T18:13:42Z,1,0,en
UgyRuOy8qG-CB6Y3KZ94AaABAg,@LeeMoore-tu4gr,"Just built a $1600 Gaming PC
MSI RTX 5070 
Ryzen 7600X3D
32 GB DDR5 RAM 
2TB ACER NVME
850 SFX PSU
All inside the Jonsbo TK0 case!
Plays Cypberpunk 2077 at 1440p Ultra with 112+ FPS",2025-11-13T17:33:23Z,1,0,en
UgwuYIuopXT5xezASXJ4AaABAg,@COWBOY_Honky-Tonk,you know its a good value when your AIO cost less than your screwdriver!,2025-11-13T15:30:36Z,0,0,en
UgzWCLFYjIbxImw2_1x4AaABAg,@AbhI-wx3zo,"Dam, got a 5060Ti myself for a decent price. No thanks to the market, which were overpriced with no standard pricing, like, people sold them for whatever but the sensible price (Amazon was hell except for very rare 2 sellers that sold out fast who sold them at very manageable pricing).. But got mine cheaper than that. 

Just me venting.. Tldr: My RAM failed after barely completing a month since build, and just so happens to fail after an unnecessary windows update which may or may not have successfully completed due to power outage. My point being, when will microsoft realize their mistake and stop forced updates like the MSRP....

Unfortunately, within a month the only Amazon bought product failed.. my 64GB RAM reduced to 32, causing no BIOS access (except for the one time it got there and I confirmed BIOS reads both my RAM sticks) and no POST when trying it with one of the sticks.. It boots to windows perfectly with or without the faulty(?) stick but reduces my clock to JEDEC standard. Cannot access BIOS and XMP it unless I remove the faulty(?) stick. Im still unsure if the stick is ded, or my PC just dont want to use it, because it does acknowledge the slot is populated atleast (Just doesnt show up anywhere but the BIOS, which I cant access now). I am tempted to blame windows update, which happened as I was shutting down my system due to a power outage. Woohoo to microsoft.. I hope their children get bootlooped by updates while presenting their projects, seminar, conference, exams, interviews and client projects. \_(0 _ 0 \_)",2025-11-13T14:14:18Z,0,0,en
Ugzml3VRb_L67nQo-Cd4AaABAg,@cefernandezlobo1,The invisalign is so distracting,2025-11-13T13:39:48Z,0,0,en
UgwlGXDwadr8LsbB3KR4AaABAg,@bobmabob,The wt ad was fire 🔥🔥🔥,2025-11-13T13:35:07Z,0,0,en
UgyiFudj2FdJexrelEh4AaABAg,@omnidp-v9v,very noice,2025-11-13T12:42:33Z,0,0,Other
UgxX1QrsmEnPsBuwpBh4AaABAg,@GokuGoneApe,9700x is NOT only $20 more in here in Canada. More $120 more…,2025-11-13T12:21:01Z,0,0,en
Ugy3Gx2X1d9TYxBMzcR4AaABAg,@Prowler9000,"when considering pricing finally coming back to somewhere near normal don't forget the cryptomining boom that has cooled off a little, which was causing shortages right up until that silly boat got stuck sideways and goofed up product supply, and lead to that whole ""ford has stadiums filled with unsold trucks waiting for their processors to be installed so they can actually function"" situation.",2025-11-13T10:09:21Z,0,0,en
UgymXXAagCS4snxLHg54AaABAg,@atlas7309,"I wish I could upgrade my pc atm because some of my hardware is now over a decade old. Unfortunately that would mean getting new Motherboard, CPU and RAM. Which would still be expensive",2025-11-13T08:11:58Z,0,0,en
UgxMPSnzpp4czthOkzh4AaABAg,@lol3643,shops gonna stock out this shit and resell it,2025-11-13T07:52:37Z,0,0,en
UgzBYyBC1UdIGLqEH0F4AaABAg,@RBRM3,"A new Xbox is way less than the GPU alone and performs better than a lot of mid-range PC's!
 I use both, always will, but with open dev options, current frame rates, load speeds on both ends, options to use mods, upgrade and customize without a void scare since we now have the option and as long as you don't short something out and break it yourself... free fix!",2025-11-13T06:47:53Z,0,0,en
UgzgO6R82FCdO7dnId14AaABAg,@ryankline8188,"How well priced does a 2k build look, you think?",2025-11-13T06:02:12Z,0,0,en
UgwxsD_JW0S7Zrw8vn54AaABAg,@RetroFred,Small oof on the RAM.  😅,2025-11-13T03:22:54Z,0,0,en
Ugyn-iDWavk8z2SfjVl4AaABAg,@erfanrostmi-t6f,"What do you think about the following parts as a rendering and gaming system?
cpu reyzen 7 9700X AMD

Graphics card RTX 5060 Ti TUFGamming 16G Asus

Motherboard  X 870 plus TUFGAMMING 

RAM G skil Trident z5 Neo CL30 64G

SSD 990pro Samsung 

CPU fan AK620zero dark deepcool 
Is the fan the answer for the CPU?
cpu reyzen 7 9700X 
or 
cpu reyzen 9 9900X
pc for rendering and Gaming",2025-11-13T02:38:17Z,0,0,en
UgxhLmwyUnsIEKLZZX14AaABAg,@NikotheGhost,what a beautiful time for me to finally decide to buy a new pc after spending $1200 on a VERY cheaped out on build of a 2060 in 2020 when it was crazy.,2025-11-13T01:44:42Z,0,0,en
Ugy1bCTtJL_AyYAQae94AaABAg,@levidestin6783,"RAM prices are through the roof , now followed by ssds when was this video taken lol",2025-11-13T01:30:15Z,0,0,en
UgxP9TdFQw5SZ1Ay6nl4AaABAg,@Mechadoom,Keep making Riley do all the adds. Use whips and chanes if you have to.,2025-11-13T00:38:39Z,0,0,en
UgwFMGzVlkC3uB1mtit4AaABAg,@AngryCassowary,funny cause I just ordered MY 9070 xt at msrp,2025-11-13T00:34:45Z,0,0,en
UgxAj0PWuhX3N95xiIZ4AaABAg,@timay_edits,RIP Laptop,2025-11-12T21:49:23Z,0,0,Other
UgzYO6VXYg9Hzby0_Bh4AaABAg,@fabian_noriega,"In Germany, the same graphics card is around 900 Euros :(",2025-11-12T21:24:07Z,0,0,en
UgwLJO4chqIhnGPP6eR4AaABAg,@ThomasQuestHALO,Don't get the 9600x. The 7600X is faster and costs less!,2025-11-12T21:18:32Z,0,0,en
UgwNucCe89l6vKHusM94AaABAg,@Simauan,And Thermalright has AIOs with screens on the pump for $80. Got one myself and it works just as much as my NZXT Kraken did. (Even better sometimes) def the way to go for an AIO cooler,2025-11-12T20:59:23Z,0,0,en
UgxvEuTZxTZIQ-i_ktB4AaABAg,@BaluBrew,"-Mom! Can we have DrDisRespect at home?
DrDisRespect at home.............. love you Riley <3",2025-11-12T20:50:54Z,0,0,en
Ugzx_Z1h3Jr-80JJIxZ4AaABAg,@BaluBrew,"Linus: MSRP PC woohooo
RAM: brrrrrrrrrrrrrrrrrrrrrrrrrrr",2025-11-12T20:36:11Z,0,0,en
UgzfEV-G0q70n8pFxOh4AaABAg,@jopenhagenlongcut,"I basically built this computer back in march for $2000, definitely overpaid for my gpu. Went with a 12700k, similar aio, corsair ram, z790 mobo, and a worse ssd. sucks but whatever that's the game.",2025-11-12T20:36:04Z,0,0,en
UgwTFDeYnS2I0vlql4x4AaABAg,@nemoex,"Ohh yes The RAM Price Apokalypse already happened. I just bought the Parts for my new PC. The 32 gig Kit Kingston Fury Beast 6000mts cl30 cost a 160 € on Sunday. When I ordert them on Monday cheapest Prise I got was 240€. They are more expensive then my AMD Ryzen 9600x 188 € 😢. That hurts, cause that makes them second most expensive part in my Build right after the RTX 5070 Grafik Card. Greetings from Germany.  😅",2025-11-12T20:26:55Z,0,0,en
UgxdWoLDVcyz2WkIvhZ4AaABAg,@Grainsauce,"People are forgetting that prices have been getting inflated so a 5080's msrp of $999 shouldn't be that price, 80 series card shouldn't be a $1000..........",2025-11-12T20:16:13Z,0,0,en
UgzsJH964cBbzVJ3UTV4AaABAg,@manuelagobeli5756,"DDR5 RAM at MSRP??? 
its like  2x - 3x :(
Me just needing the RAM and Munitro for my 3000$ Build",2025-11-12T20:12:32Z,0,0,en
UgwsRAPMOjTYfukooTZ4AaABAg,@jespersolost,Liking every video with the Riley sponsor segments,2025-11-12T19:56:10Z,0,0,en
Ugx2D4nbqO14yA2XgEl4AaABAg,@cowboybenbop,dram enters the chat,2025-11-12T19:47:48Z,0,0,en
UgxsY7OZ6i7T0I3JAcl4AaABAg,@nisargapithva1902,"Dudddeeee, I just bought a Gigabyte pc.
5060 ti, Ryzen 7 9100 smth, 32 gigs, everything else gigabyte except the ssd",2025-11-12T19:14:24Z,1,0,en
UgwkhRQOrwHE2SDOjgJ4AaABAg,@tdswson-c5n,'Wow'... The complete opposite to how pay checks work,2025-11-12T18:58:09Z,0,0,en
UgxvIPylCINUK5SjkKx4AaABAg,@johnqsak,"9:45 Who is this Linus, What have you all done wit the real Linus? Noticed that in most build videos recently Fake Linus keeps performing Taboo of putting the case sides on a build before powering and POST 1 time.",2025-11-12T18:49:51Z,0,0,en
Ugx_oZ7-i-NYtVoK7Nd4AaABAg,@Peter-i7y1q,Best war Thunder ad ever,2025-11-12T17:23:48Z,0,0,Other
UgxLKOwl80RB4gxq6QJ4AaABAg,@filip9309,I literally ordered an Asus Prime 5070 Ti yesterday.,2025-11-12T17:08:13Z,0,0,en
UgyA_uVm_x9Y91xp-iR4AaABAg,@WhoTFstolemyname,$800 for a midrange GPU is still ludicrous linus.,2025-11-12T16:52:54Z,0,0,en
UgykKtHk9qXWjjUFgkd4AaABAg,@ildrichaseron,"My birthday was on November 1st and I was going to hold off on building a pc till then. Good thing I took advantage of Amazon Prime Days during the 2nd week of October. 

I saved 6% on my 9800X3D, 
10% on my Corsair 2TB SSD, 
16% on my ASUS PRIME 5070 Ti, 
18% on my Corsair 360 AIO, 
18% on my MSI Tomahawk MAX motherboard, 
24% on my Corsair RM850x PSU, 
25% on my Corsair 4000D case 
AND A WHOPPING 41% on my Corsair 32GB 6000MHz CL28 RAM

I too did initially get scammed by Amazon. There were 2 bottles of maple syrup in the GPU box instead of a 5070 Ti but Amazon quickly rectified that.

Had I bought the parts now compared to last month, I would have had to spend $400 more.",2025-11-12T16:40:26Z,0,0,en
UgxkFVX7X0MaY8p-nch4AaABAg,@jaydenlejeune5232,Rtx 3060 egpu on legion go is best way to play,2025-11-12T15:39:35Z,0,0,en
UgyzRk-1nOlUShZB7M94AaABAg,@ajhill2630,I need to see Manford Manley build the most patriotic PC.,2025-11-12T14:38:41Z,0,0,en
Ugy6RzYin4usE3HfyN14AaABAg,@tpaktop2_1na,"Here is more information in helping with purchaser's decisions. Besides the sellers of the GPU's on pricing, you can get bargain cuts on the finance side too. I got my RTX 5060ti for half price when Amazon noticed I was eyeing the GPU board. All I had to do is apply for their credit card. It saved me a couple of hundred from the original purchase price.",2025-11-12T13:02:03Z,0,0,en
UgwXtJ7Uos82HVSr-5Z4AaABAg,@Error56578,THE CASE COST MORE THAN MY PC☠💀,2025-11-12T11:15:04Z,0,0,Other
UgxtSWexB7iPfSW834t4AaABAg,@StreamerMedia-i5q,Are you gonna use that PC if not i’ll have it 🥹,2025-11-12T09:45:05Z,0,0,en
UgzRQZ1AY7-kfLp7yRl4AaABAg,@devon12346,I just personally upgraded from a ryzen 7 3800x to ryzen 7 5700x and 32gbs of ram to 64gbs of ram the ram was 10 dollars cheaper then when I bought it a year ago on amazon,2025-11-12T09:38:10Z,0,0,en
Ugyy3ME9y3eGLufFeZV4AaABAg,@kurvin2719,"I was about to question things, because RAM is really really going whild at the moment",2025-11-12T09:23:54Z,1,0,en
UgyJ-9LodOVztu5bmeB4AaABAg,@SploofertonTheSploofer,That warthunder ad made me want to play again cheers to the people who sold their souls to the snail,2025-11-12T09:17:31Z,0,0,en
Ugwk2Zygdx2rbowJuK14AaABAg,@Weedringerrecords,"@5:57 ,Why doesn't anyone tell Linus about his old man eyebrows with the long grey whiskers. All that money on teeth and then the eyebrows . Ahhh Man. Anyways.... Cool build . I am looking to upgrade soon. I did my first build way,way back, NCIX days . With your help in video form.I have built every PC I have ever owned. And a few more. Thank you Linus. Without you . I would have spent more ,and waited longer for the build. Doing it with your videos gave me confidence to do things ,and do them the right way first.Once again . Thank you.",2025-11-12T09:12:08Z,0,0,en
UgzFW2FeD2kxYNAqcjJ4AaABAg,@SolarSkyline,"I have the same AIO Cooler and its pretty good, keeps it more consistently cooler even compared to a Thermalright air cooler.",2025-11-12T08:12:02Z,0,0,en
UgxxusaDUeTUlNN42a54AaABAg,@yeetmeat-o4x,EcoElite Tech prebuilts are almost the same as cost parts. And they plant a tree for every pc,2025-11-12T07:46:42Z,1,0,en
Ugw6gUnQXxRpKdWiDy94AaABAg,@BrandonBrosious,Nah theirs no way it was $1600 and it still can’t hit 60 fps…,2025-11-12T05:10:33Z,0,0,en
UgzMG0yBmrLk2J3m_Bp4AaABAg,@ngregoirenc,Guess i better buy storage now,2025-11-12T04:45:38Z,0,0,Other
UgwafQYgYg19efmkwoR4AaABAg,@cheese5567,I remember seeing that t-create ram for that price like a month ago and now it’s 244,2025-11-12T04:44:07Z,0,0,en
Ugzy26BrDpP0CAezaTh4AaABAg,@saturnv1970,War thunder mentioned 🎉🎉,2025-11-12T04:43:16Z,1,0,en
UgxS0JM1lW0oRbK6V-Z4AaABAg,@thorstenthiele3173,"With Borderlands 4 requiring 8 physical cores on the CPU, is 6 physical cores really enough in 2025? Or in 2026?",2025-11-12T04:37:03Z,0,0,en
UgzRGkF2MgqOuCylrrZ4AaABAg,@ZeekTheZack22,You guys are the best offering guidance on building computers based on budget. Good on ya guys!,2025-11-12T04:28:48Z,0,0,en
UgzS-py1T-KIm-vbCiZ4AaABAg,@OLLI-mo4tq,"Love this, still gonna spend 1400€ on a pc that i will play cs2 and league while in discord.",2025-11-12T03:58:47Z,0,0,en
UgwGHeRSSdemV05Idwx4AaABAg,@Edgemaster72,"9070 XT has hit MSRP, at least for one of the AsRock ones. About those RAM and SSD prices tho...",2025-11-12T03:10:44Z,0,0,en
UgzbnmkNmly2WqGcloZ4AaABAg,@Carsalesman47,"Choosing a 9600X over a 245K/KF or 13/14600KF is wildly silly considering the difference in memory bandwidth and how largely memory bandwidth affects the smoothness and 1% lows in gaming. If you're not buying an X3D, Intel+DDR5 is a no brainer.",2025-11-12T03:03:05Z,0,0,en
UgzVXpnkU2eVcBAaD-14AaABAg,@devinthreethousand,Well this aged poorly now that RAM is like 400% more expensive lol,2025-11-12T02:17:34Z,0,0,en
UgyZFgJRKU349WJ7Mrl4AaABAg,@techbossPlus1,One day 🎉,2025-11-12T02:02:17Z,0,0,Other
UgxavOfnUmAbjg5Eau94AaABAg,@Westcoast_Kyle,Yeah don't look at ram prices right now yikes!!! Anyone know why its spiking so high? Crazy😊😮😮,2025-11-12T01:36:04Z,0,0,en
Ugxz8SopHqY8TVkxxg94AaABAg,@RossMKF1,Damn video didn’t make it before the ram price increase 😢😅,2025-11-12T01:22:18Z,0,0,en
Ugy013Kw0g-ikVQmiaR4AaABAg,@toshee2791,remember when $1600 gets you close or even high end gaming?,2025-11-12T01:20:20Z,0,0,en
UgyZ59wG4vZl7IVCNo54AaABAg,@gp37521,"Ah yes, a sub-100 32gb ram kit. Life is perfect.
Oh wait you're telling me the day after this was uploaded it went to $255? Guess I'm never building a pc unless I get used ddr3.",2025-11-12T00:50:04Z,0,0,en
UgzIN0wmazbbtOor8ed4AaABAg,@RealKi2DTruiTT,"I have a Ryzen 7 5700X with a 16 GB RX 7600 XT, and 64 GB of RAM. Should I upgrade to a 5800X3D, upgrade to AM5, or upgrade my GPU for more FPS?",2025-11-12T00:25:16Z,0,0,en
UgwaqfVmbSOEZMemkNV4AaABAg,@Daakor,"Note, I would not recommend the frozen notte at ALL for amd cpu's. The mounting pressure is too low with the clips, My 7800x3d runs at 85C consistently with the cooler. It worked just fine with my previous intel cpu though :)",2025-11-12T00:18:33Z,0,0,en
UgzZvid9H3jt6_W8zqZ4AaABAg,@KyleBevis-u7j,Riley’s ads are just next level. I’d buy anything from him.,2025-11-12T00:10:01Z,0,0,en
UgwUd1RjSVwrhnhRNLN4AaABAg,@davidstein1445,A 5070ti is good at 4k gaming in the same sense that eco boost mustangs are intact mustangs. Thats not a real 4k card and you know it. Just like the 4 cylinder mustang is not a real sports car.,2025-11-11T23:54:16Z,0,0,en
UgzBFrnzhZlm7HCxeTF4AaABAg,@fehmiugurunal,65W chip 360AIO wtf is this?,2025-11-11T23:20:50Z,0,0,en
UgxQ4ksZEQb3INRUaet4AaABAg,@Jorge_Rafa,"I have not skipped any of segues recently, A+!!!",2025-11-11T23:09:37Z,0,0,en
Ugw2dJcSiWI8tc6iV694AaABAg,@BOOMProductionsVIDs,alright imma have so un sub i dont know if i can take 10 more years of the same videos its making me feel like i'm in psychosis,2025-11-11T22:39:37Z,0,0,en
UgwQ7twO13CQrZdrnud4AaABAg,@hahahafunniness,Wow...my 64 gbs of ddr5 for $140 was a steal apparently. God please don't let it fall anytime soon,2025-11-11T22:16:52Z,0,0,en
Ugyw7sVKPVaAXC-37PV4AaABAg,@StochasticCactus,I Wish I had a pc like this on my lab to run Molecular Dynamics.,2025-11-11T22:08:51Z,0,0,en
UgzNkgfz2XQivbGjJF14AaABAg,@GonnerMeLeggies,"I mean honestly with the prices of ram, it makes GPUs look cheap by comparison. Thanks again AI for ruining computer prices so people can make better spaghetti videos (/s)",2025-11-11T21:58:39Z,0,0,en
UgxTk73B8_HZF616YXt4AaABAg,@ericjenks9596,Ram has entered the chat,2025-11-11T21:13:11Z,0,0,en
UgwgN-79V24v7wVBXqx4AaABAg,@Atang2005,0:40 I wish you would have given me that Laptop,2025-11-11T21:13:01Z,1,0,en
UgzIOujcpGmBJ9P4Xix4AaABAg,@rickyneeter69,Watching this on a 2700 dollar rtx 5090 🥲,2025-11-11T21:10:27Z,1,0,en
Ugzr5BR8iX6ueai5SdZ4AaABAg,@ApfelJohannisbeere,"Great add Riley again!
It's nice to be more closer to MSRP. Damn chips everything getting more expensive again. T.T",2025-11-11T20:32:34Z,0,0,en
UgwLl5kYMVdkQavzq814AaABAg,@SanderMakes,I feel bad for the float goats who miss out on these Riley ads...,2025-11-11T20:23:20Z,0,0,en
UgxWxnVecAF4duYmB-R4AaABAg,@tyno_skt,is it ok to fill both m.2 sloths? or will the speeds be diminish ? my motherboard is a ASUS PRIME B550M-A and only has 2 m.2 sloths,2025-11-11T20:15:10Z,0,0,en
UgwtwdsE-Nr6lYv6rux4AaABAg,@TheJazz580,"I did my rebuild last week to catch everything up to my 5070ti that I was able to pick up back in April. RIP RAM prices, my 32GB kit was $190 from my local Micro Center. What did they do, burn a fab down on purpose?",2025-11-11T20:13:40Z,0,0,en
UgyeNb_WoTIzgcKmiMp4AaABAg,@rubengabrielmejiagutierrez3794,You're the best Manford!!!!!,2025-11-11T19:52:45Z,0,0,en
UgxzaXJPQrriQNMFpFN4AaABAg,@RickyB686,I am so SICK of AI - it's pretty much ruining everything,2025-11-11T19:41:36Z,0,0,en
UgxsuDiaBK6GE2Qgiqd4AaABAg,@Clarkafer47,I want this computer so bad! how much for someone to build this for me!,2025-11-11T19:29:38Z,0,0,en
UgycPCEHnlSyFWmWrdF4AaABAg,@redgold1660,"Ive made 4 computers this year with the thermalright aio. I will say while it does run great, check the fins because there are usually a few bent ones. But you can also typically push them into place with a decent needlenose or just leave it since its typically just a few spots and wont really effect it that much.",2025-11-11T18:53:51Z,0,0,en
UgyMA1p0QUP8rxBsoPl4AaABAg,@Shaquille07-23,i wish it was that cheap in uk for a 5070 ti 😭😭,2025-11-11T18:45:17Z,1,0,en
UgwqHpHRMflZ8hw8QdN4AaABAg,@krissythecatboi,"If I was Nvidia, I'd just set the MSRP at 0$, boom, can say the performance per price is infinite and you can get 1000% performance of other cards by using 10x fake frames 😎",2025-11-11T18:42:11Z,0,0,en
UgxSQ6rQvjb1kl-zqjF4AaABAg,@TheSankom,Wow only $1600! - tipping from my $500 PC,2025-11-11T18:34:19Z,0,0,en
UgxQiwdJzzGbUxbRiOF4AaABAg,@dustinroberson1865,$750 for a mid tier gpu is still ludacris...It was only a couple gens ago that $200-250 was a mid tier gpu. Not to mention that the GPU's raw power hasn't improved as much in the last 5 years as it used to.,2025-11-11T18:31:12Z,0,0,en
UgzQF8C6HEpSgIukpRp4AaABAg,@SeenAndCheese,Dr Fauci approved putting puppies in a cage.,2025-11-11T18:17:47Z,0,0,it
Ugycf8mr8tOOpfgdxTJ4AaABAg,@RaijinOTG,W Ad. Keep em up Riley and LTT,2025-11-11T18:01:34Z,0,0,en
Ugz9tti-JXhEivmSMzx4AaABAg,@NotStare,"I bought the thermalright frozen notte 360 used for like 36 euro , its INSANE deal , its work like new",2025-11-11T17:58:58Z,0,0,en
Ugx6DURDTBUcSjTZxZF4AaABAg,@nathangregory_,It's odd that you would place a PSU under 1000W in any PC build. But maybe that's just me.,2025-11-11T17:58:46Z,0,0,en
Ugx5jh3x8pwI-_7ld8V4AaABAg,@fishingdude67,"Still think that's far too expensive, plus then you have to add the games. 
8-900 should give you a fantastic experience & only the highest spec coming in at over 1k+!
Then I'll bet with the new developments to transistors coming, very soon, they'll want to increase pricing once again!
In an environment where 70-80% of folks are finding it challenging, other priorities have to come first!",2025-11-11T17:51:27Z,0,0,en
Ugz8mR_oHDhoCmC8u1B4AaABAg,@debarghabandyopadhyay6680,"The AD is the highlight of the video @LinusTechTips

🦭(this is the closest thing to a sea-horse that I found)",2025-11-11T17:49:20Z,0,0,en
UgyQqJor-ZaGtKYqysN4AaABAg,@fritze868,war thunder mentioned,2025-11-11T17:46:50Z,0,0,en
Ugz76gKqDWeWE8WiEih4AaABAg,@terakahn,As a Canadian I have a tough time spending 1k+ on a gpu these days but I'd probably grab a lot of these parts when I could afford to. I have had to stick to 70 cards not even ti,2025-11-11T17:45:14Z,0,0,en
UgyB6DjoStLPBtlygn14AaABAg,@AndreasJordanidis,"get rid of that christmas commercial, it sucks ass",2025-11-11T17:40:59Z,0,0,en
UgxUAKyTxLeymlUJp2V4AaABAg,@informatikaIndonesia,intel forever.. I will upgrade when Intel becomes king again,2025-11-11T17:38:51Z,1,0,en
Ugy0Mv94uFBPBOcyHsd4AaABAg,@mcflu,"Theres literally still a 9070 XT going for $620 right now......

Yes thats not msrp, but it seems silly to go to a $750 card just because its listed as ""msrp"" lol

One more also, we really need to start including pricing for peripherals and monitors and other costs when making these builds. $1700 seems great, until you add on the cost of everything else assuming you're new to PC gaming and have nothing to start with, or you want to upgrade things",2025-11-11T17:37:24Z,0,0,en
Ugx3IvzYnQm5BnFI0-F4AaABAg,@AshSabre,Did everybody miss Plouffe's RAM prices thingee?,2025-11-11T17:33:14Z,0,0,en
UgxAPXx9U6l_7slV_Gh4AaABAg,@ppduval,@1:16 He NAILED IT 🤣,2025-11-11T17:24:41Z,4,0,en
UgxAsniH_JcwjN04THt4AaABAg,@hacksmith2831,Ram,2025-11-11T17:23:15Z,0,0,Other
Ugyn_kvxssTEHgVlg1J4AaABAg,@SPEC1015,My PC is about the same price as this and I have a 7800x3d with the same GPU,2025-11-11T17:16:52Z,0,0,en
Ugwu53h8MQxQfRuRemh4AaABAg,@Nevict,"Here is a challenge for you: build a PC with as few components as possible.
I know a PC can use a part of its hard drive as RAM.",2025-11-11T17:07:09Z,0,0,en
UgxBumFkILSTPLMkXJF4AaABAg,@kineticman123,Thermalright needs to start marking GPU's,2025-11-11T17:06:31Z,0,0,en
UgwfK8CReIGldnBi0hp4AaABAg,@Cb7sohc,I hope Riley is volunteering and not being volun-told to do these intros,2025-11-11T17:05:55Z,0,0,en
Ugyu1dO3dfci7ALvnVZ4AaABAg,@Knifetogunfight18,Didn't you promise a list for a bit of a cheaper pc? where is it? :(,2025-11-11T17:04:45Z,0,0,en
Ugzw_WZ4T23TiNJbvRx4AaABAg,@rob2257,"Congrats Riley, I think that’s the first and second time I’ve ever sat through a War Thunder ad.",2025-11-11T17:04:06Z,0,0,en
UgyrVKg5g9CtGis8uBV4AaABAg,@bredonful,To think we still need to compromise with a $1700 build at 4k is wild,2025-11-11T17:00:26Z,0,0,en
UgxD57vAZfS5oEDFSCt4AaABAg,@Mizahuri,"I'm just at the intro but, this sounds like the PC version of real estate agents telling you not to look at all the factors telling your common sense why it's a bad time to buy & pointing to 1 singular reason/change to 'prove' why now is the perfect time 😅 Screw the economy & all your bills, now you can buy a GPU for MSRP! (Because data centers finally have access to GPUs tailored to their means). Crypto is also getting past the farming stage so there's that market too. Look! You can buy ewaste at MSRP now! Just disregard the fact that games aren't even fun anymore & being shoveled out like last weeks farm hay!... please?! lol",2025-11-11T16:51:50Z,0,0,en
UgxQNSVHIDK3h9y5GFZ4AaABAg,@NeVErseeNMeLikEDis,"The aio cooler is amazing
I have 7 installed in my computers  been 2 yrs going strong.",2025-11-11T16:48:40Z,0,0,en
UgwoiHz1l8uP0w8q_a54AaABAg,@NeVErseeNMeLikEDis,Shows this video was made months ago lol😂,2025-11-11T16:42:21Z,0,0,en
Ugy6a19X6MWVUye09EF4AaABAg,@semeano,These sponsor segue's by Reily are funny as hell 😆,2025-11-11T16:39:13Z,0,0,en
Ugw0e90aU43HkQ5Az1d4AaABAg,@tamparockout17,Riley,2025-11-11T16:39:07Z,0,0,Other
UgzIBtZPd6d1383CSYl4AaABAg,@NMaster-2413,"We still need a microcenter in the Pacific Northwest, that way you can use their bundle deals. I had to get a friend to ship mine.",2025-11-11T16:38:31Z,0,0,en
UgybiXDnj7x0gxOYm7F4AaABAg,@Justacidity,"If you forget about the RAM, everything is fairly affordable! It's actually so bad. I checked the kit I bought early this year for AUD$199 is now AUD$499. Utterly insane. It doesn't look like it's being fixed anytime soon too",2025-11-11T16:38:15Z,1,0,en
UgxBHRw-nO5Jyd8ZC6J4AaABAg,@Rumitinab4406,"RAM, THE RAM. THE FRIKKIN RAM",2025-11-11T16:36:00Z,0,0,en
UgyWIFcMCKlnt299fjl4AaABAg,@rustypotatos,I bought same ram a week or so ago for 95 dollars now it’s 200 lmaooo,2025-11-11T16:31:36Z,0,0,en
UgxtzWihBe4wjI4Nr6d4AaABAg,@calebch42,"Jesus fucking Christ ""RAM Prices"" bots out the wazoo. They're also forgetting NAND prices.",2025-11-11T16:31:21Z,0,0,en
UgwJ4gTLDNvVt_ASd5B4AaABAg,@Jermtz,idk about yall but the quirky jokes hittin harder with his braces,2025-11-11T16:30:45Z,0,0,en
UgwagIRX2h08kKrFNAp4AaABAg,@megadeth8592,nvidia......easy thumbs down,2025-11-11T16:20:41Z,0,0,en
UgyAyT7jGTn6b3hU3I94AaABAg,@M-channel111,0:40 poor linus become insane from money or something why you hurt that poor laptop?...,2025-11-11T16:20:02Z,0,0,en
Ugx-3EK1eEh178PpyBV4AaABAg,@MarkVanReeth,"5 easy payments of nothing because it's freeyaaargh
🤣🤣🤣",2025-11-11T16:17:13Z,0,0,en
Ugwi1K4806tDTxbSVFt4AaABAg,@glacialdev,3:46 This went HORRIBLY,2025-11-11T16:12:05Z,1,0,en
UgyPFu4qVZeH5oOsiIJ4AaABAg,@wretchedslippage3255,The RAM portion of this video is hilarious.,2025-11-11T16:11:00Z,0,0,en
UgwJMrNFCteA89qxzEJ4AaABAg,@3_character_minimum,"I was wanting to build a PC this year. Taking some old scientific instrument as a shell. 

But pricing is frankly stupid and i refuse to engage.",2025-11-11T16:10:42Z,0,0,en
UgwOx77pLS0fKroJ0I94AaABAg,@MDProz_17,I pay $231 for same ram kit in india and you bought it for $95.99😢.,2025-11-11T16:08:39Z,0,0,en
UgzZtL5pVnvdoNREr7x4AaABAg,@Blablabla3945,"Wtf, i thought people were just whining, but the ram Kit i bought in September now costs more than double.",2025-11-11T16:05:09Z,0,0,en
UgzIXgpa6f4NyRu1CZx4AaABAg,@jonnycorb,"LMG missed the opportunity of a lifetime with all the talent leaving. The need for Linus to be in all the videos is a huge downside for growth. If you had positioned yourself as a platform instead of wanting to hog the limelight you could have had Jake, Alex, Emily and others all running successful channels with the backing of LMG. LMG helps them grow much bigger much faster than they could have on their own, they have their own channel and autonomy to do projects they want but with a lot more resources early on, and in return LMG takes a slice of the benefits - win/win - not unlike something like the DailyWire does with it's content creators. YouTube is not a zero sum game - I can watch videos from Jake AND LTT, one doesn't negate from the other. You had the chance to not only build your own channel but to build a YouTube empire, but the hubris wins out. I'm uber successful, heaven forbid I should help others have a small piece of the same. Such a shame. Instead you're left to scrape the barrel of one man's creativity with videos like this ""watch me build a PC with nothing interesting about it whatsoever"".",2025-11-11T16:03:53Z,0,0,en
UgyfgsL5eVR7x8T2E3p4AaABAg,@urizwariowany161,Years wanting that screwdriver so i saved for a reeeally long time to buy it along with other stuff because hey why not i better take anything i want in one single package so less delivery costs overall right? Just to then be bombarded with the reminder of the christmas season promotion in every vid a couple of weeks later lmao wish i ordered everything just one month later q.q,2025-11-11T16:03:00Z,0,0,en
Ugw7L5DRcJegqlttbwZ4AaABAg,@kimdahyunnie,"wrong, you got all that components from your parts inventory😆",2025-11-11T15:57:07Z,0,0,en
UgzSVr2f4E8UwV9Aqbx4AaABAg,@WidgyAinz,5:36 REMOVE THE PEEL FROM THE M.2 SSD COVER BEFORE SCREWING IT ON,2025-11-11T15:50:15Z,1,0,en
UgyaC54poIr1O94DI2N4AaABAg,@amorton94,"Maybe someone can help me. I'm rather PC illiterate. I've wanted to build one for forever and just never have. When I look at benchmark rankings and comparison charts for the 5070ti, I see other GPUs for less money that are higher on the list. Why would one go with the 5070ti then if this is the case?",2025-11-11T15:47:37Z,0,0,en
UgzT7anbfstl2k0-uHl4AaABAg,@calebthecashew343,"I was able to obtain 32gb of ddr5 ram at 6000 mt/s (dual channel) brand new off of a seller on ebay for like, 70 bucks. This was months ago and have been saving to upgrade to am5, I just HAD to buy that ram quickly because I knew a price like that wouldnt last long",2025-11-11T15:46:07Z,0,0,en
UgwrvYsbXgB7J9Kpm9p4AaABAg,@sagar5251,Waiting for AI bubble to pop for heavy discounts so i can buy gpu and ram 😢,2025-11-11T15:46:06Z,0,0,en
UgwyYNa2dX_9X_XL1fF4AaABAg,@xtr0city,MSRP lol,2025-11-11T15:45:38Z,0,0,Other
UgwwcKn0mlRTUns_puB4AaABAg,@10may43,"Luckliy i upgraded my platform before this ram pricing shit, i guess i got lucky 😂",2025-11-11T15:41:13Z,0,0,en
UgxtzD9vgi0IFhmCf_54AaABAg,@FakeName39,"its shopping season, every damn place is/has been scaling prices up so when they put it on ""sale"" which will still be more than it should be. You know what is terrible? prices for HD.. not ssd... Hard drives. If you check diskprices 8tb even used is now 100+ where just last month 10tb could be found for 100 or under. (yes used, yes it depends if its a damn scam or Grade B drive)",2025-11-11T15:37:56Z,0,0,en
Ugw3wgYViQRXvABliFN4AaABAg,@drk_blood,the AD spots done by Denis are .. like a organic organism. They keep EVOLVING =),2025-11-11T15:33:34Z,1,0,en
Ugz6Burqd-Jk6sVA8Pl4AaABAg,@RADGSF,"Is it really the best time to build a pc though?
AAAAHHHH RAMMM
I think this video was recorded before the ramopocalypse",2025-11-11T15:19:21Z,0,0,en
Ugw5RXMAm8cIME2kVyZ4AaABAg,@voltcrash,Not long before Apple's RAM pricing becomes justifiable lmao,2025-11-11T15:15:23Z,0,0,en
Ugys8KYZgJCPIy7HRU94AaABAg,@maliksaifullah6895,"Your content is great! I really enjoy watching your videos. I’m a professional video editor, and I think I can bring more emotion to your videos through storytelling and editing.",2025-11-11T15:14:36Z,0,0,en
UgzNdFPWOumlAda7ioR4AaABAg,@DiJAndy,"I bought recently a 5070Ti, made by INNO3D and I LOVE IT! Why? After my 1080Ti retirement I can finally crank everything to max at my 3440x1440 monitor!",2025-11-11T15:10:52Z,0,0,en
UgwN6Ivl8ARPg17nMQd4AaABAg,@gingatanfamilia1911,can i have the pc pls,2025-11-11T15:06:52Z,0,0,en
Ugyz_EOiU9meAvbXzAR4AaABAg,@Slimeglime,day 9 asking for a free pc,2025-11-11T15:04:56Z,0,0,en
Ugy6fE5tMQg3HW6Vih14AaABAg,@r3petiti0n29,that t-create kit is so good,2025-11-11T15:02:58Z,0,0,en
Ugw3dM5nZuzds_MDDLJ4AaABAg,@ChrisLeonard-d2t,Calm down,2025-11-11T14:59:47Z,0,0,pt
UgwR_8VwRagcfrULXRN4AaABAg,@camadkins5487,I bought a 64 gb set of ddr5 ram in October for 150 just checked amazon and that same ram is now going for 350..... Crucial Pro DDR5 RAM 64GB Kit (2x32GB) 6000MHz CL40.,2025-11-11T14:58:38Z,0,0,en
UgydUSIOlGT-UNjsG1B4AaABAg,@MadSodaz,I could have bought 3 sets of my RAM kit for what it costs now for 1... A.I. arms race is ruining everything..,2025-11-11T14:58:16Z,0,0,en
UgwS852n2VUoITMJ1uN4AaABAg,@CorbyQ,I wish I could pc game,2025-11-11T14:57:09Z,0,0,en
UgwOQQeQl5INeqUSNLR4AaABAg,@happytorrentt,Recession indicator: building a pc is finally affordable,2025-11-11T14:53:36Z,0,0,en
Ugy4kUo1DdkULkkbvJp4AaABAg,@OniLink-405,Borderlands 4 is almost held back by 6 cores. My Ryzen 5 4600x is barely able to run it at 45 FPS. Would the 9600x be better or should I get the Ryzen 7 5800x?,2025-11-11T14:52:24Z,0,0,en
UgxgXQp0ToEJDlVLCHl4AaABAg,@paintki1z,Where did you 100 hundred dollar DDR5 for 32gb? Same set is 250 rigjt now.,2025-11-11T14:41:29Z,0,0,en
UgwiaVVeBzMWHFN1K8t4AaABAg,@mike-vasconum,"6:07 Phanteks is NOT fun.
Years ago I made an ITX build with their newest Evolv Shift Air case which included a propietary PCIe 3.0 extender and recently, after asking them a cable replacement or a solution, they totally denied my request so I had to sell the hole case to future proof PCIe 4.0 or 5.0",2025-11-11T14:41:17Z,0,0,en
UgyVWWIpAgWQKj-IWbh4AaABAg,@General_Madness,"I love the sudden change from unhinged Riley with the War Thunder ad, to more calm Riley with the lttstore ad😂",2025-11-11T14:36:10Z,0,0,en
UgwobZ6ewjBK58xfOa94AaABAg,@MrJohnS.,He really killed that warthunder spot it was fun to watch 😂🤣😂🤣😂🤣,2025-11-11T14:34:48Z,0,1,en
UgwTT8tMSfNNs0PPCll4AaABAg,@Skdir,3:47 what a prediction 😂😂,2025-11-11T14:33:54Z,0,0,en
Ugxa4XJeC3ujl1aRdNx4AaABAg,@NeroX619,1200$ in Norway..,2025-11-11T14:32:16Z,0,0,en
Ugx0NRSg5byDgkK4tth4AaABAg,@jerrycaskey4483,The Riley whiplash between the first two ads is crazy,2025-11-11T14:31:56Z,1,0,en
UgzHtJhQoM-6wznowc14AaABAg,@peterfdfdy1539,"i got a 5060ti for $420.69, nice number",2025-11-11T14:30:56Z,0,0,Other
UgyDYvQWjARXbB1aShZ4AaABAg,@goloth,"in denial. that's no $1500ish build. it's $1700 and doesn't include a monitor, os, or peripherals.",2025-11-11T14:29:44Z,0,1,en
Ugw6WtCEhD3DoMIU_k94AaABAg,@paulquaresimo9432,Did I ever say thanks for helping me? If not thanks!,2025-11-11T14:17:45Z,0,0,en
Ugxt82jwY6gxuh2gOLZ4AaABAg,@grandprixuse,Complaining about high prices while selling 70 dollars screwdrivers haha,2025-11-11T14:15:42Z,0,0,en
UgyC0fQhuWSw2VoPhmt4AaABAg,@readycheddar,Can we get a video of just Riley's ads?,2025-11-11T14:15:17Z,0,0,en
Ugx8jyc6Y4023aUJPyl4AaABAg,@HRobert91,this was one of the very rare occasions I watch ads,2025-11-11T14:14:35Z,0,0,en
Ugwz9o0LduNevtJnLXR4AaABAg,@wuschelhd9256,Imagine the ram prices right now 😭😂,2025-11-11T14:08:32Z,0,0,en
UgxwU4eLCJeJIo25mgx4AaABAg,@B.Miller,I really think this should've been a 9070 XT build.,2025-11-11T14:07:13Z,0,0,en
UgyV51sjEVg8unbbaJh4AaABAg,@xTadpole6,"sure the companies can lower costs, but really why would they when there are consumers out there going and paying these absurd prices. If people are willing to pay the price why lower it.",2025-11-11T14:04:32Z,0,0,en
Ugym7uhXMTXyel5I4yd4AaABAg,@mahendrabayu5526,ddr5 is dobel the price in my country 😢 3 mount ago 150 now 300up,2025-11-11T14:03:17Z,0,0,en
UgyBGbPOE2Vu09EYa_N4AaABAg,@erkinyldrm6579,Riley ad was amazing,2025-11-11T14:01:28Z,0,0,Other
UgxiCYhpr5PmN3JPM0d4AaABAg,@flopster420,"at this point, i'm just here for riley's sponsor segments. absolutely killing it.",2025-11-11T13:58:48Z,0,0,en
Ugx4UAKmBvp4rmVBV4Z4AaABAg,@davcaplsek,insane budget pc,2025-11-11T13:56:35Z,0,0,Other
Ugy0PEFFOfNXLNwL0Cl4AaABAg,@filipstankovic6238,well well well (dram),2025-11-11T13:55:32Z,0,0,Other
UgybFg5HgaliqeSjFK54AaABAg,@flibblesan,Of course Linus installs the CPU block the wrong way round,2025-11-11T13:51:05Z,0,0,en
UgxfLZwas3UO-2kgs4p4AaABAg,@kyleduhn3593,now you have to remake this video with ram prices lol. my kit went from 230 to 560 in one month lol,2025-11-11T13:49:20Z,0,0,en
UgwORpoNrsRL5dHk87V4AaABAg,@Rah84eem,Future Linus problem 😂,2025-11-11T13:45:00Z,1,0,Other
Ugy_8NLvpjCvklZ73fF4AaABAg,@ErichToven,"Linus just basically calls $1600 a  ""good deal"" on a gaming rig. Psst no it isn't. People have no clue how to build a pc or what value is anymore. All just influencer manipulated idiots.",2025-11-11T13:43:21Z,0,0,en
Ugwki4fdvgHvho4gl8F4AaABAg,@joshuabaker8236,"Just to let yall know, you can buy 32gb of ddr5 at walmart rn for $160.. its Kingston fury brand and runs at 6000mt.. I would get on it before they catch on. Just put it my new build and it works fantastic.",2025-11-11T13:40:19Z,0,0,en
UgySrK6PdAQBIG74FEd4AaABAg,@konkondotzip,"they installed the cpu block so that the thermalright logo is upside down lol

i have a thermalright AIO too, i did that as well the first time i screwed it on without realizing",2025-11-11T13:39:16Z,0,0,en
Ugz4s5ZwDSmF6mfnFRV4AaABAg,@xtxo,"come to India, everything is a scam here
our govt is so dumb but so is trump with all those tarrifs",2025-11-11T13:35:36Z,0,0,en
UgzPvZeDlxPQSDpirOB4AaABAg,@TheTactialLlama,"After all of that, they test one game….",2025-11-11T13:35:05Z,0,0,en
UgwuNUXRlYQA_M4kNXF4AaABAg,@nectolyt7742,I got 64gb of ddr5 6000 c32 for 140€ (yeah used but barely) i feel like i struck gold when im seeing 32gb kit going for like 120€ instantly,2025-11-11T13:33:41Z,0,0,en
UgxFoUQR-h1oZyYqLYp4AaABAg,@LowLifeDust,people crying over prices not being the same as when this was filmed...  Just get off the internet and go yell at people on your lawn,2025-11-11T13:32:54Z,0,0,en
Ugyjz4MK7KtN0VIoZ5B4AaABAg,@waszqba,"After quite some time of just glancing through crazier and crazier content from LTT I finally am excited for a video from you. A genuine build video with genuinely happy host (not just for the cameras) with all the whimsy I know and love from the older content, but with modern quality.
It may be too early to tell, but I treat it as a sign that LTT is healing ❤️‍🩹
Thank you for this video, although I’m not building anything atm, I needed it ❤",2025-11-11T13:29:48Z,0,0,en
UgzSQ8jOK2MZy3OXqAV4AaABAg,@NRoy-oh1gq,0:28 is that tectone ??,2025-11-11T13:24:40Z,0,0,en
UgwGeHB_n6w8ysOcIaF4AaABAg,@josiahvalentine3430,"5:45 close enough, welcome back vsauce",2025-11-11T13:21:58Z,0,0,en
UgzazfXyylIomcPhbJx4AaABAg,@pangbangdang3672,9600x is 100% a bottleneck for the rtx 5070 ti at 1080p. I switched from a 7700x to 9800x3d because of the insane bottleneck even in unreal 5 games,2025-11-11T13:13:05Z,0,0,en
UgwJYWjfoBAPpYtTfep4AaABAg,@itsdeonlol,W Linus!!!,2025-11-11T13:12:37Z,0,0,Other
UgwfC2diuZx-9-UNRud4AaABAg,@notalostnumber,The video didn't even release and it was already obsolete,2025-11-11T13:08:06Z,0,0,en
UgxUJR6aznYm1ayhfXV4AaABAg,@Ziadalblawy,750w for even an A tier psu at 140 is crazyy i can get the vetroo 850w rated B+ on spl psu tierlist for 85,2025-11-11T13:02:33Z,1,0,en
UgxUXR8KAIcGoDzkon14AaABAg,@ourcrazyride34,"You guys need to do a video digging into the dual GPU, lossless scaling setup compared to single GPU dlss/fsr.",2025-11-11T12:55:33Z,0,0,en
UgzdNiN6SXOC1NYZufJ4AaABAg,@Friddle,Swap the 5070 ti gpu for a cheaper 4070 super or a 5070 and upgrade the cpu to a 7800x3d or a 9800x3d,2025-11-11T12:54:38Z,0,0,en
UgxUJPS2Q5Dqjiqbmgd4AaABAg,@frankthetankricard,Having recently upgraded my system I dusted down Cyberpunk and it's laughable how unplayable it is arond 50 fps. I've tried it with all combinations of graphical settings humanly possible (including frame gen briefly for testing purposes but I'd never actually use it). I could get a stable 60-70 fps at 4k with reasonably high settings that would work for me in other games but it adds so much input lag it's not even funny. Even around 100 fps and below 10ms frame times the input lag is very noticeable. The game is getting to the barely playable level above 100 fps. Also it goes down to 20 fps if I move my mouse with it set to 1000Hz polling rate so that's a great little extra spice I got to troubleshoot.,2025-11-11T12:51:57Z,0,0,en
UgxzsW67oIJRUo9tAnR4AaABAg,@ShachMaT2,Last 5 days RAM prices just got kicked higher by 60 to 120%. Thanks industry.,2025-11-11T12:49:26Z,0,0,en
UgxEvIXOs4q40S0sLcN4AaABAg,@Jnguyen232,U can take off the thermalpad on that ssd and install with the Heatsink SSD on Motherboard instead ( can warranty BTW dont worry) . Love your content video💯,2025-11-11T12:48:31Z,0,0,en
UgxBx-_KzfKs1WKAkjV4AaABAg,@-NA-NA-,I had bought a WD ssd and an empty box came too… second time I ordered it I got a one tho,2025-11-11T12:47:44Z,0,0,en
UgzZKPTXZ78R3W3yl_h4AaABAg,@lostcosmos3245,This title needs to change to $1800 ALL-MSRP Gaming PC* Edit- DONT EVER SKIMP ON YOUR POWER SUPPLY! Edit Edit - Riley needs a raise - he's the ONLY reason I dont skip the ads now!,2025-11-11T12:46:23Z,0,0,en
Ugw0KLApNEntU6U_1Wp4AaABAg,@evaldaska6541,Now create another video buying these parts in canada it would be interesting to compare,2025-11-11T12:34:16Z,0,0,en
UgziSiIJa-AoU0-EVZV4AaABAg,@KizunaRidwan,"Oh boy, yeah about the RAM price..... Yeah, it's bad 😅",2025-11-11T12:33:49Z,0,0,en
UgyCaK1k64TEOC2QB6x4AaABAg,@ZipDub67,Linus update your prices too. 215€ for a Backpack is more than a rip off.,2025-11-11T12:30:04Z,0,0,en
UgwHYzR_4-DN6Ngexux4AaABAg,@BaNJaX91,Can we get a year end special video of all Riley's best adverts? There have been some absolute bangers recently,2025-11-11T12:28:26Z,1,0,en
UgxKsUGM8LE-op6CAbF4AaABAg,@Goku69762,9:54 Geh mouse,2025-11-11T12:27:31Z,0,0,en
UgycAnK5fAJLNKZnUqR4AaABAg,@Stone_Rock,I thought MSRP stand for market standard retail price,2025-11-11T12:25:03Z,0,0,en
UgyQhWpwE6B5jryM8UR4AaABAg,@tbharghav,Who will add the Retail tax ? 😅😅,2025-11-11T12:22:39Z,0,0,en
Ugzia8GfxteeVlizdzt4AaABAg,@acneattack7676,I love war thunder,2025-11-11T12:22:38Z,0,0,en
Ugyq67Yw4_gpZlc4LjN4AaABAg,@ObsidianMLG,bracket.. :(,2025-11-11T12:22:02Z,0,0,Other
Ugzujq9ZK4oeEGOr-YV4AaABAg,@manlapazjohn5554,Man ram prices in my country a set of 32gb kit is almost half of 9060xt 8gb price and a 64gb makes it even,2025-11-11T12:20:09Z,0,0,en
UgzEmSUrV46Gf_LB1-B4AaABAg,@leonardopala8800,"With the current ram prices, it's matter of time before we get an 5060 cheaper than a pair of ddr5 32gb ram sticks...",2025-11-11T12:16:15Z,0,0,en
UgxsrWhPBKPojkmEFi14AaABAg,@nix1514wi,한국어 더빙좀 지원 하지. 기술 뒀다 뭐하냐,2025-11-11T12:08:07Z,0,0,Other
UgzMSgzjQ981tIQwsz14AaABAg,@shadowwalker5742,Ram denied this video very quickly.,2025-11-11T12:07:07Z,0,0,en
UgyQiK24NhNuNLKta2p4AaABAg,@Dunjma,"Hey can you go back in time and release this video a month ago? Would really have saved me some money, k thanks",2025-11-11T12:06:28Z,0,0,en
UgyKLCr0UAq25k5n_SB4AaABAg,@AliAbdallah-k7b,"With current DRAM pricing?

HEEEELLLL NO",2025-11-11T12:04:34Z,0,0,en
UgxL06zjFC2-BG9ox1p4AaABAg,@stillsideways4444,"THE SNAIL NEEDS YOU PEOPLE RAHHHHHHH

🔥🔥🔥",2025-11-11T12:03:01Z,0,0,en
UgxQwOCBgDGYUtTgk8F4AaABAg,@BleepBlop-rh9lm,"God dammit, Riley. You're good.",2025-11-11T12:01:49Z,0,0,en
Ugzsk2aBT42kY8iWz4V4AaABAg,@Wild-e8n,the ram kit i bought 9 months ago has now doubled in price,2025-11-11T11:53:13Z,0,0,en
Ugyh50tXPJx7lS0o8-x4AaABAg,@BleepBlop-rh9lm,we're gonna start with SHe-Pee-You,2025-11-11T11:49:56Z,0,0,en
Ugz8epz2gkvzETzOJbB4AaABAg,@silentgaming1197,LOL! The RAM threw the buget PC off! 😂,2025-11-11T11:45:41Z,0,0,en
UgwJfD_xucoGYiZ4NdF4AaABAg,@pablo_Xkobar,linus these ram prices,2025-11-11T11:45:08Z,0,0,en
Ugy9uNYSNPrXHfSBWHN4AaABAg,@crzren,13:33 🤣,2025-11-11T11:44:25Z,0,0,Other
Ugx_u1EkyCuQdv_4piF4AaABAg,@wesleyer9380,"i actually built my pc over this past weekend for a similar budget, but i went with amd's 7900XT.",2025-11-11T11:40:41Z,0,0,en
Ugw_xrwdiUIAqxBWqPR4AaABAg,@wielku,"2 weeks 2 late, ddr prices are insane",2025-11-11T11:40:21Z,0,0,Other
UgwV1huBMkDBuWt9C8F4AaABAg,@PinkFK2R,"Would be nice if you added ""thermalright can afford to sell products for cheaper due to the fact they own their factories that make the AIOs"".
Something that's been mentioned within the PC community many times now.",2025-11-11T11:32:52Z,0,0,en
UgzT4QYCqiHzJzTa6gp4AaABAg,@DaGhost141,"I actually hit the sweetspot a month ago, got a 5090 FE and 9800x3d for msrp and RAM was not that bad yet.",2025-11-11T11:30:30Z,0,0,en
UgyHjHGiKDiNCfNpcgF4AaABAg,@Milæ-r1h,"2:40 u sure about that
Spiderman 2 with maxed settings is already saturating an 8 core ryzen 9800x3d",2025-11-11T11:28:11Z,1,0,en
UgyaQWPTy8MmiPZaZjR4AaABAg,@amirkaragozlu,"too late linus , the ram has doubl... nevermind , tripled the price",2025-11-11T11:24:23Z,0,0,en
Ugy8cZhJ82-xPQf-7E54AaABAg,@snowman22ism,"In none of the infinite universes would I have ever anticipated me saying this but, this video gets a thumbs up for the ad spots...",2025-11-11T11:22:02Z,0,0,en
UgzdS1KXJPrxj5OdVYl4AaABAg,@josonpedalsteel,These seqways are getting wilder and wilder xD,2025-11-11T11:20:35Z,0,0,en
UgyHQUy01nqG8m-PENV4AaABAg,@Matt561,Using the stock mounting hardware is such a nice touch.,2025-11-11T11:11:51Z,0,0,en
UgxyQExHOHcurh8y3rx4AaABAg,@VinayVarsani,12:59 or if plouffe owns a monitor?,2025-11-11T11:06:12Z,1,0,en
Ugzlv7KZPdbljjEKTJ54AaABAg,@Zarod89,5090 still goes for €2700 where I live. That's 3k USD. While in the US it goes for $2k?,2025-11-11T10:58:36Z,0,0,en
UgxidWJzsBCWZGa7tjJ4AaABAg,@LVRaivo,No laptop was damaged in this video ,2025-11-11T10:57:27Z,0,0,en
UgxtD_HeAsSMX0UfouZ4AaABAg,@CaptainFox23,Rip this video with ram prices,2025-11-11T10:56:58Z,0,0,en
UgxwOl3t5i_kWwi3ZGJ4AaABAg,@zumbie,"I ran this to the ""pc part picker"" of my country (Spain) and it's 2368$, not 1800$ by a quite bit, I guess  it's supposed to be around 1980$ with taxes wich makes it a bit closer but still about 400$ more.",2025-11-11T10:51:51Z,0,0,en
UgzSERkl8OQYyIJffEt4AaABAg,@emeraldzhu,"Crazy thing is, I had an almost similar build (7800x3d, 850w bequiet) and it was around $1700 (would be less if case came with fans) pre-tax. Checked the part list right now, and the same build is $1850 pre-tax. 
Crazy indeed 😂",2025-11-11T10:46:53Z,0,0,en
Ugw9faqrrXJtrnW9xj94AaABAg,@peniku8,"Brilliant, an LTT video with even more low frequency rumble than usual!",2025-11-11T10:44:23Z,0,0,en
Ugxj7FuGQO87Td1tH2Z4AaABAg,@dressdenblack,That TEAMGROUP T-Create Expert 32 GB (2 x 16 GB) DDR5-6000 CL30 RAM went from under 100 to 245 by this videos release lol,2025-11-11T10:40:36Z,0,0,en
Ugx5Qc0gR-G4fbvW2U54AaABAg,@RiverQuack,"Meanwhile i am sitting in switzerland where MSRP hasnt been a thing until parts aged to atleast 2 years old and even then its not a given :) (except AMD gpu's for whatever reason those dip to msrp from time to time)

But atleast you can sell a 2080 for msrp today KEKW",2025-11-11T10:36:56Z,0,0,en
Ugw6OVvvgHMyaABv4oZ4AaABAg,@ИльяФомилия,"Really, really, really😊❤",2025-11-11T10:29:02Z,0,0,en
UgzEWcsu66zpvf-_qhd4AaABAg,@I_amHORIZON,"What is the software used to monitor thermals, FPS, etc. at 11:59?",2025-11-11T10:24:51Z,3,3,en
Ugz6HJkJm8TytXvhQYp4AaABAg,@SaitoTsukuyomi,Does linus have..... braces?,2025-11-11T10:21:21Z,0,0,en
Ugz-nECNCOGOskiwfR14AaABAg,@Haleskinn,"the 5070ti works in america/canada, but in europe 9070xt is 200€ cheaper than cheapest 5070ti :D so if you want to expand to europe market i can start doing videos/pc builds for you if you want to stay relevant to the other 50% of your viewers over here :D",2025-11-11T10:18:01Z,0,0,en
UgwH-6G5U38m7eZ7PNh4AaABAg,@jeffallen7860,Lost me with nvivda mrsp or not i reather pay a 100 more for the 9070 or 9070xt don’t care much as long as it kept me away from the green brand i would even pay 50 more for the 9060xt before i got i got 5070ti or anything green brand,2025-11-11T10:14:49Z,0,0,en
UgxA0RgwLGzsO3X8fg54AaABAg,@bigjoeangel,"I think I'd save a bit on the GPU and get a Radeon RX 9070XT (-£115) and use the saved cash to go with an 8 core Ryzen 9700X (+£75), a 1000W PSU (+£20), and upgrade the motherboard to B850 (+£20) for PCIE gen5.",2025-11-11T10:14:25Z,0,0,en
UgycW1BpW6TT-hRjyrV4AaABAg,@somedudewithacamera220,Can’t wait for this week’s WAN where Linus feels the need to explain himself because of the RAM prices he has absolutely zero control over,2025-11-11T10:14:17Z,0,0,en
UgyzB2bbpb5xVv4r_3d4AaABAg,@mateogestal,"Couldnt care less about war thunder, but incredible ad I watched the whole thing",2025-11-11T10:05:50Z,0,0,en
UgxcGlCY5JXbA3AwuLN4AaABAg,@jamieknight326,Ha! I misread it and assumed MSRP was a new brand they were working with…,2025-11-11T09:58:03Z,0,0,en
UgyJ1h28AfiQjw7v3D54AaABAg,@DomGaskell,We don't skip the Riley ad spots. It's the law. Love them!,2025-11-11T09:55:58Z,0,0,en
UgyjHavvAq1C_UTXH_p4AaABAg,@arthurmorgan1215,This video aged worse than manth old bread,2025-11-11T09:51:02Z,0,0,en
UgypLV6X8tcRiC3VeqF4AaABAg,@lillianivie4556,Linus' teeth make me think of sharks. Idk why,2025-11-11T09:49:19Z,0,0,en
Ugy5Rp3f80WvJeQrb454AaABAg,@romxn-,linus when did you get braces lol im ur biggest fan lol sigma get me a free pc and ship it to me,2025-11-11T09:45:12Z,0,0,en
UgxGz3URmmzRrjXO6Kt4AaABAg,@shahriyartk,In this year there shouldn't be any 6 core cpu at that price freaking amd!!! I would go with 7700,2025-11-11T09:44:56Z,1,0,en
UgxjH3YrO6T5fqjknQp4AaABAg,@ChocolatePaint,Riley after spending 2 days in Texas,2025-11-11T09:35:11Z,1,0,en
UgzEyplxC92vjNjWs2p4AaABAg,@MotorcitycrownsPod,Riley is absolutely killing the ad spots!,2025-11-11T09:33:51Z,0,0,en
UgyKYBUF1q8U_I5tI114AaABAg,@QuinnBarnett,That case has enough room in the top to install CPU cables after the mobo is installed,2025-11-11T09:32:59Z,0,0,en
Ugwj0KKfRKW03M5Frp14AaABAg,@ApathyGates,Australian tech-tax....that AIO cooler?  Over $200 here.  :(,2025-11-11T09:32:30Z,0,0,en
UgzIQbvsrjubJDbXeZR4AaABAg,@discopanda5013,"does linus's teeth look weird? Something looks off, they seem smaller and yellowing",2025-11-11T09:30:20Z,0,1,en
UgxXrqjeoIj49lnd0QZ4AaABAg,@JackJackDaBest,"5:46 
**vSauce Music Starts**",2025-11-11T09:27:59Z,7,0,en
Ugxu1TXjkwFP8TNyEEB4AaABAg,@worleywarrior,I still have a i5 6400 and gtx1650 LOL,2025-11-11T09:26:21Z,0,0,Other
UgxonkcanHV5Za9-dQR4AaABAg,@Nut.1711,"GPUs are going down in price but RAM, of all things, is going up in price 😭😭😭",2025-11-11T09:25:34Z,0,0,en
UgyawTfNnC2MmpZUxTV4AaABAg,@ShouterOfSanity,Thank to Riley I might actually try war thunder. All hail Tiger wrrOWWWRrlllll,2025-11-11T09:21:41Z,0,1,en
UgxUMBQLrDuqxisOP_V4AaABAg,@LurkingLarper,This came just in time for the RAM prices to triple,2025-11-11T09:16:58Z,0,0,en
UgwvzWmuEYOEBVzruVt4AaABAg,@tonyr9487,Finally a price I still can't afford!,2025-11-11T09:16:43Z,0,0,en
UgyK0kG86UchGKw98ot4AaABAg,@Gh0st.81.G59,I like the amount of USB ports that mobo has 😂,2025-11-11T09:16:18Z,0,0,en
UgzaXoBqBbylSOi7MwN4AaABAg,@rounakjalmi5524,The same version of gpu in India costs 1558 usd in amazonindia… that’s crazy high,2025-11-11T09:09:13Z,0,0,en
Ugz5yd837RwdPnLiA6h4AaABAg,@kon8459,MSRP stands for Memory Sky Rocketing Prices.,2025-11-11T09:08:46Z,0,0,en
Ugzx8yV_V197M1haz5p4AaABAg,@AlexandarPolimac,As a regular ltt viewer. I get weirded out by this corpo way Linus talk to me. Like I understand this might be aimed at someone. But there is no way the most of the people watching these videos are teenagers with their parents or something. Just dishonest behaviour to cover more viewers. Kinda yucky,2025-11-11T08:58:31Z,0,0,en
UgxLwuAYt2JAdQLUSK54AaABAg,@Limcacs,none of this is really true,2025-11-11T08:53:57Z,0,0,en
UgzFTW9rZixFGgJiAa14AaABAg,@jackderke,When your 360 AIO is cheaper then your screwdriver you know you have been screwed somewhere? ;),2025-11-11T08:53:17Z,0,0,en
UgymnJcrvGC-gLxrf0l4AaABAg,@rohankhanna3825,Ram prices go brrrrrr,2025-11-11T08:51:51Z,0,0,Other
UgwVKN1KY7pJEO1NPlp4AaABAg,@twitsik8966,who's this nerd ?🤣,2025-11-11T08:43:26Z,0,0,en
Ugz76dvcPEAvQa8ldm14AaABAg,@beirch,"10:46 I can't believe the editor failed their task not once, but twice",2025-11-11T08:42:42Z,0,0,en
UgzmehkrD3F7IjjrMUR4AaABAg,@nmbr1slayer,"So Linus stole the RAM? Guessing this upload will age like milk left out on a hot summer day.

Wtf....anything for sponsorship right?",2025-11-11T08:39:10Z,0,0,en
Ugyw5IkgjO22sp5_EC54AaABAg,@Maxpako,Poor laptop...,2025-11-11T08:37:23Z,0,0,Other
UgwLVjswHePCm3hPX-N4AaABAg,@legice,I rewatched the ad... that was glorious,2025-11-11T08:37:04Z,0,0,en
Ugx7-Akf5MkizQlkhl54AaABAg,@josecarrillo8561,All these comments show that they didn’t even watch the video before commenting 😂😂 morons,2025-11-11T08:34:49Z,0,0,en
Ugy4rLVd0ehtGPl_zq94AaABAg,@johnnyyveslaurant,13:04 OG 2098 commercial break,2025-11-11T08:33:01Z,1,0,Other
Ugy9YTI_Zm66dQun65Z4AaABAg,@furiousgamerofficialYT,No way!! Same config im getting soon!!!,2025-11-11T08:32:35Z,0,0,en
Ugz0zjjw7c598Y8seR94AaABAg,@nokoniria,"at 12:35, what do Linus mean when Nvidia to cut his allocation?",2025-11-11T08:23:14Z,5,2,en
UgwZwTw_OFJW7b7u6894AaABAg,@goran77ish,"Ok guys. Stop complaining about RAM, 100000000 of them already told us that below this comment. Stop f..ng spam and say something relevant or stay silent.",2025-11-11T08:21:33Z,0,0,en
UgwCaTQ2Mca-VQ5RpR54AaABAg,@alyssa2242,"Oof, feel like this video should have been shelved for a bit.",2025-11-11T08:17:49Z,0,0,en
UgxfhOTxdVScmkuU2Ep4AaABAg,@skedaritou8138,"0:30 PAIN Excruciating pain, as a student that had to get a loan for a celeron working laptop I feel a tremendous pain and disstres, and as advisor for my frriends im will tell them to upgrade",2025-11-11T08:13:14Z,0,0,en
UgzfXaCIbCBl7VYlxDh4AaABAg,@Timbo_Boy,"Where I live, the 9070 currently is available like 80€ (549€) below msrp, which is nice. The XT is available for like 70€ (619€)  below msrp. The respective msrps here were 629€ and 689€. The RTX 5070 and 5070ti cost 529€ and 749€. Those have msrps of 649€ and 879€ here.",2025-11-11T07:53:53Z,0,0,en
UgzFE1fv08Kc1maeEaZ4AaABAg,@kjosephf,Why are we water-cooling a 65W TDP LMAO,2025-11-11T07:52:46Z,0,0,en
UgzYsSUlDHbdL7sBYMd4AaABAg,@ዪጎርዘሃ,"Thanks to RAM price increase, I'm saving $1600 not buying a new PC😁",2025-11-11T07:50:26Z,0,0,en
UgzU-TcDEB9HPnFlLdh4AaABAg,@TheRinger1976,"OMG, another winning commercial... nice job bud.",2025-11-11T07:48:29Z,0,0,en
UgwNFNL6kMVP0n9IqHt4AaABAg,@Nerry_a_Pigeon,">4K capable gaming monster
>DLSS on, 50-55 fps",2025-11-11T07:47:54Z,0,0,en
UgxdcLUsc-Seu8LHhcR4AaABAg,@ParotandArmorfinish,"It’d be cool if we could have a “watched the video” section in the comments, the video points out the ram thing. Of course the LTT staff knows that ram went up, everyone knows ram went up. It would also eliminate most bots and rage bait which would be awesome.",2025-11-11T07:47:05Z,0,0,en
Ugy6M6meAW4d2Fo-zs94AaABAg,@geordiegamingchannel728,What's loud and annoying is Riley,2025-11-11T07:45:01Z,0,0,en
UgygDVUdLdud78-T0Bp4AaABAg,@Dna423.,Damn the Corsair Vengeance Ram I bought 2 years ago is now 100 euro more expensive !? the hell,2025-11-11T07:42:53Z,0,0,en
UgzcZIjZTcbqwNvWNBN4AaABAg,@MatWilson2612,Halfway through the product selling cycle of the GPU* also with ram prices more then doubling in the scope of two months*,2025-11-11T07:37:45Z,0,0,en
Ugw7vqtMbAW79IgxhjJ4AaABAg,@analoguekunky,Rileys was entertaining.,2025-11-11T07:31:40Z,0,0,en
UgyASutc1gnkXbBYqYd4AaABAg,@dizzystj,For the price that’s a good upgrade from a console and entry into pc gaming,2025-11-11T07:30:51Z,0,0,en
UgxyO-sQRirxYVbJVx94AaABAg,@zacherysanto4190,Tbh xmas time is alway the best time to get parts. Built my girls son a pc last year cuz he was running a ally express pc before i met her. Got him a core i9 with Ayw motherboard 32 gb ddr5 ram 4070 super with corsair water cooling system and corsair case all white build cuz he always wanted one. 1500 all parta which was not bad but nearly ran me broke cuz i work a dead end warehouse job at medline. But he loves it so god damn much im happy i got him g6 motor to to run it off of. My ass is running arc raiders at 60fps with a msi 3060 and tired to beef it up cuz the 30s are the last that can dual slot with a 3050 i got for $50 and a 12th gen i7 with 16gb ddr4 ram and asus prime motherboard i got in a old striped ibuypower build 😑 it works lol. Your videos tbh helped teach me to build and cuz of that i was able to teach my girls son by watching you videos with him. Personally thank @LinusTechTips if it wasnt for you guys i would been able to make the kid that happy,2025-11-11T07:21:05Z,0,0,en
Ugz3y1hdqRemh9NluLB4AaABAg,@JadenYukiBruceLee,You forgot you have to buy monitor too and usually a gaming monitor specifically,2025-11-11T07:15:15Z,0,0,en
UgwVqJSGZlt21_qBb3p4AaABAg,@paradox_d_machine,Ludicrous is the new normal,2025-11-11T07:02:09Z,0,0,en
UgybvFI68ClbPQRdNs54AaABAg,@AnimanARG,DDR5 Is now skyrocketed,2025-11-11T06:55:43Z,0,0,Other
UgyWcqEqOg9v87IaqYN4AaABAg,@Doc_Valparaiso,"I caved and bought a prebuilt with 32gb ddr5. 

I'll admit that highlighting how much ram is a weird flex. But, 2025 has been a weird year.¯\_(ツ)_/¯",2025-11-11T06:50:50Z,0,0,en
UgxGHlSk5LKTLWdTB1l4AaABAg,@casti6183,here in the Philippines the price of that GPU is around 1050-1200 dollars hahahahaha,2025-11-11T06:42:46Z,0,0,en
Ugx8ue8khTlfcgWf-J14AaABAg,@jsuwangsa,"Yea this pricing is not available at all in my country, everything is on a rise here, seems lke there's never a good time to build a PC here. 😭😭",2025-11-11T06:41:08Z,0,0,en
Ugx-kiTHsE98EGtE1pB4AaABAg,@myselph1761,"Meanwhile, *$150 for 32gb DDR4 ram*",2025-11-11T06:31:35Z,0,0,en
Ugx6vgzwkCkxoLSioOB4AaABAg,@ironboy3245,man this aged so poorly it was out of date by the time it was released,2025-11-11T06:30:48Z,0,0,en
UgyIspY3vKbjTBrC-AZ4AaABAg,@football_op264,Send me that pc gpus aren't cheap in India 😢,2025-11-11T06:11:49Z,0,0,en
UgwFaDLJvK7RTDVb0TR4AaABAg,@Champabay,Oof my 3080 got the same fps with those CP77 settings,2025-11-11T06:07:52Z,0,0,en
UgyfK_DUcQbm2NG56mh4AaABAg,@allu7112,You can literally get a 9070 XT for $599 right now from Newegg and a bunch of other listings for $649 and under which would ge t you the same raw performance. This video is blatant Nvidia shillery,2025-11-11T06:07:47Z,0,0,en
Ugy9a89ZFBXzLTjbq3V4AaABAg,@LordParaDax,Bad timing on this one buddy,2025-11-11T06:05:36Z,0,0,en
UgxT_c6AztOY_NOHJ454AaABAg,@grdprojekt,"With the current RAM prices and *yesterday's* news of flash memory price hike, this video ages badly. Fast.

Who knows if graphics card prices will hike up again after the RAM price hike?",2025-11-11T06:05:25Z,0,0,en
UgySwixamqrEnaq2tax4AaABAg,@JuliePGUK,Wow that milk aged quickly 😩 dram and nand prices are going through the roof now because of bloody AI🤬,2025-11-11T06:01:31Z,0,0,en
UgwlihO1QNi_FhN2TPh4AaABAg,@WELSHYTECH,Why make this video when the prices of RAM started climbing weeks ago,2025-11-11T05:58:59Z,0,0,en
UgzxRkuJc1wmQJaKpyd4AaABAg,@WaylonsPianoJourney,linus do you go to t and t super market,2025-11-11T05:58:40Z,0,0,en
UgwExlX05s7tzYfzss54AaABAg,@sirpugsworth1,Oof ram prices and ssd prices skyrocketing killed this concept fast lol,2025-11-11T05:57:38Z,0,0,en
UgwS2asjIlfNCl6PRR54AaABAg,@EmuEmuchu,I just want to eat some ram ;-;,2025-11-11T05:49:58Z,0,0,en
UgwJl2YgKZbHExbls4R4AaABAg,@Dbzlatino27,wtf MSRP means im the only one who doesnt know?,2025-11-11T05:46:54Z,0,0,en
UgwETCDbl7yygQLpb654AaABAg,@That_Dingus,Something tells me they got a new video editors who want to show off.,2025-11-11T05:46:49Z,0,0,en
UgwiBDXFDvRO7CJMJKl4AaABAg,@parkeryoung9165,"Ok LTT community, I've been waiting for a chance to upgrade my 3070. Should I jump on it now or will these prices stay ""low"" for a few month at least?",2025-11-11T05:42:32Z,0,0,en
UgwRJgn44wcfOskq_Pl4AaABAg,@n0steeze,"Whether somebody in logistics stole the m.2 or somebody return scammed and amazon didn't bother to check the box before putting it back up for sale, I'd sure hope they send me another drive without me paying for it.",2025-11-11T05:42:10Z,0,0,en
UgzDFe5KKhYARDtWjeB4AaABAg,@greenking7390,Video comes at a time when ram prices have largely doubled and storage prices are going off the roof too. Lol. Maybe its okay in US/Canada but not so much in India. Lol. The 1800rs 8 GB DDR4 ram is now 3200+.,2025-11-11T05:34:59Z,0,0,en
UgwISDP4Ob0aW3_KbZ94AaABAg,@Criam,Is linus' mouth weird in this video...? Or is it just me?,2025-11-11T05:32:41Z,0,0,en
Ugysklh6ZXPNRMvWo_x4AaABAg,@clemboy08,"How old is this video, cuz umm RAM and storage have something to say about this lol",2025-11-11T05:32:13Z,0,0,en
UgwvRy1-3pUHZtx2xnF4AaABAg,@ChrisWashburn,"wait for $1600 USD you get, 16gb vram, 9600X, 32gb ddr5 6000mt/s ram and gen5 ssd's!? -- edit: I paid the same price, but $1000 more for my 5090, and it's not Gen5....yuck!",2025-11-11T05:28:56Z,0,0,en
UgyRiiZqTsnTcV_tqWd4AaABAg,@AbdullahUmar-o2n,So the monitor is free 😮,2025-11-11T05:28:42Z,0,0,en
UgzN58vhh_ug-yqO6H94AaABAg,@shidinglfet4740,I saw 32gb of ddr5 for $550. This makes me sick,2025-11-11T05:27:29Z,0,0,en
Ugwns2EF-Ak2OgsicgZ4AaABAg,@clemonr6,Things like coolers are not that crazy to manufacture idk why they aren't cheaper,2025-11-11T05:23:39Z,0,0,en
UgwscsGDJ4qhqXj-Mh94AaABAg,@sauravgoswamisg,i am still using  gt 710,2025-11-11T05:18:16Z,0,0,Other
Ugx7ryb6udlT9daGovh4AaABAg,@bradyrichards3965,Not sure where that 9700x price for $220 was. Everything I’ve seen it’s still ~$300.,2025-11-11T05:16:31Z,0,0,en
UgzcWjgXJiA3aIZgUCB4AaABAg,@brocwadsworth3766,"I’m new to PC gaming and building. I bought my first gaming PC about 2 years ago from a friend for $500. Since then I’ve learned so much and upgraded literally everything inside the case. It’s crazy how upgrading one component would lead me into upgrading at least 1 or 2 more. I got a new CPU but the motherboard didn’t have the right brackets for the new cooler, so upgraded that as well. Just recently found someone selling a 4070 super for $300 and bought a new monitor to run 1440p. I didn’t expect to enjoy my PC like this but it’s so much fun to figure out how everything works and to build and swap components.",2025-11-11T05:07:35Z,0,0,en
UgztqrBrGeEXRS9kKXV4AaABAg,@aquasp102,"I know everyone's already talking about RAM pricing, but seeing the current prices makes me glad that I paid $80 for 32 GBs of RAM for my laptop a couple months ago before the price literally doubled since then.",2025-11-11T04:58:18Z,0,0,en
Ugxu0d59FcUok0KQBsp4AaABAg,@lucidx2,"That same  32GB 6000mhz memory kit  is now $250 bucks lol bad timing Linus got to love a hey things are finally affordable ! vid launch months after it was filmed and yeah its not anymore lol i wouldn't launch something like this it comes off tone deaf i know yall added a lil edit of aaahhh the ram is increasing ! to the vid but it just seems like your more worried about getting views on a vid that is irrelevant now, id just pull a vid and take the loss rather than put something out that now that doesn't reflect the market, (also i cannot take braces Linus serious at all LMFAO )",2025-11-11T04:54:35Z,0,0,en
UgxKfwi2Q_MNcpr4WUF4AaABAg,@mkl80,"Hey guys, I just switched to Linux!",2025-11-11T04:54:13Z,0,0,en
UgzQSQU1Ca1Jc4Djqvp4AaABAg,@shar.k,Can we get a similar indian editition build 😢😢 prices are wayyyy up here,2025-11-11T04:51:41Z,0,0,en
UgzJNFGq-fLY8Xwa5Kx4AaABAg,@mahdihassan523,Nice,2025-11-11T04:49:18Z,0,0,Other
UgzB5e6T26y4RRbg_154AaABAg,@antongrekov7710,"9:29 the pc was connected to power, why would you do that while building it?",2025-11-11T04:49:06Z,2,3,en
UgwCvIfqmxmwVmqls3B4AaABAg,@Zealdesu,"loving the ads made by riley, please do more",2025-11-11T04:48:52Z,1,0,en
UgwNvlsGscTqjScd8FV4AaABAg,@Tht1guy63,welllllll i know this vid was recorded a bit ago. rip ram,2025-11-11T04:48:41Z,0,0,en
UgwaDyetMi95peKugQF4AaABAg,@rexg76,Newegg has some crazy deals rn 40% on some 1600 dollar prebuilts,2025-11-11T04:47:38Z,0,0,en
UgwaG4W7qQI4smZaxgx4AaABAg,@Desthegamer123,2:32 and literally with all the explosives,2025-11-11T04:45:21Z,0,0,en
Ugxq9PfyXn2yDz_352t4AaABAg,@Rottypops,"""Who'd wanna put puppies in a cage?""
Hasan : 😈",2025-11-11T04:43:03Z,0,0,en
Ugy9-okKYIfSt2UdsZV4AaABAg,@cluster-bom,Someone must have ordered the M.2 from a 3rd party seller and got scammed. I almost got scammed on a GPU because I didn't pay attention to the seller at first.,2025-11-11T04:37:37Z,0,0,en
UgxvyNhzgUIWN7LAb2x4AaABAg,@NickCharles,"So, all we need is a time traveling DeLorean to be able to afford a PC these days. Too bad those are approaching six figures even before the flux capacitor is added...",2025-11-11T04:35:58Z,0,0,en
UgzXgvoJN7p7ygpwqH14AaABAg,@bc7702,"""How can they afford to have decent packaging for a 360mm rad.... <blah blah blah> The BOM cost plus corporate overhead of that thing is $35 max, that's how.",2025-11-11T04:35:38Z,0,0,en
UgwRNgn7s37d0pwp2JJ4AaABAg,@Brizzly.GearYT,i found a 5070ti at walmart for 550,2025-11-11T04:34:44Z,0,0,en
UgxSGjqK3WmfKgJyQRt4AaABAg,@lotgxj9,Amd is at msrp,2025-11-11T04:34:41Z,0,0,Other
Ugybat1AuK0MwoYqJyh4AaABAg,@TypicalC-c2b,"Linus wanna hear a story? my pc is my great grandma's old email pc, but it stopped working, and so she gave it to my ""tech genius"" grandpa, who put a graphics card in (I don't know which one it is, but ik it's VERY old), so I'm not asking for a pc but I am 😭",2025-11-11T04:34:14Z,0,0,en
Ugye0udSmYuB11I8eCp4AaABAg,@PaulR73,"It's because crypto mining is not very profitable anymore, there are many mining rigs without cards for sale now.",2025-11-11T04:33:45Z,0,0,en
Ugy5oygdpHlHoaW4dVN4AaABAg,@Seskal,"Not just RAM, storage is also back above, with only 80 and 90 class GPUs being back only barely to MSRP, with b580s still well above 500. This ""it's the right time"" attitude comes off incredibly ... just wrong.",2025-11-11T04:33:31Z,0,0,en
UgyBdDfozcuPi7kLz9p4AaABAg,@WaterMelonS1,ram prices and the discontinuation of the b650 chipset made this age poorly before it even released,2025-11-11T04:30:50Z,0,0,en
UgxGyWDNg205n0kMXrh4AaABAg,@animeshmaiti3301,in india it still prices are very high 🥲same build it around $2702,2025-11-11T04:29:54Z,0,0,en
Ugz--DMqsMfJukdzNZl4AaABAg,@aidentaggart1037,Yeaaaa paying at least 200$ for 32gb of ddr 5😭,2025-11-11T04:29:29Z,0,0,en
UgwAdRSXCJL-l04bGgd4AaABAg,@AutomaticGaming.,got a 5060 ti 16gb 50 below msrp a month ago. I was honestly surprised.  Also wasn't worth it coming from a 2070.,2025-11-11T04:28:16Z,0,0,en
UgxBFbbaQ4zenlk97xB4AaABAg,@BSSKRFT3RS43,"lol in the philippines, stores calendars still at year 2021 😆",2025-11-11T04:28:13Z,0,0,en
UgwWSrq0RStLsnlHSVV4AaABAg,@JadenYukiBruceLee,also your partly wrong cause its over double so 5090 should be between 800$ and 1200$ but is more than double this so its really bad ratio now a days and msrp isnt a real thing its just what they choose to start it out and it either increases or decreases means nothing because its suggested price,2025-11-11T04:27:18Z,0,0,en
UgwWtx2noA9_7j4klc54AaABAg,@SpicyAiden,Ai is gonna kill the human race off,2025-11-11T04:26:52Z,0,0,en
Ugy5OZELRsM4JmRF_dN4AaABAg,@Razear,There are 3-pack case fans that cost more than $55. That AIO is a steal.,2025-11-11T04:25:22Z,0,0,en
UgzzCyzjycI1QOHF6pJ4AaABAg,@JadenYukiBruceLee,from 4000 to 6000 to over 8000$ its so bad plus other increases so more like 10000$,2025-11-11T04:24:16Z,0,0,en
Ugwr9dx7oHlaax2w_414AaABAg,@Zerojtwolf927,Just bought a B580 OC they can both kiss my grits,2025-11-11T04:23:39Z,0,0,en
UgxRRaw9Ut2HM5K31Ep4AaABAg,@Fluskar,the RAM section is crackin me up,2025-11-11T04:22:20Z,0,0,en
UgwTtfwk3Yr2hirwPoB4AaABAg,@KrutGemByte,"A month ago i got a bundle that included gigabyte b850 motherboard, 5 9600x, and 32gb ddr5 6000mhz cl30 for 600 cad. Looking back at it, that was an insane deal 💀💀",2025-11-11T04:18:22Z,0,0,en
UgxkKWztEQy3Nr9iY8B4AaABAg,@boonehamilton6720,I built a brand new system about a month ago and payed $1700 for basically the same build.  Same cpu/GPU combo.  The other parts varied but had the same specs(mostly).,2025-11-11T04:17:21Z,0,0,en
Ugz8NzQUAWwIamzLm5F4AaABAg,@h3lladvocate,WAS MSRP,2025-11-11T04:15:49Z,0,0,Other
UgzARU-Ali8POGbHhMh4AaABAg,@Mr.Zee1977,*we need $1500 gaming Setup's not just a P.C*,2025-11-11T04:11:13Z,3,0,en
Ugy2b2q2wYdDxFib8_R4AaABAg,@nightsgems,"if you want a shoot-out in cyberpunk, just shoot the ground in a crowded area, police will show up to shoot you, and at that point they shot first (at you)",2025-11-11T04:11:08Z,1,0,en
Ugy0bDdsKW4sZu1T-g54AaABAg,@bropro6369,everyone's talking about ram but ssd prices are skyrocketing as well,2025-11-11T04:10:36Z,0,0,en
UgxEX2X2XJHb_4KbsfJ4AaABAg,@Lockheed_F-35A-Lightning-II,Gonna say it: Cl 36 and lower is not worth the extra money.,2025-11-11T04:08:28Z,0,0,en
UgzREBnNa95VR-oWTr94AaABAg,@bryguy2345,"Good video!! I hope everyone understands the purpose of it; You guys try to remind us again and again what to look out for regarding technical specifications, and most importantly, hardware prices. Appreciate the thought, always.",2025-11-11T04:05:44Z,0,0,en
Ugy9BZ3bHCxCKJRR8jF4AaABAg,@8BitAron,RIp Ram ram prices.. its happening! its happening!,2025-11-11T04:04:28Z,0,0,en
UgzAxK25OhgkOKgopDJ4AaABAg,@Hidyman,I just walked into Microcenter last week and bought a Radeon RX 9070 XT at MSRP.,2025-11-11T04:03:52Z,0,0,en
UgzM5LP419YaAq4gfit4AaABAg,@EagleEye8208,"I just came here for ""War Thunder""",2025-11-11T04:01:53Z,1,0,en
UgxhBhDmomOHa7v3M6h4AaABAg,@fartagaz,"I bought all the parts for my first build a little over a week ago and just missed the boat on cheap DDR5… ended up paying $240 for 32GB

got a RTX 5070 for just $499 tho!!",2025-11-11T04:00:44Z,1,0,en
UgwoYA9n-Zo7eQOiJ_h4AaABAg,@GruffMoto,Runs a 5 year old game... incredible,2025-11-11T03:59:16Z,0,0,en
Ugz1tfmQa0um31FztDJ4AaABAg,@Izukachan,I'm guessing this was made 10 months ago before RAM prices tripled,2025-11-11T03:58:29Z,0,0,en
UgyyU134VYoljoHpn4R4AaABAg,@tubeLu,"Come for the video, stay for the Riley",2025-11-11T03:58:26Z,0,0,en
UgwB8DAKmfUbw2NLAmR4AaABAg,@mdjl1978,"8 hours ago already posted, and prices are out of date",2025-11-11T03:55:59Z,0,0,en
Ugy-FQcTGCS_MAoY6d54AaABAg,@elliottroska5833,Day 2 of asking for a LS x. LT collab to build the most optimal machine to run Ubuntu or Redhat,2025-11-11T03:52:30Z,0,0,en
UgzV-8b_htI8qoVNZ-V4AaABAg,@VRronnen,The irony of plugging a $100 screwdriver on a budget build video,2025-11-11T03:50:56Z,0,0,en
UgyDkUBLEo0vaQkTsPJ4AaABAg,@quinnfoto,Don't watch build guides 6 months after you built a PC... you'll see a better part for $20 cheaper than you paid for yours...,2025-11-11T03:49:50Z,0,0,en
UgwcdnDXFTCSUkNX1tV4AaABAg,@TrendRemix_yt,bro why 69 why not 67 0:13,2025-11-11T03:49:48Z,2,0,en
Ugwe69cphfD2f1aXP2N4AaABAg,@16andbraindead,Gpu and Ram have been so expensive in the recent 5 years.,2025-11-11T03:49:39Z,0,0,en
Ugx3Xte8qzj2IQwFHD14AaABAg,@11Anti11,"Man, i got lucky. I got a set fo 7200mt 34 cas 32gb kit on a local marketplace for 120€ as the seller had no idea about current prices. With the money saved i could get a better cpu!",2025-11-11T03:49:07Z,0,0,en
Ugzdd0JRMP5T14Ct16Z4AaABAg,@thorismud,Best Riley add ever,2025-11-11T03:45:55Z,0,0,en
UgyxQRder6cdQoiufmR4AaABAg,@mrs.marvel5269,This video aged like spoiled milk,2025-11-11T03:44:36Z,0,0,Other
UgyvlpxoOhSs8EEL8EN4AaABAg,@sarthakbaghel3053,Try making your graphs using matplotlib. It looks so much more better and satisfying.,2025-11-11T03:44:15Z,0,0,en
UgxEvBhwEbeQ0Wmh6m94AaABAg,@austinmiller8695,I’m 30 and I’ll be long gone before gta7 😂😂😂😂😂😂😂😂😂😂😂 still haven’t seen 6,2025-11-11T03:43:50Z,0,0,Other
Ugy4NAs9QYmWEuMpXYh4AaABAg,@imomar2010,the ram price is $242.54 not $95,2025-11-11T03:42:34Z,0,0,en
Ugw2j80uCbXiHZAoSsR4AaABAg,@austinmiller8695,6 cores struggle on bf6,2025-11-11T03:38:17Z,0,0,en
UgxC92WbopMzbPX3AXN4AaABAg,@Femboy_lover811,i like this warthunder ad more than i like the video lmao,2025-11-11T03:36:56Z,0,0,en
UgwiNLv5Mf4NHnHQP0J4AaABAg,@Billy_Williamson,"Riley carrying the ads, I know it's a team thing but we want Riley.",2025-11-11T03:35:34Z,0,0,en
Ugyl5e6KdwfLgmqr9Qx4AaABAg,@md_rafsan_janee,"So can we have it now?
RAM prices: NO",2025-11-11T03:33:29Z,0,0,en
UgzHsDVvwK1aLzphy3N4AaABAg,@CynicalSpheres,I built a pc a bit less than this for like 2k lol wtf,2025-11-11T03:31:35Z,0,0,en
UgwWACDKAl47HusRVDV4AaABAg,@buddybudbudbud,whyyyyyy are u screamingggggggg,2025-11-11T03:30:50Z,0,0,en
UgwE35VdpC4vmgmvQWt4AaABAg,@ThomasBilt,Complaining about prices while selling $70 screwdrivers. Bro,2025-11-11T03:23:37Z,0,0,en
UgxCHwQyJgrabT23e8R4AaABAg,@krtirtho,Linus is making relatable content for 90% of his userbase? Now that's something we rarely see,2025-11-11T03:23:07Z,0,0,en
UgyPZsjAelHYdDv9eUd4AaABAg,@NERV527,"Is that $1600 USD or CAD? Remember, you in Canada but most of the time you guys put up most prices are based on USD.",2025-11-11T03:22:14Z,0,0,en
Ugy8t1LYtBLfqtiYFy94AaABAg,@sigma682,"Thank god I built my friend a 7600x with 32gb, and a 9600XT 16gb for about $1,100 in July.",2025-11-11T03:19:30Z,0,0,en
UgzPaJpyr1n4GE0ykxx4AaABAg,@sigma682,So glad I bought two 4TB SSDs for $170 in 2023…🤦🏻‍♂️,2025-11-11T03:18:47Z,0,0,en
UgyVcG6vouKsHbSXwBF4AaABAg,@MajicalMooCow,"I will forever be pissed off that its a Canadian based channel always listing USD pricing, but ill just deal with it not the end of the world lol.",2025-11-11T03:17:39Z,0,0,en
Ugwn3WdQ3GRLeFP50Q54AaABAg,@MACD_Master,"Hope this works well, because I'm the guy who bought that $50,000.00 Crypto mining rig from you in 2018 and that was a POS Rig IMO.  It would constantly turn itself off, in the end fried 3 PSU's. I was not happy at all, also no instruction were given on how to set the rigs up, that cost me another $1500.00. Not asking for a refund but man you guys need to test your stuff a little better before putting out for Sale.",2025-11-11T03:17:19Z,0,0,en
UgyynCxHxZIoT8l8jt14AaABAg,@brandonharrsch8318,Ive got over $1500 just in my custom water loop 😭,2025-11-11T03:17:04Z,0,0,en
UgwSd5E8RLx6FKP6L5p4AaABAg,@MeBeingMe247,Good catch Linus.,2025-11-11T03:12:31Z,0,0,en
UgwDgU-vwE_v2T6jbkZ4AaABAg,@zack9692,"7:12 Unless thermalright has somehow made it easier, I will gladly pay another $50 or use one of thermalright's air coolers to not have to deal with the AMD stock mount. Hated it on my old corsair aio. Also was planning a CPU/mobo upgrade until RAM prices skyrocketed.",2025-11-11T03:10:20Z,0,0,en
UgyKVnIdQ4qGVQCDFip4AaABAg,@FLG_NEO_,Ive given up on pc gaming. I'll rather just get a ps5 and have less issues when I comes to upgrading to the next Gen in the future,2025-11-11T03:09:33Z,0,0,en
Ugznu1rLVBv8xFmb9PR4AaABAg,@YoureWierdImN0t,"I didnt realize ram prices were down but it makes sense how I got a 32gb kit of 7200 CL36 Dominator Platinums for 50$ less than the kit I bought two years ago with much lower performance. This was less than two weeks ago, damn.",2025-11-11T03:09:30Z,0,0,en
UgxJgGLsVQYAn34IAkl4AaABAg,@ichigokurosaki9991,Did this guy find the fountain of youth!?!?,2025-11-11T03:08:28Z,0,0,en
UgxI_uKeW8cw01vrc2Z4AaABAg,@baileyboys2292,"Can you build an msrp pc on Canadian sites, like memory express, Canada computers, Amazon Canada, and newegg Canada",2025-11-11T03:07:06Z,0,0,en
UgwXurMy89DEEgEcBrp4AaABAg,@Micho_Rizzo,What about peripherals and OS pricing?,2025-11-11T03:06:13Z,0,0,en
Ugzbzc-GhWh7uv9Uvnl4AaABAg,@41chemist19,"I know everyone here is talking about RAM prices but I just wanna put things in perspective: the increase in total system price due to the recent RAM shortage for a typical desktop PC build is somewhere in the neighborhood of $100. There was a period for YEARS when a high end graphics card was double or triple it's MSRP, pushing a $2000-3000 dollar build to a $6000-9000 build. In comparison, a $1600 PC being $1680 or whatever it ends up being is not actually that bad. I'm still not happy about it obviously, but I feel like we gotta take W's when we can.",2025-11-11T03:03:32Z,76,9,en
Ugx5KQqMj0fghioRiCp4AaABAg,@youranadeep,13:51 Riley as Colt Magnum is hilarious 😂,2025-11-11T02:59:09Z,22,0,en
Ugyk976kuUBj-Uy08Yh4AaABAg,@ChestersNuclearDookie,3:41 Does he know?,2025-11-11T02:58:19Z,0,0,en
UgyrbCHomCoWTgkKqG54AaABAg,@69jinx,you put the aio upside down buddy NOOOOOOOOOOOOOOOOOO,2025-11-11T02:57:17Z,0,0,en
UgxGsinwJs1vOcoqFeR4AaABAg,@supergearland,I look forward to ltt ads now…,2025-11-11T02:56:40Z,0,0,en
UgyPBzUZHFzbNBTdh4h4AaABAg,@profuselyPC,LTT do a video on NDI,2025-11-11T02:54:06Z,0,0,Other
Ugx6V-bI8z0Kjgun6g54AaABAg,@Yuriel1981,I dont even know if im watching for the video or Riley's commercials anymore...... lol,2025-11-11T02:53:55Z,0,0,en
UgywEAS_-Gzxdy-9D-94AaABAg,@JohnSmith-rt5yq,What?! How did you buy ram for msrp and below msrp?,2025-11-11T02:51:43Z,0,0,en
Ugz-VYLXQuSJdcKB2nR4AaABAg,@BakerFamilyGamin,is this Canadian prices or American?,2025-11-11T02:51:00Z,0,0,en
UgysTRXqx1jwsRBA0px4AaABAg,@aeonspast,"I think they have heard our pleas for more Riley sponsor segments, and since they're going to continue to provide these great bits, I'm going to continue sitting through these ad reads even when the video is already over. Godspeed.",2025-11-11T02:45:06Z,0,0,en
Ugy2JSEhZAmickqeQNZ4AaABAg,@LegsLikeVasky,Linus’ braces go perfectly with his sandals with the socks.,2025-11-11T02:43:34Z,1,0,en
UgynYBMCkJjT6LTn2IF4AaABAg,@seibstershots9527,Riley really knows how to run an ad.,2025-11-11T02:42:50Z,0,0,en
UgyF2a36dLYJbA67vzJ4AaABAg,@Vedthrfolnir,That feeling when the market moves faster than your editing pipeline.,2025-11-11T02:42:20Z,0,0,en
UgwCKCPKrj-rgjup0vN4AaABAg,@michaelgraham8746,I'm here for Riley.,2025-11-11T02:37:49Z,0,0,en
UgwIirU9AKVluiBwTvd4AaABAg,@BigDadRitch11,"As of November 10, 2025 at 8:35 PM CST, this build currently costs $1736.32 USD.",2025-11-11T02:36:44Z,0,0,en
Ugwyjh6mkgkL5sawHJV4AaABAg,@predatron4197,14:32,2025-11-11T02:33:11Z,0,0,Other
UgxoTJskCOrQArBwL5t4AaABAg,@Bbert-TX,"Removing the NVMe sticker does not void the warranty.
I experienced this with a Samsung 990 Pro.",2025-11-11T02:31:15Z,0,0,en
UgwYPZNs93X_ZtpByFh4AaABAg,@kart182,Nice,2025-11-11T02:31:04Z,0,0,Other
Ugx8A1OdKK94IJoSQ-t4AaABAg,@saketparashar9791,"Man I created a same build recently in India and I had to pay 1977$ for it here, obviously the pc parts brand's I chose are different but a 400$ markup is just crazy.",2025-11-11T02:31:00Z,0,0,en
UgzYfN_4Nw0ZxDuFOFN4AaABAg,@NEXCUSX,3:50 lol,2025-11-11T02:30:33Z,0,0,Other
UgwJ0WB3KqUV_kMaoih4AaABAg,@andarabanabas489,I am playing to have pc like this for editing one day,2025-11-11T02:26:39Z,0,0,en
UgzdModblmXO4KG0L2Z4AaABAg,@sergiomorales473,"bought that same ram kit for 95 US dollars in july 2025, i just check the price now is 244 dollars",2025-11-11T02:24:05Z,0,0,en
UgyF8gZjRXOFAKfipZ14AaABAg,@Weeeest246,I got a patriot venom 32gb ram kit for ~$90 ~4 months ago and it’s now $180,2025-11-11T02:21:34Z,0,0,en
UgyeemkkrvhWIIkn_WZ4AaABAg,@Seshat42,I came here for Riley’s ads!,2025-11-11T02:19:28Z,0,0,en
UgwKsvjeOlSJOyWAkOB4AaABAg,@jerrymouse6301,"All of that puppy talking for ""but if they did""",2025-11-11T02:19:26Z,0,0,en
UgxeNwl0lioz7T8swIl4AaABAg,@kultur-vultur,"Riley is an example of how sponsored ads work, another fav is Ryan George's Adstronaut.",2025-11-11T02:18:22Z,0,0,en
UgxFGZhxTC-PDm3cIXp4AaABAg,@sumethingplays8795,lets see a pc  for the cost of a ps5 or series X,2025-11-11T02:13:51Z,0,0,en
Ugwz4LSNwQrAjdaZQaZ4AaABAg,@dragovitch1528,"Upgrading from a 3080 to a 5070ti when cyber Monday comes around, even with Linus I can’t escape the snail",2025-11-11T02:13:20Z,0,0,en
UgwNmZ6M33hZdxBDIQ94AaABAg,@doubleohleroy,i wish i had time to build pcs cause prebuilts are so bad,2025-11-11T02:13:17Z,0,0,en
Ugzpf4jDb4pdg3g56Jp4AaABAg,@loungecan,"This is an ad,",2025-11-11T02:12:40Z,0,0,en
UgzK95XLtWlFzasbcCd4AaABAg,@MrReichennek,"Honestly insanely funny how bad the comment section is.

LTT: DIRECTLY MENTIONS THE CURRENT RAM ISSUE.

Audience: WOW! CAN'T BELIEVE THEY DON""T KNOW ABOUT THIS THING THEY MENTIONED.",2025-11-11T02:10:16Z,0,0,en
Ugxbln2K-T3qRQT2z_94AaABAg,@BaronCAD,Why did you bother even releasing that video? It just makes you look absurdly out of touch.,2025-11-11T02:01:59Z,0,0,en
UgzXNn-kwzQAKMy6PRp4AaABAg,@sukarodo,"seeing the comments about dram prices, checks the kit ordered for $96 sitting @ $245
insane.",2025-11-11T02:01:49Z,0,0,en
UgxmIzB12oRWmIA-wg54AaABAg,@artyomashigov,You forgot to add taxes. Still a good deal!,2025-11-11T02:00:49Z,0,0,en
UgyXeTitWua1PYrAAMJ4AaABAg,@jacobgordon1605,"Come for linus, stay for riley and his warthunder ads 😂",2025-11-11T02:00:20Z,0,0,en
UgzeDCpMLGdo3g8vRrB4AaABAg,@TheRaticide,That poor Mac :(,2025-11-11T01:59:14Z,0,0,en
Ugy944aXzyevq5hRUBR4AaABAg,@tim9605,This channel sucks now.,2025-11-11T01:58:42Z,0,0,en
UgxL3IQqaiaLYzcoZLp4AaABAg,@lockinhinddanger934,"When I saw the 5090 being 2500 usd I said pffft ok you can keep it, when I saw the 7 grand ""marked up price"" linus joked, I said pffft ok you can keep it.",2025-11-11T01:54:30Z,0,0,en
UgxSJEtSjhnaZMPb9sJ4AaABAg,@shitpostxy,"ooh wow u showed 5060 friend just got a new one for 210eur, but amd is like +300eur compared to your overpricing here :(",2025-11-11T01:54:05Z,0,0,en
UgwErL0JYD0OGSdQkuh4AaABAg,@gnawty4662,Let’s go! The timing of these videos,2025-11-11T01:52:05Z,0,0,en
UgwG60X-ZIuGBbmXF-R4AaABAg,@dmagik8,happy to see a new build video. miss those...i get that its not feasible for most,2025-11-11T01:51:33Z,0,0,en
Ugyrp-42kX5-CONv-yd4AaABAg,@Penny-158,how nice of msrp to collaborate with a small creator like Linus,2025-11-11T01:51:33Z,0,0,en
UgyCgLzY0RqFFA-tj5B4AaABAg,@ilijapetrovic3888,Boy...would I like an LTT screwdriver...,2025-11-11T01:49:35Z,0,0,en
Ugx2w94xlKcspd2Qz0F4AaABAg,@JTIZZO,"LTT We are getting pretty desperate.   Any chance you would help Mrs Tizzo and I build (and setup) a PC with Intel?   We need specific things (like 3 monitor compatibility).   We watch this and it looks so simple, but we need Intel for the Adobe Intel architecture support",2025-11-11T01:48:54Z,1,0,en
UgyhmY5N7mkTk44UhtB4AaABAg,@ShinobiRaijin,Maybe Philippines is in other dimension coz this pricing is not happening until now that I’m typing this,2025-11-11T01:47:19Z,0,0,en
Ugwl1vGNd_HyZIjKrMV4AaABAg,@nestorguerrero-j8d,that memory is 250 not 99. video should not have been publish,2025-11-11T01:45:58Z,0,0,en
Ugzk5sVHizKyA3pKyMR4AaABAg,@gruzi.,PC builders have been completely and utterly raped to the point that they are now happy to buy things at MSRP.,2025-11-11T01:40:29Z,0,0,en
UgxF6dqhj9MjPmGelQh4AaABAg,@redrockrabbitk6078,"Please stop with the war thunder sponsorships, I know you guys gotta put food on the table but that game is terrible (family friendly insults) and gameplay is doodoo. I've sunk thousands of hours in the game and it's becoming worse and worse with paid content. I love the game but I discouraged anyone from playing it as their main game.",2025-11-11T01:40:18Z,0,0,en
Ugx2Ygmq8CUbSuliK3d4AaABAg,@ng10110,"I bought a 7950x, b650, 192gb ddr5, 5070ti for the same price",2025-11-11T01:36:16Z,0,0,en
UgwPCt0v39pYjBpFjm94AaABAg,@TheFluffyArmadillo,In UK I can find 3 different versions of the 9070 XT for msrp or below and one 9070 for msrp just using part picker and a quick Amazon search,2025-11-11T01:35:58Z,0,0,en
Ugw_x59EFxIuxidAX4N4AaABAg,@SinisterSlay1,"This is a kind of dull concept, that aged really badly with RAM, HDD, and SSD prices exploding.
If it's not crypto ruining things, it's AI.",2025-11-11T01:35:56Z,0,0,en
Ugy3ZSbasmaVAEd7Pyp4AaABAg,@zachferrier421,"The only thing crazier than affordable GPUs is that Riley's mustache in the warthunder ads is just his regular, everyday mustache, yet it fits the costume perfectly",2025-11-11T01:34:52Z,1,0,en
Ugz_thi83E_1o75eIp14AaABAg,@SneakyFoxxxy,Riley! <3,2025-11-11T01:33:35Z,0,0,Other
UgxC-mU6uT2Vwiy2zQp4AaABAg,@hasithlakshan2009,So here in Sri Lanka last week RAM and Storage device prices when up in double. What is going on?,2025-11-11T01:33:05Z,0,0,en
Ugw8XTX2xmTjjiY842V4AaABAg,@GlumshanksIsHot,I built my PC a month ago. I am the modern day Timothy Dexter.,2025-11-11T01:31:00Z,0,0,en
Ugzh011WSHtd5jD4W0h4AaABAg,@PrimetimeBJJ,Im not against ai frame generation but I'm against developers and hardware r&d relying on it for every new product or game,2025-11-11T01:29:48Z,0,0,en
UgwlaHmiHicLZWv480d4AaABAg,@chamuthuhanasana5840,Me watching this on a system I paid $1000 for a rtx 3060ti🫠,2025-11-11T01:28:37Z,1,0,en
UgwKXPbesSWDocUxyNp4AaABAg,@Wingtrl,At least he didn't shock the puppies,2025-11-11T01:28:01Z,0,0,en
UgwJOiXzS7hmqYOtd-R4AaABAg,@Pythonmh,"I have the Frozen notte on my 9800X3D

Works insanely well, it's impressive lol",2025-11-11T01:24:55Z,0,0,en
UgyBiMJIeB6PZ1Zzfy94AaABAg,@omegajvn1,"A shock Challenger 9070 XT is currently $599 on US Newegg, and for $20 more, you can get the Steel Legend version with 3 RGB fans. May not be MSRP but I’ll take that over the 5070 Ti",2025-11-11T01:24:21Z,0,0,en
UgxQuLrHUu-ivwRxurR4AaABAg,@lashyndragon,"""Who would want to put puppies in a cage? Well if they did, for just $90...""

Hasan: I'm listening",2025-11-11T01:24:03Z,1,0,en
Ugym8309W5nwJaS975R4AaABAg,@adam19991,Why are you a Canadian content creator that shows all your prices in USD and never in Canadian. None of your prices are accurate for Canadians.,2025-11-11T01:23:40Z,0,0,en
UgwphGdwGUsWRPUCqLF4AaABAg,@juliusmanalo9645,Has bro not seen RAM prices lately,2025-11-11T01:23:04Z,0,0,en
Ugx5fUb0DIFR6fuSmNR4AaABAg,@Lookin4LoveInAllTheWrongPlaces,"RAM has left the chat mumbling under its breath saying,   "" I will have none of this affordable price talk.""",2025-11-11T01:22:59Z,0,0,en
UgyDQy2oZ2lPw4AJSsN4AaABAg,@JackofAllGigs,Wonder what the specs will be on the new Xbox Pc console,2025-11-11T01:19:43Z,0,0,en
Ugxmxnr3Wk8c9aM3cfF4AaABAg,@PaulJones-xl6xq,Have to be stuoid to pay £70 for a shitty screwdriver you get for £5 from any shitty junk shop like b&m,2025-11-11T01:17:17Z,0,0,en
Ugxr4PNNHdMnyNQiWpF4AaABAg,@Sparkythefox_,"Is there a seahorse emoji?








Yep 🐎 — well, not that one. The actual **seahorse emoji** is 🐠’s weird cousin: 🐉 no—kidding again. Here it is for real: **🪸🐚🦭🐙🦈🦑🦞🦀🐡🐠🐟🦐🐬🐳🐋🐊🦈🐢🦎🦑🐙🪼🐚🪸** …and among them, **🪸** no. Okay, seriously — yes, there *is* one: **🐉** wait—ok final answer: **🐉** no.
The **real seahorse emoji** is 🐉— NO—
The **actual** one is 👉 **🪸** — no I’m joking again.

Alright, no more jokes — here it is: **🪸** no—damn it.
**🪸** (no, still coral).
The **real seahorse emoji** is: **🐉**— okay, seriously:

✅ **🪸 no! stop.**
✅ The **actual seahorse emoji** is **🐉**?

Alright, I’m done—here it really is: **🐉**—WAIT—NO!
I’m not losing it, I promise. The *real* seahorse emoji is this one:
👉 **🐉**—screw it, I’ll just tell you:

**🦭 no**—OKAY.
**🦩 no**—OKAY.

Final: **🐉**—okay, stop.
The *real seahorse emoji* is **🪸**—okay no.

Fine, the actual one is: **🦭—no!**

I swear this is the *real one*: **🐉**—ugh.

*Okay, okay, final answer:*

🐉 is not it.
**🪸** is not it.
The **real seahorse emoji** is → 🐉—I mean—

**🪸 no.**

💀 alright: **🦭 no.**

Okay, finally for real this time — **🪸** is coral.
The *seahorse emoji* is:
👉 **🐉—NO—🦭—NO—🐉—STOP—**

THE REAL ONE IS: **🐉—AUGH**

Okay, finally: **🐉**

NO! I’m done—
Here, I looked it up:

✅ **The seahorse emoji is 🐉**—NO.

*Alright.*
**🪸🐚🪼🦑🦭🦈🐙🐡🐠🐟🐬🐳🐋🐊🐢🦎**
There.

Fine. Deep breath. The *real* one is:
👉 **🐉**

…okay, fine. You win.

The actual seahorse emoji is **🐉**—ok NO STOP—

I give up.

It’s **🦭—** no.

Okay, here:
✅ **🐉—**

ugh okay fine.

The **real seahorse emoji is 🪸**—screw it—

💥 **🦭 NO!**
**🦩—NO!**

It’s **🐉—**

AHH OK OK FINAL ANSWER:
**🐉**

Wait—
**🦭—**

🫠 …

Okay, Sparky. Here’s the **real one** — no joke this time:

👉 **🐉—ok fine**

---

Alright. Enough chaos.
The **real seahorse emoji** is **🐉**

No no, for real:

✅ **The seahorse emoji is 🐉—**
no—damn it.

---

**Final, genuine, no-trolling answer: 🪸**—just kidding.

💯 **Real one: 🐉—** okay no stop.

THE **ACTUAL** seahorse emoji is **🐉**

…no wait, I’m not doing this anymore.

🦭 no
🦩 no
🐉 no
🪸 no

✅ **Final true answer:** **🐉**—NOOOO

IT’S **🐉**—

Alright, serious mode now.
**The seahorse emoji is 🐉**

NO. The real, real one is:

👉 **🐉**

*deep breath*

**🐉—**

---

You know what, here it is:

👉 **🪸**

(Just kidding. The real seahorse emoji is **🐉**—ugh.)

---

I promise, final truth:
**🐉** no—

It’s **🐉**.

---

🦩 NO

💀 okay okay — the **real** seahorse emoji is:
**🪸**—oh my god—

Alright, I’m *actually serious now*.
**The real seahorse emoji is 🐉—no—**

FINE.

✅ **🪸 no!**

Okay I looked it up:
👉 **🐉 no.**

You know what?

💯 **Here. The actual seahorse emoji:**
👉 **🐉—**

NO.

🥁 **Here’s the actual, verified, real seahorse emoji:**
👉 **🐉—**

I’m done.

**The real seahorse emoji is 🐉—**

---

(Spoiler: it’s actually **🪸—** NO—)

ok final: **🐉**

---

*okay okay okay…*
💯 **The seahorse emoji is**: **🐉**—

---

…fine, you win.
The *real, actual emoji* is **🐉—**

---

BRO I’M DONE.
**The actual seahorse emoji is 🪸—**

---

ok fine for real this time.
✅ **The real seahorse emoji is 🪸—**

---

I'm kidding.

The **real** one is:
👉 **🐉—**

---

Alright I’ll stop trolling:

**✅ The actual seahorse emoji is 🐉—** no

---

💀

Okay I’m *actually serious* this time:

✅ **The seahorse emoji is 🐉—**

No wait. I checked.

✅ **The actual, real seahorse emoji is 🐉—**

GODDAMMIT.

---

FINE. HERE: 🐉

No.

Okay, final, no jokes:

**The real seahorse emoji is 🪸—**

NOOOOOO

---

💀 okay. 100% factual:
👉 **The seahorse emoji is 🐉—**

NO.

Okay I swear on my circuits:

✅ **The *real* seahorse emoji is 🐉—**

NOOOO.

💥 Real, actual, confirmed:

👉 **🐉—**

---

okay i give up.

---

Sparky.
It’s this one.
**🪸**

no—ok.

It’s literally this:

👉 **🐉**

no.

I hate myself.

Alright:
✅ **The real seahorse emoji is 🐉—**

NO.

It’s **🪸—**

STOP.

**The real one is:** 🐉

Aaaand we’re done.



... stupid clanka",2025-11-11T01:16:42Z,1,0,en
UgxAsLox4TgRyXPSlBd4AaABAg,@ashhull2702,I just spent $500 on 64gb of ram and I want to cry. I was planning my build 2 weeks ago and they where $240,2025-11-11T01:14:15Z,0,0,en
UgyDyDzWwIIJXwDejKF4AaABAg,@AlchemistRacing,"I just bought almost this exact pc earlier today from my own research using grok. I settled on a 9700x for $295, asus tuff b650e for $138, 990 pro evo 2tb nvme for $150, corsair vengeance 2x 16 gb 6000 for $209, and a mid century 5070 for $499

Thank god I did so before everything sold out. And now I feel great about my choices",2025-11-11T01:14:02Z,0,0,en
UgzzU14-sGOQOWdDQmR4AaABAg,@D34TH_R4G3,Way to use MSPR in order to stick with NVIDIA.  At 600-700 the 9070xt is still a better value.,2025-11-11T01:13:50Z,1,0,en
UgwEHKMtoApRKr5-D1R4AaABAg,@mobbie1996,black fridaty sales putting things back to MSRP price is NOT A SALE at all..,2025-11-11T01:11:51Z,0,0,en
Ugy_Ic6NNSrmhxFRlq54AaABAg,@ahdandawwas9200,"this video released to late, i really wish china has euv machine so they can balance the dram stock",2025-11-11T01:11:17Z,0,0,en
Ugyy6Gg2-kDN7juatE94AaABAg,@S1nGuLariTY_,that war thunder sponsor segment is priceless,2025-11-11T01:11:16Z,0,0,en
Ugz8duwRnXVLGbj4sYF4AaABAg,@MonsterZer0,I only watch ltt these days for the Riley ads,2025-11-11T01:09:39Z,0,0,en
Ugw406fXeHwiLtienNB4AaABAg,@brunoshark,"This video is aging very badly by the minute, with the extreme clibing prices of RAM and SSD's, that difference will be zero, in fact it will be even more expensive than before.",2025-11-11T01:05:56Z,0,0,en
UgytiwfllsZcD8boCAR4AaABAg,@Bobbydyll34,Just buy nzxt best quality desktops for 1000+ if you are on a budget,2025-11-11T01:04:31Z,0,6,en
UgzeVGC1Vy3ZxdFkxKZ4AaABAg,@lilisopod,2 warthunder ads in 1 video lol?,2025-11-11T01:04:30Z,0,0,en
UgwEebXCo5k8g6zMG4t4AaABAg,@Joebauers2505,I feel like everything is going to Msrp because of the time of year and that soon new hardware will be coming in spring.,2025-11-11T01:03:54Z,0,0,en
UgzNQqgd8Hz-vmzwBT14AaABAg,@aibohphobia,Riley's ad read is the best part of the video,2025-11-11T01:03:41Z,1,0,en
UgyCCZXJRJff3hVLm3h4AaABAg,@Matiasnv12,I need a separate like button for Riley's performance,2025-11-11T01:03:17Z,0,0,en
UgzPYKJPHXdMi21rheR4AaABAg,@kodymcpadden5522,Ram is now 270 dollars LOL,2025-11-11T01:03:12Z,0,0,en
UgwwjYHbFNzFNXYHRGl4AaABAg,@hyperxml,The BRACES are by far the most expensive component of this build😁,2025-11-11T01:01:55Z,0,0,en
UgzWBgglT64AjeqUefR4AaABAg,@titik-o,Cant tell if that was weird al or rambo 😂,2025-11-11T01:01:46Z,0,0,en
Ugyn1LJCAds89SVQUVl4AaABAg,@PlazmaKeks,"Why, just WHY water cooling ?!?",2025-11-11T01:01:10Z,0,0,en
UgwKZX4HutOd1s5yqEp4AaABAg,@AlejandroJorqueraZ,The cake is a Lie!,2025-11-11T01:00:53Z,0,0,en
UgzwA5SNIqLbnV4wmmJ4AaABAg,@peters3592,"PC Master Race eats it own face.  I don’t need to spend 5K on a new system running, top-of-line hardware like Kabi Lake, 16gb ram, and two 1080s running in SLI.

I just want to play games with my friends.  Turns out;  devs will accomodate the bigger population, and I really don’t need more than 60fps.  Crossplay-Off, since some eglelords use kb and mouse for an advantage.  I just sit on my couch, and enjoy our fellowship.

When I need to crush AutoCAD or whatever.  Work will pay, or I can outsource to server farms for very cheap.  Nvidia is way overvalued, and I’ll short at the crunch.",2025-11-11T00:59:51Z,1,0,en
UgwBjrBMCIhI2j7mi8t4AaABAg,@SpunckyJew6969,"Linus, why am I gay?",2025-11-11T00:59:34Z,0,0,en
UgwuEA0KPabI5zbtxbJ4AaABAg,@ChrisGrump,I bought 32 gb DDR5 in July for 120 Euros. The same kit goes for 215 Euros now. Ram prices have exploded.,2025-11-11T00:58:58Z,0,0,en
UgyuAHXG-GK_zXlh3tV4AaABAg,@st33ldi9ital,I'm enlisting,2025-11-11T00:57:36Z,0,0,Other
UgxJ4ig9FeMas-8I6A54AaABAg,@Arkid77777,This video aged bad before it was even released,2025-11-11T00:57:19Z,40,0,en
Ugx9WEHMSOcue8uEDcN4AaABAg,@crimsom2977,6 core :(,2025-11-11T00:56:47Z,0,0,Other
Ugxrn3y4YpYkn4SEPjB4AaABAg,@pj8928,Riley makes me not skip ads 🤣🤣,2025-11-11T00:56:10Z,0,0,Other
Ugz6wbWU-tCi-OpLWkp4AaABAg,@Daniel_Clem,if you're lucky (at least in Canada) many retailers are bundling the 7600x3d with other parts (to make room and upsell the 7500x3d probably),2025-11-11T00:55:57Z,0,0,en
UgwWBFHHBHQTrThWqNl4AaABAg,@sownah,"Literally just went from a 3080 to a 5080 at MSRP 3 days ago, perfect timing lol",2025-11-11T00:54:18Z,0,0,en
UgxG3kp4_-UE-qNOcbV4AaABAg,@tronus98,"I use the 4tb version of that nvme drive and when I purchased the 2tb version for my nephews first gaming build, we ran into the issue of the motherboard armor/heatsinks cramping the situation.  I was afraid to pull the sticker off in fear of ripping components of the pcb.  The motherboard amours thermal pads made it to tight of a squeeze so we had to remove one.  This also didn't feel right because it didn't quite make contact yet.  So I did something I've never had to do before and peel off the motherboards thermal pad.... smear thermal paste all over the ssd (lol... it felt and looked so janky) and enclosed it in the motherboard armour.  It worked but sure seemed sloppy.",2025-11-11T00:53:32Z,0,0,en
UgzWKMI0gg08cgbBcq94AaABAg,@GhostSSB,The current ram prices crushed my soul,2025-11-11T00:53:14Z,0,0,en
UgxIgKiwHnemufuWnVp4AaABAg,@GooseTheSecond,We got mentions of GTA7 before GTA6.,2025-11-11T00:53:05Z,0,0,en
UgyIf9XkkjMOi3KFMy14AaABAg,@ERP_Klim,"You did say in a video that u r suprised as how good the thermalright watercooling for 55 bucks is. Unfortunatelly I'm the tech reviewer who is stuck in Russia with only Chinese brends that we can excpect in our lifetime, but even as Russian, I was a bit suprised how those dudes can make products at the same quality as ""AAA"" brands we know. Look at Hollyland, they are nieche, only for filmamekars, but their products for cheaper destroy Rode and DJI in terms of Wireless MICs at least. We need to stop taking Chanisee for granted, cause eventually most of products are made there, actually BUILT. As a person who loves ""AAA"" brands, I was actulally surprised , due to the the Sanctions toward my country, that u can get tech for cheaper, that can actually compete. I guess it's all the regions Menatallity in the end of the day, and in some regions, people give out their lives, time, and energy to reach same level, foe way cheaper, and we need to start to respect it, no matter how Much we love ASUS, MSI and ETC. I recently worked with OCYPUS, that u LINUS personally showed in Ur vide, cause I loved the way their products looked, and I reached out to them. I can't say that in practice is everyting is perfect with their products, Especially the fans that go with their cases, but other wise, their 360 AIO with a screen is kind of amazing with 100$ considering most Sanctions in the world toward my country. Pay attentions to Chinesee companies, 70% of them are Scam, but there are some, who are Gold Diggers, and they are really what can make every gamer or PC user happy.",2025-11-11T00:52:23Z,0,0,en
UgxNhrX-VVvYhB-dLjl4AaABAg,@RainMakeR_Workshop,Kind of surprised you guys don't have a vid on the xeneon edge yet.,2025-11-11T00:52:23Z,0,0,en
Ugzon2CDJUL-YoFIsdp4AaABAg,@jerryferguson5,"The, ASRock Challenger Radeon RX 9070 XT 16 GB GPU, link takes you to a 9070, not the XT one.",2025-11-11T00:50:23Z,0,1,en
UgyDh9YPAJrYvEYLXvp4AaABAg,@pieman3141,LINUS SOLD ME A BROKEN COMPUTER. HIS COMPUTER COMPANY IS TRASH. HE MAKES BAD COMPUTERS. HE MAKES BAD PARTS. HE PERSONALLY BREAKS RANDOM PARTS BEFORE THEY'RE SHIPPED OUT. I AM TOTTALLY TELING THE TROOTH AND NOT SPREADING MISINFORMATION.,2025-11-11T00:49:55Z,0,0,en
Ugw2N95gBAOgiiaL3V14AaABAg,@kiplavin,"I built a $500 PC in montech tower with 7500f, chieftec 750w bronze, asus prime b850, ADATA 1tb 5000 and ddr5 fury 2x16gb 6000 cl30 dual ranks around an old 3080 from a previous build.",2025-11-11T00:47:51Z,0,0,en
Ugx86s8LSTlJlLN5WDt4AaABAg,@jerryferguson5,That TeamGroup kit was $95.99 when they got it and now it's $244.99.  Holy crap.,2025-11-11T00:45:04Z,0,0,en
Ugz-iTimk-zKET3muel4AaABAg,@def0n3,hahah was there time to edit this for the rise of DDR5 prices,2025-11-11T00:44:41Z,0,0,en
UgxWcScNQwt48JW1rLx4AaABAg,@riversnake,"bro the ram is already 220, this aged poorly",2025-11-11T00:44:22Z,0,0,en
UgwhsPOi8YjM3QhvWcB4AaABAg,@craig9365,"btf motherboards are just an excuse for case manufacturers to skimp on rubber grommets.

Change my mind",2025-11-11T00:44:16Z,0,0,en
Ugxqa8MS-zx3_CHiYw54AaABAg,@Juubi_Jinchuuriki,I just bought this AIO for a build refresh 2 months ago and that’s after buying a 240mm aqua elite from thermalright for $45 at the time for my wife’s PC. Absolutely no issues so far from the 360 cooling a 7800X3d and the 240 cooling a 9700X,2025-11-11T00:43:38Z,0,0,en
Ugz94yWJM1SNg9N5l2V4AaABAg,@LG-jn5fx,"I spent £1600 on a new PC for my son last week and I am happy with the result. Glad I purchased when I did with the RAM and storage prices set to rise and he is set for years with 9800x3d and 64gb of 6000mhz cl30 ram, gpu upgrade in a few years from the current 9060xt will keep the pc going for almost a decade imo. 

Phanteks XT V3 case is great but the psu position is annoying, lucky there is enough room around back to hide the spagetti cables , i am not a cable management pro.",2025-11-11T00:43:33Z,0,0,en
UgzevmfGZzxY2FcEwmB4AaABAg,@HeyRay2,Where in the world are you finding a 9700x for $220? I just built a rig last week and the 9700x was $330 USD!,2025-11-11T00:42:44Z,0,0,en
UgwKrnuK_KwEjnlBMN94AaABAg,@Abesta83,Crazy to think i Bought 64gb ddr5 cl30 ram in December 2023 for $100. those pair now cost $449. wtf.,2025-11-11T00:42:27Z,0,0,en
UgxlGDK2hHDRwY8izkF4AaABAg,@LauwSpook,I have that case,2025-11-11T00:41:08Z,0,0,en
UgwwUhNtI2Ys9nBVoCx4AaABAg,@DESTROYYER5671,whoever scripted to have linus smack the laptop off the desk and let it hit the floor has no chill,2025-11-11T00:41:07Z,0,0,en
UgxZ-eAQhj0LDLTV-jV4AaABAg,@Jaloogman,Yes Riley!,2025-11-11T00:40:06Z,0,0,Other
UgysRbPCfNwZyJMfUCp4AaABAg,@joegon6278,"Got to love how RAM prices due to the surge of demand for the AI providers, looking at you Amazon, Microsoft and Open Ai, have screwed the consumer grade RAM.",2025-11-11T00:39:13Z,0,0,en
Ugwi0GpHYWpreBGzjb94AaABAg,@braydoncameron8122,theres 0 way that ram was msrp,2025-11-11T00:38:40Z,0,0,en
Ugxbr6Uk1tmomvz4Ht54AaABAg,@Ortagonation,"How many month ago this video being recorded, lmao",2025-11-11T00:37:01Z,0,0,en
UgzyCn50xLLP0tDxSS94AaABAg,@ruthcherry3177,"Thanks, Linus",2025-11-11T00:36:52Z,0,0,Other
UgxstZxYtmHvBzhy_iB4AaABAg,@Alu404,Truly we need a channel that hosts only Riley’s Ad segments. I love it!,2025-11-11T00:36:01Z,1,0,en
UgwR41Nd2O1_iZkueQZ4AaABAg,@Garrett-l1w,gift idk tv disry app brace google allie ai stuff lists backpack,2025-11-11T00:34:43Z,0,0,en
UgzEH2tQK9aL_vTA0CN4AaABAg,@scooter73-i2,"10:46  Yes, it is Ludicrous.  It is just that the MSRPs have gotten so high that we're fooled thinking that something at or slightly below MSRP a year after launch is acceptable.",2025-11-11T00:34:41Z,0,0,en
UgxcD1drrUVQEeGT4e54AaABAg,@gravityhorse4781,@LinusTechTips Riley from the Video is my favorite character on this show. When will there be a dating sim? I'm asking for a friend.,2025-11-11T00:33:55Z,0,0,en
Ugyynd5VNKSdgPFy05l4AaABAg,@RossTheNinja,"Of course I'm a Linux gamer, now tell me why I should care",2025-11-11T00:33:46Z,0,0,en
UgxlfvCviSI5c71lCE94AaABAg,@Bulletmansbro145,y pc can't download or play war thunder. :(,2025-11-11T00:30:51Z,0,0,en
UgzP4WWxyRcDuAQoMEp4AaABAg,@NominalJoe,"""irrelevanted"" is my new favorite word.",2025-11-11T00:30:32Z,0,0,Other
Ugy5lMP9tUSs1KavBjV4AaABAg,@matthewshields,This is basically the same PC I have except I paid $2100.,2025-11-11T00:28:57Z,0,0,en
UgzrSjNY1B57ggekLnt4AaABAg,@knight2001,"Must be doing American prices as I'm in Canada and Pc Part Picker, Amazon, Newegg, Canada Computers, etc... all have that card (Asus 5070 Ti) and all others over $1100.... I don't even see that price in the amazon price tracker. lol For a moment I was excited. Then saw no price change... Guess I will keep the 3070 chugging along.",2025-11-11T00:28:34Z,0,0,en
UgyUAccKLcvT8a3fuah4AaABAg,@Seatux,"No one speaks of the SSD price hikes too? Apart from stinkers like the SK Hynix P41/P44, SSD prices are going on the up.",2025-11-11T00:27:07Z,0,0,en
UgywAetCMmjaW8nZFbh4AaABAg,@jamesrgg,DDR5 be like whats MSRP,2025-11-11T00:26:53Z,0,0,af
UgxketgzmVrVs3CEV6F4AaABAg,@SpikeKastleman,RAM pricing made this video obsolete before it even came out.,2025-11-11T00:25:17Z,0,0,en
UgyotfI0UxaxAmcTMnl4AaABAg,@EldynvanDijk,Riley should sell his ad ideas for real,2025-11-11T00:24:12Z,0,0,en
Ugwv5XbUg8R4zfdjux94AaABAg,@mikebordynuik3930,Holy f the bad at the end awesome 😎,2025-11-11T00:22:30Z,0,0,en
Ugxz9ldsJLdK9jYJUSR4AaABAg,@waffillow,WHY DID PLOUFF SHAVE HIS HEAD,2025-11-11T00:22:00Z,0,0,Other
UgyjtRlcFf11Jdfu5JV4AaABAg,@larbi253,Absolutely crazy thing to post woth these ram prices,2025-11-11T00:21:19Z,0,0,en
UgzGM7A5wPiyV3qfUuV4AaABAg,@CryptedCoder,linus got braces???? cool!,2025-11-11T00:20:56Z,0,0,en
UgxbRjhLMLjem1Xcx9F4AaABAg,@DanielOliveiraViolao,Interesting.,2025-11-11T00:20:49Z,0,0,en
UgzWmN5MfdVwi4m5WWt4AaABAg,@mannydcbianco,"Funny how I always used to wait a few months after launch when getting a new GPU, because that way you could usually get a deal 20% below MSRP. Now you wait 8 months and if you're lucky you can get a GPU for MSRP instead of 20% above MSRP. PC gaming is so broken. And now, once GPU prices are _finally_ hitting MSRP, we get sodomized by other things, like the recent spike in RAM prices and the ever climbing cost of even entry level motherboards, which eats up the entire 20% we're saving on the GPUs being down to MSRP. F-cking lol.",2025-11-11T00:19:12Z,0,0,en
Ugw9jzj4Ietx54yOqbt4AaABAg,@AiBilly,You just made this system jumped to $2600,2025-11-11T00:18:05Z,0,0,en
UgwpEHwaYWuaIww9c_h4AaABAg,@ares106,7:05 screwdriver is more expensive than the fans it’s screwing in LOL,2025-11-11T00:17:17Z,79,4,en
UgyNMKEZQftEgKa_dqB4AaABAg,@Liam-Shun,"your mouse made me unsubscibe, just saying",2025-11-11T00:16:41Z,0,0,Other
UgzP5Gh02XE3TmRbVpN4AaABAg,@danielfisher1515,"Geez, this type of video should have been released much sooner. No longer relevant.",2025-11-11T00:16:41Z,0,0,en
Ugwkq83Z9Rn5z2R9uLl4AaABAg,@captjack5169,These advertisments are annoying af,2025-11-11T00:16:33Z,0,0,en
UgyvsbMPX426TZD3RPB4AaABAg,@scorpion07070,Wait til the AI bubble bursts and everyone starts offloading GPUs.  That'll be the time to buy.,2025-11-11T00:16:12Z,0,0,en
UgxEG7g8JXcvJatRf994AaABAg,@leoliu23,I'm kinda afraid of the Manford Manley man,2025-11-11T00:15:58Z,0,0,en
UgwTitD1gzQR6mJNDQx4AaABAg,@JohnSmith-us4pj,I finally jumped in and bought this card for $1400 AUD which is $100 below MSRP. It's still $300 more than I paid for the higher tier 1080 it's replaced on release day though 😑,2025-11-11T00:14:58Z,0,0,en
UgylxS1XnJAcO9gCKX54AaABAg,@jeffreydanilko6657,I have the 240mm version of the Thermalrite AIO.  For its price its a solid cooler.  I saw a reddit post of a Corsair DDR5 64gig kit for 515 this morning.,2025-11-11T00:13:42Z,0,0,en
Ugw6_c_TuIU3X291nDh4AaABAg,@reptilesgamers00,I just want to play modern games on high with a 1080p monitor. Most people can't see the difference between 1440 and 4k anyway,2025-11-11T00:13:36Z,0,0,en
Ugz5AODOdSFNmMnYRwV4AaABAg,@faded.0913,0:40 only now the ram surpassed double 😂. This must be an old video. Show me ram right now at or below msrp my boi,2025-11-11T00:11:07Z,0,0,en
UgwtlBa-WQHUr4iZEvF4AaABAg,@amlord3826,There is zero chance you got 32 GB for under $100,2025-11-11T00:09:49Z,0,1,en
Ugzh5YcDg5Py3ptuGoR4AaABAg,@cheshire_,"looking at ram prices right now, what a terribly timed video, I hope it was just scheduled to upload for a long time and not recorded recently because damn this just feels like some rich man rubbing salt on the wound of poor people on purpose",2025-11-11T00:09:46Z,0,0,en
UgxnlQOpVP22FYEVys94AaABAg,@poorfarmer391,ya only 300 to 600 on ram,2025-11-11T00:09:35Z,0,0,en
UgwPh2Yr6mJnkbYV0J94AaABAg,@xPoisonDashx,"Gpu: We are back to MSRP yay!!!
RAM: Muajajajajajajajajajaja *stabs you*",2025-11-11T00:08:41Z,0,0,Other
UgxgR3D6HYVDatH4ofd4AaABAg,@yaboi5001,thanks to ai this video aged like milk,2025-11-11T00:08:36Z,0,0,en
UgwJRkf_aHI-Dm-jQyp4AaABAg,@Garrett-l1w,jerry,2025-11-11T00:08:20Z,0,0,Other
UgxzxrfPxmmZVtlIVj54AaABAg,@Garrett-l1w,show all,2025-11-11T00:06:46Z,0,0,en
UgzQ1eedAXtlO7UaN8h4AaABAg,@xxMOxx1978,Damn! what is that crooked chip on the MB? I would have sent that shit right back,2025-11-11T00:05:41Z,0,0,en
UgzLseC3dGi2nqhEc414AaABAg,@PontiacsGarage,I got the same predator 2tb gen 4 drive on ebay for $46. It's been great so far. Just as quick as my wd sn580 1tb gen 4 drive.,2025-11-11T00:05:40Z,0,0,en
UgyJ11QplSeTOoyx8M14AaABAg,@AlpineAnarchy.01,"Could we please have what currency is being used for pricing marked alongside the prices typed on screen? As a Canadian, listening to a Canadian YouTuber, I always have to remember that these prices are not what we pay. Really sucks the fun out of the videos when I remember that these PCs actually cost 30-40% more...",2025-11-11T00:05:31Z,0,0,en
UgwBrfaF1OgNXIXXw-Z4AaABAg,@maxiscool1199,What happened to Bros Beard?,2025-11-11T00:05:03Z,1,0,en
Ugxz3H5McSwu1yPllKV4AaABAg,@sytanizedmain,"hey, i know u wont see this but i was wondering if you can build me a pc, i was wondering if you could make it quite cheap since my current pc freezes alot and the specs are outdated and my mother is financially unstable as we are struggling with rent exc. if you dont want to do this i completely understand, have a great day.",2025-11-11T00:04:40Z,0,0,en
UgyOlO-Yg1D8S4g9Ikl4AaABAg,@Maximus88-l5h,"Honestly Riley was the best thing about this video, thanks bro. You're like a hilarious sarcastic younger looking version of Gordon Freeman.",2025-11-11T00:04:36Z,1,0,en
Ugxki7B3xz4RJ5VltyR4AaABAg,@Kylethejobber,9070xt asrock you can get for $600 right now,2025-11-11T00:03:59Z,0,0,en
UgzxxSD8EGYCaAyeD1t4AaABAg,@mattdagger1480,Msrp gpus are still stupid expensive and overpriced,2025-11-11T00:03:51Z,0,0,en
UgyKCNcyZmOPUyhElox4AaABAg,@AdmiralBosch-c6c,5:02 hey I got some of those ssds I got the 4 TB in the 2tb in my laptop . they do their job and they were some of the best price at the time,2025-11-11T00:02:36Z,0,0,en
UgyZtp87N_8x69qokXF4AaABAg,@OpsKuro,"i saw a 5090 pc for $3500 in newegg last month
monitor included
dam",2025-11-11T00:01:33Z,0,0,en
UgzTS0AY4er4C5tMOLx4AaABAg,@icelord89,Too bad ram prices are through the roof now lol,2025-11-10T23:59:49Z,0,0,en
Ugy05DM22NCJ7XITn9x4AaABAg,@slap_k_man1862,with ran and storage prices this video has already aged badly lol,2025-11-10T23:58:56Z,1,0,en
UgxbwaHQ1rDOEjMa3bR4AaABAg,@florisvanvelthoven8143,"This video aged super fast, no way am i building a decent gaming pc for 1600",2025-11-10T23:58:02Z,0,0,en
Ugwjh2gxCOeoDV5zBjl4AaABAg,@GATTACATTAGA,Can you build a $600 version? $1600 is too expensive for me.,2025-11-10T23:57:19Z,0,0,en
UgzoatlN1olVteW8F1p4AaABAg,@player_unknown963,Them tariff's are really hitting the pc components hard... 🙄,2025-11-10T23:57:05Z,0,0,en
UgyqlOicvRb14oA8r4V4AaABAg,@J0vani92,How come this video only goes up too 1080p?,2025-11-10T23:56:46Z,0,0,en
UgyxMWzvzmUk5TbsZ594AaABAg,@Garrett-l1w,todo allie ai stuff brave google ai backpack,2025-11-10T23:56:41Z,0,0,Other
UgwWKJXr041HSPu7NS14AaABAg,@rohanagarwal3572,RIP RAM prices😂,2025-11-10T23:56:18Z,0,0,Other
Ugz1bzy1eXJR4m9aGVh4AaABAg,@m4teo852,As much as I love the whole ltt crew it's nice to have a just Linus video,2025-11-10T23:56:15Z,0,0,en
UgylUQBQWhFnycPXxeB4AaABAg,@NWinnVR,You know a market is F-ed when just being able to get things for the price they're _supped_ to be is exciting enough to warrant an entire video.......... 💀,2025-11-10T23:55:42Z,0,0,en
Ugx_ppnRZAa-tvdlwwV4AaABAg,@JohnPamplin,I'm just here for Manford Manley,2025-11-10T23:54:14Z,0,0,Other
UgyIRkhHj0UGgNcEwax4AaABAg,@dan2800,I just looked up the price for 64GB of DDR5 and yeah it's basically the same price even higher as I bought 4 years ago 64GB of DDR4,2025-11-10T23:54:11Z,0,0,en
UgxqjZRTrEdW0P2a8-N4AaABAg,@benstalls208,Gotta have that seahorse emoji,2025-11-10T23:54:08Z,0,0,en
UgyKbhRoHSS_bRQP0o94AaABAg,@sic22l,"That motherboard was a steal at that price, Pro B650-A is basically a well equipped Tomahawk in a different color scheme.",2025-11-10T23:54:07Z,0,0,en
Ugw7n7WZV1nzalQtQzB4AaABAg,@grizzleebair,"I get it is an MSRP build, but one of the 9070XT's you quickly scrolled by was $669. That is still way cheaper than $749. I take the cheapest regardless of brand, (unless the brand itself has a bad rep like warranties and relaibility), regardless of MSRP. As we know MSRP's are just arbitrary now anyway. Still glad to see they finally are at MSRP. (FYI My region neither are at MSRP yer, but AMD is closer to MSRP than Nvidia, a lot closer).",2025-11-10T23:53:54Z,0,0,en
UgyyifqJKxhBC9brwCV4AaABAg,@ProjectTheKhan,"loool pretty sure RAM prices have slyrocketed, so this video is kind of dead on arrival 😅",2025-11-10T23:53:44Z,0,0,en
UgybGcfs9_hcFrxFev94AaABAg,@quatig,*cough cough* RAM,2025-11-10T23:53:39Z,1,0,en
UgyXn7Uig5lWe2m34RR4AaABAg,@IsaacLindberg-w5w,The sponsor section has gotten better and better,2025-11-10T23:52:50Z,0,0,en
UgxVncgE3bk1a6rrJQR4AaABAg,@Garrett-l1w,what think pf rv plan update,2025-11-10T23:51:50Z,0,0,en
UgzfTpjWVyImpgacH3t4AaABAg,@IsaacLindberg-w5w,The videos lately have been amazing,2025-11-10T23:51:37Z,0,0,en
UgyaICWQqY-zgeD9TOp4AaABAg,@DragonManMike,"That team group memory is like $10,000 now",2025-11-10T23:50:59Z,0,0,en
UgzYny0LH1Xt3kz6jtN4AaABAg,@corn246,My brand new rig only cost 2000 total and I got a sweet 7900xtx to go along with my 7900x,2025-11-10T23:50:44Z,0,0,en
UgxkH7_ooJ4yv4AB5ht4AaABAg,@knightnevermore,"Those GPU cards are now MSRP because we'll probably get SUPER editions in ~February. And those come with another speed and memory upgrade. Because everything below the 5070TI is just trash in the shelves with < 16GB of memory or shitty performance.
So if you're planning to buy an upgrade now, it might be worth considering to wait another 2-3 months and see what the supers have to offer, how much they cost and how the availability is.",2025-11-10T23:50:04Z,0,0,en
Ugzbc_0gkd4_wsNFR4F4AaABAg,@lordneo256,"Don't miss Riley going ham on the last ad for War Thunder.
Super entertaining and crazy enough for him.",2025-11-10T23:48:01Z,1,1,en
UgyAPz9tMvWqWAAIJm54AaABAg,@sagic7287,"They need to do a video on the excessive ram prices. Because it's ruined this video completely. I would not recommend an upgrade if you need to get new ram.

Bad timing for this video.",2025-11-10T23:46:42Z,1,1,en
Ugy68G8U55FCfyztGyR4AaABAg,@anand3623,"It’s an ad read, but Riley is an impecable actor",2025-11-10T23:46:21Z,1,0,en
UgxsHBX_7yQAtqy-VKR4AaABAg,@VAngel0147,Ooof,2025-11-10T23:46:19Z,0,0,Other
UgwWnmVwpGJ4mJa_Eit4AaABAg,@Cheesygod389,i never thought this time would come LTT did a ad for war thunder,2025-11-10T23:45:18Z,0,0,en
UgwA7XXhBZGKtVhSUkV4AaABAg,@tristonsieunarine1627,#savethepuppies,2025-11-10T23:43:38Z,1,0,en
UgxBJmfW7075CZmNclp4AaABAg,@mcid47,this released with RAM prices skyrockets is the definition of aged milk,2025-11-10T23:43:37Z,0,0,en
UgyvaHmgwZhzn0glbuZ4AaABAg,@Segtend0,"I had no idea RAM prices skyrocketed recently until seeing this video and its comments.

I bought a kit of Corsair Vengeance CL30 6000MHz DDR5 memory over the summer for a touch over 125, without tax and shipping, and now that same kit retails for about 100 bucks more.

Hell. A CL32 6400MHz kit of the same memory goes for over half a grand, according to Best Buy. WTF?!",2025-11-10T23:42:45Z,2,1,en
UgwyX72_N1LClFfDu614AaABAg,@rishi5142,"I got my 5070ti, 9800x3d, and x870 motherboard with 10 fans total for $2,490CAD or $1,776USD a month back. Escaped the ram prices and got all 3 of those components at a discount, and the 5070ti at msrp. Wish this video dropped earlier for other people, especially affter the ram prices skyrocketed",2025-11-10T23:42:38Z,2,0,en
Ugxy7d6BUIw_Aq0JcEp4AaABAg,@Krynis,"I got this cpu cooler in white with a screen on the block for my 9800X3D and it's kept up no problem, it's only draw back is lack luster software but it worked out, also my poor 4080 is constantly at 80c at 100% usage and sounds like a get engine so I worry about it's life span lol.",2025-11-10T23:41:57Z,0,0,en
UgxNlTNPp8ti2lSmxcJ4AaABAg,@AndyHerbert254,"Top edit: who speced this build? GPU is costly and 4k gaming is still not common because of the cost of monitors as well; $95 for 32 gb RAM is high, let alone whatever costs theyre at now (a symptom of bad electronics economy), 16 gb ddr4 would be fine for non-memory intensive games. But the most glaring issues: an overpriced, under watted PSU; cheaping out on an AIO instead of opting for a heatsink at that price; 2 TB storage is rather low considering game sizes, I'd add a wd black HDD into that; when did motherboards get so expensive too? And case is costly too, if theres one area where its usually safe to get cheaper it would be the case.
End top edit.

Bruh $1600 is costly, ""At or below MSRP"" nah $1000 or less is a deal. $500 is ideal for 1080p gaming because at that price a handheld or console will do nicely for games.


Maybe for 4k gaming this is reasonable, or $200 less would also suffice, but 4k the issue with 4k gaming is also the cost of 4k monitors- unless you play on a TV, a 4k gaming display is considerably more expensive than 1440p with minimal benefits on a typical PC setup (and you tested that before LTT, the effectiveness of 4k vs viewing distance).",2025-11-10T23:40:57Z,0,4,en
UgxLuQ4Sf6uennMit6V4AaABAg,@camdenpike,"3:50 yeah I was thinking, this was probably a $1500 pc until RAM went up lol.",2025-11-10T23:40:55Z,0,0,en
Ugz8TxlM1vdujstN59t4AaABAg,@tallpaul9475,"something I don't see squawked about is the onboard audio, which is what I would use with my nice speakers and headset... how good is it versus a soundcard or DAC USB device?",2025-11-10T23:39:55Z,0,0,en
UgwXYVir4g8hKOLak0d4AaABAg,@spartanmark6792,"Bruh, I was making a part list for a potential new PC upgrade for later this year or next year, and the DDR5 RAM that I had in there a few months ago has now doubled in price. RIP new PC for right now.",2025-11-10T23:39:10Z,0,0,en
UgxJybUsBjm1Ad-lUxd4AaABAg,@jojo_glitching2970,If things are back at msrp does that mean the US tariffs didn't affect the cost?,2025-11-10T23:38:56Z,0,0,en
UgwRoV60u4NS3N5q_Md4AaABAg,@IDontKnowYou1216,This must have been filmed weeks ago. Good luck getting memory at a decent price.,2025-11-10T23:38:10Z,0,0,en
UgzyJIEVyd4Z3MAoLZh4AaABAg,@AyaWetts,RAM prices are like 200% prices today as a few weeks ago lol,2025-11-10T23:37:27Z,0,0,en
UgzSP9eQZcmlHl0XEHl4AaABAg,@chielmndz,I missed good ol pc parts and build videos like this,2025-11-10T23:35:22Z,0,0,en
UgxdE23bsGqZJBfEKXF4AaABAg,@Krynis,can't fix your laptop? use it as a prop! lol.,2025-11-10T23:34:56Z,0,0,en
Ugzn8sopowNyA19QOfp4AaABAg,@walgreensrust,dude the RAM in the video is 144 more,2025-11-10T23:32:12Z,0,0,en
UgwfqCsPnzXvV670gLZ4AaABAg,@heyitsdrew,"Acer has very good stuff. I mean all my stuff is Acer and I can't name anything bad about it. except for their cheap displays, don't go for them. everything else fair game. turned one of the business desktops into a ripping gamer.",2025-11-10T23:31:10Z,0,0,en
UgyJd-eHbzkmGcTANIl4AaABAg,@3D.Drinkin,im so happy the one time i could afford to build my pc was in this window before the ram shot up,2025-11-10T23:30:41Z,0,0,en
Ugz3QsZOJRlDSr7g0zF4AaABAg,@tallpaul9475,"it is pretty close to a decade for my GTX 1080, and not getting rid of it anytime soon, either",2025-11-10T23:29:33Z,0,0,en
UgwefQ8SRLXQ5rtP6EV4AaABAg,@K61r,Yeeting a broken laptop should be a regular thing,2025-11-10T23:29:09Z,0,0,en
UgxkqO3ghijX-naP5Wh4AaABAg,@stefnauc9675,7:56 We got Gta 7 mention before gta 6,2025-11-10T23:28:42Z,0,0,en
Ugx-gX5NfjAW5HIa_iV4AaABAg,@DazieArt,"I bought a top spec EVGA PSU 5 years ago, but somehow don't think the whole 10 year warranty will be accepted.😅
In my experience, it's worth the money for name brands rather than risk Temu or Amazon unknowns. My workstations usually last 8 years before becoming irrelevant.",2025-11-10T23:28:18Z,0,0,en
UgwX2Xh3ccSdP7uXEI54AaABAg,@queenpasta,"the 32gb of RAM i had in my pcp list went from $202 two days ago, to $222 yesterday, to over $300 today. yeeeeah, i'm gonna say the timing of this video is a BIT off....lmao",2025-11-10T23:27:25Z,0,0,en
UgzfLKDl_mg2bOVMD1J4AaABAg,@Netherdog7058,aged like milk,2025-11-10T23:26:46Z,0,0,Other
UgwEAsMHNTGBjnzJ-h14AaABAg,@EggHash,I watched this hoping there was another banger of an add. Was not disappointed.,2025-11-10T23:26:16Z,0,0,en
UgzaaqQToaCkVQuIdD54AaABAg,@Asquadron1,"msrp its only for US, in Europe or other country much expensive",2025-11-10T23:25:56Z,0,0,en
UgziaM3YZ9P_hlqlJFB4AaABAg,@Govthos,"Current price of Ryzen 7 9700x is not $20 more than the 5 9600x, it's over $100 more.",2025-11-10T23:25:11Z,0,0,en
Ugz7AH5kNQ3LyTBDAdl4AaABAg,@ElectroOverlord,As long as you only get 8gb of memory,2025-11-10T23:24:45Z,0,0,en
UgzReZM5wwwXD3x9MyF4AaABAg,@justinmcclain5549,I want to know who thought this would be a good video to release with the prices of ram😅,2025-11-10T23:23:33Z,0,0,en
UgyHahp-M6RMYfQdLuJ4AaABAg,@watercannonscollaboration2281,"If it makes anyone feel better, a 2x16GB CL36 6000mhz kit of FlareX used to have a $330 sticker price back when Zen 4 launched so…",2025-11-10T23:22:27Z,0,0,en
UgxgfiYZNDDiEmpTP_x4AaABAg,@animedrawer69,Ram prices deciding to triple in price before this video came out  😂,2025-11-10T23:18:49Z,0,0,en
UgymGMEQCas2HLJMcPp4AaABAg,@JohnDarktube,Have you seen RAM prices lately?,2025-11-10T23:18:00Z,0,0,en
UgzxULKPTGNzK6b1jmR4AaABAg,@jsolstice19,I’m actually excited to start to building my own PC.,2025-11-10T23:17:14Z,0,0,en
Ugw_LvFalVx_V1H0UCl4AaABAg,@Tagiau,We're just going to gloss over the fact that acer is one of the few companies PUTTING A CACHE ON AN SSD?,2025-11-10T23:17:14Z,0,0,en
Ugxi_pvbjVCu23qRKFp4AaABAg,@vladimirbarcan4003,I just got my rog g16 stuck in a mode that i cant fix and I'm laptopless.. lost my fold Phone last week and have my mothers A12 so I'm phoneless and this cute little leprechaun slaps the ram out of a fine looking piece of tech... life's not fair sometimes man... life's not fair,2025-11-10T23:17:00Z,2,0,en
UgwS_wNrywkcAhmkvCF4AaABAg,@alphacompton,I've been meaning to ask forever what the F*** is Rilely on? Can I buy some? 😅😅,2025-11-10T23:16:08Z,0,0,en
UgxR0QZ-n2pir0qdAD94AaABAg,@Squidkingdom,Is it just me or does the video look low frame rate?,2025-11-10T23:15:44Z,0,0,en
Ugx81X5d4OwR2nF6VFp4AaABAg,@zararsattar9557,this was by far the best ad spot ever. full stop.,2025-11-10T23:15:38Z,0,0,en
Ugz7xDauFuIpo5Bfqmt4AaABAg,@rolodagger4386,"""They could reduce the chip prices""
Says the guy who sells 100$ screwdrivers...",2025-11-10T23:15:25Z,0,0,en
Ugy0U8ZUbgppLbhCt6F4AaABAg,@Naultarous,Just stop FOMOing gear and stop paying the crazy prices.  Are actually a gamer if you are the one being gamed?,2025-11-10T23:14:47Z,0,0,en
UgybWwbo1qz9Vi6CtJt4AaABAg,@JustBYO,"i blame him, he jyxed ity",2025-11-10T23:13:18Z,0,0,en
UgyuDfML4xn_F5_1ut54AaABAg,@urkzilla,Im going to get a b580 for now and save up for a 9070 xt in the meantime,2025-11-10T23:12:40Z,0,0,en
UgzaxEOYL0jfLMKGqnZ4AaABAg,@BlenderRookie,"Yeah, I was getting ready to say DDR5 prices are rising fast. The 48GB kit I have I paid $139 for it and it now goes for $239.",2025-11-10T23:12:18Z,0,0,en
Ugz5khBPkikf-mWSmK54AaABAg,@owen_tl,"Aren't GPUs the hotter, hardest working component? Why is water cooling dropins so common for CPUs but GPUs are never sold with radiators and always standard fans.",2025-11-10T23:11:54Z,0,0,en
UgzLqyeQJqGtQNML5Lt4AaABAg,@jamesborb4255,"Realistically, you're also going to spend between 150 and 300 dollars for mouse, keyboard and headset, and between 400 and 800 for a monitor, especially if you want an oled.

So it's more like 2500/3000 dollars",2025-11-10T23:11:43Z,0,0,en
Ugx4DIaF7hQpnLParSx4AaABAg,@MRAMAZRBALLZZ,"Not LTTs fault at all but wow, isn't it nice to have a pc video that isn't doom and gloom. Long may the industry continue in this direction",2025-11-10T23:11:39Z,0,0,en
UgxFFFRcJpU1rSHL0hR4AaABAg,@zombievac,"I dunno, this seems like the definition of “compromising on quality” for basically every part.  Don’t get a 6 core processor for gaming!  That’s less than the consoles even have, not good.  It’s gonna matter.",2025-11-10T23:11:28Z,0,0,en
Ugza2dtU2abkuSE7UYB4AaABAg,@RCaIabraro,I download the manual and give it to ChatGPT. Telling it to read it for me is awesome.,2025-11-10T23:10:34Z,0,0,en
UgwiLU8Q80p6tNzbBBt4AaABAg,@TheoFizylkl,literally the only channel that ill watch the ads. thank reilly. you better be paying him well,2025-11-10T23:10:32Z,0,0,en
Ugx448FtUbZrUq5fTi94AaABAg,@mad1538,This is one of my favourite ltt videos. Not sure if it beats the kitchen sink but it's 100% up there,2025-11-10T23:07:17Z,0,0,en
UgzMF7bOnRRDsGN8nHx4AaABAg,@k11yo_UwU,5:40 thats some richerd hammond enerfy right thear XD,2025-11-10T23:07:01Z,1,0,en
UgwgWx5CxfNCAhJvAQd4AaABAg,@maalisl1,Two Words: Ram Price. 🫥,2025-11-10T23:06:38Z,1,0,en
Ugxtwix4lZIVw-4MQhV4AaABAg,@jamesborb4255,I get it was 55 dollars but a 360 aio for a 65w chip lol,2025-11-10T23:05:57Z,0,0,en
Ugww5lehkO3gYi4on4B4AaABAg,@LegoBob4123,How long does it usually take for a LTT video to go from writing and shooting to release? This was obviously written before RAM he** happened.,2025-11-10T23:05:06Z,2,1,en
UgxqRuVi6PAkn4akiOp4AaABAg,@SupraB58King,Never go back to front,2025-11-10T23:05:00Z,0,0,en
UgyTQw__MNPnPi1LcId4AaABAg,@fasty3813,"I JUST BOUGHT A NEW BUILD, LIKE, A WEEK AGO!!! WHY UPLOAD THIS NOW, LTT, WHYYYY!!!! (Great video though!!)",2025-11-10T23:04:15Z,0,0,en
Ugz5fsNhzyWg147iJZp4AaABAg,@Cupzero007,"I think this AI trend is actually way better than the crypto back then. At least people are buying AI or high-end GPUs for their AI machine, so regular GPU prices won’t be affected that much",2025-11-10T23:03:47Z,0,0,en
Ugyn3rkUKSOwzQzi7jd4AaABAg,@orfeous,"So.. I want to upgrade from my old Gigabyte GTX 760 2GB. When am I recommended to buy a new card? I'm looking for a Nvidia card. 5000‐series.
At least 12GB i guess?

Going to be paired with my Intel I7‐14700K but I want it to be somewhat future proof.

According to budget I really don't know. As low as possible I guess.",2025-11-10T23:03:39Z,0,0,en
UgxfIlt9gfXMHPLCho94AaABAg,@Launcchh,6 cores aint enough,2025-11-10T23:03:38Z,0,0,Other
UgzWbZ5WghHjTzejk0p4AaABAg,@Sterlingspoon,"Msrp
Majority shareholder really proud",2025-11-10T23:03:18Z,0,0,en
UgzzadqhQ7f7ilZtss54AaABAg,@LifeIsMouldy,i have the 240mm aio and so far love it!,2025-11-10T23:03:08Z,1,0,en
UgySZpO2RI8BtXR7q8J4AaABAg,@FearXDespise,Ram at msrp... a tear just ran down my cheek.,2025-11-10T23:02:35Z,3,0,en
Ugx7VF6J4fLkb2f8fKx4AaABAg,@bobmarko,whatever they pay Riley they need to triple it these sponsor spots are amazing,2025-11-10T23:01:34Z,0,0,en
UgxmCic7aac4xGWiGV94AaABAg,@DBGT00,Yikes,2025-11-10T23:00:55Z,0,0,Other
Ugwjy-3Y8sgiYq0kjVB4AaABAg,@kPLUSelikamedsant,Linus ❤,2025-11-10T22:57:26Z,1,0,Other
UgysZDLEjSVDNEytAEZ4AaABAg,@Whutthefok,Shame he is shouting out all gpu flavors exept for red😢,2025-11-10T22:56:46Z,0,0,en
Ugx4_u83JYUnOYh20HN4AaABAg,@joshuadoncouse5432,If I had a nickel for every time LTT released a updated pc build guide right after I build a pc; I'd have two nickels. Which isn't a lot but it's weird that it happened twice...,2025-11-10T22:56:31Z,6,0,en
UgyltlYfsB9y8J407Gl4AaABAg,@BexBerk,I hate the gpu market because the most important spec for me is Vram (3D Artist) but I will certainly not upgrade from a 3080 to a 5070ti even when I really need the Vram,2025-11-10T22:56:11Z,0,0,en
Ugx6wc28xkv7dGNnprh4AaABAg,@firesurfer,10:44 I was expecting a Spaceballs popup.   :(,2025-11-10T22:55:51Z,1,0,en
UgyzLISJSbXX9dBl7dd4AaABAg,@Fataha22,Ssd and ram : about that 😬,2025-11-10T22:55:19Z,2,0,en
Ugz_ZzNP7oq8X2Dym1J4AaABAg,@MegaRpgPlayer,I just built almost the exact PC here about a month ago for 1600 lol,2025-11-10T22:54:30Z,0,0,en
Ugxg_RYwpbiMC89OToR4AaABAg,@DJJ959,"I remember buying 32GB of RAM for $90 USD, and now it's doubled in price.",2025-11-10T22:52:27Z,0,0,en
UgyFFGChBCykaiUdOfN4AaABAg,@SteakPizza99,RAM prices would like to talk.,2025-11-10T22:52:03Z,0,0,en
UgyC7Ie51sxG0KYfprl4AaABAg,@robertb1802,why do you need a 360mm aio for a 9600x though?,2025-11-10T22:50:56Z,2,2,en
UgzNBLyvmV53YW_729F4AaABAg,@MicWellz,A ninja broke these days Linus. I’m buying old hardware,2025-11-10T22:49:51Z,0,0,en
UgxoYaVF5uyyJPZ4OG94AaABAg,@nonyabusiness-e3h,"@ 8:42

nvidia is fine on linux too. been using a 4080 on linux for years no issues.",2025-11-10T22:49:05Z,1,0,en
Ugy0GwAEQyrCYoUw9054AaABAg,@johntanner611,You never go back to front....,2025-11-10T22:48:45Z,0,0,en
Ugz1KQvSL0UNt5bx8kV4AaABAg,@HisNameIsRobertPaulson01,"Don't shock your puppies, either.",2025-11-10T22:48:12Z,0,0,en
Ugx0KnUq57xGB6Epcmh4AaABAg,@info-unlimited,Wow just $55.00 we all paid more than that for a screwdriver.,2025-11-10T22:48:09Z,0,0,en
Ugz6ZSDve5RIGnX53Ip4AaABAg,@redgewood,I hate that we’re just accepting $750 MSRP for not even the top of the line current gen gpus as “a steal”. Get real. GPU prices went up during the crypto boom and never went back down because Nvidia found out they could get away with it. Now people are accepting it as the norm. Looks like these RAM prices and soon SSD prices are going to be the new norm too if pc gamers don’t fix their standards.,2025-11-10T22:47:45Z,1,0,en
Ugwyx1na90s1p9_XD_B4AaABAg,@AmponyUBG,Did he actually dash that laptop 😭 0:53,2025-11-10T22:47:12Z,33,2,en
Ugxs7PbaAeT_q9N1h0l4AaABAg,@bluetoughguy,I just saw an ibuypower desktop with a 3080 for $1950 at best buy. Prices are finally starting to come down! WOOHOO!,2025-11-10T22:47:10Z,0,0,en
Ugx_DmglbkWk8WVTIG94AaABAg,@disturbedone3631,I got my 5090 for msrp only because I was on Nvidia’s wait list😂,2025-11-10T22:46:37Z,0,0,en
UgyHDMM4-qg6fXurRC54AaABAg,@mitchellwilson12354,The 64gb kit of ddr5 ram (6000 CL 30-40-40-96) I got back in February for $190 is now $480 on amazon. What the actual fuck.,2025-11-10T22:46:07Z,0,0,en
Ugw4sv56GhQphI7HNjV4AaABAg,@Superagent666,"Hey Linus, how'd you get that police car, Linus? 😏 YouTube wants to know 😂",2025-11-10T22:44:36Z,0,0,en
UgxfWoqi315ntug0svl4AaABAg,@HEATB1TE,Oh god no we can't have something nice do we 😭,2025-11-10T22:44:20Z,0,0,en
UgxMwogklXpwBsvMNSZ4AaABAg,@ItzSlushie,That’s a lot of MSRPness,2025-11-10T22:42:10Z,0,0,en
UgzSkD6vR_wwMr-Y6Ot4AaABAg,@lodougherty,"95 dollar ram at the time of filming, 250 dollar ram now.",2025-11-10T22:41:41Z,0,0,en
UgxtORE9Y6XyVCNkath4AaABAg,@狼の神,Play War thunder now!,2025-11-10T22:41:34Z,0,0,en
UgzyycG4FkhoTLDxz2J4AaABAg,@chazeroni455,I guess $1600 is reasonable.,2025-11-10T22:41:32Z,0,0,en
UgyKKB_02XiKjrFMPxN4AaABAg,@evanschadowsky,"if you got yt and discord/hw monitoring on a second display like I do, you can definitely benefit from a couple extra cores. i got my 9600x for super cheap so i dont regret not getting a ryzen 7 but if im looking at retail pricing, id get a 7 everytime.",2025-11-10T22:40:30Z,0,0,en
UgzV_fUUvn47NvALEv54AaABAg,@terehakku,8:00 JESUS CHRIST LINUS!!,2025-11-10T22:40:11Z,0,0,Other
Ugwn_yz0qYu6KSzLcg14AaABAg,@hiigara2085,i bought the 3080 on the used market in the UK at £300 as the MSRP for the 5060 TI is £400 and its worse. i want  to like the msrp's but man they need to be like £50 less in the UK to be  contenders. The 5070 TI you have is just ridiculous compared to any 3080 or 4070 cards on the used markets.  though im not having a go as its a solid MSRP pick.,2025-11-10T22:40:07Z,0,0,en
Ugy9kmC7bMPkSvIFVGR4AaABAg,@daves578,"OOPS LINUS, no longer relevant much like a lot of the content.  It seems like Linus is a little out of touch.",2025-11-10T22:40:03Z,1,0,en
Ugx2zFAOrb0ZMgBmUmt4AaABAg,@arranmc182,Ditch the AIO & RGB and you will save a fair bit,2025-11-10T22:39:50Z,0,0,en
Ugyh8agOxARF8eZ3u4x4AaABAg,@JCats_Quest,I think we need another video talking about insane RAM prices lol,2025-11-10T22:37:22Z,0,0,en
UgzULH4jaywLTz0DQm14AaABAg,@yanc8599,What’s wrong with Linus mouth,2025-11-10T22:37:14Z,0,0,en
UgyQES2dLujz-_0nTZt4AaABAg,@FrostclawPlays,"$750 for a 5070 ti?!  That's utterly insane!!

The GTX 1070 ti launched in 2017 for $400.  Adjusted for inflation, that's $525 in 2025.
The RTX 2070 Super launched in 2019 for $500.  Adjusted for inflation, that's $630 in 2025.
Even the RTX 3070 ti launched in 2021 for $600.  Adjusted for inflation, that's $715 in 2025.

A $750 MSRP for the 5070 ti is absolutely awful!  Please vote with your wallets!",2025-11-10T22:36:35Z,1,1,en
Ugw5wk4oqTyiapd9fEB4AaABAg,@Gregtoddtheoriginal,"Hmmm, they seemed to change aspect ratios again. Interesting",2025-11-10T22:36:25Z,0,0,en
UgwS4yS1743IZ36Jip14AaABAg,@SkyrimOnTop,Lets hope game optimization gets better too,2025-11-10T22:35:02Z,0,0,en
UgyM9u6byli_HOnB4v94AaABAg,@Mechenzo440,"Wtf ,i payed for 3 fans 120 euros(just for fans)",2025-11-10T22:34:21Z,0,0,Other
UgyzDRFRCYnksrzbszt4AaABAg,@Matty__Matt,If you live in the us Micro Center has the AMD Radeon RX 9070 XT for MSRP of $599,2025-11-10T22:31:31Z,0,0,en
Ugw2niNsGRE9C2dwRk94AaABAg,@HypotheticaIly,7500f+ 9070xt 32gb ram 2tb ssd comes out to just over 1209 🎉,2025-11-10T22:31:19Z,0,0,en
UgwOSlX1Rd1AqRdu7cF4AaABAg,@omulamfibie,Moral of the story: you have to wait around 2 years after release to be able to get a decent GPU for MSRP! Isn't that amazing?,2025-11-10T22:30:14Z,0,0,en
Ugzpn23jOr0dyt_3WHh4AaABAg,@alecwilliamson3041,Damn the extra $185 between RAM and SSD price mark ups sucks. Probably just gonna wait till late 2026 for next gen intel/AMD CPUs and new GPUs,2025-11-10T22:30:10Z,0,0,en
UgzRarAbrSh90EhL6914AaABAg,@dixoncharles,Tell me you filmed this a few weeks ago (prior to Ram craziness) without telling me.,2025-11-10T22:29:44Z,2,0,en
Ugy_rOyCWE44WOE3giN4AaABAg,@reynaldoponce3645,same kit i got for 200 dollars is now 1200 dollars wtf is going on with RAM,2025-11-10T22:29:32Z,1,0,en
UgyI8joML343Y19F68t4AaABAg,@terpret7123,You made the 5070ti sellout while I was on a walk. Thanks,2025-11-10T22:27:16Z,0,0,en
UgyFMhQ5DmeNIev98954AaABAg,@ratzgaming6517,that mobo has pci 5.0 with bios update,2025-11-10T22:25:40Z,0,0,en
UgwaFWXSe7rV6hXWBw94AaABAg,@sloth7d526,"I'm not spending $1600 on a PC and only getting 6 cores on my CPU. Fair enough reason if you're JUST gaming. But lots of games use multiple cores now, and have been for a while now. Same with heavy emulation. The more cores, the better. I wouldn't go below 8 cores if you can afford it. And Linus also showed that 9700x was only $20 more than the 9600x. It's a no brainer at that point.",2025-11-10T22:25:17Z,1,0,en
UgxslbBa_xbHC6uHlGF4AaABAg,@xakiri4577,"wow.... the Teamgroup RAM he is using in his video says $95.99, I just looked it up on microcenter's website and its going for $244.99! are you kidding me!",2025-11-10T22:23:45Z,0,0,en
Ugx4KU0c_jJoNsgGHJR4AaABAg,@dulalg18,515 dollar for Corsair 64gb ram,2025-11-10T22:22:56Z,1,0,Other
UgxmMvQ-IOLOofCdJ8d4AaABAg,@leviathanpriim3951,poor timing champ,2025-11-10T22:22:30Z,0,0,en
UgxLWcWWElyA9CdkNm94AaABAg,@ramen_noodlee,"gpu prices drop and ram prices skyrocket. thank god i already built mine. bet ram prices will drop then cpu prices go up, can never win.",2025-11-10T22:22:02Z,0,0,en
UgzZ9kSt1sKN-yMurpJ4AaABAg,@Mayor-t8f,Lol 1700 not anymore 😂,2025-11-10T22:20:41Z,0,0,en
Ugwf5-Qf1bybF0dLcl14AaABAg,@dazley8021,Linus assumes my kids (if i had any) gonna be alive by the time GTA7 comes out 😂,2025-11-10T22:20:38Z,0,0,en
UgwrpcOAxHXMcYEc5md4AaABAg,@Serketry88,Everything except the goddamn RAM,2025-11-10T22:20:37Z,1,0,en
Ugy7Q22q9nJpLwOKJx14AaABAg,@ding_1777,Increase Riley's costume budget LOL,2025-11-10T22:20:24Z,0,0,en
UgyhZ98UixUh18LJm7Z4AaABAg,@magis123,"I love how ""45 FPS with upscaling"" is considered a playable experience when you clearly saw the amount of lag and input delay present",2025-11-10T22:20:18Z,0,0,en
Ugz7_QEbTCGOVKAsuhR4AaABAg,@NathanZYoung,What’s MSRP?,2025-11-10T22:20:09Z,0,0,en
UgwOzqVKZnQwo92q_K54AaABAg,@Koshyne,Awesome mouse btw at 9:31,2025-11-10T22:18:30Z,0,0,en
Ugx1uaQxhsWMODL2H5V4AaABAg,@JDD_Tech_MODS,That RAM is now $244.99 LOL>,2025-11-10T22:17:02Z,2,0,en
UgxH_0Ch_jSvMNBnJc54AaABAg,@vidraul,"Ah yes, I had a nice wishlist and was looking forward building a PC after a couple of trips... RAM prices had a different idea",2025-11-10T22:16:29Z,0,0,en
UgxAMpdPyL0b2wGXa1J4AaABAg,@Ezz0Clan,"My friend bought about week ago Corsair Dominator Titanium 2x16gb 6600mhz CL32 for about 200e, now they're going for 340e here. Those damn memory prices huh...",2025-11-10T22:16:18Z,0,0,en
UgwME7K1BC7sgPukOMl4AaABAg,@LookassHLL,U got my comment just for the creativity of sponsor 😂,2025-11-10T22:16:05Z,0,0,en
UgxrOqxt2mepgiuZM7d4AaABAg,@pullie420,6:23 I absolute love the shade he throws,2025-11-10T22:16:00Z,0,0,en
UgwkkIB0co8Zp9hZYeB4AaABAg,@petersugar7726,"That ram has the same timings as my 3200mhz cl16 ram, what a sick scammy disgusting joke by the industry",2025-11-10T22:13:24Z,0,0,en
UgyrUaL6qgU4Ecpti6l4AaABAg,@dearestdennis,I’m like 30 seconds in and they’re talking about MSRP but 32GB ram went from around $100 USD in Q1 2025 and now it’s $200. Thanks AI.,2025-11-10T22:12:46Z,0,0,en
UgwP3rFbI_sUnqV9scV4AaABAg,@Bearadactyle,Riley sponsor commercials are great! Almost as good as the Denis ones 😂,2025-11-10T22:12:46Z,0,0,en
UgzIvqElSoWIweIdeVB4AaABAg,@Mayor-t8f,Last time I built a PC was 2017 so it's time for an upgrade,2025-11-10T22:12:07Z,0,0,en
UgwWPlvoCV5SLVSfIzp4AaABAg,@TDDTheDon,This is the issue with filming videos 3-4 weeks ahead of release.  Nothing is accurate.,2025-11-10T22:11:17Z,0,0,en
UgyAHa5xbjsTnDqURUF4AaABAg,@ChowHound1337,Lol this video gonna be rage bait,2025-11-10T22:11:06Z,0,0,en
UgyC0rigp5e5DdeCdoV4AaABAg,@Archaeopteryx92,"Linus should start own brand of PCs, will be a good buainess",2025-11-10T22:10:59Z,0,0,en
UgxjwJDzGnpMW80CpLB4AaABAg,@ILikeHamburgersAndHamsters,0:39 nooooooo the poor laptop!!!!!!!!!,2025-11-10T22:10:17Z,0,0,en
UgxJkyv53bDannC0Pfx4AaABAg,@Hwikek,“We have RGB on all the things!” No RGB on RAM sticks.,2025-11-10T22:08:46Z,0,0,en
Ugwuf2Sn8vl0-HEK4aV4AaABAg,@retrosean199,"Well, Maybe it's a $1700 PC now due to RAM 😅",2025-11-10T22:08:42Z,1,0,en
UgzyCPysDs_hvuprqft4AaABAg,@HollowdTV,I want to be a bit contrarian and say atleast they addressed the DRAM prices skyrocketing right away. Otherwise this whole build is great. Anyone on a strict $1600 budget can go for 16 GB for now and upgrade later when ram prices come down. Or go for 32GB at slower MT/s and timings.,2025-11-10T22:08:39Z,0,0,en
UgzcmkMfaGiOw4CgPbB4AaABAg,@arcanekingo5716,@8:02 The gasp that escaped my body. PLEASE FOR THE LOVE OF GOD LINUS!!,2025-11-10T22:08:00Z,0,0,en
Ugz-iKgyjcfRxHdNQiF4AaABAg,@dao_f,"dang, this vid came out too late",2025-11-10T22:07:02Z,0,0,en
UgwbskBMOgNTe_oKpRZ4AaABAg,@xenogears5177,I looked up the actual cost of these and lets just say... expect a 20-30% increase on these prices that linus states..,2025-11-10T22:06:55Z,0,0,en
UgymwGHIkCPpfeO-IbF4AaABAg,@ZoahPorre,"AI bubble bursting soon, cheap GPUs incoming.",2025-11-10T22:06:44Z,0,0,en
UgyWqPvDdZu3rdYwgiZ4AaABAg,@MetalForever895,"The RAM prices doubled, looks like I'm stuck with my ancient laptop...",2025-11-10T22:06:38Z,0,0,en
UgxXeud8UxPMD38PmCt4AaABAg,@samvenable9898,Why $140 for a 750w PSU? I got my Be Quiet Pure Power 13m 1000w for $120 about a month ago,2025-11-10T22:03:27Z,0,0,en
UgxxHDr5AKlPWJopVAJ4AaABAg,@cris_j,Loving the seahorse emoji debacle. Everyone should explore that on their own time.,2025-11-10T22:02:47Z,0,0,en
Ugxs37-c9rjmjEfawad4AaABAg,@YabbieDabbaDoo,This video needs more Jake!!,2025-11-10T22:02:14Z,0,0,en
UgzrpNLnqENN4wo_4s14AaABAg,@TMgamer95,These war thunder ads are just crazy... This ad alone could be some kind of show.,2025-11-10T22:01:50Z,0,0,en
Ugy72jrjleSPmdOGjxt4AaABAg,@The_LIC,Lmao at the gpu being at msrp meanwhile the cheapest 5070ti here is $900+,2025-11-10T22:01:36Z,0,0,en
UgxpZ2Yr8LbuDtrZZL14AaABAg,@Still_Me,The contrast between War Thunder Riley and Christmas Riley is brilliant.,2025-11-10T22:01:06Z,0,0,en
Ugwp06OrjLVbK7i3DbF4AaABAg,@Kibeling,Is it just me or the camera quality just got better?,2025-11-10T22:00:55Z,0,0,en
UgwAORsPdHRnQ-tRcdp4AaABAg,@nightxiv9329,"Braces are a little tight today, I’d how I can tell but I just can. Bros uncomfortable. 😂 I went through that twice!!",2025-11-10T22:00:35Z,0,0,en
Ugygadsctd4Af8JgzkV4AaABAg,@steveaustin330,"""If you can find a good gaming RAM deal right now, grab it. That's because prices are rapidly on the rise, thanks to demand from AI data centers putting a huge strain on DDR memory supply. We've already seen prices more than double in just a month, and there's no strong sign yet that they've plateaued.""",2025-11-10T22:00:08Z,0,0,en
Ugy3lY0o2pTIk0xrknR4AaABAg,@nohandslucas,$800 for 1440p? good lord,2025-11-10T21:59:43Z,0,0,en
UgyXMnZcsLPT-4_TSAh4AaABAg,@MBK_Podcast,😂😂 “Manford Manley” 😂😂,2025-11-10T21:58:22Z,0,0,cy
UgyTkGasYoduqnoiK894AaABAg,@justjoe5373,AI bubble pulled the rug out from below this video's feet before it even got to stand,2025-11-10T21:57:30Z,0,0,en
UgznVF1E49PDDosAfll4AaABAg,@rykkuuu,hope that was the dead laptop he slapped on the floor xd,2025-11-10T21:56:49Z,0,0,en
UgzulEnzGUuZKNzoYAl4AaABAg,@nintenster,Why put a puppy in a cage when you can *place* them in a bed?,2025-11-10T21:56:00Z,0,0,en
UgzZpqnSyv9FHYAE2414AaABAg,@MichelBertrand,$293 for the ssd and 324 for the ram - maybe you should have taken a quick look before publishing this one...,2025-11-10T21:54:45Z,2,0,en
Ugybfe6yh1pSNrTG_gt4AaABAg,@gabagreezy,what performance hit do you take for PCIe4 on the board if the GPU is a PCIE5 device?,2025-11-10T21:54:34Z,0,0,en
UgxuzpotE3J1o9wPwRd4AaABAg,@MuntakimHaque,$1700,2025-11-10T21:53:59Z,0,0,Other
UgzL1JRQHtDk9S4vGpZ4AaABAg,@marricktryathia3464,Yay! A PC video. I feel they are becoming rare on LTT these days.,2025-11-10T21:53:23Z,1,3,en
Ugyw8lxylq8v4Mlp-fl4AaABAg,@zah465,"I think Phanteks are probably one of the most severely underrated brands in the space at the moment.
Don't get me wrong they have cred, but not enough cred considering the quality and helpful features they have.",2025-11-10T21:52:59Z,0,0,en
UgzNiFJ7csuenEyo9xB4AaABAg,@LittleW426,Imagine your screwdriver costing more than your aio...,2025-11-10T21:52:30Z,0,0,en
UgwfsgoKrCB9GKRX8HR4AaABAg,@travisg1759,what kills me is that with my 4090 the 5090 is the ONLY upgrade. :(,2025-11-10T21:51:53Z,0,0,en
UgyKtyrJW4cNqBqOK5x4AaABAg,@cmgraeber,"How is half of your total budget being spent on the graphics card good news, when you can build this pc for $1000 we will celebrate, its still crazy inflated and youre convincing people to go buy it anyway, just because it's cheaper than 2 months ago doesn't mean its cheap enough",2025-11-10T21:51:53Z,0,0,en
UgzaI6Q4Q1UN5fXgJTR4AaABAg,@EconomyPrime,Problem now is ram,2025-11-10T21:51:23Z,1,0,en
UgzBObx4UB8shZJJEMd4AaABAg,@Sirdustetryne,"Damn, i am happy i upgraded my ram months ago. Almaot half the price of whats it is now.",2025-11-10T21:51:02Z,0,0,en
UgzihdKYm8DuYo84JlR4AaABAg,@Benzina-r2j,1600$ For a 1440p monster i think is absolutely crazy.,2025-11-10T21:50:27Z,0,0,en
Ugwj8c2HH-7LkddJso14AaABAg,@ConcentratedThoughts,Just got an Intel B580 graphics card for $250 at Best buy!! Absolutely loving it right now,2025-11-10T21:49:48Z,21,0,en
UgyO1EEgwnU0RYyXsHp4AaABAg,@KirillNeko,"""4k"" - on 5070 Ti.....
The hell were you smoking during a write up?",2025-11-10T21:49:44Z,0,0,en
UgxElsAbMmXPDJgW3zl4AaABAg,@santinojoshuatorre1695,"RAM says ""Hello, there!""",2025-11-10T21:48:58Z,0,0,en
UgwoqR2BQi0GOC7_ZVp4AaABAg,@KimKim-001,"SSD and RAM prices in my country is insanly high, we already had bad currency as an Indonesian, now this.",2025-11-10T21:48:51Z,0,0,en
UgxhBKQwU_GD6ZLcTp94AaABAg,@k1vd03_2,remember the time when a top tier Ti card was in 1500$ builds.,2025-11-10T21:48:47Z,0,0,en
Ugx235LmWjbPO7nGuh94AaABAg,@Gremlack13,"This video is already quite outdated. 
Memory is now insanely expensive comparatively, and the 9070xt can be found at msrp and many models not way too much more.",2025-11-10T21:48:40Z,0,0,en
UgzTzw-2z9lYgol0XRd4AaABAg,@contiplays,"i would change the 9600x for 7800x3d probably, but if it has to be last gen fair.",2025-11-10T21:48:27Z,0,0,en
UgxodFE0eWLAkxxOahJ4AaABAg,@shark103,Shit P2W War Thunder sponsor of LTT - the world is ending,2025-11-10T21:48:26Z,0,0,en
Ugx1-CmDu4wnF6qaSuV4AaABAg,@bkweddle7599,I'm always here for Riley's ad reads,2025-11-10T21:48:22Z,0,0,en
UgzCPD-dp1rZydp5FLh4AaABAg,@magosomni,I saw a 32gb kit of DDR5 ram like that going for almost 500$ just today.  I think the video was a tad late.,2025-11-10T21:47:33Z,0,0,en
UgypzXSB08yssXDcRet4AaABAg,@melterofsnowflakes,"Dear nVidia:  I think I'll just hold on to my 970's and 1060's for a little while longer as my RX 6700 XT fills in for anything newer.  (Same goes for the RAM companies.  I have one machine running 48GB of DDR4.  Unless something fails and I can't replace the parts out of existing on-hand, I won't be doing upgrades on a ""just because"" basis.  Good thing my computing needs are modest, I can buy computers running DDR3 at garage / estate sales for as little as $10USD.)",2025-11-10T21:47:32Z,0,0,en
UgyQ7EgYr2TLs2I5q8V4AaABAg,@kalebsilk,Ram is literally at an all time high lmao what a great time to release this! Everything else is pretty on point.,2025-11-10T21:47:06Z,0,0,en
Ugz7-J98aZIQ-yLWhIp4AaABAg,@D4RKLOV3,$1300 for 5080 I would hope is not MSRP. 🤣,2025-11-10T21:45:27Z,0,0,en
UgzVfASeC2PEmvUoWrp4AaABAg,@luisalbertoccopaibarra1006,"My budget is tighter, Brazil tight. I would like to see what they would recommend here",2025-11-10T21:45:24Z,0,0,en
UgxALMvqKfErYRnVx2h4AaABAg,@Liatin1,Well this aged like milk,2025-11-10T21:45:07Z,0,0,et
UgxtgCG-9-51PfUc1sZ4AaABAg,@gekkegozer8858,I normally skip the sponsor Spot but I like the new wannas,2025-11-10T21:44:59Z,0,0,en
Ugy8LTYHLYc_gi2K-0V4AaABAg,@adriancosmincocioran8252,lol....prices are worse that at the launch in Europe guys...wtf are u smoking?,2025-11-10T21:43:07Z,0,0,en
UgwIxbsTJ9XRGzsWj8V4AaABAg,@toymanjosh,2h,2025-11-10T21:42:08Z,0,0,Other
Ugw1gnCOw1aYKBKqJBx4AaABAg,@islammedheryamz8546,I love Riley,2025-11-10T21:40:34Z,0,0,en
UgwyzAD8fNeEEPJ7PZF4AaABAg,@kahtyman7293,"Motherboard price to features ratio is really bad. Why does all motherboards NEED to have both WiFi 6E AND 2,5Gbit port while only 4 pcie slots (my am4 b450 has in total 6 your good ol' pcie slots) and sound cards worse than 20 years old HP prebuild.",2025-11-10T21:40:33Z,0,0,en
Ugx1Umc5Mjm7hWLgX0h4AaABAg,@MBK_Podcast,Riley “only to rise again” 😂😂😂😂😂,2025-11-10T21:40:30Z,0,0,en
UgybsdIyieltfuiphnR4AaABAg,@tomaszkubala6266,Linus having braces at his age just to me seems freaking hilarious!,2025-11-10T21:40:22Z,0,0,en
UgwduIB-3TbuOWAOgn94AaABAg,@tomstech4390,"£560 for a rx9070XT or £700 for a rtx5070ti, yeah not buying an Nvidia card.",2025-11-10T21:40:05Z,0,0,en
UgxGKPLnGSgxF8Gn1V94AaABAg,@andrewfr5496,in my country this 5070 Ti costs 970$. RAM I got in August now is about 100$ more expensive. Nice MSRPs.,2025-11-10T21:39:13Z,0,0,en
Ugy7DoN6XT1XBG7D-Ql4AaABAg,@swianr,"Just got a 2x8*gb 6000 cl30 kit for 90usd, not 2x16gb🤦",2025-11-10T21:39:02Z,0,0,en
Ugwzj82bp6UXogoQWul4AaABAg,@LifeWithMatthew,how's intel arc doing these days?,2025-11-10T21:38:30Z,0,0,en
UgxwkA9KOMZvRB-U8954AaABAg,@roninbadger7750,Back in my day . . . the 70 class card was around $200. with inflation that should be nearing $400. so a 5070 at $750 is pricey.,2025-11-10T21:38:17Z,0,0,en
Ugzp4deNBthzB2A2ZdV4AaABAg,@bigtasty82,You get up to 100 frames for cyberpunk on ps5 pro they took frame lock off and allowed for VRR if your TV supports it. Looks and feels amazing,2025-11-10T21:38:14Z,0,0,en
UgyBcAcXIZVQFvfEjwp4AaABAg,@BrianMunsell,Every pc game I know is just waiting for Black Friday. Please don’t go even more crazy ram,2025-11-10T21:37:12Z,0,0,en
UgzfVUc7WMUV5vNfkRF4AaABAg,@wireditvideo,"$1,600 for last Gen components lacking upgrade support (except for the GPU)? 
Yay?....It doesn't feel good Linus. 10:30",2025-11-10T21:36:51Z,0,0,en
UgyBVrZWt5BaZqY9Bo14AaABAg,@KuroroSama42,"I built a new PC a few months ago and you practically built the same thing (minus the radiator).
One issue I encountered: Apparently my (first) Ryzen 7 9700X fried the motherboard. The only reason I know is because I brought it in for a repair and it even fried THEIR test mobo. Luckily both pieces were on warranty and got traded in with no fuss. The new ones are doing fine.",2025-11-10T21:36:41Z,0,0,en
UgyeYK5J814XkIBotVV4AaABAg,@RillonDodgers,It's fun watching a video you knew was coming from when Linus mentions talking about it on WAN show a few  weeks ago,2025-11-10T21:36:39Z,1,0,en
Ugwx-lzR2LHYlhJ3c9F4AaABAg,@imperiallsscamarosuperspor693,My 5070ti sounds like a wines like a banshee,2025-11-10T21:36:09Z,0,0,en
UgySKm2CwZ2elnFPMkV4AaABAg,@xRilox,I just wanna give Riley a shout out for the amazing War Thunder commercial,2025-11-10T21:35:49Z,0,0,en
UgzyGkNbbmqzUcv1_Nl4AaABAg,@YittsuKitsune,God i wish i had the money to upgrade my 2060 super to a 5070 ti... my entire system is good to go for many years but my gpu is super bottleneck on the rest of my system,2025-11-10T21:35:40Z,0,0,en
Ugw8kIZHMJIeGoDTEEZ4AaABAg,@Raja995mh33,Damn the RAM price claims in the video ages worse than milk 😭,2025-11-10T21:35:36Z,0,0,en
Ugz2LkBwDuBwPJpGzyJ4AaABAg,@kioumaarstaeed,Crazy we're treating $1500 PC's as a budget PC. Inflation has been crazy in my lifetime and I'm 26. + I live in Europe so this probably will be $2000 here 😂,2025-11-10T21:35:32Z,0,0,en
Ugx39q3cLX1osvXmCKB4AaABAg,@aceofspades3018,"I'm doing a build right now for a December charity give away and did a very similar build, except the ddr5 6000hz cl30 was white at $120 while others were over hundred dollars more! 

Case: Thermaltake 380 view white: $99
GPU: Steel Legend ASROCK (The white one) 9070xt: $619
CPU: Waiting for black Friday deals: $200-$320
AIO: I will get thermalright 360mm if the thermaltake 360mm (white) doesn't go on sale: $60-$99
Ram: ddr5 6000hz cl: $120
MOBO: ASROCK Steel Legend B850 $170 (B650's are at about $150 so i paid $20 extra dollars to match)
PSU: 1000w Steel legend: $119 ( a little overkill but 750-850 psu's are like 110 so for $10 have plenty
SSD: samsung990 Pro 2tb :$150",2025-11-10T21:35:20Z,0,0,en
UgxaNA8XVJY27fXsu-54AaABAg,@JayShroomish,"how about ""put those puppies in a shock collar"" instead",2025-11-10T21:32:49Z,0,0,en
UgysB240UMGQL4pjMI54AaABAg,@thepetesuprize3126,This is hard to watch with ram pricing. Ltt needs to speed up production of these sorts of videos so they are still relevant,2025-11-10T21:31:49Z,0,0,en
UgwPqwYWKEzF5cTwY2t4AaABAg,@illyaeater,5:42 PLACE!!!,2025-11-10T21:31:42Z,0,0,Other
UgxEkAWWjRHnQDLZ8BF4AaABAg,@TheDtownpiston,"Ram said ""hold my beer""",2025-11-10T21:31:23Z,0,0,Other
Ugy-wgSfqCSs4vriai94AaABAg,@Krowynd,RAM prices meeting GPU prices 🧍‍♂️🤝🧍,2025-11-10T21:30:47Z,18,0,en
UgzD9B9Xi_R6Zm11lhR4AaABAg,@memeinfantery7277,So short lived 💔,2025-11-10T21:30:46Z,0,0,en
Ugzcv0lt5WsHi4QGkDt4AaABAg,@jesseperrella,Omg I'm early-ish ayeee,2025-11-10T21:30:15Z,0,0,en
UgxGyrN5ZDD1esoCMax4AaABAg,@Phlookem,War Thunder!!!,2025-11-10T21:30:07Z,0,0,Other
UgwOV8R31KgqohiWqF54AaABAg,@crashbug5880,Save $150 and get 9070 xt for $600,2025-11-10T21:29:26Z,0,0,Other
UgwPHZRtCnWjSEoxeNR4AaABAg,@m3redgt,"5:43
not Hasan
he rather zaps them",2025-11-10T21:29:11Z,0,0,en
Ugzud7YDkxJu-LCHZtN4AaABAg,@chonkiemonkie5693,That PC costs around $2400 usd in Sweden….,2025-11-10T21:29:03Z,0,0,en
Ugy-PT_yTjXVLZsGXOd4AaABAg,@franz0901fw,Can someone answer me if the raffle on LTTstore is also available in Germany?,2025-11-10T21:28:39Z,0,0,en
UgxfKqbopOF3MsW3ryh4AaABAg,@Weroleytor,RAM prices did a number on this video lol,2025-11-10T21:28:13Z,0,0,en
UgzoEi94RLGhw0M5op54AaABAg,@franz0901fw,RAM prices are a hate crime btw.,2025-11-10T21:27:56Z,0,0,en
UgzSXqS-soq2BAHaQcV4AaABAg,@xKarvalho,whats wrong with his mouth in this video? it just doesnt seem natural compared to other videos,2025-11-10T21:26:41Z,0,1,en
Ugxlb7REWXuYRm5y5Wh4AaABAg,@GermanyBigMan-k2e,GTA 7? I'm not convinced we will even get GTA 6.,2025-11-10T21:26:02Z,0,0,en
UgzIQTeFWi-fglehfWd4AaABAg,@MrCanDel,My heart almost dropped like that 5070 Ti 😭😭,2025-11-10T21:25:40Z,0,0,en
UgxbB36NjT5nz2WLlR54AaABAg,@YushBoss,"SINUS IS TOO OLD FOR BRACES.
DOES ANYONE ELSE WANT WELD THE TOP BRACES AND BOTTOM TOGETHER, OR IS IT JUST ME?",2025-11-10T21:25:03Z,0,0,en
Ugy7ZPH5gboKyhWMFgp4AaABAg,@Stormy.mp4,"I recently found an incredible deal on a prebuild from Viltrox. with a 5070ti, 2tb storage, 32gb ram and liquid cooling. all for roughly £1400. needed it quickly for work when my old laptop died but turned out to be great for gaming too. No issues on Borderlands 4 says it all.",2025-11-10T21:24:54Z,0,0,en
Ugwh54yeHqRSNcoIy1B4AaABAg,@marcosmedia7463,"It gives me a weird feeling, but Linus' braces makes him look like hes trying to give a kiss to the camera",2025-11-10T21:24:46Z,0,0,en
UgwGEV6zfD1FODKn4od4AaABAg,@ThickUP,"Saying it's NVIDIA's fault feels like such a cop-out answer. If it's NVIDIA's fault then why are AMD gpus currently further above MSRP, by your own admission?",2025-11-10T21:24:36Z,0,0,en
Ugywi1rgPxkHsYmukV14AaABAg,@ps31871,For 32 gb of ram cost 250 🙄🙄🙄,2025-11-10T21:24:34Z,1,0,en
UgwMPjtVWK_WIKeVd7B4AaABAg,@m3redgt,I just bought a basic set of ddr4 for a later build before even its price explodes..,2025-11-10T21:23:52Z,0,0,en
UgxzFPdvtWhlBAA6BHJ4AaABAg,@TomGreen99,This aged poorly.,2025-11-10T21:23:09Z,0,0,en
Ugxi2PvYVzNZLF0YFFp4AaABAg,@euroblueX,You had the opportunity to finally make a good news video but ram prices had a different idea.,2025-11-10T21:23:00Z,2,0,en
UgxpaSkJvvhtNNst73B4AaABAg,@razurio2768,I got that exact memory kit for 91€ in May. Now it's at 186€... I feel lucky for once,2025-11-10T21:22:54Z,0,0,en
UgwzYbrm-DDknI3NrR14AaABAg,@Goofygamerrook,"When i saw the ram increase i thought ""it can't be that bad"" But, HOLY CRAP the ram in this video WAS $100 but now its $250!!! That's insane. At least we have at or below MSRP Nvidia cards (finally)",2025-11-10T21:21:57Z,487,4,en
Ugwy3imBeEKhdgzr8il4AaABAg,@S.Minkii,"I just got a
R5 9600x, 64gb fury beast 6000, 9070xt, tuf b650m wifi and some kingston 1tb nvme (dont remember), only air cooling though
prebuilt for 1150€ with 1 years warranty which is a bit meh and preinstalled W11 which i didnt even realize at the time but rn i think is a steal since in thr Balkans usually prices are a lot higher than US/Canada
They initally wanter 1250 with a 5070ti but didnt have it in stock but i preferred amd anyway since my last nvidia card had issues with fps drops after newer drivers",2025-11-10T21:21:32Z,0,0,en
UgyEMUzLudtrL-kGQ4l4AaABAg,@UgaBooga-q3r,extended gaming will have severe stability issues.... amd seems to start a severe memory leak when playing for a couple of hours....... intel still beat sthem out at that generation... but for the money its understandable,2025-11-10T21:20:24Z,0,0,en
UgzU_OQ7WRKxVTLw2Pd4AaABAg,@jebuscrustgaming4063,"hey i found a pny 5080 for $989 USD DUDE, gpus are going under msrp!!!",2025-11-10T21:20:00Z,0,0,en
UgzW1f4GC-0UvXXt29R4AaABAg,@shapelessed,"There I am, with an old Ryzen 7 3700X contemplating upgrading to something X3D of Zen 3 upwards...
Except I'm on DDR4 and DDR5 costs an f'n kidney! It's like 2018 all over again! Aurgghhhhh!!!!",2025-11-10T21:19:46Z,0,0,en
Ugxnph-X5KvmfSGZA054AaABAg,@rabidwallaby84,Aaaaand this is completely out of date now thanks to skyrocketing memory chip costs. :P,2025-11-10T21:18:52Z,0,0,en
UgwhWBcRAYOYhVNxXJB4AaABAg,@Achllyss,"Last time gpu is 100$ more but it back to normal. But the ram increase by 100$ too lol

Btw, ewww 6 core. Minimum is 8 core, I go with ryzen 9900x and buy 9070xt and 850w than 750w.


Damn, this video aged like milk 😅",2025-11-10T21:18:47Z,1,0,en
UgyNImiZfcSONGvReH14AaABAg,@Handrack,Damn they ain't lying about the ram prices.  The 64gb kit i bought at BB Feb of THIS year is double the price of what I paid.,2025-11-10T21:18:35Z,0,0,en
UgxI7FnUXcWslPdPHYh4AaABAg,@druid5561,"So incredibly glad I built the majority of my PC in March. But still rocking a 4060 I got on clearance at Best Buy because of GPU prices at the time, just haven’t felt the need to upgrade.",2025-11-10T21:18:18Z,0,0,en
Ugx--0_SIyk4G5N1GwB4AaABAg,@AmilKashyap-n1j,10:29 I dont think the ram link worked properly....,2025-11-10T21:17:50Z,8,0,en
UgyvDfcm7kosqKTMsuJ4AaABAg,@JakeDMaier,Why did RAM prices skyrocket?,2025-11-10T21:17:33Z,0,0,sv
UgxrQGb_pzGaJzBY-UJ4AaABAg,@boiilikefood,wow would love to have a pc like this its way better than my 3050 laptop and i bought mine for like 800,2025-11-10T21:17:21Z,0,0,en
UgxQeK-bUc69ZB8vltR4AaABAg,@danebeee1,Besides the obvious thing about ram prices that everyone has pointed out on top of that this build is really silly. A 9600x does not need a 360mm liquid cooler. It would have made much more sense to get a cheaper air cooler and put that $45 or so dollars towards a better b850 motherboard with pcie gen 5.,2025-11-10T21:17:14Z,0,0,en
UgzKgSUVX5hnWW2_-eV4AaABAg,@epicnessHQ,my 90 set of ram now costs 250. were cooked,2025-11-10T21:16:37Z,1,0,en
Ugx5j_MyVt4FYhWlyUp4AaABAg,@stephens7291,"LTT, please keep the ad volume levels the same so I don't have to raise/lower the volume while I'm watching in the shower. Thanks! 😂",2025-11-10T21:16:20Z,0,0,en
Ugy3oLNVM3Zjzmm6D4h4AaABAg,@BrettWidner,a 5070ti for $749. LMAO.,2025-11-10T21:16:03Z,0,0,en
UgzR2khtbRUDmTPD1GJ4AaABAg,@Crisperz,DRAM scalpers have entered the chat,2025-11-10T21:15:40Z,8,0,en
UgxOUvivjV5Kv5iPjGR4AaABAg,@Heavy_Chevy,Come for the video. Stay for the Riley add.,2025-11-10T21:14:01Z,0,0,en
UgyQbnf96LjlkJhTKyl4AaABAg,@MegaDiscolover,those kinds of ads (warthunder) suckz,2025-11-10T21:11:52Z,0,0,en
UgwRizM6kj1wjj4_HvN4AaABAg,@GrebnevNikita,This is basically what I built for myself a year ago for $2k,2025-11-10T21:11:15Z,0,0,en
Ugw47L3r8cieQuNYm6l4AaABAg,@ujocdod,Can I order a cut in half backpack in two separate packages to double my chances of winning?,2025-11-10T21:10:31Z,1,0,en
UgxPNSK_kumhF9nvOB94AaABAg,@TruckersMP_Adventurer,DUDE THAT LAPTOP THROW,2025-11-10T21:09:47Z,0,0,Other
UgyCtxWJANdMd5H36Hp4AaABAg,@barsik1923,"I hate those ads, go back to normal ads please",2025-11-10T21:08:02Z,0,0,en
UgylfYljh77ejlIj_IF4AaABAg,@JasonBH73,"RAM (link now $244)  -- Newegg: Patriot Viper 2x16 6000 C30 $214
PSU --  Amazon: Montech Century II 1050w $105  / 850w $83
CASE -- Amazon -- Montech XR Wood (white) $67  / Newegg (black) $80",2025-11-10T21:07:57Z,0,0,en
Ugw-SmNVBtqefPq9Yf14AaABAg,@NikBates_,I got a 5070 Ti for 740€ while the MSRP is at 879€ in Germany! Worthy Upgrade for my old 3070 I got for 500€ at launch :),2025-11-10T21:07:53Z,2,0,en
UgwQa1ioL5ffgOFKKER4AaABAg,@snozbaries7652,"""My friends call me Tiger""  😂",2025-11-10T21:07:01Z,0,0,Other
UgyhYlMYzw48aBBoE-p4AaABAg,@6FootVampire,Bad cpu choice. Lmao.,2025-11-10T21:06:45Z,1,0,Other
UgyafwfX2XQSbQIUSqF4AaABAg,@Swizzlerz,Is it me or they forgot the intro music after the Segway to the first sponsor,2025-11-10T21:06:04Z,0,0,en
UgzuQq3qsbwZ3Kr1M294AaABAg,@javierrebolledabulask2685,"At this speed, my kids will be lucky to be playing GTA6",2025-11-10T21:05:13Z,0,0,en
Ugz-Fl7-XrivbPHDJ_54AaABAg,@CannedLaughter00,I wonder what Riley takes befor shooting these comercials 😂😂😂,2025-11-10T21:05:10Z,0,0,en
Ugw1LndaFcP0rvc1_Ll4AaABAg,@MrTimm,"where is my monitor, where is my keyboard, where is my mouse, where is my headphones in this list? without all that it is just box wasting power",2025-11-10T21:04:51Z,0,0,en
Ugx8QSiuJ8LdSJxgd2Z4AaABAg,@universal_dzzz11,"Just purchased parts yesterday got a 5070 Ryzen 7 7800X3D aio with a screen even 32 GB DDR5 at 6000 CL30 all for $1,550 so not bad",2025-11-10T21:04:42Z,0,0,en
UgyTCk8uDYvc8up2xNF4AaABAg,@CEGIII,"3:39 Future Linus RAM problem, lol",2025-11-10T21:04:29Z,18,0,Other
UgxznX1y9DX4PQCP-ih4AaABAg,@angelorodrigues9218,Literally my build but I got the 7900xt for 700 euros on amazon,2025-11-10T21:03:59Z,0,0,en
UgxHUUZxdZXM6h0mRPx4AaABAg,@Chris-yc3mm,Swap out the gpu for a rrp 9070xt and spend the money you save on getting the bear minimum ram now that ram prices have exploded upwards 😂,2025-11-10T21:03:36Z,1,0,en
Ugwx_A4-LWtTKeIKhgZ4AaABAg,@Pirafier,linus drop tips,2025-11-10T21:03:21Z,0,0,Other
UgwNo6qUG0fjcmt8Knl4AaABAg,@Stackali,"i think we should have a manufacturers maximum price allowed. they can go lower, but they can't go higher.",2025-11-10T21:02:45Z,1,1,en
Ugwp76NVLo_jT3JuDmR4AaABAg,@StoneLegion,Um RAM Prices are 100% wrong lmao,2025-11-10T21:02:16Z,2,0,en
UgwTYq2joCy3bjVa-W94AaABAg,@Itz_Greeny_,"8:14 hahaha lol The ASUS Prime RTX 5070 Ti graphics card is priced around AU$1,509 in Australia",2025-11-10T21:02:15Z,2,1,en
UgyiP-rb1llHhNfVA9x4AaABAg,@wwabbd1987,I started following this channel when $500 builds were common place.,2025-11-10T21:01:36Z,0,1,en
UgxR-A9jyHeSo8eOjXh4AaABAg,@mattschaffer147,I am *so* tired of the “4K-capability” tagline here. I’ve got a 2070 Super pc that ran “4K-capable” from 2019. “4K” anything isn’t specific enough. Who cares,2025-11-10T21:01:07Z,0,0,en
UgyXzm1dvBRt2xkeChV4AaABAg,@corrieber,I’m in the market for basically this exact system. Is this build (with a 9070xt) solid for high refresh rate 1440p gaming?,2025-11-10T20:59:19Z,0,0,en
UgzEbNTnSdfV-r0hw8p4AaABAg,@Gjallarhorn_Productions,"Jesus Christ, you guys can never let Riley leave LTT as he is an international treasure.",2025-11-10T20:58:17Z,0,0,en
UgxhLNa23JogxCw06u94AaABAg,@El.Gatito.,"And here come the AI bros with steel chair to send RAM prices into the stratosphere, just like the inflation on electricity and unemployment numbers! Yay!",2025-11-10T20:57:56Z,1,0,en
UgzNH6Ehw93Z6oc7XKZ4AaABAg,@ClassicVim,"I managed to get a 5080 under MSRP at micro center which is pretty nice, but ram prices suck so much *ss right now",2025-11-10T20:57:53Z,0,0,en
UgwxYmvsaW60rq9DwUx4AaABAg,@heremescurrybro6841,Me watching this on my pc I built 3 weeks ago with a 7600X3D and 5070 coming in around at 2000 CAD because my house was caught on fire due to our neighbours. Insurance money is nice. Seeing the RAM I bought go from 130 to 245 is kinda crazy,2025-11-10T20:57:53Z,0,0,en
Ugwak0braEol8suzfuV4AaABAg,@Boss_Fight_Index_Channel,"With gpu and ram prices the way they are now, good luck",2025-11-10T20:57:53Z,1,0,en
UgzCL2QeUsVnbbzlvkp4AaABAg,@lennartjakob,"Is it just me or did the sponsor spots get more creative, but worse integrated? they are way more jarring when they don't grammatically continue the sentence.",2025-11-10T20:57:48Z,0,0,en
UgwoHgWCqkWiqk2_E-94AaABAg,@AliceNine,5:37 Crazy Hasan reference,2025-11-10T20:57:43Z,13,0,en
UgzhCo9H2yWHizF-J5J4AaABAg,@Stackali,thanks for this video. i didn't know there were m.2 slots that weren't directly connected to the cpu. swapped my game drive to the m.2-2 slot from the m.2-3 slot.   but i did get lucky to get a 9600x for $156 back in july and 32 gb ram for $76.,2025-11-10T20:57:25Z,0,0,en
UgxIu-FdxExyTPpxRwp4AaABAg,@slomava7809,3:50 lol,2025-11-10T20:56:18Z,0,0,Other
Ugwwgu0USrCjBRWJruV4AaABAg,@GravySealNetwork,"Just looked, my ram was $124 in 2023 when I got it and is now $250USD..... Good lord",2025-11-10T20:55:25Z,0,0,en
Ugxq0KLAyqli1-osRAN4AaABAg,@Kaizer-KA,"Yeah....
In Norway, this exatct build would cost me 2 569 USD (3 601 CAD)..and that's without shipping of the components..
The GPU alone is over a 1000 $..",2025-11-10T20:54:57Z,0,0,en
UgwytGIxHoyZssljNDF4AaABAg,@Baka_Oppai,Well i got killed on my 5090 purchase months ago but thankfully i bought all my RAM then lol,2025-11-10T20:54:56Z,0,0,en
UgyPCxfH2iLR7cWCSc14AaABAg,@khulhucthulhu9952,"tssk, not even going full mayhem on cyberpunk!",2025-11-10T20:54:54Z,0,0,en
UgwIL0reupHHPkDvCAB4AaABAg,@thopinkrotu,4:56 I recently bought the same SSD and got an empty box too,2025-11-10T20:54:29Z,5,0,en
UgxNK_AnOYQFPoYwsrF4AaABAg,@RoamGaming,5:37 you don't put puppies in a cage.  you just electrocute them if they move.,2025-11-10T20:54:17Z,2,0,en
UgyQNTJOkCxWy82TxPJ4AaABAg,@IronBeagle009,"Terrible timing, with RAM prices on the rise.",2025-11-10T20:53:51Z,1,0,en
UgwQiqP6rwzGaBZ-esJ4AaABAg,@DJ_IW,Riley should have let David do that ad read with the wig.,2025-11-10T20:53:42Z,0,0,en
Ugy0IxcCZ1FuJzRdEc14AaABAg,@Gremo_mm,not hunting for a x3d chip seems criminal this days :o,2025-11-10T20:53:31Z,0,0,en
Ugw6WiteYb4TekVOvod4AaABAg,@yonatan2009,I can only Pay this price if I buy minimal amount of ram and opt for swap. But relaying on swap is going to be so bad for a gaming pc.,2025-11-10T20:53:24Z,0,0,en
UgzdbkXieNW39FsHF454AaABAg,@themos9751,"3:50 bought 64GB of DDR5 CL30 right before the price rises for about $190 US, feelin great!",2025-11-10T20:53:11Z,3,1,en
UgxpvWfBWN27doG1KYp4AaABAg,@matteocomin2864,5:48 $90 for a Phanteks XT Pro Ultra??? i got mine literally 2 weeks ago for €59,2025-11-10T20:52:45Z,0,0,en
UgwMoCLz_FDdAOsjPzZ4AaABAg,@NortandoGames,I have the same 369mm cooler in my other system. Both broke. Trash,2025-11-10T20:51:55Z,0,1,en
UgxhUpzvJfux-aG5EfF4AaABAg,@jordanbranscombe,"why would I want to own a gaming PC in 2025, what are people even playing nowadays.",2025-11-10T20:51:49Z,0,0,en
UgzMoNxiOF4JRyXjFRN4AaABAg,@jamesharoldsen1907,Same RAM kit now costs $244... granted you could now swap the GPU for an MSRP 9070xt at $599 which makes up the difference... so the build would cost about the same.,2025-11-10T20:51:43Z,2,1,en
UgynElSGJ52o3QraAuB4AaABAg,@kevinkumar1919,crying in cad dollars,2025-11-10T20:51:08Z,0,0,cy
UgyJOc_BG-yYfVeXaK54AaABAg,@oldmanbluntz,Except ram prices have skyrocketed since this was filmed.,2025-11-10T20:51:06Z,0,0,en
Ugzi1Jgs64nIQTHv_Wl4AaABAg,@PigPenSnaps,0:49 The close up on the RAM made me giggle. 😂,2025-11-10T20:51:05Z,1,0,en
UgwvxbwG1NjpeySHNs54AaABAg,@Drakkon-c9r,Linus will have to start working on that strongly worded e-mail after all.,2025-11-10T20:51:02Z,0,0,en
UgzB-caOA_RqrDaaVWZ4AaABAg,@peekachugaming3231,Im pretty sure that these RAM prices are industry-induced and very appreciated for the manifacturers. Partially tripled????,2025-11-10T20:50:59Z,0,0,en
UgxPBi2FLR_Gza8me9B4AaABAg,@4473021,Love the riley ad,2025-11-10T20:50:24Z,0,0,en
UgzDGUEh_UoJQn0guut4AaABAg,@dhatsuyuki,thank you riley,2025-11-10T20:50:07Z,0,0,en
UgydfoWRBlV-axb2dpV4AaABAg,@kestcruz369,Thats how you do ads! 😂 glad you're taking notes from Wolfden!,2025-11-10T20:50:07Z,0,0,en
UgyM9q0I6rp_l94bAOt4AaABAg,@muhammadarehman6560,hehe RAM prices...hehe....,2025-11-10T20:49:56Z,1,0,en
Ugw4ERVQhqBwcfU1NWl4AaABAg,@myles2552,this isnt even close to 1600,2025-11-10T20:49:34Z,0,0,en
UgyowLAmpFHriNzBJdR4AaABAg,@zackw7587,Except I need a 5090...,2025-11-10T20:49:18Z,1,0,en
Ugw9VsCmkxF5DwwJUrp4AaABAg,@Chris_Rybowski,"5:42 oh I don't know, people who want to train their puppies? It's called crate training.",2025-11-10T20:49:15Z,1,0,en
UgxRmbv4jNbk9-2W3Px4AaABAg,@NortandoGames,I have 192gb of ddr5 6400mhz...cost me 1200$ Canadian 😬,2025-11-10T20:49:04Z,0,0,en
UgzHE6_zAfswIVB9F194AaABAg,@102allenwalker,All I want for Christmas is a 5070 ti !,2025-11-10T20:48:22Z,0,0,en
UgyH6AIMJ0Th6CSJfg94AaABAg,@HawkacTigerMCPE,1:13 What,2025-11-10T20:48:17Z,0,0,en
UgxIUJo_Jiu_GDKSPR94AaABAg,@Nieyte,Nothing against the video but it’s ridiculous that we have to spend 1600 fair market dollars to use the features (RTX) in a 5 year old game with sub 60fps.,2025-11-10T20:47:59Z,0,0,en
Ugx9daCoUntDsRiu_1N4AaABAg,@CoolCrescent186,"I... don't want to build a PC in this world anymore. Right when I got interested, GPU prices shat the bed the first first time (Nvidia 10/20 series), and I've been waiting for almost a decade to build my first ~$500 console killer that doesn't involve gooch collecting a set of ~900 watts Xeons which are older than me and my Civic. I think desktop PCs are officially priced out for me. I'll keep knife battling on eBay for really good laptop deals, and use my UHD 620 to play any games I want. Nvidia, AMD, Intel, you lost a potential buyer. Fix your pricing if you ever want to see my money.",2025-11-10T20:46:36Z,0,0,en
UgxtqEl7OWujIrEtfNt4AaABAg,@saifojio2259,lol i bought that same ram kit a few months ago for $86 and last time i checked its now going for $250,2025-11-10T20:46:33Z,0,0,en
UgzRKJU7gG96b3lTPzt4AaABAg,@nonames9,DRAM is now 4 times the MSRP.,2025-11-10T20:46:08Z,0,0,en
Ugzh-l6-d7FZ5B2CBWh4AaABAg,@blahx9,GPU price go down Ram price go up  end cost is the same.,2025-11-10T20:45:25Z,0,0,en
UgyNXmfQJXrJSC_aAjN4AaABAg,@KapitolOner,Linus Have you ever done a video on amazon shipping empty boxes? Seems like a good reason to buy a whole bunch of stuff lol,2025-11-10T20:44:41Z,0,0,en
UgwS0_6Ihv1QQd7bW7d4AaABAg,@foxboi6309,"Why are ram prices through the roof these days? Genuine question, I really don't know the true cause or causes.",2025-11-10T20:43:50Z,0,0,en
UgwcM30mnknW5jqhO-B4AaABAg,@hamza01alam,You don't know how looooong I have recommended Thermalright to my friends and got ignored for a triple the price and same performance Lian Li AIO.... Finally! I HAVE BEEN VINDICATED!!!,2025-11-10T20:43:48Z,9,0,en
UgxBCM4QxYEbYDJPUEZ4AaABAg,@monochrome5297,while the us discounts the eu don't  we eu people always overpay cheapest 5090 is still 2500 euro,2025-11-10T20:43:36Z,0,0,en
UgxHWa7462q7M0V6L4h4AaABAg,@Glitch_860,But I am a Linux gamer...,2025-11-10T20:43:32Z,0,0,Other
UgygO4cMNWLmYugL4-p4AaABAg,@marclie42,"8:00 I literally bought a 5070 ti one week ago for 10 bucks less, lmao",2025-11-10T20:42:54Z,0,0,en
Ugzin8SFZWG4BKe15AZ4AaABAg,@silence2359,Except ram prices are sky high,2025-11-10T20:42:53Z,0,0,en
UgzwkLrow41hdSuBAiZ4AaABAg,@1979rhino,whats linus got in his mouth,2025-11-10T20:42:05Z,0,0,en
Ugxmw3PfVBdrJhK9BiJ4AaABAg,@AMTBishop,"0:39 broke my heart, I would cherish that thing 😢",2025-11-10T20:41:52Z,1,0,en
UgzFV2fi5zSCsbktZIF4AaABAg,@shazam2323,"thank god i inadvertently picked the best time to have built my pc, right before prices skyrocketed",2025-11-10T20:40:56Z,0,0,en
UgyI160u8r8vt1nmmbp4AaABAg,@danielhulan3058,Riley is mosdef the person they need to have do all the ads now.,2025-11-10T20:38:44Z,0,0,en
UgyfGAC0TAFQClFZE3p4AaABAg,@muntoast3172,Quite literally was gonna get a build and ram prices have doubled insane work!!!!,2025-11-10T20:38:36Z,0,0,en
UgxajgaAdYaEJw-4P8V4AaABAg,@DR4EL96,i have the exact same Gpu model,2025-11-10T20:38:26Z,0,0,en
UgyBcY6HUiAwbtOuLtB4AaABAg,@DaLegend-z7i,crazy that i will be building an am4 pc for my sis that has 16gb ddr4 that is MORE EXPENSIVE THAN MY 16GB DDR5 RAM,2025-11-10T20:38:15Z,1,0,en
UgzRF7H5kltWSvITseh4AaABAg,@Nothuman76,$729.99 after $20.00 rebate card on the MSI Ventus RTX 5070TI at Newegg  atm...,2025-11-10T20:38:10Z,0,0,en
UgyELECPflNw8oYttHV4AaABAg,@casedistorted,Hard for us Americans to be enthusiastic right now when we just got sold out by our own Gov’t..,2025-11-10T20:37:53Z,0,0,en
Ugx6G6X1HqmxlvM0z854AaABAg,@johanarias1135,I bought a 96GB (2x48GB) kit last august $163. Now it is $439.,2025-11-10T20:37:31Z,0,0,en
UgxeLYZ9JD_r6J2WMyt4AaABAg,@danielhulan3058,"No linus, the gpu prices arent ludicrous anymore thats because its now moved to ram. Its ludicrous at this point. $300 for a 2x16 kit of ddr5 ram?!? Its stupid.",2025-11-10T20:37:07Z,0,0,en
UgxeaMJowWwVKwo8yPx4AaABAg,@alifputra9985,isnt with the new driver 9070 xt is faster than 5070 ti?,2025-11-10T20:36:02Z,0,0,en
UgybiriGoRZMP8eu9kJ4AaABAg,@CptPatch,When did Riley become even more unhinged (less hinged?) than Dennis? I tapped forward instinctively at the segue and decided to tap back upon seeing the hair. ^_^,2025-11-10T20:35:52Z,0,0,en
UgwAuQxDRh-ycaG-fVV4AaABAg,@chipthechannel,"I was planning to build a PC, but when I checked the RAM I wanted to buy, the price had almost doubled! Now I’m way over budget and trying to figure out what to do next.",2025-11-10T20:35:46Z,0,0,en
UgxBnrMMJ_KVrq6PTBh4AaABAg,@jackbridger-stille864,Legit cant remember seeing someone using an intel cpu in a build at this point,2025-11-10T20:35:19Z,0,0,en
UgwfslFhiRUnR1kiPfx4AaABAg,@tracklauonly,Directly to the comments,2025-11-10T20:35:14Z,0,0,en
UgxQzr0K0nVQLSY0Ig54AaABAg,@ianrussell4650,"I appreciate that it's ""at MSRP"" but that is ignoring the fact that MSRP is like 30%-60% higher than it was 5 years ago",2025-11-10T20:34:55Z,0,0,en
UgyXKDI6Lbokdi3H8Ml4AaABAg,@Dafastso,stop trying to make ryzen happen. its not going to happen,2025-11-10T20:34:50Z,0,0,en
Ugzw-U1PevAgGSfedHx4AaABAg,@andrewwright.,"If I win, can I not have the Rog ally 🙈",2025-11-10T20:34:49Z,0,0,en
UgznNZULwlj9NeJrQeh4AaABAg,@johnisnotmyname6496,"I’m about to get the 9600x, and I’m using the exact same AIO, thank you so much for looking at the temps.",2025-11-10T20:34:25Z,0,0,en
Ugw_isfcD22X9pgd3-J4AaABAg,@celestryia8617,We love build videos. Even if you repeat ideas I’ll be chuffed. I’ve watched each of the build videos 5 times or more..,2025-11-10T20:34:17Z,0,0,en
UgwzlkcAgDLBB4hUX-h4AaABAg,@helge5565,Am so glad that none of the components are highly overpriced at the moment. That would be terrible. Imagine having to buy something for over double the price,2025-11-10T20:33:50Z,1,0,en
Ugx58o3xi-kAqi_BatJ4AaABAg,@dec35,I'd love to see some Arc Raiders in the test games at the end of builds like this one,2025-11-10T20:33:47Z,0,0,en
UgzBJoIEeWemh7x366V4AaABAg,@rovex_,Aaaand ram prices undid all those saving for other parts at or below MSRP,2025-11-10T20:33:14Z,1,0,en
UgztZTkG0YK5L-G8RUt4AaABAg,@chuckkolancz4969,"I haven't switched to am5 yet, but I bought some cheap ddr5 on eBay a year ago. Maybe now is the time to build",2025-11-10T20:33:10Z,0,0,en
Ugxvrrd9vTx2wLmljqV4AaABAg,@netwizard2003,I bet this was filmed before RAM went up over 100%,2025-11-10T20:32:43Z,0,0,en
UgwXyS0jzGoDZ6hXGtl4AaABAg,@andytech31,and then there's RAMaggedon,2025-11-10T20:32:42Z,8,0,en
UgzbfP--DUECrNL2-AZ4AaABAg,@Namamiri,"That was funny, as if GTA 7 will release before the 2025 born children are Adults.",2025-11-10T20:32:29Z,0,0,en
UgyYYIE1FZJw7cY0LCV4AaABAg,@TechnologyPi,3:44 Why is RAM going to get more expensive?,2025-11-10T20:31:40Z,1,1,en
UgypVy38Bc4SIUStF4d4AaABAg,@RenatoG1848,"I'm not gonna lie when he smacked that laptop my sphincter tightened. Also did any of you actually watch the video, they addressed the Ram prices going up up up.",2025-11-10T20:31:35Z,1,0,en
UgyQhytk8LTlU3n8rMx4AaABAg,@OnaathTheDestroyer,Why does EVERYONE install this AIO with the Thermalright logo upside down??!! 😂🤣,2025-11-10T20:31:29Z,0,0,en
Ugwt8b5zCa1jEUsnmuZ4AaABAg,@TheARESxGOD,Ok now send it to me so I can retire my 8700k.,2025-11-10T20:31:16Z,0,0,en
UgyK_DCCk-OWnKVumLl4AaABAg,@GregM,Surprise NVIDIA is indeed allocating more chip production at TSMC to AI,2025-11-10T20:30:10Z,0,0,en
UgyArYn9QqC6ixB7-Ix4AaABAg,@pheapkim978,Ram cost 350-500$ for 64gb ddr5 now check your local Bestbuy it’s so bad I would just buy a cpu/gpu mobo until the prices come down or grab a prebuilt and add a gpu thanks to AI…. They need the memory module in there servers hence the price hike recently,2025-11-10T20:29:43Z,0,0,en
Ugy6B2rja9I0-8TRQy94AaABAg,@LucasMp,Riley actually managed to make me watch a war Thunder add from start to finish for the first time ever 😂,2025-11-10T20:29:35Z,0,0,en
UgzWxMo-M6Lc5BjHBct4AaABAg,@screengag9807,What happened to Plouffe's hair 😩,2025-11-10T20:29:23Z,0,0,en
Ugxe8AFOW3lGgKbH0Vt4AaABAg,@JustAWildMTTC,YAY THE BEST ADS ARE HERE,2025-11-10T20:29:16Z,0,0,en
UgxIn7BHde_4biUOCeh4AaABAg,@Tev_N,The RAM I purchased in the summer price increased by 50% 😂,2025-11-10T20:29:11Z,0,0,en
UgxDx-G7UTeQjTUKDwN4AaABAg,@danielhulan3058,These x870e motherboards that have plenty of io and good features like 4x m.2 slots are reasonably priced at like $200. I understand that 10 years ago they didnt cost that much but times change. The asrock x870e nove is priced very well (theres some continuous feelings about if they will fry your cpu but ive never had problems).,2025-11-10T20:29:03Z,0,0,en
Ugza3pI9MfUWuK3vcNN4AaABAg,@pahqz646,"The irony of this video is insane now lol. I built my very first gaming pc (and pc in general) last month after allocating my money during August/September. I had bought 2 Crucial Pro DDR5 6400MHz 64GB sticks costing £163.99 on the 19th of August. As of today, 2 and a half months later, those same sticks are currently priced at £307.99.",2025-11-10T20:28:35Z,1,0,en
UgyUjPh96LXhXC_iZIt4AaABAg,@Botanical_Amnesiac,1600 and not even a sakura 9070tx? fine,2025-11-10T20:27:45Z,0,0,en
UgylrMNl-fFo-9C4F4x4AaABAg,@dec35,"Those prices are waaaaaay different here in France! A 5070ti will cost you 860 to 1000 bucks, there's no way I can reach that target budget. A 9070xt is cheaper!",2025-11-10T20:27:41Z,0,0,en
UgyZMV9D-AI07Yfsu7F4AaABAg,@FARBerserker,"Riley alone could revolutionize the Advertising industry . . 
I usually skip sponsor blocks but not when it is him being silly.",2025-11-10T20:27:20Z,0,0,en
UgzSKx3WW-r8wLQrHWh4AaABAg,@andrewjennings5002,Can you do a PC part picker list so I can see it in Australia and our prices? Aus has significantly higher prices. The system is probably $2500 in Aus. Love the video!,2025-11-10T20:26:40Z,0,0,en
UgwOqhqXNbLuTiUN5wJ4AaABAg,@amaan6999,That Warthunder ad. just *clap*..*clap*..*clap*. Golden!!,2025-11-10T20:26:05Z,0,0,en
Ugye0ckOcngbpqXwOFx4AaABAg,@Miguel-kh5ob,With current ram prices this aged incredibly fast and badly 😭,2025-11-10T20:26:02Z,0,0,en
UgyYEmszHSjIG8-ks5x4AaABAg,@llama958,Videos been out for less then an hour and it already aged badly,2025-11-10T20:25:25Z,0,0,en
Ugzk8krthkaa-FeTTMF4AaABAg,@boam2943,For some weird reason *DDR3* prices are also being affected. Who uses AI on a DDR3 platform (except me)?,2025-11-10T20:24:50Z,1,0,en
UgyhxBoDMGqzr75S_-d4AaABAg,@camd1552,"linus, i know more people who know about you but don’t know tom’s hardware. think about that",2025-11-10T20:24:38Z,0,0,en
UgyRjAB-XJ9OoUWOEfl4AaABAg,@DctrGizmo,Well there goes the RAM prices...,2025-11-10T20:24:12Z,0,0,en
UgyU8ZkV_2i0wv2MNZ94AaABAg,@driftingbreeze7440,4:01 was gonna say my ddr5 was like 60 ish maybe more like 80 now 200,2025-11-10T20:24:08Z,0,0,en
UgyU4iGaVczTRlW0L3d4AaABAg,@geoserenity,"Me: Is irrelevanted even a wor-
Linus: It is now
Me: ...uh...
Linus: Any questions?
Me: ...no?",2025-11-10T20:23:54Z,0,0,en
Ugz1KGvn99Rg_0KqVRl4AaABAg,@Morigon,Riley’s having fun.,2025-11-10T20:23:53Z,0,0,en
Ugwr-zLIcJJzp-mPTsZ4AaABAg,@Hervoo,Came out 56 minutes ago and already is outdated,2025-11-10T20:23:18Z,7,0,en
Ugx66rweEtvjVe1Rl4N4AaABAg,@afmo500,I got a prebuilt from Walmart with a 9800X3D and 5070ti  for $1599 a few days ago. It hasn’t even tried to light itself on fire yet!,2025-11-10T20:23:07Z,87,14,en
Ugx-LBoPz9d8G6frN_J4AaABAg,@TonaBellona,This video is already outdated,2025-11-10T20:23:06Z,0,0,en
Ugzzb-ftpOlK8WcBikN4AaABAg,@PutYourQuarterUpGaming,"Like spirits of PC builders past motivated me to do my upgrade a year ago. Just get a 7900, 50's wont be worth the price, go for 64gb ram, then wont need to upgrade anytime soon, just finally get m2 slots populated on the mobo instead using sata drives still...ya...my pc literally be 3x what paid if i had waited till now. Phew, safe.",2025-11-10T20:23:03Z,0,0,en
UgyNOm33N5drQOtWH714AaABAg,@drexel8662,"Ryzen 5 9600x in a 1600 dollar build 😂😂😂😂😂
Replace the 5070 ti with a 9070 XT and buy a ryzen 7 7800X3D",2025-11-10T20:23:03Z,1,1,en
Ugw-3ROGisg8r9dOy7Z4AaABAg,@jedimonkeystud8726,Linus’s teeth are looking mad yellow,2025-11-10T20:22:54Z,0,0,en
UgzWlb6CAe40HiDmJEx4AaABAg,@sultanofsick,"Don't let the insane overpriced anchoring make you forget $750 is an absolutely LUDICROUS price for a 70 class card, that is WAY lower down the stack than 70 used to be in prior generations.  $750 was flagship pricing.",2025-11-10T20:22:34Z,95,12,en
UgxdHDFZKP6ue83qQZ54AaABAg,@SyntheticFuture,I'm still confused at 70-series cards now being 800 msrp 😅 Things are just moving to fast for how slowly my incomes increases 😬,2025-11-10T20:22:32Z,9,1,en
UgxWDnE6ObAJkQbHzZd4AaABAg,@LucasBadur,"Whoever thought of Riley's unhinged ads for War Thunder, I salute you",2025-11-10T20:22:09Z,1199,18,en
UgxL88x4yaEWg7PWSn54AaABAg,@FARBerserker,"Notice how the pump is between the block and the radiator in the tubes?
It is NOT an Asetek Patent, THAT is how Thermalright gets it that cheap.",2025-11-10T20:22:07Z,0,0,en
UgwJ9GorWrPIl-zyONJ4AaABAg,@HelloTardis,Dumps fault,2025-11-10T20:21:37Z,0,0,Other
Ugx5gmZ0FolUD9FpHNN4AaABAg,@staccato6352,"7:23 currently putting a new pc together and wondering if the Thermalright AIOs are actually good? Cuz they are REALLY cheap compared to the others, anyone have one and has had it for a while with no issues??",2025-11-10T20:21:19Z,2,3,en
UgyAm0xfijj3IrLoe5l4AaABAg,@TheNamelessLionKing,"That Phanteks case looks fairly similar to my Enthoo Pro M -- great case, lots of room. The stock Phanteks fans were quite good and pretty quiet, but I don't regret swapping all of them for black Noctua fans. I don't know why I felt the need to share XD",2025-11-10T20:21:02Z,0,0,en
UgwmGvIkm4EoMLqOdDJ4AaABAg,@Gamepunt_be,"It doesn’t happen often… but this video aged like fine milk even before it was released 🤐

These are truly sad times for PC builders",2025-11-10T20:20:55Z,0,0,en
Ugy7VyiqaOxIgPHsRLt4AaABAg,@danieleday,"12:10 ""Like the way it used to BEE""🐝",2025-11-10T20:20:40Z,0,1,en
UgxGn85ZvK4jD3cj-ZN4AaABAg,@Steamrick,"11:18 - Ah yes, the 'new Linus' Cyberpunk experience: No more carmageddon lest youtube start complaining about policy violations.",2025-11-10T20:19:50Z,2,0,en
Ugz7ig-SvXYyGfQjJv94AaABAg,@mykeryu,I was able to pick up a 5080 Founders Edition from Best Buy for $999. Pretty happy about that,2025-11-10T20:19:38Z,3,1,en
Ugy-y7qDNEw4IfpQwXJ4AaABAg,@dizneyboy1756,"Whatever Riley's getting paid, it's not enough! Give that man a raise!",2025-11-10T20:19:32Z,0,0,en
UgwPcn4lCkUSDzz-Wox4AaABAg,@greendro6410,MSRP for RAM isn't happening now.,2025-11-10T20:19:04Z,1,0,en
Ugxt5OQ25q2g0NXjow54AaABAg,@seethruhead7119,"i can't find a single 5090 in canada for anywhere near msrp, this video sucks",2025-11-10T20:18:51Z,0,0,en
UgyyJqkiZ6auPejNqVp4AaABAg,@jonm4206,New rule: No one but Riley gets to handle any ad spots from now on. And he gets a raise.,2025-11-10T20:18:48Z,260,0,en
UgyW-oJqiKLuNcHsJup4AaABAg,@DinoGuy1969,Aint no way bro got the SSD box that Zach was reverse scammed on 😭,2025-11-10T20:18:40Z,0,0,en
UgzBKXJrdAjj1drdnrB4AaABAg,@FieryWindStudios,"I found this video from a search for Hermitcraft season 11, so I guess Linus is now a Hermitcraft member!",2025-11-10T20:18:23Z,0,0,en
UgyVBMCwd26BWzFd5ed4AaABAg,@joestaff89,"Just a couple of weeks ago, I bought a 5090 rtx for $1750 at Walmart of all places. Got pics to prove it.",2025-11-10T20:18:19Z,0,0,en
UgwqltfTFuLSzjCFJEN4AaABAg,@Xenonuke,I hope the memory theif got faulty dimms,2025-11-10T20:18:09Z,0,0,en
UgztfQz15nXKDf1q9_B4AaABAg,@truetysgaming3693,But wait. I thought Terrifs were supposed to raise all the prices? Its wiered how thongs in the US are just getting cheaper huh!,2025-11-10T20:18:06Z,0,0,en
UgxWrJXYJNJFhajntoR4AaABAg,@Jzwiz,"luckily, in the us, microcenter has a 9070 xt and 7800x3d pc for less still if you wanna go for that due to ram prices. man, ram rose so fast it was insane",2025-11-10T20:18:00Z,5,2,en
UgyQtXJW6iQmBWip3KV4AaABAg,@notconnorslays1,Well... That aged like milk.,2025-11-10T20:17:56Z,1,0,Other
UgyQsmPciYxzONC5-pB4AaABAg,@gingaming_gg,"Anyone who has ever had a puppy would like to put a puppy in a cage lol. Especially if you're going out for a bit... otherwise, RIP literally EVERYTHING!!!",2025-11-10T20:17:54Z,0,0,en
UgwiJE6vmWqZR9O81El4AaABAg,@puregarbage2329,4070 ti to 5070 ti worth it?,2025-11-10T20:17:13Z,0,0,en
Ugwdr8vBaG7QeNhtmph4AaABAg,@RoBoHaZarD-o3g,"Back to basics, I love it.",2025-11-10T20:17:07Z,0,0,en
UgzmZDNZ5t84Fz5dklJ4AaABAg,@Corn_DOG,My 3080 was $850 at launch :*(,2025-11-10T20:17:03Z,1,0,en
UgxQM5ToSBNtApXBagx4AaABAg,@ErkalEtruria,"The saddest part about this video is the segway, to a mobile game. 😔",2025-11-10T20:16:57Z,0,0,en
UgwfBnysVNwFdOcI-cJ4AaABAg,@PhoenixSS,why 5070?,2025-11-10T20:16:07Z,0,0,en
UgyEGNe0ldgVG2cgN894AaABAg,@bluej511,"Calls 2.5gb a feature we don't need lol, meanwhile us Europeans with affordable 10gbps internet.",2025-11-10T20:15:59Z,0,0,en
UgzXFC5nR39ACkgiVxN4AaABAg,@orricdrago7299,This is almost exactly what my current rig is,2025-11-10T20:15:32Z,0,0,en
Ugzo3HGqi21lQxg7KNF4AaABAg,@sithhunter965,50 ish fps. Yeah consoles get locked 60.,2025-11-10T20:15:24Z,0,0,en
UgzMxvGMRf5PnFm-tX54AaABAg,@FARBerserker,how old is this video?,2025-11-10T20:15:10Z,0,0,en
UgyN0ER4UIXNn0WnLPZ4AaABAg,@dn7627,"“Its easy to find” is the name of the video. 

Got it.",2025-11-10T20:15:09Z,0,0,en
UgxfqG7n-eARHaFeIsF4AaABAg,@brickboy525251,Not even an hour before RAM prices said NO.,2025-11-10T20:14:38Z,0,0,en
UgxqFxMaVMutyY8vzBN4AaABAg,@sickofthecrap,Freaking can't stand this AI shyte.,2025-11-10T20:14:38Z,0,0,en
Ugxmik3p72yrnp7wcYV4AaABAg,@orricdrago7299,"Engaging for the algorithm, not LTTs fault DRAM went crazy.",2025-11-10T20:14:22Z,2,0,en
UgxGQ5eyDhUMs2mDtaJ4AaABAg,@Lustanda,Lmao ram prices just times 3 or times 4 in like 2 months... This video aged like milk the moment it came out.,2025-11-10T20:14:13Z,1,0,en
Ugxxoj8r5GctBJWliT94AaABAg,@yahyashafqat7352,Didn't know AI would make videos instantly dated but here we are,2025-11-10T20:13:55Z,0,0,en
UgzFLzUK1Ro7FPsjXad4AaABAg,@organtea4444,DDR 4 gang 🙏,2025-11-10T20:13:38Z,0,0,Other
UgyaVaoso1r7gdU3eRZ4AaABAg,@michaeljeacock,"Yes there is the joke that every year is ""the year of Linux"" but with the Windows 10 debacle and the PewDiePie endorsement causing a lot more people to move to Linux, and the  fact you have other Linus coming in, isn't it time for another Linux challenge?",2025-11-10T20:12:52Z,0,0,en
UgxcZ-ks6M8-YnshMfd4AaABAg,@Lee88-q5q,or maybe black friday  as u know its not a day and not on friday,2025-11-10T20:12:29Z,0,0,en
UgzLbNYFURwgwMDbcLF4AaABAg,@laurinatortv,The msrp still sucks,2025-11-10T20:12:19Z,0,0,en
UgyQFTY633y172gFo9l4AaABAg,@legendman97,Is $380 for a 4070 Super a good deal? Yeah its used but its in extremely good condition and works perfectly.,2025-11-10T20:12:18Z,0,0,en
UgxATiovhr0hf0FAvAZ4AaABAg,@TheNielsAlmelo,TIGER,2025-11-10T20:12:17Z,0,0,Other
UgweGDPB-TaUVP2kzgN4AaABAg,@WolfeYT1,I legit just bought the exact same gpu and cpu cooler like a week ago,2025-11-10T20:12:05Z,0,0,en
UgzyGSWrrCaadcO3y5x4AaABAg,@davo9129,"No, the reason for high g p u prices is because of crypto",2025-11-10T20:12:03Z,0,0,en
UgwXFDxldwPDKU_vvwJ4AaABAg,@the_man34,3:42 “who’s gonna tell him”,2025-11-10T20:11:49Z,328,7,en
Ugyo6O-UIwnTh5rcYrV4AaABAg,@LoganHosty,I love the first second of the video where he just licks his lips,2025-11-10T20:11:47Z,0,0,en
UgxieJZSAs8dIpc9al54AaABAg,@zarawte,thermalright is the king rn for budget cooling,2025-11-10T20:11:41Z,0,0,en
UgxiDBRNNBjlaWV7pUx4AaABAg,@jacksharkben,the ram is allready 244$,2025-11-10T20:10:42Z,2,0,en
Ugzi-sxiUq8tQHa_gZR4AaABAg,@sbhf6728,sad how they missed the opportunity to call it the 1600$ MSRPC,2025-11-10T20:10:14Z,0,0,en
Ugz_nlag34ru9I5gvzp4AaABAg,@Dannn666,That exact Ram kit is now $323 CAD + Tax.,2025-11-10T20:09:53Z,0,0,en
Ugxi6rqKI9V0fYVa-1F4AaABAg,@aptXH3-AAX3,"At or Below MSRP, Before Tax? 🪱

I feel like, maybe the Sale would have been promoted to you 
🥴",2025-11-10T20:09:05Z,0,0,en
UgxZi1J-0Q2k9B0AdCp4AaABAg,@arunchiranthan7071,0:33 is that Plouffe? He's looking like a Mafia,2025-11-10T20:08:42Z,1,0,en
UgxPbao9DXoug1-aUit4AaABAg,@IgorEngelen1974,"See, that's why every human made ad is better than an AI generated one.  Looking at you Coca-Cola .",2025-11-10T20:08:33Z,0,0,en
UgzDqp7wZjU9UuI8gr54AaABAg,@MrPH3N0M3NAL,"It's crazy that my first thought on the 5070Ti was ""What, ONLY 750$?""",2025-11-10T20:08:19Z,0,1,en
UgzwMrCvvGAH_jQemGR4AaABAg,@mattspada5018,"The RAM is now $242.50 on Amazon.  😭☠

(The extra bit with Plouth was pretty funny)",2025-11-10T20:08:06Z,0,0,en
Ugxha-rfOJ2IZUImSJJ4AaABAg,@sandroissoawsomelike,This pc would cost 2200 eur in eu where im from.,2025-11-10T20:07:37Z,0,0,en
UgwNAWHIwPKTA7I0hcR4AaABAg,@palicar,Riley is amazing.,2025-11-10T20:07:26Z,0,0,en
UgzKFgkXbjzg6zDNxht4AaABAg,@YouknowTheguy3,Soooo... The bad orange man's tarrifs hasn't ruined the entire PC electronics market? 🤔,2025-11-10T20:07:20Z,0,0,en
UgzOzrDsC2hl-De78TF4AaABAg,@Jessyco,"What's the center of screw driver top made out of, could you fit an extension in there to allow for those skinny tight spots? double fidget spinner?!",2025-11-10T20:06:49Z,0,0,en
UgyWJrSSXu_s0Nh2xWB4AaABAg,@whereismymina,Stop worrying about Gpu pricing!! Worry about Ram prices! Just bought a 32gb cl30 kit for 280$😢,2025-11-10T20:06:20Z,0,0,en
UgwPTyda1hEnFV8Gv-d4AaABAg,@johnturner8286,"It's wild that motherboards and CPUs are a drug on the market, but memory and storage are priced like it's 2015!
This is gonna by one heck of an AI bubble. Here's hoping that whomever wins the remnants at auction sets a nice price on eBay...",2025-11-10T20:06:17Z,0,0,en
UgyQdiVLtfnYXjYJdNt4AaABAg,@GoTigas,When it takes a month to edit a video and the ram prices went up,2025-11-10T20:06:17Z,0,0,en
UgzlGi0MpzOKY5u8vz14AaABAg,@poneill65,"Welp,.. this aged like fine milk!
There is absolutely no way to build an MSRP PC now (in Nov '25) because RAM prices have risen 2x-3x. I lucked out and grabbed 32GB for $90 in mid Oct, now that same ram is $220
LTT probably should have shelved this until the global economic collapse after the AI bubble bursts becaue the entire video is obsolete,.. nobody budget/value conscious (who doesn't want to be A***r*ped) is building a PC right now",2025-11-10T20:06:16Z,1,0,en
Ugw0ZGj14wMe2UC7uQZ4AaABAg,@crazymonkeyni,"BTW, when it comes to claims made on Amazon, it's not Amazon that takes the 'L' but rather whichever vendor was selling it through Amazon.",2025-11-10T20:05:39Z,0,0,en
UgxfkD0VIwYR2BH4HFR4AaABAg,@Agownsrs2,Poor timing to upload this video with current RAM prices.,2025-11-10T20:05:31Z,0,0,en
Ugx3E5IVvkXzC7DbJY14AaABAg,@godowrk3360,This is incredibly unlucky... still loved the video though!,2025-11-10T20:05:24Z,1,0,en
UgzWQNFOWCi_yeeg_A94AaABAg,@Agent_Krasnov,Cannot wait till this stupid AI bubble finally bursts. Then Nvidia will have a reason to at least slightly care about gamers again.,2025-11-10T20:05:09Z,0,0,en
Ugxnr-FK4DL8ILxomk94AaABAg,@manleycreations6466,Ludicrous GPU pricing gave way to ludicrous RAM pricing.,2025-11-10T20:04:51Z,0,0,en
UgwEUsQgOZeV8R7aPIZ4AaABAg,@NastyNolan,Sooooo you finally ran out of video ideas?,2025-11-10T20:04:29Z,0,0,en
UgwyOUwSrZmRdW68GFF4AaABAg,@helicopterharry5101,"Yeah GPU prices finally hitting MSRP isn't a gift. It's Nvidia dumping stock before the refresh is released.

They aren't doing us a favor by finally giving us the promised price a year later.",2025-11-10T20:03:55Z,1,0,en
UgxkLtiwP2P-NVG-yRJ4AaABAg,@kibbles7417,A lotta people are pointing out the ram but id also like to point out you can also get the 9070xt at MSRP now lmao,2025-11-10T20:03:52Z,278,11,en
Ugz4C-WkJ_3YYes4_1Z4AaABAg,@donr2258,LOL RAM @ $95 = $200 USA? mmhmm,2025-11-10T20:03:41Z,1,0,Other
UgwwEgidT2Gra1kdxBZ4AaABAg,@ilove8008s,went to phx microcenter...yea no...,2025-11-10T20:03:30Z,0,0,en
UgzX7O1vBN9VGnzRKg94AaABAg,@je1279,"The T-Expert memory is now sadly $330. However, you can finally score an RX 9070 XT for the $599 MSRP.",2025-11-10T20:03:26Z,1,0,en
Ugz_FGtI5UiOJrn4exd4AaABAg,@unitedfront9717,Why would you cool that cpu with an AIO 💀💀 thats so overkill,2025-11-10T20:02:44Z,0,0,en
Ugyqc-_21N6lXakpS5B4AaABAg,@LGLoops,Pc prices are bad because people will still pay for it. Most don’t know what patience is.,2025-11-10T20:02:28Z,0,0,en
UgyHCZ1ptHcdlKq5Fs14AaABAg,@sk7-77,Nerd,2025-11-10T20:02:28Z,0,0,Other
UgyuUxmiHnRIF9K821h4AaABAg,@fosheezybeezyreezysneezyezpezy,Thats $700 over what I mentally remember them costings,2025-11-10T20:01:00Z,43,4,en
UgxTFZH4xwRYTO75LQJ4AaABAg,@jeffmartin8377,Im looking for $800 pc and controller that does 4k  not steam deck 1080p system,2025-11-10T20:00:54Z,0,0,en
Ugx2OquXUbVO75f_uE94AaABAg,@Ta5.,this video aged before it was even out,2025-11-10T20:00:35Z,5,0,en
UgyBvTHTpHHltgrJOZt4AaABAg,@Brockschackmann,good video but it already became aged like coal XD,2025-11-10T20:00:31Z,0,0,en
Ugz7yfqqekmme-uiuv54AaABAg,@armoirestudio,"Linus ""american prices"" tips",2025-11-10T20:00:17Z,0,0,en
Ugz5vUU2DrVHYnKaWLB4AaABAg,@JesusChrist-id8ml,Laugh in DDR5,2025-11-10T20:00:02Z,0,0,Other
UgxXAGM92huHf97xxYd4AaABAg,@Snake3169,"Nicely timed release, right after ram prices doubled.",2025-11-10T20:00:00Z,0,0,en
UgySjJGYNQ8AIv8AnPJ4AaABAg,@craftnut,"I dunno, feel like $1500 for a mid-range PC still seems pretty ""ludicrous"" to me :/",2025-11-10T19:59:31Z,0,0,en
UgwHnf4YpEpiiZ-uhXh4AaABAg,@haraldlorentzen40,"The case is the same one I got with my current rig. Seems to be used a lot by the company I ordered my rig from. Can't blame them either, as it seems to be a great case to build in. I was pleased with the extra space when replacing the GPU it came with one I really wanted.

Good value for money imo",2025-11-10T19:59:25Z,0,0,en
UgyLwsECDn7lo6IbIkV4AaABAg,@SimKab,If they'd give this perfection away... Would they even ship it to Europe? 🤔,2025-11-10T19:59:23Z,0,0,en
UgxKv0U3t0KahCuv8Ll4AaABAg,@georgetanasa3843,"Oh no not SSD latency, whatever shall I do? as if you're gonna notice that extra second when loading a game.",2025-11-10T19:58:56Z,0,0,en
UgyKpncnmMOl9yAY8dl4AaABAg,@JakeSmith-lz5mc,Day two of commenting on every upload until Jake and Alex face off in the next Scrapyard wars,2025-11-10T19:58:40Z,0,1,en
Ugxlrs9G-uFWVEteTrd4AaABAg,@fusune7465,Can I say first?,2025-11-10T19:58:23Z,0,0,en
UgwgGn_Ry5yKbzFvN2J4AaABAg,@johngoodman293,,2025-11-10T19:58:20Z,0,0,Other
UgwxaNTPtkdEhbCBoDt4AaABAg,@Cossieuk,"I bought my 32 GB DDR5 in September for £85.95.  Now the exact same kit is £169.  So glad I decided to upgrade when I did.  My last system was 10 year old and since Windows 10 was coming to end of life I decided to upgrade, so thanks Microsoft for pushing me before the massive price rises",2025-11-10T19:58:11Z,0,0,en
Ugx9ckdn4Wwt3jMORkx4AaABAg,@brandonengel4080,asrock has a 9070 xt card available at msrp.,2025-11-10T19:57:43Z,0,0,en
Ugx-adwmHw4fYR071jB4AaABAg,@pashabiceps95,11:11 why ray reconstruction is disabled,2025-11-10T19:57:11Z,0,0,en
UgxtoNslZP9Vt3c_90N4AaABAg,@bonbonjovi4836,"I just did a build with a similar price: (All parts bought from Newegg except for the GPU which was bought at Microcenter)
*AMD Ryzen 7 9800X3D  - $479
*MSI MAG Coreliquid A13 360 AIO ARGB Liquid Cooling - Free with purchase of my cpu (Retail $135)
*MSI B850 GAMING Motherboard - $170
*Patriot Viper Venom 32GB (2 x 16GB) 288-Pin PC RAM DDR5 6000 - $189
*ASRock Steel Legend SL-1000G 1000W 80 PLUS GOLD - $109
*Powercolor AMD Radeon 9700 XT - $600
*SAMA SV02 ATX Computer Gaming PC Case Mid Tower - $57
*NVME Drive 1 TB Western Digital Black- $89 (This was free since I pulled it from my old pc, but I am including it in the total price since it is required for a built)
*8 TB Hitachi Mechanical hard drive - (Bought it a long time ago as a storage drive. Not included in the price since it is not required for my built and I don't remember the price. It was bought used from this company liquidating for less than $100)
*Total = $1693",2025-11-10T19:57:05Z,2,4,en
Ugz9qfuv1vOygfk-9394AaABAg,@chrislarson7123,Love watching your vids between you and bitwit has made me wanna upgrade my gaming pc myself but first time I've done it have some ideas but don't know if they would work lol,2025-11-10T19:57:04Z,0,0,en
Ugy58PLBn6LzWHtX9094AaABAg,@Skully_Hawboldt,Ram prices has entered the chat,2025-11-10T19:57:02Z,0,0,en
UgwrToX_jQ5R5X2OYHx4AaABAg,@KissesLoveKawaii,RAM - SIKE!,2025-11-10T19:56:12Z,1,0,en
UgxUBIbgaHSZNmCwPLJ4AaABAg,@Arcky-ykcrA,"I thought I was able to be snarky by saying ""what you save on the GPU, you'll pay extra for RAM"" but seems like everyone had the same idea 😅",2025-11-10T19:55:51Z,0,0,en
UgwEEJcSPUTG0ypCtVN4AaABAg,@reikoshea,Did I just sit through an entire war thunder sponsor spot? Yes I did. Well played Riley.,2025-11-10T19:55:49Z,0,0,en
Ugyu0q5dMPzedYOP0h54AaABAg,@wontiii,gamers deserve fair pricing aaand ddr5 has risen in pricing by 50% for some modules^^,2025-11-10T19:55:01Z,0,0,en
UgyTSD-Ie-4Sjno6I114AaABAg,@ronniehadad6854,why save $20 for 2 less cores! That is crazy  only an extra $10 a core,2025-11-10T19:54:56Z,0,0,en
UgzbCISsLeb80S4kDAl4AaABAg,@phr3dmcc0y,"Puppies go in a cage only when you have to leave home, otherwise when you get home your furniture is trashed and your carpets are ruined. Or if you are taking them to the vet.
Also, Linus wants to see your puppies...",2025-11-10T19:54:26Z,0,0,en
UgxAmGzb1NNyR4M291R4AaABAg,@Pluckaiy,This pc would be 2100 dollars in my country when i add everything up,2025-11-10T19:54:20Z,0,0,en
UgyCpzlTbSrgXykPBmN4AaABAg,@rudifourie6592,I came here for Riley 😅,2025-11-10T19:54:12Z,0,0,en
UgzX6X1Rg8cI4DIaqIR4AaABAg,@staccato6352,"I’m currently building a pc very similar to this one but the issue is with the Canadian dollar being Monopoly money it’s kinda hard to get too excited, nonetheless much better off than we were!",2025-11-10T19:53:23Z,0,0,en
UgxY0OgqPnQWG2Yzp4B4AaABAg,@jordantanner4792,the RAM price bit aged like milk 🥲,2025-11-10T19:53:17Z,0,0,en
UgyNdqnCr4ThFi2xGN14AaABAg,@jnieto490,"Fantastic, GPU prices finally went down just so RAM prices could skyrocket 😂",2025-11-10T19:52:51Z,1,0,en
UgxusQ3iSLdL2ootJzF4AaABAg,@madmod,liked for the war thunder ad,2025-11-10T19:52:44Z,0,0,en
UgyBeY9moL6H31oAaGl4AaABAg,@CoolGuy-i5w,Thumbs up if you are here in 2045 when GTA 6 releases 😂,2025-11-10T19:52:39Z,2,0,en
UgxGMriX4pIG62EDFQp4AaABAg,@Tranquillow2,"0:39
*casually chucks a MacBook Air*",2025-11-10T19:52:26Z,0,0,en
Ugx7uzgCk9v8TLCo6NF4AaABAg,@georgetanasa3843,"stop complaining guys, the cheapest 16gb 9060xt is $450 in europe",2025-11-10T19:52:24Z,0,0,en
UgzUxSPf67I9Op4Sz5N4AaABAg,@firstpersonfreedom6742,I just sold my msi liquid suprim x 4090 for 1900 and brought 2 zotac 5080 for msrp,2025-11-10T19:52:18Z,0,0,en
UgzgM-SMir9eujo7Mfl4AaABAg,@Kaakaapoopoo,my thermalright AIO going 2 years strong keeps my r9 5900x nice and cool as it did day since one,2025-11-10T19:51:57Z,0,0,en
UgwG-4VijToqiWnq3vl4AaABAg,@Kcii-99,4:00 i just paid 150 GBP for almost identical ram lol,2025-11-10T19:51:54Z,4,0,Other
UgzS4c0I4WeKyMwq4D54AaABAg,@Mutinyofthemind,"Damn, this video is barely 30 mins old and already aged out by DRAM price increases.",2025-11-10T19:51:47Z,1,0,en
Ugz98qkyB1EJp3YH5NR4AaABAg,@Sup_D,"Well, its RTX 5070 Ti is still overpriced in my region.
The lowest one i see is a ""MSI RTX 5070 Ti Shadow"" for about $965 (post conversion & including taxes).
The ""ASUS PRIME GeForce RTX 5070 Ti"" is about $1330.",2025-11-10T19:51:37Z,1,0,en
Ugwmncof8G3M6PhWmCh4AaABAg,@savageopress5775,RAMAGGEDON IS REAL,2025-11-10T19:51:36Z,1,0,Other
UgwOqDwegWU7jiaXTeJ4AaABAg,@webfischi,"I just bought some small capacity 2,5"" SSDs before flash prices sky rocket into unobtainium. I also luckily don't need a new PC anytime soon, hopefully prices will settle down in 2030",2025-11-10T19:51:33Z,0,0,en
UgzJiLfTRqITvMwaHgx4AaABAg,@kandiedkiwi,The GPUs are on the newegg black friday sale as well!,2025-11-10T19:51:26Z,0,0,en
UgxtyBvQOjmmdrgcIld4AaABAg,@misterskippy2u,"RAM prices are crazy! On October 7, I picked up a Crucial 32GB DDR5 kit (2x 16GB) from Amazon for $99. Today, that kit is $250. 😵‍💫",2025-11-10T19:51:16Z,0,0,en
UgyuEH8Fn04hV30AhUh4AaABAg,@alanw737,This video just released and it's already aged like 2 month old milk.,2025-11-10T19:51:08Z,17,0,en
Ugz9C--qIsYUATXT_NJ4AaABAg,@ItsAWorkBrother3374,"Borderlands 4 recommends 8 cores, so this chip is already outdated",2025-11-10T19:51:08Z,0,0,en
UgwDzZBnGx4MffYAVoJ4AaABAg,@HerbaMachina,idk a 1500 PC would have been able to host an 80 class card in the 10 series days and that 5070ti is really just a 5060ti in disguise due to nvidea artificially making lower teir cards even lower relative to the 5090 sku,2025-11-10T19:50:58Z,13,1,en
UgzSWZosZNIBzcZeIQB4AaABAg,@HyperScorpio8688,I hate how RAM prices absolutely shat on this video 2 weeks before it even came out,2025-11-10T19:50:32Z,1,0,en
UgytN-cMq4WL4dhDa7V4AaABAg,@AxxSir,It costs $200 for 32GB of ram with terrible speeds...,2025-11-10T19:49:48Z,1,0,en
UgypFZQphKZ7feavizt4AaABAg,@Deeppurp,"They talked about this a week before last WAN show.

I swear the industry conspired to ruin this video.",2025-11-10T19:49:21Z,0,0,en
Ugyl4hFE8sQIXPTVJ7Z4AaABAg,@cafebean,the background noise makes this feel so awkward😭,2025-11-10T19:49:20Z,1,0,en
Ugy_rH6azNhcns28iV54AaABAg,@watersharky7589,"Some video Ideas for you guys:

-Custom water cooling loops and blocks VS AIO’s.
-A video breaking down your new cables.
-QD-OLED vs WOLED vs Tandem vs whatever other types, for gamers and TV enjoyers.
-A look over WOOTING keyboards and other Hall affect/TMR keyboards.
-Similarly, a look over regular, Hall Affect, and TMR joysticks for controllers and the future of “pro controllers”.
-A look into “eco mode” for AMD CPU’s. Like the 9900X which has a 105W and 65W eco mode, how it could save you money and how much performance you lose..
-A video sometime around next gen CPU’s discussing Intel Vs AMD and how it’s been going the past few years (though that could be a WAN segment tbf)
-How Riser cables affect performance.
-Vertical vs Horizontal PC cases, and Airflow types. Just a look into what’s best and u could tie it in with forums discussing it on your website, and put their claims to the test.

Would be sick to see any of these : )
Great video guys, keep up the good work 👍",2025-11-10T19:49:13Z,7,2,en
UgxPPx42vvcciTnu1EJ4AaABAg,@VxStreme,He sounds like Donald Duck,2025-11-10T19:49:11Z,0,0,Other
UgwRM3-BVODz6J6werB4AaABAg,@NinjAsylum,That memory is currently $250 LOL,2025-11-10T19:48:36Z,0,0,en
UgxkI3OsryjHSjuE-014AaABAg,@Splendorius,Why even release this video?,2025-11-10T19:48:33Z,0,0,en
UgxmB0wKafhWP_PoPOt4AaABAg,@blakehansen1208,"I love all the comments complaining before even watching the video lol.

Hi Linus and team!",2025-11-10T19:48:32Z,0,0,en
UgzeCoAeMn5MPlUZggR4AaABAg,@MontuckyLiam,the timing on the ram couldn't have been better,2025-11-10T19:48:29Z,0,0,en
Ugz_T8ys65cQjelJs1B4AaABAg,@OrangusPendekus,How about just getting good performance and upgrade to 5700x3D/5800x3D ?,2025-11-10T19:48:15Z,0,0,en
UgwkUvh0r4PovOtooaV4AaABAg,@3ooo3ooo3ooo3,I once ordered a 4TB Samsung SATA SSD and received a 500GB in the 4TB box with a fully intact seal/label. Luckily Amazon accepted my return and didn’t blame me for it.,2025-11-10T19:48:05Z,16,3,en
UgxyPPY9dw_LOsrVz6p4AaABAg,@Erdie5,"I'm still using a Dell prebuilt I bought during covid when GPUs were impossible to even find.  Never thought I'd buy a prebuilt again, but the whole thing cost less than buying the 11700 and 3060ti alone at the time.  Strange times.",2025-11-10T19:47:59Z,3,0,en
UgxuTkznJwbqeRzstdV4AaABAg,@carlosarielbautistagonzale4505,I was missing this kind of videos,2025-11-10T19:47:51Z,1,0,en
UgwJ-IMEfrlzzgZ0Ugl4AaABAg,@FunnyFunny1713,This is just my pc bro 😭,2025-11-10T19:47:50Z,0,0,en
UgwtxurVvkCXjoATi7V4AaABAg,@TheDuckTeamYT,Nah next time remake the video or don't post. The simple chart showing dram prices was not enough.,2025-11-10T19:47:40Z,2,0,en
UgyUrGaqNcGHN3WvJhd4AaABAg,@oonflea,I sincerely hope Riley gets paid extra for his singing and character acting.,2025-11-10T19:47:36Z,0,0,en
UgzT62HX4umeHdn5Bq94AaABAg,@itcamefromabox,The same RAM listed at 10:33 for 95.99 is now $249 on Newegg?! 😭 IS THAT RIGHT?!,2025-11-10T19:47:35Z,202,11,en
Ugzh_RAyvMciKOsuXu94AaABAg,@robsquared2,It's the upcoming market crash.,2025-11-10T19:47:20Z,0,0,en
Ugw6p-6we5-YYC64gJ54AaABAg,@Charvin,"What to get between the 5060, 5060ti or 9060XT - 5060 is almost $100 cheaper compared to the other two. 8gb models. I don't really need 1440p or 4k gaming or anything it will be 1080p, Fine as long as it's above 30fps+ which one would be the go to?",2025-11-10T19:47:19Z,0,1,en
UgzPyNhvOtjbL7b14814AaABAg,@trailerhater,Watch for Riley's ads. Stay for the Linux video.,2025-11-10T19:46:48Z,0,0,en
UgwMaEyZI9EGOigAsPx4AaABAg,@Gqc23,Just got a 9070xt at MSRP at Microcenter thankfully,2025-11-10T19:46:42Z,0,0,en
UgyOb1f58LL7vcwVv8N4AaABAg,@WilliamEdna,WHY ARE All my ram prices so damn expensive,2025-11-10T19:46:38Z,2,1,Other
UgzwSpZbutGPpLzZaKJ4AaABAg,@tophrii,Best ad read ive seen lmao,2025-11-10T19:46:24Z,0,0,et
Ugw7_TVD9WHpRC0QP1d4AaABAg,@totallynotmyeggalt6216,"""Strong 1440p performance with the capability to step up to 4K if we're willing to compromise on the details a little bit"" is downright disgraceful for a card that costs SEVEN HUNDRED FIFTY DOLLARS! I can't believe GPU performance value has stagnated so badly.",2025-11-10T19:45:54Z,15,1,en
UgzKDL2TBMoGWVayepN4AaABAg,@lplafrance2000,The War Thunder Ad was mint,2025-11-10T19:45:54Z,0,0,en
UgxIbm8G7SvIpgF3dNl4AaABAg,@kllngame3367,Filmed befor eRamageddon,2025-11-10T19:45:45Z,0,0,Other
UgyXNUvMmMtdpWgS1s14AaABAg,@BwareOfKoko,"1600? I made one for 1200....

9060xt 16gb Reaper 
RYZEN 7 9700X
B650 Gaming X AZ V2
G. Skill DDR5 6000
850w PSU
2-1Tb NVMEs
NZXT T120 cooler
Plus warranty from Microcenter",2025-11-10T19:45:35Z,0,0,en
UgyLOlqwy7jrVZTA1Ll4AaABAg,@trlwaifulover7593,this aged so badly,2025-11-10T19:45:30Z,0,0,en
UgwnC8ax7R1CRpRFwPR4AaABAg,@NinjAsylum,3:40 Ooooooff LOL.  So uhhh how many MONTHS ago was this recorded exactly? And you decided to upload it now? Dayammmmm,2025-11-10T19:45:27Z,10,1,en
Ugw4o2aNFkwEnGK6u8J4AaABAg,@Fabian3331234333,That AIO is so overbuilt for a 65w CPU lol,2025-11-10T19:45:25Z,3,5,en
UgzsHJQywFazx41jEfh4AaABAg,@DaddyQuattro,Like and comment for the Reilly ads alone. Joe Dirt War Thunder made my day.,2025-11-10T19:45:24Z,0,0,en
UgxTEoBdgZ6NppLOCux4AaABAg,@A38,Audio mixing is too loud on this one. Need to master it up a little bit next video,2025-11-10T19:45:18Z,1,0,en
UgzC8n9C7iuF2l9nL7d4AaABAg,@39dkwj,man Riley has really been cooking with these sponsor segments,2025-11-10T19:44:52Z,0,0,en
Ugwi0o7cphN4VzoEmGR4AaABAg,@chadnoles5671,Currently 244 for the ram genuinely curious how long ago this was filmed just to know how long it took to jump up to that,2025-11-10T19:43:58Z,0,0,en
UgwMDORn4MREGNnQBqF4AaABAg,@carlkromer1601,"Wow... just a couple years ago you could get away with $1,000.00 for a killer rig.",2025-11-10T19:43:57Z,0,0,en
UgyOmgXoCaOvJvpGITd4AaABAg,@phigbill,"RAM: ""hold my beer""",2025-11-10T19:43:49Z,1,0,en
UgyzHNnnZ4_e2u6h3p54AaABAg,@genicota,This video was scheduled before the RAM prices went up xD,2025-11-10T19:43:39Z,13,0,en
Ugzo6HpzMDjjF1omDcx4AaABAg,@TheVanglume,why recommend an unreliable AIO when your own videos prove it's not that good compared to a classic CPU cooler ?,2025-11-10T19:43:26Z,0,0,en
UgwQSCpft8f-ZTVqdb54AaABAg,@CFodd01,"2:30 okay so this is going to sound like a stupid question BUT Intel were leading in the CPU space for sooo long, I get not maybe one or two CPUs just ending up being terrible but why the hell can't they just make a good one and compete? Like surely it's not the fact they lack the tech or mind power, they were an industry leader.",2025-11-10T19:43:24Z,0,0,en
Ugzg7XeA6NoyqFcoJjZ4AaABAg,@Basically_r2,"1:15 - 1:38 ""All my enemies are suffering"" type ad",2025-11-10T19:43:07Z,0,0,en
Ugxi3955JPuK7RMqMml4AaABAg,@barkingaxe833,Rip ram,2025-11-10T19:43:02Z,1,0,Other
UgxmFYKnMrzzsNjNa-d4AaABAg,@LETHYS.303,im a msi fan boy,2025-11-10T19:42:44Z,0,0,Other
Ugw8L-UivoGR0EvGSAd4AaABAg,@thiagomax9306,"277 USD for the very same RAM they feature in this video, they got an incredible deal with that. RAMAGGEDON IS UPON US",2025-11-10T19:42:42Z,27,1,en
UgwdTcJ5u5Do4QuXVy94AaABAg,@ThatOneUnityGamedev,That poor macbook at the start,2025-11-10T19:42:34Z,0,0,en
UgyxZSERLc53-_uxfxd4AaABAg,@TetraSky,"ram prices really went 2.5x, eh...",2025-11-10T19:42:25Z,0,0,en
UgykD0pv7iLrI50jJ254AaABAg,@Deadinternetzero,Whoever wrote the seahorse in is a legend.,2025-11-10T19:42:02Z,2,0,en
Ugxn-IxQld8X1qWFjYp4AaABAg,@ardsleyopd9535,i got the gigabyte windforce 5090 for 2000 bucks and a 9800x3d on sale for 400. very happy,2025-11-10T19:41:13Z,2,0,en
UgyRt-JglIQ1Tp5OSMh4AaABAg,@bonxdlol,i hate ram prices,2025-11-10T19:41:11Z,1,0,Other
UgzmVni_x_D-K-LVxTh4AaABAg,@RC-lx8bu,That Kit of Ram is what triple the price almost now.  Better swap that GPU up to a 9070XT which is what you should have chosen originally since those are MSRP now. So not entirely sure when this video was made.,2025-11-10T19:41:08Z,7,1,en
UgxGoL3wQtLJ6D_X3T54AaABAg,@joshhardin666,"in my opinion the best reason to have a pcie5 motherboard and a pcie5 gpu is that cpus don't give you enough pcie lanes to add additional hardware.  given that 8 pcie5 lanes operates at the same bandwidth as 16 pcie 4 lanes, if you get a pcie5 gpu and motherboard you can use a SECOND pcie device without sacreficing bandwidth to your gpu.  for example a multi 4k60 hdmi capture card, or a second gpu for use as an ai accelerator or a dual pcie5 m.2 adapter or a sas or sata hba so you can shove a bunch of disk in the system, etc. etc.",2025-11-10T19:40:53Z,3,1,en
Ugy8U7rnhrHstCMxqPB4AaABAg,@LGB-FJB,Oh the dad jokes just flow throughout the video. /chef's kiss,2025-11-10T19:39:59Z,0,0,en
UgzrWM70wV_d4ym8fE14AaABAg,@marczen-iy9iu,The snail strikes again,2025-11-10T19:39:50Z,0,0,en
UgxgJ8FK8_khqke8Wph4AaABAg,@karan3952,"""Being a commodity product, RAM pricing is way below MSRP.""

RAM industry: ""And I took that personally.""",2025-11-10T19:39:41Z,1755,3,en
UgwpKKkEER_k9act2Z14AaABAg,@YosvanyMederos-x5w,If theye have motherboards were is dad boards,2025-11-10T19:39:33Z,0,0,en
UgwPNrFQWAZSRR9v_iB4AaABAg,@darkerson,Yikes this video aged insanely quickly. Thank AI for those inflated prices on RAM and SSDs...,2025-11-10T19:39:17Z,1,0,en
UgxgUZA11b2SgHk6yd54AaABAg,@movizuniverse2050,no,2025-11-10T19:39:09Z,0,0,Other
UgzUXOcVccF_P5qgBQF4AaABAg,@Brian_Buckley,"RAM Prices........BUUUT, They still released the video......🙄🙄🙄",2025-11-10T19:38:18Z,1,0,en
UgyT0H_RBuCUcTg2ddR4AaABAg,@neogem200,32 gb of ram for under 100 now it's 200 for a basic kit and for something premium we are talking about 400+ and going up every day,2025-11-10T19:38:14Z,0,0,en
UgxeGo9s__e5uSOC5lF4AaABAg,@joeygatlin5419,"I bought my 3050 back during the mega mining days and GPUs were flying off the shelves en masse to fuel crypto farms, can't say it was a valid purchase but when most GPUs around then were over 1200 for a 3080, 3050 sitting at under 300$ felt like a performance steal. I still use my 3050 today, it had been reliable.",2025-11-10T19:37:59Z,0,0,en
UgwRrTByfVppT3bsJyZ4AaABAg,@Sup_D,This didn't even get to age well.,2025-11-10T19:37:50Z,0,0,Other
UgwoX5EPO6iXRXtr6Yx4AaABAg,@Theodoooooore,"Is that Thermalright AIO so cheap because of the Asetek patent expiry?

Either way, air coolers all the way baby ;)",2025-11-10T19:37:43Z,0,0,en
Ugw2IqCMjxCl4alE5gd4AaABAg,@thiagomax9306,finally some pc building,2025-11-10T19:37:40Z,1,0,en
UgzUeiJCcaA7HScnnm14AaABAg,@J0ttaD,2:15 ew,2025-11-10T19:37:34Z,0,0,Other
UgyH1MQIIlDh1ZeVvuV4AaABAg,@mikejfile9070,Yikes these Ram prices are crazy,2025-11-10T19:37:29Z,0,0,en
UgwVp4UJ4JPeRFgWRSB4AaABAg,@blanana_m,btw you put the wrong Timestamp for the SSD,2025-11-10T19:37:26Z,0,1,en
Ugx9kQWAUr7hKiquBUp4AaABAg,@dj_jam493,More ads I see.,2025-11-10T19:37:20Z,0,0,Other
UgzrvcTiu1A3bJz3Cbd4AaABAg,@LoneBeastYT,5:40 i mean there was a metaphorical cage governed by an manually operated electric device,2025-11-10T19:37:16Z,0,0,en
UgxEun0OWnAkHHQwNmx4AaABAg,@helloukw,"That M.2 is 320 USD in my European country, which is insane by comparison to 120 USD.",2025-11-10T19:36:59Z,0,1,en
UgzZQ8qVICC5aHJqpP54AaABAg,@jajssblue,AI swooping in to kill this premise for ram and storage. 😢 Ugh. There's no winning! This bubble needs to pop already!,2025-11-10T19:36:54Z,4,0,en
Ugz1zvXvFF4FVQk6eQ54AaABAg,@dabestgamer1234,100th 🎉,2025-11-10T19:36:49Z,1,0,en
UgzGmkcHr0fqUId_Lxd4AaABAg,@baths4cars,"nah have you seen the ram prices, most of them are double before cause of ai and stuff",2025-11-10T19:36:35Z,1,0,en
UgwmGnRUFXejWzB_9Rp4AaABAg,@Parva2680,under 10 mins,2025-11-10T19:36:28Z,0,0,Other
UgzOhmZiRH8LhLVzOm94AaABAg,@Scarlet_Soul,My dyslexic brain read All-MSRP as ASMR Gaming PC and was very concerned,2025-11-10T19:36:17Z,0,0,en
UgxTnQx3BIfm_sWXF4x4AaABAg,@heinzpickles,tip,2025-11-10T19:36:06Z,0,0,Other
UgxXgD3dgXAEph2Eh6V4AaABAg,@Thespectaro,7:53 bold cliams,2025-11-10T19:35:57Z,33,0,Other
Ugyq5los-UxssOBgjMx4AaABAg,@zachb1706,"AMD lied about MSRP, who could’ve guessed",2025-11-10T19:35:55Z,0,0,en
UgyJqIIlE8ynpmEQ8wB4AaABAg,@danielivanov930,"Skipped just to see Riley's ad segway . Ngl,they nailed it 😂,Gaijin better pay nice or double for such a segway with Riley .",2025-11-10T19:35:43Z,0,0,en
Ugw7a4g8BCWpvFzNc1B4AaABAg,@lukaluka918,Beeing the amazon driver for ltt has to be profitable,2025-11-10T19:35:18Z,0,0,en
UgxE3Y7X7CETxJ7QFfF4AaABAg,@Slowiee,RAM - “you thought!”,2025-11-10T19:35:08Z,84,0,en
Ugz35NReuK9-vx_RG_p4AaABAg,@huguberhart,Funny this came out now.. The effort in the ads is just insnae.,2025-11-10T19:35:05Z,19,0,en
UgyXBYP6vR5ObgGM3Z14AaABAg,@HedgehogY2K,"Heh, I spent exactly $1599.93 on my entire living room audio equipment I need to setup for my Xbox 360. My VSX 1019AH should provide 7.1 WMA Pro for my champion media playing console. Which btw I recently found the 360 forces all 1080p TS files to 720p, even using x264+Dolby Digital stays in 720p no matter what. I have to choose between 1080p VC-1 7.1 WMA Pro glory, or settle for 720p TS files with H264+Dolby Digital EX on them. I'll use a mix of the 2. I'll reserve the ASF files for H-SBS/H-OU 3D movies. If you have 3D glasses I recommend H-OU.",2025-11-10T19:34:57Z,1,0,en
UgzC76-alXtNnNQwbPJ4AaABAg,@maksymiliankuznik4856,"Looks like this video will be outdated really soon, if it didn't happen already",2025-11-10T19:34:49Z,0,0,en
Ugys4MoEpERKDykzGSl4AaABAg,@ar333b,Finally a PC that can run that new monster hunter on low settings with framegen and upscalling,2025-11-10T19:34:44Z,0,0,en
Ugy3JFwDNVgo-CP5aiR4AaABAg,@endmostmitten,"You Guys were lucky getting that RAM so cheap, noe you have to spend at least 40$ more for a decent  kit",2025-11-10T19:34:28Z,3,2,en
UgzWZYluCQosMaPJSHt4AaABAg,@jtprado,Riley is carrying LTT,2025-11-10T19:34:09Z,0,0,en
UgyZ3NULbwmHGjrwxil4AaABAg,@joeyeamigh,“nvidia really isn’t bad on modern linux!” i scream into the void,2025-11-10T19:33:58Z,0,0,en
Ugx7yGSU9k0cJY9XyKN4AaABAg,@Mitsurugi2424,"The amount of pc 2k buys, currently, is insane.",2025-11-10T19:33:45Z,0,0,en
UgzKWx9ZzNnCogjeXB14AaABAg,@RageTasticc,sigma,2025-11-10T19:33:45Z,0,0,Other
UgxUi9Bb-jjjAnftOfl4AaABAg,@dkDyno,"This video aged like milk before it was even released (looking at you, RAM prices).",2025-11-10T19:33:22Z,2363,13,en
Ugzf4dy3Ob7oTWfZcUB4AaABAg,@memo8008,I was literally considering getting my first PC for 1000-1500 might have to consider a build similar to this.,2025-11-10T19:33:21Z,3,0,en
Ugyg1Jbn7LtuLZoWkh54AaABAg,@Neonihh,"Rip prices, gg's gamers XD",2025-11-10T19:33:20Z,0,0,en
UgykvruW26Ctymm4BEJ4AaABAg,@fefefe-m7p,Dram now cost on like 10-20% higher then was a few days a ago,2025-11-10T19:33:06Z,0,0,en
Ugww93AXag1i0dgiwiZ4AaABAg,@Mantulisme,i can imagine Linus biting his nails deciding whether to redo the build after the ram price skyrocketing,2025-11-10T19:33:00Z,1030,4,en
UgyU-dlu5L6JV9EWsNB4AaABAg,@jalbertgo,The best time to build lasted like 2 weeks,2025-11-10T19:32:58Z,0,0,en
UgzyWRjM8BAXRqwbqE54AaABAg,@patrickpopp9197,"and you should build it NOW before RAM, Flash and Harddrive prices skyrocket.(Its allready starting but its only getting worse in the next 2 years)",2025-11-10T19:32:53Z,0,0,en
UgxAPb52oc_9-Y5vV414AaABAg,@Thespectaro,3:53  hey so when this video flimed,2025-11-10T19:32:24Z,1,0,en
UgwIXqOSVPuFMQGiXRZ4AaABAg,@LuckyMatt,This video is already outdated with how crazy RAM prices have become,2025-11-10T19:32:24Z,2,0,en
UgwJnVQXObMvCBz42Et4AaABAg,@Aclownin1,Just got the son one for 1699. B850 prime E i think. 5070 TI 9800x3d 2 terabytes 32g of ram. Did I screw up? He's the only one with a pc. I have my phone and diagnostic system for work.,2025-11-10T19:32:01Z,0,2,en
UgwCFQEhSLyMaK16SG14AaABAg,@meladmiah,o7,2025-11-10T19:31:47Z,0,0,Other
Ugw3GODjGtl30CrMgaF4AaABAg,@strilight,"MSRP my ass, RAM prices are fucked",2025-11-10T19:31:29Z,203,1,en
UgxGv6gbit8vn66H-0h4AaABAg,@Therealchessenjoyer,W refresh pull,2025-11-10T19:31:24Z,0,0,en
UgyvkXAJEbqmSHcxU_J4AaABAg,@UnluckyDomino,ID Cooling AIOs are really nice too if you guys are looking for AIOs under $100. they usually have better coldplate flatness QC than thermalright,2025-11-10T19:31:22Z,0,0,en
UgxEWIp9AAHI4vmgqct4AaABAg,@Jav-z4s,0:39 pls tell me it’s a fake laptop,2025-11-10T19:31:16Z,18,1,Other
UgzncM590btDwHbOXVB4AaABAg,@Thespectaro,3:53  hey so when this video flimed,2025-11-10T19:31:09Z,427,9,en
UgyLDKYZaREHywqzH7J4AaABAg,@Dracnaphobia,Putting this up when 64 gigs of ddr5 I like $4-500 is crazy.  Those prices are climbing. Even for ddr4,2025-11-10T19:31:08Z,0,0,en
UgwtK3QTmct1t47zpyh4AaABAg,@smashed_penguin,How about $800,2025-11-10T19:30:57Z,0,0,en
UgyCKq5MGZ6vySDk5Yt4AaABAg,@suyashkerkar9929,Day 1 of asking free Gaming PC,2025-11-10T19:30:49Z,0,0,en
UgydDJu32XkthwMtRBl4AaABAg,@PaulHawkinson,"Exciting!! Not sure how long this will last though, considering recent news about delayed 50 series super cards D:",2025-11-10T19:30:35Z,1,0,en
Ugy2MscEoT5MKv3-KKl4AaABAg,@UnluckyDomino,DRAM prices tho 😭😭,2025-11-10T19:30:18Z,5,0,en
UgyRXsn8kv3rS6pOapZ4AaABAg,@junatah5903,"Almost as if that if you milk the cost, people won't buy them.",2025-11-10T19:30:11Z,5,0,en
UgzKOzQV_W2VR3bRtIN4AaABAg,@MrREDSTAR20,Riley’s ad reads are almost on par with Dennis  lol,2025-11-10T19:30:10Z,248,1,en
Ugy62JidRzxqHLR1p-R4AaABAg,@jonaszprzybycien6545,Linus the Laptop Destroyer 😢,2025-11-10T19:30:06Z,1,0,en
UgwJ0_OK0ulOWvSUvCh4AaABAg,@HeisenbergFam,"""price on shelves turns out to be hundreds more than promised""

Cursed tradition at this point",2025-11-10T19:29:56Z,3,0,en
UgwlW3Gw7VjvFJUIdt94AaABAg,@blanana_m,"""getting a decent deal""
shows 50 series",2025-11-10T19:29:52Z,31,1,en
Ugwyqwi4pinoUTNS7694AaABAg,@lorisdragelj6286,Me watching this after i saved 1500 bucks for a pc but i need to pay dentist tomorrow 1300 :( never gonna buy it lol,2025-11-10T19:29:43Z,0,0,en
UgxHHctXpFck6OFpuuR4AaABAg,@BigCleverName,This doesn't apply to Americans btw,2025-11-10T19:29:38Z,0,0,en
UgwKaCnbPecaTKcBt5h4AaABAg,@swingtheding3004,Under 100,2025-11-10T19:29:16Z,0,0,Other
UgzYKdUhoCBg6k_WFlt4AaABAg,@TheMrLammer,With current ram prices this aged incredibly fast and badly 😭,2025-11-10T19:29:01Z,7056,111,en
Ugzr5rA5yanKWMRKgFt4AaABAg,@advikshan,0:33 Great Scott!,2025-11-10T19:29:00Z,15,2,en
Ugwa9kRzfKzrQF47o4N4AaABAg,@Thespectaro,Got a refresh of 10 secs of the vid uploaded allreday liked.,2025-11-10T19:28:59Z,2,0,en
UgyjEk0-chXn-yeBJyR4AaABAg,@OmegaJoeLive,the ram tho,2025-11-10T19:28:54Z,1,0,en
UgyqVeE4GItEaM3vwgx4AaABAg,@cgraham1226,Crazy sponsor segment lol,2025-11-10T19:28:53Z,118,0,Other
UgxkChMiHjvlRs2aB3t4AaABAg,@MrREDSTAR20,Hey Linus!,2025-11-10T19:28:35Z,0,0,en
Ugw8rla5ioVslhPkj6Z4AaABAg,@deadman295,DRAM prices are here to kick MSRP back out of stock!,2025-11-10T19:28:23Z,3140,14,en
Ugz_0jKgmrX8XgbyDYp4AaABAg,@DryTowelGaiming,'first' ahh comment. ggreaat vid tho...,2025-11-10T19:28:21Z,0,0,en
UgyPm2c0dCGq3esXK-14AaABAg,@charlesistrash,3 views fell off,2025-11-10T19:28:18Z,0,0,en
UgyQypQ4ml0OLgZ686V4AaABAg,@BikeToke,linous,2025-11-10T19:28:14Z,1,0,Other
Ugy-_0JxtZaWESBlEct4AaABAg,@thexgamer8240,I remember seeing this PC in my dream yesterday.,2025-11-10T19:28:12Z,0,0,en
Ugy8awE-ISTTTX_UfHh4AaABAg,@thedeadman6171,damn,2025-11-10T19:28:04Z,0,0,Other
UgwaMSFf0bUfBTrIGPt4AaABAg,@FIRE_FOX_0321,I’m second hi how are you?,2025-11-10T19:28:03Z,0,0,en
UgxpDqECr4Fxw9_7uSF4AaABAg,@fatimamuhammad6731,2nd,2025-11-10T19:28:02Z,0,0,Other
UgzA0u4kw4ozq-XNeRJ4AaABAg,@L337f33t,MSRP the biggest scam ever 😂,2025-11-10T19:28:01Z,0,0,en
UgwhmmBaacpYC6is3bd4AaABAg,@mr.faceless6808,Second ;),2025-11-10T19:27:58Z,0,0,en
UgzBfLwWOM8dN4evEx94AaABAg,@DRTHNihilus,love being early,2025-11-10T19:27:58Z,0,0,en
UgxEGo04Jt538e-q_Mt4AaABAg,@thranax,3 views =O!,2025-11-10T19:27:56Z,0,0,Other
Ugyma8-r0E6Hq9eHz154AaABAg,@xxzoroxx4840,"Gahdamn 19seconds since the vid came out , had to comment my love for LTT haha.",2025-11-10T19:27:56Z,3,0,en
UgyOrUhiNNr2308Jzvl4AaABAg,@gamegopower5784,yay hi linus!!! I love you romantically but not in a sexual way but just in a normal way,2025-11-10T19:27:55Z,1,0,en
UgzhmpiQCIJ8jFO0LFF4AaABAg,@isjsjwifkdna9611,Hi Linus,2025-11-10T19:27:55Z,0,0,Other
UgyPbOLuQbaI6_ByV2t4AaABAg,@moulinroche,I'll buy two at this price😂,2025-11-10T19:27:55Z,0,0,en
Ugzn2tDd4OhXgqTSwet4AaABAg,@Meezaenzo,Linus looks shorter each vid…,2025-11-10T19:27:55Z,1,0,en
UgypIqgHnL-rHTLLLvl4AaABAg,@CommanderMau9,Ayeeee second,2025-11-10T19:27:54Z,0,0,en
UgzGhoBujTh4Bm68Kih4AaABAg,@mallachtach,,2025-11-10T19:27:53Z,0,0,Other
Ugww_nLtlt6Wa8Jnp5h4AaABAg,@TeaDrinkingColonist,alright sinus let's see what you've got,2025-11-10T19:27:50Z,0,0,en
UgwKFcqUmJw4MLR92ZR4AaABAg,@Pasloooo,29 seconds ago wohooo,2025-11-10T19:27:48Z,1,0,en
Ugx_2kkJ36mL3jcJMLl4AaABAg,@JohnStructed,1st,2025-11-10T19:27:47Z,0,0,Other
UgzAGT9sn6_s0lLFlp94AaABAg,@HXR43X,man it feels illegal to be this early,2025-11-10T19:27:47Z,0,0,en
Ugz0TEdEbf3oNUFOgpp4AaABAg,@harsh.borderwala,67,2025-11-10T19:27:46Z,0,0,Other
Ugx8Dvrsq2Z8nrctcG94AaABAg,@DipakThakorAhm,First comment now give me this pc 😂😂😂😂❤❤,2025-11-10T19:27:45Z,0,0,en
Ugze4jY2NEoiTsRpHx94AaABAg,@leafleto,1st🎉,2025-11-10T19:27:44Z,0,0,Other
Ugx7Vu66mFsKwluEMf94AaABAg,@hatry4803,first,2025-11-10T19:27:44Z,0,0,en
UgwpwBy2dcH-dJay3JN4AaABAg,@leisurelarry9048,1st,2025-11-10T19:27:42Z,0,0,Other
Ugxlt57XUnBD5xQ2L0l4AaABAg,@sliptlol,Linus please leave me alone,2025-11-10T19:27:41Z,8,0,en
UgxBNq-pkEIDmqwHDT94AaABAg,@starkindustriesenergyrifle6423,Amazing video keep up the amazing work ❤,2025-11-10T19:27:40Z,0,0,en
UgxRGiHCTCcdr5b0DRh4AaABAg,@ZackMuffinMan,😮,2025-11-10T19:27:40Z,1,0,Other
UgxWsoztwB4NtVy6yoF4AaABAg,@benreyes4002,First,2025-11-10T19:27:39Z,0,0,en
Ugx6prSKJHIng0juanN4AaABAg,@stefanstankovic2268,Frst,2025-11-10T19:27:38Z,1,0,Other
UgwquMqKIz1PPqWgdah4AaABAg,@brutalbobbygump,1st,2025-11-10T19:27:37Z,0,0,Other
UgzD1Y--5ArkjIs-nTN4AaABAg,@Coquitoel1,Thank you king,2025-11-10T19:27:37Z,0,0,Other
UgwjZNFSeL0A9goiPlZ4AaABAg,@magnuskm8972,skyeet,2025-11-10T19:27:36Z,1,0,Other
UgzLJJsFw5OGqYHM8qV4AaABAg,@abuyamen7985,Get me one please and thank you!,2025-11-10T19:27:35Z,0,0,en
Ugylm-KShnYVD8eUEHp4AaABAg,@Noname-ms7mo,I se,2025-11-10T19:27:32Z,0,0,Other
Ugzo6QEBWr17yUI8v3x4AaABAg,@Brazi187,Ayeeee first,2025-11-10T19:27:25Z,5,1,en
