Comment ID,Author,Content,Publish Date,Like Count,Reply Count,Detected Language
UgxWpNSPYMaKAWhJnv94AaABAg,@VanossGaming,"Thanks to Geoguessr for sponsoring today’s video!
Make sure to check out my challenge link & try and beat my World map score: https://www.geoguessr.com/challenge/jBB0cq7UJnhCglgd #ad",2025-07-06T00:19:25Z,1158,23,en
Ugy5oFK3odjrBGT-xdd4AaABAg,@harkeshpatmanathan6134,The random Waldo in all the scenes 😂,2025-11-22T06:40:07Z,0,0,en
UgwShLmcSym82PCtlZx4AaABAg,@blittzzz,who else is watching from edmonton ??🇨🇦,2025-11-19T10:23:19Z,0,0,en
Ugzji0k2V2ISmeZWNht4AaABAg,@jdcmotorsports10,I didn’t know Anthony Weiner was a saint,2025-11-16T15:21:46Z,0,0,en
Ugx6XA9xS-uTGEAJjAx4AaABAg,@STCTZenzas,"Personal timestamp:

20:21

20:22",2025-11-15T06:50:26Z,0,0,Other
UgzA7Vs7eHEUPXtzFvB4AaABAg,@summerwimmer9329,"who chose Wichita, KS for Sackville, Nova Scotia? 💀",2025-11-12T03:15:06Z,0,0,en
Ugye2HaT5XSMIVidK5Z4AaABAg,@subxero_x,Escape From Jackov™,2025-11-11T14:27:49Z,0,0,Other
UgwTT52J_dqedHfuRiN4AaABAg,@jackarma6442,"10:30 they’re laughing but he’s right, you can actually use the sun and compass to tell which hemisphere you’re on",2025-11-09T20:02:10Z,0,0,en
UgwEAaOnyx8nMH-yN8N4AaABAg,@reeb4720,They found Waldo and he followed them around the world,2025-11-09T12:19:01Z,0,0,en
UgzvNxr461ENMED-egd4AaABAg,@rjtheartistmelendez5894,6:18 13:13 22:50,2025-10-31T23:58:32Z,0,0,Other
UgzetZQ7Ivywcmmvt3V4AaABAg,@corinthians2079,8:36 I’ve been their lmao,2025-10-31T04:28:54Z,0,0,en
Ugy1pf949ngEV_eSkIJ4AaABAg,@SaipraveenSeva,18:30 Halifax bus,2025-10-28T19:10:14Z,0,0,Other
Ugw4VPABrn9JMiXDQPx4AaABAg,@madrid2468,i love these type of videos from the crew,2025-10-28T00:12:26Z,0,0,en
UgzY29lGU7ZqzSeHop94AaABAg,@blueenergyking4255,"18:34 come on vanoss, u didn't see the Halifax on the side of the bus??",2025-10-27T00:59:00Z,0,0,en
UgzIMAD_xCrXQwwEbsR4AaABAg,@alterablebark54,This is probably the least consequential example but YouTubers taking sponsorship deals before they even have any clue how the product works the biggest problem with YouTube advertising,2025-10-26T17:07:54Z,0,0,en
UgwpYCh3I56ckrzZ68x4AaABAg,@Kyleharris1203,I live 4:30 hours from Titty Bong.,2025-10-26T08:53:36Z,0,0,en
Ugy6d-TZ8TJgf3TmEBp4AaABAg,@definitelynotlion,"middle of bumfuck nowhere, fucked trees, goofy name? definitely australia",2025-10-23T09:18:17Z,0,0,en
UgyF7SbaekZo-N-Tiuh4AaABAg,@jordanmacdonald9715,i was screaming to the top of my lungs that it was sackville new bruinswick. Funny enough theirs two sackville's. One in nova Scotia and one in new bruinswick!,2025-10-22T02:25:09Z,0,0,en
UgxPPMsV1PmwD6gaIAV4AaABAg,@CarlSleb-w3h,4:33 found waldo,2025-10-18T04:15:11Z,0,1,en
UgygVOQ-B12fyw_LCjJ4AaABAg,@amerbouss2708,ALGERIA MENTIONED,2025-10-16T19:19:59Z,0,0,Other
UgyyYL-c5g88oJ2zETF4AaABAg,@adamlancaster77,pasta is ruining all the time,2025-10-13T17:19:26Z,1,2,en
Ugx-qUSDZ3HH2ip-5eR4AaABAg,@Shrillpoo,dude pella mention 🥹,2025-10-13T12:33:05Z,0,0,Other
UgwSAaAimgbA98tBWsF4AaABAg,@IZthatKareem,18:27 so no one else found Wally?,2025-10-12T21:02:49Z,0,0,en
Ugw9faMS165-L738Od14AaABAg,@rubygloom1564,8:40 bloody Padstow 😭,2025-10-11T22:49:12Z,0,0,Other
UgxL-lGOi-wP0pucVOV4AaABAg,@waterbottlethatalsolikesme1670,Brogla thinking he's rainbolt and getting some right is rather... Insane,2025-10-11T07:51:50Z,0,0,en
UgxU9zryidLI37kh3BN4AaABAg,@peperle,Dude Pasta is legit good at this game,2025-10-11T04:41:47Z,0,0,en
Ugxhg8ofRQEcxpNbGrx4AaABAg,@CorTenebris-u7g,"""Czechoslovakia"" respect lost immediately",2025-10-05T08:32:01Z,0,0,en
Ugx-t-8JxfHgyPvq7494AaABAg,@AQGamer525,3:09 Well that's give away for me because that's my country,2025-10-04T09:32:02Z,0,0,en
UgzOxEvKjrafsU6_P014AaABAg,@CEOofVibez2,8:37 sounds like a great place to visit!,2025-10-03T00:55:24Z,0,0,en
UgxK0nTCB29vJ4pvKjx4AaABAg,@CEOofVibez2,1:27 the brother,2025-10-03T00:44:35Z,0,0,en
UgwKyoGZIzQ_MJddxfN4AaABAg,@Yeahthatsalrightgdk,I love brogla,2025-10-01T20:07:47Z,0,0,Other
UgwsSbEnQbsbTUDgMAh4AaABAg,@WhatIsAPig,0:52 A group of owls is called a Parliament…,2025-09-29T14:31:06Z,0,0,en
UgxNp74XyvCpTLdtATd4AaABAg,@WhatIsAPig,"0:47 

WAIT IS THIS THE BIG CHURCH IN QUEBEC CITY I WAS JUST THERE WITH DAD IN SUMMER",2025-09-29T14:30:15Z,1,1,en
UgxKIMCYPZDvtTXlWwd4AaABAg,@ZzzarieL,Jewguesser,2025-09-25T07:35:55Z,0,0,Other
UgxOPfCRmVrKjojjuEN4AaABAg,@RudeRabit,Vanoss didn’t notice Homer in Arkansas 😭,2025-09-22T01:53:52Z,0,0,en
UgzFG9SE8p3_qxu7yIl4AaABAg,@brandoneller6037,8:14 nebraska mentioned,2025-09-18T11:25:29Z,0,0,Other
UgyyL14PguJErCE4bz54AaABAg,@THINK86200,12:59 her evil laugh went evil to adorable!,2025-09-15T07:32:57Z,1,0,en
Ugw-as3QiQTl_uLk1Kp4AaABAg,@royalphoenix2028,13:13 Aussie's knowing exactly where that cause its right next to Cokum and around the corner from Sea Lake and Swan Hill,2025-09-13T14:08:00Z,0,0,en
UgwRCUvD8M8j2Uh-B5B4AaABAg,@Jack-u8f1h,the town in aus is my town,2025-09-12T09:25:14Z,0,0,en
Ugxafniir5e3GDn5ov54AaABAg,@Admiral_Aids420,ALBERTA MENTIONED,2025-09-07T18:28:17Z,0,0,Other
UgwHUwJuhbFy4Fnx1Bp4AaABAg,@KayseeK,7:33 lol,2025-09-06T15:52:06Z,0,0,Other
UgyH-oMFQ5SKyOlXoaZ4AaABAg,@scoria0,6:19 my favourite place 😂,2025-08-30T04:39:48Z,0,0,Other
Ugxegf3ptt0o-aX6vl14AaABAg,@comette1991,21:34 what are the ods that i knew exactly where that was because i installed those cone for the construction lol,2025-08-24T12:44:00Z,0,0,en
UgxZMBXjVWMyqFtYJkN4AaABAg,@darkestbefore,I go to school in Sackville,2025-08-22T20:11:31Z,0,0,en
UgzsqbY97eQRsyw38LB4AaABAg,@YngVG,Should've picked homer (bottom left) 15:21,2025-08-22T17:08:29Z,0,0,en
UgwlI5YfXi7eu1NLYPd4AaABAg,@Swampdog37,DaithiDeCalibre,2025-08-22T04:02:22Z,0,0,en
UgwZT2NVkxgwsh29njl4AaABAg,@It_wu,did the video got reupload?,2025-08-21T16:27:22Z,0,0,en
UgxRn4btwSycxi6Jb9N4AaABAg,@Mizzusk,"hi mr vanoos, i'm from nunavut this offends me;((",2025-08-20T12:34:02Z,0,0,en
UgxQ9iTQo7vORgv3SeJ4AaABAg,@RemoraFish,10:13 thats Mars!,2025-08-19T20:28:10Z,0,0,en
UgxLghw3753-k8AgnJh4AaABAg,@Shehvdbdbebebsdbbdb,Bro one of the Canadian locations is like 2 minutes from my house… that was creepy I was like wth I know that place,2025-08-18T09:25:39Z,1,0,en
Ugwo5Fr7qikVdDzCdFd4AaABAg,@jerettmonias,"so there’s this clip where Brogla says the Canadian Prime Minister’s name, where can I find that? LOL",2025-08-16T23:43:52Z,0,0,en
Ugz68J1IBGBi7eNeYjB4AaABAg,@CrafterPrime203,"3:24 pasta, i really hope you and the crew, along with brogla, didn’t actually have to go through florida, anywhere nearing orlando in this game",2025-08-16T22:37:59Z,6,0,en
Ugzx7lmaLVLQFTuw0oh4AaABAg,@offbrandjesus7682,15:22 southwest part of the map showing has Homer,2025-08-14T15:53:54Z,0,0,en
UgwTpChFNOivHIXzKFR4AaABAg,@marypickard7225,I am a Canadian and I live in st thomas vanoss. Canadian where are you all,2025-08-13T18:51:06Z,0,0,en
UgzEDze-1fzob3WDI1F4AaABAg,@Imagine584,18:33 I literally live here,2025-08-07T01:11:12Z,0,0,en
UgyfzDFzxJCxzG6Ca194AaABAg,@arsalaan2292,I am noot from nunavut,2025-08-05T22:48:16Z,1,0,Other
Ugw2T_fkDUhoUtc1Q0x4AaABAg,@vcarter0723,"Wow, old Waldo really gets around lmao",2025-08-04T01:33:21Z,0,0,en
UgwlFrHYPX4mMlAntpF4AaABAg,@LGV616,Iowa mentioned 🗣️,2025-08-02T00:15:51Z,0,0,en
UgwTmeniPYJOn-JxxwV4AaABAg,@Mr-Green0,"6:20
(Laughs very hard)
Jackov?!
7:30
(Snickers)
Sackville!
8:35
Booby's Bay?
Wut?
13:14
Pfft!
Tittybong?!
15:09
Welcome to Weiner, Arkansas.",2025-07-31T14:42:35Z,0,0,en
UgxMCMQCIS3Co5E_MCt4AaABAg,@johnteth1692,Not them saying Czechoslovakia. Its been 33 years guys😭,2025-07-31T07:39:03Z,29,0,en
UgzCb6axhZF8MT5FClh4AaABAg,@Cu-sith7,I guessed that south America place cause I recognized the terrain from ghost recon wildlands. 🤣,2025-07-31T02:57:47Z,1,0,en
UgwuBdzUFUSvJT7goGZ4AaABAg,@valentinewinters71920,I love Wildcat so much.,2025-07-30T22:41:06Z,1,0,en
Ugz9U1FqLDcqMTxQo-14AaABAg,@stephanius9986,"Bro what even is Maerk Caerney, I fucking can't",2025-07-30T21:40:54Z,0,0,en
UgzW3B1k9N0iASTUgbZ4AaABAg,@nexrayd7664,"I like that i'm from Argentina and I never though of ""Moron"" like the inglish insult, it's just so natural for us. I love that part of the video.",2025-07-29T01:26:07Z,0,0,en
UgxRZ-BwLrESiBjvzH14AaABAg,@edward_190whynot,Im from chile and i learned english by watching youtube mostly vanoss,2025-07-28T16:15:59Z,0,0,en
Ugz2gc43o_zLDaqUraR4AaABAg,@yodani7797,I mean.. pasta's question is legit. They speak french in 29 countries,2025-07-27T08:51:32Z,0,0,en
UgwP1QsWGEbeqpJP_1V4AaABAg,@trevorandrulis9345,"Yes!! Give us more of Daithi de BROGLA!!! His voice is so soothing compared to Mr. ""Off-Season!""",2025-07-24T18:35:37Z,0,0,en
UgwnaHypodnpfWXI6md4AaABAg,@zevilbunny,"4:30 vanoss found waldo 
4:35 relized me an vanoss was thinking a like",2025-07-24T07:47:48Z,3,0,en
UgxYSDB3TXwM-VY3BKx4AaABAg,@ExtraKromi,14:08,2025-07-24T03:31:02Z,0,0,Other
UgwA_DsbWo85_vH8iip4AaABAg,@26xL,Jackov🤣🤣,2025-07-23T16:28:45Z,0,0,Other
UgzLZmjYX5LL8SclR4J4AaABAg,@efml,this is the first time i've seen a geoguessr video that is sponsored lol,2025-07-23T05:42:18Z,0,0,en
Ugw9RER2zkoC2nRtjrl4AaABAg,@DoubtfulBurster,"I know nolga and he always say ""mhm""",2025-07-22T15:53:13Z,0,0,Other
UgwTndwQryHYFeatv9J4AaABAg,@EvanCarlson-z9v,i live near 19:40,2025-07-20T22:40:12Z,0,0,Other
UgxFJ39TI5aVqzGnQJR4AaABAg,@ErrorReal,"8:28 i love how in alot of geoguesser videos ive seen, people see an empty/run down looking place and immediately assume texas, just for it to be somewhere nowhere near lmao",2025-07-20T02:39:44Z,0,0,en
Ugw5DRCkYSL94DtlySV4AaABAg,@IA_777,So… where ya escaping from next?,2025-07-20T01:58:06Z,0,0,en
UgyTjoN7AThMW0hC-IJ4AaABAg,@thewingsoffried-om,1:23 Nooo...,2025-07-19T07:32:52Z,0,0,Other
UgynteTOvSGO7Qt6HMd4AaABAg,@madrickshade1851,We’re is potato man,2025-07-18T22:07:04Z,0,0,en
UgzJr8JVYURaGCvSI554AaABAg,@slimedwashere,15:22 You can't escape Homer!!!,2025-07-18T18:59:33Z,0,0,Other
Ugz06pS5vsAIVpTgkm94AaABAg,@ChaosReacon137,19:29 — That moment when you recognize the place by the shopping center lol,2025-07-17T22:04:16Z,0,0,en
UgwEhd0ZYqr7kkOCSjt4AaABAg,@ContinuedOak,The thing that sucks about geoguessr is it’s so expensive to basically play basic game mode,2025-07-17T04:42:00Z,0,0,en
Ugzhee-KB6M4Ivj7zhF4AaABAg,@jukki8164,Finally a game that pasta is good at,2025-07-15T17:58:28Z,0,0,en
UgzmTD4oU7VZRRd0t_14AaABAg,@Lucasthegrea7,I’m actually from wiener Arkansas we have like 3 graveyards and that’s about it,2025-07-15T05:07:27Z,0,0,en
Ugxoe5A-RNontnJE1_N4AaABAg,@noam12221,trailer park boys 8:12,2025-07-14T22:34:30Z,0,0,en
UgyZo9g6dWm6DbA-0GV4AaABAg,@zdendavole,Czechoslovakia? bruh :(,2025-07-14T18:53:23Z,0,0,Other
Ugy6DnM3yttajpSR5Fp4AaABAg,@BlGMVK,"Tittybong isn’t far from where I live, might have to visit",2025-07-14T15:05:19Z,0,1,en
Ugw-omBCClaUq3YvAwN4AaABAg,@reovicpace7413,3:10 MALAYSIA MENTIONED,2025-07-14T14:52:14Z,0,0,Other
Ugw0DSmMYToEZCDOrUt4AaABAg,@kingturg1614,Knew it was nova soctia the moment I seen Halifax on the bus,2025-07-14T13:55:58Z,0,0,en
UgxKl0Gyd72ovsrP97h4AaABAg,@UCrafter5000,They literally got put in North Yankton at 19:00,2025-07-14T01:39:46Z,0,0,en
UgyqO4dJHSxK-IyumRx4AaABAg,@aceofhawks,Vanoss for Prime Minister!,2025-07-13T23:22:54Z,0,0,en
UgxZ9ozyolJ-v1fj9e94AaABAg,@nadegebilon9744,"4:08how is my island on a vanoss vidéo. i litterally live here😂 wtf??!!!?? Oh my god bro that's my hood in a vanoss video, i was so flabergasted when i saw that i was like. Wait a minute that's my hood🤨😂",2025-07-13T15:11:12Z,0,0,en
Ugx2Xe_VmwDIoD0VAXt4AaABAg,@cheezychaos,Anyone else notice Waldo popping up randomly,2025-07-13T03:54:38Z,0,1,en
UgxgGyMnUMkth7XCAt54AaABAg,@sampovirtanen6300,"3:19 ""this isn't America though it's Florida""",2025-07-12T20:45:11Z,0,0,en
UgyuYIVLZbz8Q_A4POx4AaABAg,@Inuluk69Gaming,from Nunavut :3,2025-07-12T17:15:57Z,0,0,Other
Ugx3UBe7bWWgtTkw71R4AaABAg,@johnschumpe3692,9:16,2025-07-12T14:38:11Z,0,0,Other
UgzkqHKFH3j2h7MaLbR4AaABAg,@johnschumpe3692,5:38,2025-07-12T14:37:25Z,0,0,Other
UgyXgIl8QQv0hdpfmHl4AaABAg,@johnschumpe3692,1:05,2025-07-12T14:37:16Z,0,0,Other
Ugx6Vzlr3P7NeatOIbt4AaABAg,@W44FY,"round 2 and first thing it shows up, A 1 MALAYSIA",2025-07-12T14:35:28Z,0,0,en
Ugz34-BMT5P5SKOItOt4AaABAg,@KKTunez,"22:49 Wildcat's like a dad on a road trip announcing all the funny signs when you pass them, like ""ohp there's another one""",2025-07-12T10:41:07Z,5,0,en
UgyFJC9R6Bot_4ZFhIt4AaABAg,@kylewoodworth,dude i live near the nova scotia picture,2025-07-12T03:54:28Z,0,0,en
UgyL50xbSu5jIKL3BmF4AaABAg,@ryanquigley7081,wildcat sounded exactly like sassy the sasquatch in this,2025-07-12T02:43:26Z,1,0,en
Ugw3d0fPWqVx_lPP1kJ4AaABAg,@thecamocampaindude5167,Theres a street in Trois-Rivières named COCKBURN  on my way to work,2025-07-12T02:26:21Z,0,0,en
UgzslTc9oe59PlLT7cB4AaABAg,@SyncThaariq,youre wrong for this if you didnt upload the uncut version,2025-07-11T14:10:57Z,0,1,en
UgwuHP1AUdhR6x3Xi1R4AaABAg,@arntoskarolaussen7900,"Y'all should do Norway. There is a lovely place not far from my home called ""Hell"".",2025-07-11T08:24:23Z,0,0,en
UgyodTXXrfer5yxOWUR4AaABAg,@sweetnsour5690,PASTA PASTA PASTA PASTA PASTA PASTA PASTA PASTA PASTA PASTA PASTA PASTA PASTA PASTA PASTA PASTA PASTA PASTA,2025-07-11T07:30:24Z,0,0,Other
Ugz3mD2QjaxfPRAg-oR4AaABAg,@Mattmatt0458,8:04 ahh they missed the km speedlimit sign😢,2025-07-11T05:50:32Z,0,0,en
UgzC5PybJMGkG93KH6p4AaABAg,@JosephCorigliano-s8u,Please do more of this laughed soo hard at this🤣🤣,2025-07-11T04:23:14Z,0,0,en
Ugxa7OkGXjahWBoBR9V4AaABAg,@TomMentch,That creepy ass Waldo 🤣,2025-07-11T03:02:34Z,0,0,en
UgyoGG0xaCvDVoAdFHB4AaABAg,@jackarma6442,"they laugh at bogla talking abt the hemisphere with the sun, but he’s not wrong, there’s a reason they have a compass on geoguessr",2025-07-10T22:00:36Z,0,0,en
UgyaJcaBqLr5kklLuk54AaABAg,@demonica4061,"Czechia, I am Čečia, Czechoslovakia, Chechnya mentioned REEEEEEEEEEEEEEEEEEEEEEEEEEE",2025-07-10T17:45:58Z,0,0,Other
UgyrtXp5lKj6mGhUMh14AaABAg,@jaredperez1916,San Antonio mentioned!! RAHHHHHHHH,2025-07-10T17:30:51Z,0,0,it
Ugwmi4eHtgTbBZwkwUx4AaABAg,@SurfaceINK13,Pasta sounds like the hawk tuah chick,2025-07-10T17:18:29Z,0,0,en
Ugwr43dvKZrVJ9Zpxr94AaABAg,@Viorellx,In australia we have a town called blackbutt QLD.,2025-07-10T15:57:20Z,0,0,en
UgyvtvSoZ8I7F3V4Qnd4AaABAg,@iamskyler5014,Brogla sound really cool and really funny,2025-07-10T11:39:12Z,0,0,en
UgxMvglXvRb0N2QcBr94AaABAg,@squigglyo0,How is it possible that Tyler can pull off a better Australian accent than actual Australians 😭,2025-07-10T10:16:38Z,0,0,en
Ugz5iE2m4Qb7x2pIY7B4AaABAg,@Sand_Salad,1:24 NO JOE NO!,2025-07-10T06:02:07Z,0,0,Other
UgzvbAvk0kY-67r_UuJ4AaABAg,@masterlucifer6782,wasnt looking for this but hey now ik where the clip from,2025-07-10T02:52:55Z,0,0,en
UgygSjiQrXXd56ujRip4AaABAg,@ej2real679,That's crazy that I live near that town. The Illinois guests at 5:31 that town is near Rockford. Funny thing about that town. There was a meth lab explosion there.,2025-07-09T23:13:49Z,0,0,en
UgygEvhtLHvhJokNrYd4AaABAg,@TheSkullethor,I'm from Edmonton lol,2025-07-09T18:22:27Z,0,0,en
UgxD0T2v8KTDDOKyYFN4AaABAg,@alexbartkevics,"Evin you know that situation when army dise - their job.  But dad gose missing..

DETH PUNS.",2025-07-09T11:54:59Z,0,2,en
UgyYdPXyTgK0zuSIMFp4AaABAg,@Hanashi_2025,heh. shoutout to Sidney Crosby,2025-07-09T11:45:07Z,0,0,en
UgzZoRKisvI6_zzIUxh4AaABAg,@heyitsjello6650,EDMONTON MENTIONED RAAAAHHHHH,2025-07-09T09:25:18Z,0,0,Other
Ugx8ELR4ExMDrF2spOF4AaABAg,@radioactive_richard,"as someone born and raised in San Antonio, I cant believe yall saw those mountains and guessed San Antonio 💀",2025-07-09T09:02:15Z,0,0,en
UgysV-PrbAjcxJ9eMo94AaABAg,@SUNNYBOY326,As an Arkansas resident imma avoid Weiner at all cost,2025-07-09T07:08:40Z,0,0,en
Ugw4del_rPH04eU5FPN4AaABAg,@Saioma-k3r,Vanoss guessing STOCKTON on that had me dying as someone from 559,2025-07-09T03:47:46Z,0,0,en
Ugz1UWU4HU7zce0rQ7F4AaABAg,@Kradle888,Hey i live 15min from there,2025-07-09T00:01:33Z,0,0,en
UgyVKeErB5Rkm5mOixJ4AaABAg,@JABO95SA,I fucking love whe. They lean on the accent so much ❤️😂,2025-07-08T23:31:00Z,0,0,en
UgyQdOq7khKf3me--UF4AaABAg,@saintsangelcz7216,7:17 Nice to see there is still some americans that thinks czechoslovakia still exist 🤣🤣🤣🤣,2025-07-08T22:11:25Z,0,0,en
UgwWAVynO-mEoDlDV8x4AaABAg,@TiannaWolfchild-v6v,He's just in the rez😂,2025-07-08T22:05:01Z,0,0,en
Ugz4E00lOy_WkYX-QqB4AaABAg,@PopCatTheFirst,pyongyang :),2025-07-08T21:22:44Z,0,0,Other
Ugw69wFnglmZhPuTY8Z4AaABAg,@gdnickel92,Brogla is such a treat when he steps in,2025-07-08T19:46:40Z,1,0,en
UgxRlwC4k1XVA2tc5st4AaABAg,@Tombomb615,Seems like we found Pasta’s game!,2025-07-08T19:41:36Z,2,0,en
UgwwRAtW7qIBxUPZyjp4AaABAg,@Shtuter,"As a fellow Canadian, i laughed so hard during this video",2025-07-08T16:53:20Z,2,0,en
UgwpCquqUOsTdAsZtkh4AaABAg,@vturrns,I love Geo Guesser,2025-07-08T14:54:33Z,2,0,Other
Ugz_CmRNvedz__dTIwZ4AaABAg,@keelieinwonderland,I’d like to make it known for the 3:13 one I knew it Australia automatically,2025-07-08T14:19:20Z,0,0,en
UgxL5sIrNDXaoHXxSkV4AaABAg,@upsiddowncrosses9159,Part of dude I’m not lost? lol,2025-07-08T12:28:06Z,0,0,Other
UgzON8rFDo8KGOg1Gf54AaABAg,@Husky679,Gg!,2025-07-08T09:02:08Z,0,0,Other
Ugz2n6kUrfx8LmTW4LN4AaABAg,@ironlad2233,3:11 AINT NO WAY MALAYSIA,2025-07-08T07:56:08Z,0,0,Other
UgxFleYhgOOevzoGAW14AaABAg,@YourFriendHenry,Pasta is dwight and brogla is asian jim in that one cold open,2025-07-08T07:10:30Z,0,0,en
Ugy4bSVEpwETqOvqzk54AaABAg,@kingalvaro253,Welcome to vanoss crew pasta ❤❤,2025-07-08T04:50:20Z,0,0,Other
Ugz7YL1DgVaF-1J7PHl4AaABAg,@kingalvaro253,Pasta so funny 😂😂,2025-07-08T04:49:40Z,5,0,Other
UgxzCoxUDONRKJTR_I54AaABAg,@lisasummer701,She sounds like Louise from bobs burgers lmao,2025-07-08T04:01:49Z,0,0,en
UgwmPcvCul875yu5KcN4AaABAg,@yoyoYoav,Broglaaa ! XD,2025-07-08T03:40:55Z,0,0,Other
UgwBDnXSa86Gj9I54fx4AaABAg,@habsfan5810,Chomedey MENTIONED,2025-07-08T03:12:55Z,0,0,en
UgyV35UeuD3qwN74reJ4AaABAg,@sayeedsikder9660,Imagine if they just landed in front of “Ching Chong”😂,2025-07-08T02:32:52Z,0,0,en
UgyBmAGl8CbnOkRgKrJ4AaABAg,@rings2085,Never expected to see my state in a video. But ig Weiner AR exacts,2025-07-08T02:24:16Z,0,0,en
Ugx2I8aS9-k6us1LXAh4AaABAg,@Monke023,"Hmm, I wonder where the worms video went",2025-07-08T02:05:44Z,1,1,en
UgztrtI5HMEbnTlLzwR4AaABAg,@Mlohnir_,Which episode is this,2025-07-08T01:33:38Z,0,0,en
UgxQglphdJJb5D50cWJ4AaABAg,@AkChronicles.,Lmao this alot funnier then them loud ass kai and speed doing it,2025-07-08T01:28:40Z,0,0,en
Ugx76PtMUDFdbI7fgCp4AaABAg,@SureBuddyBoy,BABYTUBE STRIKES AGAIN!!!!!!!!!!,2025-07-08T01:14:53Z,5,0,Other
UgyR52Q5GHdCyVy7eYd4AaABAg,@alanramos2401,18:31 the edited guy with the waldo hat in the background😂 bet nobody spotted that 👀,2025-07-08T01:06:01Z,24,0,en
Ugy15abiABYUdFFnVS94AaABAg,@chayvr,PLS DROP THE WORMS VIDEO,2025-07-08T00:52:25Z,1,0,Other
Ugw9Md9a5qSWisIqFbd4AaABAg,@littlemonster7138,where that worms vid at wtf?,2025-07-08T00:21:05Z,9,0,en
UgzSM8RyDeta-CWLKHZ4AaABAg,@tayry3838,"The moment Pasta said there was a liquor store across the street from the other one, I immediately knew it was Alberta.😂 Coming from Alberta, my small home town had 6 liquor stores.",2025-07-07T23:50:09Z,0,0,en
UgyxiF1iAOQVaxbdC454AaABAg,@JeffhardyWordup,the random waldo pop ups actually got me weak😭😭😭,2025-07-07T23:15:24Z,0,0,en
UgxbLelTkUzdJjfM_B14AaABAg,@SpringGhost6521,Vanossgaming Google Map is this  illegal,2025-07-07T22:56:52Z,0,0,en
UgxzBvEuvvt4bA5HH314AaABAg,@myheroacadamiaisgayyea5138,No what happened to the worms vid,2025-07-07T22:25:38Z,10,1,en
UgzVlplCHG6OwWfo8Ox4AaABAg,@CrownedSnake133,Just here to say the new music drops have been fire 🔥🔥🔥,2025-07-07T21:20:04Z,1,0,en
UgxPC78XYGbPVl1XPDt4AaABAg,@Mozza_Haunts,after 10 years you finally have 26 mil,2025-07-07T21:13:25Z,0,0,en
Ugxr3thysvnQ2BkiOEp4AaABAg,@gigiwoe,As a San Antonion that could've passed for maybe outside our city like the hill countries. Thanks for giving my city a shout out though lol and any time yall come through dinner on me 😊❤,2025-07-07T20:57:16Z,0,0,en
Ugwzso4guJ_gbYJ1SJ54AaABAg,@laladieladada,i miss lui in this one. that one with lui couple years ago was just not but fun.,2025-07-07T20:53:30Z,0,0,en
Ugz0KndjaiwOirdI_v14AaABAg,@Smallthemaster,Baby tube 🤦‍♂️,2025-07-07T20:45:09Z,2,0,en
UgycZibm_FK5ZKTjfcJ4AaABAg,@stoppeur69tfc89,"4:56
Well, technically, La Réunion Island is France 😅",2025-07-07T20:34:47Z,0,0,en
UgzGxtacjkhOcRbi10R4AaABAg,@DarkangelAn0n,Did the worms video get privated? Was it because of the schedule or because of BabyTube?,2025-07-07T20:27:41Z,6,0,en
UgzePgs-DXANiuSciEh4AaABAg,@BilalBilal-j4l,Bsh😊,2025-07-07T20:17:49Z,0,0,Other
Ugy4QXlzrwb1DsmOgI94AaABAg,@BilalBilal-j4l,E,2025-07-07T20:17:41Z,0,0,Other
Ugzjv6pMwW5kaM4GBLh4AaABAg,@tobymoore231,I love how we can tell that wildcat definitely just got a GED not a high-school diploma from this video 😂,2025-07-07T19:55:37Z,3,0,en
UgyYSPaFRHbZQXHhsJl4AaABAg,@debogamingchannel9117,did they take the other video down that u just posted,2025-07-07T19:48:22Z,3,1,en
UgyC77BTiLJV1UhQGQN4AaABAg,@rikiventura1094,I was mid watch of the worms video lol,2025-07-07T19:48:16Z,7,0,en
Ugxf94qjYwIGYfbTzfB4AaABAg,@batch_2731,Commenting because the Worms Vid just got took down.,2025-07-07T19:45:27Z,2,0,en
UgycYlDOKQr2cQki-Yt4AaABAg,@ITzSnofall,20:50 WINNIPEG MENTIONED RAAAAAH🔥🔥🔥🗣️🗣️🗣️WHAT THE FUCK IS A CLEAN DOWNTOWN⁉️⁉️⁉️⁉️🔥🔥,2025-07-07T19:27:45Z,3,0,en
UgzwZiZEZo2nw1eFpVR4AaABAg,@user-yl4iq4cd1j,Knew most of these because of old school Top Gear lmao,2025-07-07T18:47:08Z,0,0,en
UgxH5pedGU9-NNfIYSx4AaABAg,@rebeccamellott4998,I love Evan's laugh 😄,2025-07-07T17:54:31Z,0,0,en
Ugyt-FeE-9h4N0u92R54AaABAg,@in-diddleydank-a-rino3703,iowa mentioned. my autistic ass.,2025-07-07T17:25:45Z,0,0,en
UgzWKQrZ0KArycCmqtJ4AaABAg,@Kurt-x8t,Watching them play geoguessr is actually super fun,2025-07-07T16:48:46Z,1,0,en
UgzGpL3ya8rTZFdFCCV4AaABAg,@rebeccapage6629,Mate I live near titty bong that’s nuts,2025-07-07T16:10:21Z,0,0,en
Ugw315QHRW9vbRAROEt4AaABAg,@bluespartan076,OMG MORON FROM GRAND TOUR MONGOLIA SPECUAL!,2025-07-07T16:07:36Z,0,0,Other
UgwczvBcqvi7IWsJuz94AaABAg,@cyanidejuicebox,3:12 MALAYSIA SPOTTED RAHHHHH,2025-07-07T15:59:01Z,0,0,Other
UgzabBmW5cedRzmXuT14AaABAg,@rei9559,20:21 kitchener mentioned‼️‼️‼️,2025-07-07T15:49:37Z,2,0,en
UgyMuh1vauzolPQOv6B4AaABAg,@MoneyChump,Who’s the new crew member,2025-07-07T15:26:42Z,0,0,en
Ugy-sXSBJV0-IgV-2xt4AaABAg,@RyanIsenor007,NOVA SCOTIA WOOO,2025-07-07T15:26:25Z,0,0,Other
UgxqfmjATvhPwA8fbW14AaABAg,@bigrat313,"As a geoguessr player, watching people who have never played before is so funny",2025-07-07T15:15:17Z,0,0,en
UgwWQXq_m2S7PMjr9nB4AaABAg,@matthewsunseeker279,16:34 That's an Argentina road hahahahaha close to where I used to live,2025-07-07T15:15:01Z,0,0,en
UgzCLQySGqkYRVuqbKR4AaABAg,@ADarkHaze,Aww lui isn’t here for random location stuff?,2025-07-07T15:05:24Z,0,0,en
Ugw8dmbhbnuk6fklCJF4AaABAg,@iron_pirate76,"as a aussie i knew as soon as i saw a ampol petrol station and wildcat said they drive on the left side of the road, i knew it was australia",2025-07-07T14:04:33Z,0,0,en
Ugz7a2SsVQFKwNNT77N4AaABAg,@chargingsloth4936,18:27 you see the Halifax bus 😭,2025-07-07T13:47:06Z,0,0,en
UgxgYX8kj0ZrR0oKZJ94AaABAg,@ykzilliw,damn,2025-07-07T13:12:10Z,0,0,Other
UgzJO_No9eUP4CMuNbJ4AaABAg,@AngelHernandez-dz9jd,👇 5:30 alright where’s my Iowan at!,2025-07-07T12:54:41Z,4,1,en
UgwdjsLHd-3brmG4KPZ4AaABAg,@jonac0426,hell yea,2025-07-07T12:34:43Z,0,0,Other
UgwIPyVtrCa8eZSzutt4AaABAg,@DarkSpyro29,"Pasta vs Rainbolt, who wins?",2025-07-07T11:56:12Z,0,1,en
UgzSBw7Ws1QP7ogf5ip4AaABAg,@sp4nn_i,13:32  ALGERIA MENTIONED RAAAAH 🇩🇿🇩🇿🇩🇿 🔥🔥🔥,2025-07-07T11:40:08Z,7,0,en
UgwT9mA1KPNAm8vWOLF4AaABAg,@mrniche_0962,Someone tell Brogla to do a better impression.,2025-07-07T11:14:46Z,0,0,Other
UgyP1JI9FuCOGtDVUEl4AaABAg,@kennethmalloy3437,"How tf is it that ive been watching old horror map videos, and recently started playing geogeussr. Then this mfer uploads a gmod horror map and a geoguesr video.",2025-07-07T10:48:46Z,0,0,en
Ugxdp0h96rGtTTXfdHJ4AaABAg,@cameron824,Where has terrorizer been?,2025-07-07T10:30:02Z,0,0,Other
UgwD4xfChACA6XM1ymh4AaABAg,@Channel_Awệsome-o6y,Daithi de Brogla is something else🤣🤣,2025-07-07T10:06:38Z,1,0,en
UgzvTo7e9Yhwd9-BUE54AaABAg,@Sanam88888,Pasta was right about the windy trees in australia,2025-07-07T09:50:15Z,0,0,en
Ugyve-xDpM4USt3IiBV4AaABAg,@Sanam88888,We have palm trees in Queensland especially Brisbane which is where u were. Or at least a suburb in brisbane,2025-07-07T09:40:24Z,0,0,en
UgynMgs_RwPwrR5PiLh4AaABAg,@jixhaha,Czech Republic mentioned😮,2025-07-07T08:49:47Z,0,0,en
Ugw1Qmdvd6ZiodMpktF4AaABAg,@jhall1859,"Wow was gonna watch, till you mentioned pasta, not today I guess",2025-07-07T08:42:02Z,0,0,en
UgyxcNPHR87lj53yMc54AaABAg,@Kazzers05,6:41 0 today tryna keep myself  clean 🙌,2025-07-07T08:28:53Z,1,0,en
UgxzX1-SlqzgBkImCON4AaABAg,@crawfisheater,🦉🖤🤍💛,2025-07-07T08:22:45Z,0,0,Other
UgyGzgJKHOLWvZMIUDJ4AaABAg,@alexanderteran9882,The Waldo at 10:45,2025-07-07T07:43:09Z,6,1,en
UgwX0YWIDFD8lYPCBKp4AaABAg,@scottbrown496,Crazy that I literally saw my home town in the Canada themed one at the end,2025-07-07T06:56:45Z,0,0,en
UgwiMQOwOq_yJXKSY514AaABAg,@brundibarz,"Jackov, Horní Police… máme ještě nějaký vtipný jména měst ?",2025-07-07T06:32:06Z,0,0,Other
UgzTwyB2PyfBZsdjIbl4AaABAg,@conradlecroy5821,This is giving me flashbacks to Escape from Kuching with Lui.,2025-07-07T05:41:24Z,0,0,en
UgwS8mbZzv54PIx3-Np4AaABAg,@6bvnz,1:14 OMG BROGLA 😂,2025-07-07T05:35:24Z,98,0,Other
Ugy7dx6s3xNCq4wIjk14AaABAg,@ellieswagger300,In my Country there was an City called Negros city,2025-07-07T04:27:52Z,1,0,en
UgzUGZK8HM_DeU6J1UZ4AaABAg,@FalkonTheGamer,of course my state has the weirdest names (gotta love arkansas),2025-07-07T04:24:16Z,0,0,en
Ugx5n3lG-mm5Ugz_FZ14AaABAg,@Yellocowboyhat,Australia! The birth place of The Big Lez Show.,2025-07-07T04:15:43Z,0,0,en
UgxO2LCuuY4TQalcbTx4AaABAg,@jamesbenson2545,They geoguessed my smol ass town😂,2025-07-07T04:11:55Z,0,0,en
Ugy7wTZzaiDdZ55hfv94AaABAg,@shynesssmith1479,13:14 WHAT!!!???😂😂😂,2025-07-07T04:07:55Z,0,0,Other
UgzoESNXn_4mdwD5qSl4AaABAg,@Bluedragon-rj2uw,Alright!!,2025-07-07T04:07:10Z,0,0,en
Ugz1twSLIXGWD0zbFL94AaABAg,@joshuarosa3283,16:20 weiner gym is crazy,2025-07-07T02:58:15Z,0,0,Other
Ugz_s3spzUVqfAon5md4AaABAg,@taylorblaney8622,As someone from Ottawa the second I saw it I said to myself “this is Evan’s moment” LMAO,2025-07-07T02:39:21Z,0,0,en
UgwIoS11TfkLn7QNY9F4AaABAg,@noah100rocks,18:30 anyone else see the bus,2025-07-07T02:37:58Z,0,0,en
UgwQLRiIYwVqHcWg0LV4AaABAg,@peytonchasten7098,I’m from Des Moines Iowa so I feel honored,2025-07-07T02:11:35Z,0,0,en
UgzZ757Vf7t0SahangB4AaABAg,@Blazed-n2s,"Below the qld/nsw border there is a town called wooden bong, someone died from food poising from a meat pie there not too long ago.",2025-07-07T02:11:32Z,1,1,en
UgzCkmVjWvC2WLgitmh4AaABAg,@healed1337,"I grew up near Sportsworld. Could fully understand if anyone from out of town doesn't know about it though. It's a theme park that closed in 2006 and has since become a retail and commercial area, mostly due to asbestos found in the vents and walls.",2025-07-07T02:11:27Z,0,0,en
UgzP_ACVxynJi3-yV0Z4AaABAg,@marcchristopherdelios1646,Banana bus era,2025-07-07T01:58:54Z,1,0,Other
UgxIhithMjsfZ-nHdQd4AaABAg,@xbillx10,the first place they go is my home town!,2025-07-07T01:58:39Z,0,0,en
Ugzsgz4Ra4-v-DXkLLZ4AaABAg,@TheSonicdavid,VIVA CHILE CTMMM !!! 🤍❤💙,2025-07-07T01:51:30Z,0,0,en
UgwlZudGjsVnjelcWYJ4AaABAg,@PRODTHEARTIST,10:29 Who is that 😂😂😂,2025-07-07T01:43:09Z,2,0,en
UgxCAqqzD0luhTLf1L94AaABAg,@tim_bomb-jr4317,Coming up on markiplier hope you make it to pewdiepie status.. plus the music all great keep it up,2025-07-07T01:28:25Z,1,0,en
UgzCBslfI3ZLZlKO5At4AaABAg,@toast_that_is_toasted_6717,15:24 cant believe vanoss missed Homer in the bottom left,2025-07-07T01:21:10Z,2,0,en
UgwvqXBhvIY_BwpgQd14AaABAg,@Indy-wv8jy,OMG CASINO MENTIONED!!!!!!! YIPEEEEE!!!!,2025-07-07T01:09:44Z,1,0,Other
UgzP6oSxkGVbZ9NNZ9Z4AaABAg,@lord_ganondorf,Pasta is not wrong about the south. My town alone has like 5 or 6 Dollar Generals,2025-07-07T01:05:01Z,2,0,en
UgypDuQuyRl7GYgAsnN4AaABAg,@Mr_Spiral.8,Image if they got that Ching Chong store even and lui found while doing that escapse frome somewhere thing. it a video TRUST,2025-07-07T01:02:17Z,0,0,en
UgzZ5seRU2CIPbRdl-p4AaABAg,@rafikicasanueva6,"10:01 CHILE MENTIONED! WE ARE THE BEST COUNTRY OF CHILE 🇨🇱🇨🇱🇨🇱(Edit: Chile is mentioned once again in 10:13 , and it appears in the game! That’s the northern part of the country (Specifically Copiapó), where is mostly desert and beach)",2025-07-07T01:01:23Z,0,0,en
UgwFVaHjioBWNYNlTp14AaABAg,@asylumbooks3406,"As a Calgarian, I fucking KNEW the exact town you had when it was the first one in Canada. I drive through there all the fucking time to go visit family back east. I’m a disappointment.",2025-07-07T00:51:35Z,0,0,en
UgxlPVC_qXw7ngeZMNV4AaABAg,@merci_745,This is something I expect famous vanoss would love to play,2025-07-07T00:39:43Z,0,0,en
UgxuYe4trJtxuvXnBUV4AaABAg,@otyri,5:20 I was not expecting to see Pella! You can even make out a banner for their annual tulip festival.,2025-07-07T00:29:22Z,3,0,en
UgyehkwNTZNO_7FnbPZ4AaABAg,@wilfridnado3123,even tho this vid sponsored please do more of these😭😭😭,2025-07-07T00:24:41Z,0,0,en
Ugxn5HqwS6r_-gGsYd54AaABAg,@Slothboy2077,"Wonder if ""ka-ching"" will make appearances 😂",2025-07-07T00:05:42Z,1,0,en
UgyKEKB_yxOfTPVK3wh4AaABAg,@js_spears8032,19:20 no way Geoguessr dropped them out at my random Albertan town 😮 I was watching and was like “This is Spruce Grove!” I live like 4 minutes away from where they are haha,2025-07-07T00:05:16Z,22,3,en
UgwL0x2AHg7tLFbC_t54AaABAg,@alexandretrudel-caron1017,They Laugh at BROGLA .. But its true 🤣 the Tree and sun is actully true small detail is the key,2025-07-07T00:04:52Z,0,0,en
UgwnTRCC8_hMorxq3G54AaABAg,@Greenboi9k,22:56 Po-op,2025-07-07T00:01:48Z,8,0,Other
UgweLkKMRr9ZR8XBUSJ4AaABAg,@Raid9990,need more brogla,2025-07-06T23:58:53Z,0,0,Other
UgyyF5GUS37wQ2pa1KZ4AaABAg,@sugariver,Note: DON'T PLAY THE STEAM VERSION. JUST PLAY THE NORMAL VERSION VIA WEB BROWSER,2025-07-06T23:43:15Z,1,0,en
Ugzf3yInPLmGQlbjkyd4AaABAg,@indeedentertainment,"15:20 This literally had me googling ""ballsack arkansas"" like: ""No way that's a real place""",2025-07-06T23:41:09Z,21,0,en
Ugw9gP9m_IVeItlsKix4AaABAg,@MetalStaup,lol I love pasta,2025-07-06T23:35:48Z,0,0,Other
UgzGqgP-iPFbdgUZn9Z4AaABAg,@bradleykrawchyk8838,20:13 This is my hometown no way XD,2025-07-06T23:31:50Z,3,0,en
UgyHE20SNX2zbnM1zRZ4AaABAg,@ZXMOAE,New zealand mentioned 🙀🙀,2025-07-06T23:27:17Z,0,0,en
UgwQXqrBDEpigy1w8q54AaABAg,@EternalAzhrei,That is NOT a bad Aussie accent from Wildcat. I felt like I was home for a minute there.,2025-07-06T23:23:31Z,3,0,en
UgzsxZlCCcEVKKKzElJ4AaABAg,@jlaws8740,"7:46

Oh hey that's in New Brunswick Canada. My home province.",2025-07-06T23:22:29Z,1,0,en
Ugw-XpEITc_VOwMLPu54AaABAg,@cameronclark6035,The ending... i live near wetwang 😂,2025-07-06T22:59:44Z,0,0,en
UgwXg8KcI4UKbPePVLF4AaABAg,@AELeibengood,How many times did you🫵 see Waldo,2025-07-06T22:47:18Z,0,0,en
UgwuZDxDbs0ezrJaOzJ4AaABAg,@joshuaodjick5087,Ottawa!!!!!,2025-07-06T22:37:47Z,0,0,Other
Ugx_kGcvxOEVYHZHE5t4AaABAg,@Payayayo,"Have a friend from “Jackov”, he was laughing his ass off.",2025-07-06T22:30:41Z,0,0,en
UgzJtee8QeIERXr59z94AaABAg,@nonameismyname5881,10:48 found waldo,2025-07-06T22:11:44Z,0,0,en
Ugy-bcJzrMJhrRfK7SV4AaABAg,@Jacob1000Electric,7:55 It's the banana bus 🍌,2025-07-06T22:04:06Z,0,0,en
Ugx0wD-U_ypEnwEe6rB4AaABAg,@weetabixharry,8:47 It's pretty sus to know Booby's Bay is in Cornwall. I know the north Cornwall and north Devon coastlines well and Booby's Bay is relatively unknown.,2025-07-06T22:03:33Z,7,0,en
Ugwhqh_RcTItHsWQIuh4AaABAg,@KaynEnjoyer99,PORTUGAL 🇵🇹🇵🇹🇵🇹🇵🇹🇵🇹🇵🇹🇵🇹🇵🇹🇵🇹🇵🇹,2025-07-06T21:49:09Z,0,0,Other
UgzhiIRYBbe7m-PFFYd4AaABAg,@BloodPact725,Brogla is back!,2025-07-06T21:47:56Z,0,1,en
UgxJ6oEAhcz08eS0vpp4AaABAg,@Izziesaloser,First time Vanoss posted before wildcat,2025-07-06T21:41:25Z,1,0,en
Ugx0-w-1Q2pFW9RUG8R4AaABAg,@Ea-nasir-mi7sf,there is a place in England Called Gotham,2025-07-06T21:21:20Z,0,0,en
Ugz2dDlLux3M7jCEu9p4AaABAg,@frankreganato6384,What’s with all the Waldo’s hidden in the video,2025-07-06T21:09:51Z,0,0,en
UgwcSNQBZzRCrWwHTv54AaABAg,@Shoakonp,Day 3 of asking for resident evil 7 part 4,2025-07-06T21:08:47Z,1,0,en
Ugxeh1VXzW1vHdl3LD54AaABAg,@Freshg6498,Is Pittsburgh and Sidney Crosby still your favourite team and player still??,2025-07-06T21:08:31Z,0,0,en
UgzY0oFFVMV8ybFiL_p4AaABAg,@barts715,EDMONTON HELL YA!!,2025-07-06T21:04:26Z,0,0,en
UgxOSJ2C27Z2SfWaxod4AaABAg,@easywillis,This video is hilarious,2025-07-06T20:58:12Z,0,0,en
UgxgN0bUAJ1q5_wmfqh4AaABAg,@sainttimotheedepercheuraun2584,"Hey, next time put a MAGA hat on that redneck pig sack of crap next time.",2025-07-06T20:44:04Z,0,0,en
UgzKl-0j3rnWzonedsR4AaABAg,@exentity2490,tf bro that random iowa one ive DRIVEN through before,2025-07-06T20:43:46Z,0,0,en
UgygfUqFRP096YQx79B4AaABAg,@You4medc2,im in nunavut rn. its pretty cold ere,2025-07-06T20:41:48Z,0,0,en
UgyaGMiwxPx1uj9Oo5l4AaABAg,@crimsonknight9673,AYE brogla lets go,2025-07-06T20:18:56Z,0,0,Other
UgwGmJqhJhavDJYdYHl4AaABAg,@RhapsodyOTS,Ffs as soon as I heard pasta I needed to click off,2025-07-06T20:05:11Z,1,0,en
UgwKGzRcdseg8uGm32F4AaABAg,@lydiaferencova9468,Czechoslovakia?  Are Americans really fkn brain dead when it comes to geography. Its Slovakia and czech republic the heart of Europe,2025-07-06T20:03:37Z,0,0,en
UgyIolzT1kDgYquV2Lh4AaABAg,@peteranongdeth6470,san antonio has ZERO mountains 😭😭,2025-07-06T20:03:01Z,0,0,en
UgxXzKE14fxK18EER7t4AaABAg,@Robo_Italianman,There’s was a place called Homer Arkansas,2025-07-06T19:59:38Z,0,0,en
UgyN0hcSCOMDJPSAPbp4AaABAg,@DOODOOMAN118,Do one with Delerious,2025-07-06T19:59:27Z,0,0,en
Ugz7ejBBNot9ZHvwVPx4AaABAg,@sznboogiexd1286,im having dejavu i swear ive seen this a long time ago,2025-07-06T19:57:03Z,0,1,en
UgzMdNEJvaGz8cm0Iax4AaABAg,@Smug_Amber,"Love the Waldo at 18:27
Also not sure how he didn't notice the ""Halifax"" on the bus",2025-07-06T19:51:31Z,1,0,en
Ugw2wilNHXH5N7ensdJ4AaABAg,@EatASnickerz,Finding Waldo in this game has the be the biggest plot twist in YouTube history,2025-07-06T19:40:13Z,15,0,en
Ugzy5AKQ-UFrTbC9BXJ4AaABAg,@zeldzamezeeslak6082,Always so fun to see Americans not knowing a single country besides America,2025-07-06T19:38:59Z,0,0,en
UgwVLOI_NJqVAKJWP754AaABAg,@stanislavmusil1386,Czechoslovakia is CRAZY,2025-07-06T19:33:53Z,0,0,Other
UgwMqNtR3TqEeru5zS54AaABAg,@aaronbloom8401,Maerk Caerney,2025-07-06T19:24:47Z,0,0,Other
UgzQdsw_TBKyW7KKauJ4AaABAg,@coltonbarnes7861,cant believe you never got dildo newfoundland lol,2025-07-06T19:24:13Z,1,0,en
Ugxeldjirp-tzYRac314AaABAg,@serafinski1,"i'm impressed that pasta guessed where booby's bay was, i've been there a few times, its a good beach when the tides out but disappears once tides fully in",2025-07-06T19:22:11Z,2,0,en
UgzOhDDc99UJlvoE_Ex4AaABAg,@mostlyheretowatch261,I’ve been to that exact save on foods lol,2025-07-06T19:19:07Z,0,0,en
UgxzH6sCy5aV3gv0qJt4AaABAg,@TR1N17TY,Hey I live exactly 1 hour and 30 minutes from weiner Arkansas,2025-07-06T19:12:10Z,0,0,en
UgyWmGdpd3IuRAPcvoZ4AaABAg,@SheHatesJacinto,i love brogla XD,2025-07-06T19:07:40Z,0,0,Other
UgzADZzppkA2Ut8kZAV4AaABAg,@shane_kai1983,I just recently found out where this sound came from 7:34,2025-07-06T19:07:19Z,0,0,en
UgxoBj9MbdifpNXvkch4AaABAg,@crazyvool9567,This is an upgraded version of having the lobster npc and an mhm sound clip,2025-07-06T18:38:32Z,1,0,en
Ugy3OQr0wndU2b_HToR4AaABAg,@frankmexes9749,Is that Andrew 😂😂😂😂,2025-07-06T18:35:56Z,2,0,en
Ugxd16dKcyceqOjWxlJ4AaABAg,@vVagabondd,We need more brogla,2025-07-06T18:25:54Z,1,0,en
Ugx6s_-pj7OSoVgM3MF4AaABAg,@purpheart990,He's getting ready to successully escape Uganda with Lui this time,2025-07-06T18:25:02Z,3,0,en
UgwTWiaO8LvgTHnppdx4AaABAg,@NateDogg7390,Lmao from Des Moines,2025-07-06T18:12:00Z,0,0,Other
Ugy-u289oPjFvQMsNGV4AaABAg,@Shroom_pizza_342,"No one:

Pasta: You sound extra Irish!...",2025-07-06T18:09:45Z,0,0,en
UgzrwqEu5IV0ZZ4OolJ4AaABAg,@SilverBlueJ,This was HILARIOUS,2025-07-06T18:07:36Z,0,0,en
UgzzFfgTxs0Ypq63SuB4AaABAg,@brunosimac7951,Do Slovinia,2025-07-06T18:01:23Z,0,0,Other
UgyVVhHgD4KOImufKDt4AaABAg,@ACE-wo3xk,"Ayoooo kerala
Edit: 14:57 that's south indian state kerala",2025-07-06T17:54:23Z,0,0,en
Ugx1qNOU4TS-FmiNvlJ4AaABAg,@darrellerrad3945,Bro please just one video without pasta cackling. Just one video please 🙏,2025-07-06T17:50:18Z,1,4,en
Ugwwv-IHo1sk4aoeCWN4AaABAg,@midnightfox7386,Bro Actually Got Kerala 14:52,2025-07-06T17:43:02Z,2,0,en
Ugxnm5vugeFNUl3Muil4AaABAg,@splitzerx570,"14:35 is by far one of the best Australian impressions I’ve ever heard, as an Australia, I swear I just served this bloke at work today",2025-07-06T17:30:38Z,33,2,en
UgxfYYlHHZRNDI9pdrx4AaABAg,@Absolutionz,We need more of this,2025-07-06T17:23:18Z,0,0,en
UgyqpDICrX5XLjFjUhh4AaABAg,@MysticalMangoMan,5:03 What's the name of this sound effect I've heard it somewhere before,2025-07-06T17:13:45Z,0,0,en
UgzHgfjFXXdYv_xf3f14AaABAg,@ohhmadara,7:34 waldo,2025-07-06T17:07:38Z,0,0,Other
UgyKPlVgwsi0GkKk1i54AaABAg,@PokeTrainerDustin,Dude I just started drinking a soda when wildcat went into the Australian accent saying tittybong 😂😂 took everything in me not to send it across the room,2025-07-06T16:58:36Z,0,0,en
UgwARJdL5lfT5F3sCLN4AaABAg,@mrjack477,as a canadian im surrprise he didnt see the hailfax bus 18:26,2025-07-06T16:55:55Z,1,0,en
Ugzh4JT6YqXgteujZTB4AaABAg,@Narwhal_Tusks,Hello from Pond Inlet Nunavut 👋😂,2025-07-06T16:44:05Z,0,0,Other
UgyN2h3f7EtIl0L5JRh4AaABAg,@_itsjaemi,Is that Andrew? Or different brogla?,2025-07-06T16:37:08Z,0,0,en
Ugz7HmK1InAl8cPsYYR4AaABAg,@rattledroar2426,Vanoss’s belly laughs in this are just amazing. I love it 😂,2025-07-06T16:20:09Z,2,0,en
Ugw2b0AvuBYUEeGE6hZ4AaABAg,@dexter_hoihoi1631,19:10 as soon as i saw the traffic lights after the rail road track i recognized it. That is in Spruce grove outside Edmonton. Pasta was right,2025-07-06T16:12:49Z,0,0,en
Ugys1XlYzcNYDcT_JUR4AaABAg,@awfulwaffle0145,Bro I instantly knew this was spruce grove at 18:50,2025-07-06T16:06:14Z,4,0,en
UgyWHbOl5tf9Ri_rFa54AaABAg,@chayvr,this video is peak,2025-07-06T16:04:56Z,0,0,en
UgxnKlY-RQGmJyI2nRl4AaABAg,@Ma3lstrom21,Second one was Malaysia. an airport somewhere,2025-07-06T15:43:00Z,0,0,en
UgxUUbhipgYtRXCeexV4AaABAg,@long_jontaro_silver,"I'm not from Nunavut, but I've been there for work 😂",2025-07-06T15:36:48Z,0,0,en
UgzXBlv7OSHqawwrlu94AaABAg,@Cameron-v6o,DES MOINES MENTION!,2025-07-06T15:29:20Z,0,0,Other
Ugw9OT9wzcAwVrZgr_F4AaABAg,@twistvaldez,Im down for more Bro-gla cameos,2025-07-06T15:23:06Z,0,0,pt
UgzYlQgHoOiqids2tRd4AaABAg,@NavyHound31,Some where in China I think the is a place called EMS Fire Cum or something like that,2025-07-06T15:22:54Z,0,0,en
Ugzb_BEc4LngIkWTC8B4AaABAg,@Le_Fenix,Can’t believe they put Parliament Hill in this game,2025-07-06T15:11:59Z,2,0,en
UgwKnPIvy9Q8TSAGMUt4AaABAg,@DreuxC,When we playing liars bar again,2025-07-06T15:10:16Z,0,0,en
UgytBXVgmKFKEq4a9n54AaABAg,@azuli8016,bro Tyler's aussie accent is perfect 😂,2025-07-06T15:10:04Z,0,0,en
UgxSXYbw7pYSemsVFFd4AaABAg,@kirkmineblox3065,Was not on my bingo card,2025-07-06T15:08:54Z,0,0,en
Ugym49uIzvqWGAOm-3p4AaABAg,@SuperThunder,LETS AGAIN START TO PLAY HEROES & GENERALS WW2  REBORN 2025 !!!  :)),2025-07-06T15:07:50Z,1,0,Other
UgweaMa7Yuxxobxu_AZ4AaABAg,@buddy3119,"""they dont have palm trees in Australia"" my dad has palm trees in his back yard",2025-07-06T15:04:58Z,0,0,en
UgxG6PnUoSh2_Uz2QO14AaABAg,@stickykeys7413,12:54 i love wildcats impression 😂 hard to breathe now,2025-07-06T14:59:57Z,49,0,en
UgxzW3VUK3tdHIZJGAF4AaABAg,@headhunter2078,I like how they didn’t notice the bus that said Halifax on the side of it,2025-07-06T14:52:28Z,0,0,en
UgyfDuoCujQZ7D3WDrZ4AaABAg,@riotman4350,"pasta's Cornwall guess was awesome, i was thinking there or plymouth or someplace similar",2025-07-06T14:51:51Z,0,0,en
UgwNwQHyPoTZnGLI1OZ4AaABAg,@sk8r500045,17:24  “you’re a gay.”,2025-07-06T14:48:17Z,0,0,Other
Ugwu46rIIonOQghQ8yF4AaABAg,@ViciousTony,can we play together?,2025-07-06T14:41:45Z,0,0,en
UgxOq7--yRZhBE96Pup4AaABAg,@arduousjaymac,The guys say something funny now and pasta just ruins it by laughing or talking,2025-07-06T14:36:13Z,0,1,en
UgwiWlTWeC913l96A8J4AaABAg,@m4rshiim4rshii,"10:01 PORTUGAL CARALHO
BASED PASTAAAA",2025-07-06T14:12:00Z,1,0,Other
Ugzy8IPRj4SqOuHrNCR4AaABAg,@ZiroZenStudios,"7:30 I knew immediately that Sackville had to be somewhere in Canada because that same sign denotes that it’s a Via Rail station, which is Canadian.",2025-07-06T14:09:10Z,7,0,en
UgwbY-weS5NFlJQSqYt4AaABAg,@JustSomeDog,literally the edmonton place is where i get groceries. they are building a train right outside of it which is cool to see,2025-07-06T14:05:26Z,3,1,en
Ugw1oRI7Vv4BvvAazS14AaABAg,@MUGGZY1,18:27 it literally says Halifax 😂,2025-07-06T14:05:04Z,1,0,en
UgxO21t4T3CYTXglTXh4AaABAg,@ACMEplayer,13:28 😭😭🤣🤣,2025-07-06T14:02:37Z,0,0,Other
UgwtWiim3fegiHZFEUd4AaABAg,@matthewkeefe3009,This is without a doubt the funniest geo guesser video I have ever seen 😂,2025-07-06T14:02:25Z,0,0,en
UgywLQUupPcMu39BxVl4AaABAg,@talalalk1697,Perfect video,2025-07-06T14:02:09Z,0,0,Other
Ugxda41TUXJcTE0sBdp4AaABAg,@zachrenshaw4531,13:14 YESSSSS TITTYBONG NORTH VICTORIA MENTIONED,2025-07-06T13:58:54Z,72,0,Other
UgzgQEs7fBfWOBFCJjx4AaABAg,@tinstah810,Whys pasta actually good at geoguesser,2025-07-06T13:58:38Z,0,0,en
UgwLb7YgIZIafVVNvul4AaABAg,@jadeclavel393,I immediately knew where they were in mtl when I saw that Casablanca. Laval Babyyyy,2025-07-06T13:51:43Z,0,0,en
UgwVoDz1YXgC2jN_VNp4AaABAg,@rabino560,But vanoss what about your Google adventure you been training for this,2025-07-06T13:48:52Z,0,0,en
UgzSRgc8wYe0aAgvenR4AaABAg,@jackbeattie2885,"Wildcats Aussie accent is amazing, one of the best I've heard!",2025-07-06T13:37:10Z,0,0,en
UgzGW2sypW--RMcAEJZ4AaABAg,@CallMehNova,Faux-gla,2025-07-06T13:35:04Z,0,0,Other
UgyvvT1L2ASAEnAVCox4AaABAg,@3110brot,Algeria is a real place tyler 😔,2025-07-06T13:31:37Z,0,0,en
Ugx3TZetXUFws70MJkh4AaABAg,@braydonwegrzyniak,"As an Australian myself, I can confirm we do has some strange, funny and questionable names",2025-07-06T13:28:55Z,0,0,en
Ugzkx5ONh5OKkVPTAY54AaABAg,@Freshg6498,I was adopted from Iqaluit!!,2025-07-06T13:18:58Z,0,0,en
UgyMYu8tKM8SfQg_g3Z4AaABAg,@awestruckcardboard3431,Geo,2025-07-06T13:15:21Z,0,0,Other
UgyRqS1jiY0IVG2wD8F4AaABAg,@zzboy4976,Do more of them so funny 😆,2025-07-06T13:05:34Z,0,0,en
UgyLgCYh1fr1lgq4G_R4AaABAg,@bradygoldblatt560,Bro got sponsored and didn’t even get a pro account 😭,2025-07-06T13:04:45Z,0,0,en
UgyyGOtptuSN4vL0b2t4AaABAg,@frankenjoos,Took me a minute to figure out which brogla was playing,2025-07-06T13:04:01Z,0,0,en
Ugww5nY_g65S4eFh6cF4AaABAg,@AnaKa2019,"Ah yes, the spiritual sequel to ""Dude, I'm Not Lost!""",2025-07-06T12:57:02Z,1,0,en
UgxZSCIHzImVTfIO9SZ4AaABAg,@michaeldelawarr490,Love tittybong,2025-07-06T12:55:30Z,0,0,en
Ugxv509qV6jGVsEDqyZ4AaABAg,@depressingNicolai-sv8ky,"MORE BROGLA, HE IS SO MUCH MORE FUN",2025-07-06T12:54:33Z,0,0,so
UgwBZ9O_KDsSXB8HfS14AaABAg,@nicholasconnolly4234,Wildcat's bogan accent was on point.,2025-07-06T12:43:08Z,0,0,en
UgxfXho9NVadx9KuVdZ4AaABAg,@NewWAyIn683,"nobody heard brogla pronouncing uruguay as ""you are gay"" at 17:24🤣🤣🤣",2025-07-06T12:40:38Z,0,0,en
UgwkdRvJaoEPJslCtHN4AaABAg,@NewWAyIn683,i am wildcat's aussie accent is on point 🤣🤣🤣🤣,2025-07-06T12:35:21Z,0,0,en
UgyFr_WpnO__YRo2aE14AaABAg,@adamkaszynski6061,"The energy in pasta's voice when she said ""SACKVILLE!"" XDD",2025-07-06T12:34:03Z,0,0,en
UgzXwS2JZRIjQ8WY3xZ4AaABAg,@Xancisco,We all love Brogola,2025-07-06T12:27:43Z,0,0,Other
UgzoRiFmJPDVSwKmYmR4AaABAg,@darkclown402,"When Pasta said ""This is Evan's house!"" I was like: ""I'd be surprised if he had a concert venue in the basement where he performs as RYNX!""",2025-07-06T12:18:03Z,0,0,en
UgwDFva4zV9AflSVUxZ4AaABAg,@echovibe288,"You'd be surprised how many countries have English as a main language, like half of Africa speaks French.",2025-07-06T12:01:00Z,0,0,en
UgwnTAuvitM1BEsvC1h4AaABAg,@ImpossibleTaskLive,so yall dissing my hometown Jackov?,2025-07-06T12:00:18Z,0,0,en
UgwVNtKM5tjHni90STl4AaABAg,@AngryCanine,"Sackville is just down the road, when you live near a place with a funny name like that you don't exactly see it as a funny name really. 

Also its in New Brunswick not Nova Scotia",2025-07-06T11:58:43Z,0,0,en
Ugxex3tuSaa0a33TE594AaABAg,@bittelerrora3957,this video is the most representation for argentina i've seen in the last couple months,2025-07-06T11:55:50Z,0,0,en
UgwgxAclTkOrGIJcVT54AaABAg,@douglaslewisswanson7859,Wow 2 times now vanoss is on gaming trending,2025-07-06T11:52:38Z,0,0,en
Ugyu58-8CKFWyC7M8XB4AaABAg,@Lordrightnut547,We are so back aging aging aging aging aging aging aging aging aging aging aging aging aging aging aging aging aging aging aging aging aging aging aging aging,2025-07-06T11:50:45Z,0,0,Other
UgzZch3AlS-7FYhczGh4AaABAg,@Ungifted_07,18:30 Vannos tryna guess south ontario with a HALIFAX BUS RIGHT THERE,2025-07-06T11:49:08Z,0,0,en
UgznhpSOVK-z2liMRPx4AaABAg,@egghead4k,WINNIPBEG MENTIONED RAHHHHHHHHHHHHHHHHHHHHHHHH,2025-07-06T11:40:59Z,0,0,Other
UgzlKdqsVfxdS3zjzbN4AaABAg,@RyanFennec,"8:30 thats funny, i go there for a walk a fair amount xd",2025-07-06T11:32:35Z,0,0,en
UgyP4hXe3l_op0XExtZ4AaABAg,@hayleyknowles916,I actually love Wildcats Aussie Accent during the Tittybong round. 🇦🇺🇦🇺🇦🇺,2025-07-06T11:32:16Z,0,0,en
Ugy4KiPY99bajAm3lod4AaABAg,@EvenlyDay,4:56 we used to be LHT but not anymore.,2025-07-06T11:28:44Z,0,0,en
UgyWWQ8UUbtEHUt6_wx4AaABAg,@juanitooo210,12:36 SAN ANTONIO MENTION!!!! RAHHHHHH ❤❤❤ 210 TILL IM DEAD,2025-07-06T11:28:05Z,9,0,en
UgyL3HtNjj0qmcn3RUZ4AaABAg,@NahidaLover3000,I used to live at 3:36 that's actually insane seeing this in one of his videos 💀,2025-07-06T11:27:20Z,12,1,en
UgwdHnqkEtwGxjreV6h4AaABAg,@marcus716,10:02 😂,2025-07-06T11:23:48Z,0,0,Other
Ugwwg0ZEd1r4VA4RKe14AaABAg,@marcus716,6:19,2025-07-06T11:18:52Z,0,0,Other
UgyjqPLcjhoi4eMnki94AaABAg,@Nanuk-Owl-ny2,"Wow Im From NunaVIK its slightly closer to the city on montreal, but still in the arctic circle, Nunavik, Ivujivik Quebec Canada, and i am an inuk been watching since 2010, witch is insane to me that ive watch every one of your videos.",2025-07-06T11:01:35Z,0,0,en
Ugx8S7RYGNGI4Zv_v_54AaABAg,@Myšutr_cz,"As someone that is from Czech Republic, yes its real and also we like metal music just like Norway",2025-07-06T10:55:45Z,0,0,en
Ugy9pRW4q7982HbLMXl4AaABAg,@NrgRichardVrYT,Hey am from nova Scotia,2025-07-06T10:42:48Z,0,0,en
UgyEyOYwPMwk-5niK394AaABAg,@darkesoul,"love when pasta was ""right on the wiener"" by the purple heart sign :P",2025-07-06T10:36:39Z,0,0,en
UgwH4CVMd7RGpaFgcut4AaABAg,@GGallin731,I love how logla got his brother to play for him😂😂,2025-07-06T10:35:07Z,0,0,en
UgyawfmLhK9bTaOqFAh4AaABAg,@connorsmity2686,Shoutout Ottawa,2025-07-06T10:33:55Z,0,0,en
Ugyw9VOuFK58jhHCoU14AaABAg,@SmilinAssassin,"As soon as i saw the cars at 3:20 knew it was somewhere in aussie, and like Pasta said for the one at 13:20 the trees, roads and the landscape was again somewhere in aussie.",2025-07-06T10:31:36Z,0,0,en
UgwktOYOm9KL1G1KRCd4AaABAg,@lxnavs,"1st round there was a Canadian street sign

A yellow and black checkered sign means ur in Sask or Alberta",2025-07-06T10:31:30Z,0,0,en
Ugwgwymt-gng4DAOE9x4AaABAg,@ThatsBitFunny,Please post full video on extra channel,2025-07-06T10:30:30Z,0,0,en
UgyW6990q1Xog4elZLt4AaABAg,@Dion-Ken,"That first Australian Location is ""Casino NSW"" I used to live near there and work there. It's a very Meh town, But the region is beautiful.",2025-07-06T10:26:09Z,1,0,en
Ugw97OJwJmKsZ9P-dHx4AaABAg,@bingbong-m7m,More geoguesser bro you’re retarded😂😂 we love it,2025-07-06T10:24:51Z,2,0,en
UgziLUp7vfEyfTtB0Hl4AaABAg,@gokujerry,bro just casually in town XD gleichen alberta,2025-07-06T10:23:56Z,0,0,en
UgxtEM502qsvoOPJLHZ4AaABAg,@MeThorvald,"I did not watch whole video yet, but I can already guess that viewers from Czechia and Slovakia are going to be upset about ""Czechoslovakia"" from 7:19 :P",2025-07-06T10:22:33Z,3,0,en
Ugzv-PDJAIfru47Sr4B4AaABAg,@ZambieHunter2580,"I can totally see Vanoss getting into his Geoguesser arc and becoming really good at it, like those other random games he's pro at like Shotgun Farmers",2025-07-06T10:21:36Z,9,0,en
UgzT_jVC6UztlC0go4Z4AaABAg,@barts715,Actually so proud Pasta and Wildcat thought of and knew what Alberta is! Represent!!!,2025-07-06T10:16:50Z,0,0,en
Ugzk0X4etgH0CZhGwQF4AaABAg,@Ryno17,Hey I went to Ampol today,2025-07-06T10:15:09Z,0,0,en
UgzGud1kYY9nKHAwBBt4AaABAg,@MojtaAS,pasta is geo guesser god are we sure she doesnt have a degree in geography and not nursing XD,2025-07-06T10:14:48Z,0,0,en
UgzjB6KuSIUMJX6n00h4AaABAg,@ansonshrestha3646,"That is actually such a fire youtube channel, Brogla. It would go so hard man!",2025-07-06T10:13:42Z,0,0,en
Ugy5O3nRfs1G-og0Hst4AaABAg,@luna_macaroni,CZECHIA MENTIONED 🇨🇿🇨🇿🇨🇿🇨🇿🇨🇿 JACKOV,2025-07-06T09:42:45Z,0,0,en
Ugxl1Jo7UEiMrpMVG9F4AaABAg,@chruuust69,This hurts to watch as European,2025-07-06T09:38:12Z,1,0,en
UgzmMrb8xDnxcg0d0wt4AaABAg,@simonblichar1092,As a Czech idfk how i didnt reckonize jackoff😭,2025-07-06T09:37:28Z,1,0,Other
UgyLkp0xpJ_pMw6tHbx4AaABAg,@GreenEggzGaming,There’s a place in Perth called Cockburn. Good place,2025-07-06T09:34:49Z,0,0,en
Ugxm-uVTBDpdaktBQIt4AaABAg,@Ankaration,Waldo showing up randomly is so good 😂,2025-07-06T09:29:01Z,0,0,en
UgxMRGEXcJoEVZkj3NN4AaABAg,@TarantAbyss,Even though I did know his brother was replacing him but I wasn’t looking at the screen and literally thought “damn he sounds intelligent today”😂,2025-07-06T09:19:31Z,0,0,en
UgwANamjHDoAvYBTnjh4AaABAg,@HitmanKillsYou4,"My head snapped to my monitor so hard when Pasta went ""this is god damn Iowa..""",2025-07-06T09:19:29Z,0,0,en
UgyhDoCBMVsxYAS3Iil4AaABAg,@Xenomorphdiddler,"As a Czech person
You bunch are very retarded",2025-07-06T09:10:37Z,0,0,en
UgyILP2sTHvb9XcaiR14AaABAg,@Daniel22208,13:15 In the Uk there is a village called cockshutt,2025-07-06T09:08:27Z,0,0,en
UgzmnT1e6bsZ9QUJz1B4AaABAg,@TwitchCreator-s6p,BROOOOO WE NEED MORE OF THIS OMG LOL,2025-07-06T08:59:33Z,0,0,Other
UgwgqIhNxixDV25aLaF4AaABAg,@zikrizikai3422,"3:10 Australia 🤯 HOW?!
Oh that a cut😅",2025-07-06T08:51:48Z,0,0,en
UgyPbtqNwDpMio4VnPh4AaABAg,@Rolex0277,This has honestly got to be one of the best videos I've watched in months 😂,2025-07-06T08:49:20Z,1,0,en
Ugyc_HCjeuRJC2Ox8vZ4AaABAg,@JDYT6969,15:22 I could see Vanoss going to Homer just cuz it’s called Homer,2025-07-06T08:46:23Z,0,0,en
UgwXze8QlMgiFFzRN2x4AaABAg,@SurgeDashcam,I love how Waldo was just hidden around acorss the video. Put your waldo time stamps below.,2025-07-06T08:45:12Z,0,0,en
UgwKuMdFfglKgGBOOgt4AaABAg,@Svoboda-1918,7:25 ..........we are Czech Republic guys/ladies come on 😅,2025-07-06T08:44:55Z,45,1,en
UgwrNxKe6FoxltH2u_h4AaABAg,@user-fl7vm6zl6h,Honestly a very good accent mimicry from wildcat. Especially the way he said tittybong.,2025-07-06T08:43:01Z,0,0,en
UgwIGYrdAIPJJt9tw3x4AaABAg,@WildWhaloh,IOWA MENTIONED!?!? WTF IS CLEAN WATER,2025-07-06T08:42:12Z,0,0,Other
UgwMUOLDd5uTdW7MdpR4AaABAg,@retrobat1631,6:35 3 Times.,2025-07-06T08:33:56Z,18,1,Other
UgzKG8cK_bHoVckPLIh4AaABAg,@NBLT-rk6lp,"1:24 That ""accurated to the pixels"" Pasta Model's Hand is just *chef kiss"".",2025-07-06T08:33:07Z,3,0,en
UgxBhQG_gkDCuCEDYGZ4AaABAg,@MotoExplorer1,THATS ACTUALLY CRAZY YALLS FIRST GEOGUESSER IS NEAR WHERE I LIVE😭😭😭😭,2025-07-06T08:31:55Z,0,0,en
UgyYPcH1hOf3Z3okGnB4AaABAg,@cyriell,Isnt geoguesser a free game? Like a browser game?,2025-07-06T08:30:34Z,0,0,en
UgwhzqTdkxQOsOQ6XJl4AaABAg,@rommelahorro4210,you need to upload an uncut version of this please,2025-07-06T08:06:30Z,0,0,en
UgwYbhDUjtr0nHswlj14AaABAg,@adam33333-d,brogla enjoyer,2025-07-06T08:03:04Z,0,0,Other
Ugyw_ml0OzhHHW8Iu0R4AaABAg,@clowneggion,Pasta immediately clocking Fauxgla and then continually having extremely specific knowledge about various environmental clues the whole time is crazy,2025-07-06T08:01:53Z,13,1,en
Ugy02U24yWlcdThBa8p4AaABAg,@miguelvillanueva6542,0:54 haven’t heard Vanoss laugh that hard in a long time. There’s other times where he’s laughed similar to that also but it was just in that moment where he lost it lol,2025-07-06T08:00:39Z,645,2,en
UgwFUkLRgPia_K1tnjp4AaABAg,@sleepyhead7420,Brogla's first starring in a Vanossgaming video!! :D 😊 😆,2025-07-06T07:59:51Z,1,0,en
UgyQnEOAeBojEyz1EQN4AaABAg,@nooneisaround,6:36 7,2025-07-06T07:59:33Z,0,0,Other
Ugzd-CoO_H0HLSOeKFd4AaABAg,@kaecarter7116,Finally vanoss plauing geoguessr,2025-07-06T07:56:41Z,0,0,en
Ugym2ZsTNjrbYLxadIB4AaABAg,@dorianlalsangmawia2759,Y’all should do a Gta 5 geoguesser,2025-07-06T07:54:32Z,0,0,en
UgyNaY0nb4KYGC9EioV4AaABAg,@TraackzYT,this is probably the funniest sponsored video in the history of ever,2025-07-06T07:53:55Z,0,0,en
UgwFz7zu_tC5mhCxRDx4AaABAg,@carodejhonikulhonimir,Czech Republic mentioned RAAAAHHHHHHHHH 🦅🦅🦅🦅🦅,2025-07-06T07:52:24Z,0,0,en
UgwFIyrAvV2v8RnYGjB4AaABAg,@TalkinSushi,Alright the fact brogla has been right about where the hemisphere is is insanity bro😭,2025-07-06T07:50:55Z,0,0,en
UgzZa1lCbflpVipFW6J4AaABAg,@titandovikan8392,The day gta 6 will come out vanoss crew deserve early ACCESS WITH A roles royce to accompany them to their house to their computer yes the roles royce will crash and climb the stairs to there room,2025-07-06T07:46:49Z,0,0,en
Ugzbe69y24AwIy1WKxt4AaABAg,@Hussain_Merchant,20:00 bro I live in Edmonton 😂😂,2025-07-06T07:43:27Z,0,0,en
Ugy3uRFXtYHcBmkWWDJ4AaABAg,@N30cheetos,ello,2025-07-06T07:42:50Z,0,0,Other
UgwueoteMLa-BNSu3fl4AaABAg,@Kyleharris1203,I guessed every in Australia.,2025-07-06T07:42:30Z,0,0,en
Ugxsgt4AbMCT0sTKq4p4AaABAg,@TalkinSushi,"9:42
some random gyroscope: Pizza mozzarella pizza mozzarella",2025-07-06T07:40:33Z,0,0,Other
UgxIqOBzrYqUN36z48B4AaABAg,@XxSarahAnneXD,"15:21 bottom left, Homer in Arkansas 😂",2025-07-06T07:39:23Z,2,0,Other
Ugx1D5RrSi40Ehvn2MB4AaABAg,@iGtPowerr,My car was parked in the last round😭,2025-07-06T07:38:24Z,0,0,en
UgwqN2MzstPus5pQuPN4AaABAg,@JohnMacGregor-xf5ck,No way does the Vanoss crew stumble upon the Czech village of Jackov💀💀💀,2025-07-06T07:36:53Z,0,0,en
UgwxW3q50Bv340vEuWZ4AaABAg,@timothywells7305,My hometown 😏 5:36,2025-07-06T07:33:53Z,2,0,en
UgwRNSFjOS13_gv0nQZ4AaABAg,@bladeandprecureoduncu8357,7:00 🇸🇪: we know 😅,2025-07-06T07:33:20Z,16,0,Other
UgwLnMQDguEyz-4A4O94AaABAg,@maixyt,"I love the new variance in appearances, brogla is great, and pasta is a perfect more permanent addition",2025-07-06T07:24:52Z,2,0,en
Ugw8kzl08fl6t6SfCKp4AaABAg,@jpkral,"As a Czech citizen, I'm insulted and laughed when Pasta said my country was not a real place xD",2025-07-06T07:22:54Z,0,0,en
UgzDVHhiYk0VWwdfU0Z4AaABAg,@lickilicky64,"gotta say, Pasta has been an amazing addition to the group. She's hilarious",2025-07-06T07:21:11Z,0,0,en
UgzKMPKlaYkuTpX44H94AaABAg,@oddisee7105,GeoGuesser and no brine? Am I dreaming?,2025-07-06T07:17:43Z,0,0,en
UgytDEfkkLBOR3E3Zzx4AaABAg,@puzzleddarkness,brogla blends in with the vannoss crew synergy,2025-07-06T07:16:29Z,0,0,en
UgyyGiOFof3dW8URIbJ4AaABAg,@level20eevee75,"Fun fact: there are two places in denmark, when translated, is called Darkness, and another, more popular, Intestine.",2025-07-06T07:14:41Z,0,0,en
UgwH81runfUER5T7T094AaABAg,@BANANAFREAK212,Shouldve did Ireland 😂,2025-07-06T07:07:17Z,0,0,en
UgzrKchNwVKKaWdxkat4AaABAg,@lockdown142,"Nunavut is over 808 thousand square miles with a population of under 40 thousand people. Not including Antarctica, it is the least densely populated major country subdivision.",2025-07-06T07:04:25Z,0,0,en
Ugw53cyGQYn2Y7mNXWp4AaABAg,@jerryhernandez7740,Sanantonio mentioned!!!!!!,2025-07-06T07:02:22Z,0,0,Other
UgzzqKCJ0elhjRDY3kN4AaABAg,@ImaqPilakapsi,I’m from rankin inlet Nunavut,2025-07-06T06:56:59Z,0,0,Other
Ugzgs3CkpQmffrlYPJJ4AaABAg,@Yo_t,22:39 nooner right here 🙋‍♂️,2025-07-06T06:56:02Z,662,5,Other
UgyHO0PXygKVd3Dr6eV4AaABAg,@Bravo_pov,anyone see waldo at the end?,2025-07-06T06:55:36Z,0,0,en
UgyNrCDbO0xEKx3P0u94AaABAg,@fatface2911,"there's a video of some guys driving out to tittybong, it's most famous landmark is a dried up waterhole",2025-07-06T06:55:29Z,0,0,en
UgxCciCIW5YhZNuYpP54AaABAg,@bobdylan1268,this pasta person has ruined my childhood videos i can’t even watch these anymore:(,2025-07-06T06:55:06Z,1,1,en
UgwE396pOVzLJGgzlQ94AaABAg,@gaelparra9801,I love vanossgaming and the crew😂😂😂,2025-07-06T06:54:02Z,0,0,en
UgxK_bAIJxEue7aE3iB4AaABAg,@JXNKYFB62,Now you gotta put that old dude on every video 😅😅😅😅,2025-07-06T06:53:39Z,0,0,en
Ugwm1bJx1uoOoNVWDGd4AaABAg,@navsheik,Funny video lmao,2025-07-06T06:53:14Z,0,0,Other
Ugzf9x4Z9wKPc8qcu0R4AaABAg,@G0OGLE-p3o,I'm from nunavut 👋,2025-07-06T06:51:58Z,0,0,Other
Ugyh-9vDUptmQcxA8vt4AaABAg,@nicolerobertson5786,"Let's agree, Pasta is like an emo hello kitty that doesn't know how to pronounce fish",2025-07-06T06:48:51Z,1,0,en
UgwWhpf3Y1W6bqzDeQh4AaABAg,@sparkz_064,"As a Canadian, i can relate to vanoss in geography 😅",2025-07-06T06:45:28Z,0,0,en
UgzzRDUSTF_eiq3CTUd4AaABAg,@Ascylian,Saw the ampol fuel station and immediately said australia.,2025-07-06T06:43:40Z,0,0,en
UgytVIgP6sG2eisTiSx4AaABAg,@ryanfurey7703,Does Brogla have a YouTube channel?,2025-07-06T06:38:54Z,0,0,en
UgxAnwkUE52QaaRMIVh4AaABAg,@MorgFlame,"Ngl I really admire pasta these days, wasn't so keen for her to join the crew but this was hilarious in this one 😂😂",2025-07-06T06:31:25Z,2,0,en
UgzTii27tXIyBD7qtgN4AaABAg,@bluesupersoldier5188,the bus said Halifax lol,2025-07-06T06:30:56Z,0,0,en
UgzhU7GyCK6sqALtNvh4AaABAg,@table147,15:02 YOOOO! ive literally got a friend who's from wiener arkansas!!,2025-07-06T06:27:54Z,0,0,en
Ugy-1aUeJ_dBZel37NV4AaABAg,@danielscott177,"Actually place names in Australia 
Bumcooler Flat
Boing Boing
Eggs and Bacon Bay
Boobs Flat
Useless Loop
Yorkies Knob
Cock Wash Creek",2025-07-06T06:26:49Z,0,0,en
UgyMpf0twgteb16aA_B4AaABAg,@sethhartsook2127,the beginning sounds sponsored wtf,2025-07-06T06:20:52Z,0,2,en
Ugx22QxMCZVH-9jTF1l4AaABAg,@adoringfan1924,Honeslty would watch yall do this again 😂,2025-07-06T06:17:13Z,0,0,en
UgxFWNeMtWKWh2Uv6NF4AaABAg,@Biloisgoated,Zi8zag should watch this video,2025-07-06T06:15:20Z,1,0,en
UgwMRe0MQEsD4dj3Z8F4AaABAg,@pjaysonic5364,7:34 I saw that fucker!,2025-07-06T06:14:00Z,0,0,en
Ugw4yhIs5B1hdWnw3A94AaABAg,@franklinphung7127,21:07 crazy to see my childhood city newmarket in this video,2025-07-06T06:07:37Z,0,0,en
UgyLvfvrkEd-MSxwTZN4AaABAg,@Vaccus_,Restart your computer or get a desktop,2025-07-06T06:07:31Z,0,0,en
UgyLbuPQRC6x_ZajbU54AaABAg,@ImVerySerious,10:16 I laughed way harder than I should have at “graham canyon”,2025-07-06T06:05:43Z,3,0,en
UgwHn2RdizlkKE2R_N54AaABAg,@Thatoneguycohen,5 hours dawg,2025-07-06T06:01:33Z,0,0,Other
UgxkfKpxaPLUmZSGUSJ4AaABAg,@BrentWilson07,Lmao Brogla picked a place right above my hometown in Nunavut 😂,2025-07-06T06:01:30Z,0,0,en
UgyNetxYxdywvgmMx894AaABAg,@blank3041,"Near where i used to go to school there was a ""Butts"" street",2025-07-06T05:59:59Z,0,0,en
Ugwzdy6lrOM-zPQufmJ4AaABAg,@fatalentityx6540,We getting old just yesterday I was watching wildcat when I was in freshman year love you guys ❤,2025-07-06T05:57:38Z,0,0,en
Ugx8mYoad3BgvrlGMPd4AaABAg,@Dire_Wolf117,Not the brogla  from the Sniper Elite: Nazi Zombie Army 4 vod with Soup and Wildcat I think.,2025-07-06T05:57:24Z,0,0,en
Ugzh7KrCg4phViI3Mid4AaABAg,@EGGROW1,Was the thumbnail a joker reference?,2025-07-06T05:57:12Z,1,0,en
Ugx7GtJ_fGUVi0EfhZ14AaABAg,@SaultyG,15:20 !! HOMER bottom left. No way they missed that!,2025-07-06T05:56:59Z,0,0,en
UgxayaE5l-P8PjHkptF4AaABAg,@JosefJoura,"Ah yees, Czechoslovakia that don't even exist anymore 😂 btw we have here a place called Horní police 😂",2025-07-06T05:56:11Z,0,0,en
Ugy5XmPF7CBW7kemAbZ4AaABAg,@andrewmackay6873,Andrew diffs David,2025-07-06T05:54:15Z,0,0,Other
UgwT9ZoNfSTGcshj7HF4AaABAg,@MrChaff1,AMPOL mentioned 🗣️🗣️🗣️🗣️🇦🇺🇦🇺🇦🇺🇦🇺🇦🇺,2025-07-06T05:54:03Z,0,0,en
UgyCbVDbxD5WmYv-nch4AaABAg,@postaldude1946,"As someone like me who lives in Arkansas, I can confirm these locations are real",2025-07-06T05:50:06Z,0,0,en
Ugw5al3vuPKPcc-C_Ph4AaABAg,@velear7,7:28 points away from the canadian cousin for not recognizing via rail... sad days upon us,2025-07-06T05:46:24Z,0,0,en
UgzelzFqd7a-5Q7bMVp4AaABAg,@someguywhoislame8972,We have officially seen it all,2025-07-06T05:45:07Z,0,0,en
UgzHsxlAMhBpR9P_A2F4AaABAg,@nerdquontics684,19:20 hey thats the save on in spruce just off 16 A and century rd,2025-07-06T05:44:58Z,0,0,en
Ugy7RYEbssKqDOTlgwN4AaABAg,@LowQualityPigeon,7:34 that's creepy,2025-07-06T05:44:24Z,0,0,en
UgzlH83DKpMIKVZN9kF4AaABAg,@devvy_,✨naurrr✨,2025-07-06T05:44:11Z,0,0,Other
UgxVRE22V3NAeDMLFYx4AaABAg,@infernowolf05,I saw tittybong and instantly went “oh yea Australia”,2025-07-06T05:42:58Z,0,0,en
UgwokbEaPGI0gVJKdO54AaABAg,@samcalibre6836,I love these type of content haha. Keep it up!,2025-07-06T05:40:32Z,0,0,en
UgwemWjUNyfus3mPU1V4AaABAg,@ZayS2MK,12:47 Letsss gooo San Antonio Tx mention 😂😂😂,2025-07-06T05:35:08Z,7,0,en
UgwYVz8YODlxU3Tm6EB4AaABAg,@envar1,I’ve lived in southern Ontario my whole life but I know Quebec and Alberta when I see em,2025-07-06T05:30:21Z,0,0,en
UgxY00RwO4p8czKNuSx4AaABAg,@rebb9890,"The closest ""Escape from Kuching"" we can get at all",2025-07-06T05:28:31Z,0,0,en
UgwRHuo6SQ6tZINYLK54AaABAg,@caydenkong6186,3:11 thats my airport wtf,2025-07-06T05:26:42Z,0,0,en
Ugx-QZ4eg0k1GSBeGxB4AaABAg,@holyherpaderp3435,100% want more brogla content,2025-07-06T05:26:32Z,0,0,en
Ugx6A_VyFoKHWkP8TC94AaABAg,@theend8542,Honestly Geoguessr seems like the kinda game Vanoss would become extraordinarily good at for no reason.,2025-07-06T05:20:54Z,0,0,en
UgznMSgzYaFG3RNzfRN4AaABAg,@haydenbatt,Iowa on top 🫡 5:07,2025-07-06T05:19:53Z,6,0,en
UgxcyIONmJhYQ9HWjkh4AaABAg,@blazingblackness4442,"15:23 Can't believe you guys didn't see ""Homer, Arkansas"" in the bottom left.",2025-07-06T05:18:45Z,0,0,en
UgzpylwIjxgPgPsPuhV4AaABAg,@dreynoso8561,Omg I laughed do.hard at the end😂😂😂,2025-07-06T05:18:15Z,0,0,en
Ugy8xTKypwIxaOVoJbd4AaABAg,@ugandalorian495,Odd how Lui wasn’t in this one,2025-07-06T05:18:13Z,0,0,en
UgyfG2rWaRhFyyTZzmR4AaABAg,@AdamBarcenas,",🐷🐼🙉🦉🦅🦅🇨🇱",2025-07-06T05:15:55Z,1,0,Other
Ugz8MJ3gXGbARPnSRX14AaABAg,@cyzouv7952,"Ahh, I love this 😂",2025-07-06T05:11:12Z,0,0,en
Ugyqg173baRWArqwnjF4AaABAg,@JAM_YT_FURRY,Waldo is scaring me,2025-07-06T05:09:08Z,0,0,en
UgxDDjXl6E99oCTH_ft4AaABAg,@frostbite7358,Finally a geo guesser video where somewhere in Australia appears,2025-07-06T05:07:41Z,0,0,en
UgwQgAzMmkgv_SSTJ9l4AaABAg,@benmayer7326,for the childish challenge theres a place in newfoundland Canada called didlo. google it xd,2025-07-06T05:05:39Z,0,0,en
UgyAGsPmQ-SB57ZZ7oR4AaABAg,@crisvaz27,❤,2025-07-06T04:55:28Z,0,0,Other
UgyNC2EMhkyrVNZjBWZ4AaABAg,@GhostSpirit-tl4jd,Ohh I imagine pasta laying on my Weiner at hard core speed,2025-07-06T04:45:17Z,0,1,en
UgzG06_eHRTT5Ttojit4AaABAg,@kenzietang2428,3:10 Malaysiaaaa,2025-07-06T04:45:09Z,16,4,Other
UgxboLRKkDfPUPq_Hzx4AaABAg,@maeve__576,first place was literally like 2 hours from where im from theres no WAYYY oh my god i was laughing so hard at pasta’s “albertabama” BAHAHAHA,2025-07-06T04:44:22Z,0,0,en
Ugz3zaS8aD-gpT2Exz94AaABAg,@1985bla,Pasta is using google,2025-07-06T04:41:14Z,0,0,Other
UgwGxtlCmai7cEEuvmF4AaABAg,@sanjhiveshankar5955,SECOND ONE IS MALAYSIA ❤,2025-07-06T04:37:59Z,0,0,en
UgyA6Klw3Px85KcH-rp4AaABAg,@Kuon_latte,"Would have been funny if he got put in Keching again, at the ching chong store",2025-07-06T04:37:04Z,0,0,en
UgxvKUzrmNwpAUSPTwV4AaABAg,@ianrundell,14:33 I can’t breathe 😭😭💀💀💀,2025-07-06T04:36:57Z,0,0,en
UgzVhX_gQz-ZQCtaU6V4AaABAg,@yalc-04,15:19 😂😂,2025-07-06T04:36:09Z,0,0,Other
UgyOq0dRblffA89FGip4AaABAg,@ghostzuki,The waldo at 7:34 lmao,2025-07-06T04:35:51Z,0,0,en
UgyFvPN4wMYIHxq-sd94AaABAg,@PERCY_UU,Yayy! Pasta is in the video!,2025-07-06T04:28:51Z,1,0,en
UgxXMdhokAA27Y9qx7x4AaABAg,@jasonprice6124,20:20 that scream tho. 😂,2025-07-06T04:26:31Z,57,3,en
UgwNd-31AVTrHa0lNx14AaABAg,@Mardaniel,love the pasta meta,2025-07-06T04:21:16Z,1,0,sq
UgwhYDDNzHkOCzf9TOF4AaABAg,@GrimRScythe,"I worked as a courier for 3 years, Back then I still needed a map. I am genuinely amazed by people who can simply guess where they are, based on trees, dirt and rocks.",2025-07-06T04:16:03Z,1,0,en
UgwXUL-7WkEsV4rjmu94AaABAg,@GregorSamsaBuck,"Australian Representation!

I love going to Tittybong every half year, amazing place.",2025-07-06T04:13:00Z,0,0,en
Ugzg1VyMSqtgBa5tqOF4AaABAg,@drinkgreent,it is wild how good of an addition pasta is to the crew,2025-07-06T04:11:48Z,1,0,en
Ugwyf6Ksts1QumcaZcR4AaABAg,@HicksGaming_20,"4:00 That’s Ampol, that’s a Australian fuel station!",2025-07-06T04:08:00Z,2,0,en
UgzOpid4b_WaH86ErSl4AaABAg,@parallel299,DO NOT PLAY IT ON STEAM CHEAPER TO PLAY IT ON A WEB BROWSER,2025-07-06T04:06:02Z,0,0,en
Ugw2M-mj_-f68ghTl3J4AaABAg,@zaiynwright9246,"Shoutout Greenbrier, AR!! Love getting to see my town show up on a Vanoss vid!!",2025-07-06T04:03:33Z,0,0,en
Ugwq7twcmMYZeZC2R4J4AaABAg,@sirpicklesplays,8:26 yoooooo I live there I’ve actually been too the spot haha where my ns gang at 😂😂,2025-07-06T04:01:18Z,2,0,en
UgzNZj48KxZqKEHPdXF4AaABAg,@DeEpicKid,It's so funny to see a Where's Waldo cameo in the video,2025-07-06T04:00:16Z,0,0,en
UgxXuq56PCucgvpRCrx4AaABAg,@TheEoghShow,"14:18 Bro, what country OTHER than Australia would have a place called ""TITTYBONG""?",2025-07-06T03:59:47Z,99,2,en
Ugzyq3ixv1IOMyB92LN4AaABAg,@Code_red_nu,I'm from Nunavut 😂,2025-07-06T03:58:21Z,0,0,Other
Ugz0cmSKdFGX7u5RxF94AaABAg,@noahsouliere3965,"Too bad they didn’t get Dildo Newfound. Also knew the 2nd Canadian one, anyone else here from Spruce grove?",2025-07-06T03:56:48Z,1,0,en
Ugw73btmYZQe1UCIdpN4AaABAg,@soapeeey,A Sidney Crosby reference in 2025?,2025-07-06T03:55:34Z,0,0,en
Ugy5Ux28MS8NxGafB394AaABAg,@thewafflegamer6152,"as an Albertian, i can confirm that all of these places are located here",2025-07-06T03:55:27Z,1,0,en
UgyeaLmm8f3TcmUoQxV4AaABAg,@LilVeehive,"17:37 ""i wanna see you dominate""
 that should be taken out of context",2025-07-06T03:53:35Z,28,0,en
UgxDETcuWSxyPVj1Hal4AaABAg,@nadjibmecibah6478,ALGERIA MENTIONED RAHHHHHHHHHHHHH,2025-07-06T03:53:06Z,0,0,en
Ugx_Dym-Drc0QrssRFN4AaABAg,@D-bl6qr,Day 49 asking Mr. Vanoss to play pressure in Roblox with Lui and his other friends,2025-07-06T03:50:43Z,0,0,en
UgwPH-bZpxcTV5HYOGd4AaABAg,@emmanueleclapier8860,"yeah that's my island 4:20,  Reunion island",2025-07-06T03:49:55Z,0,0,en
UgyJ-XZb71mbRyGEfh14AaABAg,@itiipau,Hearing Nunavut is always a jump scare for me for some reason,2025-07-06T03:49:49Z,0,0,en
UgxXISHQg2-F_otPsW94AaABAg,@whisky-jack9818,I'm from Gjoa Haven Nunavut! I'm a little eskimo boy! Lol jk jk I'm nearly in my 30's hahaha,2025-07-06T03:48:47Z,0,0,en
UgzLIHOwIFKLU7zH79R4AaABAg,@oneandonlyMilk,LET'S GO!!! MORE OF ANDREW CONTENT!,2025-07-06T03:46:23Z,0,0,en
UgzJ_7PMhqe816VR_OZ4AaABAg,@machidraws1,"NO WAY, vanoss geoguessr finally",2025-07-06T03:43:10Z,0,0,en
UgypZCI21qLhhzRBuIl4AaABAg,@kylefrank638,5:03  Anyone know where this sound effect comes from? It's driving me nuts that I can't remember.,2025-07-06T03:43:09Z,0,0,en
UgxpHNY7tpdAMXxPbRF4AaABAg,@joynote_,All those hidden Waldo’s 😂💀,2025-07-06T03:42:20Z,0,0,en
Ugxr_kgwwVKtj9VY1cx4AaABAg,@renderzaulia1218,GeoGuessr ft. Waldo,2025-07-06T03:38:43Z,1,0,Other
Ugzs13XV69fuzYKi0Q54AaABAg,@MitchellWelborn,Andrew?,2025-07-06T03:38:13Z,1,0,Other
UgzX7i68sVJG_HS1Jpt4AaABAg,@noblehypocrite,Never thought I would see a street I have been to 19:13 in a Vanoss Video!! 😮😮 Spruce Goove Alberta Represent!!,2025-07-06T03:36:31Z,3,2,en
Ugx3lyDnv6TkPejZx294AaABAg,@angeleyes4us200,There's a town  in Connecticut called Mianus.⁣🤣,2025-07-06T03:36:27Z,0,0,en
UgwUiEx02ZhjYMNvlcB4AaABAg,@SierraB_312,"Brogla's cool in this video.
and waldo is terrifying scary.",2025-07-06T03:36:13Z,0,0,en
UgyY2pjalANDz1bxJHN4AaABAg,@yitzhakadler,Nice,2025-07-06T03:35:44Z,0,0,Other
Ugzxa8Re_ZwiVw2ROzJ4AaABAg,@alex_from_asia,"11:16 Andrew’s quick as hell, love it",2025-07-06T03:35:39Z,55,0,en
Ugznj_zYqx9DCuhiDe94AaABAg,@feera8730,SATU MALAYSIA IN THE VIDEO 🔥🔥🔥🔥🔥🦅🦅🦅,2025-07-06T03:35:27Z,0,0,en
UgxrGCUE4x3jWf8Wjxx4AaABAg,@SkipperPrime,"AUSSIE, AUSSIE, AUSSIE OY OY OY",2025-07-06T03:27:40Z,0,0,Other
UgzSZbFKfBt67wg8WGR4AaABAg,@questionabletatoes7303,Would love to have them get cockburn or ZigZag,2025-07-06T03:26:39Z,0,0,en
UgwhtGnNUeMc1UAvUul4AaABAg,@MichaelCorcoran80,do another one of these,2025-07-06T03:26:01Z,0,0,en
Ugy8yxvAmBX9H6jTiZN4AaABAg,@matchfacts6571,18:42 the bus literally says halifax on it,2025-07-06T03:25:19Z,2,0,en
UgwTBaXE4pnUkOfetjJ4AaABAg,@vader97100,Sponsorships that are actually good. Smi7y did one and his session was hilarious.,2025-07-06T03:24:47Z,0,0,en
UgzSPyvlzs74vi34LSl4AaABAg,@briangaming209,We need brogla in more videos,2025-07-06T03:24:18Z,0,0,Other
Ugz4g6HsrfiFlts0rd54AaABAg,@RudyTheNinja,"Waldo?? More like where is Larry
(if u know u kno)",2025-07-06T03:23:28Z,0,0,en
UgwKuWQp1fOZlf6Vk754AaABAg,@Fred-7O,Very good,2025-07-06T03:23:16Z,0,0,Other
Ugwi5210EM3K6mmxCmB4AaABAg,@Jacobzzwrld,Vanoss X pasta ??👀🧑‍🦼,2025-07-06T03:22:15Z,1,0,Other
Ugx3cFFWQOc6D7skeKd4AaABAg,@GamestaMechanic,"9:46 I""VE BEEN HERE! 
That's kinda crazy... 
I mean not really, it's a small country and I've road tripped it at least twice lol

It's actually relatively close to grandmother's house on the coastline and a short drive from my other grandparents' house more inland.",2025-07-06T03:19:21Z,0,0,en
Ugxcx9mkhcvCRT82aLt4AaABAg,@jesseholmes726,Do more Geoguessr please,2025-07-06T03:19:21Z,0,0,en
Ugz_YsZnj6fAvS6ZE2p4AaABAg,@darkaperion1583,I have noticed they are brutally bad at geography,2025-07-06T03:18:20Z,0,0,en
UgxwJRrrAw0EIH_Y8yB4AaABAg,@jjpokemonplaysgames3723,Vanosss please play more geo guesser with this group its so funny,2025-07-06T03:17:58Z,0,0,en
Ugw-X1ztVzGJVY8R1EZ4AaABAg,@jacoboherrera3813,Love this game,2025-07-06T03:17:42Z,0,0,en
UgxCE9ZQ4tPU2R-MPdl4AaABAg,@NaborContreras-l6g,The voice cllearly confirms that is not David. That is his brother Andrew.,2025-07-06T03:15:08Z,1,0,en
UgxGUzFsFlo4dqKPoWV4AaABAg,@wydizzy3422,15:25  There's a city named homer in Arkansas,2025-07-06T03:12:44Z,3,0,en
Ugy9x20SsyKL0tmAux14AaABAg,@tatebait3662,14:09 ah the car is driving on the RIGHT SIDE of the road surely it's somewhere in Africa or maybe America or maybe even Mexico..... Austrailia?,2025-07-06T03:12:16Z,1,0,en
UgxUUeY_6VPJnBRQj9J4AaABAg,@diogonunes1608,"9:42 Mozzarella is originally from Italy, sounds Italian and tastes like typical Italian!
Pasta: ""This is apparently one the most beautiful locations of the world.""
Portugal W!!!",2025-07-06T03:11:43Z,5,0,en
UgxHxfpLrm-l4M_1odN4AaABAg,@chriskezar8521,18:10 I literally live just down the street from here,2025-07-06T03:08:35Z,2,1,en
UgzUpRw6U1JySX6KAZ54AaABAg,@martinbauzon7450,F1,2025-07-06T03:06:28Z,0,0,Other
UgxkVtPB-mEB1as3kvJ4AaABAg,@poufitorpoufitor6083,at 21:30 i was that montreal lol... i have been there ...,2025-07-06T03:04:52Z,1,0,en
UgzMUGlSEUf2a8Zq8wh4AaABAg,@teiganwolf229,The Walters randomly showing up is gold 😂,2025-07-06T03:04:30Z,0,0,en
Ugw-GnzI9q3iwW4SPsB4AaABAg,@RyuuFukumen,"As someone from Australia, I can confirm that we love tittybongs, Mommy Milker Inn, and our windy trees",2025-07-06T03:04:25Z,0,0,en
UgwVLX8K-Q2FaBY5mY14AaABAg,@adriansilva2884,AUSTRALIA MENTIONED LETS GO!!!!! 🇦🇺🇦🇺🇦🇺🇦🇺,2025-07-06T03:04:12Z,0,0,Other
UgzS7520stmnI6zY5ud4AaABAg,@jdimpactgamingchannel,11:28 best moments :),2025-07-06T03:00:10Z,6,0,Other
Ugzg-6BOfFckt7Gm96x4AaABAg,@MichaelCorcoran80,"do another video with delirious like the escape bang cock or what ever country it was, that was hilarious",2025-07-06T02:58:43Z,1,0,en
UgwRa65GKrwjjF7a-NN4AaABAg,@zer0asanumber905,Was half paying attention to video until they had an Australian location and it turns out to be my home town in the middle of nowhere. What are the odds dude.,2025-07-06T02:57:41Z,0,0,en
Ugz9UPuIwXKMWLq7PGJ4AaABAg,@Shinji1502,More this content please,2025-07-06T02:54:24Z,0,0,en
UgwJC4QrReaoLodqD654AaABAg,@Black-Gio,Day 112 of asking Vanoss if he can play Yu-Gi-Oh! Master duel with lui for a video idea 💡,2025-07-06T02:53:23Z,0,0,en
UgwXJj4zq-OtdtQvTsR4AaABAg,@mxtetheartist,16:35 usually its the guy sayin that about the g spot 😂,2025-07-06T02:48:05Z,1,0,en
Ugyq5Z4QkF8Er8wN0pV4AaABAg,@TristanNoël935,Dude I live right by sackville,2025-07-06T02:46:58Z,0,0,da
Ugx0y9pPFa-sSp8xfph4AaABAg,@QUACKHEAD23GAMING,FUCK YOU WILD Cat lol dont mock the aussie accent if you come here mate i swear to god lol,2025-07-06T02:46:41Z,0,0,en
UgxeNNvsD9KHyuPsj5J4AaABAg,@captainmorgan2165,"We need more geoguesser with pasta, she is the goat of that game",2025-07-06T02:45:06Z,2,0,en
UgxbwmLSgn-IFl20e_N4AaABAg,@ArchivePanda,I’d really like if brogla was included in more videos. He’s so chill.,2025-07-06T02:45:03Z,81,0,en
UgyGrFhtVVzNbgti6eR4AaABAg,@gotimeafl2022,Yay Australia REPRESENT,2025-07-06T02:44:37Z,0,0,en
UgwtuTNOhJDRJF0EsaN4AaABAg,@rogercampart8859,How many waldo have you found,2025-07-06T02:44:14Z,0,0,en
Ugx8KIUo-rntud9Esa14AaABAg,@charlieskycatgamer6168,18:57 my familys name thank you wildcat,2025-07-06T02:40:26Z,0,0,en
UgyZl3hlMOFfSlkg0rR4AaABAg,@ketomine.,rare Brogla appearance,2025-07-06T02:38:51Z,0,0,Other
Ugx6qRWgdYpdAeVgFeN4AaABAg,@billypanovec,Please do more of these especially with Brian he's really good,2025-07-06T02:35:03Z,0,0,en
UgxACQvAZmeDTUjRr_B4AaABAg,@stephaniebillen2722,Bro the Waldo gives me nightmares,2025-07-06T02:33:54Z,0,0,en
UgxknhSkGULr7KGJDr94AaABAg,@CharlesCooper-vw2dc,"Im from Iqaluit, Nunavut so it feels good to get recognition",2025-07-06T02:33:40Z,0,0,en
UgyX0Nl5Ky1-1PnjYHl4AaABAg,@sandcake1772,"More geoguessr, please mr vanoss",2025-07-06T02:33:13Z,0,0,Other
UgyRSOp4kehuXmIxNsx4AaABAg,@JadenTreFolster,Berta baby! 2:24,2025-07-06T02:31:18Z,0,0,Other
UgxSD7UqkC2whaNYCft4AaABAg,@igiul1968,Did you know there a place in Turkey named Batman,2025-07-06T02:31:18Z,0,0,en
UgwFQFouGIy4qwDJAHp4AaABAg,@smileyaustin8604,went to Canada Alberta on a road trip. 2:19 i know that road i think.,2025-07-06T02:31:07Z,0,0,en
UgxRnEND_jg1qMgPhBt4AaABAg,@Sakuraprods,the fact wildcat just announced he's having a kid today is wild. peak childhood i have been watching these guys since 2014.,2025-07-06T02:30:27Z,3718,30,en
UgwcLujU7LmRno_miGZ4AaABAg,@ProLSPDFRMan,"4:02 Ampol - Australia’s Own

Cheating would have been faster",2025-07-06T02:30:02Z,0,0,en
Ugzq08_QrtbzCevQD4V4AaABAg,@icychill105,Please do an IRL trip with the boys from Biggers to Paris,2025-07-06T02:29:13Z,0,0,en
Ugxv-v5J6FptoI0QFV94AaABAg,@257CALVIN,"Arctic Bay, Nunavut, north tip of Baffin Island!!",2025-07-06T02:28:33Z,0,0,en
UgwVXOzygpmrea00aop4AaABAg,@jacob1423,no way there’s anyone from Nunavut lol,2025-07-06T02:27:59Z,1,0,en
Ugzj23zQcRgpb9V1FK94AaABAg,@35primes53,Kerala 🌴 14:59,2025-07-06T02:26:50Z,4,0,Other
Ugwxs2zpAUep8fLaNoF4AaABAg,@claudeandrei,Who Love christian ✝️,2025-07-06T02:25:54Z,0,0,en
Ugy60fnukvcRam1UZcd4AaABAg,@Dracnoss,unexpected Andrew cameo,2025-07-06T02:25:47Z,0,0,en
UgxX3bdCRbYEaPWCm994AaABAg,@Youtubios23,"21:05 Was in my city, I even once worked at a place just off of Maple Grove",2025-07-06T02:24:27Z,9,1,en
Ugxy-y-31NL_z3gApDh4AaABAg,@sluuuush,18:30 waldo,2025-07-06T02:24:22Z,0,0,Other
UgyoHTjPwWtwzBd59y14AaABAg,@JOLTER15,This isn't Andrew's first rodeo 😤,2025-07-06T02:23:30Z,0,0,en
Ugx1eQMi5TkVme87PbB4AaABAg,@QUACKHEAD23GAMING,as an aussie lol we do have ampol,2025-07-06T02:23:10Z,0,0,Other
UgxnHy6BqKYZXotTELJ4AaABAg,@myusernamewaslstolen,Bro i knew that was nova scotia,2025-07-06T02:22:35Z,0,0,en
Ugy1ujOYOiNxq2k2zux4AaABAg,@EZ_Gh0st,The Waldos throughout the video 😂,2025-07-06T02:21:39Z,0,0,en
UgzMnS1szQkun65MxQR4AaABAg,@angterrastriker,Brogla kinda sounds like lui,2025-07-06T02:20:18Z,0,0,Other
Ugx1-Y4kli6czYyi4Fl4AaABAg,@insertcodename1409,You stared right at a Halifax bus,2025-07-06T02:20:03Z,0,0,en
Ugy9HGSktfY-kWQWLI14AaABAg,@JunkersGarage,The fact they made geoguessr  pay to play is stupid.,2025-07-06T02:18:16Z,1,0,en
UgybgU79whqP6RBP3Ql4AaABAg,@Gheese69,"As someone who lives in Arkansas, Weiner is lovely",2025-07-06T02:17:40Z,0,0,en
UgwOa_T3W4-I8vJhlJd4AaABAg,@spicy02,Petition for Brogla to be in more videos,2025-07-06T02:17:15Z,0,0,en
UgxJbCSe1KlMk1SVMcV4AaABAg,@517zedo,finally some fires,2025-07-06T02:17:02Z,0,0,en
UgzVh20z0ePex8h1VRl4AaABAg,@LeachedSoul,3:32 the give way sign gave it away,2025-07-06T02:16:54Z,24,1,en
UgyKkkx6Kfg5X8CEkJ14AaABAg,@NorthBoii2,Nunavut baffin island! Been watching since 2015,2025-07-06T02:16:06Z,0,0,en
Ugz6QqbQszgNozyr4-l4AaABAg,@SoftLoliete,Dude said Australia doesn't have palm trees? Dude has never heard of PALM COVE,2025-07-06T02:15:13Z,0,0,en
Ugyc0RcceiXp9slZO914AaABAg,@bigpowerfulone9457,pls can you guys keep playing with that broga he is so funny.,2025-07-06T02:14:51Z,0,0,en
UgyDeYFTnEePgtpdT5h4AaABAg,@JeremyTrethewey,"As soon as I saw the Toyota plant I knew it was Cambridge Ontario, my wife’s dad works there",2025-07-06T02:12:08Z,1,0,en
UgxOuf73Jn-7X8iBqht4AaABAg,@volair8362,16:01 chat clip that,2025-07-06T02:11:14Z,3,0,en
UgyLA1vDOJu6Yd3xlzF4AaABAg,@llc-.,0:04 is that an iceman refrence? iceowl,2025-07-06T02:08:46Z,0,0,en
UgxGflM_iDCh3epnT_R4AaABAg,@gavinmode1254,Petition to bring edubble music back in vanoss vids,2025-07-06T02:07:26Z,0,0,en
UgxqKICniKQSvz3uwAJ4AaABAg,@beanh3ad500,Oh okay it's a sponsored video 😂 I was this is random asf get yo bread bro,2025-07-06T02:07:24Z,0,0,en
UgxMDyiOtvPeRXgUjrh4AaABAg,@foxxy_grandpa8132,Imagine having to tell someone you’re from weiner arkansas,2025-07-06T02:07:08Z,0,0,Other
UgzKeifRcorGg4rQjPl4AaABAg,@HaCheckmate,This was so funny!,2025-07-06T02:05:52Z,0,0,en
UgyPJFuUHnKhvWlS2yZ4AaABAg,@Peteeymhh,Waiting for that one guy from Nunavut to see this.,2025-07-06T02:05:11Z,0,0,en
UgyF9--6qNkhz7KHnmd4AaABAg,@jordanhill4870,Jericho joined the chat,2025-07-06T02:03:50Z,0,0,en
UgzCoODopLNc9Kfle_R4AaABAg,@bornkinggamer3347,Vanoss is like an American with his geography,2025-07-06T02:03:40Z,0,1,en
UgzBpW1mLgB67sWWP-x4AaABAg,@gindginnest3336,—__,2025-07-06T02:02:43Z,0,0,Other
UgxFBYHY-EB8KRvnjgt4AaABAg,@VitaminWar,21:18 I cannot believe that Vanoss did not see the street called Brien.,2025-07-06T02:02:02Z,16,0,en
UgzPlemmWA05hfw4UJB4AaABAg,@Krachi,I thought I'd never see Andrew play with the guys lol,2025-07-06T02:01:53Z,0,0,en
Ugy6lLOFhjoM4rLnp_d4AaABAg,@CCLTho,Benton Arkansas 🤔,2025-07-06T02:01:32Z,0,0,Other
UgwJy20uWnC4xPDC8Kp4AaABAg,@Tanker85MC,5:33 Iowa representation! Let's go!,2025-07-06T02:00:59Z,1,0,en
Ugxmkb-geAAOPfcavEZ4AaABAg,@justcallmehank6177,we have palm trees everywhere in australia lmao,2025-07-06T01:59:36Z,0,0,en
Ugw6I3Ibc-VOkh2Flq54AaABAg,@MannyOz,Nice,2025-07-06T01:58:40Z,0,0,Other
UgzIUSVK4LYERb9YyBl4AaABAg,@Philips-Andy,Chicken nugget,2025-07-06T01:58:08Z,0,0,Other
UgxNOCa1EqBr112u-_N4AaABAg,@xxthe_goatmanxx5408,2:42 video starts out directly in my hometown lol,2025-07-06T01:55:06Z,0,0,en
Ugy5jqq3wzZ1MelvfC94AaABAg,@bluetheghost5317,as a San Antonio native i'm so happy my hometown been mention in a video by pasta and Tyler 😁,2025-07-06T01:54:44Z,1,0,en
UgxmbjEwsxv_QTq3QPN4AaABAg,@7e1ku,I've never laughed this hard in a while,2025-07-06T01:51:58Z,0,0,en
UgzEysUyBl6zLg35YQl4AaABAg,@Brobro449,im from alberta and its not pronouced noonavoot lol,2025-07-06T01:49:40Z,1,2,en
UgyZO--jJUr9KlHR_dF4AaABAg,@TØM_YT004,this is mad insane,2025-07-06T01:46:54Z,0,0,en
Ugz5GpxHcd85j23vJM54AaABAg,@jaimedelbosque9222,she talks too much. way too much,2025-07-06T01:46:31Z,2,1,en
UgylRweoIF-7lnnbdVV4AaABAg,@shakir6309,oh dayum 1 malaysia,2025-07-06T01:45:55Z,0,0,Other
UgzWQs3czEVXsbNWRVp4AaABAg,@khughes9013,im 20 minutes from Sackville,2025-07-06T01:45:42Z,0,0,en
UgwVzSS_epRjtWrcrpJ4AaABAg,@Theglizzygobler_,You guys think pasta ever figure it out?,2025-07-06T01:45:09Z,1,1,en
UgxAhWYSvN6Pt8BlmnR4AaABAg,@4d737,"Love wetwang got a shoutout, it’s 30 min away from me in the UK😂",2025-07-06T01:44:28Z,0,0,en
UgwQ0iQPh5bO-cnt9ph4AaABAg,@fitbear8928,ain't no way that's the sobeys right be side my parents house that's kinda wild hahaha,2025-07-06T01:42:01Z,0,1,en
UgwX2RFfd4BwdPYN0E14AaABAg,@diggies1357,im from Nunavut,2025-07-06T01:41:35Z,0,0,Other
UgzrZyUzmMrUWDm4Ept4AaABAg,@BigRigRobert-01,13:15 THATS IN AUSTRALIA :D,2025-07-06T01:41:12Z,0,0,en
UgyH2CsxhQfdojz4qg94AaABAg,@osirsi3563,2:03 so true,2025-07-06T01:41:08Z,2,1,Other
Ugwb1VVxDsf9PCYqPX54AaABAg,@Hydarko,"Wildcat in thumbnail, this is gonna be peak",2025-07-06T01:40:27Z,0,0,en
UgxbU-RXos6WPL0HN6d4AaABAg,@J_tec9,Why’s Waldo lurking 7:34,2025-07-06T01:36:49Z,28,1,Other
UgyPmr4aHXAwKmguyoZ4AaABAg,@jmurrayo4061,16:07 wiener security storage 😂,2025-07-06T01:36:47Z,2,0,en
Ugws1lw76IJmRmHDYRl4AaABAg,@Rose.Shadow,gotta love how Vanoss was asking I don't know where this is and there is a bus that says Halifax on it,2025-07-06T01:36:31Z,0,0,en
UgyfhS3XMiaDViOz61J4AaABAg,@NuggetSlay3r,Nova soca,2025-07-06T01:35:42Z,0,0,Other
UgzqdACPPRuGhEW58lB4AaABAg,@alexispickett91,I live on the opposite side of Illinois than Iowa and I've never been to De Moine.,2025-07-06T01:34:41Z,0,0,en
Ugx-ollEP7gHLDUs_rp4AaABAg,@JustWatchingInFreeTime,geoguessr and its sponsored!?,2025-07-06T01:34:08Z,0,0,en
UgyzTIVV98_4UfpoImZ4AaABAg,@estebanguttierez1527,As a random guy watching your videos I demand you to make more Gmod videos!,2025-07-06T01:34:06Z,0,0,en
UgzKoHUV7ChtDMk02nV4AaABAg,@justanotheryoutubedoofus,Brogla should definitely be in the crew,2025-07-06T01:33:37Z,0,0,en
UgyujIPTXeQXSqs3MkF4AaABAg,@kgzfenrir,“Brogla” is best nickname I seen so far,2025-07-06T01:33:30Z,0,0,en
Ugz_zD5Ek79wUcBQjyF4AaABAg,@richardfisher774,😂😂😂😂😂😂🤣🤣🤣🤣🤣🤣🤣,2025-07-06T01:32:37Z,0,0,Other
Ugx4Sr2QKTF65ZG6Xlt4AaABAg,@albertconstantinopa,I like the outro song,2025-07-06T01:31:45Z,0,0,en
UgxjFe4qYYJ85LsXR914AaABAg,@kermit_hits_hard,"Calgary Alberta for the first geoguesser, got a lil too local 😭🙏🏻",2025-07-06T01:31:26Z,0,0,en
Ugyx1htR61isI1LrjPB4AaABAg,@leasauveur6867,"The sackville in this video was sackville new brunswick, but being from sackville nova scotia i never realized that the name is odd.. now i cant unhear it",2025-07-06T01:31:07Z,6,0,en
UgxeeUXJCsl6mLNttRB4AaABAg,@crossbreak2348,NEED another video of Vanoss and Lui exploring google maps!!,2025-07-06T01:30:22Z,0,0,en
Ugx1G6IZQ_8C-kfR_Al4AaABAg,@hydromancer4916,pasta really gotta be in everything huh,2025-07-06T01:29:15Z,3,6,en
Ugxo015Lt4tL3vpvRvN4AaABAg,@nothinggrand3805,Australia also has a bunch of knobs too.,2025-07-06T01:28:10Z,0,0,en
Ugy22IlY9E4zYS4QpEF4AaABAg,@casualcypress9675,Brogla is now apart of the vanosscrew substitute teacher role,2025-07-06T01:27:30Z,3124,8,en
Ugw86xnLpQy3DnIzj7F4AaABAg,@BigRigginRoger,5:30 i live in iowa lol,2025-07-06T01:27:27Z,0,0,en
UgyZqvtnyZGDUm5Q-WN4AaABAg,@edwardtdm123,"GeoGuessr? Nah, that was Find Waldo Simulator starring Vanoss. 🎮",2025-07-06T01:27:09Z,0,0,en
UgyGqzKj_DGi7H_V7zF4AaABAg,@nickochoa6207,18:31 found waldo 😎,2025-07-06T01:25:49Z,0,0,en
Ugyz0DhiE3-FSvytVmd4AaABAg,@BigRigRobert-01,Yay Vannossgaming was in the land down under :D,2025-07-06T01:25:39Z,0,0,en
UgxhN6cco3do-7yg0MV4AaABAg,@Vertex__78,ts pmo,2025-07-06T01:25:16Z,0,0,Other
UgxKvVWuvbh5JT61fjh4AaABAg,@Biggus-chungus,23:10 Found Waldo,2025-07-06T01:24:20Z,1,0,en
UgxZRm-4aRCkRFIxtXt4AaABAg,@TheSpiralSpiderWeb,The craziest round I've seen of this game is that one time that Terroriser recognized HIS HOMETOWN from the spawn point,2025-07-06T01:24:02Z,96,4,en
UgwJ9OfPjm_Y2EeNg7F4AaABAg,@bigchungus5653,lol,2025-07-06T01:22:51Z,0,0,Other
Ugx6Ml6BGdLpldz4RJ14AaABAg,@TkBloch,"Dude, I'm not lost, new series",2025-07-06T01:19:44Z,0,0,Other
UgzSO_UCiy1kdkMR5nB4AaABAg,@snyprnate1104,I'm from Nunavut. He picked right above where I live and that's the closest town😂,2025-07-06T01:19:39Z,950,17,en
Ugx_JLq1YcK83q9jchp4AaABAg,@snyprnate1104,I'm from Nunavut,2025-07-06T01:17:29Z,0,0,Other
UgyMb5wTK534-yqerUB4AaABAg,@itstohotoutside,King William island y'all,2025-07-06T01:17:20Z,0,0,en
UgxNZ5dd14cs86WJRah4AaABAg,@idknils2920,Never thought Brogla would make another appearance,2025-07-06T01:16:52Z,3,3,en
UgyjGAssWcPhiKE89Zh4AaABAg,@Savage1234yt,16:22 The wienner bois,2025-07-06T01:13:36Z,6,0,en
Ugx3HcQsN1z3pbq57Tl4AaABAg,@ItzRllyDarkz,Do more i love these,2025-07-06T01:13:36Z,0,0,en
UgzddN73KVdiLYf1xjF4AaABAg,@trapdawg88,"18:23 WOAH! Never thought I'd see my own street in this video.
Lacewood drive, Halifax.
Nice.",2025-07-06T01:13:21Z,3,1,en
Ugz-KRmlbuVHcY_Iaq14AaABAg,@TarellKing-x7w,It’s kinda like Google Earth,2025-07-06T01:12:55Z,0,0,Other
UgzJCIMEI9EtB2Neec14AaABAg,@DarkWolfYT03,16:05 She's on the Weiner Boys,2025-07-06T01:12:41Z,1,0,en
UgzzIglkHDc-qcofBmx4AaABAg,@nickochoa6207,5:30 DES MOINES MENTIONED 🔥🔥,2025-07-06T01:12:33Z,0,0,Other
Ugx2ZSLN2xMfUf7yKwN4AaABAg,@Roundsideup,Wildcats impersonation of accents is the best thing ever,2025-07-06T01:12:27Z,0,0,en
UgzHPhuNUpRP2lFGhV54AaABAg,@MasusMoment,S,2025-07-06T01:11:54Z,0,0,Other
UgyoyDElYYfZZwX6tcB4AaABAg,@TheAlmostPurple,Dude I'm Not Lost,2025-07-06T01:10:40Z,1,0,Other
UgyqAMfldWJ2DYH7ANB4AaABAg,@itzjustkris7964,ive been waiting for this since you escaped kuching,2025-07-06T01:10:12Z,0,0,en
Ugwx_ag-NZTtmxzA1h54AaABAg,@shannon1019,"omg, I was so shook when Wildcat prounounced 'Melbourne' correctly.",2025-07-06T01:05:57Z,0,0,en
UgxRFO6TwhrVdGZQGZB4AaABAg,@suprisedneko8696,another brogla on vanoss video?? my life in complete,2025-07-06T01:04:41Z,1,0,en
Ugz6lxfGbvUH4zUCr7V4AaABAg,@kunaiwithchain5278,We going back to Kuching with this one 🗣️🗣️🗣️,2025-07-06T01:04:19Z,1,0,en
UgzkeXFaqFc-t9dTbsJ4AaABAg,@MalakaiTheDemigod98,1:20 😂😂😂,2025-07-06T01:02:47Z,0,0,Other
Ugx5opEUaW_JprvqeVJ4AaABAg,@MaliciousAmerican,I used to play Geoguessr with my boys in class when we finished our work early 😂,2025-07-06T01:02:11Z,0,0,en
UgyEgjSMh4jqjAQIMS94AaABAg,@Savage1234yt,Where's Lui? He's the Mexican God At The Maps 😂😂,2025-07-06T01:01:12Z,1,0,en
Ugw0ox5ad_-TWWFhByx4AaABAg,@DarnellCraze2006,I love The Childish sections and Ones that are far away from the spot. Also hi brogla,2025-07-06T01:01:02Z,0,0,en
Ugxx4DogZfXIlq5KROF4AaABAg,@Mattvbro,Its subscription based now tho so nah not getting the game again!,2025-07-06T01:00:34Z,0,0,en
UgzOxvmmCE7fw2oRTF94AaABAg,@CreedBrattonTheOffice,"4:55 it actually was France. Island of Reunion, which is actually part of France. Think of it as an Island off the coast of France (which we would consider as part of the country), except really far away.",2025-07-06T01:00:26Z,189,4,en
UgzViHOubXHxBt8ZDhB4AaABAg,@ryanmcq6794,"Sackville is in New Brunswick, not Nova Scotia. I know it doesn't matter but us New Brunswick people never get mentioned and we just got robbed of a huge mention",2025-07-06T01:00:09Z,4,0,en
UgxQiyUQqVlyig2wCzV4AaABAg,@COCONUT-DRAKE,cant wait for zigzag to review this,2025-07-06T00:59:53Z,0,0,en
Ugy9T8MR17-DL-BtKGJ4AaABAg,@Tigerpanzer6666,if i went to canda (almost did) i would be so confused when driving,2025-07-06T00:58:45Z,0,0,en
UgxxiizUIu3GyKBuOsp4AaABAg,@dragonfruitarts,Pasta is a real one for guessing Portugal right,2025-07-06T00:58:37Z,7,0,en
UgzsPWVYE9SkTNUmgw94AaABAg,@rijidernacht1157,1:28 Nunavoot,2025-07-06T00:58:32Z,21,0,Other
UgyXCa9DT6E5HKDfoRF4AaABAg,@albertconstantinopa,Finding waldo on geoguessr and andrew playing with the crew damn this is a cool video,2025-07-06T00:58:02Z,2,0,en
UgwvxCNxj5_y4Y2Fhnh4AaABAg,@FninoTyson,Balls,2025-07-06T00:57:13Z,1,0,Other
UgxgrEFxkE09aBAOu154AaABAg,@thesheepersgame5199,"Who would had thought that one day Geoguesser would have a sponsored video when years ago, people did it for free.",2025-07-06T00:57:03Z,0,0,en
UgwMOM_y6FYbmNsC8HV4AaABAg,@KQXX1,"""Franch""",2025-07-06T00:56:37Z,0,0,en
Ugx-Liv4SfnyccjAiCF4AaABAg,@EastofAll,"Welcome back, Escape From Kuching",2025-07-06T00:55:53Z,0,0,Other
UgyIKilzIRP75bodLWB4AaABAg,@linc54,23:09 guys i found him,2025-07-06T00:55:50Z,375,3,en
UgwVhPp0rYBDeeWH85x4AaABAg,@rider8932,What's brogla channel I'm subbing,2025-07-06T00:55:20Z,0,1,en
UgwTm3ZwXs5B_DKeWQN4AaABAg,@JarlQboyq,Guess it was his house.,2025-07-06T00:54:37Z,0,0,en
UgwAXjTCDIvKrq3vA_J4AaABAg,@yasairr,MR VANOOOOSSS,2025-07-06T00:54:06Z,0,0,Other
Ugz6lRcl4LFCK64zbgB4AaABAg,@insomniacshrimp,This is amazing,2025-07-06T00:53:05Z,0,0,en
UgxdTJKBRt4djZo2gb14AaABAg,@theyfwxander9567,0:53 havent heard vanoss laugh that hard in a while,2025-07-06T00:53:05Z,146,0,en
Ugw-uxpdyqMOboyo5mx4AaABAg,@nikhousego3553,As an Aussie vanoss doing Aussie accent is soothing,2025-07-06T00:52:46Z,0,0,en
Ugy01m_SeO9X6hLMc9d4AaABAg,@jak3ywhoelse,"5:14 this is very much midwestern, pasta is so correct too",2025-07-06T00:52:27Z,26,0,en
Ugxsx7b2wyGpwPCyQTt4AaABAg,@SkerryGamer,18:32 It said Halifax on the side of the bus,2025-07-06T00:51:55Z,17,0,en
UgzB5pWA8EVccJJqEHx4AaABAg,@denisebryce8982,Need more!,2025-07-06T00:51:53Z,0,0,en
UgwmXmeJmuqxb7yMEBN4AaABAg,@starburberry,Geoguessr? I barely know her!,2025-07-06T00:51:20Z,2,0,en
UgxuW03vK60ELzmm25l4AaABAg,@Slytherinstnr,23:10 Catchy Song!!! 🔥✊🏿🔥✊🏿,2025-07-06T00:51:14Z,0,0,en
Ugzt3dDFwFKKtgF84yV4AaABAg,@ijxrxmy,"18:34 was so easy to guess, especially with Halifax written on a bus.",2025-07-06T00:51:02Z,136,0,en
UgzZU60XzTrVTJmqAf94AaABAg,@Scarfism,"15:21 Bottom left is Homer, Arkansas.",2025-07-06T00:50:36Z,8,0,Other
UgzPCHbcBwMVwL6yrc94AaABAg,@rickyboy2204,10:50 this joke is so dumb but I love it,2025-07-06T00:50:34Z,4,0,en
UgxoaFzS2NBwZhacaDd4AaABAg,@oshabot1646,"9:47 ARGENTINA MENCIONADO EN VANOSS LETS GOOOO
17:18 otra vez vamossss",2025-07-06T00:49:01Z,7,1,Other
Ugyhxp4zQgG6favWCLt4AaABAg,@cherrycan101,Brogla,2025-07-06T00:48:56Z,0,0,Other
Ugxa__bL8CamgYsdOi94AaABAg,@LanderSaligan-c2u,Wew,2025-07-06T00:47:55Z,0,0,Other
Ugz-O5UENRkd_D_8G014AaABAg,@mattfromwiisports4910,Petition for Newgla to be added to the crew,2025-07-06T00:47:50Z,386,7,en
UgxDh9FxaBtCqVcebMN4AaABAg,@EfrenCarranza213,HOW DARE YOUTUBE HIDE THIS FROM ME FOR 30 MINUTES!!!!,2025-07-06T00:47:45Z,0,0,en
UgzBizgA79ylwzGekgh4AaABAg,@T-h-a-t_G-u-y,20:20 pasta screaming brings me joy for some reason,2025-07-06T00:47:43Z,306,0,en
UgyMvEnoUw4YTT86-xJ4AaABAg,@yea_no910,"Hey vanoss, i know that you probably wont see this but will you be a part of the meet and greet at the emotional oranges tour?",2025-07-06T00:45:31Z,1,0,en
Ugz0m14tnm0iCIozLP94AaABAg,@zacharymiller962,"I make a lot of maps in this game, all very specific to my life",2025-07-06T00:45:18Z,0,0,en
UgzlqFkRW27X6ve9QbF4AaABAg,@soelo592,Never guessed that Vanoss and others will play this,2025-07-06T00:45:00Z,1,0,en
Ugz8GglJv9lI_33WmYh4AaABAg,@globesurfer122,Yessssss,2025-07-06T00:44:30Z,0,0,Other
Ugy0dCObvdeY4wgQN054AaABAg,@fry_bread,🤍🤍🤍🤍,2025-07-06T00:44:17Z,0,0,Other
Ugyl17cEA-9y7Owu3DB4AaABAg,@chrismunoz7859,Alabertabama 😅 wtf pasta sauce and franch😂,2025-07-06T00:44:15Z,1,0,en
Ugy46VIZT_r_6Z4JpDh4AaABAg,@MavicAVF,Didn’t expect brogla in this 😂,2025-07-06T00:43:23Z,15,1,en
UgxarAiQS05ubGR5tEp4AaABAg,@RandomMarcus92,Oh hey! I’m from Arkansas!,2025-07-06T00:43:23Z,0,0,Other
Ugyoay0hcO0AHwStUXV4AaABAg,@TybarSake,5:01 internet historian?,2025-07-06T00:43:18Z,2,0,en
UgyUauWRacDEEKMLbld4AaABAg,@Drackflame951,"5:01 Waldo right here is menacing

6:35 Waldo Jackoven here

7:34 Waldo creepin

That's all I could find 😅",2025-07-06T00:43:11Z,66,5,en
UgwmTylPtdGink-kmCV4AaABAg,@shy_jesley,The fact that iowa was on the video is crazy (i'm from there),2025-07-06T00:43:00Z,0,0,en
UgwEahgGK5mlTve_0R94AaABAg,@Blanlk06,its andrew?,2025-07-06T00:42:04Z,1,0,en
UgyGTwsxdQeazoEiigt4AaABAg,@IxZillaxI,19:00 No shot the town I live like 5 minutes from showed up💀,2025-07-06T00:42:03Z,25,6,en
Ugy17BXQzjq4Ah0pWvJ4AaABAg,@estanwakonabo,Lmfao,2025-07-06T00:41:52Z,0,0,Other
UgyZqV2UmGn--P98ETd4AaABAg,@WhosMuerte,PEAK JUST DROPPED,2025-07-06T00:41:45Z,0,0,Other
UgzirEja8E1hNBbCnW94AaABAg,@captain_Kickapoo,"21:45 it's the Skratch in Laval, I used to go there everyweek, 20mins walk from home",2025-07-06T00:41:12Z,54,0,en
Ugweawl924000UX5VFF4AaABAg,@Cloker79,the last round i live near there :D,2025-07-06T00:40:35Z,0,0,en
Ugx9D5ldmjnNsWUiWnJ4AaABAg,@Miguel-bv3ei,Wildcat’s Australian accent is perfectttt lmaoo,2025-07-06T00:40:27Z,12,0,en
Ugwj2fZLzg_YM2c_l3Z4AaABAg,@IIICL0AKERIII,"7:53 Dodododo Banana Bus
(PTSD Edition)",2025-07-06T00:39:57Z,26,0,Other
UgyvpMaE2PjkdxhK3914AaABAg,@edward_190whynot,🇨🇱  chile,2025-07-06T00:39:54Z,0,0,Other
UgzT0ZSs5Fx5cVNSWlh4AaABAg,@Cloker79,the nova scotia one the bus said it was halifax LOL,2025-07-06T00:38:44Z,0,0,en
UgwRcMR3_G1WAjTTbMR4AaABAg,@6starsdied,7:34 🤨,2025-07-06T00:38:24Z,0,0,Other
Ugw1BjcmnBZOO4FEUrF4AaABAg,@Giyu_tomioka2,Nice,2025-07-06T00:38:20Z,0,0,Other
UgwQxmFw24PGhim6MB54AaABAg,@BlondeGreekBoy,14:30 I am an aussie myself.  Wildcats impression of an aussie is top tier.,2025-07-06T00:36:22Z,925,10,en
UgwVG576TDKuqn62L9t4AaABAg,@alrevenant,14:20🤣🤣,2025-07-06T00:35:38Z,0,0,Other
UgwhhRk6bygx_HEIrot4AaABAg,@FabienRamirez,Is ‘dude I’m not lost’ back?,2025-07-06T00:35:34Z,0,0,Other
UgylY75CJhxjYaYJM5h4AaABAg,@falloutfan1452,we need lui back next time,2025-07-06T00:34:27Z,0,0,en
UgzlXcOzjSULm1hGNUJ4AaABAg,@6starsdied,4:17   F R A N C H,2025-07-06T00:33:40Z,36,0,en
UgxnuTPjQH90srM4Fph4AaABAg,@dawnteyz,JACKOV✋ JACKON ✋,2025-07-06T00:33:01Z,0,0,Other
UgweDDjRc2EmTBKPej94AaABAg,@lightbrick228,Alright 🦉🦉🦉🦉,2025-07-06T00:32:48Z,0,0,en
UgxNiBzTqBxtL-khafh4AaABAg,@unkreapz9118,Where is the new episode off escaping contries on google maps with lui,2025-07-06T00:32:07Z,1,0,en
Ugw8BiJZXY-vHIcZL1V4AaABAg,@J0mur,any game where vanoss has no fucking clue what he's doing is peak 😂,2025-07-06T00:31:10Z,1,0,en
Ugw7h76jh8hffhV3yCN4AaABAg,@myburneraccount669,i thought this was an escape from kuching follow up,2025-07-06T00:30:52Z,1,0,en
UgwrvxmTo_i5y0_PYzV4AaABAg,@tertianable,"omg, I've been to sackville, no joke.",2025-07-06T00:30:30Z,1,0,Other
UgyfjF7kX4bgdMTmaMh4AaABAg,@bonybologna2758,When are we getting Escape from Kuching part 2 😢,2025-07-06T00:29:12Z,0,0,en
Ugzf5t3hJzb1MsqM0eh4AaABAg,@Ghillied985,weeeeeeeeeeewoo,2025-07-06T00:27:54Z,0,0,Other
Ugwj81SsV9cwQY8T8rl4AaABAg,@alrevenant,9:25 😂,2025-07-06T00:27:28Z,1,0,Other
UgxVfs1Gqa5-GnnXh-B4AaABAg,@EmilyTheDreamQueen,At least he's honest in the beginning lol,2025-07-06T00:25:52Z,4,0,en
Ugx8coKurUgJS2JZCQF4AaABAg,@nova-storm77,"7 minutes ago, let's go!",2025-07-06T00:24:53Z,0,0,Other
Ugx8VfmeW6GzQVwAiwZ4AaABAg,@DrunkWaluigi,Dude I’m not lost,2025-07-06T00:24:50Z,0,0,Other
UgwIUmvLl32wneJujCR4AaABAg,@tyepie1692,I’m from Mauritius (the third location) 😁😁,2025-07-06T00:24:34Z,0,0,en
Ugxz1zDzkDzleyMcwyp4AaABAg,@saulocampo802,"Vanoss is drake confirmed.

Which means he can use the n word",2025-07-06T00:24:32Z,0,0,en
Ugw3MAvV4jYvBKcNWY94AaABAg,@Whœs_he,Never thought I would see vanoss playing geo gusser but I’m all for it,2025-07-06T00:24:02Z,8,0,en
Ugyxj1gGqEMA7AebOtp4AaABAg,@rizukivanhd924,Letsgoo andrew...,2025-07-06T00:23:59Z,0,0,cy
UgyDmNJ_zYYb1Ra1wsx4AaABAg,@SP3137,Under 2 digits,2025-07-06T00:23:49Z,0,0,Other
UgylcdP_Hck8dbDcxB14AaABAg,@Venomattack0906,Silentdroidd would've been the champion,2025-07-06T00:23:30Z,0,0,en
Ugytd8RJondHNIdi1i94AaABAg,@ChapizaR4,That is NOT Waldo,2025-07-06T00:23:14Z,0,0,en
UgwYzxrzRlKdKrgycD54AaABAg,@yaboitaco9967,What do I say when I’m early and haven’t watched the full video yet,2025-07-06T00:23:05Z,0,0,en
UgzOr9j-sQkYGaHc7gx4AaABAg,@lifelessNPC,"now Imma grab some popcorn and drinks because this video will be hella fun,..",2025-07-06T00:22:53Z,0,0,en
UgxrmTjOx9TENc0TNTp4AaABAg,@manqalonesccholkvan3563,Random waldo in Madagascar,2025-07-06T00:22:48Z,0,0,Other
Ugxg5Xn7R-sfMNFm5gt4AaABAg,@Pastalgia,Hell yeah!,2025-07-06T00:22:39Z,1,0,en
Ugw5YdaY-Gh8X-vp_NZ4AaABAg,@DARK9923,I feel my heart broken he skip round two😭,2025-07-06T00:22:30Z,1,0,en
Ugy9nO0MAT7KNpexFa14AaABAg,@gongoozlised,Brogla returns 😂,2025-07-06T00:22:29Z,46,2,Other
UgwXfUDSqcW2a5ZKKe94AaABAg,@Raymal100,Brogla stepping in for David today? 😂,2025-07-06T00:21:57Z,3758,16,en
Ugwg5bbx0iZvi5abamB4AaABAg,@iwantmoney3598,"Vanoss got a sponsorship from Geoguessr before Brine, nobody tell him",2025-07-06T00:21:40Z,23,0,en
Ugyi9o6s70NkhaeuFE54AaABAg,@plantsvszombies2ultimatefa961,Welcome to a new episode of Google maps adventure,2025-07-06T00:21:36Z,4,0,en
Ugyz9EDLu1sKOL-noER4AaABAg,@Meowcat-15,Bronogla enters the chat 😂😂😂,2025-07-06T00:21:18Z,0,0,en
UgwRHL7fQ_jEUaYWaC54AaABAg,@Poppyplaytimechapter_like,❤,2025-07-06T00:20:47Z,0,0,Other
Ugwguie9216EMu-7U8x4AaABAg,@Poppyplaytimechapter_like,GeoGuessr game ❤,2025-07-06T00:20:20Z,1,0,Other
UgxVxGm2AmE8EfMjUuR4AaABAg,@justintesara18,ah if lui was in the video😢 I miss escape from kuching series,2025-07-06T00:20:07Z,84,2,en
Ugx3Pjd_zkthuYhPHuh4AaABAg,@Chef_Beat,Vanossgaming,2025-07-06T00:20:06Z,1,0,Other
Ugwqg68COSjY60u0VBV4AaABAg,@Poppyplaytimechapter_like,W,2025-07-06T00:20:00Z,1,0,Other
UgweZ61mJjqRJ1F8jJR4AaABAg,@smashbox67,Oh Yeha mister crabs 🦀,2025-07-06T00:19:48Z,1,0,en
UgwcD8gDgDITAXeq5il4AaABAg,@afacilityguard4395,THE DUDE IM NOT LOST SERIES IS BACK,2025-07-06T00:19:43Z,537,7,en
UgyQD_qz9a-yzDXUhFh4AaABAg,@TisMePyper.S,"Second location, The second I saw the phone number start with “04”…I knew this was Australia!

Oh and “Tittybong”…….is a real place here! 😂

Perth Mentioned 😂",2025-07-06T00:19:39Z,4,0,en
UgxWpNSPYMaKAWhJnv94AaABAg,@VanossGaming,"Thanks to Geoguessr for sponsoring today’s video!
Make sure to check out my challenge link & try and beat my World map score: https://www.geoguessr.com/challenge/jBB0cq7UJnhCglgd #ad",2025-07-06T00:19:25Z,1158,23,en
UgxH5hdCY1afVe3eB5F4AaABAg,@SirSchneids,"This GeoGuessr video was promised to us 3,000 years ago.",2025-07-06T00:19:12Z,136,1,en
Ugx07YsNinhxRZVE4D14AaABAg,@ZhyrossJulian,Always a good vid and the perfect thumbnail,2025-07-06T00:19:12Z,1,0,en
UgxT9MtcmlPNC7oufuZ4AaABAg,@Crazytony_Gaming,It feels illegal to be this early,2025-07-06T00:19:11Z,1,0,en
Ugw1F7mKMcHVEDHbLuZ4AaABAg,@ung0dlyload,am early this time,2025-07-06T00:19:11Z,1,0,en
UgxUeRPTTWJq9Q7rcJZ4AaABAg,@pcdiff7114,The intro takes me back to your old nostalgic videos,2025-07-06T00:19:05Z,7,0,en
UgzcaM3vNRwxAafMGZR4AaABAg,@FrightenedGhost,Let’s go boys,2025-07-06T00:18:56Z,1,0,Other
UgzSQjD9WLetnycVyB54AaABAg,@NubberNoob,penis,2025-07-06T00:18:53Z,1,0,Other
UgxqIWjhw9uBkpGLgRF4AaABAg,@Flamgeir,canada isn't real,2025-07-06T00:18:51Z,0,0,es
Ugz_A2Mtmqv-qjbWWJx4AaABAg,@hammaam23,"""Tiddy bong and 8 trees""",2025-07-06T00:18:49Z,0,0,en
Ugziz0O1u23rXwixx0V4AaABAg,@purplegangyt9401,Day 501 of telling vanoss that he's still a 🐐(greatest of all time),2025-07-06T00:18:45Z,1,0,en
UgxELwGzueSeSX-8C8h4AaABAg,@adopted-bag,Now this is a video I’ve been waiting for cause after the last video with vanoss and lui escaping kaching I’ve been dying for another,2025-07-06T00:18:43Z,17,0,en
Ugx-yo6ufQn8AGrPMGl4AaABAg,@moonpupper2003,32 SECONDS AGO,2025-07-06T00:18:40Z,1,0,Other
UgxbabQShVZY06Fmhh54AaABAg,@AngelHero86,At least he's honest 😂 Beautiful disclaimer 0:04,2025-07-06T00:18:39Z,422,1,en
UgwLjvUxyYZJFqDZ8V14AaABAg,@ToosterMusic,Update your “other channels” section,2025-07-06T00:18:34Z,1,0,en
UgyP2S9uumbkBGZnDSN4AaABAg,@KisuSisu,gay boy yes no ?,2025-07-06T00:18:32Z,1,0,Other
UgyDbs_g3pNwkwZifhl4AaABAg,@the-official-master-gamer,Damn 12 views,2025-07-06T00:18:28Z,2,0,Other
Ugy-FaK3Ilxb6qKYiDp4AaABAg,@minispeaks07,Thank you for the great videos,2025-07-06T00:18:24Z,1,0,en
UgzrGekuqn74cDGkdKN4AaABAg,@aarienlee8500,"Keep the great work up, love the vids",2025-07-06T00:18:08Z,1,0,en
UgzXD63a_hvd-rjM-yB4AaABAg,@johnmarston9875,Still popping with content🔥🔥,2025-07-06T00:18:08Z,1,0,en
UgxXM3U-BCN7fNQw0zh4AaABAg,@mattroberts5353,Under 2 minutes gang,2025-07-06T00:18:08Z,0,0,Other
UgzRTxjVL_jJcnUE1DR4AaABAg,@FelixTsang,I miss that one place called Ching Chong when you and Lui play Google maps,2025-07-06T00:18:05Z,0,0,en
Ugx_WlZDnMbSATo4nYR4AaABAg,@Unknown-hf1qu,We going on another trip with vanoss😂,2025-07-06T00:18:02Z,1,0,en
Ugy-ZZge5_LRJETYz8t4AaABAg,@hbk23,GeoGuessr was the last thing I expected Vanoss to play in 2025,2025-07-06T00:18:02Z,716,5,en
UgyvJCYsFXQjRqJu-gx4AaABAg,@nicholasmendoza5844,Will you finish your resident evil with lui?,2025-07-06T00:18:01Z,1,0,en
UgxTJyp54wkxP94jo6B4AaABAg,@bigman542,"How’s it going, Vanoss We love you.",2025-07-06T00:18:01Z,1,0,en
UgwtfA9wPJuIJSggJJx4AaABAg,@gabrielmatus23,YES YES YES YESSSSSSS,2025-07-06T00:17:59Z,1,0,Other
Ugzrvo5mBJ-ncGpflHx4AaABAg,@DoughChii,"We got a GeoGuessr video from Vanoss, let’s go!!!",2025-07-06T00:17:57Z,17,0,en
UgydEN0HHRhoSNDMa-Z4AaABAg,@soteloiskindabored,fire,2025-07-06T00:17:54Z,1,0,Other
UgwX_WX7gOUZ_qhVZ5h4AaABAg,@Ninjalord664,Let go this video had me laughing like a psychopath,2025-07-06T00:17:53Z,8,0,en
UgzqnNqI5CcB4IVShYR4AaABAg,@Herald-Of_CHEESE178,Cheese😬,2025-07-06T00:17:51Z,3,0,Other
UgxVqqDx4zslxhT_43N4AaABAg,@landonfarabee81,Yurrrrr lets goooo,2025-07-06T00:17:51Z,1,0,Other
UgyMHzm8l-_z4AQZ70R4AaABAg,@ICF941,DAY 16 OF ASKING VANOSS TO PLAY A MINECRAFT HORROR MOD WITH THE BOYS,2025-07-06T00:17:49Z,5,0,Other
Ugzg_PKA-B7Nu8og6p14AaABAg,@Tr0llageDude,"""Mr vanoss you taste so good""",2025-07-06T00:17:49Z,1,0,Other
UgzsSyXrdK6HVy8Lxs94AaABAg,@arandomguyno,Dude we're not lost GROUP EDITION,2025-07-06T00:17:48Z,1,0,Other
UgwlnODBLV5xGlOqk7p4AaABAg,@FallenAngelPsych,I love all these videos so much to relieve stress,2025-07-06T00:17:46Z,34,0,en
Ugwb3kIRR-WGNUyHMwF4AaABAg,@Timmydaboivr,I love you vanoss❤ pls keep making us happy,2025-07-06T00:17:47Z,1,0,Other
Ugw5qxkmTA5AlzxTUnB4AaABAg,@doug2406,Hi,2025-07-06T00:17:46Z,0,0,Other
UgwtsX4d0ULoFRb43pN4AaABAg,@nolanjohnston1385,Skibidi dop,2025-07-06T00:17:45Z,0,0,Other
UgyeCSvqe-fmlgZwXp14AaABAg,@justjaden5597,UNDER 30 SECONDS - love jaden pee,2025-07-06T00:17:43Z,2,0,Other
UgxvOcE72O0Cvp3-1Nx4AaABAg,@djmelvio,Never clicked on a video so fast,2025-07-06T00:17:43Z,1,0,en
UgyubvrFR1617vLvp9J4AaABAg,@seamkeen8441,as real as the particular aspect in recent content,2025-07-06T00:17:43Z,1,0,en
UgwKglEmtJS8YTuCwuB4AaABAg,@israelbarrios7975,YEAAAAAAA,2025-07-06T00:17:43Z,1,0,Other
Ugyf8SN9C1Tm9eKEZ2d4AaABAg,@Eddieavina123,Love your video Vanoss,2025-07-06T00:17:43Z,2,0,Other
UgzMxMwUmQ-LxqYLnQh4AaABAg,@THE_CHALLENGERXD,Let’s go,2025-07-06T00:17:42Z,1,0,Other
UgyHBrFkP9jT02a4ZMR4AaABAg,@FranciGitGud,I like this,2025-07-06T00:17:42Z,1,0,Other
UgzkNpzZc66up0EULvp4AaABAg,@amigochino12,Yea,2025-07-06T00:17:41Z,1,0,Other
UgxsR0d3gb2nl_EXRFl4AaABAg,@Splixi,Damn I haven’t been here in years 😭 still have your notifications on though,2025-07-06T00:17:40Z,2,0,en
UgwIc5dNHWJF6vsn_G14AaABAg,@dimondgoat1524,2nds crazy,2025-07-06T00:17:39Z,1,0,Other
Ugz1IiFziWW79Qb0_r54AaABAg,@Storm_rider85,Hi,2025-07-06T00:17:39Z,1,0,Other
UgwQ1h9EN_HEI7Iz92h4AaABAg,@JoryNinoFlores,I'm excited!,2025-07-06T00:17:39Z,1,0,en
Ugy93_dPupqur9nE_Sl4AaABAg,@PepsiDude767,LETS GOOOO GEOGUESSER 🗣🔥,2025-07-06T00:17:38Z,1,0,Other
UgzGKun6A-XqM-RMZHF4AaABAg,@pipboy-rn6pv,Sweet,2025-07-06T00:17:38Z,1,0,Other
UgwX3eSSTOuaMhjbCrx4AaABAg,@Viberac,Vanoss and Wildcat playing random game is my favorite duo,2025-07-06T00:17:38Z,3814,11,en
Ugyxf5p6iekHhMVWu354AaABAg,@Braydetheboy,W,2025-07-06T00:17:37Z,1,0,Other
UgzQ42xeFA7gAcj8X1t4AaABAg,@jojoohno6984,W day when you upload,2025-07-06T00:17:37Z,3,0,en
UgxnpdO77eG3sCXZQrJ4AaABAg,@NGxrewind,Mr vanoss,2025-07-06T00:17:36Z,1,0,Other
Ugy3g5yrxMUc2M8ZxJt4AaABAg,@urijahHerrera-g6w,Do not fear because I'm here,2025-07-06T00:17:35Z,1,0,en
UgxJq2zLwsathFoPm7Z4AaABAg,@oreoman9855,Ooogaabuugaa,2025-07-06T00:17:34Z,0,0,Other
Ugy6-4E0e5DMzi4CiTB4AaABAg,@Thagamer708,First,2025-07-06T00:17:34Z,2,0,Other
UgxGK-jSAzaXebP2ehN4AaABAg,@shadowgenesix6027,Hell yea,2025-07-06T00:17:34Z,1,0,en
UgwHifidy1rWVDtepQB4AaABAg,@luqzzy7569,Love you broo,2025-07-06T00:17:33Z,1,0,Other
Ugw8JL88figNfmAlL4p4AaABAg,@reigeclydebanal9678,Finally vanoss played geoguesser now,2025-07-06T00:17:33Z,1,0,en
Ugz9aR90qeIZhdI5t714AaABAg,@vulep3296,oi,2025-07-06T00:17:31Z,1,0,Other
Ugx-EvvU0-a8IG2iDpp4AaABAg,@claytontaylor3369,Hi Vannos,2025-07-06T00:17:31Z,1,0,Other
Ugx_wDVwcRWb3xa62Vl4AaABAg,@marcusfaze,Is that soon to be father Tyler/Wildcat?,2025-07-06T00:17:29Z,1,0,en
Ugx1DkD1XL7hMVb6Xed4AaABAg,@SinisterSaneW,yop,2025-07-06T00:17:29Z,1,0,Other
UgxSbWX7IK6IT92wQ7t4AaABAg,@TinyLad234,I love you man,2025-07-06T00:17:28Z,1,0,Other
UgzTVJRkKYs52etLHGl4AaABAg,@Cable-,Cool,2025-07-06T00:17:26Z,1,0,Other
UgzZRy0ySzu3DivNtMJ4AaABAg,@iiZamaTsu,Nuh uh,2025-07-06T00:17:26Z,1,0,Other
UgzWBQKpggcedeVeNIh4AaABAg,@nathanalexander8414,Yayyyyy,2025-07-06T00:17:25Z,1,0,Other
UgynlFtkoVUyCxGSCkp4AaABAg,@starkiller140,Letsss goooooo,2025-07-06T00:17:25Z,1,0,Other
UgwDMesJtccTFIh3Eop4AaABAg,@dimondgoat1524,Hi,2025-07-06T00:17:24Z,1,0,Other
UgyVUwvOvuq6KnMkz3h4AaABAg,@moneyjoefilms3744,First,2025-07-06T00:17:25Z,0,0,de
Ugw0_VA_dCbv0vjjGBJ4AaABAg,@gunnartryggvason3957,1 in likes really big fan keep up hte great work,2025-07-06T00:17:24Z,2,0,Other
Ugx5LexhwLP_6__7dPp4AaABAg,@danny-kt3sn,Let’s goo GeoGuessr,2025-07-06T00:17:24Z,2,0,Other
UgwF0jOy7nQ8eYa1uPR4AaABAg,@pp3045,Yuhhh,2025-07-06T00:17:23Z,1,0,Other
UgwRGoCpQzJk0i5Ejux4AaABAg,@STRLlama,Now this is content,2025-07-06T00:17:23Z,12,0,en
Ugyd3aqj_m0WWuEwxx54AaABAg,@murfchop9783,YEAHHHHH,2025-07-06T00:17:22Z,3,0,Other
Ugx2AQ2jXdAQ3RJzTjF4AaABAg,@UnFictional_Ki,ALRIGHT,2025-07-06T00:17:21Z,1,0,Other
UgzlxivMBErXv_rUZad4AaABAg,@AJ5D34,Yoo,2025-07-06T00:17:21Z,1,0,Other
UgzPK1rcReThXX3gpTV4AaABAg,@Davidvasquez-i7d,Yay,2025-07-06T00:17:19Z,1,0,Other
UgySOg6ePfzQI-UCmKh4AaABAg,@SeniorDorito,rahhhhhh,2025-07-06T00:17:19Z,1,0,Other
Ugxco4g8HU0Ydf_qMsV4AaABAg,@alrevenant,Hiii,2025-07-06T00:17:19Z,1,0,Other
UgzdJD2xDResfCEFcl14AaABAg,@Squaman,I love you,2025-07-06T00:17:17Z,1,0,Other
UgwlKZBwhBDN6PnucOF4AaABAg,@poohead44,fhrjdjjddj❤,2025-07-06T00:17:17Z,0,0,Other
UgxA87ubXPNCG9Ebz_54AaABAg,@juanrodriquez9494,First,2025-07-06T00:17:16Z,2,0,Other
Ugx0LN9vIw0tAyHgK1x4AaABAg,@Coast1131,I think I’m the first,2025-07-06T00:17:15Z,0,0,en
UgwD9xrEX0yoi6PQBgt4AaABAg,@علىاحمد-ق8د9ب,Hi,2025-07-06T00:17:14Z,3,0,Other
Ugz8rTe8z-5hGCPqN3h4AaABAg,@RealJackBenson2006,"Yooo, also Yippie.",2025-07-06T00:17:12Z,1,0,en
Ugxmfq6uoC-TmzsXQTZ4AaABAg,@KokoLiko-w3f,First,2025-07-06T00:17:11Z,2,0,Other
UgyXaXfZDOejzy8EkON4AaABAg,@Muhammadm-1,MORE,2025-07-06T00:17:11Z,3,0,Other
Ugx-1T1RpXOL7ms-CTR4AaABAg,@ArcErebus,Yea,2025-07-06T00:17:08Z,18,0,Other
