Comment ID,Author,Content,Publish Date,Like Count,Reply Count
UgyXFy9k3MXQDwpmm754AaABAg,@jacksepticeye,2014 Jacksepticeye is BACK,2025-01-28T17:26:07Z,24359,530
UgzsMV9TWCO7xAa7lAF4AaABAg,@benjaminjanowsky3388,where bird,2025-11-19T03:37:03Z,1,0
UgxKOiXt_0q0Au8Tt9R4AaABAg,@catonmahkeybord5967,JACK THE RAMP NEEDS TO BE LOWER,2025-11-17T05:42:42Z,2,0
Ugz8X4mSy4V-6wBx0BZ4AaABAg,@ScarecrowsLAY,2:52 from punch em to punch up what an upgrade,2025-11-14T07:34:02Z,2,0
UgyH_8o4qPBGp2Qe1FF4AaABAg,@MomoKenshin-n2r,2:56 how bro got his dispatch,2025-10-30T12:59:54Z,1,0
UgxjeQhrJwgDv56uKVB4AaABAg,@jeefori,Where tf did the car come from lmao 26:31,2025-10-26T12:34:28Z,0,0
UgwJouV9K0u44sPe7-94AaABAg,@carriemccarthy9261,And the rivalry with snowplows continues!,2025-10-14T11:17:11Z,0,0
UgzSKpYIUQJkZPa4HWV4AaABAg,@SauceyRedHN,19:30-19:45 cracked me the fuck up LMAO,2025-10-13T03:25:58Z,0,0
Ugw_LjH9or-MJdTkRPl4AaABAg,@RoomtemperatureIQ-z5v,Jacks got gray hair….,2025-09-19T23:36:10Z,0,0
UgxXLPdE2oG2SpxoLNR4AaABAg,@ironkiller8574,Jack we need more caramel space program videos,2025-09-15T17:49:59Z,1,0
UgxdXK9I8l1WyMB3dlR4AaABAg,@BisbordUser,I am bawling my eyes out of pure joy.,2025-09-05T10:39:17Z,0,0
UgzeGSBYmW6MTeHWMv94AaABAg,@michelleamaya6446,Broo iOS on phone no,2025-09-02T06:32:32Z,0,0
Ugx3WSuLdJBQIp1gOz94AaABAg,@michro1982,"I dont know if youre responsible or yt is, but your channel, by far, has the most ads of any other sub. Approximately every 3mins. It making your videos a chore to watch man...... its actually a joke",2025-08-28T03:24:42Z,0,0
UgwdpjufNy2uxdlsbfB4AaABAg,@KOF1018,Is this a demo?????,2025-08-26T20:06:16Z,0,0
Ugy0mp5tiY-TUZrSrvp4AaABAg,@kaydraven,11 years later and Jack crashing into stuff can still make me laugh and feel better after a crummy day. Thanks ❤,2025-08-26T18:48:38Z,0,0
Ugz9Cnjzv1ulqDsaho54AaABAg,@St.rangermusic,Haven’t watched this channel since 2017 or 18 when I was in high school. I am healing my inner child,2025-08-23T16:31:47Z,0,0
Ugwk1EsuLBFLpctNcm14AaABAg,@DanielTubeXD,10:57 OUUUHHGGGGGG Got me on the floor😂,2025-08-22T22:28:50Z,2,0
UgxHg1DE0D_sBRi1x6B4AaABAg,@VALKOU_OFFICIAL,"We need to find Mark playing this now. Damn, I would love to see him play the second game even though this video was six months ago.",2025-08-21T20:36:11Z,1,0
UgyA3F8u7LTdGDaeBHF4AaABAg,@velentr,Im in serotonin heaven!!!,2025-08-19T09:44:35Z,0,0
Ugx7xU0zDAh5GCJDQbl4AaABAg,@CristianLeon-w3b,No way... its back???,2025-08-18T06:34:38Z,0,0
UgxlUvYUqj_UmpS8AYp4AaABAg,@claytonstephens4425,Is there a turbo dismount 3,2025-08-17T18:02:56Z,0,0
UgzdDbeWWSS5QnA0v0h4AaABAg,@DaemonCaedo1,The vehicles are way too fragile in this one.,2025-08-12T09:00:53Z,0,0
UgzKkzRe-lGXa1BjzO94AaABAg,@Fizzy_Alyzza,OKAY LOVE THE VID JACK BUT I NEED TO TELL PEOPLE ABOUT THE AD I GOT ON YHIS VID THEY SLICED A BURGER LIKE A PIZZA NO DONT CUTS BURGERS LIKE A PIZZA,2025-08-04T23:06:52Z,0,0
UgzfpqiyYP5ubYFES2h4AaABAg,@Knockoffappguy,"u should play ready is not!

It a swat sim and its a good challenge",2025-08-04T19:26:14Z,0,0
Ugy9JVcPTscmKHtDAlx4AaABAg,@Leon.s.kennedyre4,Childhood,2025-07-31T17:00:46Z,0,0
Ugwm8XH7mW5eWZMo_Hd4AaABAg,@olivercosmicwolf756,"20:32 as Jack once said to his rival in the original game 
*FUCKING SNOW PLOW*",2025-07-29T04:55:32Z,0,0
Ugyv2ijmahQocSmieCx4AaABAg,@usenpol950,Will go to the parking,2025-07-26T08:17:55Z,0,0
UgyPWWq9G7dvZ1BGjeh4AaABAg,@BOB_HOPE859,Looks great but the models look abit cheap. I liked the old matt finish on the old game and the models had great proportions snd placement. These kinda feel like toys.,2025-07-25T22:01:06Z,0,0
UgwdQXrBHU93DoYoPHR4AaABAg,@drewhansen2786,0:08 everyone have a dance party all just because of the scene,2025-07-25T21:40:36Z,0,0
Ugy-uYtAZwNEtQoxbix4AaABAg,@SocialistIndividual,"2014: “SPEED IS KEY!”
2025: “Well not if you get hit by a fucking bus!”",2025-07-25T12:48:18Z,0,0
Ugz7EzuKU-_lLAoJJA54AaABAg,@ALIENZz-p6w,I remember watching some kid play this alot same w/ jack. Memoriesss,2025-07-19T12:25:35Z,0,0
Ugy1eYgHI7T1qdQyVNN4AaABAg,@YenStealer,Big lightning? I thought he was saying Pink lightning for 10 years!?,2025-07-19T04:00:36Z,1,1
UgwLaD6QfwAJKV-7LG54AaABAg,@jordynkennedy4127,big air compo was the first map you played when you first downloaded maps in the first game,2025-07-19T01:40:30Z,0,0
UgzUUk81zQ8_lABG4nB4AaABAg,@raffixd9691,"Speed is key, I love the 2014 Jackcepticeye",2025-07-14T02:30:48Z,0,0
UgzNidXQqLy4iSbaP_x4AaABAg,@dauntsyt7570,"The entire time I thought he was saying ""pink"" lightning",2025-07-13T10:51:54Z,0,0
UgwnB-R5U8Ipd_WupKt4AaABAg,@Sam-cq3sl,"Did you just say ""I need a ramp, maybe a spring tramp"" 🤔 i though it said ""spring trap""",2025-07-08T22:16:12Z,0,0
Ugx6EVlRKgDdpGr1D8F4AaABAg,@maxe_mini,Oh my GOD i checked on your channel after a while of not watching and this just sent me back to 2014 when your Turbo Dismount video was one of the only things that could cheer me up when i was sad. Genuinely could never forget how it was genuinely the funniest shit to me EVER,2025-07-06T20:05:37Z,0,0
UgzmJniQqAYTXi8a2Cl4AaABAg,@Yaboylog,"Yo thing brings me back soo hard bro, love you jack you where such a big part of my childhood",2025-07-06T02:21:04Z,0,0
Ugx3uT3iB-ewqAtmb014AaABAg,@gipsypavenger1464,Can we please get more turbo dismount 2?,2025-07-05T23:59:01Z,0,0
UgwpZifwMqiCOGW5lPJ4AaABAg,@elijah23_,"back to the good old days. I found your channel back in 2014, when I was 7, I was looking for turbo dismount videos and I've been watching your channel ever since. So many memories of watching your videos after school and waiting for the daily uploads, back when you posted 2 videos a day everyday.  It's so great to still have new uploads even today. Thanks for everything man ❤",2025-07-05T10:43:11Z,0,0
UgyRV_P2LZqTcxknJut4AaABAg,@madkatana3075,"omg turbo dismount 1 was the first video I saw of u, so this gave me flashbacks",2025-07-04T09:50:25Z,0,0
UgyUmjgM7lyGRIuOES54AaABAg,@Niccolo-j6s,Stair/Turbo Dismount X BeamngDrive,2025-07-04T04:56:22Z,0,0
Ugy2pxWTYKZTWb5yZvd4AaABAg,@Skymoc4,"Anybody else misses when Jack started a video with: *""Top of the mornin' to ya ladies, my name is Jacksepticeye!""*",2025-07-02T04:51:32Z,0,0
UgzpUZBJqDirVY-8rQF4AaABAg,@Skymoc4,0:10 YES!!!! THIS. THIS IS WHAT IVE BEEN MISSING FROM YOU!!!,2025-07-02T04:50:01Z,0,0
UgzbPlc8AZyeG283wgN4AaABAg,@chrissimmons9743,"11:53
Jack (to his in game character): You deserve bad things
:::CRASH:::",2025-06-26T12:39:53Z,0,0
Ugw1WiMYOV6ozre2D6V4AaABAg,@AVIXS_0,"I feel like im 12 again, this is a strange feeling, and that was strange to type",2025-06-26T05:08:50Z,0,0
UgxNIvMv0pwKQNHLfst4AaABAg,@abodygoaty,Hey Jack Please do Goat Simulator Remastered Next. The Game Came out on 2024.,2025-06-25T21:37:37Z,0,0
UgyIYFY84uxufYbLYMV4AaABAg,@stormy6953,hearing jack say that intro in that exact voice brought me back so much nostalgia,2025-06-22T09:17:56Z,0,0
Ugz557ouI3s7IQPUJZl4AaABAg,@solaris9571,The gray hair man,2025-06-21T18:02:45Z,0,0
Ugy75sMCDeTX38uUQZJ4AaABAg,@ButteredCarpet,WHEN WAS THERE A SEQUEL??????????,2025-06-21T05:14:27Z,0,0
UgyuT1OoC8u-9V68JHp4AaABAg,@dakotagraziani4947,I’m still watching in 480p lol eventually I’ll have good service,2025-06-18T14:24:34Z,0,0
UgwMREG8Ekp1PMOxmT54AaABAg,@teendadgaming,When i started watching jack i was like 10 and it was games like this. I turned 21 last month and im a father. Where does the time go,2025-06-13T03:43:38Z,0,0
Ugxg5EmcV3KvIoijqaV4AaABAg,@devinbrothers2132,I would LOVE to see more turbo dismount 2!,2025-06-12T22:18:21Z,0,0
UgxU6QJdjYI-94jdtZN4AaABAg,@stantonteo,"11:15 that's crazy, totally understand why you said what you said after that jump.",2025-06-12T13:05:11Z,0,0
UgxfqEVQIsXyPSf9BVJ4AaABAg,@slytherinapple8329,I AM SO PISSED I MISSED THIS,2025-06-10T14:03:32Z,0,0
UgypCFbcIudZUwExAhV4AaABAg,@Xinneon,The intro just gave me all my energy back,2025-06-10T03:33:20Z,0,0
Ugxf4xGmPO3Zb7bnATx4AaABAg,@AphiweMjacu-q5o,There's a 2!!!!!!!!!!!!!!!!!,2025-06-08T07:10:40Z,2,0
Ugw3ydC3lDMxAw34TIB4AaABAg,@nugamer7024,"OG subscribers remember turbo dismount. Man, what a throw back. Im 24 now iv watched you since i was 12.. damn",2025-06-06T10:28:45Z,2,0
UgyvIw5Q3baRcmYUTNd4AaABAg,@rickygranozio8625,Petition to bring back 2014 Jack,2025-06-06T07:47:27Z,1,0
UgxqDQK6Ox7-bq88lu94AaABAg,@LeeHeinrich-z2u,Why’s jack graying,2025-06-04T17:57:55Z,0,0
UgzAe9fRf5UYaUL6IB14AaABAg,@Izzy.issick,I laughed so hard i cried and my false eyelashes fell off,2025-06-04T04:23:49Z,0,0
UgzcDCzoULdu3BWfHVl4AaABAg,@ProtoBlueGaming,They did EVERYTHING right.,2025-06-02T07:58:09Z,0,0
UgzsZtm1sJ54cmu-aRN4AaABAg,@chrisspie4870,Wow I love this game ever since he did the original this one has a lot more stuff to offer pink lightning I'm so glad to see him again,2025-05-29T10:40:11Z,1,0
UgxUEbus79u-oGkZ9cx4AaABAg,@FrosBit3TheBoistar,"0:46 AOGHHHHHHHHH BIG LIGHTNING
7:54 NOTHING STOPS THE SQUATCH!!!

That’s all I came for",2025-05-29T02:34:29Z,0,0
UgzSGr2utC-07XdyEMl4AaABAg,@ae186k,I just stumbled onto this video and and realized I found the most annoying weirdo on the internet,2025-05-28T04:14:20Z,0,0
Ugw0wxDlaomN62EMo_Z4AaABAg,@BabylonGames798,It's like this video was actively breathing new life and energy into me as I watched it,2025-05-25T17:04:59Z,1,0
UgzeKMC7z-e5Tuc6rJB4AaABAg,@DinglebobMcJohn,sexy beast❤❤,2025-05-25T03:29:09Z,0,0
UgyvnJTlEABuu4GxXDx4AaABAg,@arandomguy6971,When i was 10 I watch you now im 18 and i still watch you,2025-05-21T23:30:37Z,0,0
UgxNDk7N4o2pAdYhftN4AaABAg,@door-n8f,He's back but this time instead of green hair its silver The years really do go by don't they,2025-05-18T02:26:45Z,0,0
UgytG1HRDbXSaZEL3QJ4AaABAg,@Cosmos6745,And just like that it’s gone.,2025-05-17T12:09:45Z,0,0
Ugzxgh5TrdD4gSrbxIl4AaABAg,@riogonzales7760,Where's the cap jack!?,2025-05-16T19:43:29Z,0,0
Ugzo7ZllAXNWwYDhHyx4AaABAg,@johnscosplaycorner628,So weird to see his hair turning gray,2025-05-15T00:04:50Z,0,0
UgxZoQ2XWWwVWU0PXaZ4AaABAg,@glaciermuffins5979,Been here since the og videos,2025-05-13T21:42:08Z,0,0
UgyB-ie0JSl2c70FyBt4AaABAg,@Autumnlycoris,"I actually found you through turbo dismount just randomly looking for someone to watch way back when, this is a nostalgia rush! Please tell me youll make this a full series!",2025-05-10T16:53:57Z,0,0
UgyWKXTyedSWxMztwxF4AaABAg,@MilkMen_ink,6:48 the milkman agrees to the goat sir jse,2025-04-30T03:42:51Z,0,0
UgyXJyoxdfEEdKcwxJh4AaABAg,@mzjalic324,I showed my partner some of the old Turbo Dismount videos not long ago and now there’s more! I shouted “In the next episode!” Just expecting it after lmao,2025-04-29T22:16:29Z,1,0
UgxXh1Lt2cfXu88U-lh4AaABAg,@serdeciaxdecimus,"Bro, i literally just watched jack again tonight for the first time in years, this is the first vid I saw. The nostalgia is hitting me like a ton of bricks and I aint complaining",2025-04-27T12:15:38Z,0,0
Ugy2esxbRkogmfAWaZh4AaABAg,@lovestodraw19onroblox,"NOTHING STOPS THE SQUATCH, OHHHH PINK LIGHTNIN, and THE PENETRATOR BOSS THRONE",2025-04-27T04:25:14Z,0,0
UgxlInpiE1OdpR1KlIt4AaABAg,@lovestodraw19onroblox,Old Jack to the waste lander: this thing handles like a badger,2025-04-27T04:19:02Z,0,0
Ugxo8dkJhU_KEen4XC14AaABAg,@Away1910,The first TD was the first time I ever watched you.,2025-04-26T15:13:43Z,0,0
UgwilgzXG4R6KbBOurV4AaABAg,@bbs_lobby,"Me: ""You know your eyes?""
Jack: ""Yeah.. I know of them?""
Me: ""It's all blueeeee""",2025-04-26T03:23:42Z,0,0
Ugyf36BVkXCq4cppzzt4AaABAg,@Keeper-of-the-secrets,"""its never been more perfect"" *car instantly breaks*",2025-04-24T19:20:48Z,0,0
UgwNALy2-mkA02ANR0l4AaABAg,@woolmango,But what about - THE PENOTRATER!!!,2025-04-24T00:19:47Z,0,0
UgxNdP9hHyKJSl5mR4B4AaABAg,@Timmering,Turbo dismount… this sounds familiar… HOLY S,2025-04-21T10:20:51Z,0,0
Ugy4Y-qxM92U-ZNJxTd4AaABAg,@JontysCorner,All that ring of fire crashing was a bit more Romain Grosjean than Max Verstappen,2025-04-15T20:47:48Z,0,0
UgxSjsa85KdFGfX3SdN4AaABAg,@eldridge7761,10 YEARS AGO???? i watched that when it came out woah i feel so old,2025-04-14T07:37:57Z,0,0
UgzW8oyY-AqaASznVPh4AaABAg,@JaeDubMusic,I just got to relive my childhood thank you,2025-04-12T19:51:59Z,0,0
UgzyOHIoofe8jhvj1gp4AaABAg,@texasrigged5875,I didn’t hear a single speed is key sad😢,2025-04-11T10:43:46Z,1,0
UgwVJUsmpCPyNpGgvFd4AaABAg,@Lawden210,"I do like how all the cars have drivers with faces in them
Plus the environments have an interesting appeal",2025-04-09T21:10:03Z,0,0
UgzAnPa8RolO3vNZBOR4AaABAg,@Lawden210,"Love this
Especially Jack bringing up Clustertruck",2025-04-09T21:07:16Z,0,0
UgwcvFAmQyK2ab2yZyl4AaABAg,@mason09114,I forgot about turbo dismount but omg the memories when i seen the thumbnail and title,2025-04-09T19:58:26Z,0,0
UgwvX1av4XaxS_pdibl4AaABAg,@pip4773,I LOVE THIS GAAAAMMMEEE,2025-04-09T00:32:31Z,0,0
UgzzqOGbBOB8H35PyXR4AaABAg,@s1ultraz674,Wonderful more of this Jack come on man,2025-04-08T18:23:33Z,0,0
UgxHEJD7PlWQ60HU6HZ4AaABAg,@bendalipagic7345,Hey @ jacksepticeye after years of watching you watching you play this has made me genuinely cry tears of nostalgia thank you,2025-04-08T04:54:50Z,0,0
Ugw7k3MflzL78-mURLV4AaABAg,@R34_coming_soon,Man this was a fun ride still top notch content ❤,2025-04-08T01:01:00Z,0,0
UgxL_eOJyRvLwAXk_5J4AaABAg,@queenb1119,"13:18 is giving BIG TIME ""Power, speed, agility, inertia, aggression, speed"" vibes from the Game Grumps episode where they're launching the different airplanes! 😂",2025-04-06T08:36:01Z,0,0
UgyjIwQ2bpujlOtIk6Z4AaABAg,@fesworks,"Sean once said ""You don't actually miss the old Jacksepticeye, you miss how you felt."" Which isn't quite true. We missed the chaos and reactions and feel of the old Jack of what we originally subscribed for. But that also shouldn't mean that the creator shouldn't grow and change.",2025-04-05T21:02:44Z,2,0
UgyaDDR9_UL5LpEt4_14AaABAg,@Grunnismienthuus,Love this nostalgic feel of this vid! I remember i watched turbo dismount whenever i felt down and it would always make me laugh😂,2025-04-04T23:51:20Z,0,0
UgyBaEIwPOTj8bgqe8p4AaABAg,@Richkid554,"While you may not see this it may be helpful anyway. 

Your camera is being used to film your face for the video, a camera video feed can usually only be in one place so youd probably need another camera to do the live face feature. 

thats my best guess.",2025-04-04T03:19:07Z,0,0
UgzbJuRzapbFvjKt0gF4AaABAg,@natertotzop2860,Hey Sean I haven't really been watching your videos as much as I used to and his nothing to do with you but I'm glad to come back to your channel whenever I can I love that you always at some point go back to your roots and it reminds me of when I would watch you when I was in middle school or highschool,2025-04-04T02:46:54Z,0,0
UgxxPVpNzxDwGjDeBNl4AaABAg,@Deltoid28,"So i looked at this as compared to his first episode this isnt the same Jack look at his nose and laugh lines in the cheeks this ""Jack"" his lines are much closer to his nose",2025-04-04T00:01:12Z,0,0
UgxaT6_oxLa95oDdDwV4AaABAg,@jacksonpendleton8241,Love you Jack have not watched in at least 2 years but I remember when you were still yelling at maaaaa!!!!! And first subbed in the good old skate3 days,2025-04-03T20:11:20Z,0,0
UgwM0scuiOGlcA3FqeB4AaABAg,@greeneyedcatto,day 24 of asking mr jack to play Until Then by polychroma. finally finished the teathre play. i feel so good,2025-04-02T10:28:48Z,0,0
Ugz5nYyXUN0a9qiJniF4AaABAg,@opalpersonal,"it's 2015. i'm eating cheerios and watching jack play turbo dismount.
it's 2025. i'm eating cheerios and watching jack play turbo dismount.",2025-04-01T21:14:36Z,0,0
UgwFllC9wV5Oot2-Ayt4AaABAg,@dustlockealexander,I was barely in middle school when he started playing this game. Now I’m turning 24 and getting my CDL license and seeing turbo dismount popping up made me forget I was an adult. What a nice release,2025-04-01T10:27:04Z,0,0
UgysqplsEi-iP5X9WxR4AaABAg,@OG0ven,This video healed my nostalgia,2025-04-01T06:58:41Z,0,0
UgwLxVk2BabYVZqCkox4AaABAg,@lukasbradley4724,I'm so happy the clap is back thank u jack I missed it so much,2025-03-30T04:25:55Z,0,0
Ugy4JX67ReW1Rpi9nqh4AaABAg,@mediatorofsouls8695,"Jack: ""You're in safe hands jacka' boy"" proceeds to surplex buggy into concrete! 😂 👍",2025-03-28T16:42:22Z,0,0
UgwiV0vzmHPg-iqvdsd4AaABAg,@MG-lz5nw,"aint no way, havent heard about this game for like 10 years",2025-03-28T06:15:34Z,0,1
UgyiogsVzdpu8u-m6nd4AaABAg,@Scottish-ops,I remember watching your turbo dismount videos when they came out ten years ago! I was 6 and it's wild to know through varies youtube amounts I have always been subscribed love to see the game revived keep it up man much love!!,2025-03-28T00:46:07Z,0,1
UgwH3K-JLbLYza2jD394AaABAg,@warrenmorgan4843,🕺Nothing but groove town baby!🕺,2025-03-26T07:42:39Z,0,0
UgyXIiqwASX8sm1bSGt4AaABAg,@OfficialSendIt,"Ngl, I forgot about this game. What a pleasant memory🤗",2025-03-24T11:28:36Z,0,0
Ugw1cuzulp-NAKQ_6854AaABAg,@SoicAngellis,Holy shit when you went intot he slow mo I thought the music was edited in but HOLY CRAP it's actually in game?! Truly the sequel none of us expected but ALL of us desired!,2025-03-21T08:51:53Z,0,0
UgyNDMa_G2UwERuNFjt4AaABAg,@gabegamingguy2858,Oh this video brings me so  many happy memories,2025-03-20T21:18:23Z,0,0
Ugx4vkqOIvsC4muq2Vh4AaABAg,@say7951,"Oh man, good times, and this cracks me up still. 😂",2025-03-20T02:25:50Z,0,0
Ugy8z1GrfnjiRkVLWEB4AaABAg,@enderfredbear5144,20:30 Jack's arch enemy in turbo dismount the snowblow,2025-03-19T17:44:48Z,0,0
UgyaCttPFNSwmhcq40x4AaABAg,@mutexgamex4285,to think this was 10 years ago. god. im 19 almost 20 now.,2025-03-19T03:25:33Z,0,0
UgxQWyiyem7-FSCAnJN4AaABAg,@conmenn858,im here from 2014. there was no top of the morning right away and i was shocked for a second lmaoo. its good to be back.,2025-03-18T21:38:58Z,0,0
UgyqHa0dZDtBstQTOUZ4AaABAg,@greeneyedcatto,"day 23 of asking mr jack to play Until Then by polychroma. Deadline is on april, the theatre is going smooth. I have more free time so i should be able to put logs everyday again",2025-03-18T11:50:06Z,0,0
UgwSKdDdqyXWo_VO9kV4AaABAg,@Imaginationdiva016,"I had no clue they even made a second game, definitely getting nostalgic vibes back to the OG game -- in fact, I think I should go give it a rewatch -- it's been too long :D",2025-03-18T08:56:37Z,0,0
UgwM9yD_FEUw2ZRyAPR4AaABAg,@Sshotzz-real,I watched you play this game when i was 10 years old the nostalgia,2025-03-17T20:57:56Z,0,0
UgzBqfrUOi05xLW0T_94AaABAg,@josephreddaway5342,@jacksepticeye Happy ST. Paddy's Day to you! I had to hit up one of my favorite Irish creators. I'll be watching a bunch and seeing a Turbo Dismount pop up on my feed makes me happy XD,2025-03-17T13:43:45Z,0,0
UgzrnTBNLVgCtzU2A-N4AaABAg,@greeneyedcatto,"day 22 of asking mr jack to play Until Then by polychroma. I havent been very consistent lately, lots of work to do, but im actually having fun doing my job and i dont get why.",2025-03-16T09:49:44Z,0,0
Ugy9HLSIqfC1bIxScbJ4AaABAg,@Tanner-cz4il,Pleaseee more of thiss,2025-03-15T05:02:10Z,0,0
UgwP14sJKVmlNpuUPU94AaABAg,@connortheis8697,"U can physically see and feel that since he stopped doing 1 or 2 vids daily his entire demeanor, energy, and just overall happyness to play watever game hes playing is just ten times better than it was towards the end❤❤❤❤❤❤❤ love and missed u jack❤",2025-03-15T02:51:18Z,1,0
UgxltP2gHl-pSAsoLKp4AaABAg,@robijakus6860,this honestly low key made me feel like i'm back in 8th grade once again,2025-03-14T20:32:44Z,1,0
Ugxm88e5TcCSxHpH1EB4AaABAg,@robijakus6860,i cannot believe that Jack actually forgot that even in the old game he used to be able to put on custom faces,2025-03-14T20:32:03Z,1,1
Ugznr09VEwpASz-ZedJ4AaABAg,@bigbrutus5567,Made me have to go back and watch some happy wheels videos,2025-03-14T03:58:11Z,0,0
Ugw7MiTOQH-UfPZV22x4AaABAg,@polargenx1219,this video reminded me why you were my favorite out of the big three at the time. great vibes,2025-03-13T16:25:35Z,0,0
UgzYjv3bS0aoMiRRZBZ4AaABAg,@greeneyedcatto,"day 21 of asking mr jack to play Until Then by polychroma. My body aches, it's really late at night, and i still have work to do. The theatre practice is going really well but i still have a lot of other stuff to do. Next week friday is the day of presentation, I wish I could focus on one thing at a time, but work is really piled up. wish me luck",2025-03-13T14:26:57Z,0,0
Ugx5fDBlHG0VKYUhXqJ4AaABAg,@microTrash28,This was only missing your old flat cap.,2025-03-11T23:17:17Z,0,0
Ugx2E-3TFqNmGvEJGAx4AaABAg,@GarpuSiomay31,Feels good to be back in 2012-2014 ❤,2025-03-10T09:47:14Z,0,0
UgxjRKoM_eX8ty7ICWh4AaABAg,@BJizzle-r6l,Every time you crashed worse the music got louder 😂,2025-03-08T05:39:50Z,0,0
UgyBAPR2NxL1FIag9IR4AaABAg,@gojaxsonYT69420,"""NOTHING STOPS SASQUATCH!""
*Proceeds to fall into the void after starting*",2025-03-08T00:55:54Z,0,0
Ugy0-4LNOeTjbv6qjlh4AaABAg,@Nethzy1,"I watching he's old turbo dismount video back then when i was a kid (9 years ago), and this how i watch jacksepticeye video for the first time, but for now i just happy to see jack play the insane game again. Nostalgic",2025-03-07T15:33:51Z,1,0
Ugyf8kKBJoD6YmCoa7t4AaABAg,@greeneyedcatto,"day 20 of asking mr jack to play Until Then by polychroma. I havent put a log( yes im calling it logs now) here in days, the theater really takes a lot of my time but i really like it.",2025-03-07T13:50:29Z,0,0
Ugy0cQVqfqWr0LcbqJF4AaABAg,@chowell1451,"Haven’t watched in years but this the perfect vid to come back too,",2025-03-06T03:32:46Z,0,0
Ugxfw6vGkpCtOiPi7R94AaABAg,@thephenomenalphantom8372,Our child selfs are breaking down at the moment,2025-03-05T15:12:18Z,0,0
Ugz0B8p9mrOH2VW0qIB4AaABAg,@TroyIngle,"1:49 Oh man , the nostalgia....
7:58 what in the hell was that, Sasquatch? 😕
10:58 gandolf when he's constipated...",2025-03-05T07:14:12Z,0,0
Ugwh4CQe0sgr75kEwU54AaABAg,@hunterporter6995,"More of this plz, waited so long for a new episode",2025-03-05T03:32:54Z,0,0
UgxvAV99Cbrn-_NrD7h4AaABAg,@Dackadoe,Anybody know what happened to turbo dismount 1 on the app store it's gone,2025-03-05T02:14:38Z,0,0
UgxZtRwOHXSuSpmL5Ih4AaABAg,@shreddpool7134,"Uh why is it Big Lightning instead of Pink Lightning, This bothers me more than it should.",2025-03-04T14:59:08Z,0,0
Ugw9Y3g-HLhLu6JuWhF4AaABAg,@SuperGripper,14:24 The duality of man.....,2025-03-04T00:47:58Z,0,0
Ugx-Wftf03-CP_937fx4AaABAg,@bendyzipper,and i’m back in 7th grade. good times.,2025-03-03T23:21:33Z,0,0
UgxjHsaNRyXkP4uL7I94AaABAg,@furioussherman7265,"20:02 It wasn't screamed at the top of Jack's lungs like it's supposed to be, but I'll take it. This all just brings back the highschool memories and I love it.",2025-03-03T02:29:00Z,0,0
UgwC-yBOmwoynlhHuOx4AaABAg,@ChristopherAquilina,"With Boosteroid, I never have to worry about running out of storage.",2025-03-02T22:34:57Z,0,0
Ugy0JoMj7JVZI24zS614AaABAg,@Danno-smol,The single-handedly made me want to rewatch the entire series.,2025-03-02T11:10:47Z,1,0
UgzrySyOGyycXyWFzrt4AaABAg,@Shlippey.N.Drippy,"We got turbo dismount 2 before gta6?, THATS wild",2025-03-01T15:47:13Z,1,0
UgxRKA8fRHli8_HxZCR4AaABAg,@Danno-smol,26:30 Yeah now even more cluster fu- truck 26:45,2025-03-01T07:40:43Z,0,0
UgwKJ-7NdB-cRwIMSXd4AaABAg,@lazarbeem2811,Yo Jack I love your vids man. I like watching your older videos and I will keep supporting. I especially your state 3 vids Betty is my favorite part because your so funny playing as her,2025-03-01T06:28:10Z,0,0
UgyoFkq6wghLQQKN62R4AaABAg,@greeneyedcatto,day 19 of asking mr jack to play Until Then by polychroma. I was assigned to act a very important role in a theater play today. I hope to do well,2025-02-28T16:23:06Z,1,0
UgzmfSaEoxFcG6Ktn2x4AaABAg,@DustinT95,I missed this so much 😭😭,2025-02-28T16:06:31Z,0,0
UgwY6zN5SgnpGdgY5xx4AaABAg,@IrishHoney,Start the car start the car. Put in gear and Driive. We gotta git outta here.,2025-02-28T13:12:51Z,0,0
UgxXGOhGFkoVl5g-yWR4AaABAg,@NaudVanDalen,6:21 Team Rocket is blasting off again!,2025-02-27T20:07:56Z,0,0
Ugzd_XKutK_Y-uDgkph4AaABAg,@greeneyedcatto,"day 18 of asking mr jack to play Until Then by polychroma. Didnt get to comment for a few days, got so much work to do.",2025-02-27T13:23:14Z,0,0
UgzltFVx1xrbAEDndTh4AaABAg,@jill61421,I have been subbed for over TEN YEARS and that was when I was a teenager. I am now watching turbo dismount with my son...😭😭😭 sure he wants to watch bluey but momma has to EDUCATE,2025-02-26T15:21:21Z,1,0
Ugz7foY9yLZ8uoMABa54AaABAg,@haditheworldstomper7903,Jack ! I have watched your life is strange series 68 times. No joke. And I'm talking about every life is strange game. But i am very dissapointed you didn't play Life is strange double exposure. I recommend you to play double exposure as it will connect to your heart and your soul. Please play double exposure,2025-02-26T07:51:22Z,0,0
Ugxs0liRxgr5Mz02pox4AaABAg,@justenalvarado6476,I literally started thinking of turbo dismount like 2 months ago and I see this. memory’s bro,2025-02-26T03:33:38Z,0,0
UgwM-HrOKNokwdHTPJh4AaABAg,@splatastic244,This just unlocked some core memories which i had for some reason completely forgot about-,2025-02-26T00:36:55Z,1,0
UgzOp0qy2NPMjbmgVDd4AaABAg,@uwantbeeef8812,I’d never thought I’d see the day,2025-02-25T19:52:06Z,0,0
UgxQN306_CC2RFAOwsV4AaABAg,@abrive8085,2014 me is back watching Turbo Dismount 😭 😭,2025-02-25T16:25:44Z,0,0
Ugyn6lsNLeevNsm0a9V4AaABAg,@davldbradley6073,"Great energy Jack! Like the old days you were really getting into it. 
     Get your editor to double the watch time to 48:50 minutes. 
           Loved it 😍…",2025-02-25T07:32:18Z,0,0
UgxQfLBW2xUm9O9xMQN4AaABAg,@Herbalboat53303,Great memories! I love this! All our childhoods in this video right here. Hope you’re doing good Sean👍. God Bless you man🙏,2025-02-25T06:19:05Z,1,0
Ugzx4BhljtbRmViGASZ4AaABAg,@checkmateathiests,I saw Turbo Dismount and like some sleeper agent I was back 2014,2025-02-24T17:53:05Z,2,0
Ugxqx9f0gZ7Lrk4Ux7V4AaABAg,@bafbegagglestick6241,I'm gonna be honest: this is my first time hearing of this game,2025-02-24T14:06:32Z,0,0
Ugzx8SnP2lhEy4E7-xt4AaABAg,@greeneyedcatto,"y 17 of asking mr jack to play Until Then by polychroma. i feel a lot better today, got a lot of thinhs out of my chest.",2025-02-24T10:15:01Z,0,0
UgyOTw0fsyboT-pIA6R4AaABAg,@willshipman4569,Dude im not gonna lie the only jack videos i remeber really liking (no dis to jack hes a great person and all my own personal game taste just differs) is turbo dismount and happy wheels so this is so insane to finally have some content to watch from him after all these years,2025-02-24T08:52:47Z,0,0
UgxyM8QiKy-KOyl2rB54AaABAg,@ajoriley2037,My childhood in a video game,2025-02-24T08:18:32Z,0,0
Ugx_IfS06FaYdebl3S94AaABAg,@ajoriley2037,HOLY FUCKING SHIT. THE INTRO!!!!!!!!!,2025-02-24T08:18:17Z,0,0
UgzHHaQJVB4QVBgPJdh4AaABAg,@LiveLively300,0:46 Pink. Editor: Learn the LORE.,2025-02-24T07:55:44Z,0,0
Ugyswf4qP_k7yBR2Oft4AaABAg,@hamburbur121,Weird how I was a child when I first watched you and now I'm an adult with a job😢,2025-02-24T00:55:03Z,0,0
UgxfkeDjU5rllnJP8od4AaABAg,@leonlacroix12,"Omg jack. This makes me miss the happy weels days. 
Can we please bring that back for a episode or two. ❤",2025-02-23T23:59:10Z,0,0
UgzS6gm9isFh7YnqcqV4AaABAg,@thegrenierbros9718,"11 years later and still: 
NOTHING STOPS THE SQUATCH! 🔥
OHHHH, PINK LIGHTNING ⚡️ 
Look at me little danty Feet 👣
SPEED IS KEY 💨
FRIGGIN SNOWPLOWS ❄️
THE BOSS THRONE 👑",2025-02-23T23:20:17Z,0,0
UgwQLptSDS5v7n02PLB4AaABAg,@areshighlights3552,Omg the memories,2025-02-23T04:37:04Z,0,0
Ugwva2tmiSD9kwnIReh4AaABAg,@jamesramming3781,"oh my god i was instantly brought back to the good old days of 2012-2014, love this!",2025-02-23T03:13:40Z,0,0
UgwSAV3wmic27p9-W8d4AaABAg,@ChefTontu,The fact i probably remember that video. I would've been 8 years old,2025-02-23T02:37:11Z,0,0
Ugz8MJ04raASPlDu3Ep4AaABAg,@exbo_vr99293,we are SO back,2025-02-23T01:15:40Z,0,0
UgzxqmG0otlIqujKaSR4AaABAg,@Gamen4Bros,This brings me back to 2014,2025-02-22T22:07:58Z,1,0
UgypHz4rsdYq3yiaoTl4AaABAg,@Rarestspice2012,He sounds so disappointed I can’t feel bad,2025-02-22T20:46:28Z,0,0
UgzFCo5712LN7tBiNz14AaABAg,@CaffeineDog,i like making the same tense faces youre making,2025-02-22T18:39:17Z,0,0
UgwJQjfJGECUhn2PnKZ4AaABAg,@neworp1594,I used to play the original but when i went to re-install it on my phone i couldn't find it,2025-02-22T18:19:49Z,0,0
UgybEfgNaGqZZZfrxeV4AaABAg,@charoen777,Damn time files for no found TD 2,2025-02-22T13:39:55Z,0,0
Ugze_9-kurIcUhHG4Q54AaABAg,@PapaToast121,Holy no way it was 10 years ago since I seen the original Turbo dismount videos,2025-02-22T12:34:39Z,3,0
UgxmTKFc_4fEEAd5efJ4AaABAg,@LilacMusicGames,I think this is the first time ive even seen a turbo dismount video or at all.,2025-02-22T06:41:37Z,0,0
UgwkWJeTGcPH4BIaF2J4AaABAg,@k33p.it_TriLL,play happy wheels please with the iconic intro,2025-02-22T04:54:23Z,0,0
UgyHsBubQ-gDcr5eN294AaABAg,@AceOfSpades-2-t4z,when Titanfall 2 campagin?,2025-02-21T21:11:35Z,0,0
UgweOpPjtNbxbC8uEU94AaABAg,@ChaseGibson-p2q,You should play poppy play time chapter 4,2025-02-21T16:08:29Z,0,0
UgypGRbOPMngAluFfIB4AaABAg,@Daylon_T,"oculus rift, anyone remembers 😢 now we have meta quest 3 and more VR headsets",2025-02-21T13:30:30Z,0,0
Ugy237cwKkHQrBnvZ1h4AaABAg,@billcipher8295,"Snakes, I feel like a gorilla would freak out and the snakes would just exist.",2025-02-21T05:51:17Z,0,0
UgxCNNiSkQIKAvl0LTZ4AaABAg,@mourningstar3451,20:45 I Always Come Back.,2025-02-21T04:49:16Z,0,0
Ugzxn1Fb-8jNYt4AerV4AaABAg,@Needfornurburgring,"Would feel more like the good old days without the constant edits, no disrespect to the editor",2025-02-21T04:09:12Z,0,0
UgyNvO0fVwn6pFTcuM54AaABAg,@foxsage1039,"So because he refers the game figure as ""Jack"" does that mean we're watching Sean now he's in control not Jack like before?",2025-02-21T03:19:08Z,0,0
UgzdSfBKi3ilv9igtS54AaABAg,@MBK2X,10:42 sounded like i miss the rage,2025-02-21T01:57:55Z,2,0
Ugw3zqOACb4fOanKcIR4AaABAg,@MonoSixSpawn,God i used to laugh myself to tears like 10 years ago watching your total dismount videos,2025-02-20T22:28:50Z,0,0
UgwoKye8p3q0m4ELbXJ4AaABAg,@martinroybal4231,Bro just brought back grade school memory’s🥲,2025-02-20T18:09:47Z,0,0
UgzXqT4iExI1-NsSRBV4AaABAg,@greeneyedcatto,"day 16 of asking mr jack to play Until Then by polychroma, i feel burnt out today, maybe its because i study too much.",2025-02-20T13:19:49Z,0,0
UgyYRZZtkCrjkzv4Bbd4AaABAg,@ethantaylor9697,will you be doing a subnautica 2 play through,2025-02-20T05:54:30Z,0,0
Ugz7jMIz2fmomUKOuoV4AaABAg,@skdzgameplays2078,"thats not verstappen, thats grojean",2025-02-20T04:22:17Z,0,0
UgwKv-iKHRfeFEwa-Jp4AaABAg,@craptastic2078,isn't it pink lightning? Am I crazy????,2025-02-19T22:41:36Z,0,0
UgzwKdbdYDh_fzU6TEd4AaABAg,@Ch6nko,this was so good back then.,2025-02-19T22:05:55Z,0,0
UgymsymeWp9WLUy_nTR4AaABAg,@beerk219,my god the nostalgia,2025-02-19T21:22:04Z,0,0
UgxEQNrdJwe1fkbOnzd4AaABAg,@hunterbertrand4904,this video reminded me of the good old days of youtube and shortly after discovering your channel,2025-02-19T21:14:29Z,0,0
Ugygqf1xTYj0-RHkUbh4AaABAg,@turtlemana9371,Me and my brother play the original on the app store for years because of your old videos,2025-02-19T20:59:34Z,2,0
UgwyQDTSqHghBd5TmbZ4AaABAg,@oliverholm3973,"Oh FUCK that hits good right now, didn't know I was craving some 2014 Jackaboi",2025-02-19T20:55:46Z,0,0
Ugw2YzRP3Of47ylWRI94AaABAg,@SunroseStudios,she 2 on my turbo til i dismount,2025-02-19T12:28:37Z,0,0
UgyPCUaLOji9fYlvOXV4AaABAg,@greeneyedcatto,day 15 of asking mr jack to play Until Then by polychroma,2025-02-19T09:00:54Z,0,0
UgxRFGSHuWoEMBaBZpp4AaABAg,@GlitchedBlox,"Oh my god, brought me back to the OG Turbo DIsmount series 😭 I used to play this game 24/7 and watched your Turbo Dismount vids a lot. I've been following the dev too on Twitter and saw the dev logs, pretty cool that you got early access for it too!",2025-02-19T06:08:28Z,0,0
Ugyis3bxpb3BWVQlehJ4AaABAg,@jcs_z,this is what got me into your channel!,2025-02-19T05:15:19Z,0,0
Ugw6A11X4OZ2NNb7GQV4AaABAg,@zachminajj9875,12:30 this is space X all over again😂🤦‍♂️🙈,2025-02-18T22:10:27Z,3,0
UgyM1qIa7ZgXoghHCpd4AaABAg,@musicboxz1156,Damn those days were soo septic-cated meh,2025-02-18T18:12:06Z,0,0
UgxupMdSqSu7iAxFIZF4AaABAg,@captaindogbones450,Omg I forgot about this game. My childhood is coming back to me 😂,2025-02-18T13:46:26Z,0,0
UgyxpzQs_9CZRYZU-Ft4AaABAg,@greeneyedcatto,"day 14 of asking mr jack to play Until Then by polychroma, two weeks les gooo",2025-02-18T09:58:24Z,0,0
UgwBWPvX6NrYSI5rUxd4AaABAg,@greekgodmaster640,"There were only two things missing.

1. Turkey Bird

2. ""FOOKIN SNOW PLOW!""",2025-02-18T08:30:04Z,0,0
Ugy80HmtxVGE6JGAyrF4AaABAg,@annabackstrom1132,Can you please play turbo dismount 2 more?💘💘💘,2025-02-18T07:49:40Z,1,0
Ugwra70HtFVnHCwWypN4AaABAg,@nerd2544,"haven't watched a video of his in years and what a coincidence I rediscover it with one of the games I used to watch him play back in the day
on a side note lmao the editor messed up with pink lightning. guess hes not a jacksepticeye OG fan.",2025-02-18T06:05:53Z,0,0
UgzbD-cvXFXnM1NDVdp4AaABAg,@norbertomoreno169,my two most favorite series ever Turbo Dismount and Kerbal Space Program 😭😭😭😭😭😭😭,2025-02-18T05:50:15Z,0,0
UgzJrh5GpglGRRxRDlZ4AaABAg,@spellelf,25:03 Jack explains to his mom why the thanksgiving turkey’s a little stickier than usual,2025-02-18T03:01:23Z,0,0
Ugy7gMeKMwyQoizwps14AaABAg,@minionyou9167,Jack with gray hair is just absolutely majestic,2025-02-17T22:31:49Z,0,0
UgzL9ubWe34B7kfQtdx4AaABAg,@quentinvaliquette3674,I had to watch this for 10 year old me,2025-02-17T17:55:59Z,0,0
UgzPG-lHEXrQWGnLDRp4AaABAg,@leanndraysanchez4166,"19 rn and I remember I was in elementary to middle school  watching this guy, marki, and other YouTube that plays together with Jack, certainly get the excitement and joy watching Jack",2025-02-17T16:28:40Z,0,0
UgxsUGbJ_vYS-iGAUpR4AaABAg,@greeneyedcatto,"day 13 of asking mr jack to try playing Until Then by polychroma, you will like it i swear",2025-02-17T11:11:28Z,0,0
UgxDt6uwatefgbgex9h4AaABAg,@PjDefond,You and camodo  gaming both getting a early access key and you both are still gonna carry turbo dismount,2025-02-17T05:51:03Z,0,0
Ugy0sVw0TdfeUEMt7_p4AaABAg,@Pardoxia,"my neighbors are going to think i'm a sociopath - ""what is this; bring your fuckin' self to work day"" has me dying",2025-02-17T02:23:56Z,0,0
UgwjwZibwb1-NgZ_SsB4AaABAg,@ChristianGabriola,This brings back memories man,2025-02-17T01:51:57Z,0,0
Ugy4_zKgDnSB_NUjoRd4AaABAg,@solared,They really should have the camera track the player instead of the vehicle :D,2025-02-16T17:59:45Z,0,0
UgyE17d-SfleyqcwH914AaABAg,@NickCostantino,"Dang, I remember as a kid watching you hit your 1 million subscribers mile stone, and to see how many u have now is crazy!!",2025-02-16T16:49:47Z,0,0
UgyPMMTYRwa5V-cxJyF4AaABAg,@masonn1010,Two words : GTA 6,2025-02-16T09:53:12Z,0,0
UgwR4QprLKOJsC32lat4AaABAg,@dcarr867,Please go back and play turbo space program please!!,2025-02-16T09:50:37Z,0,0
UgyerG5QLyUjgZZlz214AaABAg,@TrueDemonLord420,wow 10 years already man the time but im glad your doing well or atleast i hope you are lifes crazy for us all thanks for everything even though like for most of us youll never understand the things you did.,2025-02-16T06:55:20Z,0,0
UgzQlfTsGLndmyexE4B4AaABAg,@TheAndkonmegalodon,but will jack reply to my comment just like in 2014?,2025-02-16T06:39:13Z,1,0
UgxccRZXnxjzUJXpuG54AaABAg,@dogonit1936,am i ten years old why am i watching jacksepticeye turbo dismount in 2025,2025-02-16T01:17:22Z,0,0
UgyXp6h68DJTzzrtXNh4AaABAg,@gamerstopmotionss1433,I literally teared up when he did the classic intro 🥲,2025-02-16T01:00:42Z,0,0
UgxYCWtJXl63uSFbnfZ4AaABAg,@JJungleJapeson,The original Turbo Dismount video was the first video of yours that I ever watched,2025-02-16T00:33:23Z,0,0
UgwA2vJuxFohZTdw6Ix4AaABAg,@Dailyshorts3986,I feel so young again I watched you way back when I was 10-11 years old u was my childhood thanks for the laughs 😂❤,2025-02-15T21:48:59Z,0,0
UgxK2WctGX5m7CfOHV94AaABAg,@thealmightypancakeface9585,What happened to the bird vehicle?,2025-02-15T20:51:55Z,0,0
Ugy-hL-aH2CSftiVxQR4AaABAg,@findlay25311,Watching you and dantdm olay thos eas my ehole childhood,2025-02-15T14:06:16Z,0,0
UgwvinlTj3RlMDNLcKJ4AaABAg,@critianmejia4078,Never clicked on a vid so fast in my fucking LIFE,2025-02-15T10:34:47Z,0,0
UgwmXJs8gD8Fra81vVp4AaABAg,@Historybuffest,Thank you jack for these videos I remember watching you as a kid and here I am now you’re my comfort my dad was given 1/2 year too live I was told god bless man,2025-02-15T08:01:00Z,0,0
Ugxbw6u-1BjL6xKksfZ4AaABAg,@nastyfoxz8021,I need more,2025-02-15T07:19:44Z,0,0
Ugy6Kg68cO40e3kInN94AaABAg,@xandarthebarbaric8371,a tear rolled down my cheek when this showed up on my feed,2025-02-15T05:35:33Z,0,0
UgwkOGSEng-0lIaEF0R4AaABAg,@RobertoCockerson,Jack has Grey hair 😭😭😭,2025-02-15T02:28:14Z,0,0
Ugwdg5zFDZDU7CYXosx4AaABAg,@bdog9816,"i was just 10 years old back when i watched him play turbo dismount, i still recall the lethal space program nights like they were not too long ago, ill always find nostalgia in this man.",2025-02-15T02:26:31Z,0,0
UgxoHOul_KmGLpgOOsl4AaABAg,@dylansellers319,0:47 editor isn’t an og clearly. It’s PINK lighting,2025-02-15T00:21:17Z,1,0
UgxRv50WmZKk3O080Il4AaABAg,@jgav3283,YES!!! THIS IS AMAZING,2025-02-14T22:02:19Z,0,0
Ugy8i6LPvV_SKQdh9hB4AaABAg,@dunkblunk6045,Turbo Dismount??? In this economy????,2025-02-14T21:35:53Z,0,0
Ugzuzm4Ek1tyNOTk3yJ4AaABAg,@andrewbrown3355,"Omg, hes so grey now, seeing him this old makes me realize were not kids anymore....",2025-02-14T21:13:18Z,0,0
Ugwq1_ZJx5CoStvnz_54AaABAg,@beamlight6299,Oh bring back the series! Crazy that it's been more than a decade since you played Turbo Dismount continuously.,2025-02-14T16:10:25Z,0,0
UgyEl2aQcU16YbKZJ1B4AaABAg,@user-xc1qy7ed8l,"19:14 blacked traffic
i see",2025-02-14T13:03:37Z,0,0
UgzZe_RLksVa0CwmW-Z4AaABAg,@Povilaz,THEY MADE A SECOND ONE?!,2025-02-14T11:43:38Z,0,0
UgwK1y-MfNh8pv9Dm7l4AaABAg,@greeneyedcatto,Day 12 of asking mr. jack to try Until Then by Polychroma,2025-02-14T11:00:00Z,0,0
Ugymb9MdpTuOUFSOXA54AaABAg,@bakingpaper45,0:43 editor is fake,2025-02-14T07:34:17Z,0,0
Ugxn-KIuVQdLQAhCrUR4AaABAg,@johnwalbeck5068,"The memories of coming home after school in 7th/8th grade 10/11 years ago to sit down on the couch and immediately go to your channel to watch a turbo dismount video are really coming back in full force. Thank you jack, I really needed this today.",2025-02-14T06:37:27Z,1,0
UgxDZtnZUW_O4rRWnpV4AaABAg,@wtfkidgt7084,No hate at all here I love Jack and I used to watch the OG turbo dismount but I’m not a fan of the overly edited and cut video I like to just focus on the game and every second some edited scene comes on and it just distracts me. But glad to see Turbo dismount,2025-02-13T16:43:14Z,0,0
UgwCLRWsg_icBgjszAV4AaABAg,@joshcrackedboooi2392,aint no way,2025-02-13T16:04:41Z,0,0
UgzcTg5u50Y4Wwtr3pd4AaABAg,@immersivegargantuan7777,"Pink lightning first appearance
Squatch first appearance
Penetraitor first appearance",2025-02-13T15:21:32Z,1,0
UgzVXLXAXAd_RH491fh4AaABAg,@jahlensmalls5750,Why am i crying? (Im dead serious theres legit tears falling down my face...),2025-02-13T15:12:55Z,0,0
UgxZo0m57bUjQZnXfB54AaABAg,@goxy287,I started giggling like a 13 year old again at some of the parts lol. Good times,2025-02-13T12:09:53Z,0,0
UgwvEg2-uXVh4CUJTQp4AaABAg,@Jamestarr06,It is so sweet to see this game return for a newer generation ❤️‍🩹,2025-02-13T09:00:38Z,0,0
UgzfgoZGrKeZPqeCpXx4AaABAg,@justanotherytpage2084,"Jack/sean ive been watching you since the cabin, and since i was 10, im 21 now and thank you for making my childhood, you were legit the first youtuber i subscribed too and i have so many memories tied to you from my past and thank you for giving me a good and entertaining childhood❤ also you should do a nostalgia week (subnautica, happy wheels, gtav, etc) THANK YOU SEAN I HOPE YOU SEE THIS",2025-02-13T07:30:54Z,0,0
UgxCTS80vbG6eeKEzll4AaABAg,@hotaru3336,Are my eyes deceiving me 😮,2025-02-13T06:45:30Z,1,0
UgwxjBrf8gHON3PDWBd4AaABAg,@smallgoblin2594,HE SCREAMED NOTHING STOPS THE SQUATCH AND I HAD LITERAL FLASHBACKS!!!,2025-02-13T05:43:50Z,0,0
UgxQDktjOcA4Yl0ifQF4AaABAg,@kerfuffle3891,this is so incredibly nostalgic,2025-02-13T05:42:48Z,0,0
UgwI6CoOHLUtLg80ZP14AaABAg,@graysoncromwell1912,Dude I grew up with you. I’ve always loved your content man I remember when you were posting turbo dismount and the first happy wheels episodes stuff like that man. I’m sitting here at 11pm and you popped into my mind and I come to see you’ve not changed man. Still the cheery lad I grew up with. If you ever read this man I hope life’s treating you well beyond YouTube. 🫶,2025-02-13T03:45:41Z,0,0
UgwgPlwC3xQ4Bur_xGR4AaABAg,@DevinPafford,Thank god for the original intro! I was gonna be pissed if he didn’t.,2025-02-13T01:53:02Z,0,0
UgyZvn61gFDx9_sphW94AaABAg,@TiernanDeFranco,"“The devs gave me a code for it”

“THIS SUCKS”",2025-02-13T01:36:40Z,0,0
UgzitzGMmXXJzv9m-yd4AaABAg,@DeltaDubs89,I'm so disappointed his editor misheard pink lighting.,2025-02-13T00:16:16Z,0,0
UgzRCs3TDsjGNEhwHbN4AaABAg,@Jelloomi,died 2014 reborn 2024 welcome back turbo dismount,2025-02-12T21:21:26Z,0,0
UgxR9YEQ7Yhdr7bE04Z4AaABAg,@scorpionpizzaandcheeseextract,"Editor, it's Pink Lightnin.",2025-02-12T21:06:26Z,0,0
UgyW-UHATGXixKT-TJZ4AaABAg,@rushmerandom971,Dude when did you get so old I haven’t watched your channel in a long time but have always been subscribed back when you did a lot of happy wheels videos is the last time I really stayed active and just saw you in my recommended now and you’re going gray life flys,2025-02-12T17:55:45Z,0,0
UgzUU2qv33LRAwkymIZ4AaABAg,@shadowfoxy49,nothing stops the sqauch except a lot of things so speed is key,2025-02-12T14:54:37Z,0,0
UgzZBHIwNhFlngHx67J4AaABAg,@sSpadesYT,"Ah yes, 11 when I seen the first turbo dismount.. now I’m in my twenty’s seeing this as a recommended video and I just have to watch it",2025-02-12T08:35:54Z,0,0
UgwWzUIM7-Gxj4V9usV4AaABAg,@The1diot426,AND I WAS JUST THINKING ITS BEEN TOO LONG SINCE IVE WATCHED ONE OF YOUR VIDEOS,2025-02-12T06:43:07Z,0,0
UgxBNYLcnY5xSL61ExJ4AaABAg,@Nottheone363,"that intro sent chills. thank you jackyyyyyboiiii, Feels like 2014 again.👌🏾❤️",2025-02-12T03:48:49Z,0,0
Ugx1M5QbFKB3x-pX_nd4AaABAg,@toadcemetery,"God, can't wait for more of this game, so funny",2025-02-12T03:19:33Z,0,0
UgxzClnOJX2CbFM5ObR4AaABAg,@ayadivine1111,This is so nostalgic,2025-02-11T22:17:01Z,0,0
UgxA4rcMQa2oQa_xokV4AaABAg,@poprockjay,"last time i watched you play this this i was in school, now im at work watching 10 years later",2025-02-11T22:09:00Z,1,0
UgwTHoZRlL3mGiFWcvR4AaABAg,@mattsgamenation3705,I've been watching jack since I was 7 I'm 20 now crazy how time flies,2025-02-11T15:25:39Z,0,0
UgxKMkVS1uTUZZ6xXSt4AaABAg,@Chungusbungus45,10 years ago I was 12 bro. 12 and I used to watch every single upload.,2025-02-11T14:26:11Z,0,0
Ugxp-mfSVVsYAqJ2_ZB4AaABAg,@bjfrench172,"I wasn't aware it was Nostalgia Week??? But, I'm so for it. Bring forth good Sir SepticEye",2025-02-11T13:18:16Z,0,0
UgxZISLIxIAeVEbKFId4AaABAg,@empireleaguesociety2824,My first video from Jack was his OG turbo dismount video ten years ago in my freshman year of high school….,2025-02-11T11:12:38Z,0,0
UgyTjkkXW4yWA2dFNLV4AaABAg,@OhItsBape,Oh wow this is nostalgic,2025-02-11T10:22:39Z,0,0
UgyUUP9LLJ918iK7_TB4AaABAg,@BenjaminStansbrey,"youre back and now im back, i love ya so much jack",2025-02-11T09:20:21Z,0,0
UgzDCkSIXUP0ayuOg_Z4AaABAg,@Warthuder_player,"Bro....there's tears in my eyes, the nostalgia",2025-02-11T09:11:11Z,0,0
UgwyaltSa7luqdoExyl4AaABAg,@greeneyedcatto,day 11 of asking mr jack to try playing Until Then by Polychroma,2025-02-11T08:55:25Z,0,0
Ugx9T7kw3Re7jrX3vxV4AaABAg,@wazowskiafterdark,"Oh my go, turbo dismount was the very first video of yours I watched",2025-02-11T07:09:23Z,0,0
UgxeajV4lHndapWoNWp4AaABAg,@Legoman-hu9qr,"20:32 
It's Jack's old enemy: 
_the snowplow_",2025-02-11T04:13:24Z,0,0
Ugx4LT7EWnGD6JkVwGV4AaABAg,@dawsonwalker384,Everything is coming full circle,2025-02-11T04:00:19Z,0,0
Ugw7EAYTpwLAiFcqRah4AaABAg,@Cy6er_st4r,"Jack, very off topic, but do you think you would ever replay Sally Face? Especially now since the second game was confirmed to be in production!?",2025-02-11T02:15:09Z,0,0
Ugy1YlsyB4o7xJRFdtp4AaABAg,@jesusisking2lover911,This and diamond dimensions. I cant believe it 🥹,2025-02-11T00:04:07Z,0,0
UgxqPlK4egAVDjcHIMh4AaABAg,@lugar7835,i haven’t watched since 2015 and this is my first video back 🥲🙏,2025-02-10T18:30:36Z,0,0
UgxppD2_DwZ3FgT3oXB4AaABAg,@Mckooter-g3z,Seen this n felt like a 8yo again🥲,2025-02-10T12:39:18Z,0,0
UgwsoB6B6WpFsRyQ6fd4AaABAg,@SpiriTyler,"Not going to lie, that intro was the definition of bumpin’. I love that so much, my adhd go tingles",2025-02-10T07:44:20Z,5,0
Ugz_eN2NKFVpExJyBgt4AaABAg,@ViroosLANDON,Why did it take me this long to realize he stopped doing the high five,2025-02-10T07:21:31Z,0,0
UgzCiIygRvNobt8cpad4AaABAg,@LanoOhNo,Turbo dismount walked so beamng could drive,2025-02-10T06:25:02Z,0,0
UgwJbnPJgG2ASEc3BwZ4AaABAg,@champyboyq3977,when tf did jack hit 30 fucking million wtf i remember 1 milly 😭😭,2025-02-10T03:49:08Z,0,0
UgwjpAZhc2rj9-ZBqB94AaABAg,@SharkSkimZZ,Dude i was laughing my ass off 😂😂😂,2025-02-10T03:33:40Z,0,0
Ugz_r4XfW1etaZ7oYMt4AaABAg,@GMC997,This needs to be compiled into another schmoyoho music video.,2025-02-10T02:42:42Z,0,0
Ugw0VyAGXxlQROaQt6h4AaABAg,@Sepp2004,"Childhood memories
❤",2025-02-10T01:05:39Z,1,0
Ugx2FM0SPurrM5iyrUF4AaABAg,@Frostbite9536,It feels like It’s been forever since I’ve watched the screaming Irish man,2025-02-10T00:12:45Z,0,0
UgzPElqrolHtic3yk0N4AaABAg,@tuga5247,"God what a memory unlocked, these were the good days",2025-02-09T22:58:42Z,0,0
UgwdbKPPjtPZVjegwwB4AaABAg,@meowdy_2121,I feel like crying lol everyday I feel farther from my child hood but this brought me back thanks jack,2025-02-09T18:18:17Z,0,0
UgwC5RBrQ32xg-oD0MN4AaABAg,@haroonhuss,Blast from the past,2025-02-09T17:58:55Z,0,0
UgwYs1-yJ-YjIOXN7fN4AaABAg,@slazzi-r9i,this is feeding my childhood..awesome,2025-02-09T17:55:31Z,0,0
UgxP9hiTej5sXplrvvh4AaABAg,@greeneyedcatto,day 10 of asking mr. jack to try playing Until Then by polychroma.,2025-02-09T16:59:41Z,0,0
UgyZanA1Z3eV7iN3uWl4AaABAg,@rjconnolly6430,"Jack with grey hair is wild to me, I remember elementary school watching him before the green hair was even a thing",2025-02-09T16:48:18Z,0,0
Ugxtyzu9L89H6sdaBtN4AaABAg,@Ari-rm9xw,"YESSS FINALLY THIS IS WHY IM STILL SUBBED, THANK GOD AN ACTUALLY FUN GAME NOT JUST MORE LAZY HORROR",2025-02-09T16:30:55Z,0,0
UgwDkRKmxDV-43N5JCV4AaABAg,@Tredecim1331,"I vividly remember watching the original turbo dismount vid, im 22 now and this just sent me right back to the good days.",2025-02-09T15:55:24Z,0,0
UgyO2eVBRS5G4_KvmSV4AaABAg,@XScarlyX,Can someone audio clip this and turn it into a motivational video 😂,2025-02-09T15:45:23Z,0,0
Ugz0enFiafW9DHpHSPJ4AaABAg,@sevenkiddo1843,No way I'm back to 2014,2025-02-09T13:40:44Z,0,0
UgzkrIiE2sTN_wxqAg94AaABAg,@ethanhill4607,The first jack video I ever watched was turbo dismount 😢,2025-02-09T12:57:15Z,0,0
Ugz6Y9jbiGUNm7G4oyl4AaABAg,@Dono2ne,MY CHILDHOOD RETURNS WITH A VENGEANCE (IN THE BEST POSSIBLE WAY),2025-02-09T11:25:08Z,0,0
Ugzygv7c6SMxtm2pjKp4AaABAg,@kruuu2633,Nostalgia hit was very very strong with this one😊,2025-02-09T11:01:31Z,0,0
UgySy0Lcakx7aACa6HN4AaABAg,@billymoody4252,"Omg jack, I was literally looking for your old turbo dismount videos no more than 2 weeks ago to relive some old nostalgia and now this! This has made my day. 
Thank you for bringing a bit of my childhood back with this video",2025-02-09T09:46:17Z,0,0
UgzDUUCkqVutx_FRptF4AaABAg,@jotting2349,20:02 i missed hearing that,2025-02-09T05:48:13Z,41,0
UgxJNin6NSobQoqmxYJ4AaABAg,@cameronchristen2680,Hey did you guys know that they took turbo dismount off the google play store? I didnt,2025-02-09T05:26:57Z,0,0
Ugz68Nhozqi3K1Za6IB4AaABAg,@avid_buff,Younger me is at peace,2025-02-09T05:22:55Z,0,0
UgyTG7D2kJ31igum-zV4AaABAg,@matthewheaven7889,16:42 -16:44 Dude I just got hit by the police was the best words i have ever heard. 😂,2025-02-09T04:17:39Z,0,0
UgwglgbjUiMM2v1GdE94AaABAg,@stitch3935,I didn't know there is a second part of Turbo Dismount.,2025-02-09T03:01:17Z,0,0
Ugw1MjuaD7VF9JJP6_h4AaABAg,@Wizman347,"Oh man, this brings back some memories",2025-02-09T02:04:02Z,0,0
UgwE3ABEHokZI6UaIP54AaABAg,@shinyrayquaza9,Yo they got rhe hotwheels fan jump now,2025-02-09T01:04:40Z,0,0
Ugww3SVswsZShc6zrd54AaABAg,@flowerfromtf2164,youtube is healing,2025-02-08T23:30:21Z,0,0
UgzvTbvFND00qckANFN4AaABAg,@jollypupyt4763,"I'm writing this comment before I start the video because I really hope I get to see Pink Lightning in action again!😂

(Edit) He said it right off the bat! This video has brought me back to better times. I actually almost cried from nostalgia.",2025-02-08T23:16:33Z,0,0
UgwnksohdHSlNLsLXzF4AaABAg,@dibs1802,YES I HAVE NEVER FORGOTEN THIS GAME OR ALL THE MEMORIES I MADE FROM WATCHING JACKSEPTICEYE OR ME PLAYING THIS!! sorry I'm excited lol,2025-02-08T22:53:34Z,0,0
Ugw8OMd_1lhHHDwrd5J4AaABAg,@maxraichelson3331,Feeling old he's going gray,2025-02-08T21:38:32Z,0,0
UgxkE2lfOMD0z6QOKf94AaABAg,@Bowl-0f-Soup,Wait has it been big lightning the whole time? It’s not pink lightning?????,2025-02-08T20:57:54Z,0,0
UgxNoFigYUhv-8ZV_b54AaABAg,@drwning,i havent followed jack in yeqrs but i insta clicked when i saw turbo dismount,2025-02-08T20:00:29Z,0,0
Ugzq_iVj8_OBp0AuvZx4AaABAg,@xHeroOfTheWindsx,so your telling me ive been watching jack for over a decade,2025-02-08T19:02:10Z,0,0
UgwT3jKWXrNitsGvdtR4AaABAg,@AkoTE.,18:27 Y'know what else is massive?,2025-02-08T17:44:00Z,0,0
Ugw2zqdvvzVgncRUTIJ4AaABAg,@greysonhall7456,Didn’t press r once,2025-02-08T14:17:54Z,0,0
UgzEOdL0dZglPwthmVd4AaABAg,@daefaron,Turbo pads max strength!,2025-02-08T13:44:01Z,0,0
UgwpphusAEY_xNfTS_l4AaABAg,@xanderturner2851,turbo dismount is litteraly how i discovered og jacksepticeye,2025-02-08T12:54:32Z,0,0
UgylMTAyRZ3D8O0qWRJ4AaABAg,@lndpurpp5630,Anyone remember that game that jack played when the guy went on a date with a girl at the coffee shop and he spilled coffee on himself then he ran outside got hit by a car then died then brought back to life and had to learn how to use his body again,2025-02-08T10:33:37Z,0,0
Ugy6MO2NQ9XpyMqmf6Z4AaABAg,@kalenissen9164,Editor is AI,2025-02-08T09:38:12Z,0,0
Ugwzoh0UVJSdcJ5VvlF4AaABAg,@malakaththered1286,"I haven't laughed this hard in a while. for next time, i pose a question, what is key jack?",2025-02-08T08:01:34Z,0,0
UgzrdRxnE3TEjpXuPDV4AaABAg,@Jinx5.56,Ohhh the memories <3 <3,2025-02-08T07:32:20Z,0,0
UgyZDolYD-0nuNsIuQR4AaABAg,@mizniz821,Now this brings me back 😊😊😊,2025-02-08T06:46:08Z,0,0
UgzfCgbgKBwIRx1nwnd4AaABAg,@MKGaming02,is he graying? :(,2025-02-08T04:25:10Z,0,0
UgxwzTG8PFfsjTFIiwl4AaABAg,@themoldysausage,It's like walking into a room and your childhood friends are there,2025-02-08T04:15:26Z,2,0
Ugx2M6JDlqQDDSboWpR4AaABAg,@Andrew.Mac0007,It’s like that scene from Ratatouille where the critic is brought to his childhood,2025-02-08T03:59:19Z,1,0
Ugxk-OpUWdDNeyBfQll4AaABAg,@jueceycoochy,I GASPED when i saw jacksepticeye and turbo dismount on the same video🤧MY CHILDHOOD,2025-02-08T02:53:19Z,1,0
UgzboJAwANxav2Q1tNZ4AaABAg,@marlonwimberly4998,"WHY AM I NOW NOTIFIED YOUTUBE!?  

SPEEEEEEEEEEED IIIIIIISSSSSSS KEEEEEEEEEEEEY",2025-02-08T02:21:55Z,1,0
UgwgWpam8FtBarC2TFN4AaABAg,@B3ars_333,WOW has it been a while i remember watching you on my moms phone god thank you for the memory's man  really the squach being ended so quick made me have a moment of laughter i havent had in years bud,2025-02-08T01:53:22Z,0,0
UgxBW4mTJIrqT4qfqAt4AaABAg,@mylesvmiles7571,"I feel old, when i first discovered jackseptic eye one of the first videos i saw was his turbo dismount video",2025-02-08T01:49:45Z,0,0
Ugw3Jn-0KPGuTG9nt0d4AaABAg,@darkezeo7322,Nostalgia hit hard this morning,2025-02-07T22:53:53Z,0,0
UgyzwkNUQw7o3iYm8054AaABAg,@azzyrithhavok2209,Oh lord have i been hit with nostalgia and been waiting for that intro to grace me ears.,2025-02-07T22:36:38Z,0,0
UgzXwfMDGv4AFssthbl4AaABAg,@friedriceiguess,"what i love about this is that as the video progresses you feel sean revert more and more back to his personality in  2014,i was imagening his old shed room to start materialising around him",2025-02-07T21:12:36Z,0,0
UgzOyWlNC8kcxwQq8o94AaABAg,@dragonusmolamola4140,i hope this becomes a series,2025-02-07T19:40:37Z,0,0
UgyW1tY5wMqP8QsjlV94AaABAg,@eatasock4134,the nostalgia is genuinely insane,2025-02-07T19:08:27Z,0,0
Ugz21cMvsvjZiBOwa6d4AaABAg,@ExoSlayer99,My wife told me she was pregnant when this video was uploaded 🎉,2025-02-07T17:05:06Z,0,0
UgwwVwJnB8IXqoZWeL14AaABAg,@mrbleepblopguy4638,My first video I saw was turbo dismount,2025-02-07T16:09:20Z,0,0
Ugw65VjceTwCq6BKJOp4AaABAg,@maryrose-UwU,yay the first jack video i ever watched was turbo dismount  episode 3  i subscribed after that im so happy its backkk,2025-02-07T14:48:32Z,0,0
Ugy-tMHwYQAOM7HrXOB4AaABAg,@Hedspaces,HAAAAAAAAAAAAAAAAAAAAAAAAAAAAAAAAAAAAAAAAAAAAAA- wait this is turbo dismount not Happy wheels!,2025-02-07T13:37:15Z,0,0
Ugxl24T45kg5fUJaLhd4AaABAg,@stevespike8208,"Please just play a bunch of fun games you want to play. Please.
Edit: I haven’t heard “pink lightning in years. I forgot about it completely. It’s like getting secret agent activation codes",2025-02-07T13:21:51Z,0,0
Ugy0Aumr5b_8zdhdXLt4AaABAg,@Lickicker,Its crazy to think i watched your original videos on the first game a decade back when i was still a teenager,2025-02-07T12:02:43Z,0,0
UgzEtr8SrbgddyxD3rh4AaABAg,@compyiscomp,I swear i am literally living in 2014 right now,2025-02-07T11:45:34Z,0,0
UgxVaZuK4ihF52QLJSV4AaABAg,@Jad3_Suzuya,YAAAAA MY CHILDHOOD IS BACKKK,2025-02-07T09:06:31Z,3,0
UgytrMqQcoi7jyr0FVp4AaABAg,@greeneyedcatto,day 9 of asking mr. jack to play Until Then by Polychroma.,2025-02-07T08:56:56Z,0,0
Ugwa54ODnxOtSrWnGPZ4AaABAg,@tostergaming,why does jack have white hair? is it dyed,2025-02-07T08:19:46Z,0,0
Ugz1zi8LGXZr2e3Fq1J4AaABAg,@ToastedCrumpy,"I used to buy a lot of squishmallows cause I loved them and they are adorable, but most are like in bags somewhere and I barely buy them now if at all",2025-02-07T07:55:01Z,0,0
UgyEs9gIoQtaYHBnb3x4AaABAg,@mattmartin8659,Haven’t seen him In so long is his hair naturally grey?,2025-02-07T07:11:36Z,0,0
UgywnwthdEI-8Y0yS_J4AaABAg,@TunaminV1,"the very first game i saw him play, time is a flat circle(i mean that positively this time)",2025-02-07T06:10:27Z,0,0
Ugxhtj3xizj2RK0CQOZ4AaABAg,@Mr_22,"It has been years since I last watch any of jacksepticeye's videos, I guess this video is a good point to get back into it.",2025-02-07T06:03:24Z,0,0
Ugz6v8CuRk0f5xPaX8t4AaABAg,@The--Ghostspider66,"As grown man I'm watching jack and enjoying the video 
then my little daughter comes up and takes out headphone of my ear and listens thankfully she didn't hear the F bomb 😅",2025-02-07T05:01:48Z,0,0
UgwRsJXbH0BaDNvLCah4AaABAg,@zacharyirizarry8589,Holy duck this brought me back to 2015,2025-02-07T04:04:27Z,0,0
Ugx7uFCJc70o_JjS8bx4AaABAg,@Bigbobbyboi22,11:26 Victory town!,2025-02-07T03:45:32Z,0,0
UgyAcg1zx2OBu9mLvxt4AaABAg,@toastghost342,WHAT?! WHAT FEVER DREAM IS THIS,2025-02-07T03:13:21Z,0,0
Ugz35HxixX9X4TYWw2x4AaABAg,@frozenfoxlive,YES OLD SCHOOL INTRO,2025-02-07T01:51:36Z,0,0
UgxsZYObwEVRsZbDq294AaABAg,@Fork_clipz,Just got a fat wave of nostalgia,2025-02-07T01:05:30Z,0,0
UgwLJXE70rOej74fpt54AaABAg,@calebkeenan3948,This would be so much better if it wasn’t so over edited 😩 but never thought I’d see more turbo dismount! 💪💪💪,2025-02-07T00:36:16Z,0,0
UgzsBek4wuiJyropuJh4AaABAg,@Mikey.W.1889,"14:30 ""You're so talented! - You're a piece of sh!t!!!"" Dead to me lol😂😂😂",2025-02-06T23:52:57Z,8,0
UgxMqpROzMFnBOh9U0J4AaABAg,@mikeockhurts904,Had to do a double take if this was 9 days or 9 years ago lol,2025-02-06T23:19:21Z,0,0
UgzR_ez4Qj7SA-hHn5h4AaABAg,@lisachiappetti6092,"I was waiting this ENTIRE video for him to call them ""turbo boosties"" and he never did 😢. Honestly, my disappointment is immeasurable. My day isn't ruined, but my disappointment is ABSOLUTELY immeasurable. Also, to add to that, at the beginning of the video, he did the **high five** ""topofthemornintoyouladdies"", but at the end, he didn't do, ""and I will see all you dudes, IN THE NEXT VIDEOOOOOOOO!"" and NOW my day is ruined. Sort of.",2025-02-06T22:39:40Z,0,0
UgyFieWYg9tJ_w8OWK14AaABAg,@crafciak31,2014 called and wants to join us in the future now,2025-02-06T22:22:23Z,0,0
UgzGYQ_aQUW9K11faUF4AaABAg,@salt8044,well this sent me back-,2025-02-06T19:45:33Z,0,0
Ugw8FpMIOC5Bok3Z7wF4AaABAg,@AverageMixer,Jack is back!,2025-02-06T19:45:12Z,0,0
UgxV97fsTW5VrUjzuQ14AaABAg,@blunderbass851,The music on the crusher level sounds like NSP!!!,2025-02-06T19:16:55Z,0,0
UgwEvxGC-7bB-hFDsTx4AaABAg,@sharonaustin146,Classic Jack. Been watching you seen Happy wheels and the first td,2025-02-06T17:12:38Z,0,0
Ugx94P9dugcKzgQquWJ4AaABAg,@oopsydo,"my childhood right here
*RUNAWAY CHICKEN*
*NO! SNOW PLOW*",2025-02-06T16:58:15Z,0,0
UgylYZpBzAIIQet9m6x4AaABAg,@Octopusesoup12,Returning after a break from the popular youtubers and your vids still give me a giggle,2025-02-06T16:28:48Z,0,0
Ugwhc1MIZDMskhQM-Hh4AaABAg,@jakdadkaj4546,"i think this is the only series i've ever watched of you.

this game used to get me through so many long boring drives",2025-02-06T15:55:00Z,0,0
UgwkoiQseXkliTmODvd4AaABAg,@The2mintybacon,I don't know why but  this reminded me of those game's that the objective is to brake your bones,2025-02-06T15:35:45Z,0,0
Ugyc1sJ5zLB3KSJTjw54AaABAg,@royearle1673,18:25 final destination 2 much?,2025-02-06T15:28:28Z,0,0
Ugxo94bZ5opmQzQoxrB4AaABAg,@MacheteToothpick,Didn't know my favorite childhood game just got a sequel,2025-02-06T15:20:06Z,0,0
UgxKtvQYQSOsI-CgQY14AaABAg,@enjayduramany,i watched you play this in 3rd grade it was my first youtube video ever im a senior in high school im crying rn,2025-02-06T15:14:59Z,0,0
UgweqQePMiVOBuq6Xzl4AaABAg,@greeneyedcatto,"day 8 of asking mr jack to play until then. I have exams tommorrow, wish me luck",2025-02-06T13:06:33Z,0,0
UgwqlRLWlHlkKjXus9V4AaABAg,@xCousinCletusx,Watching you and tobuscus as a kid i played happy wheels and got it banned from my school.,2025-02-06T12:32:16Z,0,0
UgxunohxwgwQYdRjd0p4AaABAg,@crimson_red9166,I forgot I had my video on x1.45 speed and when the vid started I got run over by the fastest unintelligible Irish I've ever heard lmao,2025-02-06T11:48:52Z,0,0
Ugyu0yg-wjuz5PEXZU94AaABAg,@ShrinkingSmurf98,"Dude, my heart ❤. Thank you 😂 i can laugh today 😂",2025-02-06T10:53:39Z,0,0
Ugypj9qwSrfhTkrdBu14AaABAg,@FullyB8ked,"RIP Turkey Bird, you will be missed for being a mediocre vehicle that was pronounced funny",2025-02-06T08:40:02Z,0,0
UgzeUpdCzoZP1HimwKp4AaABAg,@shrigga582,Who tf is skibidi toiler,2025-02-06T07:34:40Z,0,0
Ugw1yTfE91Lvruv0MJR4AaABAg,@user-whatareyoudoing,"25:58 ""GET OUT OF HERE LIL BRÓ!""",2025-02-06T07:29:36Z,0,0
UgxbLKEyImYQm7tLdE14AaABAg,@Ash-jl9wd,"""It feels like its been forever"", it has been forever, i rember watchin ur turbo dismount vids when i was a child (12 ish, im 23 now) 😭😭",2025-02-06T02:27:34Z,0,0
UgzD239aJtKnTI5hLsR4AaABAg,@Idkclk,Ohh how I miss the flat cap era😂❤,2025-02-06T01:31:46Z,0,0
Ugyr8gfXa3X-mlWIMB54AaABAg,@Spoopkane,Haha someone thinks Pink lightning is Big lightning,2025-02-06T01:27:31Z,0,0
Ugwz3WQ0_ufaUDlicAR4AaABAg,@DragonKing067,I cant wait for subnautica 2 to come out and have the exact same title,2025-02-06T01:01:13Z,0,0
UgymgQb3wuIZ6-246Ot4AaABAg,@Willyweee123,I bet that he was laughing his ass off when he chose those photos for his reactions 😂,2025-02-06T00:50:01Z,0,0
UgzB_mINzR-1YNkpksx4AaABAg,@arcticblues,still sounds the same from basically 8 years ago 😅,2025-02-05T23:42:48Z,0,0
UgzxRBSrsxttvRBZaZJ4AaABAg,@wildfire9280,Oh hey the first game I ever watched him play,2025-02-05T23:38:20Z,1,0
Ugxvb1Ivamb8rJ4U3kx4AaABAg,@craigcross6104,"i remember being 11 years old getting obsessed with turbo dismount, that’s how i found sean. this game holds a special place in my nostalgia bank",2025-02-05T23:23:26Z,0,0
UgxVM155OXqXDm_S6pV4AaABAg,@GibbySchulhoff,Noooooo way og’s will remember this!!!,2025-02-05T23:06:08Z,0,0
Ugw1CsZ16lJgPqm-ZWp4AaABAg,@spooder-man3500,We are SOOOOOO back.,2025-02-05T21:57:52Z,0,0
Ugw7QBrlcafUW812Z2l4AaABAg,@thecursingsaltine,The first game was how I found you. Crazy to see a sequel lol,2025-02-05T21:57:33Z,0,0
UgxquRf2ZF_WYgdz9wZ4AaABAg,@angterrastriker,"Did your editor actually think you said ""big lightning""?",2025-02-05T21:56:57Z,0,0
Ugz3hpaOo-hUUD-z3Pl4AaABAg,@angterrastriker,OH FUCK YEAH,2025-02-05T21:50:38Z,0,0
UgxDo9TsXNQuawi1fQ54AaABAg,@JayTeamations,The slap SLAPPED me back to a decade ago for a split second. I needed that💚,2025-02-05T21:43:06Z,0,0
UgxvxuGPwzZQu6foy314AaABAg,@meaningspring4586,Who better to drive in a video game than someone who doesn’t drive in real life?😂,2025-02-05T21:34:12Z,0,0
Ugzy6RBmX2vQrMtroXB4AaABAg,@The_WindBornYear0,THIS BETTER THAN GTA6,2025-02-05T21:01:13Z,0,0
UgzPqj3zeShfM38s1Ql4AaABAg,@Davidpoland2005,its just a generic orchestra music,2025-02-05T20:45:33Z,0,0
UgzmWVaR45YWfYjv5NF4AaABAg,@BunnyJolf,"Turbo dismount, that game we all wanted to play but couldn't due to how much paid content there was",2025-02-05T20:08:58Z,0,0
UgwaCNjKFPDug4NwgPh4AaABAg,@HighscoreZoron,ITS BACK!!!!,2025-02-05T20:00:23Z,0,0
UgyCXURULz7hCOu0cQN4AaABAg,@StoneBalledJebediah,Snowplow moment 20:26,2025-02-05T19:58:15Z,0,0
UgwNEt9D_dSZSuTIKax4AaABAg,@sillonar,2:17 need the song sauce please and thank you,2025-02-05T19:23:17Z,0,0
UgyBVqKgEGESSP2pE4t4AaABAg,@Fossilizd,This... brought me way back.,2025-02-05T18:50:15Z,0,0
UgwF1btU2wFlrlUj0mh4AaABAg,@smurffd_42,"""NOTHING STOPS THE SQUATCH"" -  jacksepticeye 2014

I remember it so much back then.",2025-02-05T18:47:44Z,0,0
Ugw5SeUae-hmuK6r1U14AaABAg,@victorcast2467,22:00 from Max Verstappen to Romain Grosjean,2025-02-05T18:38:14Z,1,0
UgymGBMNqRI5a3BHPMB4AaABAg,@Fizzyxd,"Haven't watched you in a while Jack, YOU HAVE GREY HAIR NOW?!",2025-02-05T18:34:24Z,0,0
Ugxu6soDlOnfA3lvm3V4AaABAg,@wommpa,"Thanks grandpa, you made me feel as old as you bringing back Turbo Dismount. Jokes aside, wow this is a blast from the past.",2025-02-05T18:01:22Z,0,0
UgyCvRe5hEmvfxu_Pv14AaABAg,@marcuswallace1930,2025 baby! The new golden age is coming!,2025-02-05T17:51:48Z,0,0
UgwKShn8kQKF3GmAiwN4AaABAg,@danielgoertz8962,Simpler times.,2025-02-05T17:18:04Z,0,0
UgzhQqRrYhqt1g3bjrB4AaABAg,@taylorward2617,17:05 I'm pretty sure The Blue Danube is fair use,2025-02-05T16:17:44Z,0,0
UgwAhbuvtHu8wPR33Xp4AaABAg,@blunderbass851,8:38 to fuckin VICTORY TOWN???,2025-02-05T15:47:58Z,5,0
Ugwkf83Ewxiu6N-Ts_x4AaABAg,@Brk24s,My 13 year old self just woke up 🥺🥺,2025-02-05T15:18:31Z,0,0
UgxLVK2AvMwzB57cMDx4AaABAg,@MoldedMango,"Me:Hey, who's the bad guy in fnaf 3?

Guy with a surface level understanding regarding fnaf: 20:44",2025-02-05T15:03:00Z,0,0
UgyOOzMU9WXolihhPUx4AaABAg,@relatableanimations1370,"Im half way into the video and you haven't said ""SPEED IS KEY"" Im thoroughly disappointed. You'll be hearing from my lawyer.",2025-02-05T14:50:33Z,0,0
UgwnhVCa6tuObaipUhN4AaABAg,@josephhaines3788,I miss this Jack. I haven't watched a video in like a hour and this is the first thing I come back too. I miss 2014 Jack. I remember goat sim Jack.,2025-02-05T14:41:09Z,0,0
UgwthFV2ZYPYQraJKUh4AaABAg,@in-craig-ible6160,"I loved it when Jack said ""It's Dismounting Time"" and then dismounted all over his enemies.",2025-02-05T13:15:08Z,0,0
Ugxz4zddDiQpAMvTre14AaABAg,@messwithfinesse2,Suddenly I'm back in my old house watching YouTube after school 🥲,2025-02-05T12:21:28Z,0,0
UgwUx59sPkqb7XXnnft4AaABAg,@tjs9280,man it's been years since I've seen a jacksepticeye video ngl i feel old af lol but still it's grey-t to be back :),2025-02-05T12:02:32Z,0,0
UgzX-EY_d1vn81lb4rR4AaABAg,@jimmyvibez4810,"I never though I'd smile so easily, but this brought me back to when I first loved watching these videos, a simpler time.",2025-02-05T10:44:26Z,0,0
UgzX0RU6_1YQJ6kyh2V4AaABAg,@greeneyedcatto,"day 7 of asking Mr. Jack to play Until Then by polychroma, a week has passed but i wont stop",2025-02-05T09:24:46Z,0,0
UgyqLtqLdzWT_100IOh4AaABAg,@619tinytim7,Woooo baby this was my freaking childhood,2025-02-05T08:57:51Z,2,0
Ugy8a18wghdpFlAciup4AaABAg,@ethribin4188,"""Bring yourself to work day?""

Thats just normalwork Sean

XD",2025-02-05T08:17:14Z,0,0
Ugxngr540-z_B-JC4-Z4AaABAg,@ethribin4188,Way to little traffic on those roads.,2025-02-05T08:13:48Z,0,0
Ugx1-DYodUCj6-cmZPl4AaABAg,@youtubetweez6730,Haven’t been here in awhile but I’m so happy he’s still getting the views he deserves,2025-02-05T08:04:47Z,0,0
Ugx1REqknRl2R-PXuYp4AaABAg,@ethribin4188,"Sad the camera follows the car, not the character.",2025-02-05T07:56:17Z,0,0
UgyxfvxrYcgtJl9hWal4AaABAg,@Adamizer-2000,If I told myself ten years ago I would be seeing new turbo dismount videos I would’ve probably say “who are you? How did you get in my house?”,2025-02-05T07:42:18Z,1,0
Ugw5uX21absw7ykSANZ4AaABAg,@Basedbasist,This video being how I found out his hair turned grey hit like a ton of bricks,2025-02-05T07:35:18Z,0,0
UgyrpHmKUVYPM2REb0R4AaABAg,@enterlis,This was my childhood,2025-02-05T07:25:28Z,0,0
UgwNrgvfozpvQG83d_B4AaABAg,@twiningsirishbreakfasttea3826,"Turbo Dismount is back

all is right with the world",2025-02-05T05:52:31Z,0,0
UgyqgttVdf6m3_qJz0l4AaABAg,@TheNexusCollective24,"dude, i saw the thumbnail I in straight up got excited. i remember playing this game so much when i was a kid.",2025-02-05T05:28:42Z,0,0
Ugx7vEiYRPTbx8WhinZ4AaABAg,@kyleoestreich8867,It’s been over a decade… I never thought I’d see this again🥹,2025-02-05T05:19:43Z,1,0
UgwBzuKK6zNgAoueH514AaABAg,@booperdooper4514,Bro that intro slapped me 10 years  into the past😂😂,2025-02-05T04:54:55Z,1,0
Ugzm8s6MZF5Eml3iNix4AaABAg,@mimixyz88,This feels like a fever dream. It's good to be back,2025-02-05T04:45:33Z,1,0
UgzaEKbLFuKWG8gIOZB4AaABAg,@bodieleonard3668,This is crazy i remember watching these videos over and over again,2025-02-05T04:00:56Z,0,0
UgzSdoLmO7CdTmshP-J4AaABAg,@thedragondr_9080,"""Take it nice and slow"" me in the back of my head ""SPEEEEEEEEEEED IS KEYYYYYYYYYYYYYY""",2025-02-05T03:52:06Z,0,0
UgwzgpFzXK1Vgyay7ih4AaABAg,@brute_bread420,All I hear in that intro is Subnautica jack ❤😂,2025-02-05T03:17:21Z,0,0
UgzHxgm4X4dMfrvD0_t4AaABAg,@linkingiesbrecht,now we need skate 4 to come out,2025-02-05T03:13:05Z,0,0
UgxI3YJuuPJKs1NP0tN4AaABAg,@ColCam,Love it!!! ❤❤❤,2025-02-05T02:11:54Z,0,0
UgwTQMh-ae8pXviPiDh4AaABAg,@bubblestrailerparkboyz,the intro already got me *JAMMIN*,2025-02-05T01:43:27Z,0,0
UgxMp_QZkduPXLYdwJR4AaABAg,@GroundXer0,"You can edit the strength of the turbo pads, Jack.",2025-02-05T01:33:26Z,0,0
Ugxx5ASnfdq7Af43Xvh4AaABAg,@richardcolvert689,"I love watching Jack use the skateboard because when I was leaving class I saw some poor sap fall off their board. I was watching the events unfold in first person, mainly cause I was the poor sap.",2025-02-05T01:30:33Z,0,0
UgwkNxB2BvKJ0YsQis14AaABAg,@jordantynkler201,Wait there’s a 2ct one,2025-02-05T01:06:10Z,0,0
Ugz30AOM_CqZBpGGcYh4AaABAg,@Son_Noah,He brought it back.... JACKSEPTICEYE 2012 NERDS UNITE!,2025-02-05T00:19:21Z,0,0
UgwoslUMW_Qc1iMt1BF4AaABAg,@AbigailLenin,‘History repeats itself: first as tragedy and second as farce.’ - Karl Marx,2025-02-05T00:13:48Z,0,0
UgxLhkf4WgWyGdJiM894AaABAg,@ashrowan2143,"What year is it, i just got piercings that are healing in watching Jacksepticeye play turbo dismount what is HAPPENING",2025-02-05T00:05:00Z,0,0
UgxNOa99E0eWh7KtIeF4AaABAg,@wkkqewqaver7766,why is your hair white? old?,2025-02-04T23:49:42Z,0,0
Ugx9GIMV2ZY7-GI4gvd4AaABAg,@memos7674,My life has been a lie I always thought it was pink lightning,2025-02-04T23:28:45Z,0,0
UgyCUABw5kMYMaeig6V4AaABAg,@memos7674,And just like that I’m 7 years old again,2025-02-04T23:13:19Z,0,0
UgwVi4id9qEdwlB0Fxl4AaABAg,@rhyswillz4725,Love this jacky boyyyyyyyyyy 2014 Jack is certainly back and I’m all fucking for it !!!!,2025-02-04T23:01:30Z,0,0
UgxHPhcsUBbv78v-x4R4AaABAg,@march_223,Please fire your editor,2025-02-04T22:52:37Z,0,0
UgxGb_2HMBLI4HBdyBJ4AaABAg,@jblen,Dude turbo dismount never disappoints. Even happy wheels got kinda stale but this is just a fun time.,2025-02-04T21:12:05Z,0,0
UgzKHWh_1WuvJX6YMY94AaABAg,@LucaLouShibe,"I was weirdly just thinking about the first series you did and the good memories, then saw this when I went to the channel!",2025-02-04T21:05:13Z,0,0
Ugxtuoc2V9gcEdDRgbZ4AaABAg,@zypher5596,"Been a while since I caught one of your videos, and I AM SO GLAD THE ONE I DO CATCH IS A FREAKING THROWBACK OH YEAH BABY!",2025-02-04T20:19:19Z,0,0
UgxPrtS5Csql7QdI9454AaABAg,@GarfieldWithAHat,"8:00 was so perfect. 

Nothing stops the squatch... except going in reverse",2025-02-04T20:15:16Z,31,2
Ugz04yVzGjx6-haxoj54AaABAg,@juicypineapple2590,Bro I haven't watched Jack in so long and this video pops into my feed. Brings back so many good memories.,2025-02-04T19:23:40Z,0,0
UgxMUl5KLk8W0HwA0fp4AaABAg,@leolordful,Saw this video on my feed and tapped so quick my phone screen has friction burns,2025-02-04T19:21:35Z,0,0
Ugx83ecKBu8A6aCON_14AaABAg,@davidbaxter8267,Makes me sick how long ago your old videos are,2025-02-04T18:27:21Z,0,0
UgzGUPB7sZEc1gtE3694AaABAg,@BarbiesWRLD999,My high as at 4:28 lmfaoooooo,2025-02-04T17:50:57Z,0,0
UgxsLZ49CSqD3koCOp94AaABAg,@Realience,"Oh god
I remember watching you play Turbo Dismount back then

I was 12",2025-02-04T17:39:43Z,0,0
UgysqNbkCm71jTU7jN54AaABAg,@alexcovarrubia9604,Jack when did you get gray hairs 😮😮,2025-02-04T17:34:04Z,0,0
Ugx1PkuUgxQWsih0CvZ4AaABAg,@helloworlditsme7740,THE KING HAS FIGURED OUT HOW TO TIME TRAVEL WOOHOO,2025-02-04T17:29:15Z,0,0
UgxxwtXKOopJAH1GQ-R4AaABAg,@Gokou81,Been here since Turbo Dismount 1 🫡,2025-02-04T17:19:00Z,0,0
Ugwk3SiQsuNFvlerxQx4AaABAg,@BadNinjaStudios,"16:57 I mean come on, would we have really accepted literally anything but this music choice?",2025-02-04T16:37:41Z,0,0
Ugz1gBG0_HmBq-Cu1Yx4AaABAg,@jackclancy2189,We are so back,2025-02-04T15:17:26Z,0,0
UgxvSQEzajIADgTJQ8F4AaABAg,@jonathanriddle8214,"goodness, i have not played this game since 2020, it feels so good to see jack play it again.",2025-02-04T15:06:43Z,1,0
UgwrwoREWWNFDPCH1ox4AaABAg,@DeathRay69,"That ""Oooh pink LIGHTNINNN!"" shot me back to the mid 2010's. 😭🙏🏼",2025-02-04T15:03:13Z,3,0
UgxbPZTlrxX6OZU4fC94AaABAg,@BRNakamura,"What the heck, I just been transported back to my teenage years.",2025-02-04T14:39:21Z,0,0
UgwXqbivGD-tDvp5Xc14AaABAg,@badasstoad9419,"I was with you since 400k Subscribers. ❤ Turbo Dismount, Happy Wheels, and your oldschool VR games like Mirror’s Edge were how I met you Sean. 😊

*Congrats on how much you’ve grown!!* And I’m happy to take the trip the nostalgic trip back to memory lane!! ❤",2025-02-04T14:12:39Z,0,0
UgzsDHEUwgYW_ZQHdwR4AaABAg,@Venom_Horse,"I swear to god I have the most vivid memories of watching you play the first one and thinking about how much I want to play it but I can't remember anything. It's hard to believe I've been watching this channel for over ten years now. Thank you for inspiring me to wake up in the morning, Lad. In the next video.",2025-02-04T13:56:09Z,0,0
UgxFw7mt-5jm8chcxid4AaABAg,@leantje,first ever video I watched from you was turbo dismount episode 1. Feels good to see you back man,2025-02-04T13:16:49Z,0,0
UgzdByGKPXrQCwRWCxZ4AaABAg,@browhat3013,HELL YEAH I REMEMBER THE OLD TUBE DISMOUT VIDS I FUCKING LOVED THAT STUFF AND ITS BEACK LETS FUCKING GOOOOOOOOOOOOOOOOOOOOOOOOOOOOOO SPEED IS KEY LIKE A MOTHERFUCKING BOSS WOOOOOOOOOOOOOOOOOOOOOOOOOOOOOOOOOOOOOOOOOOOOOOOOOOOOOOOOOOOOOOOOOOOOOOOOOOOOOOOOOOOO,2025-02-04T13:01:07Z,0,0
Ugwq-zMbNsscOWb-C8x4AaABAg,@pepsiman9751,"Haven’t watched you in ages, now we must watch this",2025-02-04T12:30:49Z,0,0
UgyRUXlBTvojzM1WiF14AaABAg,@barleybuckles4631,This is the hardest I've laughed at a jacksepticeye video in a while,2025-02-04T12:12:41Z,0,0
UgxzuzxIkPJVT2o0npp4AaABAg,@appl3jewelartz,Suddenly it’s 10 years ago,2025-02-04T11:40:31Z,0,0
UgzcaNO9Xk8gZdBoYAN4AaABAg,@McClaps,Its crazy that its been 11 years since,2025-02-04T11:21:15Z,0,0
UgzyusMAsV9_olawtSh4AaABAg,@dozzlegram,jacksepticeye? more like jack the WITCHER.,2025-02-04T09:52:58Z,0,0
Ugw7FoQuE-2XCPxaTIR4AaABAg,@cool_feller43,"Jack.....question

Is your hair graying...or is it just me?..also PEAK TURBO DISMOUNT IS BACK!!!!!",2025-02-04T09:52:18Z,0,0
Ugwir6Cacyz0ErpnYRV4AaABAg,@black_sanctus,I was not expecting the big lighting to bring so much nostalgia,2025-02-04T09:50:03Z,0,0
UgxWLitzik8z2zuB9Rl4AaABAg,@KingBongo76,OOOOHHH jackiboy watching this video brought back so much nostalgia for me i remember watching the first turbo dismount videos back in high school!! absolutely love your video man!!,2025-02-04T09:48:41Z,0,0
Ugzq6QI4I0dEV4pRPd94AaABAg,@greeneyedcatto,day 6 of asking mr jack to play Until Then by polychroma,2025-02-04T09:05:05Z,0,0
Ugzs-RMC9JPUG3TasVB4AaABAg,@kahuna_6424,"I remember watching YouTube as a kid and watch jack’s videos. He has been apart of my life for a decade and I’m so happy for that. 

Thank you for bringing me back to those times for just a half hour",2025-02-04T08:42:29Z,0,0
UgxkjwtJVHuwn4SS4914AaABAg,@scrubwrecket3699,dude I used to laught my ass off to those videos when I was little,2025-02-04T08:34:31Z,0,0
Ugyxn_MEd2m6eZZKb_p4AaABAg,@Caitlinje_,Gosh i needed some nostalgia of 2014 and yeah this worked,2025-02-04T07:36:49Z,0,0
UgyaVBITGlUd2X7i31x4AaABAg,@jaycebartles537,"The joy in jacks face when I see him play this game,fills my soul.🥹",2025-02-04T07:04:29Z,0,0
UgyxsElP8qMFaU4H0Wt4AaABAg,@merplet1562,This game is actually my childhood,2025-02-04T05:42:50Z,0,0
Ugx2CUgYcSiuG9y5OoF4AaABAg,@CalcuttaNightmare711,"We are so Barack, it’s no longer joever",2025-02-04T05:27:37Z,0,0
UgwoO_-7f2xctiSQWJ54AaABAg,@Local_Cashier,"Today my gf, now ex, broke up with me. I've been trying to distract myself and you genuinely made me smile and laugh Jack, thank you ❤",2025-02-04T04:47:54Z,2,0
UgzLG2_mzJg0FCmPLzt4AaABAg,@yasserl.2856,"Tf, his haur turned greyyy?¿

Its been a while, but its good to be back 🫠",2025-02-04T04:22:30Z,0,0
UgyiZrHkq8k-ywsx-SJ4AaABAg,@Arceniuzar,"holy fucking shit 2015 was 10 years ago

i feel ancient",2025-02-04T04:21:32Z,0,0
Ugw8hjJggjtm69-1yWF4AaABAg,@pumano9564,That was such a human reaction😂 26:43,2025-02-04T04:04:13Z,0,0
UgwzAIUIQeXDNwRi0RF4AaABAg,@yoda5436,I can’t believe he didn’t use the picture feature to slap the iconic thumbnail face on it (yall know which one I mean),2025-02-04T03:34:42Z,0,0
Ugx_AS7KRmWZ_XgMmnN4AaABAg,@yoda5436,“There’s 3 faces” I knew at this moment THE iconic Jack thumbnail face would be included,2025-02-04T03:33:53Z,0,0
UgzT1aoou93tkRC7HnN4AaABAg,@melvin7086,Nostalgia is back 🔥🔥🔥,2025-02-04T02:48:38Z,0,0
Ugw6lk9eOV19f_KxXvN4AaABAg,@ItsSpacious,"Turbo dismount was about inflicting the most damage possible. Not about being an obstacle course :( I love the energy you brought to this, makes me smile. But the game has an identity crisis it needs to identify",2025-02-04T02:16:01Z,0,0
UgxBVmVQSxqYCvaTNe14AaABAg,@tylermitchell185,"30 million? Is that what you are at now? fuckin hell, I remember 200k being a milestone. I remember coming home from school waiting until 5pm for your videos. Good shit, good shit",2025-02-04T01:58:20Z,1,0
Ugx7_SzSo6_THv8v7nx4AaABAg,@lynq8839,"watched you play this when I was like 7. My ma has a video of my dying at your video, great memories.",2025-02-04T01:55:03Z,0,0
UgzNxtJpzzVE_LHlvYd4AaABAg,@tranquilotl,the reason it's not detecting your camera (probably) is OBS is utilizing it,2025-02-04T01:49:51Z,0,0
UgypAxgPkF87q9_eCXx4AaABAg,@woofyjay6110,you can adjust speed and duration on the speed pads,2025-02-04T00:20:57Z,0,0
UgzJAwa-nzRb_e8Ngd14AaABAg,@joshthenoshh3464,"The intro, just hit my so hard. I re watched the old videos from my childhood. Smoking simulated. The douchebag videos 😂😂",2025-02-03T23:38:22Z,0,0
UgyDid3FWV_CnIpwhNx4AaABAg,@greeneyedcatto,day 5 of asking mr jack to play Until Then by polychroma,2025-02-03T22:51:23Z,0,0
UgzlcBPBEg97a1Holkd4AaABAg,@BlueNukez,"""say the line bart!"" the video",2025-02-03T22:45:06Z,0,0
UgwsHIyNsjMUN5_g7xR4AaABAg,@abhishekchopra3440,I feel so old now,2025-02-03T21:56:14Z,0,0
Ugy8vyhFThpSPx1WVfZ4AaABAg,@darkgolden3250,"14:22
YOUR THE BEST
YOUR A GARBAGE HEAP
TIME TO GET CRUSHED
14:49",2025-02-03T21:48:21Z,0,0
Ugzum7w3HVHfhofFeDZ4AaABAg,@2PIXELS24,I have a android and turbo dismount it got removed from android but i still have it ive had it since like 2022,2025-02-03T21:32:25Z,0,0
Ugzwq1ngvYV6fJX1rMd4AaABAg,@Lorsko-fk1gc,"I remember watching Jack play Turbo Dismount YEARS AGO, and looking back at it now, it's one of the most nostalgic moments ever. How could anyone forget his rivalry with Snowplows",2025-02-03T21:28:07Z,0,0
Ugwjvg3M43dfKpCoP8J4AaABAg,@ultimate-heroics7594,why is his hair gray i took a 4 year break and he's old?,2025-02-03T21:20:30Z,0,1
UgyuWUY1gRdyvNAFtrJ4AaABAg,@braylonclark539,I felt the feeling. Child me is so happy right now,2025-02-03T21:15:32Z,0,0
UgyKFLZxv04owPzIr4p4AaABAg,@MichaelxVoorhees,nothing happens,2025-02-03T20:25:17Z,0,0
UgzFx-3eFEjUkNNjaoJ4AaABAg,@Klonki,Can't believe they actually made a sequel to the best dummy killing with ragdoll simulation,2025-02-03T20:16:56Z,0,0
UgyfIaZLNQTPlEd8j4Z4AaABAg,@KayayaTheDammed,"The unbridled joy and bliss that my smile achieved was the highlight of my year so far. I'm a grown adult crying and laughing because you just sent me back before everything happened in my life.

Nothing stops the squatch, except the tears of a grown man.

Thank you.",2025-02-03T19:10:37Z,6,0
UgziBRSjc2ACUTzOYfR4AaABAg,@heartless6915,"im a child again, thank you youtube for recommending jack, after not watching him for years.",2025-02-03T18:32:59Z,0,0
UgzMa9S3WOWQS60rVZF4AaABAg,@erikvk21,Holy shit this brought me back wtf,2025-02-03T17:58:48Z,0,0
Ugz2b6M-awpDgksX4Ht4AaABAg,@aaahdhjsjd1201,GOD i completely forgot about that game. You were actually the one who got me hooked on it.,2025-02-03T16:27:18Z,0,0
UgxQJIQ4dvIg7sy0Set4AaABAg,@randyharris1916,Bro I’m watching this during my lecture and I can’t even whole in my laugh anymore 😭I’m dying,2025-02-03T16:17:18Z,0,0
Ugw5YDn-wlFptxJxOkJ4AaABAg,@gunman4872,I love how interactive and stunning the sequels turned out,2025-02-03T16:16:35Z,0,0
UgxdzMMKmbfByBCRqAV4AaABAg,@OGFrankles,18:28 Do you know what else is massive?,2025-02-03T16:05:28Z,0,0
UgxFiGl8wgtXsZIAic54AaABAg,@coenwatt9458,"Ahhhh he did the thing, he did the thing, he did the thing HE DID THE THINGGGGGGG!!!!!!!!!!!!",2025-02-03T15:28:23Z,0,0
Ugw_7bE-WCC6TneDMVt4AaABAg,@HeatSyncope,Holy shit he still got it 😭😭😭😭😭😭😭😭😭😭😭,2025-02-03T15:10:47Z,0,0
Ugx6LnJcIaKkAV431bV4AaABAg,@Hydereal,"Christ, it's been over 10 years since the very first Turbo Dismount video",2025-02-03T14:46:56Z,0,0
Ugw7yZK7sy4z7jN_Rq14AaABAg,@frank_achille2000,"@jacksepticeye looks so much like Geralt from Witcher 3 now, he looks awesome!",2025-02-03T14:45:21Z,0,0
UgyK7z2OKoXfmKRTuG94AaABAg,@lOst-pr3vp,"talk about a deja vu, right here and its never been better.",2025-02-03T14:10:10Z,0,0
UgxvADwdJ9I5Q4Hcgrp4AaABAg,@sirroy6646,"I remember watching a lot of the og turbo dismount videos after my grandpa passed away, those videos always cheered me up. Over ten years later and it’s crazy to now have turbo dismount 2.",2025-02-03T13:54:06Z,0,0
Ugz34eFfMEMvQfspbOJ4AaABAg,@brandonlewis2861,Please do more please. And man Turbo Dismount was the first series of yours I watched. It was how I found you.,2025-02-03T13:51:48Z,0,0
UgxZVAW-5biluQkK7Y14AaABAg,@sl4sh3r49,Remember brotha SPEEEEED IS KEY,2025-02-03T12:39:15Z,0,0
Ugz-NXAaN8W-cHy8pBR4AaABAg,@idiotbutransrights,WE ARE SO BACK BAYBEE,2025-02-03T12:13:28Z,0,0
Ugw5cC3axyNYlVatDAR4AaABAg,@gabrieldevoogel6225,"Opening my YouTube and hearing this 70’s p-orn music in my ears I knew, it was turbo dismount time",2025-02-03T11:47:14Z,0,0
UgyqO1a47M-wR7MUaNx4AaABAg,@GOGNLC,Crazy we were kids when this was the sh8t  now i have a son will definitely be play this with the youngin,2025-02-03T11:19:05Z,0,0
UgwTH3EQhVfSJ4u32xx4AaABAg,@BlueMoon56832,Long have i waited....and finally...we return,2025-02-03T11:08:46Z,0,0
Ugw2BfIbSfvWQHdQ2BZ4AaABAg,@ilovemonkeys77,So nostalgic! This is how I was introduced to Jack and it’s so awesome to get to see him playing it again,2025-02-03T10:32:17Z,0,0
Ugzy17wOXIgWYxrjQ0F4AaABAg,@chayannecuesta3860,Holy crap dude I remember jack playing this when I was like a infant now am 17 getting my first job jack is really a big part of my childhood❤,2025-02-03T10:29:00Z,0,0
Ugzje788Csdx8zdlwqd4AaABAg,@Syk0ttic,Backflips for days come on jack 😂😂,2025-02-03T10:25:53Z,0,0
UgyCY3Of5REW4OBEA2N4AaABAg,@Syk0ttic,"And prop hunt with mark, Ken, lordminion777 and the rest of the crew 🥹",2025-02-03T10:21:15Z,0,0
UgyevlmNVKZTiI7YLYR4AaABAg,@micb1968,"00:47 it's actually supposed to be ""Pink lightning""",2025-02-03T10:06:24Z,0,0
Ugw7HUgn3uO7AqLjXgl4AaABAg,@legostuds,I was saving this video for when I was sad and depressed now I'm not thanks to jackaboy this video reminds me of old youtube,2025-02-03T09:55:52Z,0,0
UgzNCOKrsujkWeyyAaZ4AaABAg,@DRCx_,Just got sent back like 10 years good god,2025-02-03T09:34:33Z,0,0
UgyhdVskT0ob1_WieXV4AaABAg,@masterchiefV7,The very first series I watched of you!!! I feel like I’m 13 again!!,2025-02-03T09:19:35Z,0,0
Ugxcqf_QcUGRypCJeCJ4AaABAg,@youokboi8556,Why is the most depressing comment section I've ever seen on a Turbo Dismount video,2025-02-03T09:14:23Z,0,0
Ugwc9IYursUqfByyFih4AaABAg,@chrissamz,26:45 And it was at this moment that the Sasquatch finally met a worthy opponent........ OPTIMUS PRIME!!!😂,2025-02-03T09:09:34Z,0,0
UgzuNYevzHA6uvywdVh4AaABAg,@ASC_ANUBIS,"WE ARE SO FUCKING BACKKKKKK, THIS IS MY CHILDHOOD REMASTERED",2025-02-03T07:46:34Z,0,0
Ugz0EtS2S_vomTprvRl4AaABAg,@michaelmonstar4276,So they've just turned it into Joe Danger.,2025-02-03T07:21:58Z,0,0
UgxQoDCiewL0aLS7vAV4AaABAg,@isoulfeed1g554,"More of these videos Jack, love it!❤️👏",2025-02-03T07:16:13Z,0,0
Ugz5t7NMck7UMpjgTf94AaABAg,@Sean-gm7do,I saw Turbo Dismount 2 on Steam a week ago and immediately knew Jack was gonna be playing it. Oh the memories flooding back❤,2025-02-03T06:59:17Z,0,0
Ugz8JbebqyYpyeCd9bt4AaABAg,@A_real_Wizard,Is he dying his hair or is Jack actually going grey,2025-02-03T06:50:08Z,0,0
UgxQaYXdkNdzbr1tGM94AaABAg,@nicholaspearce2250,We need an “All the Way” reprise.,2025-02-03T06:40:53Z,0,0
UgwEmVYwyS1jCvUmkl94AaABAg,@Slim-xt1cy,Jack u truly hold special place in my heart. THE BOSS IS BACK,2025-02-03T06:22:57Z,0,0
UgzNaxVZcR-WplBVukh4AaABAg,@crazedmichael6643,Please tell me someone clipped the screen about the truck,2025-02-03T06:13:22Z,0,0
UgyPApjLPr0C9atBarF4AaABAg,@QuigleTheGnome,I haven’t watched him in years yet here I am,2025-02-03T05:39:35Z,0,0
UgxjQbE1F98b3KS_QRt4AaABAg,@jacksonsims3651,damn i miss this now watching this i want more of this game it's so much fun,2025-02-03T05:38:38Z,0,0
Ugx9aNdRsAANo_Ef2vB4AaABAg,@shopragracing6883,I remember being 7-8 years old watching sean play this game and i would absolutely die laughing 🤣,2025-02-03T05:11:40Z,0,0
Ugzq4J1sJCU9S066Tp94AaABAg,@alexcampbell7057,Skyrim next please.,2025-02-03T04:51:26Z,1,0
UgxF8OfV1Nm5r4wTl8N4AaABAg,@blakejames61,It's funny to me that Jack doesn't mention that Turbo Dismount was also one of the games that you could watch him play on Disney Channel when they had that video game show,2025-02-03T04:43:20Z,9,0
UgzQl3cvtjrChuPoqeh4AaABAg,@eligos8696,"I like when he said ""You are so fucking talented"" then afterwards said "" Your a piece of shit"". CINEMA 10/10",2025-02-03T04:39:12Z,0,0
UgyzHAAgIQSJ3ZKBGP54AaABAg,@SillyTopHatFrog,It’s insane we got this after the fnaf lore was basically completed,2025-02-03T03:53:29Z,0,0
UgwJp-Q-KMhhGrGj_hR4AaABAg,@its_drew5213,"NOTHING STOPS THE SQUATCH gave me a dopamine rush no drug could 😂 
the anti climax was perfect for 2010s jack, perfect moment was ruined when I had a minute of ads and realised It’s 2025.

I used to wear a jacksepticeye hoodie to primary school every day 😂",2025-02-03T03:50:56Z,0,0
UgyzkTWsvd4pcyHsOa14AaABAg,@-curlami-5881,THEY MADE A SECOND ONE??,2025-02-03T03:50:54Z,0,0
UgzWDYH8EdVQVB8_EPx4AaABAg,@Rinz-Aide,YES I LOVE THIS GAME,2025-02-03T03:43:51Z,0,0
UgzwbYXw2HvBDIk-yeN4AaABAg,@TokyoFilthy,We are so back,2025-02-03T03:30:40Z,0,0
UgwXVCuPSS1tY93Q3dx4AaABAg,@WizDaKid-ho2xn,turbo dismount 2 before gta 6 is wild,2025-02-03T03:25:19Z,0,0
UgwHT8QW8iUzxNG3NC94AaABAg,@Pastel_Gutz,Holy fuck- the nostalgia,2025-02-03T03:02:25Z,0,0
Ugw6nqHvWqFXeGliL_B4AaABAg,@TheAlison1456,"I just realized the sense of speed in turbo dismount is quite bad
7:02 the fuckin white noise sound got me 😂😂😂.
27:48 ""bring your self to work day"" 🤣🤣🤣🤣. What the hell.",2025-02-03T03:01:59Z,0,0
Ugyf5_4TEdjF9ISoSnJ4AaABAg,@Ryu-700,I've missed this game so much,2025-02-03T02:36:34Z,0,0
Ugw29EaFwFWj8pt0T1l4AaABAg,@orias4048,"Honestly I COMPLETELY forgot about this game but now that I think about it, this was one of the first things I ever watched on youtube by myself EVER and thats crazy",2025-02-03T02:10:13Z,0,0
UgyENK9-fmYikmxCoxx4AaABAg,@BigDaddy66292,not going to lie i dident click on this to watch but to just simply comment that it seems like your not even having fun with this game  but more or less just doing it for the viewers.  but jack  when we come to see you play a game its for a genuine reaction to a game you wanted to play  something you were excited for and wanted to share your reactions because you loved your channel and the games for what they were.  making you feel a certain type of way  the laughtere came from the gut and not the mind.  i understand this is your career and you still need to make money. but pls jack listen to the viewes when we say if you need to get a 9 to 5 to make ends meet and you go back to playing games for fun and mooney comes second. love you jack.,2025-02-03T02:09:03Z,0,0
Ugy5SP937fLjegmWO354AaABAg,@SomeBody-ch7sj,We are SO BACK Ladys and Gentlemen!,2025-02-03T02:01:48Z,0,0
UgzsNwhszVSL40fYQ_N4AaABAg,@frvrjoker,I remember watching turbo dismount when i was like 12 now im gonna turn 18 in a couple days. Crazy how times flies 😭,2025-02-03T02:01:03Z,1,0
UgwDg_YV-URj0rsTZlx4AaABAg,@Glowzz_Btw,Seeing jacksepiceye play turbo dismount again is just like the old days,2025-02-03T01:56:22Z,0,0
UgxGRA0Ln4LatqoNbjB4AaABAg,@aidansedelnick4443,I love the fact that everything here on this site now feels it like the early 2010s X3,2025-02-03T01:41:13Z,0,0
UgwFuSVPoeL6-wjvy914AaABAg,@metalpizza01,"18:50
The slow driving car made me cry of laughter as i try to hold it in because I'm scared my mom could hear me. And she might beat my ass finding out I'm still awake....it's almost 3 am😂😂😂😅😅😅💀",2025-02-03T01:15:31Z,0,0
UgxaNfkFDySCb_5pIxt4AaABAg,@MrXbow4300,Can’t wait for the Turkey Bird to take flight.,2025-02-03T01:03:11Z,0,0
UgwkW3P3sPRoYNCTm-Z4AaABAg,@kholley6650,"22:15 ""Absolutely Max Verstappen"" yeah this'll do for offseason F1 content",2025-02-03T00:40:18Z,0,0
Ugz5WaSQQsePNiEEzLN4AaABAg,@TheOriginalSpork,Guys... are we back?,2025-02-03T00:13:12Z,0,0
Ugyr-J55x5BZY_RDrIx4AaABAg,@Jaime0904,Welcome back,2025-02-02T23:54:28Z,0,0
UgyQWtCe6KYme-bnnvR4AaABAg,@callmemeg10,"The first jacksepticeye video I ever watched was a Turbo Dismount video, ten years later this feels so full circle I am emotional !!",2025-02-02T23:52:25Z,0,0
UgwOasr_KO-seg8Adf94AaABAg,@woofnuggiez,"Lol make the other people have faces like felix, ethan and ken or something haha that'd be gold",2025-02-02T23:23:50Z,1,0
Ugy5ZJMYDK8rhCJ8tah4AaABAg,@patches7724,"It's funny that the first video of yours I'd ever watched was a Turbo Dismount video. Now, my first video of yours I've watched in several years is a Turbo Dismount video.",2025-02-02T23:12:10Z,0,0
UgxouARSpRbrMz0UA-t4AaABAg,@christopherbailey8926,blast from the past man jesus,2025-02-02T22:46:05Z,0,0
UgwnV0obYn60pHuMekh4AaABAg,@etrnal_raijin,"i can not believe what I’m seeing, wow this takes me so back",2025-02-02T22:26:40Z,0,0
UgzotLmAJpJydLyMYYN4AaABAg,@sahazari,"Every summer I used to spend my evenings in the cabin watching the turbo dismount series, this is a rush of nostalgia.
Jack you have raised children, I was 9 when I started watching you, I am 21 this year.",2025-02-02T22:21:15Z,0,0
UgxnsXkGv7jwJO29OHR4AaABAg,@korhol2065,"Hey, my names derp ssundee, and welcome to JACKASS",2025-02-02T22:11:35Z,0,0
Ugx_eCdx7kNrEhsGge14AaABAg,@LandanBullock-q8f,The nostagia,2025-02-02T22:10:56Z,0,0
UgxtA3a_yy_YlShDRzx4AaABAg,@thehyvesystem3159,sometimes when youtubers leave the cursor on the screen i like to line mine up with it like the mouse cursors are kissing,2025-02-02T21:54:52Z,0,0
Ugzlw2pxyj6AaUJZjkJ4AaABAg,@svu1191,My fist ever video on youtube was your video on turbo dismount,2025-02-02T21:42:57Z,0,0
UgwKImeexyktba3metF4AaABAg,@Anautical,Seeing the thumbnail just satisfied every cell in my body. Bringing all the nostalgia back.,2025-02-02T21:42:07Z,0,0
UgwwmGgmjxRCeHOhMGh4AaABAg,@Zombielolololo1234,26:31 haircut,2025-02-02T21:17:28Z,0,0
UgyhaZkC4dzbgfxEdTN4AaABAg,@NMurderdrones-ct,My favorite episode of turbo dismount is when your character was crushed by a bus,2025-02-02T20:57:36Z,0,0
UgwYD7knsRZGxc1aU7B4AaABAg,@TreRegister,I was hoping for SPPPPEEEEEEDDD ISSSS KEEEYYYYY,2025-02-02T20:13:12Z,0,0
Ugw2hSSlmdCceIGUroB4AaABAg,@VilleValen,Oh no he is back at it again......,2025-02-02T20:06:40Z,0,0
Ugw-S83uKzfQQ1rqYs54AaABAg,@MegaPrime_studios,I loved watching Jack play turbo dismount,2025-02-02T19:53:29Z,0,0
UgxzBMvDIjG29tiDtdd4AaABAg,@Coll1-11,"i remeber watching those old videos
love your content and always will",2025-02-02T19:41:04Z,0,0
UgzZHqw9jM24_ed6nzt4AaABAg,@Facts-l5t,Okay so I've been subscribed since 2020 or 2019 and haven't watched a hole video for almost 2 years. Did he age twenty years with the hair. It's grey and I can't tell what's going on? Please explain. . . ?,2025-02-02T19:38:02Z,0,0
Ugxo0emCHwiijJnlnL14AaABAg,@MellowMan339,Bro now I wanna play the old one again. I hope it goes mobile!,2025-02-02T18:59:07Z,0,0
Ugwv7UUsGTafaXsqzSN4AaABAg,@Shaze64,"7:54 When he screamed the classic line I nearly forgot I was at work, and almost screamed it with him",2025-02-02T18:56:21Z,0,0
UgwtvmOt3uvrsMnL5l54AaABAg,@grimshowtime,we are SO BACK!!,2025-02-02T18:50:30Z,0,0
UgzYORwYPUCBjc_1HBt4AaABAg,@vexfcstudios6929,"My god I remember this game dude. This was my first introduction to a mobile game, watched my friend play it on the bus home from school since I didn’t have a phone. Man dude good times lol",2025-02-02T18:31:11Z,0,0
UgwU-paoBhDvipI8u3d4AaABAg,@Dra_none,"5:04 ""OOHHH!! and he sticks the landing!"" (Lands upside down)",2025-02-02T18:27:39Z,3,0
UgygWS7MW3rKRVV4bet4AaABAg,@tighlia3375,"Oh hey, Jack's Back.",2025-02-02T17:58:45Z,0,0
UgxIhDuyTVxCW-5lSrh4AaABAg,@V1-BZ,Can’t wait for him to play subnautica 3,2025-02-02T17:15:41Z,0,0
Ugw-WUXJwBAvcc7GY3R4AaABAg,@IamJay02,Oh my god. Bringing me back to middle school.,2025-02-02T16:47:54Z,0,0
UgxsX-gXZKhqNV3CnaF4AaABAg,@RJ51219,Sean you mean so much to me and I love your videos,2025-02-02T16:40:00Z,0,0
UgytwWCiQ4OcuL31All4AaABAg,@Sylvix2.0,SPEEEEEEED IS KEEEEEEYYYY!!! Been so long since I’ve watch your vids and this one is the one that gets recommended to me. I hope and look forward to seeing more of Turbo Dismount 2,2025-02-02T16:24:01Z,0,0
Ugw-AROexm7hl-0VyPt4AaABAg,@ikethealien2112,*immediately downloads the original again* THANK YOU FOR REMINDING ME OF THESE WONDERFUL MEMORIES!,2025-02-02T16:23:49Z,1,0
UgxmeODccsICzsDSwEJ4AaABAg,@itsghac,Holy shit this is how I found you and I’ve been gone for a few years and I see this wow just wow I got goosebumps,2025-02-02T16:10:09Z,0,0
UgzLmPX4XGMfewd8HT14AaABAg,@loganthompson5961,Am I the only one waiting for the “SPEEEEEEEEEED IT KEEEEEEEY?”,2025-02-02T14:59:41Z,0,0
UgyQ9Xxm1Ni2MZ2HOWV4AaABAg,@Prazca,"really hope they put this on mobile, or even just the original again since it's not ob android anymore",2025-02-02T14:35:03Z,0,0
Ugy2F_EYoVpSDe3jFe54AaABAg,@droid1008,i haven't laughed so hard at a video in years,2025-02-02T14:34:40Z,0,0
UgzHtDiMQ37ASOEmxYt4AaABAg,@mitchrice943,NO WAY! we need a hundred episodes of this!,2025-02-02T13:52:04Z,0,0
Ugznl2OjdziaXwn2eqB4AaABAg,@crackgamer25,jacksepticeye holy shit havent seen one of your vids since 2019,2025-02-02T13:43:36Z,0,0
UgyXe_zmsZFi24SMDx94AaABAg,@twabble9017,yay I feel like a child again,2025-02-02T13:14:02Z,0,0
UgzEQja79vV5aJJlZ8R4AaABAg,@fulimbus9942,"The first Jack video I ever watched was Turbo Dismount, probably nearly ten years ago",2025-02-02T12:01:33Z,0,0
Ugwz3_izl_Ot4MezJWZ4AaABAg,@Jaykey_Soldier6036,"Cor blimey, I never expected that there would ever be any more turbo dismount.",2025-02-02T11:49:33Z,0,0
UgylO1OKvkdRTU_48op4AaABAg,@doogleboi,10 year old me is so hyped rn,2025-02-02T11:49:21Z,0,0
Ugw0Zpiz9kc3Xa5MSBp4AaABAg,@fairytaildogs5696,oml this make me happy,2025-02-02T10:49:51Z,0,0
UgwChyUmc44XtsKqaId4AaABAg,@AzzyMW,2015 is ducking back holy shit,2025-02-02T10:05:03Z,0,0
Ugz0T2uPxflzvmd0ANh4AaABAg,@EnglishAaron,"If only the world reset to 2012, I would actually have a future to look forward to",2025-02-02T10:01:45Z,0,0
UgxHNnQ3APWojOIJeHd4AaABAg,@SeeMeDoinWrk,been a while….,2025-02-02T09:48:46Z,0,0
Ugzr-BBm6crZniUVGaZ4AaABAg,@JP_Kross,Wow I remember Mark playing this game all the way back when.,2025-02-02T09:43:01Z,0,0
UgwGIlD1jAyN-gYsEeR4AaABAg,@TerploNiceHat,I absolutely loved the first game when I was little.,2025-02-02T09:05:33Z,0,0
Ugyh7iGLDCkJr_pHme14AaABAg,@JayllnnC,U playing this and Happy Wheels were my child hood 😌😌😌,2025-02-02T08:58:39Z,0,0
Ugxx5i1B8dkE8BYtS9x4AaABAg,@the-jps,Obligatory comment that this was one of my favorite series on YouTube back then. I was just talking about it the other day!,2025-02-02T08:36:38Z,0,0
UgzqD1lWzLYibGlDwYN4AaABAg,@CretronYT,This means so much to me,2025-02-02T08:25:28Z,0,0
UgwxBYKg_vmOaFOYfqB4AaABAg,@mr.nothing6276,its not nearly chaotic enough,2025-02-02T08:23:51Z,0,0
UgxzhrvaVzVMRlyoZkN4AaABAg,@nybx79,This video genuinely gave me so many flashbacks,2025-02-02T08:16:39Z,0,0
Ugz44Zb3NsBBrEooh-B4AaABAg,@aleclowe8002,No way theres a second one OMG MY CHILDHOOD IS BACK,2025-02-02T07:57:04Z,0,0
Ugx8Tylk6LVWZXnp4n54AaABAg,@toastertubbo,we are so front,2025-02-02T07:26:03Z,0,0
Ugw2VlY4dNVIGUIPIPJ4AaABAg,@Whytho466,Never expected a second version to come out this brought back some chill memories,2025-02-02T07:17:29Z,0,0
UgwD-re2jfw83-rwYRt4AaABAg,@gagewestendorff3909,I’m tearing up rn,2025-02-02T07:10:27Z,1,0
UgyyVfDRzwUff5B98Jd4AaABAg,@PatrickCrq,"I'm just waiting for multiplayer subnautica to release, hopefully mark and jack play it together. It'll break the Internet 😂",2025-02-02T07:04:56Z,0,0
UgwvW0KxB3c5w3rGKnV4AaABAg,@Murad_69,"Make more of these please Jack, also bring back kerbal space program. I loved it",2025-02-02T06:59:49Z,0,0
UgxR0EknOZ9j0EFRzGt4AaABAg,@nading0816,my childhood is back🤩🤩,2025-02-02T06:52:57Z,0,0
Ugz35J0I_c3rzB-K5zN4AaABAg,@Plurbus101,"this was such a fun video, I laughed so much, thanks Sean lol",2025-02-02T06:49:52Z,0,0
UgxDVmSHmKIRFQExagt4AaABAg,@anzaca1,"17:05 The devs clearly watched Jack and Mark's videos on the last game, because they both used the ballet music for this.",2025-02-02T06:44:34Z,3,1
Ugxkhrey-1uHIYt5_ll4AaABAg,@greeneyedcatto,"day 4 of asking mr jack to play ""Until Then"" by Polychroma.",2025-02-02T06:43:22Z,0,0
UgyXcejZaSMp0siMFwF4AaABAg,@ColtenMyhre,I just realized how gray jack is getting,2025-02-02T06:20:24Z,0,0
UgzYbO6x2gjQSwx21jB4AaABAg,@AfroUnk-StealNeal,"Damn bro you just made my fucking day haha I turned 30 last year and I still watch your videos. Been a long time man, thank the gods you’re still doing videos :)",2025-02-02T05:58:15Z,0,0
UgyJrkMMpsVh39bIwLt4AaABAg,@Memetendo92,"This makes me feel old. As a company, and as a meme.",2025-02-02T05:52:52Z,1,0
UgzQNP9jesjK7tsFjRF4AaABAg,@darbybell4094,21:50 . Oof 😂,2025-02-02T05:41:04Z,1,0
Ugw_cLW5qSl1zVdIAzJ4AaABAg,@nicolaskogamer,Hello old Enemy 20:28,2025-02-02T05:40:21Z,0,0
UgxSEA5D8VCy9f7diFp4AaABAg,@alessm2206,The intro? An OG game? And a non-horror game or react video? WE ARE SO BACK.,2025-02-02T05:40:14Z,0,0
UgyjC9H6boNrsNug10R4AaABAg,@SerennNeo,Oh I need to see Sean use PINK LIGHTNING!,2025-02-02T05:24:21Z,0,0
UgxVGI_PQibxT5-g2id4AaABAg,@prettymucheverything1033,I always loved this game because it reminded me of the Hotwheels CRASH video game,2025-02-02T05:22:20Z,0,0
UgzuaCSBIDYPdMU9dAJ4AaABAg,@jamesporter3761,The squatch was calling him like green goblin’s mask,2025-02-02T05:12:17Z,0,0
Ugxs8nDVhcLFObQt1U54AaABAg,@SlippyVR_,Please make 30 more videos on this game,2025-02-02T05:00:59Z,0,0
Ugxl1l0QNNoMINNZI9d4AaABAg,@cyborgkitten799,The intro took my heart omg my childhood,2025-02-02T04:17:26Z,0,0
Ugwh4R1pa0_xsmsDJDh4AaABAg,@DanielForquer-ux4zq,I love this! This is one of the original videos of Jack that I watched. So glad to see it back!,2025-02-02T04:17:06Z,0,0
UgyCpfbbIFieO-SnA8t4AaABAg,@thesuperrorioeblen8872,15:43 Engineer (From TF2): Nope.,2025-02-02T03:57:08Z,3,0
UgzPTv5tKZiJX9iwNVx4AaABAg,@RichRacc,this was so awesome. 🥲,2025-02-02T03:56:29Z,0,0
UgwMmOqSYyzIW0AGmml4AaABAg,@thesuperrorioeblen8872,😢 14:56 R.I.P The Legendary Sasquatch!!!! 2014-2025,2025-02-02T03:55:13Z,1,0
UgwG9K4jSKEo0IHtls54AaABAg,@evanblake5252,"""Your parents don't love you, and you deserve bad things"" I am gonna be quoting that one on the regular.",2025-02-02T03:54:41Z,0,0
UgzDe-sXR63rRKpvVT14AaABAg,@thrashdeath95,Who's still here when he made videos about the original 2014 release?,2025-02-02T03:48:48Z,0,0
UgzYIb53cbFOEdDHrU94AaABAg,@thesuperrorioeblen8872,7:57 op op he there it is he said it. He said it.,2025-02-02T03:46:41Z,1,0
Ugydv1ls6cZuTYbsJdt4AaABAg,@yeeg2347,Wait this MIGHT be nostalgic 😂,2025-02-02T03:41:43Z,0,0
Ugw0g9kJqR9YgKEup6B4AaABAg,@thesuperrorioeblen8872,JackSepticEye Returns to dismount in smash!!!,2025-02-02T03:37:52Z,1,0
UgzbrzNHghOwQJRaLuh4AaABAg,@Jogoat-rh5ou,I feel old I remember watching people playing this back when I was a kid,2025-02-02T03:35:54Z,0,0
UgzlXIND_-lPPdEoGOZ4AaABAg,@laureng3030,As an F1 super fan the mentions of Max had me GEEKING,2025-02-02T03:28:13Z,0,0
UgyyUAt0u1W-BlB4UmV4AaABAg,@valentinacervantes7082,this is making my inner child so happy,2025-02-02T03:10:56Z,0,0
Ugzjhv9f2tOJz3g6MjB4AaABAg,@kattastic9999,I just traveled through fucking TIME,2025-02-02T02:47:17Z,0,0
Ugxbm8jmL4wsXdIHbsp4AaABAg,@kamikazekeg9203,My childhood is back!,2025-02-02T02:46:27Z,0,0
UgwKUZOAHWe7ZPh6QVZ4AaABAg,@Dama-se3ry,Pure nostalgia love this im getting the urge to put on a flat cap and scream a happy wheels,2025-02-02T02:11:10Z,0,0
UgwX_Q1GKIGOOFkIzOV4AaABAg,@CRISPFELLA,"holy shit I am 8 years old again, first jacksepticeye video I've watched in YEARS",2025-02-02T01:53:38Z,0,0
UgzMV1-P5_afhPsQ7et4AaABAg,@NoYou-k7f,My boy is back,2025-02-02T01:37:05Z,0,0
UgzCobAXfoWLky8J3hp4AaABAg,@heikkiostergard4504,"JACK, I found this video at 3 am after getting absolutely smashed with a bottle of rum. I remember watching your original turbo dismount videos and I'm pumped for more of this. love your vids",2025-02-02T01:31:43Z,0,0
UgwU8NLyDIDUXRjqGG94AaABAg,@midnightstrider8579,"0:45 aint no way he says big lightning, we know its pink lightning.... right?",2025-02-02T01:23:54Z,0,0
UgxEsZBbVCvnFNr5ZdZ4AaABAg,@TheCronicals,"I DIDNT BELIEVE IT AT FIRST BUT OHHH ITS REALL,youll always be a legend",2025-02-02T01:16:35Z,0,0
Ugyu37AIIO2mVozxc4l4AaABAg,@alternativebeel852,17:00 the blue danube waltz should be fine,2025-02-02T00:40:22Z,6,0
Ugxkfy0ucvtGPECBoOl4AaABAg,@Lummox874,"Oh no, there’s another",2025-02-02T00:38:44Z,0,0
UgyjQWlpPtrggwezeTh4AaABAg,@ihavenoclevername8300,Jesus Christ i didn’t know this was uploaded last time I fully watched a jacksepticeye video was….two years ago,2025-02-02T00:27:54Z,0,0
UgwR6PY00xa-c2fvMpV4AaABAg,@coffee_beanie87,"Watched turbo dismount, happy wheels, and little inferno in between college classes. I feel old...",2025-02-02T00:25:12Z,0,0
Ugxx4pGtVyiZ0iGxn-54AaABAg,@randomyoutubers2,"Now, all we need is for Jack to play the Goat Sim Remake and Surgeon Sim again and we are TRULY BACK.",2025-02-02T00:20:59Z,0,0
UgzKORaQjQ6JqrABznp4AaABAg,@karmaslyrics,"Can't wait til we get crop images of mark, Bob and wade on here 😂",2025-02-02T00:14:04Z,0,0
UgyzjyDFhCEe2kG_z1h4AaABAg,@kingofdenim84,Watching stuff likes this makes me feel like I've gone back in time to when things were simple again,2025-02-02T00:13:41Z,0,0
UgxkagSKRdS_pKhgmZh4AaABAg,@Kaelsme,Mega peak jack (current jack content is still peak🗣️🔥🎉),2025-02-02T00:05:44Z,0,0
UgzYOzr6McsP9t719Ll4AaABAg,@KhaedaTheCat,"can we get pictures of you dressed as a jedi or somethng, your really rocking like this qui gon jin jedi like, and i cant help imagining you in jedi robes with a green lightsaber",2025-02-01T23:56:29Z,0,0
Ugxn0gjHIKuUczHTqgh4AaABAg,@yaboy804,12 year old me is living rn,2025-02-01T23:41:30Z,0,0
UgyDmbE9FFBDlZ5wsft4AaABAg,@AyyFugazi,Crossfaded and that intro hit DIFFERENT,2025-02-01T23:36:35Z,0,0
Ugy7wHoEP1brww2lYr54AaABAg,@CODE-D-NATOR,It's been a while since i heard Jackaboy say an intro like this & i ❤️ it (I've been absent for a while),2025-02-01T23:33:52Z,0,0
UgwJp1kWOm1yMKedpwR4AaABAg,@amongus-p7z,BIG LIGHTNING??? I THOUGHT IT WAS PINK LIGHTNING,2025-02-01T23:26:43Z,0,0
UgxcbJ3h99vQ9jGH8cB4AaABAg,@PanPepsi,WHAT DO YOU MEAN THERES A SECOND TURBO DISMOUNT WHAAAAAAAAAAAAA,2025-02-01T23:25:54Z,0,0
UgzEy-96QMgwo6sE9Sl4AaABAg,@xii_rustyy,Holy throwback,2025-02-01T23:24:20Z,0,0
UgwbS9bNPEte3c9V6wN4AaABAg,@user-hr7nm4td1s,Tell me why jacksepticeye uploading his first 60fps video is a core memory for me,2025-02-01T23:13:21Z,0,0
UgyejG26Jc6eFAfD1Ft4AaABAg,@cece-tp6zq,Didn’t realize how much I missed this game 😭,2025-02-01T22:36:54Z,0,0
UgyO0OfmXc6caEImoB94AaABAg,@coolbone6177,Now i gotta wait to see if DanTDM plays hopefully,2025-02-01T22:25:18Z,0,0
UgwUu8smNRLZ-MZHJH14AaABAg,@unnamedvisitor1649,You cannot comprehend my hype,2025-02-01T22:20:32Z,1,0
Ugx-UXM0qBi5F7EQNAl4AaABAg,@Cookie13-lu9kp,"I remember playing this game, memories",2025-02-01T22:17:29Z,0,0
Ugy08rinxBX-6O5AASZ4AaABAg,@TotherKoala,TD with a modern physics engine is amazing,2025-02-01T22:02:39Z,0,0
Ugxps0gu5d1x8TBy9md4AaABAg,@wockyslush8096,i used to cry laughing at his turbo dismount videos when i was little this cant be real,2025-02-01T21:48:37Z,0,0
Ugw85WgfBQlScIVB7GZ4AaABAg,@epicgamerman1015,Day 1 of asking jacksepticeye to play Subnautica with return of the ancients mod,2025-02-01T21:42:33Z,0,0
UgwwejEoJo3NbnDJq8R4AaABAg,@Sansyboi43,I need more snowplow slander,2025-02-01T21:40:07Z,0,0
Ugz31Pfwchvcy2mlP-d4AaABAg,@JordanPeisner,"dawg, u got me feeling like I’m 90 in my 20’s 😭 Haven’t watched one if ur vids in forever so this recommendation just threw me back so hard",2025-02-01T21:37:46Z,0,0
UgyI7naaGylvm04C1Ud4AaABAg,@samuelp2733,I almost cried watching this please make this a series again ❤,2025-02-01T21:16:43Z,0,0
Ugz2TSZncJ2bfxy8Wtl4AaABAg,@andresacosta7885,"Isn’t THIS a throwback. Turbo Dismount #1 was the first video of you I’ve ever seen, and you quickly became my favorite YouTuber. How long it’s been",2025-02-01T21:11:38Z,0,0
UgxNWcuIt6gPGVpf1vF4AaABAg,@Skippytoll,Eleven years ago you watch Jack play turbo dismount. Eleven years later you watch him play turbo dismount 2.,2025-02-01T20:57:06Z,0,0
Ugy9_xVCym_jmrCXUpB4AaABAg,@RosieMitchell-q8i,"Boosteroid has made gaming incredibly convenient for me. I can play on any device without sacrificing performance, and I don’t have to worry about updates or storage.",2025-02-01T20:02:26Z,0,0
UgwyhwWMr9QqWwGTOlZ4AaABAg,@ArchieBaker-l4d,"Since discovering Boosteroid, I’ve stopped worrying about system requirements and hardware performance. The platform takes care of everything for me.",2025-02-01T20:02:22Z,0,0
UgxHCtIighCi1ycB6lJ4AaABAg,@AlfieAnderson-v3f,"With Boosteroid, I can finally focus on enjoying my favorite games without worrying about system requirements or hardware issues.",2025-02-01T20:02:15Z,0,0
Ugz9sRAmXKP0nRRVDih4AaABAg,@jibranmangi848,Will Ferrell Recalls Filming ‘Bewitched’ and When He First Realized Nicole Kidman Was a Movie Star,2025-02-01T20:01:10Z,0,0
UgzEECpiYr8naTqXE554AaABAg,@Darealjoestudios,We are so back baby!,2025-02-01T19:24:15Z,1,0
Ugx4lur11cEINIbNUVl4AaABAg,@Haydeesnuts,0:11 you have no idea how much this made me smile,2025-02-01T18:31:26Z,0,0
UgwTJ7tAsOIjbOVRymt4AaABAg,@doremysheep7864,I AUDIBLY GASPED AT THIS HOLY FUCK 2014 JACK IS BACK,2025-02-01T18:26:07Z,0,0
UgwJhaegCa2m55_TcMh4AaABAg,@McBurn5019,we are so back,2025-02-01T18:23:54Z,0,0
Ugx7oX-9I23DNu95oCt4AaABAg,@l0n3e64,Alex G race 2:00 in... this nostalgia is wild,2025-02-01T18:12:40Z,0,0
UgwdyPR-1iuV4HzIA8h4AaABAg,@elijahjohnson2055,I am 20 as of now. Damn. Quite a ride huh?,2025-02-01T18:07:11Z,0,0
Ugxb4caPW4lSRsdyeiB4AaABAg,@Black_Star_Ace,And suddenly I'm 12 years old watching Jack again,2025-02-01T18:05:56Z,0,0
UgxHpG-kO9WWWvHjfRp4AaABAg,@Kottr_Warlord,"Man, I found your  channel thanks to the original game tbh, that was so long ago...",2025-02-01T18:04:43Z,0,0
Ugz9iPar-9U5Gk4CdKx4AaABAg,@thomasharrington1477,"All the way, to fucking victory town.",2025-02-01T17:37:55Z,0,0
UgxBDpdg8OPH5wiiWl54AaABAg,@hiivasivut,i wish he saw how he couldve upped the duration and power of the speed booster for the hole in one map,2025-02-01T17:16:06Z,0,0
UgzBwd_bF2lROrTjWBB4AaABAg,@Happyfxs,no way I was 12 when I watched the first one,2025-02-01T16:50:24Z,0,0
UgyzglMH98_sc89QRdh4AaABAg,@Boulderly,Last few seconds of the video realizing Jack is wearing a shirt of miyamoto musashi from vagabond. PEAK!!!,2025-02-01T16:48:11Z,0,0
UgzU5kzMnizuYTdXRYx4AaABAg,@Zingers452,"23:17 ""perfect, it hasn't been as perfect.""

*Lego sound effect*",2025-02-01T16:45:18Z,0,0
UgxAiQKgp4EiCt7asT14AaABAg,@TheSlipSlop,"this video truly almost brought me to tears. there was a time where I would look forward to coming home from school and watching hours of jacksepticeye videos. watching the newest happy wheels, beamng drive, five nights at Freddy's videos, and one of my personal favourites, because I could play it myself, TURBO DISMOUNT! i grew up poor, so not having much more than an old android tablet, playing turbo dismount myself and pretending like I was jacksepticeye, screaming pink lightning, and pretty well copying everything he did was what kept me myself. my brother introduced me to Mr TheSepticEye years before I should have been, I was I think about 4-5, or however old I was when grand theft auto 5 came out that I started watching. nevertheless, thank you jack for all you do.",2025-02-01T16:42:29Z,0,0
UgyzORcJ8alboQAatfB4AaABAg,@devilkris07,"OH. This ENTIRE time i though Jack was saying ""Pink Lightening"". It was BIG Lightening?? Whelp. That's my start to this year KEKW",2025-02-01T16:22:00Z,0,1
UgzeUTOaxpATHIJIO3R4AaABAg,@spooki3382,"WERE SO BACK IN 2014

7:40 NOT THE METAL PIPE 😂💀",2025-02-01T16:11:54Z,6,0
Ugw_pugGZCXnA1a3mu14AaABAg,@pespifish901,We NEED to put markiplier on,2025-02-01T16:05:35Z,0,0
UgzdK5Y6zPTlVzFsKTh4AaABAg,@Sinteo.,My childhood is slowly piecing back together,2025-02-01T15:54:43Z,0,0
UgwqRU-NoHT0uBmnZbF4AaABAg,@TheGamerboy1103,Literally a couple days ago i said i missed SPEEEEEEEEEEED IS KEYYYYYY and what do i see next in my recommended? THIS,2025-02-01T15:53:48Z,0,0
UgyJE0PkVTLwwlwoUYd4AaABAg,@Unsettledbody45,You blast off like team rocket,2025-02-01T15:35:31Z,0,0
UgzGQrg99m61yDLsukd4AaABAg,@wiytchery,I stopped working to watch this and now im wondering if I have a school exam tomorrow.,2025-02-01T15:07:23Z,0,0
Ugz6Ju3DHhvFUeC4W5h4AaABAg,@TheRealNoxies,this must be a dream,2025-02-01T14:44:22Z,0,0
UgxIHFSBzhUFJL1Rk3Z4AaABAg,@GoatedCactusJack,Sean why do you suddenly look so old?,2025-02-01T14:15:01Z,0,0
UgxnA0O92zXsfc0inDB4AaABAg,@janjordan367,Ahhh the nostalgia,2025-02-01T14:06:38Z,0,0
UgzCEchltmKxyZJC2PF4AaABAg,@iActuallyLiveinUtah,I was in middle school when I watched people play this game.,2025-02-01T13:58:10Z,1,0
UgxWX8I-D6ONmiOtKXB4AaABAg,@OogyWoogy23,Ive NEVER clicked a video faster,2025-02-01T13:38:48Z,0,0
Ugxrh9SfntDYf52u4hd4AaABAg,@Murica_gaming,Damn I remember watching Jack play turbo dismount as a young hopeful dude....now here I am 27 watching Jack play turbo dismount 2 while getting drunk alone 😅,2025-02-01T13:27:10Z,0,0
UgxkHMSS8qML4LUw0Vp4AaABAg,@KaiClipsReallyReal,"jack i havent watched since 2016, is that white hair dye or....",2025-02-01T13:18:33Z,0,0
UgzHavj-FANZ-GrsITF4AaABAg,@SIR_MNBEN,I remember watching the first game in highschool. Time flies,2025-02-01T13:01:51Z,0,0
UgwAh9z9ABzO7gwj-0Z4AaABAg,@ajdadon1161,The nastalga is real,2025-02-01T12:45:42Z,0,0
Ugz95CYGtbqgQ7kGdfN4AaABAg,@AteFruit,What the hell ?!? Seeing Jack with Grey hair is making me feel old asf,2025-02-01T12:29:35Z,0,0
UgyVrNIMPATe7zpmRwV4AaABAg,@relevantkitty8amity366,We are back boys,2025-02-01T12:20:11Z,0,0
Ugxa779kbLLCWIW9ftJ4AaABAg,@DarcieChapman-g9q,The flexibility and reliability of Boosteroid are second to none.,2025-02-01T12:18:29Z,0,0
Ugz0syyfPTZ5LDhIZsB4AaABAg,@LucasKing-c5y,The convenience of Boosteroid makes it my favorite gaming platform.,2025-02-01T12:18:25Z,0,0
UgwWe85o0_97Gjj_Bb94AaABAg,@LucasKing-c5y,The convenience of Boosteroid makes it my favorite gaming platform.,2025-02-01T12:17:40Z,0,0
UgylRplZyfYNpg00KvJ4AaABAg,@benson7374,"Turbo Dismount really was, peak",2025-02-01T11:20:42Z,0,0
UgxWLZA-T_IrmDHeRYd4AaABAg,@hubeb69,Holy shit! Kerbal space program mentioned!!!,2025-02-01T11:09:29Z,0,0
Ugy8k8g4oplsImT0uy54AaABAg,@s4ltyS4m,I remember watching you play this when I was in high school! Crazy,2025-02-01T10:53:35Z,0,0
UgzgbC-259c2_TIqipl4AaABAg,@warpareee,"this shit just shot me with a bullet of nostalgia,, never did I expect to hear BIG LIGHTNING again",2025-02-01T10:52:25Z,0,0
Ugy8uWyXmc-gWCyrUb14AaABAg,@Bangboom20,Sad thing is i had ti search jacksepticeye to find this video,2025-02-01T10:35:41Z,0,0
UgyBUcsnB1dFdNs57wV4AaABAg,@showbiztrey0268,Only thing I’ll say is I miss the X wing,2025-02-01T10:08:16Z,0,0
Ugwk-4t1FCBSy8DHP6F4AaABAg,@DC2_Danny,Feels like we came full circle. Started watching you about 11 years ago when I found your OG Turbo Dismount series,2025-02-01T09:49:47Z,281,5
UgyT6nlItclbhooUkBR4AaABAg,@MrNorskgamer,"this is too good, and brings me straight back to just watching the original turbo dismount on repeat",2025-02-01T09:47:58Z,0,0
UgwyWMP5xp1NDuj4Pa54AaABAg,@justiczaire,holy shit,2025-02-01T09:44:17Z,0,0
UgxYiwMVLazx33R6Gwt4AaABAg,@Zimdox55hdxx,I mist you you have been a part of my childhood my freind i just watchet turbodismount all 34 Videos i misst you man 🎉,2025-02-01T09:40:34Z,0,0
UgzSUKKv5AUjI2nGzDF4AaABAg,@Z00tLoopz,crazy how the first one brought me to this channel,2025-02-01T09:24:14Z,0,0
UgxrapkmBhLY5V3TiPR4AaABAg,@Starwarstanker21,now this is the best way to come back to watching jacksepticeye,2025-02-01T09:17:51Z,0,0
Ugx5nRxUa0YfAQF7Bd54AaABAg,@VGA-uw9oj,Yes bro needed this,2025-02-01T09:06:04Z,0,0
UgwWCpGES81j9tiDZah4AaABAg,@AquaMidget,I can't believe I've been watching Jack for a decade ;-;,2025-02-01T08:53:40Z,0,0
UgzKWfHnmpc5RahRp4V4AaABAg,@RecedingHairline69,This is a game that needed to exist,2025-02-01T08:32:24Z,0,0
Ugzwx3_aIJfVKgUP4BN4AaABAg,@4pple1ree24,"NO WAY 😭😭😭
I needed this",2025-02-01T08:24:16Z,0,0
Ugw1oaPQUBf5cjGBAuR4AaABAg,@potatoman3795,Holly fucking shit this brings me back,2025-02-01T08:18:09Z,0,0
UgwMdAM7BRl_TyOVoQl4AaABAg,@death_monger76forever83,I remember installing the first one randomly I never thought it would re-emerge here after all this time.,2025-02-01T08:07:18Z,0,0
UgwLUzc74qlDCoJwgxV4AaABAg,@DXN_gg,Hey jack I know it came out a while back but years ago you know how amazing the game slime rancher was? well they made a slime rancher 2 back in sept of 2022 and I'd absolutely love to see you play there is so much more to the game,2025-02-01T08:07:14Z,0,0
Ugz7taaQLez84jw1lw14AaABAg,@jacobneo32,"this takes me back 10 years ago watching these while sick or when i got home from school, this is my childhood omg",2025-02-01T08:05:50Z,0,0
UgyQqvSAVjEuydcGJt14AaABAg,@unknownontheinternet,"Damn, it’s back",2025-02-01T07:45:58Z,0,0
UgyYaEcdDHOenFcjKmJ4AaABAg,@Jake_Star_Official,20:31 Its always the feckin' Snow Plows,2025-02-01T07:42:31Z,0,0
UgzhIfd3gF0ulcH_1cR4AaABAg,@Haniz15_09,We need the green hair!!,2025-02-01T07:21:51Z,0,0
UgzqX84TMDSuGtyft2B4AaABAg,@tyrant9689,"Ahh, the good ol' days. I'm crying tears of joy right now. NOTHING STOPS THE SQUATCH!!!",2025-02-01T07:16:24Z,0,0
UgzxVJ49z6orGIxz1PJ4AaABAg,@thisisanameyoudontlike9226,"A Turbo Dismount sequel? Jesus...what's next, a where is my hammer 2? A muddy heights 3?
Another ""Last Meal"" game but this time with normal salad?

Or TABZ getting a sequel, and TABG getting ported to other platforms? Or another TORIBASH? Or PTTR getting an actually good update?",2025-02-01T07:03:45Z,0,0
UgwA7T0wEfAxxnCY0IR4AaABAg,@yoursspudly,"This brings me back to the old days where things didn't seem so bad in the world~ I received my Winter mystery box from Top of the Mornin', and you've got yourself a life-long customer for sure! I love the Birthday Cake coffee, and the mug is now my new favorite~ Thank you, Jack!
🥔✨",2025-02-01T06:46:05Z,0,0
Ugxz59CH4WkXKTi-77l4AaABAg,@t-greenrock404,"He said it, he said the line!! WE’RE SO BACK BABY!",2025-02-01T06:43:23Z,0,0
Ugz50sE7GLeXWJpnx2t4AaABAg,@magicsammy,Welcome back!,2025-02-01T06:41:31Z,0,0
UgzKSaWjhoxuuzxlPGd4AaABAg,@4everhungerybuck917,my childhood is hitting me in the face like the trucks do to the test dummy,2025-02-01T06:30:20Z,0,0
UgweVa4KNL3q3Ly26Vd4AaABAg,@KreetousL33,This was the first thing I watched from you and Mark. Was such a shitpost game but it was hilarious,2025-02-01T06:24:48Z,0,0
UgyC3MENUs8sDl4ikNp4AaABAg,@coolkoji257,"""Dont mind if I yes""

- Jacksepticeye 2025",2025-02-01T06:18:15Z,0,0
Ugx-MGqQpwBK5nOjK0N4AaABAg,@BoubaOP,"0:45 Oh come on, it's PINK lightning! The editor doesn't even know the lore! THE LOOOOOORE!",2025-02-01T06:17:43Z,0,0
Ugw24oFrwGn-JHHukBV4AaABAg,@spencerboyce6227,Why did they make the turbo button so flat and boring in the sequel 😢,2025-02-01T06:13:09Z,0,0
UgxqhJuPZH4dfEuA7Bp4AaABAg,@Aquitanic,"It's already been said, but *man* this takes me back to simpler times, seriously thank you for that",2025-02-01T05:59:15Z,0,0
UgwwYMX1sunfUlP0rVx4AaABAg,@XGothWolfX,12:15 We now return to Seconds Before Disaster.,2025-02-01T05:53:58Z,0,0
Ugz7kioBBMAHWx5FBRF4AaABAg,@SirSavage-0,I just had a nostalgic flashback all the way back to 2015,2025-02-01T05:50:33Z,0,0
UgwLQcwa1FQavGbTKu94AaABAg,@oneeyedpunk,takes me back to the days where i would watch your content every single day,2025-02-01T05:47:57Z,0,0
UgxzPUb_HS_Tl60dvpR4AaABAg,@lambda1946,i love how after all this time he still has the same energy with the intro,2025-02-01T05:43:01Z,0,0
UgycPIcdDES_5ffiT4x4AaABAg,@gusyeager-iw8yx,Dude this IS my fucken childhood,2025-02-01T05:31:09Z,0,0
UgzYMDgiy2NjlQupdS54AaABAg,@josephgravelle8287,"I feel like only tuned out for a year or so, and jack has aged significantly…you good bro?",2025-02-01T05:22:15Z,0,0
Ugztk8lKXw8mTuxZ65R4AaABAg,@thatkid1277,the most peak ever. god this nostaglia on steroids for me,2025-02-01T05:02:36Z,0,0
UgzlWyNHogzQWxwK8x94AaABAg,@Darth_Chittious,I'm sorry WHAT!!! I always thought he said Pink lightning not Big lighting because of the slightly pink paint. 😮 I'm stupid,2025-02-01T04:52:42Z,0,0
UgwrX4kqZmUyJn_0ehd4AaABAg,@Teater12,The vid alone made 2025 a good year fuck everything else,2025-02-01T04:49:40Z,0,0
UgxOsetF7mJUdYI0Boh4AaABAg,@rusicangaming5535,"Holy crap, when did he get Gray hair?",2025-02-01T04:38:06Z,0,0
UgyS-MLKAiskkYIdbjd4AaABAg,@willowsinclaire,"Realized the other day I’ve been watching Seán’s videos for 9/10 years. I was watching him in PRIMARY school, I’ll be graduating university soon. This man might be the most consistent thing in my life so far, everything changes, but nothing can take away these 30 minutes or so of laughs and escapism.",2025-02-01T04:27:08Z,1,0
UgwvzBzUkirs5Sxwwsl4AaABAg,@Mr.Stinky420,Never would I have ever thought Turbo dismount 2 would ever be words coming out of my mouth,2025-02-01T04:14:19Z,2,0
UgyEnZzcejij8nDD_dR4AaABAg,@danielgent2284,"Jack, I love ya buddy. Keep going forward. Get that bread. Donate and make more of your life bc you can do what other ppl can’t.",2025-02-01T04:14:15Z,0,0
UgxzbDJ6IXGaogfejVF4AaABAg,@aroudingo,Bro i remeber back when i got my first ipod touch... Strair dismount was the first game i got and i played it SO MUCH. its wild to see it still going,2025-02-01T04:01:00Z,0,0
UgzRX1gs3bJFNIk_64x4AaABAg,@radioactiverat8751,Totally brought me back to the 2010s. Hadn’t giggled like a kid in years.,2025-02-01T03:47:02Z,0,0
Ugx1MhJBDrlBbY0KJoR4AaABAg,@JadenBrown-xj3yw,Jacksepticeye turbo dismount before gta 6,2025-02-01T03:40:43Z,0,0
UgzSguMWX8aNTou2Xn94AaABAg,@tenebroise6633,There is NO way,2025-02-01T03:33:41Z,0,0
UgyPH8JW_6QALf3bxdV4AaABAg,@tashyole149,That slo mo music was such a nice touch 😅👌,2025-02-01T03:16:05Z,0,0
Ugyq6WkXrGvSvG7ssNt4AaABAg,@greeneyedcatto,day 3 of asking mr jack to play Until then by polychroma,2025-02-01T02:39:42Z,0,0
UgyFL7qa5TGYYd4vKuR4AaABAg,@TheStickCollector,"I was thinking about this original game earlier, I just never looked up the title of it. Glad to see them like it enough to make a sequel.",2025-02-01T02:32:48Z,0,0
UgxnQZQ0P_ipOKK81id4AaABAg,@jojoflap,"Only just saw this released and immediately remembered watching you play the first one way back when and checked your channel to see if you played it. Been so long since the first game released, I think Yamimash was still a prominent name on this platform.",2025-02-01T02:30:46Z,0,0
UgyJMtttZ709PemY8gN4AaABAg,@corsairs3037,"First YouTube video iv watched in months, first of jacks videos I watched in a few years. Immaculate",2025-02-01T02:27:36Z,0,0
UgyUxJdtuPXywcQGVtd4AaABAg,@ethanpinch7717,I still remember the day the first ep came out for the original series,2025-02-01T02:26:59Z,0,0
Ugx5aaZrJLXW1lZRL0B4AaABAg,@JB_Blazzin,I remember watching the first one as a child,2025-02-01T02:23:45Z,0,0
UgxoV6ogsIdw4jJiURV4AaABAg,@red-right-hand12,i was wondering why i was getting recommended a 10+ yr old vid till i saw '3 days ago' and holy shit this brings back memories,2025-02-01T02:21:57Z,0,0
Ugzvqt9OuXxA5HzdgXB4AaABAg,@TheGamingNerd80085,Failed like a boss,2025-02-01T02:19:27Z,0,0
UgzKswWa95JQ9Nl5Lyp4AaABAg,@rainbo.w4555,"Mann , i first learned about you from your turbos dismount videos 10 years ago and i was just thinking youtube is going to shi., and seeing this right after feels nice",2025-02-01T02:12:52Z,0,0
Ugxe2WgFSQBTaOJa-vl4AaABAg,@milesjay2115,wow memories unlocked 😭💚,2025-02-01T01:54:20Z,1,0
UgzNC1NDGTMJsJs8DCp4AaABAg,@sinktoucan,jack who are u rooting for in the 2025 f1 season?,2025-02-01T01:49:48Z,0,0
UgxbFJ168HfRAsAeOuB4AaABAg,@Lapisy,"13:02 Speaking of Wreckfest, another game about it is coming this year!",2025-02-01T01:43:51Z,4,0
UgzmCP6X_f3XWPpSY1N4AaABAg,@roijoleil,"Turbo Dismount is the game i found Jack through.
Literally couldnt find a german youtuber on it that i enjoyed so i reluctantly chose Jack. I could only really understand half of it.
Well thanks to that, i am able to listen/speak/write english at all now ^^

Such a great and dumb game that i enjoyed so much as a kid",2025-02-01T01:26:37Z,0,0
Ugyw3DSs9H1sz3Y72bl4AaABAg,@Cheese12356,Oh my God I got sent back in time,2025-02-01T01:21:43Z,0,0
UgzeiXEfMf8DcNLMgx14AaABAg,@Memper,THIS IS AMAZING,2025-02-01T01:11:05Z,0,0
UgwdIL0SOMG0v8hDQjx4AaABAg,@notforu3500,"It’s been Soo long since I’ve seen Jack, I haven’t see this guy since like 2017 when did he get grey hair man😢",2025-02-01T01:07:42Z,0,0
UgycDrjN2h8NVitX2Id4AaABAg,@theartoftimelapsemore424,"Jack is back, back again!",2025-02-01T00:58:43Z,0,0
UgzM7lsn6XuDaoJdVC14AaABAg,@citrussockawn2245,I had to come back to the channel for this,2025-02-01T00:56:42Z,0,0
UgzPTXNmjFYYLYgP6lV4AaABAg,@TheDaftyPianist,"I noticed the poppy playtime video you uploaded and was like ""oh lets go-""  then my eyes slowly gandered below and noticed i saw ""t u r b o d i s m o u n t"" i immedietly went to this instead 😭🙏🏽",2025-02-01T00:53:53Z,0,0
UgxkwvKkB1l2S0X98SJ4AaABAg,@Omar_ZX,Welcome back 2014/2015,2025-02-01T00:31:51Z,0,0
Ugw-nCxJBSAF9EXlgfl4AaABAg,@helloitskimcheys,"I can't believe I was traveling back in time year 2014. And it was the best feeling ever! And the intro had me crying with joy, Jack! 😭✨",2025-02-01T00:27:22Z,0,0
Ugz6EDdy0mG1L6wesPJ4AaABAg,@Daaf-dnb,"damn this hits home, it feels like highschool time",2025-02-01T00:25:15Z,0,0
UgxZY8nHaS9NPZYEdjh4AaABAg,@frostmaxia,"Holy hell, I just revisited my childhood from watching one video...",2025-02-01T00:21:54Z,0,0
UgzN6jkDlzXFyr93O2d4AaABAg,@datfunky_monkey,"I first watched Jacksepticeye all the way back in 2012 or so with him freakin out over Evie Bot. I am now almost graduated from high school and off to college soon. It may never be the same, but it’ll always be there to look back on in some form, even in the form of a nostalgic recall. Thanks for the influx of good memories Sean. Much love!",2025-02-01T00:19:26Z,0,0
UgxrXjTXbykHKO-GyC14AaABAg,@unclefugs2895,Where’s turkey bird!?!?!,2025-02-01T00:11:15Z,0,0
Ugxbd_ziGyHj6CEIFwh4AaABAg,@josefzalusky7307,"What in the 2014 is happening right now?? Am I having a stroke??





If so, how can I make sure it happens... again?",2025-02-01T00:10:03Z,0,0
Ugz9nGCO35lv3u9Y9pV4AaABAg,@septickidd24,"I literally smiled the entire video. This brought back joy. The Turbo Dismount series was one of my favorites and seeing this video pop up just lit a spark. If he did the original outro just for nostalgia purposes, I think I would've shed a tear",2025-02-01T00:04:22Z,0,0
UgzdYAF84YM8q7mFvY54AaABAg,@internetdegenerate4937,the time resets and suddenly im 8 again,2025-01-31T23:59:38Z,0,0
Ugxt-hEEVGoLAIg9ght4AaABAg,@IrishRhapsody,"27:43 yeah, bring yourself to work day sucks, bro",2025-01-31T23:49:00Z,1,0
Ugxyb4wh-Y3hmXV5r4d4AaABAg,@tpose2364,11:25 hes supposed to say all the way to fuckin victory town 😢,2025-01-31T23:40:04Z,0,0
UgzRc6tcNN8n3hnO1yR4AaABAg,@mrmonkeyman88,“LETS SEE THAT IN A INSTANT REPLY TOM” 🗣️🗣️🔊🔊🔥🔥🔥,2025-01-31T23:35:24Z,0,0
UgxTZtZGKXEH4oeR6_V4AaABAg,@D4v1dWasTaken,1:48 that flashback really took me back for a sec,2025-01-31T23:31:01Z,0,0
UgzB0xNrSiPY1JxywYJ4AaABAg,@kichithewolfie6929,"Yes Sean that sing is public domain. Majority of classical music is, simply because its human history and should be accessible to anyone.",2025-01-31T23:28:34Z,0,0
UgwJKjEveVMmTLU98gx4AaABAg,@Deepseafish1-y8k,bro i saw this and got back handed into the past also i got the same brawler cap,2025-01-31T23:26:50Z,0,0
Ugy3BaySojMHRj1VHO14AaABAg,@Delta132,I never thought this level of turbo dismount was possible,2025-01-31T23:23:32Z,0,0
UgxOhL0A80CtD0nsG0l4AaABAg,@seapicklerick9139,I feel so old man cause I remember watching the original turbo dismount when he was playing it and watching his new videos on td1,2025-01-31T23:06:49Z,0,0
UgwjMSvH5WXA2vaShwN4AaABAg,@that.yugioh.nerd1452,"7:52 ""jack say it please say it cmon"" 7:54 ""NOTHING STOPS THE SQUATCH"" *screams in nostalgia*",2025-01-31T23:03:55Z,1279,6
Ugx3g9Kk4xUms8pnlsB4AaABAg,@aidenbenz,Can't believe I'm late to this.. I feel like I'm back in middle school,2025-01-31T22:54:45Z,0,0
UgxCpsACbw-4gYLXlTx4AaABAg,@the_charliecp8859,i remember i subbed back when you had 300K subs in 2013 because of a turbo dismount video,2025-01-31T22:53:07Z,0,0
Ugywg7reJBSetNfDS5d4AaABAg,@nathanford2072,I hope this game will be available for phones as well,2025-01-31T22:42:50Z,0,0
Ugw7f0xK1VgyB9EK5jN4AaABAg,@TrAviSTucker-hv8mf,WE’RE SO BACK 🎉,2025-01-31T22:32:28Z,0,0
UgzOuupSwdkYQjyXOTJ4AaABAg,@ilikpiezzz8876,The destruction is very satisfying this is a very good showcase for this game. Thank you Jack,2025-01-31T22:25:58Z,0,0
UgwIT_zft3IzY250tpB4AaABAg,@Sneakythesneak,"Oooooooo i just got this one just randomly
I remember watching the original turbo dismount videos
Brings back so much",2025-01-31T22:09:11Z,0,0
UgzbMsVJdiMHv4uDlf14AaABAg,@SAFTB_Hitman,Time for poppy playtime 4,2025-01-31T22:06:57Z,0,0
Ugy6mvEo6QEl-J9_LRp4AaABAg,@somegem6344,New grass has grown for the GOAT,2025-01-31T22:05:13Z,0,0
UgxluBrrJ4Xb3kzwPiZ4AaABAg,@scaringthecrow,There is just something so comforting about this video,2025-01-31T22:04:33Z,0,0
UgzgJgWfNiVtTXYDBA94AaABAg,@fattywatty0403,Hi chapter 4 poppy playtime is out and play please,2025-01-31T21:57:38Z,0,0
Ugxx514flUV5sQBj4Yt4AaABAg,@Incredible_jack-o9c,Get ready jack cause the nightmare is back poppy playtime chapter 4 out now,2025-01-31T21:53:16Z,0,0
UgzbtIyYl_0u4wA_3kZ4AaABAg,@tracetrace8667,Good god he’s BACK!!!!! YESSSSSSS!!!!! I CSNT WAIT!!!!,2025-01-31T21:47:35Z,0,0
UgyV0P3w4t-OKNooDQp4AaABAg,@RousseauAlt,"This is not 2014 jacksepticeye, where is the colored hair and the top of the morning and the crazy amount of swear words",2025-01-31T21:44:15Z,0,0
UgwPe4RsSEfzCwW4Hed4AaABAg,@Yiumia,"This is my skibidi toilet, love you Jack the Goat",2025-01-31T21:38:16Z,0,0
Ugy-AHXFstUx_YEJSg94AaABAg,@dr.wheezy3787,"Am I dreaming?!?! Turbo Dismount is back!!!! Remember Jack, “SPEEEEEED ISSSSS KEEEEYYYYYY”",2025-01-31T21:33:09Z,67,1
UgyLQVdm_Q1Y5T8xuU14AaABAg,@NickN_05,I feel like a kid again watching this 😄,2025-01-31T21:09:46Z,0,0
UgytD3vbeOc6jWiVDH14AaABAg,@YaFutureGurl,i found you via your first turbo dismount video!,2025-01-31T21:02:36Z,0,0
UgyfSEInsq64hfVJ7VB4AaABAg,@masoncallixte8903,"That pink lightning touched my soul, the memories man 🥲",2025-01-31T21:01:26Z,0,0
UgwN8KYC1KG3L9mrRhd4AaABAg,@moneyworld2395,JACKKK POPPY PLAYTIME CHAPTER 4 is out PLATYYYYYY ITTYY,2025-01-31T20:38:07Z,0,1
UgxO21yY-WFUvE4cX9F4AaABAg,@DooMFan1994,"Turbo dismount, a title i thought id never see again",2025-01-31T20:36:44Z,0,0
UgwE06PFSTOqnd2BTuV4AaABAg,@VLUA-pi3ql,Play Poppy playtime chapter 4 it just been updated,2025-01-31T20:29:00Z,0,0
UgyPhwKXGT4rUfFZFwF4AaABAg,@SwiggitySwarker,"This would've been the perfect video to revive ""Speed is Key""",2025-01-31T20:23:15Z,0,0
UgzI8OPLNQf38KFV1SB4AaABAg,@Cloud-rx3zp,bruh this game gave me a flash of memories,2025-01-31T20:15:36Z,0,0
Ugx_x1RnB6qvDIYOpZd4AaABAg,@dukeapplecore9401,I haven't seen this version of jack set the eye since I was twelve that was a decade ago. Oh how time flies when you're having fun.,2025-01-31T20:13:53Z,0,0
Ugx_hHqfxqR_MXzIpDF4AaABAg,@Garbagemoss,Will you be playing Kindergarten 3 when it comes out?,2025-01-31T20:13:18Z,0,0
UgwUQj_PnfcNWHWUzAN4AaABAg,@SergioMataJimenez,The good old days.,2025-01-31T20:06:31Z,0,0
UgwcEHREAiYu-OmUJkF4AaABAg,@idfk-gb9dj,By the nine you're going gray... You look ducking awesome,2025-01-31T19:51:20Z,0,0
Ugz3zU9pG9UgDpELRQ94AaABAg,@BANMKE,Do more happy wheels,2025-01-31T19:46:52Z,0,0
Ugy69gLUsJ1WtljOtg14AaABAg,@samurai_zen140,i never thought in a million years they would make the second version of this game,2025-01-31T19:45:22Z,0,0
UgxoiMORkbW7cgFuReF4AaABAg,@Freedom-yv8gv,It has been ages that I  watch this,2025-01-31T19:41:18Z,0,0
UgxUGq2HJ1XCXOktl714AaABAg,@sladerthemain5287,i was 12 when the first turbo dismount came out,2025-01-31T19:33:15Z,0,0
Ugw0pBFOFL2WxQmOUNV4AaABAg,@nightmare_eyes1,I think whats wrong with the live face is that OBS is using the camera. 2 programs can't use the same camera.,2025-01-31T19:31:56Z,0,0
UgwuyFLhu5z6cCJo9up4AaABAg,@shameeremirulfarhan3300,sir sean can u plssss play new chapter poppy playtime,2025-01-31T19:31:35Z,0,0
Ugwa9wICwB4sN9y9__F4AaABAg,@VintaG,"This gave me a huge smile, thanks jack!",2025-01-31T19:23:48Z,0,0
Ugxn2gkqHvo4ptw28g54AaABAg,@D4SHI_2316,I can here a all the way pt 2 😂,2025-01-31T19:21:29Z,0,0
UgxjXskeupP7BXRCn3l4AaABAg,@LossBH,oh my god the nostalgia hit me like a 737,2025-01-31T19:17:55Z,0,0
UgxApFSAC7sKdZveCf14AaABAg,@SmallGuy-gk5oq,im having an oddly out of body experience,2025-01-31T19:10:59Z,1,0
UgygO8hOjwvhui9SP2R4AaABAg,@zodziuK.O,play poppy playtime chapter 4 please please and if you do i will ask my chrush out,2025-01-31T19:06:36Z,1,0
Ugx5HG2wy1VsbyZz0nh4AaABAg,@AlexPrice-0777,16:38 was hilarious. This brought back some great memories.,2025-01-31T18:51:14Z,0,0
UgwETNcJA5BIEMxJMJN4AaABAg,@richardmotaifebles7353,Wow. I’m back in elementary school. I’m now happy.,2025-01-31T18:48:13Z,0,0
UgyVvaTs2Ky_RqUdVMN4AaABAg,@i.jaymurukesh3998,Jack please play Poppy playtime chapter 4,2025-01-31T18:45:56Z,1,0
UgwR1xJO12HXYK3VKQV4AaABAg,@App13Th1ef,No fucking way where was this and why didnt i see this 3 days ago,2025-01-31T18:45:34Z,0,0
UgzY5mtjqzK39v508SB4AaABAg,@BxbyGxmini,JACK PLAY POPPY PLAYTIME CHAPTER 4 PLEASE,2025-01-31T18:43:34Z,1,0
UgzWxJ-5IASur_kvunJ4AaABAg,@PybrotheCatGirl,"I havent watched in so long, jack looks like Geralt of Rivia",2025-01-31T18:42:44Z,0,0
UgxuysLF_YjMtkSycel4AaABAg,@notfish,"you can't just half commit to bringing 2014 jack back, come on...",2025-01-31T18:30:08Z,0,0
UgyhOGn_V5Ok_amK3X54AaABAg,@OverAnalytical7,"""NOTHING STOPS THE SQUATCH!""

(Biffs it immediately.)",2025-01-31T18:22:33Z,0,0
UgyRnTUlKP5-KnuTszp4AaABAg,@nexus-phantom,Pls do poppy chapter 4,2025-01-31T18:08:04Z,2,0
UgwojbAHjBxTrC-Fhm54AaABAg,@DeltaDS,holy shit turbo dismount was how i discovered jacksepticeye when i was 12,2025-01-31T18:05:12Z,0,0
Ugw9q7k4impsWNQqthJ4AaABAg,@nikgames6547,does jack have grey hair now i know i havent watched him in a few years but jesus man,2025-01-31T18:02:22Z,0,0
UgwWqoo8Wih_DSmziRJ4AaABAg,@SpookzRotten,play new chapter of poppy,2025-01-31T17:57:06Z,1,0
UgwfUAmKe8Wyn5UxTGh4AaABAg,@2BoredGamer,was not expecting Turbo Dismount 2 before GTA 6 ☠️,2025-01-31T17:51:20Z,1,0
UgwID-Bfn-JKgvkdnNl4AaABAg,@MrHeLeHa,"Jack, I just saw you go from slightly reserved to absolutely pumped, just like you were 10 years ago when I watched you after school. That was awesome.",2025-01-31T17:43:44Z,37,0
UgxbDTHOINvnw4BZkMF4AaABAg,@ReJiggles,Turbo Dismount part 1 was my first Jack video,2025-01-31T17:38:12Z,0,0
Ugyyhdg7f1Hp_ZXL_NV4AaABAg,@slideski_9724,"i remember watching the first turbo dismount video +10 years ago and to be back again same guy, almost same game is amazing",2025-01-31T17:32:52Z,0,0
UgxTLGMup7k0g9pLS-h4AaABAg,@MrJulio632,"You should invite Mark next time, he really loves this game",2025-01-31T17:22:33Z,0,0
Ugz2MIyeTCo9uCy_ssJ4AaABAg,@Mango-Liker,Turbo dismount was the first video I ever saw of yours. Without it I never would’ve known about you,2025-01-31T17:17:12Z,0,0
UgxvZfiRj0aTTZgQzL94AaABAg,@crazymus_pride,Nice something different,2025-01-31T17:13:46Z,0,0
UgyjG8dWLfdqczrXE4N4AaABAg,@flamma1114,I literally played the first one when I was a little kid every day in my tablet. Excited to watch this.,2025-01-31T17:04:52Z,0,0
UgyEteBYMUDbHKZibVl4AaABAg,@ahmedoburak,holy shit,2025-01-31T16:56:46Z,0,0
UgxNNK81wtsmnpcbQi54AaABAg,@beltran8787,Going back in time yessssss lol 😊,2025-01-31T16:55:10Z,0,0
UgxLI1_gH-nPS0EKgxx4AaABAg,@DosUno-w9b,the nostalgia that i got when i saw the title & video thumbnail great memories 😢,2025-01-31T16:54:24Z,0,0
UgxPWUWEhQ1orfnno6p4AaABAg,@skel-ator,"TURBO DISMOUNT! oh man I forgot about this game, this is sweet!",2025-01-31T16:53:41Z,0,0
UgyLad2LFG16eChxpp14AaABAg,@joeschmo4391,"JACKY ME BOY!!!!

YES, TOP OF THE MORNIN G’LADDIES!! (What I heard 😂)",2025-01-31T16:53:11Z,0,0
UgzPmpzrMbESklG6zAV4AaABAg,@Steveishungry1,Jack.. what happened to you...,2025-01-31T16:50:09Z,0,0
UgyQ-xXiv-MUZX_l9n54AaABAg,@sethmarkowitz6660,Haven't clicked on a video so fast in my life lol,2025-01-31T16:47:07Z,0,0
UgzncIySTUvYBC2E-PV4AaABAg,@TheDistortionist_CrecendoEvent,Jack truly has aged when he says 'Take it slow' instead of 'SPEED IS KEY',2025-01-31T16:45:59Z,0,0
UgwplmKkZSLaUOdijBR4AaABAg,@Dedsec_frost,Oh I thought I’d never see the day,2025-01-31T16:44:24Z,0,0
UgxdxjIyox4eHRrh_AN4AaABAg,@mmi1002,Holy Nostalgia🔥,2025-01-31T16:41:48Z,0,0
Ugx9C0wRUnZ3Flgr64N4AaABAg,@TheSeabornGaming,We are so back indeed,2025-01-31T16:40:31Z,0,0
UgxbaEaYQF8m9QKpWNJ4AaABAg,@Jgoliver27,The memories came back like a lightning 🥲,2025-01-31T16:35:18Z,0,0
Ugwr_31rlGpmL6hDy2N4AaABAg,@sparky5747,Someone notify Mark immediately!,2025-01-31T16:30:28Z,0,0
UgyztaftjxP039t56gJ4AaABAg,@Antonio-f8d,Holy shit,2025-01-31T16:01:51Z,0,0
UgxmBENug1uDkGPTKhR4AaABAg,@carlitosortiz6621,"I came back to see a legend play a legemdary game. 



Why does he have gray hair?",2025-01-31T15:46:03Z,0,0
Ugz4eNC-dR4QQSfrrSh4AaABAg,@millietheplump1544,"Holy crap i havent seen jack since his old vids, seeing him finally playing turbo dismount is nice but i didnt know he got silver hair, when did i miss him getting older damn 😭",2025-01-31T15:43:31Z,0,0
Ugw5UOkvLn_oSfxeGhJ4AaABAg,@LukeArmstrong-uw3zk,Poppy playtime chapter 4 is out,2025-01-31T15:43:27Z,1,0
UgyZfVNh9jZtk855EJx4AaABAg,@gth0046,"I got into your channel all those years ago when I was a kid in elementary school through you playing the first game and now as an adult, this game has a sequel and you doing a video on it. Man I’m happy.",2025-01-31T15:33:09Z,0,0
Ugwy7vTUmRDE_lpUxOd4AaABAg,@michaelapalka7797,"I know it probably on your radar, but Poppy Playtime chapter 4 is out! Can't wait to see you play through it!",2025-01-31T15:27:51Z,0,0
UgwsCyRr9DwaTndp2rl4AaABAg,@klyde1527,Poppy playtime 4 is out now,2025-01-31T15:25:41Z,0,0
Ugy8FTg1ghkqYUULbjJ4AaABAg,@huntersmith561,Go slow jack thats not your style remember SPEED IS KEY,2025-01-31T15:15:11Z,0,0
Ugw_ojFZxvn-9DHpufN4AaABAg,@benjijohnson3586,"The last time I played Turbo Dismount was years ago on my phone with a friend in the backseat of their parent's car, we were on our way to go see Captain America: Civil War in theaters, and as we were playing, due to inclement weather, a car crashed into the back of the car we were in so we got to play it IRL, and I've never touched it since. P.S. Thankfully the worst injury suffered was just some whiplash",2025-01-31T15:10:23Z,0,0
UgzNa64dElk9tX5YaVl4AaABAg,@SuperTiberian,Hey remember when Jack wore a hat?,2025-01-31T15:09:59Z,0,0
UgzkE_BftVwhaNNMa_J4AaABAg,@Sammi238,I completely forgot about the boss throne.,2025-01-31T15:05:33Z,0,0
Ugy3kWzKU81gFBaN1Mh4AaABAg,@aviatornic2839,Genuinely we are so fucking back,2025-01-31T14:56:52Z,1,0
UgwBdYRhZBA4ZW7NOLR4AaABAg,@YouTube,u know it's gonna be a good video when it starts with jack dancing,2025-01-31T14:53:46Z,1284,38
UgxDmbXh3PEX_LV_JRt4AaABAg,@Jenny-pd3fg,All the way. To FUCKIN' SPACE VICTORY TOWN!,2025-01-31T14:52:31Z,0,0
Ugx0s3G8PMSypawo7Fd4AaABAg,@Uncooked_Bread,I think u can edit the boost pads cuz theres a strength bar and duration,2025-01-31T14:45:24Z,0,0
UgyI-p1pqCgmfLPhjxJ4AaABAg,@GraylockVO,we're back in the 2010s. i feel like a kid again.,2025-01-31T14:43:18Z,0,0
Ugxe1Xs8z6ZNd-O6Ypd4AaABAg,@wildman2023,TURRBOOO DISSSSMOUUUNTT,2025-01-31T14:40:42Z,0,0
UgxsvlSLvVDnVya7WBF4AaABAg,@NekoStreamsHD,"Jack, I just want to say even though you probably won’t see this. I ordered your top of the mornin’ coffee around the time of my birthday, (about 5 days ago, but my birthday was on the 21st) and along with 2 different flavors, I ordered your mystery box on the website. Long story short, I couldn’t help but have a smile on my face when I opened the mystery box, and saw the mystery flavor I got was the birthday cake flavored coffee.",2025-01-31T14:25:33Z,0,0
Ugz_T9g89vX6nBktfRV4AaABAg,@JustCallMeRazzberryAzzyV1,"It has came full circle, the first Jack video I ever watched was trubo dismount. Haven't watched Jack in a while and look at what popped in my feed.",2025-01-31T14:25:12Z,0,0
UgwUvtQKWvhqsU1tEch4AaABAg,@majesticmajesta5463,A trip down memory lane,2025-01-31T14:24:07Z,0,0
UgzJC4ey8JDMcRZJ9iR4AaABAg,@thegreataggron,honestly surprised he can still do the old into lol,2025-01-31T14:20:22Z,0,0
Ugx0uSkKAy-fIVkRu-B4AaABAg,@ZARKOLYN,My peak Jacksepticeye memories have returned and dear god I MISSED THIS GUY.,2025-01-31T14:20:12Z,0,0
UgzS0fA_5LloW2rVBhh4AaABAg,@maplesucker1019,Your OG turbo dismount videos are what brought me to your channel in the first place,2025-01-31T14:19:36Z,1,0
UgzTrfsnXVnnTqit5Jh4AaABAg,@alexh1323,Wow this is the first Jacksepticeye video I've watched in YEARS,2025-01-31T14:17:08Z,0,0
UgwpSbzsYerIhQaAUSB4AaABAg,@Sillypizza3069,I feel like a kid again watching this 🥹,2025-01-31T14:13:11Z,0,0
UgwzulmBcJkIWalNyeZ4AaABAg,@evanross7519,BRO I WAS THINKING ABOUT THIS GAME YESTERDAY,2025-01-31T14:09:41Z,0,0
UgzSphni4N7ZpTPl-2N4AaABAg,@Agg1E91,16:40 : And that's why I don't ride my e-bike on the state hwy near my house!,2025-01-31T13:47:25Z,0,0
UgxgAsb_njM3RuH7wnx4AaABAg,@Agg1E91,"That lovely ""Wii"" music! 😄",2025-01-31T13:40:19Z,0,0
UgwBcw9S2D03XJZXikh4AaABAg,@Fraccy,jack you just made me cry from the nostalgia wave I got from the first 30 seconds of this video. I want to go back to 2012,2025-01-31T13:38:16Z,0,0
Ugz-vVkRoHXchF4i8n54AaABAg,@zodiakenreta,"You should play BeamNG again, Jack.",2025-01-31T13:36:30Z,0,0
Ugx8wwfjB6pfSeSRF6p4AaABAg,@walterkruger5348,Petition for markiplier to make worlds quiet’s let’s play with Turbo Dismount 2,2025-01-31T13:17:37Z,0,0
Ugxl_BqWa5ZxRWmhXNp4AaABAg,@Lameguyy111,Wait turbo dismount 2????!!! SINCE WHEN? AWESOME!!!!!!,2025-01-31T13:09:28Z,0,0
UgyJVCZn7bTyeu6yU0d4AaABAg,@nathanviljoen7223,"this feels like og 2013 jack, the green hair Muddy heights and kerbal space programme videos were so peak",2025-01-31T13:06:31Z,0,0
Ugx1Kg4ps218_wsuwRx4AaABAg,@corruptedpixels8278,i dont know if youll read this but you should so play stalker 2,2025-01-31T13:01:15Z,0,0
Ugyq4ysPomgqWNCBDb94AaABAg,@HungryKaijuGaming,Love the turbocharger and the steeting! You can now control it!! You use to just go forward and die!,2025-01-31T12:52:45Z,0,0
UgwAh916EDrAJpbjJEZ4AaABAg,@HungryKaijuGaming,I love your content Jack!,2025-01-31T12:51:44Z,0,0
Ugx0o5M2zXcEjSbRvSd4AaABAg,@HungryKaijuGaming,"This game is so cool, used to play the original",2025-01-31T12:51:24Z,0,0
UgxSLXFwNFaLgA8t1eV4AaABAg,@willimeister2553,"Has it seriously been 10 years?!

Damn I feel old ;-;",2025-01-31T12:40:33Z,0,0
UgwcaT4iwuIEqv0WAI14AaABAg,@SacrificialFox,So a full series is coming right?,2025-01-31T12:40:15Z,0,0
Ugx-qQmNVXCHtjYbRYF4AaABAg,@FluffyFlanks,"Love this video! 
Would you play the Build a Bridge game again? 
Hilariously painful.",2025-01-31T12:34:14Z,0,0
UgzekTOrNTHSNFCgqsp4AaABAg,@lodomir8666,This is making me happy asf.,2025-01-31T12:14:58Z,0,0
UgyTOqQLa1hl1TAazIx4AaABAg,@Morerun,I grew up on this man and his channel first one I subbed to,2025-01-31T12:00:55Z,0,0
UgyAiDAQlvYBkwk40-54AaABAg,@kameronbelcher,I was thirteen last time I watched you play this. Insane!,2025-01-31T11:27:52Z,17,0
Ugxa2nGuOwNtVvh8N1h4AaABAg,@lowqualityindividual1676,THIS IS LITERALLY MY CHILDHOOD I COULD NOT BE HAPPIER RIGHT NOW,2025-01-31T11:26:51Z,2,0
UgzTGjLDurLxBfNM9394AaABAg,@drakeneveu9259,Idk if you ever see these Sean. But I have been watching you for so many years now. Since I was little. And now I’ve got a house. And a wife. Just want to let you know that you have been the best part of YouTube. Thank you.  Deeply.,2025-01-31T11:24:24Z,1,0
UgyExh44TKEVKhQQqyZ4AaABAg,@izakpearce7400,cant wait for the custom levels,2025-01-31T10:54:13Z,0,0
Ugy8dDmlfxB9Vhj9YMl4AaABAg,@korridorr,"completely irrelevant to the video but i want to spread awareness. a hermitcraft member iskall85 was cancelled like a lot of youtubers are and he posted a video about what it did to his life, it genuinely shocked me when i found out because i swear he was one of the most loving youtubers to his fans and the people who support him

Iskall''s life has been completely flipped upside down, he had to get the police involved because of cancel culture making him out to be a criminal
he's had to go to therapy to try and feel even a little interested in life and he no longer has an income, any opportunities, or bridges to a new career because of these people sending him death threats and hermitcrafts team completely kicking him out because he chose not to speak as the police suggested to him

this is just unjust and disgusting and i wanted to spread awareness of this unfortunate loss to our fellow youtubers because people need to see how this is making the internet worse
Even sean and other people have had to speak up about the state of the Hate on twitter and other social media, we need to all rise up against this, Not as haters but as heroes.",2025-01-31T10:52:30Z,0,0
Ugy59egC5W9B7eDakWp4AaABAg,@Staniele,"I just died from nostalgia..






Please revive me",2025-01-31T10:44:40Z,0,0
UgwzjaX7ZMtYCq9lVJp4AaABAg,@jenkathefridge3933,"Day 1130 wanting Jack to continue:observer, soma,outerwilds, dark souls 2 and sekiro.",2025-01-31T10:30:36Z,1,0
UgzesV0tmHaVKU7iOKR4AaABAg,@kingjb554,Holy...shit,2025-01-31T10:25:55Z,1,0
UgxyoCSoSFQfDNi3iG14AaABAg,@pyrt1352,Jacksepticeye looks ancient,2025-01-31T10:18:35Z,1,0
UgxSHB6-ZC_l_4sFk0t4AaABAg,@runforitman,Put on the green hair dye,2025-01-31T10:10:15Z,0,0
UgxpgRazq1mCvSKOv1V4AaABAg,@runforitman,it was 11 years ago ??????? 😭😭,2025-01-31T10:08:08Z,1,0
Ugyh6w4h7CCfL94GxSJ4AaABAg,@PerfectedVenus_Monsoon,I feel like I'm 10 again. Like I just got back from fifth grade and got done with my homework. Man I miss 2014 YouTube.,2025-01-31T09:44:55Z,0,0
UgyvfoaCfosqvA0dBlh4AaABAg,@TekHardy,"Man hearing ""NOTHING STOPS THE SQUATCH!"" Took me back to 2015 and i was 14 again. Fun memories.",2025-01-31T09:35:46Z,0,0
UgwT4mnZmurN-L9VHL54AaABAg,@ThatGusGuy92,imagine a video where Jack spoke only by wiggling his eyebrows,2025-01-31T09:32:32Z,0,0
UgzE8Yfbe1Pmoj0yXvh4AaABAg,@greeneyedcatto,"day 2 of asking jack to play ""Until Then"" by polychroma, its a really great game",2025-01-31T09:31:31Z,0,0
UgyXkRYvzhTwrkDYpeF4AaABAg,@epfsixucsoip2926,Oh my god the original Turbo Dismount is what got me into this channel in the first place!,2025-01-31T09:23:14Z,0,0
UgzuiPoxJx0yR8GIPyt4AaABAg,@Beanooslel,TURBKK OK DISMOUNT YIPPE,2025-01-31T09:16:37Z,1,0
Ugyw-j_aitlBcCvk9s14AaABAg,@jerichomilesalvarez9445,Best shoutouts fo the 2012 past time Turbo dismount Jacksepticeye. Happy New Year,2025-01-31T09:14:30Z,0,0
Ugwcsnf162PeUPoy-yp4AaABAg,@karadek168,"So cool to see this game back in action again, and with Jack too! Hope to see more again in the future ❤",2025-01-31T09:09:22Z,0,0
UgxPBlpi1dVoBlAa9YF4AaABAg,@InseanityDORAN,my elementary/grade school days are bacK!,2025-01-31T09:05:35Z,0,0
Ugz8ym-gmlj8_K0Hkv14AaABAg,@slackolantern,I'm afraid you'll find the Squanch quite stoppable when your friends arrive,2025-01-31T08:53:23Z,0,0
Ugx3nDUGxwB1yg5lETp4AaABAg,@xorofied,"Jack,play poppy playtime chapter 4",2025-01-31T08:51:43Z,0,0
UgxX4ssjqYssBv48GrR4AaABAg,@radicaIized,They revived 2012 jack,2025-01-31T08:48:58Z,1,0
Ugzc2pvNSYGNl5PtCr14AaABAg,@TheHolyBongWater,I think about the original video a lot,2025-01-31T08:45:46Z,0,0
UgyptYH4S00RGaS8_o14AaABAg,@forhundredsofyearsilaydorm9301,"Eleven years, Sean. And in just eleven seconds, you took me back in time through all of them.
Top o' the mornin'.",2025-01-31T08:41:46Z,0,0
UgyLNq0s6rw7-H98v8d4AaABAg,@tuckervanrensselaer6945,"Play Kiosk, its fun horror game that I think youll love",2025-01-31T08:38:59Z,1,0
Ugw34HtTfeZU0BmT2VF4AaABAg,@vasto8013,This brought me back to middle school,2025-01-31T08:28:41Z,0,0
UgyfbEURaeOmO_GRllJ4AaABAg,@ZachYohama,"I remember watching the first Turbo Dismount you uploaded, and I couldn't wait for more, and so I kept watching and watching and watching, and now it's back with OOOOOOOOOHHHHHHHHHHHH PINK LIGHTNIN'",2025-01-31T08:28:19Z,0,0
UgxRsAOciUK66EdqV6J4AaABAg,@AgreeableGoose,"jack I have good news Poppy Playtime chapter 4 is out. The bad news is That You need to play it for views. REMEMBER, Suffering = Views = $",2025-01-31T08:23:25Z,0,0
Ugxk6dIOCjQ1zxun9ip4AaABAg,@zodiackokoro4132,"Jack cut your hair, it's gross",2025-01-31T08:18:10Z,0,0
Ugxz_UjISY27ZwtRTRp4AaABAg,@gublin1123,17:08 Nope Johann Strauss is coming for your montization,2025-01-31T08:14:51Z,0,0
Ugzz9sfUtW9Crk9LPEJ4AaABAg,@g0dsf3ar71,I just realized I haven't watched a Jack video in years. I wonder why that is.,2025-01-31T08:00:14Z,0,0
UgxH7JZqiRLahUg2jV94AaABAg,@Cleephark,16:39 look at the head flying away lol,2025-01-31T07:55:17Z,0,0
UgxD6P4stDe2Hd7HWMh4AaABAg,@sliceyy5916,This has made me unimaginably happy,2025-01-31T07:52:24Z,0,0
UgxIrhegBkxetONEvUh4AaABAg,@Ryanpoole23,my childhood just flashed before my eyes,2025-01-31T07:38:19Z,0,0
UgzzseN_7i6q_ImEhPB4AaABAg,@furygeist,We were blessed with Turbo in the darkest of times. Thank you Jack.,2025-01-31T07:33:55Z,0,0
UgxenoXVwQiNgHABcsV4AaABAg,@Jewstro,"Guys, hear me out. A little over 10 years after Jack got mega big, the same games that made him popular are releasing their new games. 

Skate 3 is getting Skate.
GTA 5 is getting GTA 6
Turbo Dismount 2? Hell yeah! 
And tons of others. 2025 is going to be a great year",2025-01-31T07:29:24Z,0,0
UgyKDqPiCSDp65u7Ta14AaABAg,@phoenixcooper8844,"Billy gonna be in this? SCREW YOU, BILLY!!!",2025-01-31T07:29:14Z,0,0
UgwoMPQRivlGdAXZtoF4AaABAg,@jcj268,16:41 THIS IS THE POLICE!,2025-01-31T07:27:28Z,1,0
UgwtYQ4QU3LJo_YlVhl4AaABAg,@horacruxx,"💙💙💙💙💙 Please play Poppy Playtime Chapter 4!!! It's out now! 💙💙💙💙💙 Love you Sean, stay amazing 🫂",2025-01-31T07:26:51Z,1,0
Ugxz69dLrI10fijEJut4AaABAg,@TheGateShallStand,Cant wait for the return of BeamNG,2025-01-31T07:20:48Z,0,0
UgzpAT6t1m2riYKwXGt4AaABAg,@naysayerck,i think im gonna cry bruh this cant be real,2025-01-31T07:17:30Z,0,0
Ugw3iyZP5HDUbQ_PioV4AaABAg,@K0L3SNYK_P,"Oh my gosh bro...I haven't heard of this game in YEARS, I'm so happy to see this game got a sequel",2025-01-31T07:15:24Z,0,0
Ugzbbsn97fZgNGzP-vF4AaABAg,@Commander_Kal_Wardin,The 2014 Turbo Dismount memories are flooding back!!!,2025-01-31T07:14:34Z,0,0
UgyUBqf0ZfKdgXY_3Bh4AaABAg,@Jewstro,"Oh my, the content I’ve been waiting for😂 this was exactly what I needed after my long add day. Thank you Sean",2025-01-31T07:12:13Z,0,0
Ugw9bHmwIqfA_FjOO9J4AaABAg,@DragonsamaYT,"say it with me kids, SPEEED IS KEYYYY",2025-01-31T07:06:39Z,0,0
Ugz7k7ipDl7onRae1uN4AaABAg,@deusares4837,"Jack yelling ""NOTHING STOPS, THE SQUATCH"" actually almost made me cry I MISSED THIS",2025-01-31T07:03:46Z,0,0
UgxgZMPONg1OPNj9Xax4AaABAg,@kidgrilo6607,he could won the hole on but he kept flipping stubborn xD that's old school,2025-01-31T07:02:13Z,0,0
UgxF7JNFLLMqs4bFcmV4AaABAg,@chesneywhite9334,Ph my god I've been here since before the original series... I remember absolutely busting a gut at so many moments!,2025-01-31T07:01:17Z,0,0
Ugz2J0h6EGsa_JOcMRZ4AaABAg,@chadtapia935,Oh man when the user created levels start coming its gonna be peak,2025-01-31T06:52:13Z,0,0
UgwSt2JhuRtlus0GP9R4AaABAg,@uhmeer,oh yea we’re back.😏,2025-01-31T06:47:16Z,0,0
UgwU4uCMGZz3deC6tlp4AaABAg,@Alok190hnb,Pc only?,2025-01-31T06:46:46Z,0,0
Ugyp2vTXCGdeLbKr_pB4AaABAg,@jersh69alex,This felt good to watch,2025-01-31T06:43:05Z,0,0
UgyeBzOEyyatb36Fvmh4AaABAg,@Downwiththewickedclownz,"just was able to watch this, I love seeing this pop up on my notifications. Really hit the nostalgic feels man I love you jack thank you for continuing to make us laugh and smile",2025-01-31T06:35:38Z,0,0
UgysOuMii79sHsZVOHh4AaABAg,@realrican99,Yes take me back to the golden days,2025-01-31T06:34:53Z,0,0
UgzMlX7Uo9Tfa7hpOvx4AaABAg,@GamingForTanks,"Oh wow, dude this just popped up in my youtube recommendations. I feel like im back in middle school again.",2025-01-31T06:31:20Z,0,0
Ugyg64YCOOtfkfATkbd4AaABAg,@wackatonic,"my heart can only take so muc
oh my god",2025-01-31T06:30:40Z,0,0
UgxLDcXuCwwoYeY0OIZ4AaABAg,@tyhlehr,the thumbnail really made me feel like a kid again,2025-01-31T06:28:59Z,0,0
UgwqUpviZdzXxIYrl3J4AaABAg,@babydactyl,"I was 13 when Jack played some of my Turbo Dismount levels on the workshop, and my god how exhilarating that was as a kid. I had never felt so connected to an online community before and I walked around school like I had been on national television lol. I'm glad I kept doing it too, since I met one of my closest friends through the TD community and we've made many incredible memories since, even performing together at a concert. I'm so unbelievably thankful for Jack's content and for Secret Exit, for not only putting out such a fun sandbox game, but to bring it back a decade later for a surprisingly tasteful and fleshed out sequel. If Jack ever catches this comment, I hope he knows just how much of a positive impact he's made on my life. <3",2025-01-31T06:16:28Z,0,0
UgyR8TqTCEPn3TsJK2Z4AaABAg,@max_davis808,Hell yeah,2025-01-31T06:14:21Z,0,0
UgxOi-dPdD4vsCjpmD54AaABAg,@traviswarden5754,"Holy shit, was it all just a bad dream? We are so back!",2025-01-31T06:10:34Z,0,0
Ugxmf7e8fKSZR8Jb7Yt4AaABAg,@Bocephus_01,How was that last 10 years ago man where does the time go,2025-01-31T06:08:56Z,0,0
Ugxqkp107Y1HfJP8OQl4AaABAg,@zbot2123,I needed this omg ❤😊,2025-01-31T06:07:43Z,0,0
UgzAexv0qN4MpNzR3gV4AaABAg,@z3ny_a627,Shit you nearly kick started my kid self,2025-01-31T05:59:32Z,0,0
UgzZK-PUfLgHwf2PRyB4AaABAg,@sarcxsm_bxtch2376,Please tell me i'm not the only one a little bit too old to watch Jack anymore but still come just to see what hes up to,2025-01-31T05:58:55Z,0,0
UgzZiZSObtjqTBrdPuV4AaABAg,@Monksudu,I'm going to cry,2025-01-31T05:58:34Z,0,1
UgwJSiOYXHEgDeNVqsh4AaABAg,@PhantomsTune_01,"Hey Jack, In my College I have to do a POI (Person of Interest) Project for my Public Speaking class and I think I'm going to choose you to present to my class😁😁",2025-01-31T05:52:21Z,0,0
UgzP9Aqnynh9BXRKPIh4AaABAg,@AmGobble,I was just coming here to tell you about this. Love this game. can you please say SPEED IS KEYYYYYYYY,2025-01-31T05:49:20Z,0,0
Ugypgwce7W3tk1SAmaZ4AaABAg,@FVRGrab,Bro the intro 😭,2025-01-31T05:48:18Z,0,0
Ugxba7V6w5GkyQpqPxR4AaABAg,@mythicalrock2486,WE’RE SO BACK,2025-01-31T05:45:27Z,0,0
UgxqQSkM9x_BZRczLUh4AaABAg,@ianoliver2224,I hope they bring back Turkey Bird.,2025-01-31T05:43:54Z,0,0
UgyjCKpyhojopZJ6__l4AaABAg,@noobbird34yt23,My child hood has been brought back to me in full force,2025-01-31T05:34:02Z,0,0
Ugz6hUa4eHCCN0ySU9l4AaABAg,@TheNuclearBrony,jack in his natural habitat,2025-01-31T05:30:04Z,0,0
UgySBLheBDq4mdx3vl94AaABAg,@nyquilforthekill1620,The top of the morning hit different when you and jack both now have grey hairs,2025-01-31T05:29:16Z,0,0
Ugxz59H9n2dWl0w73y94AaABAg,@VentureCAM,Oh man this is so nice to see,2025-01-31T05:28:12Z,0,0
UgzK2osRFg-yLQUXvCp4AaABAg,@jackson_whelchel,remember when this was peak?,2025-01-31T05:27:10Z,0,0
UgwFI6Ll3a6NNgaewst4AaABAg,@Latenivenatrix_Mcmasterae,Woah—the feels,2025-01-31T05:16:43Z,0,0
UgwqsaRDUbZKxxYEA9Z4AaABAg,@kassyram4020,"Sean, poppy play time chapter 4 is out 😆",2025-01-31T05:15:24Z,0,0
UgyqI0xp47og7y1SxJp4AaABAg,@niteshanthony2324,hey we dont know each other but i hope ur doing well and I wanna say that GOD still loves u and wants u to be with him all u must do is trust in Jesus (dying for our sins on the cross) and repent of ur sins. GOD loves u more than u can imagine.🎉😊❤❤❤❤,2025-01-31T05:03:24Z,0,0
UgzOwGPU4YCDxueEV_J4AaABAg,@kirbyguy9376,best day of my fucking life,2025-01-31T04:59:33Z,0,0
Ugw7Il4OMFdCHW2roQR4AaABAg,@mightbesleepgod,THATS WHY THEY HAVENT UPDATED IN SO LONG,2025-01-31T04:56:32Z,0,0
UgzMDle6WZrFKpytKIV4AaABAg,@realjoshuaW,Holyyyy what a treat,2025-01-31T04:56:30Z,0,0
UgxEuQpkNs7HlJADLRx4AaABAg,@ifsheisgonetowherethere6259,I love the new Jack but the old Jack deserves to come back sometimes too! Warms my heart!,2025-01-31T04:53:09Z,0,0
UgycKZ7tWOR5voRVNcF4AaABAg,@FTLnovaKid,Nostalgia meter is through the roof!!!!!!!!!!!!!,2025-01-31T04:52:30Z,0,0
UgyudkQX1JDgxRvLhKJ4AaABAg,@YourMerchantVinny,holy crow the difference in Jack's hair after 10 year-,2025-01-31T04:50:45Z,0,0
UgzyCGJ88qWArqdU-Rl4AaABAg,@FixRetro,I watched the original video when I was 7...,2025-01-31T04:48:03Z,0,0
UgyU3TpmFqKQoZvsC-t4AaABAg,@xxbannagirlxx,Welp I went back to when I was 9yrs old. Holy fucckkkk,2025-01-31T04:43:56Z,0,0
Ugw6otu3kCM6CfK-nvl4AaABAg,@squallleonhart924,Dix out for harambe 2025!,2025-01-31T04:39:35Z,0,0
UgyTxfO7ueOUHkUOCbB4AaABAg,@Mxodx,Can't believe I've been watching you since grade school I'm graduated now lol,2025-01-31T04:38:52Z,0,0
UgydXYo0Z6skMeGz4mJ4AaABAg,@asdalotl,TURBO DISMOUNT IN 2025???? WHAT???,2025-01-31T04:35:01Z,0,0
Ugyn9anBDMsO61YIKxV4AaABAg,@shaky5754,hole shit i was 11 when that first video came out and now i can legally adopt a child,2025-01-31T04:33:28Z,0,0
UgwJXaVXWi8ZuxPOW1N4AaABAg,@TheWhoamaters,"""I know I said nothing stops the squatch but clearly several things stop the squatch""
The optimism of youth vs the ravages of time",2025-01-31T04:28:52Z,0,0
UgxyU0q2rLYpwTKKKZ14AaABAg,@leolos22,"I’ve been watching you since a child, we’ve probably spent more hours together than my father and I",2025-01-31T04:28:17Z,0,0
Ugy4vakfxSl07F03jzV4AaABAg,@margarethmichelina5146,"Hey Jack / Sean, Poppy Playtime Chapter 4 has been out",2025-01-31T04:27:54Z,1,0
Ugz5CTXLu-Q0OTPUJaN4AaABAg,@dredddizzah9705,"Yo, middle school me, wake up, new Turbo Dismount video from the future",2025-01-31T04:26:22Z,0,0
UgxAWron23UoqHywqvp4AaABAg,@0NeXyuh,I was literally just rewatching the old series too,2025-01-31T04:24:32Z,0,0
Ugwb-CLdk_sCo6ekZc14AaABAg,@merryiguanaband,"I used to watch this in elementary school, I'm 19 now wtf. The memories",2025-01-31T04:23:51Z,0,0
UgxPn29p1T_2uFDpeoB4AaABAg,@Hatie_Watie,Ah the memories..,2025-01-31T04:23:06Z,0,0
UgxtC4uEuOI0i_UxXEZ4AaABAg,@ledgengoad6214,“SPEED IS KEEEEEEEEYYYYYYYYY” - my childhood fr,2025-01-31T04:10:38Z,0,0
Ugzl3xfuh8BWGmEUnxZ4AaABAg,@lordradiantlack19,Will you be playing Poppy Playtime Chapter 4?,2025-01-31T04:06:10Z,0,0
Ugxk4YJMl9xFj53lpjp4AaABAg,@Blazestar23,More Jack MORE!! 😊,2025-01-31T04:04:05Z,0,0
UgwUAKhKo8GFQSy_AmF4AaABAg,@ultimateassassin1152,"Now that I am older than I was back where these videos first came out, I am really glad to see this return. I loved those videos back then and they are great now, brings back so many good memories for me",2025-01-31T03:51:06Z,0,0
UgwfEkgr837YNPSRjeh4AaABAg,@curioussavagery802,the fuckin memories that just came flooding in holy shit,2025-01-31T03:50:40Z,0,0
Ugw6zADCNErupUHwPa54AaABAg,@rachelpatten420,POPPY PLAY time chapter 4 is now out Please play that❤️❤️❤️❤️❤️❤️❤️❤️,2025-01-31T03:46:45Z,0,0
UgxiBs2X5Va7scOwvVx4AaABAg,@CringeBasedLifeform,I could not stop grinning through this entire video,2025-01-31T03:38:09Z,0,0
UgzAv-a_k6SXU1IiwLt4AaABAg,@yesterdaze2375,"I was in the 6th grade. I was on the spectrum and very interested in video games. But going to school in a preppy environment, well, everyone either plays sports, reads, draws, writes - you get the picture. To say I was lonely was an understatement: I felt alien, and I hadn't begun to develop the skills I would need to really recognize, assess, and verbalize that feeling. I started watching your videos then. I think I was drawn to the idea of sharing the experience of gaming with someone - of being energetic, reactive, and outright joyful. You made a little boy who had no tribe feel that much less lonely - that much more connected.

And now? Now I have a Bachelor's in Civil Engineering. I work on public roads, and in my free time I play video games and Dungeons and Dragons. I have a network of friends that 6th grade boy wouldn't even have dreamed of - friends who are emotionally intelligent, kind, forthcoming, and unabashedly enthusiastic in their nerdiness. I don't watch your videos nearly as often, to be honest - my needs have changed, I think. But in a way, it's a good thing - it's a sign of how much I've grown, how much I've gained. And looking back, I could not be more grateful for it all.

Thanks for giving that lonely boy a friend when he needed one most, Sean. It took a long while, but he found his tribe.",2025-01-31T03:35:37Z,5,0
UgxsQxK2tE3tbQ7xJGB4AaABAg,@SpiderT16,THERES A SECOND ONE!?,2025-01-31T03:24:45Z,0,0
UgwT-MscJt0cFBaQcCV4AaABAg,@Stardust_Torna,THERE'S A SEQUEL?!,2025-01-31T03:24:11Z,0,0
Ugy4Rfm2Gnqv--TgjQ14AaABAg,@slayer4880,We now need HAAAAPPY WHEEEEEELS,2025-01-31T03:17:27Z,1,0
Ugx3aY7_aLw49eSKyEV4AaABAg,@nineteen-sixty-sevenfordmu9454,I'm back in fucking middle school,2025-01-31T03:17:01Z,0,0
Ugwf-Kee7M5L4uHCL9d4AaABAg,@prettymucheverything1033,am I the only one that remembers a Turbo Dismount 2 that came out soon after the first one?,2025-01-31T03:13:47Z,0,0
UgwkbaeC6p9IlBEff-x4AaABAg,@phatzachtog2428,appreciate it big man reminds me of my childhood thanks for the laughs,2025-01-31T03:13:45Z,0,0
Ugy5Prka2ZCUnYg8bbl4AaABAg,@MasherGamesYT,"Nice to see Sean growing his hair out again, his hair makes him look like a hippie Jack Frost",2025-01-31T03:10:04Z,1,0
Ugyiwk936bXgKOCH--54AaABAg,@Gromp.mp4,So surreal,2025-01-31T03:02:32Z,0,0
Ugylcu0AsfWR3hxwqKB4AaABAg,@waimariekiwara7687,"Jack you should play poppy playtime chapter four, it's out now",2025-01-31T02:59:35Z,1,0
UgwOVb8-e1vpFxMKlmF4AaABAg,@avocadogaming2558,I always thought it was Pink Lightning?!,2025-01-31T02:56:52Z,0,0
UgzAk60yUq_sy5oV46Z4AaABAg,@JayceUnfolding,I needed this today… thank you jack ❤️🫶🏻,2025-01-31T02:45:06Z,0,0
Ugwm6QjnX74LdhzmRu94AaABAg,@ThornOfDespair,of COURSE that fucking snowplow!! even after 10 years they still OPPS!!,2025-01-31T02:42:05Z,0,0
Ugx5gc3AGhvAQt8--9R4AaABAg,@chrisarthur2725,"DUDE WHAT, 12 YEAR OLD ME IS LIVING AGAIN ( IM 20 NOW)",2025-01-31T02:41:17Z,0,0
Ugzali3PUiNQK0-ci_V4AaABAg,@averagejosh6699,Jesus. Straight back to elementary/middle school AND OH AM I HERE FOR IT!!!!,2025-01-31T02:29:44Z,0,0
UgzvmkFwJO5p6YCuza54AaABAg,@Chiimuus,missed this,2025-01-31T02:24:33Z,0,0
UgyfQykg52eTV6XxSe54AaABAg,@calvinneely4004,The first jacksepticeye videos i watched,2025-01-31T02:21:10Z,0,0
UgzDCunWIJuoG0oQBgR4AaABAg,@shadowarcher6716,We are so back,2025-01-31T02:20:39Z,0,0
UgxQKdBdBaH_gPkNCqp4AaABAg,@CRXnick,"originally this was how i found out about jack, original turbo dismount",2025-01-31T02:20:06Z,0,0
Ugx2YX0cMiACHQuFAbd4AaABAg,@It-b-Blair,Jack slowly becoming Gerald the Witcher,2025-01-31T02:18:11Z,0,0
Ugw53mnLwrry5yv1Knx4AaABAg,@DoingDoneDid,I can't believe they made a sequal!,2025-01-31T02:17:47Z,0,0
Ugxmlu1j9BrodoIaZKZ4AaABAg,@Theeggsmann,We are so back,2025-01-31T02:15:06Z,0,0
UgxKjNjvuAhEql4aKQp4AaABAg,@gerald1138,bro the big air compo came back years later as an offical map,2025-01-31T02:14:11Z,1,0
UgxM6gkABEcUB8JcFpp4AaABAg,@davidthebowman1933,i haven't watched you since 2014,2025-01-31T02:14:05Z,0,0
UgxQAEuFRv_35qMeen54AaABAg,@Pattack,i’ve just been teleported back to 7th grade,2025-01-31T02:13:40Z,0,0
UgzfofyMTA7Q297TWLF4AaABAg,@FelixDaCreature,"I don't even know you, but I feel nostalgic",2025-01-31T02:11:51Z,0,0
Ugwr5d7OGmO9gIDymE54AaABAg,@DickCheneyStoleMyDsi,Dog i was 10 back then 💀💀 the nostalgia hit like a truck,2025-01-31T02:08:25Z,0,0
UgxFGT9wb9lTJ0I-Uql4AaABAg,@jasongordon1968,JACKSEPTICEYEEEEEEE! BRING BACK THE GREEN HAIR! AND MY LIFE IS YOURS!,2025-01-31T02:07:41Z,0,0
UgxmiLDnktf_bzMoq5t4AaABAg,@tiffanycarlyle3255,jackie you should probably make the strength of the turbo pads max,2025-01-31T02:04:47Z,0,0
UgwGPyhpsN5264RmX9p4AaABAg,@morph_roblox,OMG THE NOSTALGIA I HAVE WATCHUNG YOUR VIDEOS AGAIN😭♥️,2025-01-31T02:02:26Z,0,0
UgyDC2O08QjbrMuxyVl4AaABAg,@Terradrax,"Jack has greys now??? I feel so old, used to watch him every day when I was like 13, this game is legendary. Glad you are back my man",2025-01-31T01:56:33Z,0,0
UgzLQo-Fx06zh1VDlMB4AaABAg,@GhostlyTekk,Im 24 now but ill still come back for a classic,2025-01-31T01:56:21Z,0,0
UgwYPv5-bdUCOAeiWxZ4AaABAg,@Kid_Chez,hey jack! you should look into playing Another crabs Treasure. it’s a light hearted souls game that i think you’d love! 💚💚,2025-01-31T01:54:06Z,1,0
UgzhybufHry22CX00mV4AaABAg,@dancordell9655,Have you checked out a new game called Dreamless?,2025-01-31T01:47:31Z,0,0
Ugzphap1AyaAzmu1NQZ4AaABAg,@i.d.e7751,THIS IS WHAT I LIVE FOR!!!,2025-01-31T01:38:26Z,0,0
UgxS_5EC-p6Xre2x6dl4AaABAg,@abuchi2248,Nature is healing.,2025-01-31T01:36:53Z,0,0
UgwcY1UCKe3l0T0h3614AaABAg,@MrHikari13,Well this takes me back to a simpler time in my life when I didn't have to worry about taxes and shit.,2025-01-31T01:24:31Z,0,0
Ugxylf4HfOZvERPwVgl4AaABAg,@HIGHLITE.,"Jack, I've been satching since the FNAF jumpscare Happy Wheels episode. And i think you are amazing and so fun to watch. But PLEASE. PLAY. NO MANS SKY. AGAIN. Its so much fucking better than 8 years ago. ❤",2025-01-31T01:21:58Z,0,0
UgxEAA7s1_EfEgL88N54AaABAg,@emmigurl4life,Jack is back,2025-01-31T01:18:53Z,0,0
UgwinsWEKYXR5leRyr94AaABAg,@generalxleexo1x898,Hello jack you don’t know how much nostalgia watching this video this made me feel like a kid again stumbling onto your YouTube for the first time and I just wanted to say thank you for all you done for me through the years and may 2025 be the best year for you much love,2025-01-31T01:07:09Z,0,0
UgwgmqWDWiT4oahgh_14AaABAg,@bristam2600,"Never thought i would feel like i was 11 years old again 
I’ve laughed at jokes you made a decade ago 
Thank you so much",2025-01-31T00:58:11Z,0,0
Ugw-e9yWPC0ydmS-Jft4AaABAg,@joshseales9814,There's no chance editor thought he said big lightning right😂... Love you Jack been here since far cry 3,2025-01-31T00:56:26Z,0,0
Ugwzh3poNhmkcKhRXoB4AaABAg,@ap_fj,Dude YES. I used to watch you play turbo dismount over & over. Somebody pinch me.,2025-01-31T00:54:36Z,0,0
UgxTXdEMNBfuviY-YzR4AaABAg,@imaginationsquare,That dance at the intro was insanely satisfying,2025-01-31T00:53:17Z,0,0
UgwsPc3zfJ43-J27_2l4AaABAg,@The_King_Tomato,Poppy's playtime chapter 4 is out if you want to play,2025-01-31T00:48:05Z,0,0
UgzO3XfrI8TCP1TO7U54AaABAg,@Sirblusef,I remember playing this game as a child I feel so old now,2025-01-31T00:45:36Z,0,0
Ugwi-HNMWinqI9qu-hR4AaABAg,@niofatone8284,"i remember being in middle school watching your turbo dismount videos and it always made my day. I'm now in my second year of college, and this has once again made my day. Thank you",2025-01-31T00:44:45Z,0,0
Ugx7JY7d6z3yzbOMctF4AaABAg,@z3n_z,"7:53 
My childhood in 4 words....😂",2025-01-31T00:41:27Z,0,0
Ugxkt7BFcUWJ6xcF_TZ4AaABAg,@ragnarmikk7771,only thing we are missing is our arch enemy THE SLOWBLOW,2025-01-31T00:38:35Z,0,0
Ugxnkeqrnrax1slOh-94AaABAg,@crazylizard1889,"Jack talks about the nostalgia we're in for, but doesn't tell us to punch the like button in the face LIKE A BOSS?",2025-01-31T00:36:57Z,0,0
UgzoTQnZ-RqskE_-5_p4AaABAg,@0synccc,"Man I watched Jack in middle school and now I'm going to college, good to see his upload schedule is getting better",2025-01-31T00:36:01Z,0,0
Ugx0oclShOTpC5oPcqx4AaABAg,@PhantomCheddar,"i cant believe theres a turbo dismount 2.
i just recently re-discovered the first one and was reminiscing over it. 

nature is healing?",2025-01-31T00:35:30Z,0,0
UgxtiabGw65l_6qmLH54AaABAg,@thequasitagonist,This tickles me right in the nostalgia,2025-01-31T00:30:45Z,0,0
UgzVBlCbwp6eW4Zl9QF4AaABAg,@rastamysh9792,omg  13yo me feels this like it was yesterday,2025-01-31T00:30:32Z,0,0
UgzIoHYE_Uz5iDDj--F4AaABAg,@evoliradio1787,I dare you to play not for broadcast again,2025-01-31T00:29:34Z,0,0
UgyUPfiupFKMzkvzla94AaABAg,@mawk1627,this brings me BAAACK to when i was a kid and watching your old turbo dismount videos,2025-01-31T00:26:32Z,0,0
Ugz2ij-Gg4XCIrmdsgx4AaABAg,@michaelchristy506,"I still have a lot of my early childhood memories in elementary and middle school watching you play turbo dismount

This is nostalgia to the maximum",2025-01-31T00:24:04Z,1,0
Ugwf6JuCqALale2ZKtt4AaABAg,@nicholasstocker8864,It’s like being 11 years old all over again!,2025-01-31T00:22:34Z,0,0
UgymndWdAiXQWubtrGx4AaABAg,@panaramsbooye,This made my day better after I visited my grandmas grave because today is one day after her birthday( we couldn’t go) Thank you Jack❤❤🥹☺️,2025-01-31T00:22:33Z,0,0
Ugy9mFjHOrnf0q1op8N4AaABAg,@JunkersGarage,"Do you know what's crazy? I just seen this in Steam and thought to myself ""gee I wonder if jacksepticeye is gonna play it""",2025-01-31T00:22:13Z,0,0
UgzP4eaSo-3hFaRkbKd4AaABAg,@maartenbondt9600,Sean is absolutely rocking that grey hair.,2025-01-31T00:20:44Z,0,0
Ugwrg3pQ4o20p2JeAOV4AaABAg,@maartenbondt9600,Oh wow this is a massive throwback,2025-01-31T00:19:53Z,0,0
UgwLE4GfAPnEOI5iEpp4AaABAg,@Patrick-hs3om,editor put big lightning instead of pink lightning oof,2025-01-31T00:19:40Z,0,0
Ugxua52z-Y7Lejdcp3l4AaABAg,@batmangamer3122,"Rip turkey bird, seems he didn't make it to TD2😢",2025-01-31T00:19:25Z,0,0
Ugye28gtX9S2ZlYouPN4AaABAg,@darthhiraeth7165,Brings me back,2025-01-31T00:19:17Z,0,0
UgzKv37WFesjR8xslOZ4AaABAg,@Luna-or3vb,Im eating my dads home cooking i just woke up from a nap and my youtube home page has jacksepsticeye playing turbo dismount this couldnt get anymore 2012,2025-01-31T00:16:34Z,0,0
UgxA6GRWlnco480jyR54AaABAg,@AstralSolara,"11:34 

Sean: All the way to fucking-!

Me: VICTORY TOWN-

Sean: -space, baby!

Me: Eh close enough",2025-01-31T00:13:32Z,0,0
Ugx702wOuWJ8ht9cUeF4AaABAg,@gotoheat,"Seanjack i grant thou a wish from the god of flowing iron, just like us, it runs through our mother earth, just like us, it rusts, wish Seanjack, wish , but only once",2025-01-31T00:03:54Z,0,0
UgyKQewUvQnspibCIP54AaABAg,@Luukjen,"Oh my God, i remember starting to watch your videos when you played 1. Good old days",2025-01-31T00:00:18Z,0,0
Ugx6dfb8Li5PNnprxf14AaABAg,@shinyrayquaza9,I haven't heard this game in a decade,2025-01-30T23:59:03Z,0,0
UgyCYwarnnT80p4GHMB4AaABAg,@micahromero2609,God bless this day,2025-01-30T23:56:12Z,0,0
Ugw1yNjBqJFp83PiCI54AaABAg,@RevoluciousDragonxz,"Ah, yes! The nostalgia I get and feel when seeing this video!

Jackie Boy... It would be nice to see you check out 2 games that are both open world. First one is The Elder Scrolls V Skyrim. The second one is Valheim. Markiplier have played both games in the past. I believe that you would love Skyrim and Valheim.",2025-01-30T23:54:35Z,0,0
UgyVNkDs9zcenXcvWkN4AaABAg,@laurentfabron,This is all so warm and fuzzy.,2025-01-30T23:52:12Z,0,0
UgwFi_J9L6GazUa-zP14AaABAg,@program7664,YES THE INTRO IS BACK I LOVE IT,2025-01-30T23:51:53Z,0,0
Ugz43yv3jokQgB1w4Zh4AaABAg,@jasminesosa6437,Of course he plays it when I decide to go back to it,2025-01-30T23:47:12Z,1,0
UgzINo2q-kMqmUbAFpB4AaABAg,@markalvarado4450,first time i watched jack was when he had 5k subs? i think it was this or kerbal and wow this brings back memories,2025-01-30T23:42:58Z,0,0
UgzTgmnnR974Nln72kt4AaABAg,@clementfermn6711,ITS BEEN 10 YEARS AHHHHHHHHHHHH,2025-01-30T23:29:28Z,0,0
UgwVw-hKhmyq0jTTswx4AaABAg,@kingadd0493,We are B A C K,2025-01-30T23:28:47Z,0,0
UgwVCVKMeEM-0Z8uQcB4AaABAg,@DotDotDottt,WE'RE SO BACK,2025-01-30T23:27:40Z,0,0
UgyvJkRz7rfJteC1-oV4AaABAg,@randomboi4045,0:45 They got the name wrong :(((,2025-01-30T23:26:47Z,0,0
UgxyiM813UOFIfUH6eZ4AaABAg,@daddydragon9101,Oh baby we are SO back,2025-01-30T23:21:52Z,0,0
UgxvX2_WwEobCJlRp9F4AaABAg,@summerszn_5329,So many mems just  came back because of this,2025-01-30T23:19:47Z,0,0
UgzUQQFDdh2qerefovl4AaABAg,@_Eli__,"if I remember correctly I discovered you on a random turbo dismount video ~10 years ish ago, I didn't understand a single thing you said cause english is not my mother tongue and seeing you play the sequal made me nostalgic",2025-01-30T23:19:16Z,2,0
UgwmoOSms0krwIot_pB4AaABAg,@LouiseLulu_L,Thank you for making me laugh. I laughed for the entire video🤣🤣,2025-01-30T23:09:51Z,0,0
UgxQvMUwTH_-PJWnNPx4AaABAg,@daftpunkstan,MY CHILDHOOD IS BACK OMFG,2025-01-30T23:07:30Z,0,0
UgzDnvDENMpkJwmykPh4AaABAg,@unbreakabull175,Holy shit I’m back to elementary school 🔥,2025-01-30T23:04:34Z,0,0
UgzagnWhXs7Xe6FjApN4AaABAg,@xxsidd,BIG LIGHTNING???? I THOUGHT I WAS PINK LIGHTNING THIS WHOLE TIME,2025-01-30T23:04:00Z,0,0
UgxJEtfCpmnGA-aBtGd4AaABAg,@riona3959,Petition for jack to play slime rancher 2 ‼️‼️‼️,2025-01-30T23:03:10Z,0,0
UgxaklGLPFns0TZLRHR4AaABAg,@smittywerbenjagermanjensen7027,Oi you playing this game was me whole middle school experience top of the morning Im glad Ive stayed subbed,2025-01-30T23:01:22Z,0,0
UgxhPCPXY39NOtmWHXB4AaABAg,@grapetwist2407,i've been wait for this for 10 years,2025-01-30T22:59:40Z,0,0
UgwGx994Ps50CH-KXVF4AaABAg,@TheBiziiGuy973,HOLT SHIT THE NOSTALGIA. Just brought me back to my childhood bro,2025-01-30T22:58:21Z,0,0
Ugx7qo_Amhd5XaLfZbp4AaABAg,@eatawheet1867,JAAAACK where did you get that awesome Vagabond shirt? I fw it HEAVY.🙏,2025-01-30T22:54:36Z,0,0
UgwM85pZlYtWkJ3DqOV4AaABAg,@EclipsedVision,"man, this video feels like everything in the world feels okay again",2025-01-30T22:53:57Z,0,0
UgxsiRn8Db5Yt4wrmSl4AaABAg,@madrabbitvideos3311,"WHOOF, Squatch's age is catching UP to them!",2025-01-30T22:51:26Z,0,0
Ugza6-Ax1P_Zd528I5d4AaABAg,@Neckmold,"Turbo dismount was the game that got me into jacks channel, so glad to see it come back!",2025-01-30T22:49:40Z,0,0
Ugzwpvl2ixpbkZCdUBB4AaABAg,@louiedunn9153,One thing ur missing on the turbo pads you can make them even stronger using the slider,2025-01-30T22:48:06Z,0,0
UgznpgSQjAG5zHRgW2l4AaABAg,@EMan-xj5cz,Goat simulator sequel a while back and now this??,2025-01-30T22:45:51Z,0,0
Ugx7CIo6QrdpwZeO0s94AaABAg,@felixfelix9062,THIS IS HOW I FIND OUT HELL YEAH,2025-01-30T22:45:32Z,0,0
UgwqG9moXl49vH9IApB4AaABAg,@frederickglass1583,"After all these years, IT IS FINALLY BACK WITH A VENGEANCE! LADIES AND GENTLEMEN, 

IT IS TIME TO GO BACK TO 2014",2025-01-30T22:40:02Z,0,0
Ugy51BBzhcec9TuaqfV4AaABAg,@xtoxicxxkitten8875,They released a second game 😂? Turbo Dismount didn't need a sequel but that's awesome,2025-01-30T22:39:14Z,0,0
UgxeTcLOkh4Pjc5yf5h4AaABAg,@rmas1522,"So back indeed, best 10 year await.",2025-01-30T22:36:06Z,0,0
UgyVCe-fb3Q28G0y7Fh4AaABAg,@WellWagonStudios165,"Have you ever considered re-dying your hair? If so, what color? (Hands you a mic)",2025-01-30T22:30:01Z,0,0
UgykRUnNtDempjKOpvZ4AaABAg,@bananam69,play new turmoil dlc,2025-01-30T22:26:08Z,0,0
UgxA2_Mv5g6nejeb-Ud4AaABAg,@comn2778,If you do another video on this you totally should get some face photos of friends to put on other characters in the car!,2025-01-30T22:23:04Z,1,0
UgzqBR1X94HKI4H3HOZ4AaABAg,@SinisterFears,"It feels like I’m 12 again 😭

The very first episode of Turbo Dismount was the first jacksepticeye video I ever watched",2025-01-30T22:22:10Z,0,0
UgxxlfT2CJXStbZdbaV4AaABAg,@RainyKunx,play poppy playtime new chapter,2025-01-30T22:16:14Z,1,0
UgyrEp3fT5evtKwBVot4AaABAg,@C-View1,"Wait , they made *TURBO DISMOUNT 2!!*",2025-01-30T22:15:52Z,0,0
UgzTuH6_fZJFc1vcuCl4AaABAg,@acethewolf2573,Bro I had a vision about this,2025-01-30T22:10:50Z,0,0
UgzLDrafVy4oI7ndf8t4AaABAg,@ag.2006_cl,Nostalgia Week content without Nostalgia Week? BET,2025-01-30T22:00:40Z,0,0
UgywnCDoXRFLSMVjnyt4AaABAg,@andomapletoft6509,I watched you in 2014 I blinked a decade passed and now you're 65 years old what kind of time dilation shit is this? 😂,2025-01-30T21:56:24Z,0,0
UgzKDzV83Vg1bcNYM3x4AaABAg,@highspeednerf4661,Big lightning? 0:47 whoever did the edit needs their ears cleaned i guess,2025-01-30T21:53:55Z,0,0
UgxGV3Nelc7kHnThF4N4AaABAg,@Bofadeez137,dude...8th grade me is so happy right now. (I am 21)...,2025-01-30T21:50:57Z,0,0
UgyIi4OXGnA3ptzUH6p4AaABAg,@freddiefishton,"26:27
POV:

THE ANGRY BIRDS SEND THEIR BIGGEST",2025-01-30T21:50:53Z,0,0
UgwIUnCGnw2FiY54Knt4AaABAg,@weirdone8787,I had to check the date after that intro😂,2025-01-30T21:50:13Z,0,0
UgzNJW1Cu1qdxf4ab6p4AaABAg,@user-cx1kz6kf3y,Jacks hair greying is remaining me im getting old 😭,2025-01-30T21:48:30Z,0,0
UgzKM95RrqBK8_9stB54AaABAg,@RussellMoulding-yo3jn,Come on jack poppy playtime 4 is out come on Wen we getting a vid,2025-01-30T21:43:35Z,0,0
UgwcCQ2961gyiuscF_54AaABAg,@RoastyToasty424,"20:31 Good to see you again, Snow Plow",2025-01-30T21:41:56Z,0,0
UgzbCJCliYi-1mu6piF4AaABAg,@Calamity25,Slightly disappointed there was no Señor Turkey Bird but this was so nice...,2025-01-30T21:38:17Z,0,0
UgztticDqUFJNcQjFfp4AaABAg,@JoshzFolzUrFavJWF,Tell me please if corpse is still alive,2025-01-30T21:32:47Z,0,0
UgzsnDZG1i2HF9MG7_54AaABAg,@Itspossiblypaige,I am begging you to play Poppy Playtime Ch. 4 🙏😫,2025-01-30T21:29:52Z,0,0
UgzqP-nhKjeZpHRTeyZ4AaABAg,@SolidStateBars,Ain't. No. Way.,2025-01-30T21:28:25Z,0,0
Ugw_dyBJEDNmIS_vH3V4AaABAg,@PBnRay_,Max McNeverStappen,2025-01-30T21:19:30Z,0,0
Ugxxzh2QXp5nEs5ddSB4AaABAg,@firecrow17,It's literally insane that this video comes out a few days after I finished binging Jack's first turbo dismount playlist,2025-01-30T21:14:54Z,0,0
UgxLIdUwzCwwQfLuO314AaABAg,@AnthonyPrentice-y4z,Jack they got poppy play time part 4,2025-01-30T21:12:33Z,0,0
Ugx2YA8uwknzJ-bkMw54AaABAg,@TheSaddestAngel,"Now we just need ""OH Pink Lightning""",2025-01-30T21:12:18Z,0,0
UgzNY5pjHwMHN1v5Wnd4AaABAg,@michellemccary2309,I love this with your face “photoshopped” on/in the video game!!!,2025-01-30T21:08:21Z,0,0
Ugzfa3ymyGYH_jeUdHt4AaABAg,@lukeslater2780,Damn it been over a year since I’ve seen one of his videos recommended and damn it feels like 10 years ago all over again.😅,2025-01-30T21:06:12Z,0,0
UgwpD1uqj0RNns-PcMd4AaABAg,@tommy-u2h,The Nostalgia,2025-01-30T21:06:07Z,0,0
Ugxql1pHb7tbeXRLU6x4AaABAg,@michellemccary2309,Yes!!! “JackSexyEyes” did his “original theme” at the beginning!!!🎮🙀😺😹😼👨🏻‍🦰☘️🍀,2025-01-30T21:05:30Z,0,0
Ugw6GyuMsZ4ELvsJMn14AaABAg,@RandomCat125,That intro was a slap in the face of nostalgia!,2025-01-30T21:05:14Z,0,0
UgzzjrGfjYBMtWB-4-B4AaABAg,@whybewarewhite1377,Jack need to do his original Intro,2025-01-30T21:01:41Z,0,0
UgwbNgfrCbttXDcioB14AaABAg,@deepfriedlostchildren,The nostalgia I just got is insane,2025-01-30T21:01:31Z,0,0
UgyFC1YOxBjCJMys7Pt4AaABAg,@curvedtoaster5931,this is a moment in history,2025-01-30T21:00:19Z,0,0
Ugz7WYu7l6X5sWjLDTZ4AaABAg,@eldrazi5538,dude i forgot about the one liners he used to say,2025-01-30T20:59:36Z,0,0
UgwnSri6Q1Pa8ASJvQh4AaABAg,@not_landon31,I just got hit with a kamehameha wave of nostalgia straight to the face,2025-01-30T20:58:48Z,0,0
Ugwsrve9N1NyIOXO-xF4AaABAg,@itsyourboi5783,"Damn dude, watching this video makes me feel like I'm in elementary school again, Classic intro and everything.",2025-01-30T20:55:40Z,0,0
UgwkOUkgOtTLGq6bo8h4AaABAg,@marioionion2,"What bruh, I didn't expected this game would have a 2",2025-01-30T20:43:58Z,0,0
UgzTNP3uPv8R104nmth4AaABAg,@ShamusLandry,Miss these kind of videos,2025-01-30T20:38:37Z,0,0
UgxtGLI_s517JU2cF514AaABAg,@olliewright2845,"""AUOOOH BIG LIGHTING"" That touched my soul",2025-01-30T20:34:42Z,0,0
UgxC7P1aEB0VZaFSxR54AaABAg,@jacoblong9652,"As the great jacksepticeye once said, ""Legs spread...Jacks dead""",2025-01-30T20:31:45Z,0,0
Ugx7AILdP4K1dBVvaFx4AaABAg,@DYNOSRR,"25:02 ""What did you end up doing with that old cheese grater anyway?""",2025-01-30T20:29:23Z,3,0
Ugz66iAU5UMIqykFD7p4AaABAg,@Mats947,"The game isn't released yet which sucks a bit, but Jack is now back with the uploads, excited, and I bet most of us have played the game back in the old years which I have a ton!

Thank you Jack for this epic moment!",2025-01-30T20:28:11Z,0,0
UgyhwLdFAHaRtit0zp94AaABAg,@Daedric1260,"I've tried coming back every now and then and it's never had the right feel to the videos, but after so many years, THIS is the energy I missed. I hope I can continue enjoying your vids again Sean. I missed ya man, been a long 5 years",2025-01-30T20:28:10Z,50,0
UgyZcZJNAs2WV3XedIN4AaABAg,@Masstteo,This game!!! OMG It looks amazing. I remember playing the original game all the time. What a great remaster,2025-01-30T20:27:43Z,0,0
UgxpCBOkS3PLwZ_qQXx4AaABAg,@CombatSkorost,Holy crap remembering Turbo Dismount just brought me so much joy.,2025-01-30T20:26:08Z,0,0
UgyAKBbIfykkkeHf5uB4AaABAg,@davionuwu123,Will you play Poppy playtime 4?❤,2025-01-30T20:25:46Z,0,2
UgyxN10Qcg81t62fTFt4AaABAg,@Stampybampy,I remember that 60 fps video also being my first time watching a 60fps video on youtube; that feels wild now,2025-01-30T20:23:29Z,0,0
UgxnNviKHfoS82s7RJh4AaABAg,@malachiteserpent7742,"This is the game that introduced me to the channel. When I saw the video title, so many memories came rushing back at once.",2025-01-30T20:22:50Z,3,0
UgzBPsOlcBBBF3gD6dF4AaABAg,@phoenixalexander8219,"Got to watch jack in 2014 coming home from middle school, now I get to watch him getting home from college",2025-01-30T20:21:18Z,0,0
UgyHr7wu4z2TE0Ynlah4AaABAg,@Delta-sg2zq,15:37 The timing made me lose my mind XD,2025-01-30T20:07:08Z,0,0
UgzqgizGQdhl4ZAmZ-d4AaABAg,@binglebonle,My childhood returned to me,2025-01-30T20:06:56Z,0,0
UgzGkCGChROu8-rcy6R4AaABAg,@webkarma9654,WE'RE SO BACK!!!!!!!,2025-01-30T20:04:50Z,1,0
UgyKO45Yv5cH3GNokol4AaABAg,@justayoshi0281,"This shits my fucking childhood, thanks man. ❤",2025-01-30T20:01:59Z,0,0
Ugy3Ky7dFBIA9BlsSoZ4AaABAg,@domobfdi5480,Where's Billy?,2025-01-30T19:59:13Z,0,0
UgxDjSzAMTDyUt6KK_Z4AaABAg,@brycec2183,I think the craziest part about your Turbo Dismount series is I REMEMBER when that first 60fps video was uploaded. Time fucking flies man holy shit,2025-01-30T19:58:22Z,0,0
UgxkpuZcl9nVhpKGKHl4AaABAg,@SolarCrownAE,Im surprised this game got a sequel,2025-01-30T19:57:43Z,0,0
UgyQq9BqjZxrbHOkyJR4AaABAg,@foxygamer1329,Please play undertale yellow and or undertale red and yellow,2025-01-30T19:56:26Z,0,0
Ugx16huN-Sqk7Ojr4iZ4AaABAg,@cherylrollins1554,"Am i seeing things, or do you have gray hair?",2025-01-30T19:55:10Z,0,0
UgztdQgZVY82lG3dHjR4AaABAg,@mythofumbra,"My nostalgia is coming back, and I love it. I heard him yell ""NOTHING STOPS THE SQUATCH!"" and I actually started cheering to myself. Lmao",2025-01-30T19:50:39Z,0,0
UgxEbfJHNqIJW2cMpCN4AaABAg,@Bustonme,"I remember watching the original videos all the time when I was 8 years old, and they were so funny to me and still are. But now I’m 18, and they still make me laugh.❤❤",2025-01-30T19:48:57Z,0,0
UgzEGXeT_D8YZsP_Rqt4AaABAg,@DylMil,Turbo Dismount is how I found this channel. I was addicted to the Markiplier Turbo Dismount videos when they added the Boss Throne,2025-01-30T19:46:34Z,0,0
Ugzbf9SK3J-smibhAwl4AaABAg,@riggiestine,"Yo jack, poppy playtime chapter 4 has just come out, just letting you know in case you ain't seen anything about it yet",2025-01-30T19:42:03Z,0,0
Ugzzvn553zp0FMrFPkR4AaABAg,@eternalmiasma5586,Holy shit it’s back,2025-01-30T19:41:09Z,0,0
UgzvOHVrIguuD0aqWNJ4AaABAg,@29Alice6,18:24 mayyyybe its not that bad that you don't have a driving licence and don't partake in the traffic :),2025-01-30T19:39:00Z,0,0
UgxpfEk-rF3t04Cwfft4AaABAg,@Big_Country_67,Huge Nostalgia trip bout to take place,2025-01-30T19:37:51Z,0,0
UgyFgxHzRmB79-EdsSd4AaABAg,@decade2385,i clicked on this INSTANTLY,2025-01-30T19:37:24Z,0,0
Ugyc7wqFzo3DlFmUXVp4AaABAg,@anish_ved,TOP OF THE MORNIN TO YA LADIES 🗣️,2025-01-30T19:33:32Z,0,0
UgxKT4sr4t6shnHPKTd4AaABAg,@Memelord5628,"Fun fact, you can adjust the strength and duration of the Turbo Pad! If you set it at max it go VROOOM",2025-01-30T19:33:13Z,0,0
UgyESqdnY1_rCkQnF5N4AaABAg,@ZykonIGuess,You're as beautiful as the day I lost you,2025-01-30T19:29:04Z,0,0
Ugym346MYvrJGmfBR7x4AaABAg,@Raven-tv5gu,im pretty sure you can make the boost pads stronger,2025-01-30T19:28:00Z,0,0
UgzMSgwv4k2591_XJUl4AaABAg,@zippersnstitches9009,Aand life is better again,2025-01-30T19:25:33Z,0,0
UgzY0StbM-6xjLiUR2F4AaABAg,@IKaMiKaZ,Simulacra 3 is out jack 🌚,2025-01-30T19:22:28Z,0,0
Ugy0c-G457_4Qxxg1m14AaABAg,@r4t.crisis,"the first video i saw on your channel was the turbo dismount video, a few days after it came oout even!",2025-01-30T19:20:11Z,0,0
UgyTmXj-pamqBWnI39F4AaABAg,@Purpleslug420,We want the old intro back 😭,2025-01-30T19:19:46Z,0,0
UgzBbbxHOmq9SUrSv1B4AaABAg,@swoomyswoom3455,I grew up on this series,2025-01-30T19:18:30Z,1,0
Ugw1YPeDg0aPSmvUQCZ4AaABAg,@Sharpkamp,Ngl i changed the picture quality to high rez before jack said that this was his first game you could highten to 60 😂😂😂,2025-01-30T19:15:52Z,0,0
UgzkhKmuZ9G-_8dIQdt4AaABAg,@Shabrone,For some reason my playback was on 2x I was so confused on my jack was dancing so fast and not taking no time at all to breath,2025-01-30T19:15:30Z,0,0
Ugy_afZAc9qViwx07V54AaABAg,@arpyomato8442,yes I loved your turbo dismount series! what a grate time it was.,2025-01-30T19:11:13Z,0,0
UgzTOWj_ImLnvets9Ol4AaABAg,@michaelwright8760,man did this bring back the mems,2025-01-30T19:02:04Z,0,0
Ugxzv23hx1nzN7pbd_F4AaABAg,@tlxdman,this might be the best comeback ever!,2025-01-30T18:55:01Z,0,0
UgzJIJWfH1oQjwhcXZN4AaABAg,@blueberryboi7768,OH MY GOD I USED TO BINGE WATCH TURBO DISMOUNT WHEN I WAS LITTLE,2025-01-30T18:54:54Z,1,0
Ugw9aIcIVKqU1YW82LN4AaABAg,@Gurmudgin,"Jack…. Playing… Turbo Dismount….

I…. Well there’s only one thing I really can say. SPEEEEEEEED IS KEEEEEEEEEEEEEEEEEEEEEEEEYYYYYYYYYYYYYYYYYYYYYYY!!!!!!!!!!!!",2025-01-30T18:50:36Z,0,0
UgyMIccTTl2EX234XRZ4AaABAg,@TrendKill369,"always thought it was ""Pink"" Lightning???",2025-01-30T18:47:37Z,0,0
Ugw_SLQJGzIBGIjWGox4AaABAg,@creatureswithoutwings,"Oh my god when did Sean get grey hair? I mean he rocks it, but god I feel old",2025-01-30T18:44:31Z,0,0
UgxgYLFHJUb_MqJ6aIJ4AaABAg,@miscellaneousmayhem8623,One minute I’m on the road lookin at the booshes. Next minute I’m in the booshes looking at the road. 😂😂,2025-01-30T18:43:01Z,0,0
UgwdwKhGaxDUV_mscrp4AaABAg,@Stticks,Pink lighting is back!!!!!,2025-01-30T18:35:40Z,0,0
Ugxp_qG32jE3CIusCLh4AaABAg,@tjgaming3247,I remember when Jack made a video with his friend playing the first one,2025-01-30T18:35:18Z,0,0
Ugxuena0vRl2PNiu_754AaABAg,@adamdevine2462,Never thought I’d see the day when turbo dismount would be back! 🎉🎉,2025-01-30T18:29:37Z,0,0
UgzugOW8TkbkPdlHJB14AaABAg,@Arcanumh,"Man I miss the early 2010s, they were the cringe days but they were the happy days too",2025-01-30T18:26:28Z,0,0
UgyRGYS_xgrx1fNWcFd4AaABAg,@chadthundacawk3143,The honored one has returned,2025-01-30T18:25:41Z,0,0
UgxfPMe1aDAFKG18xnx4AaABAg,@Xeunei,SEÁN! POPPY PLAYTIME CHAPTER 4 IS OUT! GOOOO PLAY IT,2025-01-30T18:22:58Z,0,0
UgxWGEGQwrFFSIzvsAx4AaABAg,@Bearacha,So much NOSTALGIA!!!!,2025-01-30T18:15:55Z,0,0
UgxRSaQGZzMDaVfgi0R4AaABAg,@rexlimit104,Who was that famous turbo dismount user,2025-01-30T18:15:13Z,1,0
UgyY-yfKbrwC0hwE9FR4AaABAg,@rexlimit104,Who was that one guy who made videos inside of turbo dismount and he was famous,2025-01-30T18:14:26Z,1,0
UgweYcfRcoYvXNaTPkt4AaABAg,@sammylammyboy,Yo!!!!!! This what I needed.,2025-01-30T18:12:59Z,0,0
UgwYa5V7ctXV5oZ8N094AaABAg,@AdaBow10,My goodness this video takes me back to your Turbo Dismount videos Jack! I had a huge grin when you introduced Pink Lightning and Sasquach. So nostalgic 😄,2025-01-30T18:09:21Z,0,0
UgxeGofvPV2v_H8Ujst4AaABAg,@kyriakoshourtsidis1161,"most nostalgic feeling ever, coming back home from elementary and discovering jack through dismount",2025-01-30T18:01:18Z,10,0
UgxrKTy_l57gETeqRKd4AaABAg,@PopExtra,Omg turbo dismount was my favorite game i had on my schol ipad when i was like 10,2025-01-30T17:59:58Z,0,0
Ugxuf8cJz7H6QgWqDLR4AaABAg,@keei677,This was absolutely hilarious. I wish this video was longer. Had me in tears,2025-01-30T17:51:54Z,0,0
Ugy5NBzQLXUk9FaTBVZ4AaABAg,@stefanspelt3578,"Imagine getting to play this game on the Nintendo Switch, for Mii Support.",2025-01-30T17:49:55Z,0,0
UgxaAf5K_-MyWV_nl-p4AaABAg,@Tastywaffle2008,Part 2 when?,2025-01-30T17:47:22Z,0,0
Ugx94eEP6VVo3SBfQaN4AaABAg,@felkrosis8703,"a long awaited sequel, a hero born anew",2025-01-30T17:40:27Z,0,0
UgwL3Q3TiPXCjrnbjN14AaABAg,@RainStorm22,MY CHILDHOOD. ITS BACK.,2025-01-30T17:39:02Z,0,0
UgyO9q0if9mKoI2vwsV4AaABAg,@VirtualVandal,This was the game of my childhood. I’m so glad that I caught this video.,2025-01-30T17:33:55Z,0,0
Ugw3klNKoRZMfhSr4-F4AaABAg,@TheCronicum,Welcome back,2025-01-30T17:33:09Z,0,0
Ugzto2mp_bPDC8qMhc94AaABAg,@josiah1454,That’s a name I haven’t heard in a while,2025-01-30T17:28:56Z,0,0
Ugw1q8Im0U8KG8iPMMZ4AaABAg,@morganisnotonline,"you all don’t realize how this just saved my life. the old intro, OHHHHHHHH PINK LIGHTIN, this is going to single handedly be my saving video",2025-01-30T17:26:58Z,0,0
Ugyd23RzkEZFnTpX5w54AaABAg,@pip00,Welcome back to 2014 folks!! Get your mp3 player with your limewire copy of Party Rock Anthem out and let’s PARTY BAYBEE,2025-01-30T17:25:46Z,0,0
UgwfqANT-9o32tu4hYN4AaABAg,@ieatcrayons-oi9ye,He boogie down at beginning hey hey I remember you back then,2025-01-30T17:21:46Z,0,0
Ugwus-niVzR_jtrskb94AaABAg,@sirfancy3876,Crazy how we come full circle. I FOUND your account through Dismount/Turbo Dismount. Absolutely wild,2025-01-30T17:21:44Z,0,0
Ugx_vaJ_9874BvcKtdx4AaABAg,@driftermm223,"Yo jack, poppy playtime chapter 4 is out",2025-01-30T17:19:55Z,0,0
UgycZCg-IG3z1q5c5Ah4AaABAg,@trentfotios7483,had to watch this in honor of my highschool years,2025-01-30T17:14:41Z,0,0
Ugyx3yQxiMmA0G5qpAl4AaABAg,@craigory6503,23:24 *LeDorean,2025-01-30T17:02:23Z,3,0
UgxO_GYUZ8UOcFhZMqx4AaABAg,@SUPERSMASHTV1,20:32 Snowplough,2025-01-30T16:58:05Z,0,0
UgxeGXD17zmqJae8--N4AaABAg,@sandmanyasi,Holy shit the memories that just came flooding back.,2025-01-30T16:57:13Z,0,0
UgweBUbdqhyFIicW3c94AaABAg,@This___channeldiscontinued,"FUCK YEAH, PEAK!",2025-01-30T16:56:34Z,1,0
UgxggbHN4qKyFrae7hp4AaABAg,@bengrimm5935,"24:32 

Jack and that copium lol",2025-01-30T16:56:26Z,0,0
UgwpBgF1Xc97k4w1u0t4AaABAg,@alfierobinson6281,We need the hat back for this one baby!,2025-01-30T16:55:51Z,0,0
UgzciK-OZBOIRpUXBV94AaABAg,@CrazyKob3617,Welcome Back 2014 Jackseticeye,2025-01-30T16:55:22Z,0,0
UgzkLwkdvmnnYxkYGmd4AaABAg,@mnkn4496,"Am going to cry
That was the first video I saw of you 
😢😢😢😢😂😂😂😂❤❤❤❤❤❤❤❤❤❤❤❤❤❤❤❤",2025-01-30T16:53:42Z,0,0
UgzsplsiNteR4BofxZt4AaABAg,@darksmilyface,This takes me back. W Jacksepticeye,2025-01-30T16:52:57Z,0,0
Ugwb8zA4eGoRbRjs5Up4AaABAg,@TheJxR,This makes me so happy.,2025-01-30T16:43:16Z,0,0
UgzftQTXTPaDTa-v_qB4AaABAg,@bxxtrr,"OWWWWWWW… PINK LLLLIGHTNING!! said it with you like I did when I was 10 a decade ago. I remember your happy wheels vids, playthroughs and turbo dismount really making me smile in a bad situation. Much love",2025-01-30T16:43:08Z,0,0
UgxFOsWjRKqbuv5qP_B4AaABAg,@graysoncameron2274,Jack PLEAAASEEEEE play ROCK OF AGES 3,2025-01-30T16:39:03Z,0,0
UgxaGfHcbLeb4U5otNx4AaABAg,@asteampunkwolf2302,"back in 2014, I would get home from school and watch Jacks turbo dismount. Now I get home from work to do the same",2025-01-30T16:36:36Z,0,0
Ugx6-CqvjK4xHJHfBrl4AaABAg,@donkey2340,"I love the energy in this video so damn much, this brings me back",2025-01-30T16:36:01Z,0,0
Ugz8nCBDRLSKseyP6S94AaABAg,@madeuinheavan108,That intro brought me back to those days with the blue texts on the thumbnails 😭😭 TICKY BOOOMB,2025-01-30T16:35:33Z,0,0
UgznRIyAOhifOj-K1rJ4AaABAg,@Thunderrrrrrrrrrrrrrrrrrrrrrr,We are so back,2025-01-30T16:35:22Z,0,0
UgwPdXnzfsiUJclc5iV4AaABAg,@namtsur,the old intro always hits me right in the nostalgia feels,2025-01-30T16:33:22Z,0,0
Ugyb1Fn5cf-OnUGszrB4AaABAg,@hattrickgames7395,someone get on it and make more snowplow levels like snowplow hell 2.0,2025-01-30T16:31:21Z,0,0
Ugz6C65dChmXZ11f-b14AaABAg,@camoleap,14:32 “you may have heard these words before but I’ll Teach you what they REALLY MEAN! GO BEYOND! SPEEEEEDDDD IS KEEEEYYYYYY!!!!!!!!”,2025-01-30T16:29:31Z,2,0
UgzHje3OG8wMjHfoaiJ4AaABAg,@freedykruzo00,This game and happy wheels is how I found out about you,2025-01-30T16:27:12Z,0,0
UgyVmtySONlHxg63ml54AaABAg,@guguigugu,21:45 IN THE FACE,2025-01-30T16:23:59Z,0,0
UgwBrbUVPNFgLXFUAGR4AaABAg,@cobbington773,Ahhhhhhhhhhh the nostalgia,2025-01-30T16:21:13Z,0,0
UgxYbV6g-T5CRaG04DR4AaABAg,@Scozzy_23,"Gosh I remember watching you play this, beamng drive, sumotori dreams, goat simulator. You are the reason i still love videogames so much",2025-01-30T16:20:45Z,0,0
Ugzm9X3hJASlIQIqBCx4AaABAg,@hattrickgames7395,no way this game is back lol I am so happy now,2025-01-30T16:20:00Z,0,1
UgxDvBU2i-X3jK5dFFd4AaABAg,@OneEyedFellow,Can you play homiciper it's a dark romance game were you are a human girl trapped in a different world with some strange individuals,2025-01-30T16:18:12Z,0,0
Ugwh3iBC51dcrCvtbCp4AaABAg,@rvkjreren9773,Now we jsut need another sumotori dreams and we're golden,2025-01-30T16:14:44Z,0,0
UgxGuhjoO4-Btv0YXkl4AaABAg,@Henry_R74,That little kid that’s still stuck in my brain took and auto clicked on this video,2025-01-30T16:14:12Z,0,0
UgzUlPvYkQ9jYJ75aKh4AaABAg,@izaya_orihara_3904,"You need faces for everyone  now, like mark, Bob & wade THE CAT BB",2025-01-30T16:12:48Z,0,0
UgxpyAbkpKCI8O0iJ3V4AaABAg,@Cogito4242,Oh this brings back memories. I’m so fucking old dude,2025-01-30T16:12:14Z,0,0
UgyI88AmAFQJA-KetGh4AaABAg,@xxunpunxx,peak has returned to planet earth,2025-01-30T16:10:16Z,0,0
UgzkIWk2rohTZ0GyVC54AaABAg,@tristansteele8026,Bro we only got one speed is key. It wasn’t even a SPEEEED IS KEEEYYYY,2025-01-30T16:08:58Z,0,0
UgxMYkbxoFN4Eesq20t4AaABAg,@StefanL00,He has returned!!!!!!!!!!!,2025-01-30T16:07:55Z,0,0
UgzUywTzBsblsBoKuex4AaABAg,@solo-den5090,This just brought me back to middle school,2025-01-30T16:03:01Z,0,0
UgwvDuijWNpPOKtZ_0h4AaABAg,@doofusboy7054,11:26 Don’t you mean… TO FUCKIN VICTORY TOWN,2025-01-30T15:59:10Z,0,0
UgwM_5PaEqzmQ6nnmMN4AaABAg,@ripasriper,never thought this would happen,2025-01-30T15:59:06Z,0,0
UgyYYqFqL07cju8DJ414AaABAg,@eshi31,"This made my day. Thank you so much, Jack!",2025-01-30T15:59:01Z,0,0
UgyqQShDKGo8AFNF17t4AaABAg,@geekeeney4295,We are so back frfr🎉,2025-01-30T15:55:48Z,0,0
UgwJnFjeDBVccU0G77l4AaABAg,@norawoke,"back to my childhood, man. this hit right.",2025-01-30T15:55:01Z,0,0
UgyuIEdPWrzIkpR0yRJ4AaABAg,@katlyndobransky2419,Ok who let 2014 Jack out of the basement,2025-01-30T15:53:19Z,0,0
UgxOKDmsPoxxbW8_qnJ4AaABAg,@tacoman6697,Max Not-Stoppin,2025-01-30T15:52:50Z,0,0
Ugx2NNLJaWV-1LIZQh54AaABAg,@KageKaan,YEEEESSSS I LOVED THIS,2025-01-30T15:52:23Z,0,0
UgyHFLZYc4DI9n_12gx4AaABAg,@englishcrab,the first vid i watch from yours is the turbo dismount vid,2025-01-30T15:48:17Z,0,0
UgwMu30CoJcFpJjdmLV4AaABAg,@referral69,this is all i needed,2025-01-30T15:48:06Z,0,0
UgwDnJVZceip6rFk-Qt4AaABAg,@Capitalpercapita-ft8ol,jack should play lobotomy corporation again,2025-01-30T15:45:22Z,0,0
UgwOIOo61wbQM_tJ9nZ4AaABAg,@Fan-imator1,I need to see more of this this is just the original Turbo Dismount but for a modern era and I love it,2025-01-30T15:40:43Z,0,0
Ugzh8Uk0p0cbaIKJnu94AaABAg,@autumnhyenahyde,"I was literally JUST watching Markiplier's old TD videos, what a coincidence!",2025-01-30T15:40:40Z,0,0
UgwPBLj6azV1AUGTwnZ4AaABAg,@Andyrew59,Holy shit,2025-01-30T15:40:01Z,0,0
UgwmudcrUUFgF1fwLut4AaABAg,@alixandramorozov3955,I remember why 11-12 year old me enjoyed these videos again :D,2025-01-30T15:32:48Z,0,0
UgyOSVB1XFsXgYbyMxt4AaABAg,@1kyinn,i could shed a tear,2025-01-30T15:26:57Z,0,0
UgwtZ5aYN0I6G3so6vt4AaABAg,@LemonsAndALime,OMG WE INDEED ARE SO BACK,2025-01-30T15:26:21Z,0,0
UgwQckHeVOAdsyS-EZ54AaABAg,@Flake_e,why the fuck is this game so funny i love it if u give more of this i ll love it lmaooo,2025-01-30T15:23:51Z,0,0
Ugz2OECb1GfUVi9uXpJ4AaABAg,@Titana_Snowlight,wait a DAMN minute jack is back?,2025-01-30T15:22:13Z,0,0
UgwZsG-j5X4fkfs-bT54AaABAg,@MarvusLoveBites,This pimpslap make back to teenagehood hearing big lightning again,2025-01-30T15:20:42Z,0,0
UgxKZIeuA1aw4LVd79l4AaABAg,@12378dnn,The editor not knowing pink lightning makes my heart sad,2025-01-30T15:15:01Z,0,0
UgxqHYSIE_AIviV-VXR4AaABAg,@TEAbag330,Omg the memories of when he played the first one,2025-01-30T15:14:04Z,0,0
UgyNzw_EiR4QDmfsH2d4AaABAg,@TacticalNandu,"Man, I've got a big smile on my face with that intro, felt like going back in time 10 years. Same energy as always, right when I needed it. You're the best, man!
Ps. The grey hair looks great on you, glad you decided to let it come out ❤️",2025-01-30T15:12:06Z,0,0
Ugx3YdfWA27cTPoVkex4AaABAg,@saladatt8516,You forgot to put on a flatcap pal!,2025-01-30T15:11:20Z,0,0
UgyI8ek5xnc8wFRQPcl4AaABAg,@connork.2131,this is my childhood in front of my eyes,2025-01-30T15:07:13Z,0,0
Ugz3RlJQmmNtRtF0PsJ4AaABAg,@my_name_is_dende,"Hearing ""OOOOOHHH! BIG LIGHTNING!"" triggered so many childhood memories 😂",2025-01-30T15:07:00Z,0,0
UgxrA40D4zYkNRSirAB4AaABAg,@1nternetStranger,TURBO DISMOUNT??? ITS BEEN YEARS,2025-01-30T15:07:00Z,1,0
Ugwoy7kzn7aEv4JeeVR4AaABAg,@Zerobrainiac,"I feel so happy right now, its insane",2025-01-30T15:04:21Z,1,0
Ugz5k-xQ5okz0cCU8pJ4AaABAg,@adamballard5586,Where did he get his Bloodborne hunter statue from? 😭,2025-01-30T15:03:12Z,0,0
Ugxm9EmrtgwG08I7Mt94AaABAg,@sweetseremine,why did i get recommended this after so many years of nothing??,2025-01-30T15:02:10Z,0,0
Ugywyx9ta2uTHYel3t54AaABAg,@neonmole9453,The world needs this,2025-01-30T15:00:32Z,0,0
UgwF-23FHiFMyBdvu_54AaABAg,@RainbowTheSnail,You should play In Sound Mind🌸💗🌸,2025-01-30T14:51:34Z,1,0
UgyGHFhr90NMt5k7g6x4AaABAg,@RainbowTheSnail,You should play Maize. 🌽 It is a really odd funny game that you would absolutely love 🪷🌸💗🌸🪷,2025-01-30T14:51:23Z,1,0
UgzXx_TOfvva1pxFJdh4AaABAg,@sanjiot4204,We’re so fuckin back 🤠🤠🤠🤠,2025-01-30T14:50:29Z,0,0
Ugx0eiDI406JAgre-DF4AaABAg,@xeno8149,Aw hearing Pink Lightning and Squatch again was so nice. I first started watching with those Turbo Dismount videos.,2025-01-30T14:42:12Z,1,0
UgzE-Cb5P3UD9ASkKOB4AaABAg,@DerLordKaiser,is it me or Jack is growing white hair??,2025-01-30T14:41:21Z,0,0
UgypDRFz_dQmY_CGbkl4AaABAg,@SdKfz-gq8bh,man this brings me back to the good old days,2025-01-30T14:40:21Z,0,0
UgzlT9hDBwP0SctqHWR4AaABAg,@andreasjohansson8641,GOOOOOO Pink Lightning. So happy to finally see more turbo dismount,2025-01-30T14:38:53Z,0,0
Ugz778oO91cHLz0sv814AaABAg,@greeneyedcatto,day 1 of asking jack to play Until Then by polychroma. hope he sees this,2025-01-30T14:38:31Z,0,0
UgyMC8Ga5miTqWOXMr54AaABAg,@RainyDayTrainTracks,"Somehow, watching Turbo Dismount when I was in school made me sleepy, so I would get home and put it on to take a nap to. 😂 No better lullaby than 2014 Jacksepticeye yelling I guess!",2025-01-30T14:35:21Z,0,0
UgxrgOM8VHxUL3t66oh4AaABAg,@formerlyknownasmenacingpotato,THE GOAT HAS RETURNED WITH NOSTALGIA 😭🗣️🔥,2025-01-30T14:30:01Z,0,0
UgwOYlFyJIPYVd71SJ54AaABAg,@CozyCrusader,"In a world filled with chaos, you are a static never changing space of comfort I love more than words can express. Thank you.",2025-01-30T14:27:44Z,0,0
Ugz8vB6QMbrWmt6S4Kt4AaABAg,@Troy407,You should try the cabin factory,2025-01-30T14:26:22Z,0,0
Ugy0nxW7CASGegvxIeV4AaABAg,@avideoeditor7895,THERES A SECOND ONE?!?!?,2025-01-30T14:26:06Z,0,0
Ugxn-CH0AzqUxrvtMhh4AaABAg,@odsts6658,When the world needed him most he Returns because speed is fucking KEY!!!!,2025-01-30T14:24:36Z,0,0
Ugw2_2rLJdKwCTr2T0l4AaABAg,@Papyru23,Nature is healing,2025-01-30T14:23:28Z,0,0
Ugxv1NlDysr7y_ugeu14AaABAg,@probably_a_fan,20:30 the curse of the snowplows are back,2025-01-30T14:19:38Z,0,0
UgyE_ibksheRbNldNfd4AaABAg,@GreyGhoul420,we are so back.,2025-01-30T14:17:19Z,0,0
Ugy0CFTIvGiB5pcw8jZ4AaABAg,@johnwalsh3396,"""I haven't heard that name in many many years""",2025-01-30T14:16:42Z,0,0
Ugy3R9baGpJJGFLwXyZ4AaABAg,@HeyHeyAllieJ,THERE'S A SEQUEL NOW,2025-01-30T14:16:35Z,0,0
UgyWKGkTSKHCSx7unvF4AaABAg,@pedrell_vanalcocero,Does he really have white hair due to age or is he just tinted? 😢😢,2025-01-30T14:15:57Z,1,0
UgzcuAv6H6sbPwYzNsl4AaABAg,@egirl371,I was just rewatching your OG Turbo Dismount series 😭 I cannot WAIT!!,2025-01-30T14:14:24Z,0,0
Ugyfld4_BG4G6Ycmw9l4AaABAg,@Ozaryk,5:34 - Is that MeatheadMilitia in the front middle seat (and other seats)?,2025-01-30T14:13:18Z,3,0
UgxUBqHISSFXte-6J9V4AaABAg,@Trubb1shh,It's like I'm in 6th grade all over again,2025-01-30T14:12:24Z,0,0
UgwCiWFJ7rnmEOERilh4AaABAg,@churd9258,"Okay. I'm sorry. I haven't watched Jacksepticeye in a few years and even after all that time i still hear the ""top of the morning my laddies my name is Jacksepticeye, my name is Jacksepticeye, my name is Jacksepticeye Jacksepticeye jack jack jack, all the way!"" 😂",2025-01-30T14:10:56Z,0,0
Ugybs97Xf4f0yiZQpfd4AaABAg,@TitaniusAnglesmith,I've regressed to my high school days. Time to sit at the kitchen table and eat microwaved cheese sandwiches for 2 hours straight,2025-01-30T14:10:02Z,0,0
Ugzcaq7gQYjSnd1NETx4AaABAg,@originalname9191,dang i havent watched jack in like forever and i remember watching him and all the youtubers playing that,2025-01-30T14:08:51Z,0,0
UgyzM0kWNHcLIb3XNnl4AaABAg,@hammerfell5727,the nostalgia is real,2025-01-30T14:07:47Z,0,0
UgytcbaP4B-eT3CgVvZ4AaABAg,@dwarvenmoray,Holy shit...,2025-01-30T14:07:23Z,0,0
Ugzv6XA58N15dRPB5cp4AaABAg,@Onyx_BoxerYT,the memory's and the childhood I had watching the original was great to see it come back is even better Thank you so much Jacksepticeye for being a childhood hero for many many years and many more to come,2025-01-30T14:05:23Z,0,0
UgzPrw5xu8joDe3OvGF4AaABAg,@FreyaFjords,"Man, I used to cry laughing with my friends watching you playing turbo dismount in like 2014. So this is a fun throwback",2025-01-30T14:04:17Z,0,0
UgwNsfGVdGRgCLrG1814AaABAg,@a_random_jonny6424,Can't wait for 500 episodes of this,2025-01-30T14:02:44Z,0,0
UgxRqWjnfr5SL9sfWGB4AaABAg,@WhiteMothDante,Yo jack u still got that old hat u used to wear in your old videos. Be nice to see you wear it again especially for old comebacks like this,2025-01-30T14:01:40Z,0,0
UgwIugQCs3F6RL50Kl14AaABAg,@theunofficialpepsiking,"Aye Jacky boy, I be 21 years old this year and I still be enjoying your good classic content and your new videos being uploaded! You never fail to make me laugh brother! Keep up the awesome content",2025-01-30T13:57:55Z,0,0
UgzPfrt99rc2soXHLml4AaABAg,@CertifiedProductions1,no way they actually made a new one holy shit,2025-01-30T13:56:21Z,0,0
UgwMMeU7tP908-_VNwd4AaABAg,@sparkz260,The OGs remember back when the turbo dismount 1 series was running.,2025-01-30T13:55:40Z,0,0
UgxN4gwk3KCqV4Jx0t94AaABAg,@shadowxxe,Would just like to say you (among others) were my childhood. I remember making videos on my shitty toshiba laptop when I was 9 years old trying to emulate you and your content. those were some of the best years of my life and there's not an ammount of money in this world I would trade those memories for.,2025-01-30T13:52:07Z,0,0
Ugw4YYiEIFIP02Gf08R4AaABAg,@david-mw8ov,"Why does he have grey hair, he is OLD, bro is getting OLD, literal skibidi ohio moment.",2025-01-30T13:51:54Z,0,0
UgwZDKdEZ9cF4ZT5fS94AaABAg,@Vawxel,"Oh baby, it feels like I’m back in the glory days",2025-01-30T13:43:52Z,0,0
UgxQLm5i6-qZYGx1VVF4AaABAg,@entityfoundYT,"Jack everything you upload is cringe, you uploaded cringe yesterday.",2025-01-30T13:42:53Z,1,0
Ugzq_XGsKtiUu16zSlZ4AaABAg,@comicscratchergd,"Holy shit, we're going back to the golden ages of youtube content... this is it... ❤",2025-01-30T13:38:08Z,0,0
Ugx3LfOzRKr-JJS2lx94AaABAg,@howeser44,Oh man. Memory lane,2025-01-30T13:34:38Z,0,0
UgwM3_byFUxMruWxapB4AaABAg,@renkop6238,NO WAY HELL YES BACK TO MY CHILDHOOD,2025-01-30T13:33:19Z,0,0
UgxAI_y05OBpBI483AN4AaABAg,@josephjones1524,"It's pink lightning, the editor doesn't remember 😢",2025-01-30T13:32:53Z,0,0
UgywBQY53zKW1Nv1EUd4AaABAg,@mrcow8382,The intro 🥲pure beauty,2025-01-30T13:27:54Z,0,0
UgwR999Nrf_hq14W0214AaABAg,@TheUnoriginalOriginal-1,What the Nostalgia!?!,2025-01-30T13:16:34Z,0,0
Ugz8rdFsMUa3V6L3vjx4AaABAg,@devildon924,"Man hanging on back of car (in Russian accent) ""our funeral",2025-01-30T13:13:57Z,0,0
UgxFgLSs-2HSRgjoY_V4AaABAg,@f.b.i.3380,26:00 even the background music hits me in the feels,2025-01-30T13:12:59Z,0,0
UgzNAEd1_4W0xW1VWMJ4AaABAg,@brezzybee9559,Is this the New Happy Wheels?,2025-01-30T13:10:38Z,0,0
Ugx29UAVLJa9hoBvN5J4AaABAg,@Snowethefox133,"10:52 ""the _fhuck_ is this thing?""",2025-01-30T13:09:13Z,0,0
Ugw2tvCCYyr11eP99014AaABAg,@djanyb7274,"Jacksepticeye: Turbo Dismount Was Like Most Video Games Fun And Good Content And When We Faced The End Of The Series I Wanted Something More.
Game Creators: A Sequel
Jacksepticeye: And What I Predicted Came To Pass. 
Hopefully you get this reference",2025-01-30T13:06:56Z,0,0
UgxHNcrTNjMm-bxYYr14AaABAg,@Levi-ix5es,my eyes popped out of my head seeing this video pop up,2025-01-30T13:01:47Z,0,0
UgwFfYeAgIVCnka1v8t4AaABAg,@imp_03,"remember watching turbo dismount back in the day, came from school as a 6 yro, just to watch jack! brings back great memories.",2025-01-30T12:59:10Z,0,0
Ugxhu38BI4XI_RbbZR94AaABAg,@lwoodproductions,"Your editor got it wrong, it is not BIG LIGHTNING it is PINK LIGHTNING, but otherwise he did a great job and the video was great ❤",2025-01-30T12:57:33Z,0,0
Ugzu60dTbNvpGJCvd_R4AaABAg,@Snowethefox133,0:10 we are SO back,2025-01-30T12:56:36Z,0,0
Ugwpzm9vVkPxGuIQXL94AaABAg,@Snowethefox133,"the intro put me into a brief state of shock
I did a double take cuz I thought I accidentally tapped an _old_ video but nope",2025-01-30T12:56:07Z,0,0
UgyiW-ACaOoGgbQ6TOt4AaABAg,@Pawer8,Yay some not horror game,2025-01-30T12:55:18Z,0,0
Ugx9uYua0yzBef6dbIZ4AaABAg,@K28aaa,THERE A SECOND ONE?!!?!!!!,2025-01-30T12:51:28Z,0,0
UgwILKhfRxFcmlIgFFF4AaABAg,@bomberist,THIS IS WHAT I LIVE FOR,2025-01-30T12:39:12Z,1,0
UgwVY_HqKIAz-liEfdx4AaABAg,@weadeatr,i remember the first one i think i remember DanTDM playing too,2025-01-30T12:35:01Z,0,0
UgybXVSLfm-zLgOEtvR4AaABAg,@E_xodous,"I remember watching mark and jack play this back in the day, man...what a journey.",2025-01-30T12:17:17Z,2,0
UgwpOp2WB0OsuuxNs554AaABAg,@Daddydeadstroke,Wheres the old hat?,2025-01-30T11:53:04Z,0,0
Ugzdz_U0jXLejjl96XN4AaABAg,@Deleto.blue6447,You should do a revisit of night in the woods,2025-01-30T11:51:47Z,0,0
UgzUc-Jq4UwqEaVFwXZ4AaABAg,@spaceinvadersaw,The editing is so good,2025-01-30T11:48:15Z,0,0
Ugx3i_M02Sc7onDxnkJ4AaABAg,@danielpetrov8331,The Grey hairs  jack is old now 😢,2025-01-30T11:43:37Z,0,1
UgwprM_mh6LWoHnW9uJ4AaABAg,@Holdoftaborandbeatsaber,Go back to rec room,2025-01-30T11:43:23Z,1,0
Ugwz-q_C7gLHU88kYJN4AaABAg,@SuperSilver7591,"0:47 ""big"" lightning is cursed its PINK LIGHTNING",2025-01-30T11:43:23Z,0,0
UgzjPs_p7EXLGvVfZet4AaABAg,@potatosalad3655,We are back,2025-01-30T11:24:43Z,0,0
UgyiYb5Mo_xejf2pltB4AaABAg,@brightknot,Is this a dream? Am i in heaven?,2025-01-30T11:15:46Z,0,0
UgzM1IaNcYnJaITLtzR4AaABAg,@MooseDog3,"The history of postcodes is a fascinating tale of how societies have organized and streamlined the process of mail delivery. The need for postcodes began with the rapid urbanization and growth of cities in the 19th and early 20th centuries, which made it increasingly difficult for postal workers to efficiently deliver mail without a system of organization.

In the early days of postal services, letters were often sorted by hand and delivered to specific towns or districts, but as cities grew larger and more densely populated, the system began to strain under the pressure. By the late 1800s, large cities like London and New York City were facing significant delays and confusion in their mail deliveries. In the UK, the solution came in 1857 when the first experimental postal district system was introduced in London. The city was divided into districts, each with its own identifying number, which helped to streamline deliveries. This marked the beginning of the concept of geographic postal zones, even though the term “postcode” hadn’t been coined yet.

However, the widespread adoption of postcodes didn’t happen until the mid-20th century. The first real ""postcode"" system was introduced in the United Kingdom in 1959. It was called the ""Postal Code"" and was created to help the Royal Mail handle the growing volume of mail more efficiently. Initially, it was only used for large towns and cities, but it soon expanded to cover all of the UK, with each postcode consisting of letters and numbers that identified specific areas, streets, or even individual buildings. The system allowed sorting machines to quickly and accurately direct mail to the right locations, speeding up deliveries and reducing errors.

In the United States, the system came a bit later. The ZIP code was introduced in 1963 by the United States Postal Service (USPS) to improve the efficiency of mail delivery. ZIP stood for “Zone Improvement Plan,” and the five-digit code was designed to eliminate ambiguity by identifying the precise delivery area. This helped reduce delays and confusion in sorting, and in 1983, the ZIP+4 system was introduced, adding four extra digits to further narrow down specific addresses, businesses, or apartment complexes.

Today, postcodes are an integral part of daily life, not only for the post office but also for services like navigation, e-commerce, and location-based technology. What started as a way to organize mail delivery has evolved into a crucial tool for everything from finding a house to tracking packages. They continue to serve the same purpose they were originally designed for: improving accuracy and efficiency in communication and logistics.",2025-01-30T11:14:51Z,1,0
Ugy6Xgrygq7rkwPNEtd4AaABAg,@MarlowPitman,I used to watch your turbo dismount series when I was sick and off of school and now I'm working full time which is weird as f*ck it's great to have grown up with you being my childhood and now my adulthood thank you for the wonderfulness you bring to the world!,2025-01-30T11:04:51Z,0,0
UgwZojrBW_1H1nEnmwt4AaABAg,@Nullbound,2025 just started and it's already the best year,2025-01-30T11:02:36Z,0,0
UgxfhohEhk2Smv_GMGd4AaABAg,@Elliotsturtplus250,7:54 well clearly it stopped itself,2025-01-30T11:00:05Z,0,0
UgzIfaedTWrVe30TFW94AaABAg,@yuuyweew50010,Just watched a grey hair sprout when I saw this in my recommended,2025-01-30T10:57:58Z,0,0
UgwhcIQ2VdKWHC7uPWV4AaABAg,@story.tellerzFR,this why he my comfort youtuber,2025-01-30T10:56:15Z,0,0
UgwhQN-zcNO8NAgfK-t4AaABAg,@JisraelCaringal,I really wish you play until then,2025-01-30T10:55:46Z,0,0
Ugy6d1zkm2lFbzVDcDV4AaABAg,@claredoesstuff6428,"Who is your editor Sean? They depicted Pink Lightning as ""Big Lightning"" How could they?",2025-01-30T10:54:06Z,0,0
UgxapuvS-qgncvnhCe94AaABAg,@znacoda6222,"The first videos that got me into watching you Jack were the Turbo Dismount Series, BeamNG Series and of course... HAPPPPPPYYY WHEEEELS :DD Its brought a very welcomed smile to my face, thank you so much for everything <3",2025-01-30T10:52:42Z,0,0
UgxTljgBXMzjkMPkhfN4AaABAg,@gashstillplaysteehee2762,"Please accept Jesus Christ, He died to save us",2025-01-30T10:49:28Z,0,0
UgwZnO4uibXhL_8D1Y14AaABAg,@owlleader2014,You need to bring back the jacksepticeye hat for turbo dismount,2025-01-30T10:48:31Z,0,0
Ugz8Iu9eMEY4W_k5oH54AaABAg,@CarnotaurusEnjoyer,"hi jack, i used to play turbo dismount when it first came out and you videos were amazing. im autistic too here, and im so excited about turbo dismount 2. thank you for your videos making my days so much better.",2025-01-30T10:35:59Z,0,0
Ugzc-DzF92z8IPyXhOV4AaABAg,@perbrandt8772,The snowplows are back.,2025-01-30T10:33:10Z,0,0
Ugwn8pScSzvonsC5erZ4AaABAg,@Mr.Mayonnais0,This entire game is probably based off of Amazon's same day delivery.,2025-01-30T10:28:56Z,0,0
Ugw86XHigv7h8KV57954AaABAg,@noise_pollution58,Holy fuck the title alone gave me so many flashbacks,2025-01-30T10:21:33Z,0,0
UgwXamwcSNgMQCWTPKp4AaABAg,@jenkathefridge3933,"Day 1129 wanting Jack to continue:observer, soma,outerwilds, dark souls 2 and sekiro.",2025-01-30T10:16:57Z,1,0
Ugyl72dzyzIFST39anx4AaABAg,@desmondyung,"I started watching Jack because of Turbo Dismount, and the game is back!",2025-01-30T10:10:54Z,0,0
Ugx4MQSgRFPcqgY0ZPp4AaABAg,@blastthecrimsonfury9644,Jack you going to play doom the dark ages when it comes out on may 15,2025-01-30T10:04:19Z,0,0
UgyubFgAX1yVZcaUxuR4AaABAg,@C0ffeeMan2020,He said the thing! Huzzah!,2025-01-30T09:45:15Z,0,0
UgzdzUGZYzx4cdWQj4d4AaABAg,@HappyMatt12345,"""NOTHING STOPS THE SQUATCH!!!"" (the squatch proceeds to self destruct at the starting line)",2025-01-30T09:42:40Z,0,0
Ugx6CS2WaL4WlqTOXCF4AaABAg,@Karxan,Back indeed yes is 😂😂😂,2025-01-30T09:42:18Z,0,0
UgybUBonZUuIIYCz6yp4AaABAg,@SerialDesignationA-13,"“Oh baby lap one around the corner you are amazing” gets hit “your a piece of shit” 

That hit hard with pretty much everything in my life",2025-01-30T09:42:17Z,0,0
UgzIWOv8gVlpGS7bvDZ4AaABAg,@Charlottemcloughlin3160,"20:03 I can’t believe he said “SPEED IS KEY!” 😮🤩😱

LETS GO!

Speed is key!",2025-01-30T09:29:47Z,0,0
UgxdtUH3tDnLnkdKIbx4AaABAg,@UntouchableReflex,THIS SHIT MEAN SOMETHING TO MEEEEEEE,2025-01-30T09:28:49Z,0,0
UgxKiK8rICRFfCD-z7V4AaABAg,@Gust_The_Man,Its like im back in 4th grade again,2025-01-30T09:25:30Z,1,0
UgyfOgsK48c3gEpLuSV4AaABAg,@xhinmaranan212,HOLY COW TURBO DISMOUNT 2 NEW WILD,2025-01-30T09:20:40Z,0,0
UgzurhnW5aJHy_SoVDF4AaABAg,@volcanicknight5594,Holy shit this is amazing I remember watching you play The original turbo dismount it was amazing.,2025-01-30T09:18:46Z,1,0
UgwhGi9MdNhm37oZEAt4AaABAg,@anthonyjohn1451,Will this be a app for mobile devices🙏 like iPhone 16,2025-01-30T09:11:36Z,0,0
UgyHC55TkpLY35imZex4AaABAg,@crossfire2045,"I didn't even know a second turbo dismount released or was even planned. Also, I missed the high five. It feels like I haven't heard in in ages.",2025-01-30T09:10:06Z,0,0
Ugzkqo4qwrGowtoDYzR4AaABAg,@Supperdude9,">Jack has grey hair
>I have grey hair

Oh man Jack why you doing this to me.",2025-01-30T09:08:08Z,2,0
UgxiGn_7YLfaNdTlj614AaABAg,@serenacide,you cannot be saying ass out for harambe in 2025,2025-01-30T09:05:27Z,0,0
UgxeCuTXn4mOrGnDyRN4AaABAg,@Charlottemcloughlin3160,I’m glad he’s playing the game after 10 years,2025-01-30T09:04:41Z,0,0
UgywnGWSk_Kz-kxtZ2F4AaABAg,@27Mersi,Bro I use to be 12 years old… now I’m 22,2025-01-30T09:03:43Z,0,0
UgyYaXI45PZAVprNBtF4AaABAg,@real_masterbuildermd,"This brought back some VERY old memories, such a nice breath of fresh air now that this franchise returns",2025-01-30T08:57:20Z,0,0
UgyMJeKeDRDcohf2wh94AaABAg,@greyifer,Could be just that you’re using your camera for your facecam on obs and so it doesn’t let you use live face,2025-01-30T08:51:47Z,0,0
UgzkBepLQ4Aqk-VCUvR4AaABAg,@EmoFlow420,"Man, I love you Jack 😂",2025-01-30T08:50:06Z,0,0
UgwH1AypMMR0uPykVtJ4AaABAg,@stickdav6484,OH YESS THR NOSTALGIA ITS COMIN IN MEEE,2025-01-30T08:46:24Z,0,0
Ugx3aILjjbFyM5iktUZ4AaABAg,@Bladblazerr,Damnn this made me feel old tho,2025-01-30T08:43:41Z,0,0
UgymxoQqptwbNYv3Kd54AaABAg,@Nozal,Oh man thé nostalgia hits hard,2025-01-30T08:37:24Z,0,0
UgwN5LAxKzIbrPggqUp4AaABAg,@Masaim6,Most of classical music is old enough to have gone to public domain ages ago.,2025-01-30T08:34:36Z,0,0
Ugw5BFBLJyRyb1jxUBl4AaABAg,@Shnadu40k,Jack I have not visited your channel since 2018🙏 glad to be back here,2025-01-30T08:33:43Z,0,0
UgxvYoUiZY5Zl0-sYXx4AaABAg,@NeoGamer2881,I remember watching the original playthrough on my 2ds when i was in 6th-7th grade. Seeing the new gameplay makes me bring back memories,2025-01-30T08:33:34Z,0,0
UgzvAFGA7fcOR0dRyBN4AaABAg,@StocktonFan123,Oh my gosh are we back,2025-01-30T08:32:23Z,0,0
UgwDHPBL0Lnb0ljgksV4AaABAg,@xoxo6308,you can make the boost pad stronger can you not?,2025-01-30T08:23:01Z,0,0
UgwjVVvl9ZG-a6mFrdt4AaABAg,@KraylebStudios,They made a sequel... oh my god i cannot believe it,2025-01-30T08:20:40Z,0,0
UgyXd9G9kdgJI2y7Od54AaABAg,@joshuabullington5697,My god the legend is back😁😁😁,2025-01-30T08:20:39Z,0,0
UgxCBvJ9s_Lon5tN43F4AaABAg,@JakubS,"I love this, more like this please",2025-01-30T08:17:07Z,0,0
UgwdUqP97ZC30BxszUR4AaABAg,@HuwaWolther,Jack mentioning Max Verstappen was not on my bingo card,2025-01-30T08:12:50Z,0,0
Ugyk4Qbp4tDj8fGKWEd4AaABAg,@commenter24,"Speed is, and always has been, key.",2025-01-30T08:10:46Z,1,0
UgxjSpMRsZ6g8t5knPp4AaABAg,@Grimdarkloco,Only real mfs remeber turbo dismout,2025-01-30T08:07:07Z,0,0
UgzXWIbrIKiMb-84w5R4AaABAg,@PerriD0t426,the original turbo dismount was the first series i ever watch from you it’s crazy there’s a new one,2025-01-30T08:04:51Z,0,0
UgxEqFftdc2PNr_GWsF4AaABAg,@visyrlreaction,"Oh my god dude, my childhood just came flowing back to me. Love you Jack!!!",2025-01-30T08:01:34Z,0,0
UgxIcyKaXeL2xI1xGNl4AaABAg,@Akira-fg5pc,😂 don't really know what to say except wow this takes me back😅,2025-01-30T08:00:41Z,0,0
UgxbRWJAiFKOa9BqDEB4AaABAg,@davidxsaiyanmui3481,"""OWWWWW PINK LIGHTNIIIIIIN!"" Lets gooooo! It's been so long! 😂",2025-01-30T08:00:31Z,0,0
Ugw366Z2nFscfYr2opB4AaABAg,@MarioHernandez-ef8ye,"The amount of joy I got from seeing this is insane 😂😂 loved and still love these vids, now and as I was growing up!!!!",2025-01-30T07:59:17Z,0,0
Ugx0d77-VlDPwSXEpH14AaABAg,@TheSenseiShadow,"Now we need Markiplier to upload on this, and we're back to 2014!",2025-01-30T07:56:04Z,0,0
UgyATIX-wXocZWn-TmB4AaABAg,@TechyCr,Please!!!! Use first person more 🙏🙏🙏,2025-01-30T07:55:32Z,0,0
UgwtG3-TrVULADQTMTN4AaABAg,@justinealand7447,"22:36 ""It's the car! The car is the problem.""
22:54 ""Okay, so the ramp is the problem.""
24:31 ""Y'know, it's the fuckin' level! It's the level, it's just stupid--""

Mans almost had it right the first time and changed literally everything about his approach, except for the COMPLETELY UNNECESSARY OBSTACLE which he placed DIRECTLY IN THE WAY of his objective. My brother in Christ, YOU ARE THE PROBLEM! 😂",2025-01-30T07:47:03Z,0,0
Ugxu87wIrkzZ1qROFOx4AaABAg,@_Dark_Phant0m_,Still waiting on the day sumotori dreams makes its comeback,2025-01-30T07:46:59Z,0,0
Ugzp1zVFTF5uwa5ouux4AaABAg,@GhPieBoss117,"I came back to it I had to watch this twice, and its OBVIOUS I wasn't the only person waiting years for this video from the views count",2025-01-30T07:43:56Z,1,0
UgwjjTTjUpCW53zy6n14AaABAg,@davidch4067,Now this is what im looking for.,2025-01-30T07:41:42Z,0,0
UgwzN9lNmYQRo150D3Z4AaABAg,@sobekolsen4046,Love this shit haha! 😂😂,2025-01-30T07:34:47Z,0,0
UgyFHV7l2-zlZOWKi_B4AaABAg,@s_baby5076,Dawg I just got hit with an absolute wave of nostalgia. Used to watch this series on my 3ds after school 😭,2025-01-30T07:33:01Z,18,1
UgyJhXgQgBC7Jg3kFzl4AaABAg,@flaregaming7002,Holy crap they made a second one i miss this game so worth the wait,2025-01-30T07:31:56Z,0,0
UgwE9EBX5zcBNjKDdxR4AaABAg,@vinniehill959,I remember being a lil jit watching this shit… I don’t like being an adult dude😭😭,2025-01-30T07:28:16Z,0,0
UgwzR8eeGasoce7BtIN4AaABAg,@captaincookie72,It's such a good sequel you don't even realize its been 10 years.,2025-01-30T07:25:30Z,0,0
UgxsY6SSTDd_Nwc9bix4AaABAg,@matthewmartinez9835,Holy fucking shit,2025-01-30T07:24:21Z,0,0
Ugw7vd1gdiWZ40Eu95N4AaABAg,@Chl03p0ps,Day one of asking Jack to wishlist the game Lily’s World XD on steam so he can play it on release,2025-01-30T07:21:06Z,0,0
UgxiWzoKGiZKHh1widx4AaABAg,@deadgoa7419,What a blast from the past🥲🥲🥲,2025-01-30T07:20:42Z,0,0
UgwJXMxBlA_ovxH5MTR4AaABAg,@werewolfman186,"jack you know who you gotta make mrs dismount, also pls put in BB",2025-01-30T07:16:03Z,0,0
UgybVDtUgL2lpmfAmzl4AaABAg,@spe-notapopularytbersus1237,PEAK COMEDY HAS RETURNED,2025-01-30T07:15:37Z,0,0
Ugzxwg5-E8Xgud3mxEB4AaABAg,@fearrizer708,What would've filled me up with more nostalgia if he had done the old intro,2025-01-30T07:13:05Z,0,0
UgyufsQiR1Z9y_ioRSZ4AaABAg,@Subieghost,Dude he has over 18 subscribers,2025-01-30T07:11:22Z,0,0
UgzedS8115H61p04C3F4AaABAg,@tannercarroll05,Holy i loved this game I completely forgot about this classic!,2025-01-30T07:10:14Z,1,0
UgzKQV7G35z57b1e5Gp4AaABAg,@guapp40,i paused everything i was doing when i saw this. i literally grew up on 2014 jack,2025-01-30T07:08:36Z,0,0
UgyhgMPI9Aslmjz5RyV4AaABAg,@robbobb4050,there a good like 29 million of you that werent around when bro was playing turbo dismount way back when,2025-01-30T06:58:20Z,0,0
Ugzic7Ec7J2NV3bm0xN4AaABAg,@johnnybritish5102,Honestly so nice seeing you play this again it's cos turbo dismount is how I found your channel,2025-01-30T06:52:22Z,0,0
UgwoYtqsL5rGaoDN1gl4AaABAg,@justarandomperson.-.4562,All of the good old memories am I right.,2025-01-30T06:44:59Z,0,0
UgwOekB0neaTgwZpHTx4AaABAg,@trenchgunnah5570,"Remember boys, SPEED IS KEYYYYYYY",2025-01-30T06:43:45Z,0,0
Ugxgwivw-3hyq2x3Pfl4AaABAg,@VendettaGenxcide,nature is healing itself 😭😭😭😭😭🖤,2025-01-30T06:40:44Z,0,0
UgwK_ifwVNB1zeUgQkp4AaABAg,@Animegamer0320,We r just missing the green hair,2025-01-30T06:35:18Z,0,0
UgweikjIO-73Yis5Tdx4AaABAg,@BapoBoompa,It feels strangely... I'm not sure how to describe seeing a mellowed out yet equally loud jack but I'd be lying if i said i dont like it.,2025-01-30T06:30:01Z,0,0
UgzGZNQ4yEkacw_vJlt4AaABAg,@ByNowYouKnow,"Man, this just brought me back some nostalgia. I remember watching these YouTube videos when I was 11 years old during the original series I used to wait to come home off of school and get straight to watching the turbo dismount and bmng drive videos or whatever you had at the time it’s because of Jacksepticeye that I got a PC and I’m now trying to start making YouTube videos soon. Thanks for giving me amazing YouTube videos to watch as soon as I got home from school.",2025-01-30T06:22:24Z,0,0
UgyVgft_BoRBwcCpzyZ4AaABAg,@Bananaman74799,Holy hell the memories,2025-01-30T06:21:17Z,1,0
Ugwxjz04BQRPaDNad1t4AaABAg,@DrPsych-id1dw,you should try beamng again,2025-01-30T06:20:14Z,0,0
UgxDOl8fCNuPMmliJ4F4AaABAg,@JoJiX,10 years is crazy,2025-01-30T06:20:07Z,1,0
Ugwp45HIxxRrMCm1TyN4AaABAg,@polodmolo1029,How in the fuck did we get turbo dismount 2 came put before gta6 WHAT,2025-01-30T06:19:55Z,0,0
UgywbaC-XPVSGunTZXt4AaABAg,@ChillyCharizard,You have no idea how happy hearing the old intro made me just now! 😭,2025-01-30T06:17:54Z,0,0
UgykKg85wE8MjO7tR-Z4AaABAg,@benjaminmaher8896,Wow this feels like going 11 years back holy molly,2025-01-30T05:50:47Z,0,0
Ugy6VnrRy1zA3Qul3SB4AaABAg,@d.sadster5684,"The smile I had throughout the entire video 😭 I cannot express how happy this made me!! 
I remember TD was one of the first series I watched along with Bully, god I feel old
Thank you Jackie Boy!
SPEED IS KEY!!!!!",2025-01-30T05:46:24Z,0,0
UgxN5MT-E5gBp12zW8R4AaABAg,@Goatmey,"Hey Jack, can you play Ori and the Will of the Wisps, please? I really enjoyed watching you play the first game 🙏",2025-01-30T05:42:00Z,1,0
Ugyv1Xn2E432J4pisnd4AaABAg,@fatdxddy9526,1:49 next ep we need the hat😂😂😂,2025-01-30T05:38:37Z,0,0
UgyD0HR0mKQcLeb5umh4AaABAg,@fatdxddy9526,0:13 the feels😂😂,2025-01-30T05:36:03Z,0,0
Ugw4KJcqz-4V8zkuM9h4AaABAg,@thewinterprince1731,"Woo!  Turbo Dismount is back!  Meanwhile, you teased Pink Lightning and then never actually used it again after that first attempt. XD",2025-01-30T05:23:32Z,1,0
UgzbRyBEFSB4aiio6J14AaABAg,@Joshi_the_Yoshi,WAIT THERE'S A SEQUEL?!,2025-01-30T05:23:13Z,0,0
Ugwp1guLWTBAtmylWBN4AaABAg,@jacktroll19,To think I'd see turbo dismount and my favorite YouTuber again.,2025-01-30T05:21:39Z,0,0
UgzkGr484B__bvj10794AaABAg,@jimbo_jambo69,"I know you don't like it when you try to replicate your old content Sean, but this brought me back to when I was a wee lad. thanks❤",2025-01-30T05:17:04Z,0,0
UgxA-XAt4DOUFvmHPzB4AaABAg,@phantomknightencounterist,"In the words of peter Griffin ""NO FREAKING WAY""",2025-01-30T05:16:40Z,0,0
Ugxj3OHmeLQjtuBW2Kl4AaABAg,@Skullsoversins,OMMGEEEEE I COULDNT BELIEVE MY EYES WHEN I SEEN THE TITLE!!!!! ❤😆😆,2025-01-30T05:16:28Z,0,0
UgygWm-SnkGK5OIqHcd4AaABAg,@robertcaughell2658,Man your original turbo dismount series is how I found your channel. I didn't even know they were working on a sequel,2025-01-30T05:13:41Z,0,0
Ugyx5axrnSKQY9biSRN4AaABAg,@daintierfoil2071,i love you jack so glad to see you bring back the games from the good old days,2025-01-30T05:10:55Z,0,0
UgyNBVqhrV7FtQklBD14AaABAg,@benjamim8046,0:44 when the editor doesent know the legend of the Pink Lighting :(,2025-01-30T05:10:15Z,0,0
UgwhBo16Bf06WrOO3RV4AaABAg,@jessehowton2146,Thanks man. It’s been a good birthday. Just enjoying the time with the Mrs.,2025-01-30T05:09:16Z,0,0
UgxmLE3H_I_OEZ5-miN4AaABAg,@Bananaman74799,THE INTRO,2025-01-30T05:08:47Z,2,0
UgyCR5QgvNZAve9GacR4AaABAg,@Blu_The_QueenHoneyBee,7:52 was so hype for half a second lmao 😂,2025-01-30T05:06:15Z,0,0
UgxUu7ZMnOtkDBHH5Hx4AaABAg,@FlareStriker,Jack and Turbo Dismount?! I am so there!,2025-01-30T05:05:07Z,0,0
UgwGcKP24EJ6APHg4_N4AaABAg,@scythelucifer2483,"I need him to go back and play cluster truck again, weirdly enough it's my favorite series",2025-01-30T05:03:17Z,0,0
UgzHlvY5F_xyLI97pUB4AaABAg,@Killafrxst,THE OHHHHHHH PINK LIGHTNING THE memories 😢,2025-01-30T04:48:18Z,0,0
UgzIj0fAM5-P5EX1vz94AaABAg,@Bluebeetle2008,Time is a helluva thing,2025-01-30T04:37:29Z,0,0
UgzlJyPs7zvuKN4vT2V4AaABAg,@emilysnow464,"Oh the memories I just got of watching you play the original! 💚 Turbo Dismount, Happy Wheels, and Kerbal Space Program were some of my favorite games you played in early days.💚",2025-01-30T04:25:04Z,0,0
UgwjrAaGqrm1BHtSd014AaABAg,@thonyrey1558,7:42 My guy pulled a cod. Last second grab of something before dying from a fall,2025-01-30T04:22:00Z,0,0
Ugy83PnucGj-G4I_wYd4AaABAg,@JeepinBoon,"I'm an old man too now, still watching onna my favorites play updates to our old games.",2025-01-30T04:21:31Z,0,0
Ugz9l90MIwMui6QO7ZV4AaABAg,@ridog00,YESS finally a Jacksepticeye video i can sit down and eat to rather than book half of my day for!!,2025-01-30T04:17:38Z,0,0
Ugx9b5s7Tst86RiU95V4AaABAg,@saleeragibson2574,Would you consider revisiting “Visage “?,2025-01-30T04:08:10Z,1,0
UgyydfZquOTJhFlTbMZ4AaABAg,@bishopgoff6021,0:48 i could swear it was pink lightning,2025-01-30T04:07:23Z,0,0
Ugx9IEMB6G2888oPs1p4AaABAg,@LunarAbyss12,I haven't open this channel in years. No way I get welcomed back with this!? We truly are back!,2025-01-30T04:05:52Z,0,0
Ugyt5kk-yHtHAz9ak0x4AaABAg,@YounginInaZ,YouTube did good with this recommendation,2025-01-30T04:05:19Z,0,0
UgyT5YmDCtkWrkJR6BV4AaABAg,@PabloZurita-yc3wz,WE ARE BACK!!,2025-01-30T04:02:39Z,0,0
Ugw4xttenNm06og11fJ4AaABAg,@Wivelege,Life is healing,2025-01-30T04:02:22Z,0,0
UgyBKDV43GU3QvloQg54AaABAg,@ethanhucknall5073,i can FEEL society coming back together as like it was before 2020,2025-01-30T04:01:29Z,0,0
UgyAi2Qtlqiu0ZS0Hmd4AaABAg,@SharpnelBoy,TURBO DISMOUNT IS BACK!!! YES!!!,2025-01-30T04:01:25Z,0,0
Ugx8hOmsaXG9CP8QBYx4AaABAg,@madbrown960,I think we need the Max Verstappen song but with bagpipes lol,2025-01-30T04:00:10Z,0,0
Ugy5z1n0rjfpZFfWkDF4AaABAg,@ItsXer0z,i need my token bird action,2025-01-30T03:57:01Z,0,0
UgwFQYZQIpyelynBnNl4AaABAg,@lloyd2253-GTR,"Bros editor messed up OHHHH PINK LIGHTNING, really bro…. “Big” lightning? Did you even watch old jack",2025-01-30T03:53:20Z,0,0
Ugw8A2adptweu8f7Ky94AaABAg,@lycancario,I was just a kid when i watched you play turbo dismount 1. The way my heart lit up when i saw this video on my feed.. and i was not disappointed. Great laughs all over again.,2025-01-30T03:48:14Z,0,0
UgzEHnnXmfHJt3fhd-t4AaABAg,@dreikov4505,"Funny story, it was Turbo dismount 1 the first video I saw of you.",2025-01-30T03:38:45Z,0,0
UgxLWLePek2iG5pDhK14AaABAg,@alaxsparkz359,The nostalgia trip is crazy right now. Haven’t watched for awhile but I knew I had to see this.,2025-01-30T03:38:35Z,0,0
UgyqYlbxo1LCxKvc4yd4AaABAg,@MCston3y,"are you gonna play subnautica 2? watching you play when i was younger was always fun to do actually inspired me to play the series so with  both watching you and playing the series (sometimes at the same time) it would be a bummer to not see you partake, though I am curious who you'd play with considering the co op being a requested and anticipated feature",2025-01-30T03:38:23Z,0,0
UgwQvw2K3qIZK8qpocJ4AaABAg,@MontgomeryClyde-nb5,that intro SLAPS!,2025-01-30T03:35:48Z,0,0
Ugw0mw1pQegKLjSRxXF4AaABAg,@finnasoos,my first jacksepticeye series was turbo dismount how happy this makes me is unimaginable,2025-01-30T03:35:25Z,0,0
Ugzsd1Fva9zW136ISM54AaABAg,@desire_lol3998,all of sudden i’m 9 years old again can’t believe how far this man has came mad respect to you bro 💯,2025-01-30T03:34:54Z,0,0
UgywUXADylQrq33BIYF4AaABAg,@trevorsizzle3705,This...this brings tears to my eyes.,2025-01-30T03:34:15Z,0,0
UgxJ9GAcYTqOwaivCaF4AaABAg,@EthanGreeman,When does this get released to iOS,2025-01-30T03:33:21Z,0,0
UgxfZ66IzrxpbdOrYK14AaABAg,@danesmii7y,Your original Turbo dismount videos from when I was a kid are the reason I'm here now,2025-01-30T03:22:23Z,1,0
UgyvrKzqkD_vfZDgCed4AaABAg,@randomgalexy,"Please play Dave the diver!!! Every time I play I think jack would just love this game, and it’s make such a fun series!",2025-01-30T03:20:21Z,0,0
Ugx3Nsx8jMu4llwPXOF4AaABAg,@BobMunchies,Day One of asking jacksepticeye to play Sekiro ❤️,2025-01-30T03:11:32Z,0,0
Ugz_rdX9-5UdFiS8YPB4AaABAg,@ItsZtv3,only sean could get over a million views on turbo dismount in 2025,2025-01-30T03:04:31Z,0,0
UgyvOHlwyYF6KSu1Wt14AaABAg,@cloaker1619,I only just remembered about turbo dismount like yesterday now we got this gem?,2025-01-30T02:58:45Z,0,0
UgycxtSvBeQlwjHwn-N4AaABAg,@AzanDylan36,Classic intro *bust*,2025-01-30T02:49:15Z,0,0
Ugz-gj2AcNG7Y8FCrFd4AaABAg,@upwindashley56,I haven't had this much fun watching one of your vids in a LONG time.  Thanks for bringing back Turbo Dismount!,2025-01-30T02:47:48Z,0,0
UgwKrTfE7XyV4vjWwB54AaABAg,@PacificPounding,"Dont cite the deep magic to me witch, i was there when it was written",2025-01-30T02:47:44Z,0,0
Ugx2_tMrnY5ka_pY2Z94AaABAg,@grimoireweissfan,Man I feel like I'm 14 watching this again. Brings back memories,2025-01-30T02:42:30Z,0,0
Ugy_z--rVNLZ8hLhYyJ4AaABAg,@expl0degaming298,HE DID THE THING! HE DID THE INTRO,2025-01-30T02:36:58Z,0,0
UgwV4zy8cwJFNWPOZi14AaABAg,@Agent719,Hell yeah! Best video I've watched today!,2025-01-30T02:36:02Z,0,0
UgwbNHxwHxo1mrTP3Eh4AaABAg,@MyaSooon,Oh my lord. I think I just unlocked a core memory.,2025-01-30T02:34:52Z,0,0
UgxTgVR2Mkqe7NeLdmh4AaABAg,@stale_meme_boi6159,"0:45 uh is this being edited by AI lmao, clearly said “pink lightning” not big",2025-01-30T02:33:08Z,0,0
UgxcLUJ_TYCJRKXFh054AaABAg,@meanchipguy2867,"Turbo dismount was one of the first series I ever watched on the channel, love that there's a sequel, and the resurgance of the excessive intro is PEAK!

SPEED IS KEY!",2025-01-30T02:31:11Z,4,0
UgyPHfMG8Jlb0P9LdxN4AaABAg,@karathetransfem,“It would appear several things have stopped the squash” best jack quote of 2025,2025-01-30T02:30:30Z,0,0
UgxP_IQHpy6SFnydfBZ4AaABAg,@TheRealDuckyDuck,"man, i remember back in 2014 when one kid commited un-alive and instead of conducting an investigation on the kid's home environment, they blamed it on turbo dismount (something about encouraging self-destructive behaviors) which they found that he had on his phone.

those were wack times",2025-01-30T02:24:19Z,0,0
Ugxof07I-E6mgSdkljx4AaABAg,@therandomguy1315,Yo can u colour grade ur hair green and reupload thanks,2025-01-30T02:22:50Z,0,0
UgzYDiaYYcW4D36F5DF4AaABAg,@zachumi7245,Omg this is what I missed jack,2025-01-30T02:22:35Z,0,0
UgxBk2ULUQ-lx4e1ITl4AaABAg,@Needlemouse1910,JACK!!!!!!!!!!!!!!!!!!!!! please make another series about this game agian AND MY LIFE IS YOURS,2025-01-30T02:20:54Z,0,0
UgwoTqV0tSe7L9G4Z1d4AaABAg,@drinkerofpaint,"Oh my GOD thats a throwback, my dad used to drop me off at like 6am at my uncles and id walk to school from there and i went through a period of playing this on my phone waiting for a reasonable time to start walking",2025-01-30T02:20:30Z,0,0
UgyYxt976rl-tfYTBKR4AaABAg,@samarinix,Seeing the words Turbo and dismount in the same sentence just made me feel 100 years older,2025-01-30T02:13:13Z,0,0
Ugx9jvMQ7QPdz1esy-J4AaABAg,@glitchtrap0944,Is that my childhood calling me home? Because man I will gladly come home,2025-01-30T02:09:33Z,0,0
UgwztYp8MpmYssbt_AR4AaABAg,@MLGSuperSonicGamer,bought this game immedietly the instant i found out about its existence,2025-01-30T02:07:28Z,0,0
Ugy8xtmthW47ht6tYe94AaABAg,@tylaorrice9986,Little Inferno has Christmas DLC,2025-01-30T02:04:49Z,0,0
Ugw2okms1VKxUoRcxnl4AaABAg,@hoodini5513,Turbo Dismount was one of my first videos i watched this bring back the memories,2025-01-30T01:53:25Z,0,0
UgxvHPAzzHij9dcoYeN4AaABAg,@quinten9024,More videos of this please 🙏🏻,2025-01-30T01:47:50Z,0,0
Ugzk7n2CLa9Ea0bQunZ4AaABAg,@alexpage2540,"If I don't hear a ""SPEEED IS KEYY"" my life will not be complete.",2025-01-30T01:47:08Z,0,0
UgxGtXFffxzvDcnVdxx4AaABAg,@HedgehogY2K,"This takes me back. Though, what's with the particles? Looks like the Sega Saturn struggling with transparency.",2025-01-30T01:46:40Z,0,0
Ugxnhbk6_J_WyCuiOB54AaABAg,@dounutman2728,jack… no high fives all round?😢,2025-01-30T01:37:26Z,0,0
Ugw4fZaa4OmQBtFQuYV4AaABAg,@AloneTheorist,"My mind was actually thinking while watching this: the bounce pad is called ""Spring Trap"" is he going to make a Fnaf joke/reference?😂😂",2025-01-30T01:35:02Z,0,0
Ugyd09MsNZc4dOLFaq54AaABAg,@lovesickboyz,Classic game here,2025-01-30T01:33:12Z,0,0
Ugzn9O0n1fnpouHQZal4AaABAg,@whalelord9641,"Okay, I remember when you played the first game in the series. So refreshing to see this!",2025-01-30T01:32:12Z,0,0
UgxLMnQRPo4tWEb8JPB4AaABAg,@Sebastiengornail2995,"Man I haven’t seen this game since 2015 , I’m happy it back",2025-01-30T01:29:30Z,0,0
UgzSdFr60mueG31tO4J4AaABAg,@ATOFOYCHANNELHOME,We got Jackcepticeye playing Turbo Dismount 2 before GTA6,2025-01-30T01:23:46Z,71,0
UgxSXU8F5dOHNm3Sk5t4AaABAg,@QuestionableGamer99,i feel soo old its great to bring back the good days of gaming right here,2025-01-30T01:22:54Z,0,0
Ugx5dveEDJl6SPXymk94AaABAg,@benzulmang1151,Bro time is warping what the frick,2025-01-30T01:16:50Z,0,0
Ugxpn1KPMvztttxfjZt4AaABAg,@timgladiator101,"My god I cant Believe it, My childhood has returned!!!!",2025-01-30T01:05:25Z,0,0
UgyNbZvQxSPzPBYWosR4AaABAg,@CelticFish0103,"I really needed a smile today, thanks for this 😂😁🥰",2025-01-30T00:59:45Z,0,0
UgzuQdOsLBlOkCkBIP54AaABAg,@celiasbenoit,WE'RE BACK🎉,2025-01-30T00:58:05Z,0,0
UgyjTAjQiIokyKFUxpp4AaABAg,@tallerlight9993,ohhh man we back baby like the good ol days,2025-01-30T00:54:58Z,0,0
UgzLaJRyMrRY2Oo8mqp4AaABAg,@cydoanik,this should've been the first jacksepticeye 4K HDR video to continue the tradition,2025-01-30T00:51:02Z,0,0
UgwfiADUyQMcF-EuvNN4AaABAg,@noelsnave9395,Broooo the top of the morning to ya is a classic,2025-01-30T00:48:14Z,0,0
UgyBcep6tII2E14QIvF4AaABAg,@That_Silly_Goosee,I’ve been watching jacksepticeye for 10 years?????,2025-01-30T00:46:24Z,0,0
UgzC6F_iNlHscMv4xuZ4AaABAg,@animemusicandrap,"Jack, you should play miside",2025-01-30T00:39:23Z,0,0
Ugz8kxBK7QmzUZ-Jr-J4AaABAg,@verdatum,"Lookin' good, Jack-boy!",2025-01-30T00:38:58Z,0,0
UgwJoM1yTJm8CUC4UmB4AaABAg,@evelin63-s,it may be the lighting but he has gray hairs.,2025-01-30T00:38:54Z,0,0
UgyxLjoqcxJaufNGdop4AaABAg,@spicertune_music,10 years later!!,2025-01-30T00:31:36Z,0,0
Ugz43ooLx05TOrgMo1J4AaABAg,@GleeKB2525,"FYI, you know you can . I’m adjust the speed and duration of set turbo pads.",2025-01-30T00:30:22Z,1,0
Ugw9ZO5imi5YWGy8N_l4AaABAg,@tonywheezer,"I need that intro lol very nostalgic, its crazy how much a few words made my day better",2025-01-30T00:27:07Z,0,0
Ugwqgq5g4RmQiHBq-Kd4AaABAg,@JonTheGeek,"16:36
now THAT is how I remember Turbo Dismount.",2025-01-30T00:24:27Z,1,0
UgxKLxD5NFu5Mpi0YG54AaABAg,@preowndpancake160,what a throw back,2025-01-30T00:09:46Z,0,0
UgwAKBHZ_oxv_kmkWFl4AaABAg,@_CaptainJax_Games,Ahh the old Intro. Nostalgia!!! Love it,2025-01-30T00:08:03Z,0,0
UgzDtzuGEZ3MXd38lll4AaABAg,@skipperino2677,"ten years ago, i would come home from school and watch jack while doing my homework. now, i come home from school and watch jack while making my lesson materials for my students. some things never change",2025-01-30T00:06:23Z,0,0
UgxhO6CG3riKgInwvd54AaABAg,@benrosie4456,"I am immensely pleased that I said “Evil Knievel, babyyyy.” MOMENTS before my Jackaboy said it. What a good moment.",2025-01-30T00:04:17Z,0,0
UgymOsL1gYNvb_U2JT94AaABAg,@JonTheGeek,"Old intro, Turbo Dismount, PINK LIGHTNING?!?!?
WE ARE, IN FACT, BACK.",2025-01-30T00:02:55Z,0,0
UgzihWRwsQx9eQdQ5g94AaABAg,@pureirisheejit2532,"I cannot possibly describe how deeply the words, ""THE SQUATCH!!!"" resonated in the pit of my brain dedicated to pure euphoria, that I didn't know I still had. These series raised me more than school did.",2025-01-30T00:01:37Z,0,0
UgyNe2vzo0vzDU8m5Qp4AaABAg,@Meek2001,Fun fact: The way I found your channel was soo idiotic that I had to share basically my friend recommended that I watch Markiplier and so I did and after watching his Turbo Dismount videos he recommended your channel so I found you from a recommendation from a channel that my friend recommended me to watch,2025-01-29T23:59:44Z,0,0
UgxTjRlm_ywzXjhLP4Z4AaABAg,@void_burger,I remember that you were the first English youtuber that i ever saw and it was this game!,2025-01-29T23:58:39Z,0,0
UgzjPZeRn2kjFNKGchh4AaABAg,@briellemiller8356,Love to see this man be himself and have a good time :’),2025-01-29T23:53:56Z,0,0
UgzrhCF4kw015nhuml94AaABAg,@whyme9158,WE ARE SO BACK. I love Sean's now content now as much as I did then. But this hits nostalgia hard😊,2025-01-29T23:53:34Z,0,0
UgzcOwz9b0LB_hGEw894AaABAg,@Meek2001,0:45 I always thought you said pink lightning instead of big lightning,2025-01-29T23:51:43Z,0,0
UgyX6JJyaTpx7svidP54AaABAg,@andybob101,"Hey there, Sean! The amount of nastolgia this video brought upon me is crazy! On another note there is game called ""Shady Part of Me"" I just played through it and think youd really enjoy it!",2025-01-29T23:47:39Z,0,0
Ugw0k0SZtdIiZ43B8cJ4AaABAg,@dianafagetan6648,This game is all about physics.,2025-01-29T23:46:57Z,0,0
UgxvrJnvGKPD-zPvVNR4AaABAg,@paintedsmite3805,"At 13 years old, I was watching Jack play Turbo Dismount. At 20, I’m still watching Jack play Turbo dismount.",2025-01-29T23:37:45Z,0,0
UgxKToHzfe8aG_1EsmV4AaABAg,@DajJednego,"11:26 all the way, to fucking victory town 😂",2025-01-29T23:32:19Z,7,0
UgxLrFqCHfF_qlKIqel4AaABAg,@MOTHDADDY1,I LOVE TURBO DISHWASHER,2025-01-29T23:30:31Z,0,0
Ugxm0uMVTV10y1Yje594AaABAg,@aracelymunoz4101,"Speed is key,
This reminds ne of ol times",2025-01-29T23:30:26Z,0,0
Ugw_MpHbMVyGFRZYOAh4AaABAg,@jamafoe,OMGGGGSSSS THIS IS SO COOOOOLLLLLLLLLLL THANK YOU !!! ❤,2025-01-29T23:28:46Z,0,0
UgwalcNO017_mZ7V3pR4AaABAg,@XxSyclonxX,How long have I seen that fucking game for like it's been a decade since the first one that he played and others did too,2025-01-29T23:23:42Z,0,0
UgzALcAjOBkARNR9vop4AaABAg,@giggty-GOON,WHAAAT i watched the first episode of turbo dismount in 2014,2025-01-29T23:21:18Z,0,0
UgxCdKLgxEkhF9YXFEF4AaABAg,@Derek-tv5bc,And Remember Speed is Greater Than or EQUAL TO KEY!!!!!!!,2025-01-29T23:20:42Z,0,0
UgwPl9cZyVqlMejuhed4AaABAg,@thecausse,SHUT UP NOW WAY!!!!! My brain hurts this was the first video I ever favorited,2025-01-29T23:19:07Z,0,0
UgzVUznYMMnJR3eIhqB4AaABAg,@Ryderboycolor9,honestly i got turbo dismount 1 on steam like a month ago it was on sale and i saw the second one was gonna come out and that made me happy i remember watching jack and mark play this 12 years ago it was great i miss these days honestly and im so happy do watch and do it all again now as a adult,2025-01-29T23:15:38Z,1,0
UgymgjWF0CMGHWI1Ya54AaABAg,@HolyJoely,Steam Workshop is gonna have a Field Day with this game,2025-01-29T23:13:26Z,1,0
UgyozBRJa2a5ot_k84l4AaABAg,@Passon4Pastry,I REMEBER COMING FROM HOME SEEING THE FIRST GAME,2025-01-29T23:12:37Z,0,0
Ugzc-8JxDrwhLOsOBkl4AaABAg,@Alisha-qt5rm,"This takes me back, remember when yt didn't have adds 😔",2025-01-29T23:10:49Z,1,0
UgzInmmGRznhLAhXARF4AaABAg,@SarahIaha,I'm getting flashbacks when I was 9 again...,2025-01-29T23:04:09Z,0,0
Ugx95Vkl2lnZ3ExYR7N4AaABAg,@vinnylatoria4478,I don't wanna be rude but when did his hair get so gray?! seems like just last week he was smoldering toss boy?,2025-01-29T23:03:47Z,0,0
Ugwwdjwn5MQNe1oRPiV4AaABAg,@novawolfe7300,"Hey Jack, are you gonna play life is strange true colours or double exposure for the channel?",2025-01-29T23:03:14Z,0,0
UgwXIPBHaRLTDy4b-zF4AaABAg,@DisgaeaDragoon,MOAR Turbo Dismount 2!!!,2025-01-29T23:02:21Z,0,0
Ugx_MiIe451S2zV61h54AaABAg,@treeco262,Ur turbo dismount videos r literally what got me into ur channel,2025-01-29T22:58:54Z,0,0
UgxlpOU0c8ZJ9k_ppXh4AaABAg,@JollyRanchersGrandma,"Damn I'm giggling like an idiot watching this, like I was 13 again.",2025-01-29T22:55:37Z,0,0
UgybisXaH5gjCNCgzPF4AaABAg,@Xaos404,"Accroding to the youtube captions, you are Jack Z Guy now😅",2025-01-29T22:55:20Z,0,0
UgxRJHzQZHcDJteIalh4AaABAg,@RezaXGWB,He's so back,2025-01-29T22:52:29Z,0,0
UgwXd_8pufvNKwLywzZ4AaABAg,@C4RE_BEAR,omg i remember being 12 and watching you 🥺 you should make a video with caseoh! you guys would be super funny together and you both are great guys <3,2025-01-29T22:51:32Z,0,0
UgzGw0-kfb8RB3f8H1J4AaABAg,@firelord0822,memory's came back right away,2025-01-29T22:48:01Z,0,0
Ugxq8QCqtNRxqP3Cy5J4AaABAg,@OwOFinesse,You should play the old burnout games for some real good collisions,2025-01-29T22:45:42Z,0,0
Ugy26U34fFyELPT1ZI14AaABAg,@brittenhurst2,I hope he plays doom the dark ages,2025-01-29T22:43:54Z,0,0
UgzgMAukgi--jt5Rnct4AaABAg,@buurmanbh,"man im 21 years old rn, i remember waking up and seeing these vids be posted",2025-01-29T22:40:02Z,0,0
Ugx2kZJh4PeVMxkc6vF4AaABAg,@SMTBilly,Holy shit in so excited for this!,2025-01-29T22:36:23Z,0,0
UgzGUKsSkmJ1VKFWPS54AaABAg,@trvrbrdlyy,I hope Jacks neighbors are close enough to his house so that they just hear him yelling and screaming at like full volume all the time lmfao,2025-01-29T22:35:30Z,0,0
UgwvUqbyasZLXzYCHLV4AaABAg,@gretchen8100,"HEY JACK!!! You should play Contraband Police, it's basically Papers Please as a FPS action life sim ❤❤❤",2025-01-29T22:35:16Z,0,0
Ugw3l2pnkglDBwfaNHB4AaABAg,@Michael-bfflo,Eye already knew it,2025-01-29T22:33:20Z,0,0
UgzOiqFFYFJWtBQMh054AaABAg,@CaptainJG95,My Knees just cracked when I heard the intro,2025-01-29T22:32:54Z,0,0
UgzY9cLomvzXjJZl_YB4AaABAg,@slashaye3404,i think i have a tear in my eye,2025-01-29T22:32:14Z,0,0
UgyJ0qMu7EXnUyKzc3J4AaABAg,@Uncle_Death777,Peak has returned,2025-01-29T22:31:35Z,0,0
Ugz0JyRWuL8VKGrQmap4AaABAg,@dracoheart4122,0:45 ALL THIS TIME I THOUGHT IT WAS PINK LIGHTNING,2025-01-29T22:29:22Z,0,0
Ugw2zpA06kb75ObyNHx4AaABAg,@ankulok1096,Nice shirt 👍,2025-01-29T22:28:42Z,0,0
UgxiVvq62ON00CoUU-J4AaABAg,@wendy-db4ui,NOOOO WAY MY CHILDHOOD!! I have a picture of you playing happy wheels on my 3Ds back in 2014 😭😭😭,2025-01-29T22:28:08Z,0,0
Ugyi4wOFh7vQj7bWVdF4AaABAg,@Mad_Jester-y5h,It feels so good to see a classic to return.,2025-01-29T22:25:45Z,0,0
Ugx5_h52YpXzMD5U7I54AaABAg,@KideoFent,it wont be as popular,2025-01-29T22:24:07Z,0,0
Ugy1bpj9Ku83cSX_rEB4AaABAg,@hennycirno,A turbo dismount sequel was NOT on my bingo card this year,2025-01-29T22:23:41Z,0,0
Ugyyq_BuBLZMcOsMjjd4AaABAg,@DanielGroom21,Bro the nostalgia is so real 😢,2025-01-29T22:17:35Z,0,0
Ugwbq56xGpWPAAAEthZ4AaABAg,@escapingrosalina9351,Thank you so much for playing this i could t stop laughing,2025-01-29T22:16:33Z,0,0
UgygxwRcVlPSxvn1vZF4AaABAg,@BigSlimein,And the rest of the day to you Sean.,2025-01-29T22:15:24Z,0,0
UgyQxeqQ6LpoXe30wkN4AaABAg,@seabeast5360,Words cannot describe how happy I am right now,2025-01-29T22:14:55Z,0,0
Ugyte75ihhv12rJt2714AaABAg,@chadtheradlad558,can't believe 2014 was last year,2025-01-29T22:13:49Z,0,0
UgyuJ_gyw0nQFZFyE-d4AaABAg,@AshleyDale-y6h,"What I don't like is how this got on trending 

JUST because it's Jacksepticeye playing Turbo Dismount

But what I DO like

Is that it's Jacksepticeye playing Turbo Dismount",2025-01-29T22:11:50Z,0,0
Ugwr9VS86OuRZN1BAq14AaABAg,@cs_044,All that is missing is the 2014 flatcap and the wood slat wall background,2025-01-29T22:04:31Z,0,0
UgyfdDZ7EMyRyAHxIiR4AaABAg,@Crazyfox1455,O that intro. Its good to be back!,2025-01-29T22:04:15Z,0,0
UgzCD9WICjgX-gR5gEt4AaABAg,@unfortunateselection8489,It feels like we are transported back into the 2010’s hearing that classic “OHH PINK LIGHTNING”,2025-01-29T22:04:03Z,0,0
UgzUVsvy4iGILB2imSh4AaABAg,@Quinisnot_real,"""WE ARE SO BACK!"" - We say in unison",2025-01-29T22:00:09Z,0,0
Ugxzv72gRNhmDicE9BR4AaABAg,@Piitanko,"I first got into Jacksepticeye through the turbo dismount videos, but I was always irritated by the constant screaming, until I eventually got used to it, and by turning down the volume significantly, and the rest is history",2025-01-29T22:00:03Z,0,0
UgzMHih2qBUbHA_JpzZ4AaABAg,@Slayin_Z83,Truly love the OG intro 😁,2025-01-29T21:56:58Z,0,0
Ugwjk_8hnA6lMMN3dUR4AaABAg,@Slayin_Z83,Oh how much I HAVE MISSED THIS!!!,2025-01-29T21:56:36Z,0,0
UgxHZUmR0iD4uBk0l1t4AaABAg,@VAMP_HUSBAND,This video is so nostalgic! ^^,2025-01-29T21:55:34Z,0,0
UgwfOG59itVmIqRL8QJ4AaABAg,@Anton_Zlobin95,"We are getting out the depression with this one 😂 I still remember watching Markiplier, Sean playing those screaming their lungs off 😂 I wish prop hunt to be back too",2025-01-29T21:53:43Z,0,0
UgyRVWo7ciJYEP-xnXh4AaABAg,@Emc2103,No way they actually made a sequel,2025-01-29T21:52:43Z,0,0
UgyppbzAPXgRwmxjuWN4AaABAg,@merlijnbal221,Rly what sport do you kill then cuz max killed watching to formule 1 cuz he always won so it became to boring,2025-01-29T21:51:47Z,0,0
Ugzg0uHRlaGIRKWkaIR4AaABAg,@Frontierengineering-xm5en,OHHHHH PINK LIGHTNING. this is so good to see again and i hope you make more video's of this game,2025-01-29T21:46:55Z,0,0
UgxaoLEMB1S4EsPMsmV4AaABAg,@xtrathiccboi,PEAK IS BACK LETS FUCKING GOOOOOOOOOOO I started watching Jack with turbo dismount,2025-01-29T21:40:10Z,0,0
UgyezKdtTglUpBWbPtR4AaABAg,@B-STREAM,Reminds me of burnout revenge 🎉 glad Jack is back 🎉,2025-01-29T21:38:09Z,0,0
UgwGVhcDGCyaIAJlq2h4AaABAg,@masterjmp1,"God, my junior year of high-school is back... I love it!",2025-01-29T21:34:18Z,0,0
UgxZIkWbk6zsBwLqvep4AaABAg,@kairu-shorts,That intro aroused me as a long time jacksepticeye subscriber. I was watching videos when he first made them in that cabin when I was a boy and now I’m almost 20,2025-01-29T21:32:49Z,0,0
UgyxPFDBpbWlozPvruJ4AaABAg,@nfgwaka1343,It’s been a while Jack…,2025-01-29T21:28:06Z,0,0
Ugw-OskPvVzHjqAKqX14AaABAg,@fflodnaR,BRO JACK YOU NEED TO WHATCH THE SUBNAUTICA 2 TRAILER,2025-01-29T21:26:33Z,0,0
UgziuZiDKRRuRJkNs954AaABAg,@ronjad6424,"would you pls play the new 
Life Is Strange Double Dxposure?",2025-01-29T21:21:47Z,1,0
UgwTEX6ZfFL-tN4PQgF4AaABAg,@MadSwedishGamer,"Holy shit, never thought I'd be seeing this again.",2025-01-29T21:12:12Z,0,0
UgymJxl-_Ex3phsXqGN4AaABAg,@salmonella3009,"this just brought me back to when life was comfortable, thank you Jack 🫂",2025-01-29T21:10:55Z,0,0
Ugw6fjdWZT3_OPjFOvR4AaABAg,@Ibso786,PEAK!!!,2025-01-29T21:09:57Z,0,0
UgyLapHs10EQsZ6RPPB4AaABAg,@StMyca,We have a blue moon or something? lol,2025-01-29T21:09:23Z,0,0
UgwHmWDdAEYUzf9vfsF4AaABAg,@BindedCrow,Does this mean we can expect a Skate 4 video when it’s out Jacky boi?,2025-01-29T21:06:36Z,0,0
UgwnZQ8lIktVhPkuSfp4AaABAg,@kdoesthings12D3,"7:54
This is killing me 😂 i can't stop laughing
Edit:its been 8 minutes. My stomach hurts",2025-01-29T21:06:10Z,0,0
UgxiPcBko1x1blA4C-94AaABAg,@vercalosshow7098,"The very first video I’ve ever watch of yours was turbo dismount!! This bring me back to the good days!! Thanks for doing this, keep it up!",2025-01-29T21:04:21Z,2,0
UgxFeNVWqu_KfC30uEF4AaABAg,@_TheDoctor,Maybe the live face feature didnt work because the camera was already in use for recording?,2025-01-29T21:03:51Z,0,0
Ugz1lMoI2Dm0AyuNmYV4AaABAg,@pumpkin1537,"hi jack, i just wanted to say you are one of the only youtubers that speak about mental health that i enjoy and it just called to me. it felt like you were literally talking TO me. i’ve been watching you for a full DECADE since i was a kid and it still feels so much more normal to say jack rather than sean. i remember loving your skate 3 series. 

keep being you
live in life, die in death
-a long time fan",2025-01-29T21:01:43Z,90,0
UgynaYpehENzwhqNVAF4AaABAg,@XVI2073,is it bring yourself to work day?,2025-01-29T20:58:48Z,0,0
UgxH2GTEvoB-w1z657p4AaABAg,@dememeitized8048,"This was our brain rot, and it was glorious",2025-01-29T20:56:41Z,0,0
UgwL2_P8Zaolowv1FnN4AaABAg,@kdoesthings12D3,Oh my god the nostalgia,2025-01-29T20:56:21Z,0,0
UgzevuNW6u_7YPZT0fR4AaABAg,@Chokah,"NGL, was half expecting the hat to return as a bit of a gag.",2025-01-29T20:47:43Z,0,0
UgwmbkJD-k2Fhjjklzh4AaABAg,@SirCleric,"Ahhh, Turbo Dismount. The first ever Jacksepticeye content I watched. Glad to see it's back!",2025-01-29T20:47:26Z,0,0
Ugz1mwaOuVUUH-98NSd4AaABAg,@stardrago7908,irish thearphy,2025-01-29T20:43:28Z,0,0
UgzcDB3-JmP3_et-f9d4AaABAg,@brandonzacher5263,Jack dismounting till he turbos,2025-01-29T20:42:34Z,0,0
UgwxYRCPri2td0UXPiN4AaABAg,@JordanWhite-p8c,jacksepticeye. Please can you play poppy playtime chapter 4 ❤❤❤❤❤❤❤❤❤❤❤❤,2025-01-29T20:41:53Z,1,0
Ugx4At7N422OvLs7mgl4AaABAg,@eendman6416,You have to play the new skate game when it goes into open beta!!!!,2025-01-29T20:37:44Z,0,0
UgxspP6fGa11SAXvbK14AaABAg,@benspates8822,0:45 I swear am I going insane or is big lightning and pink lightning the newest Mandela effect,2025-01-29T20:31:44Z,0,0
Ugx7QX4X7z4gcyUVWxt4AaABAg,@TIMELESSWEEB,Do you still play games with markiplier?,2025-01-29T20:27:08Z,0,0
Ugw9gqLhA7vUXb-q0-h4AaABAg,@trickmaster5859,Please more of this!!!! I'm so happy your happy!!!❤🎉,2025-01-29T20:22:37Z,0,0
UgybHdloEkwivTAg-bF4AaABAg,@itz_phill7547,MY CHILDHOOD IS BACK,2025-01-29T20:21:29Z,0,0
UgwShWsBd-055XHJOkZ4AaABAg,@rossmurrayfam1568,This game should be online,2025-01-29T20:16:24Z,0,0
UgwjncC-5YQRVRtzjWd4AaABAg,@BellaxSebastian,No way there’s a 2!,2025-01-29T20:12:54Z,0,0
UgzbTQ2e6NyHQ4FViWZ4AaABAg,@miroo7736,"TOP OF THE MORNIN TO YA LADIES
Oh how much i have missed that sound",2025-01-29T20:10:29Z,0,0
UgxTphsuzL5q1f7jinx4AaABAg,@alexmodreanu2762,Big lighting? My Mandela effect was that it was called pink lightning because the tricycle was pink.,2025-01-29T20:10:13Z,0,0
UgzugI44UJI0MxpyiZJ4AaABAg,@shadow_commander-2003.,16:50 clever,2025-01-29T20:08:58Z,0,0
UgzDdoT50bw5P6PFyFx4AaABAg,@farronmain6718,ALL THE WAAY TO FUOOKING VICTORY TOWN!!! ALL THE WAY! TO spACCCEEE!!!,2025-01-29T20:04:52Z,0,0
Ugwm_h6Y9Kl-jorpa-94AaABAg,@Nighthawk-5,"THERE'S A SECOND !?!?!?!


... why cant i find turbo dismount on google play anymore.....",2025-01-29T20:02:05Z,0,0
Ugzlw8XLlGPQnOXOXmV4AaABAg,@BrianKlebe,The nostalgia in this video is insane,2025-01-29T20:01:49Z,0,0
UgwezhFyDwKnABzBeoZ4AaABAg,@ToastBoastOfficial,"I guess turbo dismount, is Jack in action",2025-01-29T20:01:22Z,0,0
UgwLg2pq0pB9RMw3iz14AaABAg,@Galactic-Orion,How old are you again jack?,2025-01-29T19:55:57Z,0,0
UgxFtj8LxnhyQk9gKz14AaABAg,@kathleenspeller5484,Omg the nostalgia. I remember remembering the og turbo dismount videos. 10 years ago? 👵👵,2025-01-29T19:52:29Z,0,0
UgzNPsrEGtzuzJvkCP14AaABAg,@CameronRLclips,Dude I was JUST thinking about this game the other day and couldn’t remember the name of it and now here it is 😂,2025-01-29T19:51:39Z,0,0
Ugyer8B_ebAc-y6UgeF4AaABAg,@cybirdgames5058,"0:00 - 0:11 perfect looping animation for anything. Gaming montages, Music memes, and memes in general.",2025-01-29T19:50:20Z,0,0
UgxmIug97bEujoUZ1FR4AaABAg,@sumbird290,What is happening to our timeline boys,2025-01-29T19:48:23Z,0,0
UgzVlwubRWcoHRe_b4d4AaABAg,@astedroid,"Ive never felt so much joy in one video, marvelous",2025-01-29T19:47:15Z,0,0
UgxVNCyX2rFF9i-zUjh4AaABAg,@willkirk1044,Youtube is healing ❤‍🩹,2025-01-29T19:45:42Z,0,0
UgwTS3533kzW7xGQ5fB4AaABAg,@transjacktion,been out of my antidepressants for over 2 weeks but who needs them now that 2014 jacksepticeye is back lets go babyyyyyy !,2025-01-29T19:45:21Z,0,0
UgxzZ_0WpwFlkicaomZ4AaABAg,@nightowlrally,"Man, come a long way since ""Whatcha Playin Jack"".",2025-01-29T19:44:49Z,0,0
UgyZ4UP5HZXBd1X9Jwl4AaABAg,@farronmain6718,some one please make an ALL THE WAY 2 song out of this! instant classic !!!!!!!!!!,2025-01-29T19:39:00Z,0,0
UgxqMtAO61N4MxI7urZ4AaABAg,@abyssater9177,Where have those years gone?,2025-01-29T19:38:22Z,0,0
UgzuYFHtHClQAnXAbDN4AaABAg,@Daemon_Zephyr14,"holy crap, I'm 15 again watching this :D",2025-01-29T19:36:46Z,0,0
Ugy8SHiOQaO00hbutf94AaABAg,@hidden_animator522,Man I needed this today,2025-01-29T19:36:11Z,0,0
Ugxn07bowMIXUa3hxuV4AaABAg,@ahmadpemberton5,We went ALL THE WAY with this one ogs only get this joke,2025-01-29T19:29:30Z,0,0
UgywHHpWyz-mn26avgV4AaABAg,@corruption123___3,"Bro, i just got slapped upside the head with nostalgia, im really happy about the video, but man, did that slap hurt.",2025-01-29T19:29:08Z,0,0
UgzjyYZYQ7YAJw6VwTt4AaABAg,@CaptainAHorna,You cheese wheel en dealing with the same boulder or a actual cheese wheel,2025-01-29T19:26:43Z,0,0
UgzXlmvJtt3lfPNOMmB4AaABAg,@hemlocksweetcandy,16:35 average day driving in the US,2025-01-29T19:24:02Z,1,0
UgyWJUts2f0cc3V791l4AaABAg,@BOSSATRONIO3975,This deserves way more views/likes 😭😭❤️❤️❤️,2025-01-29T19:19:17Z,0,0
UgxKXNTcC3HxCzFbX_d4AaABAg,@ImGrumpy,His hair is GREY! I WAS A KID AND NOW I AM AN ADULT AND HE IS EVEN MORE OF AN ADULT AHHH,2025-01-29T19:16:48Z,0,0
UgxPmoiOpvtO2aIzME94AaABAg,@theotakukaiser7892,I need that Vagabond shirt Sean,2025-01-29T19:16:17Z,0,0
Ugx5NdL3zKcjx88Mfhd4AaABAg,@robotront9039,"I did not even notice my tears of joy seeing Jack play Turbo Dismount again. Takes me back, takes me back...",2025-01-29T19:12:26Z,0,0
UgzJ4k2iV9Kr8TN7opF4AaABAg,@Nothavingastroke3,Snowplow hell remake when?,2025-01-29T19:10:18Z,0,0
Ugz2ZQHvMIDwCq7aR0F4AaABAg,@noahlaursen2854,"Oh my god, that slap just- slapped a bandaid over my heart-",2025-01-29T19:09:59Z,0,0
UgwgfAAE6rVVoPZ89ch4AaABAg,@ChefWilliams270,Yo I first found your channel when you did the original Turbo Dismount. It’s crazy to think how long ago that was 😂😂😂 and now like 11 years later I’m back watching you play Turbo Dismount 2😂😂😂,2025-01-29T19:09:12Z,0,0
UgwbbOILkRO1CuQ9sFB4AaABAg,@21Stephen12,“TOP OF THE MORNING TO YA!” ❤ love it 😊,2025-01-29T19:02:22Z,0,0
UgyKmqzRDcjC57P_V554AaABAg,@PuppetGorillaTag,jacksepticeye my goat,2025-01-29T19:01:32Z,0,0
Ugxg8BBvaZrVMi6M0cF4AaABAg,@fledbody9435,Jesus I remember watching this in elementary school holy hell good times,2025-01-29T19:01:10Z,0,0
UgzYS31YiNC81-cXkld4AaABAg,@CrAzYGAMINGWOLF,As soon as I get my steam deck. I'll get the game.,2025-01-29T18:59:49Z,0,0
Ugw0YwIs-xQ2VY6QCZ14AaABAg,@snowy4460,Got whiplashed straight back into 2014 youtube and I got a nice warm fuzzy feeling again,2025-01-29T18:59:26Z,0,0
UgzYtsAwQd3e8Rt6JEt4AaABAg,@TheonetruedogTheDog,"My first ever Jack video was a Turbo Dismount video, and to see it back now, it really feels like I’m back to those days. DISMOUNT TIME IS BACK!!!",2025-01-29T18:57:56Z,0,0
UgzGZKmg3tU-Q7npD1R4AaABAg,@helrishorror,"first jacksepticeye video since undertale. bro changed a lot, bringing back memories.",2025-01-29T18:57:15Z,0,0
Ugz8Eeg0D0t0EZCXVet4AaABAg,@filmandfirearms,This is quite the nostalgia hit,2025-01-29T18:55:41Z,0,0
UgyUNnEpEKsWtRmSMxd4AaABAg,@IsacRouhi,I final found my childhood youtuber  lets goo,2025-01-29T18:54:18Z,0,0
UgyGFux7UR0tF6neMqN4AaABAg,@thecookiegoblin,"You wake up, you head to YouTube to check your regular let's players on your day off. 
Jacksepticeye drops a new Turbo Dismount video! All is well. . . it's somehow 2025",2025-01-29T18:50:24Z,0,0
Ugwi08Dea-dqhu1-seZ4AaABAg,@Nothavingastroke3,THERE'S A SEQUEL!?!?!?!?!?!,2025-01-29T18:49:08Z,0,0
Ugx1DS45KZPKZKdIx6F4AaABAg,@dennis_s,00:45 OGs know it as Pink Lightning 🩷🌩️,2025-01-29T18:45:02Z,0,0
Ugwn4fhfrVHC4UIdTtZ4AaABAg,@dennis_s,holy shit. the old yelling intro sent a literal nostalgia shiver down my spine,2025-01-29T18:42:56Z,0,0
UgwmCUcIGdx_lCgq7tt4AaABAg,@VictorReyes-bm6pj,Hey Jack I was just wondering if you can still have a chance to play this other game called (bartender VR simulator!),2025-01-29T18:33:44Z,0,0
UgwSnmFa-HHa-rQwJk54AaABAg,@corvid1968,That was SMASHing!,2025-01-29T18:31:03Z,0,0
UgxHeA6t8La7RIPQ3QB4AaABAg,@packman3979,"Hey guys, last time I saw jack I was 14, now I’m 25. Just here to check on how the channel is doing",2025-01-29T18:31:02Z,0,0
UgwStOsMW1rRHOWIqRt4AaABAg,@Thunderbolt-g1i,Awesome loved this so much was so cool 😎.,2025-01-29T18:30:04Z,0,0
UgxcrfNw9ILmjPl8TXl4AaABAg,@kingdean5179,Jack  die your hair black 🎉😮😮👀👀👀,2025-01-29T18:24:54Z,0,0
UgwS7g3DzUw3-jVf53J4AaABAg,@atticlover9000,when the world needed it most....,2025-01-29T18:21:07Z,0,0
UgxpsDzJsqbHC3txqJ14AaABAg,@MetricLlama,Man This is tacking me back to my middle school days its actually crazy. Never thought Id see Turbo Dismount again. LOVE IT!,2025-01-29T18:18:54Z,0,0
Ugy8leezFVL2U_xGPzp4AaABAg,@jenson6190,oh the nostalgia,2025-01-29T18:18:24Z,0,0
UgzQpPEppRhsyhljw0F4AaABAg,@ATypicalPCGuy,I so want to play this game after watching this video I'm not even kidding Jack!,2025-01-29T18:18:12Z,0,0
UgyaP1_antJdYAM09zh4AaABAg,@CyberiadPhoenix,"22:41 the car ain't the problem, it's the ramp, it's far too steep and too tall so all of your speed is going into height rather than distance.",2025-01-29T18:17:03Z,16,1
UgxpNbRNugVGsb8sb9p4AaABAg,@thelyxianchannel2217,"I just woke up, got my top of the morning coffee to see jack playing turbo dismount 2? Ahhh it's a good morning  ^w^",2025-01-29T18:16:57Z,0,0
UgxlQmhT8Gtq9ckY5fl4AaABAg,@exodust3114,that intro actually just injected 10 billion cc's of nostalgia directly into my bloodstream,2025-01-29T18:12:38Z,0,0
Ugy6Zj6Z8tSOWzvfa0x4AaABAg,@DavidKingsHusband,My goodness does it make me feel old knowing that turbo dismount was that long ago...,2025-01-29T18:03:12Z,0,0
UgyR-plHEHi4uHOmGHF4AaABAg,@hemchk,"I remember watching this when I was 14, now I'm back again after so long. And boy was it good to be here at 24",2025-01-29T17:59:40Z,0,0
UgyWDl046NUnta3JpRt4AaABAg,@ZacharyBishopZyncster,"Watching this video gave me so much nostalgia and made me feel like I was reliving my childhood. Jack, you do you, I know people change and Youtube changes but please do more of this once in a while :)",2025-01-29T17:58:37Z,0,0
UgwZ1i51rllUDzf8kip4AaABAg,@steak6714,"Damn this really took me back, feels just like it did watching this 10 years ago",2025-01-29T17:58:21Z,0,0
UgxI7JbYpCyTs2QrnnR4AaABAg,@SepticBadger,21:14 Me when jack's back in Turbo Dismount,2025-01-29T17:43:40Z,0,0
UgzDX7Wf77ivMzMFzCR4AaABAg,@ZeriumYT,"this was amazing, thank you",2025-01-29T17:42:47Z,0,0
UgzIEr-nz0A0WUO84Jt4AaABAg,@reusablebag6378,"havent watched him in a few years and got the urge to watch his old turbo dismount videos randomly, seeing this pop up is amazing 🙏",2025-01-29T17:41:44Z,0,0
Ugz0eXIAuApS-UP9Yb54AaABAg,@kyliewileywumpuswoorankin9017,Can't believe we got turbo dismount 2 before GTA6,2025-01-29T17:37:03Z,1,0
UgywZbIYq0KnCO8k4vl4AaABAg,@bad-people6510,"""You can't catch me, I'm Bonney and Clyde, Thelma and Louise.""
Fantastic examples you chose Sean. Everything certainly worked out for the best with those four.",2025-01-29T17:36:54Z,2245,5
UgzGruihffoGlg0cNpN4AaABAg,@myav.8988,the fact that I started rewatching your Turbo Dismount and Clustertruck videos ☠☠,2025-01-29T17:29:26Z,0,0
UgxYogOz2VgIucrSQaJ4AaABAg,@acattoday,you should play the gargantuan mod its out now,2025-01-29T17:25:12Z,0,0
UgxOWORs7H7C9ehEEC54AaABAg,@rowangamertv,You should react to the trailer for Elden Ring Nightreign,2025-01-29T17:20:59Z,0,0
Ugwl4Vq-hBndLixalN14AaABAg,@WolfHeartMedia,Springtrap mentioned!! lmao,2025-01-29T17:19:27Z,0,0
UgzFKMHDKBvIEjuit3B4AaABAg,@bad-people6510,I loved you in Section 31.,2025-01-29T17:19:10Z,0,0
UgyFzJGCOqJLrTJTP7l4AaABAg,@T95man,I needed a good laugh today,2025-01-29T17:17:18Z,0,0
Ugy9lwdcBKeoOlKQslh4AaABAg,@benmayer7326,26:21 why is there a hot dog in the top right lmaooo,2025-01-29T17:09:36Z,0,0
UgwRDXLUeJtd6aoNMph4AaABAg,@thegeneralissimo470,Jack looks good with the grey. Giving me art teacher vibes.,2025-01-29T17:05:57Z,0,0
UgzaPUk8LIp91mlSSm54AaABAg,@tylerdarnell9032,"I expected Evelyn to be doing the intro, and have sean come in and say “WTF ARE YOU DOING?!”",2025-01-29T17:03:45Z,0,0
UgynceeOxwICymoRQoR4AaABAg,@puggamer645,Sean when he realises he can drive in a driving game:,2025-01-29T17:02:50Z,0,0
Ugw44VaG234BDnwZvSV4AaABAg,@Theordehl,"missed ya sean, good to see you top shape!
PS; is that a mofokin Vagabond Mushashi tshirt?!",2025-01-29T16:59:50Z,0,0
Ugyb7Wl_WydSGype9A94AaABAg,@semi_demi_god,Youre as beautiful as the day i lost you,2025-01-29T16:59:31Z,0,0
UgzI6Grd_kaCn8Y7Qjp4AaABAg,@ben-frey7864,Good too see you again old friend. Please stay out of politics i beg of you. This is your Roots,2025-01-29T16:54:41Z,0,0
UgxsJdoWWeSVaiNwwpt4AaABAg,@andresf.7563,"Editor calling pink lightning 'big lightning' is the biggest fumble ever. I understand, editor, but that's a sad mistake.",2025-01-29T16:52:41Z,0,0
UgzJOoVlDuSTgCMAqkZ4AaABAg,@cyb3ranji3,u js brought me back to when I was in elementary school watching youtube in my great grandmas bed. Miss those days.,2025-01-29T16:52:29Z,0,0
UgxQmlF8Kd5NqHGuFAl4AaABAg,@dek5775,holy shit sean is so old his hair went white and he turned into ultra instinct,2025-01-29T16:51:46Z,0,0
UgzrPwxi2oK_S_6NL-14AaABAg,@Riad102,6:03 ALL THE WAY ALL,2025-01-29T16:36:43Z,8,2
Ugyv51HaVPfVgQNCOLR4AaABAg,@DominicTKC_Animations,Ah yes the old days of SPEED IS KEY and LIKE A BOSS,2025-01-29T16:35:06Z,0,0
UgxWhGeIUfKF3xFMCUt4AaABAg,@IronDino,I needed this laugh.,2025-01-29T16:34:47Z,0,0
UgyDpeY-20c3pePVjLN4AaABAg,@SpringsterR-317,"Fun fact: The first ever video I had watched from jacksepticeye was a Turbo Dismount video. I can't remember which one, but this was the game that introduced me to Sean.

Partying like it's 2014!",2025-01-29T16:33:44Z,1,0
UgyTBJuaStBtfrIS2Hp4AaABAg,@hrfdude4234,forgot this game even existed! and I loved this game! what a cruel thing time is!,2025-01-29T16:30:40Z,0,0
UgyrB8TmssIChmoIsQV4AaABAg,@Bigdog-lc4vl,0:10  bro! That is my childhood I remember 2015 summer got home jumping on my bed and turning him on my tv,2025-01-29T16:30:33Z,0,0
Ugz8oQ3VwgXnbOvQpgd4AaABAg,@Riad102,"TOP OF THE MORNING TO YA, LADDIES 🇮🇪",2025-01-29T16:30:28Z,0,0
UgyQHsBfNVNvKD2SG1V4AaABAg,@wtfismilk7392,"And suddenly I’m at home watching Jack’s second upload of the day. Suddenly I don’t have a job, or rent, or bills. I have my brothers next to me sitting in the quiet chaos we enjoy together. It’s not just a video, but a reminder of when we were young. Just you and the people you love most. A quiet joy that comes only when you don’t know you should be in a hurry",2025-01-29T16:28:41Z,586,5
Ugz_iy-TsgFYfEQjjhh4AaABAg,@jiggybonbon6703,When I saw this appear on steam I just KNEW I would see this in my feed within a week.,2025-01-29T16:27:23Z,0,0
UgwEy-LutFQrm9arYi14AaABAg,@Harbingerguy94,"When Jack was going past the cop on the highway in the remains of the car, it was like a planes trains and automobiles situation when their car caught on fire",2025-01-29T16:27:14Z,0,0
Ugwm8OheTtUIfI88Lz94AaABAg,@IXIS-Industries,The nastalgia is fucking insane,2025-01-29T16:21:26Z,0,0
UgwVOZUXrmPL6BeSXr14AaABAg,@MommaFred,"Good God, I have not laughed this hard in so long. Ass out for Harambe!",2025-01-29T16:19:49Z,0,0
UgzXTKjc2w7P1SXS2AB4AaABAg,@bex5300,well damn. the first TD vid he made was my first Jack video. found him from a colab in a Pewds vid and kept up with him since. im old.,2025-01-29T16:17:44Z,0,0
UgzsMo5wdRHeHfYqy8t4AaABAg,@havy_jonny,the nostalgia bro its all flowing back 😭😭😭😭😭😭,2025-01-29T16:15:59Z,0,0
UgzMMOqdYC937I1Vi2Z4AaABAg,@JerkysGarden,As much as I love you jack just like moves remakes will never be able to capture the same moments as the first one thank you for being my childhood,2025-01-29T16:13:42Z,0,0
UgyGssL7WS-KitKhEXN4AaABAg,@landentaverner2999,I swear for my entire life I thought he has said “OHHHH PINK LIGHTNING!”,2025-01-29T16:13:32Z,0,0
Ugx0X7S0VB1LdmvFxi54AaABAg,@rogue8304,I just got hit with a jimmy neutron brain blast when i saw title and thumbnail for this vid all the memories of the awesome launches and funny positions on the vehicles so excited 😆,2025-01-29T16:13:15Z,0,0
Ugww76Tp8dXfxD0WQ2d4AaABAg,@SaltyWeenaOfficial,Who UNC?,2025-01-29T16:11:33Z,0,0
UgxIHpPzyaNso-7lFt54AaABAg,@noahthompson5030,Ah turbo dismount jack your as beautiful as the day I lost you,2025-01-29T16:11:02Z,0,0
UgwUJR8mv4ZVqRrm8gJ4AaABAg,@HyperShadic002,I always thought he said oh pink lightning in his old turbo dismount videos,2025-01-29T16:10:03Z,0,0
UgxnPvwUQEYAWcJ7eGl4AaABAg,@ThechaosInsurgency-1,Did anyone notice that Jack looks kinda sad on the thumbnail??,2025-01-29T16:09:01Z,0,0
Ugw_P-9u2L27nHiyOc94AaABAg,@Genzeak10,jacksepticeye feels like that one uncle that looks like hes scary yet hes chill af,2025-01-29T16:07:16Z,0,0
UgzrRpE_Hag4ec4Tnfh4AaABAg,@Deathreaper1011,"I regret the past 23 hours of my life.

Because I didn't watch this video!!!",2025-01-29T16:05:34Z,0,0
UgwI_FTrBdaaHR6T3gl4AaABAg,@riverperry183,"I need more of this, the nostalgia demands more turbo dismount 2!!",2025-01-29T16:01:13Z,0,0
Ugxf53qlq5LMWRX4z_d4AaABAg,@NathanJohn-u6d,I want PINK LIGHTING,2025-01-29T16:00:35Z,0,0
UgyXXpzzFOnxw9Z7k2x4AaABAg,@zanelightbluesky,*we are so back :)*,2025-01-29T15:59:43Z,0,0
UgzBzAmCHcdFRhmnBWl4AaABAg,@han-zo521,0:33 me still watching videos in 30😂,2025-01-29T15:56:22Z,0,0
UgzL-KCpCZoVWst77dJ4AaABAg,@GoldenBoy_3825,"watching that series when i was like 10-12 or something was insane, that was when i was first discovering let’s play channels. i had this game on my own and looked it up at the time and im fairly certain that was the first time i saw jack. i watched his dream daddy series and the fnaf stuff too (long time fnaf fan lol.) then i found mark and ethan, eventually id find game grumps and other channels like these guys. thank you sean, thank you for introducing me to my comfort",2025-01-29T15:52:36Z,0,0
UgxHm4y6fV4Nli49nDp4AaABAg,@lailia_gaz,WE ♡ THE SQUASH,2025-01-29T15:48:49Z,0,0
UgzDNZYoGj0uDVRz0EZ4AaABAg,@proflukephd,This game is how I met this channel I'm so happy ur playing the second one! I miss this so much 😂 I'll never forget SPEED IS KEY!!!!,2025-01-29T15:48:08Z,0,0
UgzE8O4qqGKYtNm1oLZ4AaABAg,@nam430,oh god that intro gave me so much nostalgia,2025-01-29T15:46:34Z,0,0
UgxGJE3VoQPemZZ1IXF4AaABAg,@qadi796,"YESSSSSSSS ITS BACK,",2025-01-29T15:42:11Z,0,0
Ugz5mr4eWffg7I5AZnp4AaABAg,@darkwolf-lv9fq,This brought back memories I didn’t know I needed🫂,2025-01-29T15:41:15Z,0,0
UgzkqRlldG3AChZF8X54AaABAg,@TheCertifiedHimbo,"7:54 NOTHING STOPS THE SQUATCH

The Squatch: (stops and goes in reverse)",2025-01-29T15:41:05Z,0,0
Ugyyd_5PNiSZVAI0le94AaABAg,@Jolastuco,"Jack: 'NOTHING STOPS THE SQUATCH!!!!!''
Sasquatch: Not that again, I'm out.",2025-01-29T15:35:36Z,17,0
Ugzrq3-WFDOluIQArjB4AaABAg,@LlamaLlady08,Love the hair Sean! Please don't cut it!! (Unless you want to because it's your head and you'll look great anyway),2025-01-29T15:35:12Z,0,0
UgzJI0_cMN-AcwLh7y54AaABAg,@Josh-c9v,Slime rancher when?,2025-01-29T15:34:11Z,0,0
Ugxa-zxQO2VNsTtBRyV4AaABAg,@Draggin_Tails,"Omg this is more than just a game being back. Is happy jack back as well?
Edit: Now all we need is party in the backyard or someone to make songs from clips of videos again! 🥹",2025-01-29T15:33:44Z,0,0
UgwVr9NWvxAWsPM2cdt4AaABAg,@Josh-c9v,Hello neighbour when?,2025-01-29T15:33:07Z,0,0
Ugxq4hQuxsWJUqvBFJh4AaABAg,@nickbruderly6414,Hey jack you need to play helldivers 2,2025-01-29T15:32:24Z,0,0
UgwS5Rw9erNBikWUrw54AaABAg,@flynvascense9405,Jack spedicy.,2025-01-29T15:30:52Z,0,0
UgyADVms07AbADGHDdx4AaABAg,@vreschen939,"To quote Markiplier, ""Realism is not exactly what we're going for, here—OOAARGH""",2025-01-29T15:30:37Z,0,0
Ugzh_9YwPA9bFXgKylZ4AaABAg,@epic2416,HEY MAAA... MAAAA!!!! TURBO JACK IS FINALLY BACK!!!!,2025-01-29T15:26:44Z,0,0
UgxrY2XpQUkkG1xUHkV4AaABAg,@141KMH,"11:27

The words I wanted to hear: “TAE FOHKIN VICTORY TOWN!!”

The words I got: “TAE FOHKING SPACE!!”",2025-01-29T15:26:41Z,0,0
UgzzISv5UDSroal76bJ4AaABAg,@S-monk3y340,Got CHILLS when he did the intro 😂🙌,2025-01-29T15:25:56Z,0,0
Ugxf2OYfA2KWTnrn-gR4AaABAg,@kenvaill300,20:30 they've returned.....,2025-01-29T15:21:30Z,0,0
UgzMs_FPmoLbQOeGfFd4AaABAg,@greenlee_lol,first thought upon hearing the menu music: *I need to add this to my silly playlist*,2025-01-29T15:21:12Z,0,0
UgxoK0HrNjoLjYnV5gB4AaABAg,@SamuelSmith-ip2pg,That Is one bangin intro,2025-01-29T15:19:53Z,0,0
UgwdiobN2j0UId2Xs_B4AaABAg,@luh_froskii,"remember watching the first series in elementary, now i’m almost done with highschool😂",2025-01-29T15:17:34Z,0,0
UgzZhk5u5inJD1q6ZFB4AaABAg,@matthewmartin3340,I’ve waited so long for another turbo dismount😍,2025-01-29T15:16:15Z,0,0
Ugyn7EizTcZqrTyOgKN4AaABAg,@RaiDokkan,"Turbo dismount was quite possibly the first video of yours I saw. Since then, I've watched nearly every video you've released. Thank you for all the joy you've brought me all these years",2025-01-29T15:15:44Z,15,0
UgyW4ztpcQdJSX7ECI54AaABAg,@ryry3032,btw jack you seem to be struggling with the camera its tab to change what the follow camera is following so you can follow the car or the person rather then using middle mouse button and having to search for your character,2025-01-29T15:13:40Z,0,0
UgyY75kUpfVTUvsjRZ14AaABAg,@tiedyetangerine8527,"Turbo Dismount was the first game i ever watched you play, so seeing this really brought me back haha. I was 8 then, im 21 now. Time sure flies, but im glad i had you to get me through it, Jack :) thank you for all the wonderful times",2025-01-29T15:11:27Z,1,0
UgyRzC6-wOqcgozJmW54AaABAg,@phoenixfrostheart9900,an absolute CLASSIC,2025-01-29T15:09:01Z,0,0
UgwZSHh3BE0NXj2gZnV4AaABAg,@2dheethbar,"My personal favorite that I've seen as a custom face is the one and only, Nicholas Cage doing the ""You don't say?"" face.",2025-01-29T15:07:27Z,0,0
UgwsZTlfwNoZ_2vMGgp4AaABAg,@aidenzadorecky9049,I wanna see if that one level is still there with the super long jump of death with a shopping cart lol,2025-01-29T15:05:34Z,0,0
UgxGBFs72_HYD51-yyl4AaABAg,@nelsonreyes-alvarez605,THEY MADE A SECOND ONE?!?!,2025-01-29T15:01:10Z,0,0
Ugx3dUKLVK1_CetE4WF4AaABAg,@foxyDaz,Like the old times,2025-01-29T15:01:05Z,0,0
Ugz_1hXvw2czuqVDcQd4AaABAg,@soliderboy8962,The nostalgia,2025-01-29T15:00:59Z,0,0
UgwyFFFUBNoIFgER1PR4AaABAg,@katethewolf88,"it feels good to see a video by jack again, this made me laugh a lot lol, love it!",2025-01-29T14:59:16Z,0,0
UgyxAlcbwDdJ4t0-oqR4AaABAg,@gavinlifto8032,2025 is going to be a fantasist year man,2025-01-29T14:58:05Z,0,0
Ugz0lujQs9usVDSEuNB4AaABAg,@killiansoumete9547,Play valiant hearts 2 😊,2025-01-29T14:53:56Z,0,0
Ugx-BJaJQ7bGkbWi1Kp4AaABAg,@danielcaraballo914,Man this has all come full circle. The original series is what first introduced me to Jacksepticeye. Simpler times indeed 😊,2025-01-29T14:53:43Z,0,0
UgyIMO-DDIbpCGFC9Ft4AaABAg,@viraledits69,This was my childhood,2025-01-29T14:51:37Z,0,0
UgxjljURpGh93u87iNd4AaABAg,@DrewMaxfield2,I miss that intro so much😢,2025-01-29T14:49:27Z,1,0
Ugyo-Sq13mE9jdwuAbV4AaABAg,@toll5320,"I don't think I'd started secondary school when Jack played Turbo dismount 1, I graduate from University this year and we finally get Turbo Dismount 2",2025-01-29T14:48:23Z,0,0
Ugxe4GXBy8mWJJryTpt4AaABAg,@Kaminari_Kitsunokami,OMG everyone Old Jack is back! even if its temparary ❤,2025-01-29T14:48:02Z,0,0
Ugwt_hUOnXL2si5eq-14AaABAg,@Corruptedzyn9,AINT NO WAY BRO I REMEMBER WHEN I WATCHED YOU PLAY THIS WHEN I WAS 13,2025-01-29T14:47:09Z,0,0
Ugy6WKu-xW7t6xTsSr14AaABAg,@AlexKeyes299,"The world is healing, lfg!",2025-01-29T14:44:44Z,0,0
UgySuiHj0rFTp405hvN4AaABAg,@blasesux,I have waited over ten years for this.,2025-01-29T14:41:01Z,0,0
UgycZupCxVIG3ask7kF4AaABAg,@Skolg3r77,Not me SCREAMING at jack that the turbo pads are ADJUSTABLE BY DURATION AND STRENGTH,2025-01-29T14:36:01Z,0,0
UgytKbgzuHiGZ1b1jCd4AaABAg,@Loon-shark,"i guess this video just confirms it, i've grown and left the era of enjoying JSE",2025-01-29T14:35:15Z,0,0
Ugz0qP4DKv4k-Ph93Bh4AaABAg,@memez227,Turbo dismount is what brought me to your channel when Dan TDM first played it!,2025-01-29T14:34:52Z,0,0
UgyHTjweQvsUy_nzEdt4AaABAg,@simonnyman9031,"Takes me back to 2014! Turbo Dismount was the game that I first watched on your channel, crazy how that's over 10 years ago now!",2025-01-29T14:31:04Z,0,0
UgzkdqjFuEr1j_gkC_J4AaABAg,@17pdietcoke59,the camera moving based on hims moveent is soo weird,2025-01-29T14:28:50Z,0,0
UgwYcPYUPh0RFA6WD4h4AaABAg,@storeytwoface5220,"Isn't it ""PINK"" LIGHTNING not ""BIG"" LIGHTNING??",2025-01-29T14:28:38Z,0,0
UgzxoH3OH14bWQ2q7oR4AaABAg,@storeytwoface5220,Thank you for playing something fun and not horror! 😊,2025-01-29T14:24:21Z,0,0
UgxOpWNQOMf_S7SYfQd4AaABAg,@Jamestopboy,"He mentioned Kerballs!
Space Programme return?!?!

And just think, with the spring boards you can put them in traffic and cause chaos with it!",2025-01-29T14:20:38Z,0,0
Ugx1tE3SVMbt4fJi3Vp4AaABAg,@jamiewickens1014,"The, ""SPEED IS KEYY!!!!"" was severely lacking enthusiasm",2025-01-29T14:20:14Z,0,0
UgxWHgFoBJeb5_n39rR4AaABAg,@moscowttuber253,ther's no penatraiter meme,2025-01-29T14:14:20Z,0,0
Ugz52DeyxKYO217BeQl4AaABAg,@themightybob,THERE'S A SECOND GAME!!!,2025-01-29T14:13:34Z,0,0
UgyPSope337xFbOdyMV4AaABAg,@Dephax,I would absolutely love it if Jack were to play community levels again. I imagine he'll need someone to curate them though.,2025-01-29T14:12:41Z,1,0
UgyANG6GowXwcoZsqQR4AaABAg,@quickgenerichannelname3295,"20:30. The arch nemesis, the god DAMN SNOWPLOWS",2025-01-29T14:09:03Z,0,0
UgyWoKxmKtSJbrcOSy14AaABAg,@saif-y7r,here is a tip when your in replay click on the character you want and it will follow the character,2025-01-29T14:05:13Z,0,0
UgwcWavoo0IeCQWFDfN4AaABAg,@quickgenerichannelname3295,"I hope the devs make the level creator as intuitive as can be, so we can make levels so Jack'a'boy can get his face ground off on our own creations. Like the old days ❤❤",2025-01-29T14:01:01Z,0,0
UgzxZCTMwebEb6VCZKJ4AaABAg,@kshitijsingh978,Breaking news: Irish man singlehandedly rewinds time back by 10 years,2025-01-29T13:56:16Z,0,0
Ugz28_4c48g-zPjb7Dh4AaABAg,@agentBaDWolf47,My childhood has come back to life 😆,2025-01-29T13:54:36Z,0,0
Ugzswt59h_dEDLyG0ft4AaABAg,@psycho_diary,The intro alone is why you're such a vibe,2025-01-29T13:52:57Z,0,0
Ugz-NImKB4rGlaq-9gV4AaABAg,@Jarppakarppa,Thank god! Finally something different than a horror game.,2025-01-29T13:50:05Z,0,0
UgwRXmr-I-pUvUszVrh4AaABAg,@quickgenerichannelname3295,"That first 60FPS Turbo Dismount video was like the 3rd video I watched after subscribing to you, Sean!

10 years of Irishman shouting at my screen THANK YOU",2025-01-29T13:48:25Z,0,0
UgziLKQ07Bd3ryzMsXt4AaABAg,@yeastman9769,"jack im going to tell you this now do NOT become a ramp builder, you will not be  paid 🤣",2025-01-29T13:42:06Z,0,0
Ugy8zDg6VM23yQi8Mnx4AaABAg,@QuanMo-beer,"God I miss my childhood, Jack doing this makes me ... happy for a lack of a better word. I think the searease I rewatched the most was the OG subnotica. I can't believe I'm old enough to drink in America yet I still get giddy over this mans personality.",2025-01-29T13:36:48Z,0,0
UgxKKxIdiWc5Vo3J88N4AaABAg,@TheAuthorOfNightmares,god its like im a child again and i love it,2025-01-29T13:34:47Z,0,0
Ugx3_dJTcV3IQwLqHIF4AaABAg,@Spiritsthruyou,"Under every circumstance,



Yes.",2025-01-29T13:27:35Z,1,0
UgzfuftBnJsWdo9EVEB4AaABAg,@Maliciovo,The nostalgia hit as hard as a snowplow tearing through Billy’s face.,2025-01-29T13:23:06Z,0,0
Ugz28ERX7_42RwfAggx4AaABAg,@alfadasfire,"0:45 oi editor, that's PINK lightning, not big lightning...",2025-01-29T13:19:55Z,0,0
UgyZoOmRz_DNGAYgKpJ4AaABAg,@alfadasfire,Were so back!!!!,2025-01-29T13:18:23Z,0,0
UgwoXaDOQSt3eFJDeAt4AaABAg,@deathlordicelord8402,i had forgotten they announced this,2025-01-29T13:15:53Z,0,0
Ugwg3wmA6ucROrt1xR14AaABAg,@HotRodsNZ,This takes me back to the good old days of youtube.,2025-01-29T13:15:38Z,0,0
UgwRu_xtBZSH-5Dj99R4AaABAg,@shaunmoor2291,Omg Seán this was awesome,2025-01-29T13:14:12Z,0,0
UgzUcgGe7B0CRO2WATh4AaABAg,@pizix5305,Am I the only one who thought it was pink lightning and not big lightning ._.,2025-01-29T13:11:51Z,0,0
UgyHmOHkPG5ZUm-MgNd4AaABAg,@JearTheMudkip,I was about to be so disappointed until he finally said speed is key once. Not enough times though. and not loud enough.,2025-01-29T13:02:39Z,0,0
UgwUqF1Cr7mQLJepWlt4AaABAg,@thegodoflean7354,"7:54 ""NOTHING STOPS THE SQUATCH!!"" I straight up INHALED the 2014 energy",2025-01-29T13:01:38Z,0,0
UgzdH8teSAGV_kmhiAN4AaABAg,@1up910,Ain’t no way,2025-01-29T12:58:39Z,0,0
Ugz9BzXDLx5xaLNcuoZ4AaABAg,@epifox,"Hey Jack, this comment will probably get burried, but I wanted to tell you as a long time watcher of the channel, thank you. Seeing your positivity has led me to follow my passions, and after months of hard work i officially published my first book! Id love to send you a signed copy. Im not asking for promotions, its just a gift for giving me the encouragement to follow my dreams and stay positive.",2025-01-29T12:54:58Z,0,0
Ugxtz-us6vMqBuceh6h4AaABAg,@coldriceproductions1414,ooooooooh man this is a trip down memroy lane,2025-01-29T12:51:58Z,0,0
UgyCqCtbfookGrR4Z1F4AaABAg,@Yourmomiam,"27:41 yes jack, every day",2025-01-29T12:51:21Z,0,0
UgyJKIizU2JHHZF6Uod4AaABAg,@ScreenedSnow,"Jack, don’t tie your hair too tight, it leads to balding, stay sexy.",2025-01-29T12:45:25Z,0,0
UgyRjjbqVB8ujmnrdgl4AaABAg,@christmanbrimley2240,"I was Waiting for this because I saw the trailer for Turbo Dismount 2 and knew Jack was gonna play it! (He has to, this game is fun!)",2025-01-29T12:44:56Z,0,0
UgwTl-P4_E_fnTdshvJ4AaABAg,@renoott,Oh we are so back,2025-01-29T12:39:25Z,0,0
Ugy62uYUgGnA7ye8m2N4AaABAg,@flapjackoctopus7282,"I'm technically a ""young adult"" now but I actually caught myself screaming at the video as if I was a kid again LMFAOOO. You've brought a smile to my face a new entry to my comfort videos playlist",2025-01-29T12:36:33Z,0,0
UgxH_K1pJgamvTt-J7h4AaABAg,@1jgio,Bro should make a nostalgia week and play games he played (or games he hasn’t played in atleast 5 years),2025-01-29T12:34:38Z,0,0
UgwMV2JopmFlsW7VbzJ4AaABAg,@1jgio,I miss these days,2025-01-29T12:33:43Z,0,0
Ugyro0rvNN3ZEUkWQ4x4AaABAg,@v.d.d.1188,Is Jacka boy going grey or did he dye his hair? 😯,2025-01-29T12:33:23Z,0,0
UgxI4BYH05kTCaHlbhd4AaABAg,@WearYourMask,it would appear that literally nothing... stopped the squatch,2025-01-29T12:26:21Z,0,0
UgxFlHUjfWc-0lH2s0F4AaABAg,@onesurfacetwice,i just watched the nostalgia week turbo dismount video thing,2025-01-29T12:24:12Z,0,0
UgzieAHedoqN503tZ5l4AaABAg,@GamBar64,"Woah, that intro",2025-01-29T12:19:48Z,0,0
UgzTKRa2_tLOZ5CS3wN4AaABAg,@MountRushless,The classic intro made me wanna watch the old vids,2025-01-29T12:18:45Z,0,0
Ugw1MfLuy-HzTiWv3pl4AaABAg,@jimmysandford9841,First a happy wheels video from pewds a couple months ago now this. I am 100% down,2025-01-29T12:16:49Z,0,0
Ugz8F9HOFSyqHGrzHex4AaABAg,@ThHellhound,the faces remind anyone else of Mythbusters?,2025-01-29T12:09:17Z,0,0
UgyyTC-n4dEPJEnQwAJ4AaABAg,@James_Hetfield_1981,Where’s turkey bird 😢,2025-01-29T12:08:31Z,0,0
UgwGBUc2wIU5WgEWSM94AaABAg,@chaos_incarnated,cringe,2025-01-29T12:07:17Z,0,1
Ugwb3yw6DGqov00coAZ4AaABAg,@RealKyklops,"Holy shit this brings me back to when I was a kid, waiting for 9pm to hit so I could quickly watch a Jacksepticeye video before having to go to bed, damn.",2025-01-29T12:07:07Z,0,0
UgwZ0KoK1hcecxGFsfx4AaABAg,@poderlatino1,He seems to have forgotten speed is key 😂😂😂,2025-01-29T12:06:35Z,0,0
UgzrmLlB0gfOEtKas-d4AaABAg,@coob5207,"I used to watch you play this game before school, now I’m gonna watch you play this before work.",2025-01-29T12:06:11Z,0,0
UgxxuJeviZhOjaIrAGB4AaABAg,@SpruceX,Can't wait for half life 3 jacksepticeye videos 😀,2025-01-29T11:57:22Z,0,0
Ugzc-LyIaHIeL-BHH-N4AaABAg,@william1342,never laughed so hard in my life,2025-01-29T11:56:16Z,0,0
UgxggkJyN608Kr1MEyh4AaABAg,@liamsweeen,YEEEEESSSSS!!!!!! I LOVE THE DEVS!!!!,2025-01-29T11:53:25Z,0,0
UgxhtPgfPsdz12LahWN4AaABAg,@judgmentalclippy,"This filled my soul with a joy I haven't felt in so long. Shout out to the devs for gifting Jack a code, too!! Makes me wanna support their game myself 🤘😁",2025-01-29T11:52:02Z,0,0
Ugyd6bHm5DWYB4LVo7F4AaABAg,@badman_j4998,I didnt know i needed this this morning but im glad i got to see it lol 😂 😂😂,2025-01-29T11:47:55Z,0,0
Ugyia0Z5-_hTfR-6M6B4AaABAg,@AlexanderParker-h2l,"This was exactly what I needed, thanks!",2025-01-29T11:42:50Z,0,0
Ugz0-nVMSK83QU1_lVl4AaABAg,@usaidan4704,"Man, I’ve missed this so much.",2025-01-29T11:39:34Z,0,0
Ugxos68HNap1WXRUpqx4AaABAg,@keir7271,we are so back,2025-01-29T11:35:46Z,0,0
UgwQiku79Pw4Ln4qQUx4AaABAg,@kandykane8101,Fire your editor. Big lighting? Really?,2025-01-29T11:34:03Z,0,0
Ugx2TT8M1yactUphiJ94AaABAg,@Beast-sx2pe,"25:40 It really is Green Hill Zone , theres little details everywhere and one BIG collectible chillidog 😋",2025-01-29T11:31:42Z,0,0
Ugz5Zojt96KCXEZ3nNh4AaABAg,@iiiwaaa,Perfect seeing this at the top of the morning,2025-01-29T11:28:26Z,0,0
Ugw2-Pw_vVUpgH0tmu94AaABAg,@egH0Eist,WE MISSED THIS,2025-01-29T11:22:16Z,0,0
UgwBVRFdT1oJEneeNfV4AaABAg,@BAPPOTHEMIGHTY123,"A turbo dismount video in 2025, we only need a happy wheels video and a BeamNG video and humanity will begin to heal",2025-01-29T11:18:29Z,0,0
UgxP4OFtamwmp66p4tN4AaABAg,@thebigbadbruce1510,I remember watching this in middle school back in 2014! I have a fiancé now,2025-01-29T11:18:27Z,0,0
Ugxhw4t856f6Mf7eIHF4AaABAg,@R0V3R_2,"7:07 ""Full Speed"" missing an opportunity for ""Speed Is Key!"". Maybe Jack can give them some feedback for their next update ;)",2025-01-29T11:17:05Z,0,0
UgzgrqrmEfbMNy8wcIV4AaABAg,@GermanMain777,WOOOOOOOOOOOOOOOOOOOOOOOO ITS AN ERA WHERE I WASNT EVEN SMART ENOUGH TO WATCH SEAN ON YT AND I GET TO SEE IT,2025-01-29T11:13:21Z,0,0
Ugz6R_HSljBI0XLUqCh4AaABAg,@ansonchua9374,"Oh sean, sean, sean, how much i have missed the person you were back then... i must reminisce all those times i watched you as a child smiling as the time passed by. I wish to see you play more of the old games.",2025-01-29T11:07:40Z,1,0
UgwTg06TT6wt4GP11ex4AaABAg,@tableprinterdoor,"Dude… I was 9 when I saw the old series, and now I’m 19",2025-01-29T11:02:05Z,0,0
Ugz_ndEaIMRgjWC3EMp4AaABAg,@Kassd_-_-_b,This was really what I needed this morning. Thanks for the hit of nostalgia Jack/Sean/one of the best people on the internet🫂.,2025-01-29T11:01:59Z,0,0
UgyJYTWLKACtxgCw-2l4AaABAg,@TNDE_,"6:23 






Dam. A three star😒",2025-01-29T11:01:29Z,0,0
UgywZ1gWuopXylQAuYt4AaABAg,@Kaitri,The energy feels quite 2014 ngl. I missed that so much,2025-01-29T11:01:25Z,0,0
UgwPs6kHM4lspN3WeN54AaABAg,@soulcrusher8680,This brings back memories and I love it,2025-01-29T11:00:43Z,0,0
Ugz2T20zerWaHwAvmPJ4AaABAg,@halleysera,"I can't believe the editor called Pink Lightning ""Big Lightning"" :(",2025-01-29T10:59:41Z,0,0
Ugw1ljnmKJwpYibIj9Z4AaABAg,@TNDE_,You were my childhood!!,2025-01-29T10:54:05Z,0,0
UgyUFzrHIHvX4S99LI94AaABAg,@Nongnoi-p4d,"Thank you for this video, very enlightening!",2025-01-29T10:53:06Z,0,0
UgwoHAdD-7CVGtAdBC14AaABAg,@Rei-uq1jv,"I remember watching this all the time while eating as a kid, God I'm happy this is back",2025-01-29T10:50:45Z,0,0
Ugz85uQDEavK7CFJmNx4AaABAg,@unfollowme9594,the cold hard void came back at 28:49,2025-01-29T10:49:43Z,0,0
Ugx0rigLx9gCl4zM1Od4AaABAg,@strikergaming3209,"God the Nostalgia. Ive been a viewer ever since the first video of happy wheels. So happy seeing this. 

I love all your vids, Jack. ❤❤",2025-01-29T10:48:48Z,0,0
UgzJrku2ePvL9haqVet4AaABAg,@Mr._.toothpick06,Like to view ratio is absolute insanity. Haven’t been here in a while and it’s so nice to see the top of the morning to you again after so long,2025-01-29T10:48:29Z,0,0
UgwJQjgbbYSxDwrunNV4AaABAg,@aliadel1475,I love the nostalgia,2025-01-29T10:47:27Z,0,0
UgxJIvcs2qvDx0ug3HB4AaABAg,@DARSHANA-y2z,Amazing content as always!,2025-01-29T10:45:14Z,0,0
UgxzuX17-CnQUyTRcsx4AaABAg,@TheNaanofAllTime,THERE'S A SECOND GAME?,2025-01-29T10:43:25Z,0,0
UgwN6xe0ZYUuHDOD6ZZ4AaABAg,@TristanYZY,Haven’t heard that intro in a bit,2025-01-29T10:43:03Z,0,0
Ugx0_ZVntySJJypxn3Z4AaABAg,@callmeturg1590,20:45 hey Jack what’s that animatronic called from fnaf3? You know the one Willam afton becomes,2025-01-29T10:40:39Z,0,0
UgyuKQ4jFd4APvS8KTB4AaABAg,@ItsXuee,Jack playing this LIKE A BOSSSS,2025-01-29T10:38:55Z,0,0
UgyRE1H3iAD4s3EtA_F4AaABAg,@lexy_plays4848,There's no way I was 7 years old when i used to watch this,2025-01-29T10:38:18Z,0,0
UgztumXg1_tK07Wa7lp4AaABAg,@jenkathefridge3933,"Day 1128 wanting Jack to continue:observer, soma,outerwilds, dark souls 2 and sekiro.",2025-01-29T10:38:06Z,1,0
UgxemFDtjKV1YVbA-rN4AaABAg,@marcovandermerwe9875,"And just like that, I'm back in 2014.",2025-01-29T10:33:05Z,0,0
Ugx7A4TkXjeczwU6pc94AaABAg,@rafa_d_vieira,Not a single “SPEED IS KEY!”. For shame Jackaboy.,2025-01-29T10:31:13Z,0,0
Ugx9-iLuaYXJIJlviZZ4AaABAg,@Yesntit,Lovee this side of yt . Nowadays yt is really getting toxic and cringy,2025-01-29T10:30:08Z,0,0
UgwvvusT_5S6vDpXSsB4AaABAg,@whateven6925,I came to watch after like 9 years 😂,2025-01-29T10:27:55Z,0,0
UgyVyOtQ4eAMm_iDENB4AaABAg,@chasehalley5777,"TURBO….
DISMOUNT. We’re back in business now",2025-01-29T10:27:09Z,0,0
UgxX00mijocPtyGbUNx4AaABAg,@ArbazShake-s9l,"Your videos are always so helpful, thank you!",2025-01-29T10:23:28Z,0,0
Ugw2FeE3F4DiABb2LY14AaABAg,@OlgaMezaHuaman,Great video! Really enjoyed it.,2025-01-29T10:20:07Z,0,0
UgycmWsiqOHfk18-iXh4AaABAg,@OdysseyChxos,Is Jack's hair getting Grey I really hope not I can't bear the thought if him getting old it makes me feel old,2025-01-29T10:19:28Z,0,0
UgzKkjZ1ee7T1tUqdGJ4AaABAg,@callmeturg1590,God I felt years of nostalgia after hearing ”big lightning”,2025-01-29T10:18:18Z,0,0
UgxSMLcSTIsanJ956wZ4AaABAg,@CooperLeonard-t7s,"This was super helpful, thanks!",2025-01-29T10:18:17Z,0,0
UgzFObZ8GZ4S2trk9HF4AaABAg,@kkay000,The Jack's face png changing and screaming reminds me of the classic doom hud,2025-01-29T10:17:37Z,0,0
UgwSvH6MnHNhCeQAYUh4AaABAg,@กูหนิไผกะได้,"Loved the content, keep it coming!",2025-01-29T10:15:39Z,0,0
Ugw-e-9hjstF1nhnXBJ4AaABAg,@Chalermporn-ze2oe,"Very well done, appreciate this video!",2025-01-29T10:14:53Z,0,0
UgyTB-eAn9x5-ZfpP3N4AaABAg,@PerlaAmadaEscobarPaiva,"This was super helpful, thanks!",2025-01-29T10:14:13Z,0,0
Ugxw0S3nRb1R0GxMsVh4AaABAg,@moussambengue5532,"Your videos are always so helpful, thank you!",2025-01-29T10:13:47Z,0,0
Ugywaxf6ayEfWXs8tLR4AaABAg,@DrogbaKourouma,"Awesome video, looking forward to the next one!",2025-01-29T10:13:23Z,0,0
UgzybRIIdMydd2Ih4yZ4AaABAg,@vijaybala3644,"Thanks for sharing this, learned a lot.",2025-01-29T10:10:45Z,0,0
Ugz0LJB8nFt0omZU5ux4AaABAg,@jeanlouisloua3834,"Great tips, thanks for sharing!",2025-01-29T10:08:35Z,0,0
UgwLpwYNvc2MuWXfzMJ4AaABAg,@xXDaBossModzXx,We got Turbo Dismount 2 before GTA VI.,2025-01-29T10:07:56Z,0,0
Ugyn5D3UrpHNfJ6hGVd4AaABAg,@kioshekat7931,the happy dance of joy when you hear the ✨N O S T A L G I A ✨ 🕺,2025-01-29T10:07:50Z,0,0
UgxBtlwUMAwHtRgqGuB4AaABAg,@coolbruske4623,its back,2025-01-29T10:07:25Z,0,0
UgxOoW5NPLJJmHY1hg14AaABAg,@นายไม่มี-ล2ธ,"Awesome video, looking forward to the next one!",2025-01-29T10:07:11Z,0,0
UgxQYv1hp1LmfKx7xKl4AaABAg,@lilybulger6668,Hey Jack do you think you can play the forest? That or another meme time would be amazing cause it’s the only cure for my sadness 😋,2025-01-29T10:07:09Z,0,0
UgwPUeAvTUUFvGufBL54AaABAg,@mahendpache8283,"Thank you for this video, very enlightening!",2025-01-29T10:06:49Z,0,0
UgzeeIKUkq8evQw2JmR4AaABAg,@RachoonManTV,"Shout out to jack’s editor Trey Yates, that guy is cool!",2025-01-29T10:05:59Z,0,0
UgylQ6HnxWxXhQTb3T54AaABAg,@mashikawa1995,i'm sure speed is still key after all of these years,2025-01-29T10:04:20Z,0,0
UgzhyFb1jB4Xqv5u1wZ4AaABAg,@RobertFranklin-n9g,"Fantastic explanation, thank you!",2025-01-29T10:03:57Z,0,0
UgwSXzLRDfejdLVOsOF4AaABAg,@Yuuzer_,This one made me laugh a lot! Reminded me of younger times. Good times!,2025-01-29T10:03:55Z,0,0
UgzIAIhDdRq85oOsUZB4AaABAg,@shawnbastian2812,"Constructive criticism sandwich here. 5 layers.
 Ive been a major fan of Jack for over a decade and he has always had what it takes to make me laugh and brighten my day.

I never enjoyed content like I used to because the editors have not matched Jacks style.

Jack has always been a wild card and that is what I loved, and possibly many others.

The edits and more specifically over-editing of videos seem way too ""mainstream"" and almost like they [editor, no offense] are trying to keep up with others. This is not what Jack was built upon or what is known of Jack. 

I have always missed the turbo dismount series and am so happy to see Jack make a return to a sequel I never knew was even made.

With much love,
 A dear FAN",2025-01-29T10:02:36Z,0,0
UgyFeRh-JlMi0mzp2I54AaABAg,@mariageraldo6018,"This was exactly what I needed, thanks!",2025-01-29T10:02:32Z,0,0
UgwbH9875KH2Gpi-fud4AaABAg,@AlešDuchač-r1p,"You explained this so well, thank you!",2025-01-29T10:02:17Z,0,0
Ugzly7h4X2spIh1mDFB4AaABAg,@amms7461,"don't do this , don't give me hope",2025-01-29T10:00:13Z,1,0
UgyeuFRK2glaJAIIFTF4AaABAg,@MoinShaikhlal,"This was super helpful, thanks!",2025-01-29T10:00:08Z,0,0
Ugx0y4jQIf0DghRod_54AaABAg,@z4chr3dd,"Hearing the Smack Intro brings me joy, we got a good comeback for 2025",2025-01-29T09:59:38Z,0,0
UgwtxKp5UbY2mQ7dg1B4AaABAg,@Shafichickencentre,"This was exactly what I needed, thanks!",2025-01-29T09:59:35Z,0,0
UgxVvKPdC6TFhVMJcpt4AaABAg,@lolekbolek-ro1vj,it feels like i watched this video ages ago ..i love that you never changed ..keep it up JSE,2025-01-29T09:56:38Z,0,0
UgxTjo8yXa6uCeYpvOl4AaABAg,@corbinwatling4699,"""NOTHING STOPS THE SASQUATCH"" crashes and proceeds to reverse",2025-01-29T09:56:06Z,0,0
UgzgyLcVLsXIgvkomXB4AaABAg,@ParmarAasha-u1d,Really appreciate the insights in this video.,2025-01-29T09:55:39Z,0,0
Ugy8LN4gFUJb6WQKh8p4AaABAg,@albertgroenwold5849,"thank you jack for the nostalgia feeling, turbo dismount helds a special place in my heart",2025-01-29T09:54:46Z,1,0
UgzQL8e4IFV6qd5V3g94AaABAg,@Raadicality,"Jackieboi, you can make the boosters faster 😭",2025-01-29T09:53:58Z,0,0
Ugz-nXBkZkfYJM3Yg114AaABAg,@ShanmukaSwamy-c7r,"Very well done, appreciate this video!",2025-01-29T09:53:13Z,0,0
Ugz6iWcOitYKy_hVxSp4AaABAg,@MrsankhatMrsankhat,"Very well done, appreciate this video!",2025-01-29T09:52:52Z,0,0
UgxryQSYqidCq5925pl4AaABAg,@zoeerMoores,"Your videos are always so helpful, thank you!",2025-01-29T09:50:11Z,0,0
Ugy5E6SkqXMwCHtooJF4AaABAg,@lin_0604,Don't watch Jack often now but my god seeing this just brought me back to middle school. I'm twenty now lmao,2025-01-29T09:48:18Z,0,0
UgzKyL8KpmvBXk4SMZl4AaABAg,@Snakekilla54,And here I saw this game and immediately thought of you!!!!!,2025-01-29T09:47:43Z,0,0
Ugzbv5oy2WbZQ4c9NHx4AaABAg,@patrickspepper8119,and hit that like button in the face like a boss high fives all around,2025-01-29T09:45:36Z,0,0
UgxytufM4B3jPvmogUt4AaABAg,@213fenix,that intro funk was all I needed to bring out the like,2025-01-29T09:45:06Z,0,0
UgziCO_Du51Yw_VUYwV4AaABAg,@inderezzed8454,Please keep doing more of these!!!,2025-01-29T09:44:51Z,0,0
Ugx-8Ij3hptvYS6rXEx4AaABAg,@SagarGouda-x2i,"Fantastic video, really appreciate your effort!",2025-01-29T09:41:59Z,0,0
UgwtEU8wQjIrALuN0Hp4AaABAg,@HotheadLeo,"69,000 likes at the moment. This is the way it should be",2025-01-29T09:41:06Z,1,0
UgwHiZyhRJCtmTwP9kV4AaABAg,@SwamySwamy-l7i,"Loved this video, keep up the great work!",2025-01-29T09:40:22Z,0,0
Ugxy089Hw1kHblQm7lR4AaABAg,@twistergaming9786,Time for custom levels,2025-01-29T09:39:52Z,0,0
Ugxu__UyMTuZgqWH-E54AaABAg,@zlambyd6874,Wait I thought it was pink lightning this whole tome,2025-01-29T09:38:55Z,0,0
UgwsPSiV4wIVZCKlo4R4AaABAg,@MallaeshMallesha,"This was very informative, appreciate it.",2025-01-29T09:38:29Z,0,0
UgzKtnAXdE9zzh2Gbex4AaABAg,@SuchitraSuchitrayadav,"Fantastic explanation, thank you!",2025-01-29T09:36:51Z,0,0
UgwSk2pDweQigxIm2MZ4AaABAg,@NicPutney,Greatest YouTube video of the year oh yeah baby,2025-01-29T09:36:06Z,0,0
UgwwtVy-LfRxGJkEaAh4AaABAg,@TruettLachlan,"Great job, this video was very useful!",2025-01-29T09:34:20Z,0,0
UgxU0UP9gpnOqMol_GF4AaABAg,@BTHP_Official,ooooooohhhhh pink lightning:  can't lie took me way back made me smile 🤣❤,2025-01-29T09:34:08Z,0,0
UgwmhY5RROjxGFAishR4AaABAg,@shadowfalcon1712,"I waited so long for this moment, we are so BACK!",2025-01-29T09:29:26Z,0,0
UgwXZDjFovWNjBZ91HZ4AaABAg,@KarpetBurn,"Jack has grey hair now, the concept of time has been reestablished, it is so over...",2025-01-29T09:29:25Z,1,1
UgwztuxhVxbc_5e5JGd4AaABAg,@Queball225,Been watching jack since I was 8 I’m 19 now,2025-01-29T09:28:45Z,0,0
UgxHUmdmpgC05B3GJ4F4AaABAg,@DavidJorn-m2z,"You explained this so well, thank you!",2025-01-29T09:28:23Z,0,0
Ugw1eAmoUa9gZnD37X14AaABAg,@shehumamman-h3i,"Very well done, appreciate this video!",2025-01-29T09:28:12Z,0,0
Ugy4iAnlwEs9CwrBDuZ4AaABAg,@SheraliMurodov-g4w,"This was exactly what I needed, thanks!",2025-01-29T09:27:20Z,0,0
Ugy84RCU-K31rdAA6l94AaABAg,@Raadicality,I had fun playing to old one. Gread game to start with 2025,2025-01-29T09:26:00Z,0,0
Ugyf8SkhRwtn4kscOyh4AaABAg,@seaglobe212,I’ve been watching you since 2nd grade this is bringing back all the memories,2025-01-29T09:25:47Z,0,0
UgxYq_n306HDHq2llst4AaABAg,@Cmarquart05,"27:44 ""C'mon, c'mon😟... what is it? Bring you frxckin..self to work day""  had me dieing 💀😂",2025-01-29T09:25:39Z,0,0
Ugwj20NRI-oMOk20Af14AaABAg,@OrionArcticfox,This made me unbelievably happy. It reallt brings back 10 year old me when i used to watch the original turbo dismount series,2025-01-29T09:25:38Z,2,0
UgwM4atnlcXVE38FIJR4AaABAg,@dd-sea4602,These were my favorite as a kid now I’m a grown man paying bills glad to see they made a sequel and glad YouTube recommended me one of my favorite childhood YouTubers,2025-01-29T09:23:53Z,0,0
UgxeUlyNpNuxPDOXW2J4AaABAg,@DarnellByrd-o7q,"Great tips, thanks for sharing!",2025-01-29T09:23:52Z,0,0
UgxOa-N2OVZFlQTUasZ4AaABAg,@spikes_johnson,0:48 Shouldn't the graphic say PINK LIGHTNING?,2025-01-29T09:22:48Z,0,0
Ugyf0-1VmYt4H8oAgmJ4AaABAg,@trent9162,"Would LOVE for you to continue with these videos, absolute blast from the past!
Also you could have just removed the ring of fire with the supercar and made it I believe😂",2025-01-29T09:22:26Z,0,0
UgyreSHjWa_x7A4Z45J4AaABAg,@Bushkiller101,A septic tank is used for peoples poo,2025-01-29T09:21:07Z,0,0
UgycoCe9J47RDqncgbh4AaABAg,@MildredMclaughlin-g5m,"This was exactly what I needed, thanks!",2025-01-29T09:18:51Z,0,0
Ugz22i1A6LlDbUHUEE14AaABAg,@kingstich8414,We are so back,2025-01-29T09:17:10Z,0,0
Ugxux0iF2Flv8IRrOSN4AaABAg,@justingarsez,I remember watching these in high school. that was in 2014 or 2015,2025-01-29T09:17:07Z,0,0
Ugy3ntf0PY2q-j_KaQ14AaABAg,@wolfgamerv2321,So happy to see jack back,2025-01-29T09:16:52Z,0,0
UgxUa5CglRbZTr9RhZZ4AaABAg,@BrendanFigueroa-v6t,Thank you for the great content!,2025-01-29T09:14:15Z,0,0
UgwcEwDHClGZu3bAHN94AaABAg,@NagarajGond-q8m,"Fantastic explanation, thank you!",2025-01-29T09:13:20Z,0,0
UgxOavumkjRsdGXe1Ql4AaABAg,@bradleyalexander7703,Jack I feel you with the grey hair I’m 20 and my hair has a lot of grey you’re looking good though man. I’ve been watching your videos since turbo dismount came out feels like forever ago love your work man 👍🏼,2025-01-29T09:13:18Z,1,0
UgzntLVcjtg-syqqPIt4AaABAg,@marz4807,I just got a nsfw ad on here… what the actual fk YouTube? If you see it’s from “Yope” report it.,2025-01-29T09:12:46Z,0,0
Ugx1LiJ9d5CvPIwVEGR4AaABAg,@AdamoRomano-n1x,"Thank you for this video, very enlightening!",2025-01-29T09:11:20Z,0,0
UgzuPbL5phk1xtfKzXN4AaABAg,@rnub6074,OMG ITS HAPPENING  THE NOSTALGIAAAAAA 🎉🎉🎉🎉,2025-01-29T09:10:57Z,0,0
UgzlE8XQ50pK6pj13BR4AaABAg,@CheikheThiame-l2z,Thank you for the great content!,2025-01-29T09:10:47Z,0,0
UgxRAsTg-zue41Yka6R4AaABAg,@MdThanks-g8d,"This was very informative, appreciate it.",2025-01-29T09:09:48Z,0,0
UgxI7QjE5720sJMox4V4AaABAg,@enzioj3937,Man i wish i could go back time... the nostalgia hits hard with this one,2025-01-29T09:08:34Z,0,0
Ugx29ebwv9vRB1VMrYN4AaABAg,@LisaMoore-j8w,"Very well done, appreciate this video!",2025-01-29T09:07:52Z,0,0
UgzdLP3uq18KuQ0CByB4AaABAg,@jaydenandressen,17:22 a majestic Irish bird,2025-01-29T09:05:46Z,0,0
UgzmmFvSwcVmZfmw_fh4AaABAg,@ryancurtis5425,I remember watching the original Turbo Dismount videos EONS ago. I'm definitely picking this up!,2025-01-29T09:00:29Z,0,0
UgwbCbNWpybhPaMTQ354AaABAg,@skeleta3681,Reliving my childhood,2025-01-29T08:58:01Z,0,0
UgyqIlzoXudlb1uM8Sl4AaABAg,@AdelaideHaysry,"Thanks for sharing this, learned a lot.",2025-01-29T08:57:47Z,0,0
UgzFzWTy8i_cGz_Uf094AaABAg,@whitepanda8933,First turbo dismount video without jack saying speed is key,2025-01-29T08:57:16Z,0,0
Ugywps-ujz7MtDUsZ_54AaABAg,@ChadGarczynski,"This was exactly what I needed, thanks!",2025-01-29T08:56:23Z,0,0
UgwQMIvFu4RFWS5hQ_N4AaABAg,@thejesserman,A whole decade later and Jacksepticeye is still amazing.,2025-01-29T08:54:58Z,0,0
UgxKIkuCoSgVM6dntmh4AaABAg,@AdalineEva,"This was super helpful, thanks!",2025-01-29T08:53:31Z,0,0
UgwQ0vGSaXXSlmnHrPJ4AaABAg,@trevorlong936,Never clicked a vid so fast,2025-01-29T08:53:00Z,0,0
UgxsU6inIM9hkku00Gx4AaABAg,@HoustonAcevedoru,"You explained this so well, thank you!",2025-01-29T08:52:56Z,0,0
UgxFae2Xg-RY8s2k2OV4AaABAg,@SMForge,I think the flipping might be throwing off the distance of the jump?,2025-01-29T08:52:53Z,0,0
Ugw6Z3tcmaIGf_TAgzZ4AaABAg,@blackoutlol2857,I still remember when the first game was all the rage but I guess that’s ancient for internet time now 😅,2025-01-29T08:52:14Z,0,0
UgwHNYslF-SPK1tSh7B4AaABAg,@reneebergsma4243,gotta love when he gets so exited he makes the same face as his character,2025-01-29T08:51:45Z,0,0
Ugz9J1_20QcTDmQceax4AaABAg,@freakishuproar1168,"*""NUTHIN STAHPS... THE SQUUUAAETCZJXH...""*
_[proceeds to slowly roll off the wrong end of the road]_",2025-01-29T08:51:19Z,0,0
UgwSMby65LbuUnCxUQF4AaABAg,@killerkidftw6349,Rockin the greysssss,2025-01-29T08:50:03Z,0,0
UgwwQaONLrCERfJGtsh4AaABAg,@djo_man,Yunno? I think it’s  a gonna be a good year.,2025-01-29T08:45:51Z,0,0
UgzoOUneE7UESizwVlZ4AaABAg,@ALEXISAGREIVER,"My first ever jacksepticeye video in 2014 was his first Turbo Dismount episode. What a cool video to see, we've come full circle",2025-01-29T08:44:32Z,0,0
UgzW5YGG3yMm8yamv4l4AaABAg,@driellx6640,Youtuber,2025-01-29T08:44:31Z,0,0
UgwzsNjnyVh6IwSCs7R4AaABAg,@HarveyDane-y1t,Sean I remember watching u as a kid 😢 now we have bathe changed a lot 😢,2025-01-29T08:42:12Z,1,0
UgzvzMoWlhZhW4piUrR4AaABAg,@heavenly_guidance_sdr,"Hi and welcome to Jacksepticeye's world's most dangerous stunts ""DO NOT TRY THIS AT HOME"" 😂😂😂",2025-01-29T08:41:50Z,1,0
UgwbK1znG28miS2GX-Z4AaABAg,@teresagepford,Thank you for the great content!,2025-01-29T08:40:43Z,0,0
Ugwje6TzWni9QEirnst4AaABAg,@scar9023,Average day in California,2025-01-29T08:40:03Z,0,0
UgxTZ9DGPrcdV0-xrL94AaABAg,@lordwolffurry582,Did you know you could click on your little guy to follow him in the camera? Very useful!,2025-01-29T08:38:59Z,2,0
UgwlKzEtvngZ84NjxjZ4AaABAg,@Kneightt,"BIG LIGHTING? BIG?? LIGHTING???
No it was never pink lightning I'm probably just insane",2025-01-29T08:38:09Z,0,0
UgyIVV0xgYqaHKQHJ7h4AaABAg,@SacredSsoul0,The myth the legend old... jacksepticeye,2025-01-29T08:37:55Z,0,0
UgzxSK0hKBXuZRjVFwh4AaABAg,@smolapril,"11:51 omg! jack is talking about me! I 100% agree with you jack ❤❤❤

and again 13:41 🥰",2025-01-29T08:36:10Z,0,0
UgwTWjNrdkM_vWhJXHR4AaABAg,@PoleToGo,sorry jack I forgot about you but i’m  to be back with notifications on,2025-01-29T08:35:17Z,0,0
Ugx6HNpUU5lY5N8yo754AaABAg,@EthanConlin-d2q,Can't wait for the turbo dismount song,2025-01-29T08:35:06Z,1,0
UgydfrQyOTYwYksUzKp4AaABAg,@Blissful-rain,8:28 thats what she said xD,2025-01-29T08:34:50Z,0,0
UgwSWkiiJawQm0HlNXV4AaABAg,@Thatgingerdude15,Please dont tell me the original one was in 2014,2025-01-29T08:33:16Z,0,0
Ugw66C_keHH_1MeyMKV4AaABAg,@KonokSovon,Amazing content as always!,2025-01-29T08:32:33Z,0,0
UgzGJ1j7R63MUxQC0rh4AaABAg,@Friedmutze,I haven't watched Jack in years but Turbo Dismount sounded familiar. I watched Jack play the original a decade ago and now I am here to watch him play the sequel.,2025-01-29T08:32:21Z,0,0
UgysxjWwESujxXZxsix4AaABAg,@onepiecefannN1,Yooo Sean I love you man😭😭 our boys uploading videos like crazy 😂😂😂 I'm not complaining at all it's fun to see,2025-01-29T08:32:02Z,0,0
Ugwf_kyvhgolQzTX6pV4AaABAg,@iabproductionsofficial,"I paused the video at 0:29 and man......To think THAT much time has passed since I was a wee lad in the 7th grade....
Words cannot describe the nostalgia I feel when I think back to that day, My mom had came back from the store with a freshly new big bag of hot chips, I had that video on in the background laughing and chomping away at my chips as I watched my old friend here launch our unfortunate ragdoll buddy down burnout revenge lane.....and my brothers were playing xbox in the room next to me...Times were happier then....now? I'm 24 with more gray hairs than my mom...but I'm glad to see im not the only one getting gray hairs. Looks like time has taken the toll on both of us eh old friend?",2025-01-29T08:31:34Z,0,0
UgyuZgq433f_VwU9au54AaABAg,@kylelassiter8309,2014? man i was in middle school. simpler times when i could just put on some jack and forget about the world...,2025-01-29T08:30:21Z,0,0
Ugw8hsyUzr9IT7gNRl94AaABAg,@mangilaljat8616,"This was super helpful, thanks!",2025-01-29T08:30:10Z,0,0
UgyLvJo5GwzINOCqawF4AaABAg,@CalumDereck,"Awesome video, looking forward to the next one!",2025-01-29T08:29:48Z,0,0
UgyJvs4_FMY-zg3W8aJ4AaABAg,@JasonWatson-y9d,"This video was amazing, learned a lot.",2025-01-29T08:29:26Z,0,0
Ugwi04b29fRnxGTOAoF4AaABAg,@stratsboneless6270,ohhh that takes me back,2025-01-29T08:28:41Z,0,0
UgwTZ-e3WMbYtWtom9B4AaABAg,@almightytwinkie2171,"Jack, you should play a new game called Bat to the Heavens. It's kinda like shovel knight",2025-01-29T08:28:01Z,0,0
UgwjvHEt5n4i7qtx3xd4AaABAg,@mattstyles2498,"Not even trying to hide ur just being less funny Markiplier anymore with the hair, are u?",2025-01-29T08:26:24Z,0,0
Ugx-HKbusmuQXAMV1Ct4AaABAg,@mattstyles2498,"Amazed by features that were in the 1st game the whole time....😂
""I can drive???"" 
😂😂 How this guy rich?",2025-01-29T08:24:55Z,0,0
UgzFK5umJ3nSPVpWPbJ4AaABAg,@austinenox8349,All the way song 2.0?,2025-01-29T08:24:43Z,0,0
UgwTsdzQCWqpsN4l4754AaABAg,@tbugmurphy,"Thank you Jack, we needed this",2025-01-29T08:23:01Z,0,0
UgyiHadg2N84vFS3Lmp4AaABAg,@ThirtyS1x,"i cant be the only one to find jack through turbo dismount

i even remember how i found him and all the stuff i watch up till then to stumble on that lil old irish lad",2025-01-29T08:22:52Z,0,0
Ugyn_O_cLtOlkrTAAfd4AaABAg,@Blissful-rain,and here i thought this game died in a hole :O,2025-01-29T08:22:46Z,0,0
UgyFTZDTzjhfUT-0iZh4AaABAg,@barbaryenboy5490,I did not expect a sequel to this peak game,2025-01-29T08:20:55Z,0,0
UgzNr88VahdaTPJGhdN4AaABAg,@itsmejak7888,brought me right back to being a little kid again even though i graduated high school last summer,2025-01-29T08:20:48Z,0,0
UgySHstlGEafaCEfbIZ4AaABAg,@StuFro87,"we got Jacksepticeye to play Turbo Dismount in 2025 before GTA 6! lets go, loved watching these back in 2014 love the vids",2025-01-29T08:19:01Z,0,0
Ugyic6Wc2u1bHTQP7Vd4AaABAg,@miniwhiffy3465,YEAAAHAHHHH TURBO DISMOUNT 2!!,2025-01-29T08:16:46Z,0,0
Ugx_d_FVXtDNpXpwWGt4AaABAg,@galaxycraft2454,Get DanTDM to make a video NOW,2025-01-29T08:13:44Z,0,0
UgzlzaXxeURKUGFhVdF4AaABAg,@kookiemonster20051,At this point you could play oh sir insult simulator again ❤,2025-01-29T08:12:54Z,0,0
UgyjvAOXmmwUL_5tRdJ4AaABAg,@pinkyblueAPefc,Oh… my… god… I never thought this day would come.,2025-01-29T08:10:41Z,0,0
UgyzjvoSIp_OiuzjkC14AaABAg,@mathewbauer8166,I watched this when i was eight only I’m 18 now crazy how much time flies thank you for teaching me to be yourself since i was young sean much love,2025-01-29T08:10:40Z,117,0
Ugzf81oh-IQs6wGwsXN4AaABAg,@GarlicBread546,Oh god the 11 year nostalgia,2025-01-29T08:08:13Z,0,0
UgytA9ccVpnCHVqnoL54AaABAg,@Spidrpvnk,I was 7 when u played turbo dismount now im 17,2025-01-29T08:07:23Z,0,1
UgwmOm2_ZukyCf5qVcN4AaABAg,@waaksaam8525,Lol for the last one just use skateboard and go on sidewalk,2025-01-29T08:07:21Z,0,0
Ugz5qjeaf8kEUSM8RIl4AaABAg,@Xekium,I quickly ran off the school bus and scaled the ‘massive’ hill my house sat on top of to watch the first Turbo Dismount with Jack ❤,2025-01-29T08:06:34Z,0,0
UgwcId7KK4KVXOuRmrl4AaABAg,@adampf2635,"Love you, man. I've been watching the vids since the lonely cabin days",2025-01-29T08:05:05Z,0,0
Ugw722AXkv_i2Xmizzx4AaABAg,@petulantpeterturbo,Eleven years later....holy hell.,2025-01-29T08:04:01Z,0,0
UgzWi1NZCVRke66GDLJ4AaABAg,@masonthegrimreaper8745,Welcome back!!!,2025-01-29T08:02:13Z,0,0
UgwMb4KBBqZIVafn6JN4AaABAg,@Clockwork4001,"10 Years ago when you played turbo Dismount is when I first saw Jack, it's been really awesome to see Turbo Dismount 2 and Jack still playing! Great start to a new year",2025-01-29T08:02:08Z,0,0
Ugx4CPw4zFHkHsbD91h4AaABAg,@L.J.Africa,This takes me back to the good days of YouTube,2025-01-29T07:58:58Z,0,0
Ugw13sy7m8OhTuEnauF4AaABAg,@jakefromstatefarm7277,Felt like I was 12 again watching videos on my tablet after getting home from school lol. Genuinely made my day,2025-01-29T07:58:55Z,0,0
UgyrKYBTKbicHs5obup4AaABAg,@FloofyFoxBoi,"Omg, I legit just screamed in happiness, seeing this. I am so happy to see this game get a sequel.",2025-01-29T07:55:47Z,0,0
UgxH-Ha2QsprFlBSNml4AaABAg,@JohnyTsoug,that intro makes my heart warm,2025-01-29T07:55:15Z,0,0
Ugzm3I6hpB920hALUax4AaABAg,@jedifiter23,psychological whiplash,2025-01-29T07:53:21Z,0,0
UgzBDIOOy0nk9vy8Mz94AaABAg,@DutchiedeKat,7:54 He said the word 😃,2025-01-29T07:51:02Z,2,0
Ugxducf7vPYrltxDw3p4AaABAg,@kaseymathew1893,"Heya, Jackaboy! It's been a while.",2025-01-29T07:48:34Z,0,0
Ugw9ATvN5ATyV1_yiiJ4AaABAg,@justinnunez8877,"Hey Jack long-time fan here, could you replay a game called Pain? I remember this being one of my favorite game series as a kid. Just a random thought I had, hope all is well and have a good one",2025-01-29T07:46:38Z,0,0
UgyAI60L-8nz3v1xQI14AaABAg,@teckdeckhsnsm6440,sean are you 40,2025-01-29T07:44:49Z,0,0
Ugzbh1pGeYXA8BsRZ1p4AaABAg,@Oliver-su9ik,when next episode of hotline Miami 2 @jacksepticeye,2025-01-29T07:41:45Z,0,0
UgydWq3TF_czIEpm34V4AaABAg,@ellioteep,jack PLEASE play judero. its an indie action rpg thats almost entirely claymation and pen and paper. its genuinely a surreal beautify experience and my first thought was jacksepticeye NEEDS to play this,2025-01-29T07:40:00Z,0,0
UgxKMxm6sk4uac09_YF4AaABAg,@memphis8452,The damn police profiled you as Jacksepticeye,2025-01-29T07:39:31Z,0,0
UgzN4LjaUj3lZGRCke94AaABAg,@thaguy69,Tell me why this is this first JSE video I've seen at the top of my shit in over a year.,2025-01-29T07:38:10Z,0,0
Ugxpee4N-OoJWqJjtlV4AaABAg,@tstorm64m66,AIN'T NO WAYY BRRROOOOO!!!!,2025-01-29T07:38:00Z,0,0
UgxZGxBr-aXn2SL5MjN4AaABAg,@spider_elm,I hope there will be Señor Turkey Bird,2025-01-29T07:36:45Z,0,0
UgwoWMYTlN4oioo24N14AaABAg,@TheOfficialTeamTonyStudios,Let’s Goooo!! We are so back!! I can’t wait for mobile edition!!,2025-01-29T07:34:22Z,0,0
UgxDmEy5vV0xm5MZlSR4AaABAg,@TacticalLegs,im so old now:(,2025-01-29T07:32:35Z,0,0
UgxS7r1KHBS8vwdPekN4AaABAg,@Gurkmert.,This was a really good video !!!,2025-01-29T07:32:27Z,1,0
UgyAZBJCTndMGIdWGf94AaABAg,@nika.r5995,This whole video brought me to the good days,2025-01-29T07:28:44Z,0,0
UgzqtemqngDFCvK5bMl4AaABAg,@gk-5709,Thanks for uploading Jack!,2025-01-29T07:25:25Z,0,0
Ugz_oLeXdOk8LGSIhAp4AaABAg,@user-ck3qd9ju4c,god i missed this game i dident even know this was releasing what a treat.,2025-01-29T07:24:43Z,0,0
UgwD1lFoAdKPe8AKwAF4AaABAg,@Fluiad,Jacksepticeye gotta bring back 2014 never forget your roots,2025-01-29T07:22:31Z,0,0
Ugy1EveAWLXMBHZbxct4AaABAg,@bobbynally3776,I haven't watched your stuff since you still lived in your parents shed and now you look like someone I'd either see at a gamestore or at  ren-fest.,2025-01-29T07:22:06Z,1,0
UgzgwGe91sK43MFQ__l4AaABAg,@naejelangelogonzales6623,I love it. The nostalgia hits like an ingame car!,2025-01-29T07:16:57Z,0,0
Ugy98hRWrZAwDnKZjzF4AaABAg,@deltabecnoir,"WE ARE SO FUCKING BAAAACK! I GREW UP WATCHING THE TURBO DISMOUNT VIDEOS. HELL YEEEAAAAH! AND FOR THE MEMORIES ""SPEEEEEED IS KEEEEEY!""",2025-01-29T07:15:44Z,0,0
Ugw7Lu4wKNdrT2E22VN4AaABAg,@kryptic8030,Omg ive been watching sean for over a decade😭,2025-01-29T07:14:29Z,0,0
UgyS-j3wwRr4D9rVU7V4AaABAg,@spud4839,My childhood is back! ❤🔥👌,2025-01-29T07:14:09Z,0,0
Ugw0tEdIH2pl5JUQyeB4AaABAg,@zmethod8490,holy nostalgia vibes i think i might cry,2025-01-29T07:11:18Z,0,0
UgxrfaGkqh1GTRLUY3p4AaABAg,@The_MrCookie,First viscera cleanup detail 2 then human fall flat 2 now turbo dismount 2 all the games i never expected to get a sequel are now getting a sequel,2025-01-29T07:07:52Z,0,0
Ugw2ASt6-kFgwW54giF4AaABAg,@madladop744,I remember back in the day when I was like in second grade after I came home I would steal my mom's phone and run the mobile data dead watching these videos for hours I used to watch things like this all the time back when I was a child and I loved these videos out of you Jack!,2025-01-29T07:05:14Z,0,0
UgzGNz9zOe_NjAOyPGd4AaABAg,@BigStrxtch,My childhood has come back,2025-01-29T07:04:40Z,0,0
Ugwzu_MsJa6CfdE42QR4AaABAg,@torchedwebs,i feel like i'm elementary again oh my goodness this was instant nostalgia wow,2025-01-29T07:03:53Z,0,0
UgxF54VDd_63t5yXL0p4AaABAg,@meolsei,"THERE'S A SECOND ONE??????
WELCOME BACK MY OLD JACK",2025-01-29T07:02:03Z,0,0
Ugx1vzSDl98LRBTKKNR4AaABAg,@jeffparker8636,NO WAY I NEVER CLICKED A VIDEO FASTER IN MY LIFE,2025-01-29T07:01:38Z,0,0
Ugz6eJ84p31JgIEc-bF4AaABAg,@ninjanarnian564,"I was NOT expecting this video but when I tell you I was immediately brought back to when I was 13 and laughing just as hard as I did back then it's nowhere near a joke. Thank you Jack, I really needed something like this today.💚💚💚",2025-01-29T07:00:29Z,0,0
UgxfSLSuMbb_QmkWaSF4AaABAg,@melaniesenobio4289,new sub🎉🎉,2025-01-29T06:59:17Z,0,0
UgzzNOlRqJF3cAdZvzR4AaABAg,@radiantduality8366,"God, I just went back in time.",2025-01-29T06:59:00Z,0,0
UgyDUwNtqzU1gJAWc7p4AaABAg,@Communist_Puppet,I feel like the food critic in Ratatouille right now,2025-01-29T06:58:57Z,0,0
Ugy_I9w_k96E6_yTBAV4AaABAg,@mapledurr,We are SO BACK,2025-01-29T06:58:45Z,0,0
UgzGl2duIXR51fZzVlJ4AaABAg,@mistertorguehighfiveflexin5477,"Wasn't turbo dismount the game that started ""SPEEEEED IS KEEEEEEEY!""?",2025-01-29T06:58:11Z,0,0
UgzNir6lx8sUS2DP_U94AaABAg,@willgray8139,"YEEEESSSSSS
Turbo Dismount was my first Jack video 

We are SO BACK!",2025-01-29T06:57:59Z,0,0
UgyG7Av7rcldXIfnOvB4AaABAg,@jokerrekoj2,Damn I was 9 when I started watching you now I’m 20 @Jacksepticeye,2025-01-29T06:57:58Z,0,0
UgyFIYD0gyXIbOV8pWd4AaABAg,@beandaddy720,"I hope they add the chicken car back in, its a classic",2025-01-29T06:57:57Z,0,0
UgyPMCEBImV7JrFbiQ94AaABAg,@Gamertime65,"I started watching Jack as the first YouTuber I subbed to when I discovered his original turbo dismount videos. I was like 12 or younger, now I’m 20.",2025-01-29T06:57:47Z,0,0
UgxvColml0iU0q1P8hJ4AaABAg,@UnknownCryptics,This game is one of my favorites on the Mobile.,2025-01-29T06:57:43Z,0,0
UgxkQC6NQ24dMS2RtV94AaABAg,@radiumraven2499,Diceroll is putting in the fucking WORK,2025-01-29T06:57:42Z,0,0
UgyMFn-UZf8R6Y1QC3J4AaABAg,@_Mentall_,"HE DID THE THING!
I watched the OG vids and realised fuckin 'ell have I been watching you for this long?!?
No ragerts!",2025-01-29T06:53:53Z,0,0
Ugwjr4cq6WMSTMly1KJ4AaABAg,@nico-kitten,We are so back,2025-01-29T06:52:57Z,0,0
UgyOr0r58HaaGcN8I6F4AaABAg,@minetieplays2092,the slo-mo music has confirmed to me that these developers are absolute geniuses,2025-01-29T06:52:21Z,1,0
UgzB3u37i4lSFE3KdRF4AaABAg,@Jet-lx8uh,this just feels right,2025-01-29T06:50:05Z,0,0
Ugyzn13bCooLynIMu-d4AaABAg,@karliemickanuik8625,Your play through of turbo dismount is how I found your channel this is so nostalgic,2025-01-29T06:49:31Z,0,0
UgxU-Rv2OkBV_nkqm0N4AaABAg,@Kinbako,"The nostalgia be hitting hard with this one.
Been some years since I watched your videos",2025-01-29T06:47:32Z,0,0
UgzajO_f-PoWBFyyVY14AaABAg,@pancakeidiot14,"this is where it all started for me, and how I first found ya Sean, the nostalgia hits hard",2025-01-29T06:43:38Z,0,0
UgyZJ3QABOHw9VkQAIJ4AaABAg,@Flymonster0953,I remember watching turbo dismount 1 videos in 2014. Ahh the times,2025-01-29T06:43:11Z,0,0
Ugz8trPtyaXhu2ftMuh4AaABAg,@XenoFlameVR,I’m waiting for Jack to play MiSide now tbh. He’s played Doki Doki before.,2025-01-29T06:43:06Z,0,0
Ugzx9LBvIujyd3VoHId4AaABAg,@IncinnaG,FUCK YES! HELLO JACK! I HAVENT BEEN AROUND FOR AWHILE BUT I SAW THIS AND I COULDNT WAIT ANY LONGER,2025-01-29T06:42:57Z,0,0
UgzpSgaMV5LciI4Fx6Z4AaABAg,@elytron6758,Ah yes…brings me back to when I was happier. Thanks Jackaboy!,2025-01-29T06:42:51Z,0,0
Ugx32KbsN9vTEeZY4354AaABAg,@blueiblis250,"Ahhhhh...The good old days of turbo dismount. 

And actually yes there was a non-copyright descript vehicle that had x formation of 4 wings and...the dreaded...the fearful... *chicken*",2025-01-29T06:41:55Z,0,0
UgzWnZWBFMoDXVGG1Ah4AaABAg,@xavierprince4316,Thank you jack you made me laugh as hard as i did when i 1st watched,2025-01-29T06:41:44Z,0,0
UgzH8Tg7_3ODWbFn1d14AaABAg,@creasedknight6222,"All he needs is to shave , the hat, and the bed frame in the background",2025-01-29T06:41:01Z,0,0
UgzhSW3pRu_UDExv7Xt4AaABAg,@tubby-rex4162,Blessed be ❤,2025-01-29T06:40:56Z,0,0
UgyTEgzuMPMa2wAKrFB4AaABAg,@Exither.,"I am absolutely flabbergasted that they released a sequel, its been so long since I've seen anyone play Turbo Dismount. Looks like it's time for more death and destruction lads!!! 🗣🔥🙏",2025-01-29T06:40:06Z,0,0
UgwcxHxAUCgRpWSAY7h4AaABAg,@DailyDarsh,This brought me 10 years back damn❤,2025-01-29T06:39:07Z,1,0
UgzRE_0ZZNq7LaFPHSV4AaABAg,@Ckmb2jipjij,"please make this a series, this was my childhood",2025-01-29T06:37:49Z,0,0
UgzQLjX8Y5lk42eV3tp4AaABAg,@chaster_mief,"0:45 who tf did that edit? We all know it was PINK lightning and I'm very disappointed in the editor, learn your jack lore",2025-01-29T06:36:59Z,0,0
Ugw3X1KRMcJj8zVAqAx4AaABAg,@coozman64,Cut your hair,2025-01-29T06:36:43Z,0,0
UgzRMEJz1LTDrRpE3a54AaABAg,@Kids_Scissors,22:50 THE QUAD-FIN FIGHTER FLIES,2025-01-29T06:35:51Z,3,2
Ugy_pE2AH36E-6usXgt4AaABAg,@jkljosh7392,I randomly get the urge to check what jacks up to and I SEE TURBO DISMOUNT???,2025-01-29T06:35:16Z,0,0
Ugw6QPPmx-dA_YqrJ414AaABAg,@ShadowVibesadventures,"I'm sick when i write this and watching this video jack, and my mood was down until i saw this video and you made my day so thanks for making another funny and day making vide🤒",2025-01-29T06:34:49Z,0,0
Ugz5uUjmzTyfExxhfPJ4AaABAg,@jakebanks7326,You should go back and play Overgrowth again I know it’s been like 10 years but make for a good video idea with mods,2025-01-29T06:34:25Z,0,0
Ugy8hkqRzTkWY8U6GQx4AaABAg,@jamievee8375,Amazing to see this game back !!! So glad to see you having fun too!,2025-01-29T06:30:55Z,0,0
UgymgrfV-r1PMgzhLEB4AaABAg,@alphaslicer3653,Turbo Dismount is how I found Jack,2025-01-29T06:30:10Z,0,0
UgyVKB2fr1VGBWaE2DB4AaABAg,@melanied917,"17:43 the face in the car that hit you made it 10000× funnier than it already was😂

Gosh i laughed so much during this 😆",2025-01-29T06:30:06Z,0,0
UgwCBST6xkJ9tgSLr2Z4AaABAg,@apersunthathasaridiculousl1890,"“Everyone is faster than me for some reason”

He says whilst trying to merge on a highway riding a quad bike 💀",2025-01-29T06:30:00Z,0,0
UgwDllZlVvfY3sZYmTd4AaABAg,@PupdudePwns,"Jack, why do you look like Qui-gon Jinn?  It's a good look, I'm just confused.",2025-01-29T06:29:31Z,0,0
UgxYuc7-Nwc8BxFiGZR4AaABAg,@Keegan-T,"damn that ""pink lightning"" took me WAY back",2025-01-29T06:26:40Z,2,0
Ugz0JAWJqNiECwqCkst4AaABAg,@classicbozovr5232,Oh man the flash backs bro just gave me lmao,2025-01-29T06:25:06Z,0,0
UgxDZzgU5LtefNPYViZ4AaABAg,@bigfella1236,Omg I got so excited and didn’t even think I was reading it right,2025-01-29T06:24:17Z,0,0
UgxetRwfho23cu29ukh4AaABAg,@DoctorAlter,Oh my fucking god It's back,2025-01-29T06:24:05Z,1,0
Ugz9gS5NxVcPjcMD8AV4AaABAg,@maxpane5506,Seeing jack happy after all these years is great,2025-01-29T06:23:56Z,0,0
Ugxp01XLV0F80MVUfiN4AaABAg,@karissarasmussen567,I definitely needed this especially after a rough day at work 😔 Thanks Jack 😊,2025-01-29T06:23:54Z,0,0
Ugyn-eKKaqbcNpFXAPB4AaABAg,@pufferfish-r1f,HELL YEAH IT IS SO BACK,2025-01-29T06:23:37Z,0,0
UgwfoUd71har_TfUf994AaABAg,@biffwalen,Oh Hell Yeah!! Classic Jack is Back!! This gave me the laughs I needed today. Thanks Jack!,2025-01-29T06:23:37Z,0,0
UgwzvdKwh2Ut0f7FnzZ4AaABAg,@danielmora7165,What happened to daddy siren head 😢😢,2025-01-29T06:20:09Z,0,0
Ugx2-QFucAFs8zsGpYB4AaABAg,@sunrider3238,"""As long as I have control we are still in the game....Dammit"" LOL
My High school days are coming back! I would watch his videos after school! Him and Markiplier and I love hearing his laugh it reminds me of the good ole days!",2025-01-29T06:19:52Z,0,0
UgwVBTHqW2ny1gmGrXR4AaABAg,@samanthasoares4806,The face animation reminds me of Saddam Hussein in South Park 💀,2025-01-29T06:19:49Z,0,0
Ugz90wRDKRj3Z5SeJVh4AaABAg,@Pilvekee,You can edit the power of the speed pad JACK!,2025-01-29T06:19:28Z,0,0
UgwQNYQjjb1ek1ZasoV4AaABAg,@exhaustedcrowbie,That's a title I never thought I'd see again,2025-01-29T06:18:37Z,0,0
UgzQ8fyb8rLDFwKLIXl4AaABAg,@mikehaynes-t6y,Its always cool when jack does his classic intro.,2025-01-29T06:16:38Z,0,0
Ugxg7Si9B8sKrunHDjR4AaABAg,@kkay000,The nostalgia is so real :),2025-01-29T06:15:16Z,0,0
UgwslJuObCEewqWtPEF4AaABAg,@albertdiehl1298,"Man I miss those days of gold ol’ rage and big lightning. 😂😂😂

Turbo Dismount is back! 😂",2025-01-29T06:14:01Z,0,0
Ugz_ogQsqaT3MH1jk454AaABAg,@Pappaperc,"Havent seen the video yet, really hope PINK LINGHTNIN is still in the game",2025-01-29T06:11:07Z,2,1
UgzTWARYfuuankVQe8Z4AaABAg,@melanied917,I'M SO HAPPY and EVEN HAPPIER bc you seemed so incredibly happy ❤,2025-01-29T06:09:22Z,0,0
Ugwcux3UtX0Xww_50Gh4AaABAg,@thesicksteven8444,Question for you Jack: why is your hair grey? No offense.,2025-01-29T06:07:05Z,0,0
Ugyasd8mVa_Jiv6_ghR4AaABAg,@thesicksteven8444,Hell yeah is good for Jack to be back to his 2014 self.,2025-01-29T06:06:27Z,0,0
UgwiGQLGwGYHalVAREd4AaABAg,@NexWol,I HATED turbo dismount how could you jack,2025-01-29T06:05:52Z,0,0
Ugy9v1WGtpp48Y3HRhZ4AaABAg,@BerserkerBoar64,"My 3 favorite things Jack would say during turbo dismount.

1: NOTHING STOPS THE SQUATCH!!!!

2: OWWWWW PINK LIGHTNNNING!!!!

3: SPEED IS KEY!!!!!!",2025-01-29T06:05:01Z,0,0
UgzbV2vHM9kUrSVawPV4AaABAg,@flowerbridge_,OMG I WATCHED JACK PLAY THIS ALL THE TIME WHEN I WAS 9 IM 19 NOW IN COLLEGE SO EXCITED TO WATCH!!!,2025-01-29T06:04:23Z,1,0
Ugzrs578HWrx3eETrd54AaABAg,@rainren1101,omg so many great memories are flooding back!!!,2025-01-29T06:03:24Z,0,0
UgwT-MJjY3Y6ZPgGcs94AaABAg,@RealMilester1,Return of L.A.U.G.H. is close. I can feel it,2025-01-29T06:03:06Z,0,0
Ugx2gllJpqzE80W8FwJ4AaABAg,@jamesbryantdy6281,"I watched him play the first one in high school, and now I'm in the Army watching him play the second one😭",2025-01-29T06:02:46Z,1,0
UgzIrnFO3ayBYNMYFXR4AaABAg,@danielatthemovies7554,This feels so good to see. Sean just having a good time,2025-01-29T06:02:41Z,0,0
UgyAU5nBzAbXsPkyzXV4AaABAg,@pmaguire13,"THANK you guys so much for watching, if you liked it  punch that like button IN THE FACE, LIKE A BOSS and high fives all around *wapoosh wapoosh*; Thank you guys and I will see all you dudes IN THE NEXT VIDEO!",2025-01-29T06:01:04Z,0,0
UgyT4jV3dyvE6vF9Sg54AaABAg,@MurkTempers,My favorite meme EVER to EVER exist: “ah look at me little dainty feet…”,2025-01-29T06:00:27Z,0,0
UgzX5GAD9b5tHCUWszt4AaABAg,@mastercraftgaming5294,OH!!! I REMEMBER THIS GAME! Played it when i was younger,2025-01-29T06:00:05Z,0,0
Ugx_gBpnBbC8_07giXR4AaABAg,@khaens1116,"""You're as beautiful as the day I lost you""",2025-01-29T05:57:35Z,1,0
Ugy5f_oGhHU4p8klxJJ4AaABAg,@DrifterInbound,"jack, your dismount videos from back in the day helped me during tough times. today. I get to recreate the times that got me through it. I'll be curled up under my blanket with my laptop to watch this, eating popcorn. 👍",2025-01-29T05:57:13Z,0,0
UgywsX3Zy_Xevn31-aN4AaABAg,@tygogo24,i just wish bro would let go of w in the air,2025-01-29T05:56:05Z,0,0
UgymoIm9zkdM8xmSZvd4AaABAg,@Sergeant-101,Jack-a-boys back baby!!!!,2025-01-29T05:54:57Z,0,0
UgxjhOQjl1dTXpIDdQx4AaABAg,@LazerGlassX3,"I LOVE YOU DUDE, NEVER STOP THE GRIND❤❤❤❤❤",2025-01-29T05:54:25Z,0,0
UgzyEDbdIUGTJByNWGh4AaABAg,@brandtlucasbrandt,A RETURN TO TRADITION!,2025-01-29T05:53:38Z,0,0
UgwBOuusAWadeC5c9aB4AaABAg,@randymedina3252,You should've finished the video with your outtrow,2025-01-29T05:51:59Z,0,0
UgxqFUdM1jwAswyeicd4AaABAg,@jackrogue3696,"Turbo dismount in 2025 is crazyyyyyy, THE NOSTALGIA!!!!",2025-01-29T05:48:45Z,0,0
UgyUW4g64hoPnZesOuB4AaABAg,@thycocobean,That intro gave me SO MUCH WHIPLASH,2025-01-29T05:48:42Z,0,0
UgylLq6i_3J3uCXexcx4AaABAg,@trustyoldiron5416,"I COULD NOT click on this video fast enough once I saw the title. I was not disappointed! Also, Jeb mentioned!",2025-01-29T05:48:26Z,0,0
UgxthICmOD71xnlRq8N4AaABAg,@SkaanR,"ive been watching you since i was in the 2nd grade, i go to college now but watching this really brought me back i love your videos ♥",2025-01-29T05:47:26Z,0,0
UgxUdDavo8x27155G8J4AaABAg,@NotThatPanda,Seán you NEED to play Doom: The Dark Ages,2025-01-29T05:46:55Z,0,0
UgzCHj6C5OZk81lt6zF4AaABAg,@luv4brady,i remember when you played the first one,2025-01-29T05:46:54Z,0,0
UgzFbK27jDiPvfE-J4h4AaABAg,@jacksonsmith5864,I know what im binge watching tonight. Back to 2014 we go!,2025-01-29T05:45:35Z,0,0
UgwhFHNvl_1H4uigJ_d4AaABAg,@crazymybini9137,The 80s por music is so back,2025-01-29T05:44:29Z,0,0
UgwVlLudr5YnCH9bzih4AaABAg,@SpinosaurusIsCalling,Can’t believe the last time I saw you play turbo dismount was over a decade ago.  Insane,2025-01-29T05:44:10Z,0,0
Ugyu9qjD2x4Eqodk3sN4AaABAg,@wizardsavelives,hey so imma need you & cory to collab soon! okay love you thank you byeee!!💚,2025-01-29T05:43:07Z,0,0
UgwebbXp6EYe5liEAZ14AaABAg,@zanewinterfield8573,"I remember getting the first turbo dismount on mobile when I saw your first turbo dismount. Now, I work in the Mil and I get to see some of my childhood, again. You truly are a part of my childhood. I love you (no homo. lol) and hope your videos just keep getting better.",2025-01-29T05:41:47Z,0,0
UgwwHw56cC4E_SZZ3Vd4AaABAg,@unknownprodigyLIVE,Why did I always think it was pink lighting 😭,2025-01-29T05:41:20Z,0,0
Ugx6dJp-CGAOYBo15tR4AaABAg,@SagesArtCorner,I almost started crying hearing that classic chaotic intro,2025-01-29T05:40:45Z,0,0
UgzCQifRpon2HPFdoY14AaABAg,@reaper_9886,forgot how funny you where i haven't watched a video in a while,2025-01-29T05:37:17Z,0,0
UgxLS6EBrXIIaDIP5kx4AaABAg,@AustinTharp-qu1js,It's back baby!,2025-01-29T05:37:12Z,0,0
UgycZuxzux58yxML3tF4AaABAg,@chriscarpenter3370,"when he said ""TOP O' DA MORNIN TO YA LADDIES!"" I felt that",2025-01-29T05:37:00Z,0,0
UgwvuBe-GzZdQSiYMEx4AaABAg,@Fjord_Citadel,Build more spring tramps!!! 20:44,2025-01-29T05:36:26Z,0,0
UgyZUdaw69_uf304u914AaABAg,@SCP-mn3uk,I know you don't know me but I have to thank you for making videos I loved watching your original turbo dismount videos ad they were coming out they helped me get thorough a lot of dark time so once again thank you,2025-01-29T05:35:54Z,0,0
UgzU88wqMZsXCri5XqV4AaABAg,@ryankendall5176,Turbo Dismount 2 truly is the Return of the King,2025-01-29T05:35:42Z,0,0
UgyS8bWfnaQ_UU74vjJ4AaABAg,@Imaplant7,Hell yea,2025-01-29T05:35:37Z,0,0
UgwkCIHLoSdFyv0BBjV4AaABAg,@2O.2I,if this video wasnt released i wouldve forgotten about turbo dismount forever,2025-01-29T05:35:09Z,0,0
UgxgqFvnlRakQrunFKJ4AaABAg,@ryanhurley4535,Loving the hair! Glad ur showing ur age! Makes me happy to watch someone my age having fun. Thank you for keeping this going Jacko!,2025-01-29T05:34:40Z,0,0
UgxnANai-LYdRrRyWRV4AaABAg,@_Soul_Of_Sorrow_,I remember watching Jack play this forever ago,2025-01-29T05:34:25Z,0,0
UgwrILrdJMGD4HhT18x4AaABAg,@frailtactics,Jacksepticeye you are my childhood hero,2025-01-29T05:34:15Z,0,1
UgxGUVn-or-i0qNjwWd4AaABAg,@davidlawn8539,Yo jack can you play Happy Wheels again,2025-01-29T05:34:10Z,0,0
Ugwc_Dfgv5ma5gKXy_V4AaABAg,@ReallyOutThere2,The nostalgia oh my gosh😭😭💞,2025-01-29T05:33:49Z,0,0
Ugwz1X3gKN0VuyadEaB4AaABAg,@ZacheryMoore-cr6ef,Sean I need some help. I'm getting too tired of me.,2025-01-29T05:33:31Z,0,0
UgzSMarzcpm_78FC7g54AaABAg,@anonymous-mj8wb,THEY MADE ANOTHER TURBO DISMOUNT!!!!????,2025-01-29T05:32:33Z,0,0
UgzPYtn7HfpaFv2HMyd4AaABAg,@BenKeiKO,Were back baby,2025-01-29T05:31:11Z,1,0
UgxL6yIB_vQdroQldv14AaABAg,@Piercethecitzen,Never in my life did I think I’d hear top of the morning and turbo dismount being yelled by a Irish man again,2025-01-29T05:30:09Z,0,0
UgxOJjSeQy-gYxF_m614AaABAg,@raptorhunter4836,My inner child has been healed,2025-01-29T05:21:31Z,1,0
UgywHC-PCWgN4ix2wgN4AaABAg,@GratingIceTin,"I still don't get the charm of turbo dismount, I just know that there's charm❤",2025-01-29T05:19:29Z,0,0
Ugzn95aTgskxYh8ic7N4AaABAg,@jodacee,Play goat simulator remastered now ‼️,2025-01-29T05:18:29Z,0,0
Ugx3LYeNtFELJqYQsqp4AaABAg,@SimplySomethin,"It's nice to see Sean playing these kinds of game more. I love seeing this older ""LIKE A BOSS"" energy again

ALSO, I have a bit of a request for ya:
You should play the full release of AngerFoot. You only played the Early Access / Demo Version of it I'm pretty sure but it seemed like you liked it and the game looks hella awsome now. Anyways other than that, keep up this kind of content! I literally eat these new vids up. 😀",2025-01-29T05:18:24Z,0,0
UgyTERBmna0ZHnnDrxx4AaABAg,@bmo-177,I remember watching you when I was 12-13 years old playing this. I’m 22 now,2025-01-29T05:16:11Z,0,0
UgxMnYNpVq4rGT7ca_l4AaABAg,@XeZzamE,"literally grew up with jack's original turbo dismount videos way back in the day, so seeing this in my recommended made me beyond happy <333",2025-01-29T05:15:37Z,0,0
Ugzvtp0cYKrRxdp8rYx4AaABAg,@moscowttuber253,0:45 oh yess!!,2025-01-29T05:15:22Z,0,0
UgxlTSQsoagNa1yxW5x4AaABAg,@lenniemaeramos7684,Bro i haven't watched you sice covid 19 its nice to be back,2025-01-29T05:14:46Z,0,0
Ugyb3SlOG7fzpnWg6Xp4AaABAg,@yumatsukumo8172,"Man, I wonder when Jack's gonna play Sekiro...",2025-01-29T05:13:32Z,0,0
UgzRH1JCJR2FUSNWRbt4AaABAg,@leodiamond9743,Wow jack turned himself into Romain Grosjean😂,2025-01-29T05:13:07Z,0,0
UgwbYX9ROvz0lb6jYIV4AaABAg,@moscowttuber253,"the mem parts of your turbo dismount videos
the penatraiter
ohhhhhhhhhhhh! pink lightning
nothing stop!!!!!!! the squatch",2025-01-29T05:12:26Z,0,0
UgypH3iDJ1_bic6twqd4AaABAg,@shobhandevasagayaum3276,"Turkey bird
Snow plowed 
The Quatch!
Ohh pink lighting!

The memories are flowing back!",2025-01-29T05:11:14Z,288,4
UgxdvuxqunW4_XwU_0Z4AaABAg,@brbdogking7643,"As soo as I saw this on my home page I clicked it, HELL YES",2025-01-29T05:11:01Z,0,0
Ugx7BvuOKsBcRu_aiSt4AaABAg,@mmmmhi1234,I remember watching the originals 9 years ago at like 2am,2025-01-29T05:09:18Z,0,0
UgxuPxEggDAMEVI7WKh4AaABAg,@GaryTheGoose884,11:56 jack: this thing seems fast! Me: that is literally a model T,2025-01-29T05:07:07Z,6,0
UgwdoBcx1WdI7femzJN4AaABAg,@sam_sam3273,"I just miss jack screaming at happy wheels , bad quality playing madmax damm",2025-01-29T05:06:51Z,0,0
UgyOWfVtiI1qFUo21SF4AaABAg,@nikosmarnelakis2092,i saw the full video. still dont know what the point of the game is. seems like a bad skate copy with a bit of beamng?,2025-01-29T05:06:37Z,0,0
UgxGCJJHMD-zjgvjwep4AaABAg,@NoahJ2005,"So convenient I just crash my car and see Jack playing Turbo Dismount 2 on my recommend how ironic.

Although I must say the video is pretty top notch 10/10 love the video.",2025-01-29T05:06:20Z,0,0
UgxheeL0vvlpO1Am3XN4AaABAg,@jamescaulpetzer3566,Dude its so good to see you genuinely happy and having fun. I hope we will see more Turbo Dismount 2.,2025-01-29T05:06:01Z,0,0
UgybzPU91ZnLwJfwXNx4AaABAg,@cosmicbilly,"Its wild to think how fast time flies by. 
2014 Jack is 11 years old already😅

They grow up so fast😭",2025-01-29T05:05:06Z,0,0
UgwlK6Bj4Kq3S_PG_RZ4AaABAg,@k_man_raps,"You driving your totally desecrated car slowly past that officer made me think of Planes, Trains, And Automobiles 🤣🤣🤣",2025-01-29T05:04:40Z,0,0
Ugw5gtdeMiKw4xBhCn14AaABAg,@Chipppyyyy,"Sean I think you should play Lies Of P 🙏 it's an amazing souls-like that actually gets the formula down to a tee. Highly suggest you play it, series or not.",2025-01-29T05:04:35Z,0,0
Ugy5FRgsZgD_fHHo9Dd4AaABAg,@KaiaTheAxolotl,I CLICKED SO FAST WHAT,2025-01-29T05:04:13Z,0,0
UgykF02634A1gVqY1bN4AaABAg,@ItsWesels,My mom just had her first stroke so I'm here to support her ❤,2025-01-29T05:03:44Z,0,0
UgzKU1CIiZ_XjGz2F2x4AaABAg,@AlexGaminn,No way the OG intro,2025-01-29T05:02:34Z,0,0
UgyE652jHXYZBEPIxvV4AaABAg,@demonslife,I wonder if Sean will play Skydance's BEHEMOTH or unknown tapes,2025-01-29T05:00:54Z,1,0
UgxC9NbRdMtPV12CVVt4AaABAg,@bloodlust4337,"Absolute nostalgia in this one, can’t wait for more turbo dismount 2 videos, would love to see some faster more destructive vehicles to crash into!",2025-01-29T05:00:46Z,0,0
UgzP6O2nLbsgMDyflHh4AaABAg,@da_master_of_foxes,"I remember watch you and Mark play this game growing up. It was fucking awesome, and I'm in college now!!!",2025-01-29T05:00:36Z,0,0
UgzJVosw5DUWnnnLD9h4AaABAg,@matthewrobinson1699,The sequel?! Ok! Sure! Just drop that of a bombshell onto us!,2025-01-29T05:00:00Z,0,0
UgzK00mVinE-LnEmcGl4AaABAg,@Beandobbin,Nature is healing,2025-01-29T04:59:29Z,0,0
Ugyn7m8ZdxwvC2Nrxzh4AaABAg,@insideptsmind,5:21 hail to the bus driver,2025-01-29T04:59:21Z,0,0
UgxMf50MfdERdzTeRT14AaABAg,@thelegendarysamurai150,Sean they released an attack on titan vr game. It’s been out for a while. I’d love to see you play it on your channel one day,2025-01-29T04:59:21Z,0,0
UgxGqFCgMF7XIBMGmMZ4AaABAg,@THEOVERWRITER,The nostalgia really hits me in my face.,2025-01-29T04:59:19Z,0,0
UgzdZ31CaEq5BO22iXV4AaABAg,@austinsorenson253,We need the turkey bird,2025-01-29T04:59:10Z,0,0
Ugz4Oeqx4rFGImMRGjZ4AaABAg,@ShaneMefford-ur2mx,"""WHY ARE THEY ALL DRIVING SO FAST"" POV: american traffic 😂",2025-01-29T04:58:58Z,0,0
Ugy7HWR7MW_skXRKgf14AaABAg,@katherine1233,I FUCKING LOVE JACK,2025-01-29T04:57:48Z,0,0
Ugy2hWt86dqHB5NRbjx4AaABAg,@singinginthebassment,"OOOOOH, I LOVE TURBO DISMOUNT SO MUCH",2025-01-29T04:56:41Z,0,0
UgylIRl6ZRkk_gRsF8x4AaABAg,@Antiferromagnetically,Guess who's back. Back again.,2025-01-29T04:55:23Z,1,0
Ugyx4m_whBOcJUxMdH54AaABAg,@christopherestes6760,LMFAOOO 14:49 that was the most brutal of them all!!!,2025-01-29T04:54:06Z,0,0
UgyhooblfCdXUPxJjw14AaABAg,@joemassey3461,I'm glad turbo dismount is finally back! But I'm sorry that I checked out all the videos! I was very busy!,2025-01-29T04:53:52Z,0,0
Ugx_SIsl3EJgXY_u4dh4AaABAg,@TE_53349,If he had of realised the ring of fire stopped the f1 car all the time. Maybe removing the ring of fire was the was to do it?,2025-01-29T04:53:03Z,0,0
Ugy_DlsxRIUTfm_Gr8d4AaABAg,@Blueberryvr.0803,Hiiii Jack!!! (If he responds i will be so happy),2025-01-29T04:52:33Z,0,0
UgxKJkwX4ErI0lgmavh4AaABAg,@harshitakulsaini3944,"Jack: welcome back
Me: you too",2025-01-29T04:51:40Z,1,0
Ugw_UjE5wRxEO3k3ZCB4AaABAg,@brittanysolano6833,"I loved the little scream face he put on the Jackiboy. XD
I could perfectly hear the scream every time.",2025-01-29T04:50:41Z,0,0
UgzuXxllTnO0glvKHch4AaABAg,@trillfactory4478,I named my first smartphone Pink Lightning! lol,2025-01-29T04:50:16Z,0,0
Ugx_NTtoUUZ00QASP-B4AaABAg,@JoelHomieShow,"I can't believe Seán did't catch that the editor put ""big lightning"" when he clearly said PINK LIGHTNING like bruh...",2025-01-29T04:49:52Z,0,0
UgzDgjv02MeCDRIYpV54AaABAg,@420highboi4,Jacksepticeye/sean i dont know you personally but I love the content you make and i love the positive energy you've been bringing to your videos for years. I've been watching you for 12+ years and I will support you in any of your endeavors!,2025-01-29T04:49:40Z,0,0
UgxBAOftfB463YR3X8h4AaABAg,@ikn0waplace,"man, this gave me flashbacks to being in absolute stitches laughing under my covers at 3am in 5th grade, watching the og turbo dismount series. best times.",2025-01-29T04:49:00Z,0,0
Ugz733QMrZDE26OTU9p4AaABAg,@BobRod-mi8rq,Back to playing games. Good good.😂😂😊😊😊🎉🎉🎉,2025-01-29T04:48:42Z,0,0
Ugyj_JiZ1UIiSbEIDL14AaABAg,@Futile_Mist,The Classic Jack is Back Once more!!!!!,2025-01-29T04:48:23Z,0,0
UgxqiG-0jm2yPwuY4fx4AaABAg,@aidencull1768,"My first ever video I watched of jacksepticeye was turbo dismount, so this video made me so happy 🥰🥰",2025-01-29T04:46:37Z,0,0
UgwS5kxqj11AZYPwm7d4AaABAg,@ZomboiU2623,Oh my gosh the squatch part had me rolling on the floor laughing😂 love you videos jack have a wonderful day 👍,2025-01-29T04:46:34Z,0,0
UgyMCFxq5XpcG04Jzth4AaABAg,@orpjest,"@jacksepticeye    25:37  I’ve noticed it starts to flip backwards whenever you accelerate, but if you reverse you’ll flip forwards. Also wanted to let you know that you could adjust the acceleration of the thrust pads, the same way you adjusted the ramp! Hope this helps! And I’m so so happy for Turbo Dismount 2!! Can’t wait for all the vids!!👀❤️❤️",2025-01-29T04:41:49Z,2,0
UgzWrtkt6Qs2mKqGO1l4AaABAg,@Kratos_Messi7050,"My first exposure to jacksepticeye is a turbo dismount video, this feels oddly familiar",2025-01-29T04:41:46Z,0,0
UgxH07AYH8HoQ5uTzHN4AaABAg,@Da_Guy,21:45 Babies first curb dinner,2025-01-29T04:41:39Z,7,1
UgwBgjcuyioiNDfm3yd4AaABAg,@JacySanjunXiao,"Watching Sean playing turbo dismount again is like knocking to a door, filled with nostalgia gift from my childhood days, watching him playing this or happy wheels during early to mid 2010's.",2025-01-29T04:41:26Z,0,0
UgywJ5miLf34P23T75Z4AaABAg,@flowzone3955,my child hood,2025-01-29T04:41:22Z,0,0
Ugw8iidZP_gwiKHmSap4AaABAg,@Luiz_orneduom,We so fucking back.,2025-01-29T04:39:33Z,0,0
Ugx4o-KbbdZ3V73pYjt4AaABAg,@darrellitobeard4440,"I'm not sure I watched you old Turbo Dismount videos, but I still have the og game, and remember old videos of it.",2025-01-29T04:39:11Z,0,0
Ugyf4ZU3M9f4BtDgQ7l4AaABAg,@jraymond_123,"SOME ONE CALL THE SQUAD, REVIVE THIS",2025-01-29T04:39:09Z,0,0
UgwEM8MDQdPkvooOhz54AaABAg,@unofficialgamer209,This better become a series. Revive young(er) Seán!,2025-01-29T04:39:07Z,0,0
UgwuKOg-TZ2hCQACdlZ4AaABAg,@ducky3264,i havent laughed this hard in years,2025-01-29T04:38:48Z,0,0
Ugy_hnRWe-322uSvdfN4AaABAg,@shadowphantom5407,i cant believe they made a 2nd game thats amazing,2025-01-29T04:38:44Z,0,0
UgxYL6sI31fENZ72luV4AaABAg,@krypticviper1613,"Holy shit! What next, muddy heights 2?",2025-01-29T04:38:36Z,0,0
UgzD1EbjoLMkJoZsSoh4AaABAg,@Lil_Grimble,This is the “jack” shit I’ve been waiting for!!!  Hell yeah,2025-01-29T04:37:44Z,0,0
Ugy4F2p0nnCnXYXUTmJ4AaABAg,@xWatexx,I didn't even hear about this,2025-01-29T04:36:04Z,0,0
UgzHiqirXG2q6nZc-rB4AaABAg,@blakesjkelington2745,"Jesus Christ, this brings back some damn memories",2025-01-29T04:35:28Z,0,0
UgwCFdr4Dw2jCpnOMEx4AaABAg,@zengrath,This feels like a game that would been cool 15 years ago but feels too age and done a million times before now.,2025-01-29T04:34:44Z,0,0
Ugw--p8Dtf17DE_x2YZ4AaABAg,@ceraunoashe9134,Where is the goofy bird car? That was a great car!,2025-01-29T04:33:29Z,0,0
Ugy9lYtWYQEJA5Fs5CN4AaABAg,@ghostbloodgames,Bro I'm sooo ready I remember when you first played turbo dismount I was with you for a while keep being yourself,2025-01-29T04:33:03Z,0,0
UgwLow-s4aouB9IIvgV4AaABAg,@KelliHarrah,Wow… I’m old lol,2025-01-29T04:32:51Z,0,0
UgxA-Dy_bhWAagYZ_r94AaABAg,@IanJBarker,All the Max Verstappen references made me so happy,2025-01-29T04:31:46Z,0,0
UgwqaH0wr90XTE7qeoZ4AaABAg,@skrunklebink,oh this is the BEST possible thing i could have seen today,2025-01-29T04:30:24Z,0,0
UgwH6HVuGXVmfYpLJzx4AaABAg,@tylerbryan2176,hell yeah i rem superman steve who else does?\,2025-01-29T04:30:00Z,0,0
Ugw0ffPckbQh4r2ENXt4AaABAg,@AngelofGrace96,absolutely amazing they send you a copy. Devs KNEW who would appreciate this game!,2025-01-29T04:29:34Z,0,0
Ugz6xA9_CILbfGPBnRZ4AaABAg,@layzeemi98swagger,Oh we ARE SOOOOOOOO BACK!!!,2025-01-29T04:28:27Z,0,0
UgytQt667RFx5ewc1bR4AaABAg,@zman11231,"Haven't watched you in years.. but i will rekindle an old ""friendship"" for this",2025-01-29T04:28:14Z,0,0
UgzLxKYPhkbwrZ9zVfF4AaABAg,@bloodyzombie8423,I was just watching your old ones the other day,2025-01-29T04:26:50Z,0,0
UgypMNFLZPrcDElRzct4AaABAg,@TylerFortier1,"i remember watching turbo dismount videos when i was in elementary school. i'm sitting in my college dorm room watching this right now, and that's CRAZY.

shit... why am i crying?",2025-01-29T04:26:07Z,0,0
UgwUmVlo6GSH5mS_qpR4AaABAg,@doozawastaken,0:11 brought a tear to my eye 😢,2025-01-29T04:25:40Z,0,0
UgxnxGeVlZsKnWnyC4t4AaABAg,@darklybright981,Jack! THIS IS WHAT WE NEED!!! NOT OLD SAYINGS BUT OLD YOU! GIVE US THAT ENERGY!!!,2025-01-29T04:25:27Z,0,0
UgwaFEnL2-9ZiXkvIK54AaABAg,@MycodenameisM,This feels like a throwback to about 10 years ago and it feels nice,2025-01-29T04:24:24Z,0,0
UgwFsD-yd25fDj7jAJZ4AaABAg,@sirjimby7107,"Ohhh this brings back so many memories. These videos are the first memories I have of watching your content so I’m happy to see it back with an older more mature channel. You truly have done a great job is growing with your audience. 

Thank you.",2025-01-29T04:23:46Z,0,0
Ugyxdhb1j-hRXf9Gnm94AaABAg,@NolenGP,CLASSICCCCCCCCO,2025-01-29T04:23:13Z,0,0
Ugz76YUjBX_79YOhZrx4AaABAg,@wumpus5816,"This is exactly what I needed today! The return of one of my favourite games, the return of the king! The Return Of The Squatch! THE RETURN OF THE BOSS! In the words of the late great Segway Steve... SPEEEEEEEED IS KEY!

Jack if you see this, please at least do a second video on this. Secret Level deserve it. (But I understand games like this have limited mileage without scouring the workshop for hours)",2025-01-29T04:22:22Z,0,0
UgwY5wtyPOj1QjQYDy54AaABAg,@Intraite,HOLY CRAP WE’RE SO BACK,2025-01-29T04:21:19Z,0,0
Ugxq5ZRuzj8GYVfXni94AaABAg,@PremiumLettuce420,"jack there is air control, brake leans forward and gas leans back",2025-01-29T04:21:13Z,0,0
UgxIN6tUDSfiPN2VOup4AaABAg,@ItzMavYT,ayyy i remember watching turbo dismount after school! this is a great comeback!,2025-01-29T04:19:54Z,0,0
UgzJ5cC47fom9Ayi_el4AaABAg,@faranaka9294,I didn't know how much I missed this,2025-01-29T04:19:53Z,0,0
Ugxg3o2kzZ_5YT2k_D14AaABAg,@Shootout_23,Man this brings back some good memories,2025-01-29T04:18:59Z,0,0
UgxwYBYelO2nQXIrAKd4AaABAg,@waitingonamonabel,"YEEEEEEEEEEEESSSSSSSSS TAKE ME BACK TO CHILHOOD, TURBO DISMOUNT",2025-01-29T04:18:26Z,0,0
UgzpRwsSnrS69dYloFJ4AaABAg,@shainallaire2908,Bro this makes me feel 7 again ❤😂,2025-01-29T04:18:17Z,0,0
Ugx-P6AAwxaPz4Jj-Y94AaABAg,@eviltom17,TOP O THE MORNIN LADS! WELCOME BACK TO.... TURBOOOOOOOOO DISMOUNT!,2025-01-29T04:18:01Z,0,0
Ugz5MuWecahF0fPL-ON4AaABAg,@rossbatten2912,Was that Arin Hanson in the other car?,2025-01-29T04:16:30Z,0,0
UgwchdQEdML_LxgpAtB4AaABAg,@IsaacAtticus,"Am i so out of touch? 
 No. Its the level who is wrong.",2025-01-29T04:15:29Z,0,0
UgzhBeXFx43dR2iopIJ4AaABAg,@peterconroy7375,Me when I saw this video: PRAISE JESUS(read in jontron’s voice),2025-01-29T04:14:40Z,0,0
UgwXnbSQ1oKmsoUMWyp4AaABAg,@HESHRocketWarhead,The 'squatch returns!?!,2025-01-29T04:14:33Z,0,0
UgzCze1dX4PF7qufq-t4AaABAg,@Wharfywharf,"omg i used to love the old turbo dismount videos, i rewatched them so many times as a kid and they were the reason that I played turbo dismount as a kid!",2025-01-29T04:13:50Z,0,0
UgyXr_5PavXinIhHCUx4AaABAg,@chloe_burger,my first jacksepticeye video was turbo dismount so it feels great to be back,2025-01-29T04:13:32Z,0,0
UgwUWIaSPpkRotW6s-J4AaABAg,@fabrizeantonio4425,"Saw this in my recommended and went ""good god how old is this video""

11 hours old...",2025-01-29T04:13:31Z,0,0
Ugy6HHnje89AfQY7es94AaABAg,@thatoneguy1312,You should have brought the hat back too,2025-01-29T04:11:55Z,0,0
UgyOx7e1ohBxDME3Igt4AaABAg,@KingSonicjohnson,2014 Jacksepticeye is Back LET'S GOOOOOOOOOOO 💚,2025-01-29T04:11:34Z,0,0
UgxkJP7gpktoBMMJlIx4AaABAg,@rmlb_340_ph,WAIT WE HAVE TURBO DISMOUNT 2 NOW?! IT'S BEEN A WHILE!,2025-01-29T04:11:21Z,0,0
UgzPMahI4fUINDulUVR4AaABAg,@nicholasdigaetano,He’s back Like a boss,2025-01-29T04:10:58Z,0,0
UgzSkKfGebieYNV_jKt4AaABAg,@groundhog.,"I just now realized how far Jack has come, how far I've come. The music, the colors, everything hit me, the nostalgia brought me to tears, life changes faster than we make memories. It made me appreciate life in a way. Thank you. Jacksepticeye.",2025-01-29T04:10:35Z,8,0
UgzQo3pNX6GbWIA3F9N4AaABAg,@PanMan47,The memories!!!,2025-01-29T04:10:34Z,0,0
UgzLeJU86vML6pJUnVB4AaABAg,@TurboTalksGames,where was pink lightning scream that's why you weren't passing the levels,2025-01-29T04:09:13Z,0,0
UgzETvOq4efLwPsLIsF4AaABAg,@whoadieee,hearing that intro just healed me,2025-01-29T04:09:06Z,0,0
UgxthElVxFrnbTya4wZ4AaABAg,@rianbotha6928,Loved it.. so many memories,2025-01-29T04:07:40Z,0,0
UgyR6le5_sUjUPU-GOB4AaABAg,@verifiedmabey8784,We miss you man we all hope your doing well,2025-01-29T04:07:29Z,0,0
UgybszvXhQT-ao7uu1R4AaABAg,@LeelandMacaspac,7:54 something stopped the squatch,2025-01-29T04:06:47Z,1,0
UgxzSslyklhN-t5gsnl4AaABAg,@edgaraguilar701,Where’s the pink lightning???,2025-01-29T04:05:27Z,0,0
UgxUSFuqDw84WayU7yZ4AaABAg,@Tazze_Molono,i wish this video didnt have an end to it😭😭,2025-01-29T04:01:49Z,0,0
Ugzz7cayCwW7BA04eX54AaABAg,@Blakebarawed,PRIME JAVK IS BAACK,2025-01-29T04:01:27Z,0,0
UgzG8RZEV5VEkqTuegZ4AaABAg,@normalyoutuber8234,"jack,please bring back the old outro,i missed it so dearly",2025-01-29T04:01:10Z,0,0
UgyFcnqiEdVkiLoC8vJ4AaABAg,@eddiewilliams1541,Haven't watched in a while but I am Soo glad I caught this video. Currently super sick so it hurts to laugh but it's worth it. Thanks jack,2025-01-29T04:00:42Z,0,0
UgwyIhEw0exUHwuXOB14AaABAg,@thefunoffice6009,We need turkey Bird back 😭,2025-01-29T04:00:21Z,0,0
UgxdpQtry8KOfsR3vx14AaABAg,@family-hr1lh,Bring back nostalgia week please!,2025-01-29T04:00:03Z,0,0
Ugzdng--T-s6hvc4C4h4AaABAg,@sashapacek7421,"Ah yes, the Driving In Boston, Massachusetts Simulator",2025-01-29T03:59:41Z,0,0
UgzfkrKJoeXEKF1_cSZ4AaABAg,@TheAxleRaider,No fucking way.,2025-01-29T03:58:58Z,0,0
Ugw9McZ7h0LQvRi-bid4AaABAg,@justinbraungardt7168,Just like the good old days.,2025-01-29T03:58:24Z,0,0
UgzWp6-uMEuNRGlQZA54AaABAg,@parastimilsina1963,"Green hair, when?",2025-01-29T03:57:41Z,1,0
Ugy4d39xXPC4HCDBgU14AaABAg,@chrischase2508,"heyyy an actual proper sequel, adding on without screwing what made the original fun. i look forward to more",2025-01-29T03:55:54Z,0,0
UgwQGCdOB9EdaNBzk2t4AaABAg,@DovonMac1,I couldn’t stop laughing,2025-01-29T03:55:31Z,0,0
UgyszfPXvZDNqGUaZf94AaABAg,@enragedcoffey4922,"crazy how i was just reminiscing about turbo dismount a few days ago
i wish they will bring back the unstoppable giga trucks that were used in custom levels",2025-01-29T03:55:11Z,0,0
UgyETlYGViXybj9EqNp4AaABAg,@NotSoCreepyMonster,Probably should not have been watching him play the first one as a kid,2025-01-29T03:55:07Z,0,0
UgyBUhpG07vH7ycY-d94AaABAg,@OK-hr1fn,wait theres a part 2,2025-01-29T03:55:04Z,0,0
UgwzTsNJLhGKR9z5mf94AaABAg,@RoWild54,Back on the hellsite (not this one) ✅ old intro ✅ we are so back,2025-01-29T03:53:54Z,0,0
Ugztr4eo_oGLqMEhmD94AaABAg,@spacialcactus,Haven't watched one of your videos in a long while but I saw this and had to stop by.,2025-01-29T03:53:22Z,0,0
UgxEEDiHScQ2fJmxc9B4AaABAg,@cheezit3304,YOOOOOOOOOOOOOOOOOOOOOOO BANGER UPLOAD!!!!!!!,2025-01-29T03:53:20Z,0,0
Ugy3sSfa0yFSslGp74p4AaABAg,@AndreaCaligiuri589,My autistic 4 year old son finally loves one of your videos lol we had the best laugh together. Thanks Jack!,2025-01-29T03:52:32Z,0,0
Ugz515N5oQMn_f4A1ZV4AaABAg,@Ibot2004,This is the best day of my life,2025-01-29T03:52:00Z,0,0
UgwItys38B4SEXdyGFZ4AaABAg,@thatc9,"Im gonna fuckin cry, this feels like 2014 all over again",2025-01-29T03:51:53Z,0,0
UgxGvTMAQknTzsUZ3cR4AaABAg,@McMerlin11,I COMPLETELY forgot about Turbo Dismount. This is so wild,2025-01-29T03:50:38Z,0,0
UgznkLSlT9OCP1jXCJp4AaABAg,@ghostytoasty155,Where's the chicken???,2025-01-29T03:50:25Z,0,0
UgxkwLtAH8lR1OnFfpN4AaABAg,@odin5275,"Doubt you’ll see this but I remember discovering your channel with turbo dismount back when I was like 8(?), and using my moms google account to watch your videos. Now I’m 18 about to graduate high school. In fact I believe I wrote an email to you suggesting a game and you responded lol.",2025-01-29T03:50:22Z,0,0
Ugz6HHkeQsUCqd83zl54AaABAg,@KuraVixen,Turbo Time Machine,2025-01-29T03:48:46Z,0,0
UgzM_akUwIMMzZVtllx4AaABAg,@CaptainAHorna,Hey jack you should make a video of rock of ages 3,2025-01-29T03:48:08Z,0,0
UgxQCTL_BSkDqnKuL054AaABAg,@GOLDMAN62049,HELL YEA TURBO DISMOUNT 2 MY CHILDHOOD IS BACK!!! 😃,2025-01-29T03:48:07Z,1,0
UgxNdoDZZ2iEtLg7Z7F4AaABAg,@Slept0123,I haven’t watched jack for awhile but I don’t remember him having gray hair,2025-01-29T03:47:44Z,0,0
UgxuFr5F-4h4DhRDU794AaABAg,@fadedeclipse736,Oh my god the memories,2025-01-29T03:47:01Z,1,0
Ugyb94sjtttQg8mie1d4AaABAg,@MultiFan30,"Oh god, there's another",2025-01-29T03:46:58Z,0,0
Ugxm2KeqVwBLwe_0dvt4AaABAg,@xth3luck0fgodx,This really made my day! Thanks Jack!,2025-01-29T03:46:11Z,0,0
UgzWbGTxTu5pnh6bZNJ4AaABAg,@InsidiouslyDead,OHHHHHHHHHHHHHHHHHHHH AHHHHHHHHHHHHHHHHHHH  THIS JUST SENT ME BACK TO MY HIGHSCHOOL DAYS HAHAHAHAHA,2025-01-29T03:45:32Z,0,0
Ugw0t4zUZ0ZPhXz7JJh4AaABAg,@Joewho-uk7tq,I've gotten a fever twice in a row now and i feel miserable so thank you for this. maybe this year won't be so bad after all 🙂 (who am i kidding lol),2025-01-29T03:43:33Z,1,0
UgyEksRnj_N__20C-GN4AaABAg,@bbqbaconburga,"This is so nostalgic, i forgot the name of this game because i used to watch it when i was 5 😭😭",2025-01-29T03:43:02Z,0,0
UgyjkJRmkxRiIUdo6gJ4AaABAg,@BambiJay96,Used to watch the old ones during uni breaks and now my toddler gets to enjoy the new one with me. I love this and cant wait to see more,2025-01-29T03:42:57Z,0,0
UgwbMH1vw9pYKzVn2PV4AaABAg,@diodoritos1944,Its good to say this again after a long time: *SPEED. IS..KEEEEYY!!*,2025-01-29T03:42:24Z,0,0
Ugx3z4lCYOT_kMfcfGh4AaABAg,@Grxbbi,Holy shitting flashbang of nostalgia!,2025-01-29T03:42:04Z,0,0
UgzmPu28YrxdvUIw5z94AaABAg,@scamporo,The nostalgia..,2025-01-29T03:40:53Z,0,0
Ugxr0oQqHiaplstpQxl4AaABAg,@andrewburcham8728,DUDE THIS IS A BLAST FROM THE PAST,2025-01-29T03:40:50Z,0,0
UgxRzBE9iEx6QJWatEd4AaABAg,@LazyPinkHoodieKid,NO WAY I REMEMBER THIS SERIES SO VIVIDLY AS A KID!!,2025-01-29T03:40:09Z,1,0
UgwmEuu8HjkRXYgciWF4AaABAg,@wieldylattice3015,18:31 Burnout Revenge ah crash,2025-01-29T03:39:15Z,0,0
Ugx4rQJX4e9q8TSqEhd4AaABAg,@sarlon51,Man i hope Markiplier gets in on this!!,2025-01-29T03:38:48Z,0,0
UgwkvdXVInRk9nHuKFR4AaABAg,@BigBossISoldTheWorldByTheWay,A rush of memories just came back to me,2025-01-29T03:38:34Z,0,0
Ugwzf-sNx-zHimfIAzh4AaABAg,@JesusSavedConner,This is something i needed,2025-01-29T03:38:17Z,0,0
UgyM0mtrU-RnA4EfUup4AaABAg,@fractxl,13:19 OMG IS THIS A GAMEGRUMPS REFERENCE???????,2025-01-29T03:38:13Z,0,0
Ugxu8vt-_BeWmAWKjtR4AaABAg,@officialktgame,The nostalgia is real,2025-01-29T03:38:07Z,0,0
Ugwuis2TDsy5NhMmkzt4AaABAg,@GavinUmstead-g3f,"hey jack, you were the first youtuber i ever watched and i just want to say thank you first of all.  I saw your first video at like 4 or 5 and now I'm 15 and still giggling my ass off.  Thank you so much.",2025-01-29T03:38:01Z,0,0
Ugw0QLPoMolAQfPOZ0J4AaABAg,@blakehunt9680,Day 2 of asking sean to play Ghost of Tsushima,2025-01-29T03:37:50Z,0,0
UgzQaOvC6izMvzN2cCd4AaABAg,@sirducksworthythe3rd842,"Welcome back old jak, goat simulator remastered,  play please",2025-01-29T03:37:18Z,0,0
Ugw2pr7MOlPChHFvN2t4AaABAg,@JakeTheBikerDude,"I never expected to see Turbo Dismount get a sequel, yet I'm glad it did, because now it feels like we're back in 2014, like Jack said to make us feel nostalgic and laugh for it too",2025-01-29T03:36:24Z,0,0
UgxVVGIPnz0ZaEwwLfV4AaABAg,@FoxyTheBlaze,I HAVE NEVER CLICKED A VIDEO SO FAST 😅😅,2025-01-29T03:35:47Z,0,0
Ugxh2J_Ns48R-M8wnXp4AaABAg,@ajsimm0nz,loved watching u play this game after school. so happy to watch u play it again❤,2025-01-29T03:35:24Z,0,0
UgyPUsFxLUe205L50jR4AaABAg,@cairothetiefling_,I love going back to videos like this when he plays old games and now there’s a nEW GAME THAT FEELS THE SAME,2025-01-29T03:35:04Z,0,0
Ugx4PkxAQp9YIXv79yB4AaABAg,@thestolenlemon,IM LOSING MY MIND RIGHT NOW,2025-01-29T03:33:12Z,0,0
Ugxloqc7qGnVjyzj1DB4AaABAg,@weirdARAB.,Play the new garden of banban and poppy playtime😭,2025-01-29T03:32:59Z,0,0
UgxbbZulIfEMt1QFArR4AaABAg,@LvL_7_Mage,turbo dismount is just redbull commercial simulator,2025-01-29T03:32:47Z,0,0
UgyVanLYUqZo7T1-O7B4AaABAg,@sarctries,All the excited screeching really made my night! XD,2025-01-29T03:32:45Z,0,0
UgxqtlzuBU3mePkxv494AaABAg,@mikuonfire,What a taste of 4th grade man loved getting home to watch a new vid of Gdash or turbo. I’m in my second year of uni rn.,2025-01-29T03:32:40Z,0,0
Ugz6IxAkTkO5bYy8ejJ4AaABAg,@squeezablemayonnaise8904,What are the odds that I looked you up yesterday for the first time in years (not a diss) and this comes out today???,2025-01-29T03:32:29Z,0,0
Ugz5DDQBTCF8OpjvVoN4AaABAg,@hatebtw,seeing this when i opened yt healed my inner child,2025-01-29T03:31:39Z,0,0
UgysgYfOyLWLglhWz0h4AaABAg,@Supercatandrewman,I didn't know this game got a sequel!,2025-01-29T03:31:26Z,1,0
UgwKKiESQd3RYzy120V4AaABAg,@zod1acgd,Its officially back 🗣️,2025-01-29T03:27:06Z,0,0
UgxDrPXW5v-Xr7RG38V4AaABAg,@Tofftastic,20:45 Maybe a what?🤨,2025-01-29T03:26:57Z,0,0
UgzUC6iX9PH9dfeKFDp4AaABAg,@literallyjustisaac3521,Man i forgot about Turbo Dismount,2025-01-29T03:25:20Z,1,0
UgzFIosggjTTlFkk1_Z4AaABAg,@jacobwray2933,This is perfect visiting my parents for a week and staying in my childhood bedroom and 2014 Sean is back,2025-01-29T03:24:39Z,0,0
UgzNm-4kUaZNh9sV8iF4AaABAg,@Massey2332,"Videos like these remind me just how long ive been following people like Jack, Mark, Matt Pat, etc",2025-01-29T03:23:40Z,0,0
Ugy_L4CJcOKV-BV_crh4AaABAg,@Maladroit_Guy,HEY JACK! I love your content and had been watching since around your 20th happy wheels video. I most likely will be eligible for a scholarship and a free 3 week trip to Ireland and (despite you probably not seeing this) I would like some recommendations for places to see as I'm really excited if I'm able to go. with lots of love from an old time fan - Maladroit,2025-01-29T03:23:01Z,0,0
UgxuSugpTQGcS9iHFN14AaABAg,@jacariwatsonallard8603,I would love to see Jack from 2014 play this and compare it to 2025 Jack doing it,2025-01-29T03:22:51Z,0,0
UgwyIBfb923MHuVHbcN4AaABAg,@lieutenantyellow8440,"7:55 HE SAID IT

HE SAID IT",2025-01-29T03:21:26Z,0,0
UgzZHoadL6bu2angnlV4AaABAg,@aztekdragon4402,Ohhh Pink lightin!!!!,2025-01-29T03:20:49Z,0,0
Ugzh7nRE2IXWiSbPJJx4AaABAg,@ajmullins13,Dude I used to watch the turbo dismount videos when I was 10 now I’m 20 😭😭😭😭😭,2025-01-29T03:20:15Z,0,0
UgznCzcj7V469Ym0X9N4AaABAg,@jessalynricarte764,16:36 - 16:45 Kinda looks like Markiplier's T-Junction incident,2025-01-29T03:19:41Z,0,0
UgwpQDImIM-hLJf-M4V4AaABAg,@astrumnacht6015,It’s finally back!,2025-01-29T03:18:46Z,0,0
UgysVRs_bQon32bifB14AaABAg,@aidencampion3633,BIG LIGHTNING??? Tf is that,2025-01-29T03:18:38Z,0,0
Ugzfd9VQ-jtDJFXgivV4AaABAg,@RobbyBoi_7,"I never expected Turbo Dismount of all things would get a sequel, but I'm all for it.",2025-01-29T03:18:00Z,0,0
Ugy0c08GT5Vk4BO1fH94AaABAg,@rehanpoonawalla7406,PLEASE WE NEED MORE SEAN,2025-01-29T03:17:36Z,0,0
UgwbON9SC1C86XuYWDZ4AaABAg,@dragonbite1373,"I MISS THIS!!!!       and       WEE NEED TO DO INSTANT REPLAY JOHNNY!  yes we do!   YES we do jimmy! 
now IT'S 2 IT'S 2!  2! I SAY!",2025-01-29T03:17:15Z,0,0
Ugx0FuwP8h2kg7rKPk14AaABAg,@Legowarrior18,Yay he finally posted a good video,2025-01-29T03:16:38Z,0,0
UgzqkaIwX4LmufwtnIB4AaABAg,@markradick9213,Editing is absolute shit on these videos now.,2025-01-29T03:16:14Z,0,0
UgwciGc9qMb5ndbAaUp4AaABAg,@levisdarkness4239,"I could not have asked for a better birthday present. Holy fuck, thank you so much jack, truly, for all the wonderful memories you've given us all over the years",2025-01-29T03:16:10Z,0,0
Ugys_A1bVvfQu0ZUFER4AaABAg,@krimzoneye6007,8 year old me is sobbing😭,2025-01-29T03:16:04Z,0,0
UgwyPF1iqYxDWbDXShp4AaABAg,@tristanpena-martinez7327,10:04 The Squealer and when I saw it I just wanted Jack to say SPEED IS KEY!,2025-01-29T03:15:35Z,6,0
UgwKOgddPdXkyRvihfd4AaABAg,@wonderboys17,Just like the good old days ❤😂 woah 2014 woah time just flys by with out realising,2025-01-29T03:14:39Z,0,0
UgweSax81sRSRbCbRG54AaABAg,@clarencemowrey9717,WOOOOOOOO 2014 JACK is Back Baby lets gooooooooo,2025-01-29T03:14:37Z,0,0
UgxjWcMPkx1t6T7PLGd4AaABAg,@jacariwatsonallard8603,I just rewatch the old turbo dismount episodes like crazy bc they're so funny. It's nice how it's finally being continued with its long awaited sequel,2025-01-29T03:13:15Z,0,0
Ugz4t7tYVEFeA1Ar-rd4AaABAg,@scytheria7,"Old intro 🥲💕 and The Blue Danube (slowmo music)  is definitely public domain by now lol, that hot piece dropped in 1866 by Johann Strauss II (Austrian composer)",2025-01-29T03:12:32Z,1,0
Ugxs92au5I8YSotNy6x4AaABAg,@harris.moat1,You’re joking… what in the memories is this 😂,2025-01-29T03:11:51Z,0,0
UgyJNJ0ybXUnj9qNsIx4AaABAg,@lhair02,TURBO DISMOUNT NO WAY,2025-01-29T03:09:39Z,0,0
UgztHZvYEzM1mRuHbJd4AaABAg,@LukasSaldana,Holy shit,2025-01-29T03:09:26Z,0,0
UgxKq9V9zUJ3cK1wTp14AaABAg,@Grace-Underfire451,My unhinged feral collage self has re-emerged thanks to summoning of the Squatch,2025-01-29T03:09:00Z,0,0
UgxbeqaTtct7eJ7t7aR4AaABAg,@Catswin1000,26:41 “Don’t mind if I yes.”-Words from a wise man,2025-01-29T03:08:03Z,0,0
UgxkRAmK-6-Pw_SFNf14AaABAg,@p3nny,brrooooooo this brought back the 11 year old me. next play HAAAAAAAPPPPPPYYYYY WHEEEEEELSSSSSSS,2025-01-29T03:07:49Z,0,0
UgxpgzqtwTw66scwtKJ4AaABAg,@lxmonpoppet3598,Turbo dismount…? *lights cigarette* 🚬… i havent heard that name in a long time,2025-01-29T03:07:40Z,0,0
UgxvZPWcygw7Xtv63yh4AaABAg,@amothtoaflame,"It's been 10 years and I'm only just now finding out that it was "" *big* lightning"" and not "" *pink* lightning""...",2025-01-29T03:07:15Z,0,0
UgyiYVb03FogbS4qQWV4AaABAg,@MrRaccoonbro69,I haven’t seen jacks vids in a while but I had to come back for this 🙏🙏🙏,2025-01-29T03:05:58Z,0,0
UgxKqaLkiJlywVcynFh4AaABAg,@dustipatzify,I ALWAGS THOUGHT IT WAS PINK LIGHTNING?!?!?!?!,2025-01-29T03:04:48Z,0,0
UgwdkSzHWRH3tM260994AaABAg,@robbodude96,"Finally a video for all the haters saying ""i miss the old Jacksepticeye""",2025-01-29T03:03:30Z,0,0
Ugy25vnKj6ru-Ev9Q5N4AaABAg,@EXRAY479,omfg I remember this game,2025-01-29T03:02:23Z,0,0
UgzHx700OF2yRIXwRNh4AaABAg,@SparkyDragon,"""What is this? Bring yourself to work day?"" killed me XD",2025-01-29T03:02:22Z,0,0
UgwW403Zs0bl9hK3NRl4AaABAg,@sheilavialet-sj3sr,"This brings back so many awesome memories jack playing turbo, dismount back in the day",2025-01-29T03:02:10Z,0,0
UgxVkGGvcpCu5lEFsjN4AaABAg,@Chr725,Hell yeah!,2025-01-29T03:01:03Z,0,0
Ugw7XTzchk1NXRT-qCh4AaABAg,@joshuahumphries7743,"Yo 
I’m in high school again",2025-01-29T03:00:59Z,0,0
UgwtPMUNxs3g3rJWzKZ4AaABAg,@BlAdeZ197,We are so fckng back,2025-01-29T03:00:46Z,0,0
UgwAiu7jwGahuJjiqwt4AaABAg,@kriwen227,"Whats the song at 2:17? I hear it from time to time in edited content and i wanna unironically listen to it, cause it bangs!",2025-01-29T03:00:45Z,0,0
Ugz7tJMonAlew7Iy1F14AaABAg,@m3lancholicrav3nn,"Ughh my youthhhh, its gonnnneeee😭😭😭",2025-01-29T03:00:07Z,0,0
Ugx9bE5E4oqFd8K0viZ4AaABAg,@Taunt_1NG_U,"When I heard ""OHHHHHH, Pink Lightning!"", chills, literal chills",2025-01-29T02:59:43Z,1,0
UgwrlcgHV28X5sW1R_N4AaABAg,@GoldnBlackShark,So glad he is back with Turbo Dismount again.,2025-01-29T02:59:29Z,0,0
Ugx37N-quOok0mPgjsZ4AaABAg,@LuminaMoonrise,"0:44 The fact I can tell this is an editor and not jack/robin editing because they put ""Big Lightning"" and not ""Pink Lightning""",2025-01-29T02:59:11Z,0,0
Ugzp9F9XqGVbA1CVg_R4AaABAg,@ragemonterlo1062,Now this is Nostalgia,2025-01-29T02:58:26Z,1,0
UgxtxWpCaB2tzaJ0wJt4AaABAg,@LIL_GABRIEL05,"Wow, I remember watching Turbo Dismount so many years ago and dying of laughter, some of my favorite videos when I was a kid 🥲",2025-01-29T02:57:39Z,0,0
UgwGmf65Kl6TjkpGKx14AaABAg,@OsmundPriestt,THE INTRO YESSSSSSSS,2025-01-29T02:57:32Z,0,0
UgyVuHXekSwaQUE2KI94AaABAg,@DevilsAdocate1593,"as someone whos been watching since before the first turbo dismount, this makes me happy.",2025-01-29T02:56:19Z,0,0
Ugyk5VqWaLMJnaZHv314AaABAg,@bre08005,"I miss future jack, when time was all relative. Jk",2025-01-29T02:55:22Z,0,0
Ugyx0beaNl1w5-G-zI94AaABAg,@3rasmian,Surely 3 hour turbo dismount videos!!!! Lol but seriously it's good to see you play classics again Jack :),2025-01-29T02:54:36Z,0,0
UgzFhIEzYqSzIYIc_xh4AaABAg,@kingspratley2103,"Turbo dismount 2 before gta6, smh.",2025-01-29T02:54:32Z,0,0
UgyzL39JxadAd7F_RRZ4AaABAg,@arcticxabyss,one of the best things about turbo dismount (besides the amount of chaos you can cause in it) is: seeing how many bones the player can break in the top right of the screen. 😂,2025-01-29T02:53:48Z,0,0
Ugz4TQ2iaBXBlMgFR5Z4AaABAg,@gavinotheshitartist5586,Where's the Turkey Bird? Is that copyrighted by Half brick?,2025-01-29T02:52:43Z,0,0
UgyEX-WU5lwRrgSmRpV4AaABAg,@K4RN4GE911,"WHAT
*YEAR*
IS IT?!?",2025-01-29T02:52:31Z,0,0
UgwgOdM-ywFIjoAegi14AaABAg,@drones8742,god this feels good to watch. Thanks Mr. Sean! Defo needed this after a long day of college.,2025-01-29T02:51:45Z,0,0
Ugxw31Lsn7ulIOiLdf54AaABAg,@Nino_Valentiino,God I love this. I missed u Seán,2025-01-29T02:51:42Z,0,0
UgwvecOYjr6tg0-TOtZ4AaABAg,@ItsXavierVT,NO FUCKING WAY TURBO DISMOUNT IS BACK????,2025-01-29T02:50:58Z,0,0
UgyTWb6pymv2gkrCMoV4AaABAg,@SwappyCarr0t,I miss the Motorcycle,2025-01-29T02:50:54Z,0,0
Ugw2r83HF0zYM4_u15d4AaABAg,@ThatAerospaceEningeer,I hate bring my self to work day.,2025-01-29T02:49:52Z,0,0
UgwZ5RRqdImkk2BEeHV4AaABAg,@Nicholas-w3t,God has blessed us,2025-01-29T02:49:00Z,0,0
UgzqMbfpsbyd8Xo5gbJ4AaABAg,@tracedsasidy6370,THANK YOU JACK FOR THIS HELL YEAH,2025-01-29T02:48:56Z,0,0
Ugy4TfxmEUo3v0cORTt4AaABAg,@TrevorPlatts,Yayyyyy I really missed the old jack vids thx 🙏,2025-01-29T02:48:16Z,1,0
Ugw45g9c2sEfnWwJcCp4AaABAg,@yurimthepanda,"Yo…that intro gave me whiplash, WHAT YEAR AM I IN",2025-01-29T02:45:47Z,0,0
UgzvIJDXXdwlPpbYuIt4AaABAg,@ashleyw8725,I needdd this today. I've been sick and it's messing with my mental health but I laughed so much with this video! Thank you for this today!,2025-01-29T02:45:23Z,0,0
UgxQoqFIKJAgX3cV5Rh4AaABAg,@theglitch9406,TURBO TACTIC!!,2025-01-29T02:43:55Z,0,0
UgyfCIEJ49ZnLGEthVB4AaABAg,@pinkmilk_6300,"Jack, you wont see this, but if you do you have to listen to me, every time you make a video on an old game getting a new version/update, you must use your old intro",2025-01-29T02:42:27Z,0,0
UgzonLd0RiDCpS41-a94AaABAg,@benschubert9830,We have returned in a tremendous fashion,2025-01-29T02:42:00Z,0,0
UgyI3BLcXsUn2mFa_Id4AaABAg,@makthemaniac1,"jack saying all the way kept having me breaking out into song
newbie viewers wont know why, but real ones know",2025-01-29T02:41:59Z,0,0
Ugx6db31qTY8nPsSIjt4AaABAg,@lillucky-6414,"""Let's see what Jack's been up t-OH MY GOD YES""",2025-01-29T02:40:40Z,0,0
Ugy9Zd3kEDjotTbJkxZ4AaABAg,@dylansmith4244,"Just rewatched the original series, counldn't have been better timing",2025-01-29T02:37:32Z,0,0
UgzhYwsWqKh73b7lgqB4AaABAg,@sebastiansimpson596,This is turbo dismount and welcome to jackass,2025-01-29T02:37:05Z,0,0
UgweEDylUdBMSSCH4aN4AaABAg,@amanajose,MY CHILDHOOD HAS COME BACKK,2025-01-29T02:36:49Z,0,0
Ugxeu8TBQ_Ga1F4sMtB4AaABAg,@FergusonIkhileJR,Nostalgia is one hell of a drug,2025-01-29T02:34:30Z,0,0
UgzUvoZ-WnysvkjhTcN4AaABAg,@themetalknight2005,so happy to have turbo dismount back! i remember watching the series all those years ago and how Jack said the names of the  veichles,2025-01-29T02:34:07Z,0,0
Ugwr5w-AaOR2wKdWxEZ4AaABAg,@Wave9990,I LOVE TURBO DISMOUNT WE ARE SO BACK OMG,2025-01-29T02:33:14Z,0,0
UgxjFPmeTQm_LwsIj194AaABAg,@Shifu_Smokes,i watched you sm my teachers hated you at one point,2025-01-29T02:31:02Z,0,0
UgzGJtgL2ZoNw1-QsIp4AaABAg,@weihaotang9487,MY CHILDHOOD IS BACK,2025-01-29T02:29:52Z,0,0
UgyZ_UPrugo4ihk5tJt4AaABAg,@Hip-Cat,Love when Jack plays silly games like this just like ye olden days,2025-01-29T02:29:24Z,0,0
UgyvS6NxfBFQRJvbWMl4AaABAg,@Brotherkiller17,"What a fucking throw back, tha k you jack",2025-01-29T02:27:23Z,0,0
Ugx_nrivcoywJZRw1aB4AaABAg,@ThreeArmedThumbsUp,"Wait they made a sequel?
Since when??",2025-01-29T02:26:51Z,0,0
UgylgUqSSrGLpc1-EjJ4AaABAg,@Sebasaurus-Rex,18:27 and do you know what else is massive?,2025-01-29T02:26:20Z,1,0
UgyMdZQBa8YxnRVtDxN4AaABAg,@Cam.or.sum16,"JACK!!! FINISH MINECRAFT, AND MY LIFE IS YOURS!!!🗣️🗣️🗣️",2025-01-29T02:25:33Z,0,0
UgwZ3bIlGDW3JuDlRq54AaABAg,@KasterStar,"NOTHING STOPS THE SQUATCH!!!!!

….except gravity, apparently. 😅",2025-01-29T02:24:46Z,0,0
Ugwz1jJIpetGman9cD54AaABAg,@Dogg238,Now all we're missing..... Is......  THE GENTLE JACK CAP,2025-01-29T02:24:39Z,0,0
Ugxwg6RdiT9gwr504Gx4AaABAg,@brain_error145,BRO I REMEMBER WHEN HE FIRST PLAYED THIS,2025-01-29T02:24:37Z,0,0
Ugz6i-dkgw6Iuk3T6dt4AaABAg,@brandonduncan4943,The return of Turbo Dismount🎉,2025-01-29T02:22:48Z,0,0
UgwWflyYKKcOwopqSTt4AaABAg,@SharkZz-k6y,The nostalgic intro is wild❤🎉,2025-01-29T02:22:41Z,0,0
UgxpoU_QLCIndacbOSV4AaABAg,@WillyGoat54,"The moment I heard of this game coming out, I was waiting for this video to come out. You didn't disappoint, and the Jacksepticeye I started with is back!",2025-01-29T02:22:00Z,0,0
Ugx5WQxupLku13NfqF54AaABAg,@wonder2002,"Pink Lightning getting dubbed as Big Lightning in the edit is honestly kinda sad lol, so much effort only for it to be wrong...",2025-01-29T02:21:07Z,0,0
UgzAtJOcyqFaVizXKOx4AaABAg,@epicrobloxguy9321,Oh the good memories i've had with this man on his FIRST turbo dismount gameplay😂,2025-01-29T02:20:51Z,0,0
Ugw6QmtmrU1iVtSdV6R4AaABAg,@Groggy_Gamer,"Sean, I've just convened with you from the past. All he did was yell ""SPEED IS KEY!!!"" in my face. Not sure what he could mean by that, but I hope it helps.",2025-01-29T02:20:44Z,0,0
Ugwdtxu8ToSpx-ppCI14AaABAg,@harleycox3916,"Ah memories, when life was good",2025-01-29T02:20:43Z,0,0
UgzGi8Xp8vqDMHUCWBd4AaABAg,@sck_quickshot6112,Oh yeahh I’ve been waiting for this for so long,2025-01-29T02:20:31Z,0,0
UgwIx6P4Voj7iHnmXX14AaABAg,@pepethefrog6809,Some good ol' YouTubing. Now we only need some Skate gameplay again or Goat MMO for nostalgia.,2025-01-29T02:20:07Z,0,0
UgzusARJtzQZAgrGkBZ4AaABAg,@MelissaRogers_natesLilgirl5,"I was laughing so hard, I was in tears!!  😆😆  Thank you Jack, um, Sean.  🙏🏻🙏🏻",2025-01-29T02:19:46Z,0,0
Ugw9-9NnDNKmptFPuXZ4AaABAg,@99K93i,Holy shit the amount of nostalgia from 2015,2025-01-29T02:19:25Z,0,0
UgzlKO_8xLlSSeoGUW94AaABAg,@menzel17,"I was just watching through the old turbo dismount playlist.

Coincidence? I think not",2025-01-29T02:18:37Z,1,0
UgxkVKI5hfLkL4fhBUp4AaABAg,@editscrazy7,there's no way they launched a sequel 😦,2025-01-29T02:17:53Z,3,0
UgxdvhVX20cmandva6Z4AaABAg,@liliththeskunk3122,What the hell…they made a second one?!?!,2025-01-29T02:16:56Z,0,0
Ugz_Z1vFgJo4xkczgOx4AaABAg,@Golden_emburr,"Wait what? 


THEY MADE A SQUEAKWAL??????",2025-01-29T02:16:54Z,0,0
Ugz0sVb99duax51ca8h4AaABAg,@MeleeTiger,"""it's crazy to think there was a time without 60p"" ... As someone who grew up before p60, and sets everything to 480p because it matches the framerate of everything I'd known before it, I feel called out!🤣",2025-01-29T02:16:35Z,0,0
Ugwy0x3Ik0tYA8Uk5-p4AaABAg,@emmatomsik,The nostalgia and pure joy in Sean’s eyes is genuinely so fun to watch,2025-01-29T02:16:29Z,0,0
UgyOatO5pS0CWTXOldV4AaABAg,@squidairleo3155,It’s been a minute since I’ve viewed this channel. But I’m glad that Jack is lookin happy!,2025-01-29T02:15:17Z,0,0
UgzlXdUEBvZpWlL5rXB4AaABAg,@blakcrackn4165,WE BACK BABBYEEE!!,2025-01-29T02:13:47Z,0,0
UgzmW6z9VfMnN_hT-114AaABAg,@xuxagirl87,Ahhh I love everything about this!! So much more please!!!,2025-01-29T02:11:56Z,0,0
UgzSDKPerpCK4vsEQMt4AaABAg,@clauds.161,I started watching Sean when I was 9... I'm 19 now. That is terrifying XD,2025-01-29T02:11:05Z,0,0
UgxHkTSvi0t9VtiXEnh4AaABAg,@bluemars7718,"YESSSS, WERE SO BACK BABY",2025-01-29T02:10:42Z,0,0
UgyzzZgPDrIKrfd-gJF4AaABAg,@jakethomas3208,"I got introduced to your channel through 2 videos, turbo dismount and gta 5 funny moments. The nostalgia hit my heart in just the right way. Thank you for all the years of incredible content Jackaboy!",2025-01-29T02:10:29Z,0,0
Ugx1il2pyCunMDV-yMh4AaABAg,@-synvex-9472,My Childhood... it's back,2025-01-29T02:09:46Z,0,0
UgwQPlOE7j6jCBbmEFl4AaABAg,@SprayCanGuy64,You can't download this from the play store anymore. I had to search a random website for the APK file.,2025-01-29T02:09:00Z,0,0
UgxDuCs-YlVyh-I6bfJ4AaABAg,@aestheticniro181,I hope Mark plays this. The first one made him laugh so hard it had me laughing XD,2025-01-29T02:08:36Z,1,0
Ugz4_yOhjRZ_urdVO9J4AaABAg,@kylerangel18,Its wild remember when that video came out lol,2025-01-29T02:08:29Z,0,0
UgzzW86cHm21rv4SAgV4AaABAg,@Matteo_Sano,It's so good to see 1776 jacksepticeye back in action!,2025-01-29T02:08:15Z,2,0
UgziL0BGarLGEZoK8Xh4AaABAg,@TheQuestionsGu,The Nostalgia… ITS COMING BACK!!!,2025-01-29T02:07:39Z,0,0
UgxdGrtOCv6M4iyrd2h4AaABAg,@Whozaskin,"Dear, Mr. Sean(JSE) McLaughingtonstock
I am utterly disappointed with your editor as he put “big” lightning instead of “pink” lighting in the beginning of the video and I frankly want him fired effective immediately. (Jk Tre we love you)",2025-01-29T02:07:24Z,0,0
Ugz3j8-pCa2f3zhPIRd4AaABAg,@long4jimshort4gabriel,25:29 HJONK HJONK AM GOOSE,2025-01-29T02:07:13Z,0,0
UgxOyDurpL8AKaTZctp4AaABAg,@moxxie56696,Nice do those donut rolls,2025-01-29T02:06:59Z,0,0
UgzidtEKrTQu7afdOlJ4AaABAg,@existentialqueer,"just had top surgery and the healing process sucks!!! seeing some good old turbo dismount nostalgia with my fellow tism has made my day 🙏😭

edit: thank you so so so much everyone for the nice comments omggg has to be the very first time i’ve posted something about being trans on the internet and had zero hate! crazy! ❤️❤️",2025-01-29T02:06:54Z,141,18
Ugydr-7lPWvXPPhfBHx4AaABAg,@zadeiscool8014,THE OG INTROOOOOOOOO,2025-01-29T02:05:49Z,0,0
UgxYH-x3hzXfakdIeYp4AaABAg,@TbRock44,I love Jack but this game feels so sluggish. Screams iPad game and not even the good ones....,2025-01-29T02:05:33Z,0,0
UgyZUiCSf1RkR6_nG8d4AaABAg,@pdk-2025,"As someone who watched jack as a kid, when he was in his early 20s, seeing him with grey hair is completely unsettling….",2025-01-29T02:05:27Z,0,0
UgxL6zFiB2BVjoZdLAN4AaABAg,@ethanhorne7238,This was the first series I watched from Jack,2025-01-29T02:05:02Z,0,0
UgzovmX_DJxhH7QJX4l4AaABAg,@GDO9099,That “ooh pink lightning!” Gave me a bigger smile than I’ve had in a while,2025-01-29T02:04:27Z,0,0
UgyRNRnrZdy63srRuoZ4AaABAg,@t1rkb841,20:30 jack gets hit by a snowplow,2025-01-29T02:03:18Z,0,0
UgxEWthTP296XoBxy-14AaABAg,@TeC0616,i never clicked on video so fast!,2025-01-29T02:03:09Z,1,0
UgwvJViq_m6BER86sO94AaABAg,@bird_0446,"Woah, my childhood has returned to me",2025-01-29T02:03:09Z,1,0
UgyYX4DEfBSei95IEdh4AaABAg,@mdebyangel,"Turbo Dismount and GTA 5 is how I found out about your channel. Crazy how time flew by and here you are now, one of the biggest and best youtubers out there.",2025-01-29T02:02:57Z,0,0
UgyrLmPPynnPTePj06t4AaABAg,@zach119kings9,subnautica finally got its gargantuan mod release ( it’s in a demo stage but the mod still has a lot of fun stuff!) hope to see u play it!,2025-01-29T02:02:20Z,0,0
UgzymYii8ZFU-VcCYJV4AaABAg,@circcle,Oh my god this game makes me feel like his hair is septic green again and I'm like 12,2025-01-29T02:01:09Z,0,0
UgwophJ2vr1Yc07Kv114AaABAg,@TheKiddd2004,Jack how’d you let your editor call him big lightning😭,2025-01-29T02:00:27Z,0,0
UgxOTeMo17Mn36T70RR4AaABAg,@xientau9028,Jack's Back! 😃,2025-01-29T02:00:00Z,0,0
Ugyj5WseZgM_nSN8aG14AaABAg,@nicholasjackson7392,holy shit,2025-01-29T01:59:26Z,0,0
Ugwm2KHbpo8_bDghvCR4AaABAg,@Izumiイズミ,Feels like I'm back from the good old days..feels good to see these kind of videos again,2025-01-29T01:58:59Z,0,0
UgyxbSQgjGQRjs4L_Jl4AaABAg,@sonicboss5716,THE SQUATCH IS BAAAAAAACK!!!!!,2025-01-29T01:58:59Z,0,0
UgxuWlgH9T-mazeC0XV4AaABAg,@dtk8574,Yes more of this I beg of you 😂,2025-01-29T01:58:44Z,0,0
Ugx5TSji2QnZ528t4F94AaABAg,@VasilisEamon,"People talking about nostalgia, meanwhile I’m wondering why ms dismount is caked up bro",2025-01-29T01:58:27Z,0,0
UgxqoBF--MjTTNFLTBl4AaABAg,@shivertheiguana,We are going back to lets play videos…Nature is healing,2025-01-29T01:57:27Z,0,0
Ugx2BptCd1Po5vjjm6l4AaABAg,@Snipethebambi,Thanks for the laughs as always.,2025-01-29T01:57:25Z,0,0
UgxDt1i2U6imBSwVVZh4AaABAg,@ryanmcclure7212,I’m pretty sure that’s a ticket for impeding traffic,2025-01-29T01:57:18Z,0,0
Ugy3VwEBr7yCHUUdgfB4AaABAg,@GhostLordRetro,"Hey, Sean, next time you get Diceroll to edit for you, make sure they do their research because the ""Big Lightning"" thing is unacceptable.",2025-01-29T01:56:36Z,0,0
UgyJN1IS7u4JxAvoDC54AaABAg,@FredbearZGamer,Does Seán know about the removal of the first Turbo Dismount?,2025-01-29T01:56:33Z,0,0
UgxCPSj4Zm-lpucGUpl4AaABAg,@lulumew8235,"When I say ""my sense of humor has evolved in the last decade"" I mean it's gone from Turbo Dismount to Turbo Dismount 2.",2025-01-29T01:56:27Z,0,0
UgwE2HYkomhLG9j379V4AaABAg,@acetheticsmusic9487,Holy hell... it's already been a decade?,2025-01-29T01:56:26Z,0,0
UgzwB38cdDRb1fPrHgl4AaABAg,@carlyorton768,I actually gagged,2025-01-29T01:55:27Z,0,0
Ugzc0IhmqnhXML7KDpN4AaABAg,@DeltaAce420,"Thank you for making us feel like kids again Jack, these moments are so fleeting",2025-01-29T01:54:10Z,79,0
UgzAOElTk6c0YSsMd3x4AaABAg,@NeønaØshea-x4c,THE SQUAAAAAAAATCH,2025-01-29T01:54:00Z,0,0
Ugzax2rfGcvun_jJen54AaABAg,@JesusChristSupastar,"Please make a “NOTHING STOPS THE SQUATCH”
T-shirt for the OG viewers",2025-01-29T01:53:37Z,0,0
Ugx_IH3uwVMVRzUsjAh4AaABAg,@ReinFreebird,"Hang on, what year are we in?",2025-01-29T01:53:30Z,0,0
UgwCt1Ex5vL32aD72n94AaABAg,@Velamber-kw6tu,it's unfortunate that the sequel got rid of the tiny bird car thing because that thing was cool and it's a shame it's gone,2025-01-29T01:53:10Z,1,0
Ugy4xjuXirLvYnGyNlJ4AaABAg,@scottrafferty3932,Irish Max Verstappen 😤🦁,2025-01-29T01:52:47Z,1,1
UgwGJshbmPlpiPs9YPt4AaABAg,@JayDeMatteo,where it all started for me 🖤🖤🖤,2025-01-29T01:51:20Z,1,0
Ugyx9wGhdTg6D6ldHWh4AaABAg,@ghosted9108,I was 9 back in 2014 now I’m 20 about to turn 21 still enjoying jack every day😂 feels like yesterday,2025-01-29T01:51:09Z,1,0
Ugx2Z-aMQeSl186tZAR4AaABAg,@Gotsuu,"Everyone, deep breaths, and yell at the top of your lungs, 3, 2, 1
OHHHHHHHHHHHHH PINK LIGHTNING!!!
The nostalgia is peak lol",2025-01-29T01:49:47Z,10,0
UgyfheBudEPSn8cfb0R4AaABAg,@Vlordska940,Return of the OG,2025-01-29T01:49:32Z,1,0
UgzPMGizunG7SeqxVpN4AaABAg,@Red_Rook_Redemption,WHAT. Child me is going INSANE.,2025-01-29T01:47:40Z,2,0
UgwwE-LhL0hXuf0N_D94AaABAg,@SquishyTheVampire,Honestly nothing beats the absolute chaos of the original for me 🤣,2025-01-29T01:46:39Z,0,0
UgyzoDG6mQAd6PgINOB4AaABAg,@JamesWest-e6h,This is where it all started for me,2025-01-29T01:46:33Z,0,0
UgzssqMPNJsyrY3JWXB4AaABAg,@megamarvel3812,Alternate title: “We are so back - Garten of Banban 7”,2025-01-29T01:46:21Z,0,0
UgxwcyZOHJJe93Po5Kt4AaABAg,@Mtf-NineFoxes,I Really Hope Jack goes back and plays satisfactory Especially since the full game came out,2025-01-29T01:46:19Z,0,0
Ugw9PP9zFwOR4_8lLR54AaABAg,@johnrafael03,Brings back memories,2025-01-29T01:46:10Z,0,0
UgwyYNNOWntYDDvh1aN4AaABAg,@Ogtrapking420,Hope this comes out for mobile to,2025-01-29T01:45:59Z,1,0
Ugz8kGm-MNadxb7LRbN4AaABAg,@jennifer221443,Jack u should play skydance behemoth you get to climb up giant beast kind of like shadows of the colossus but it's in vr,2025-01-29T01:44:53Z,0,0
UgywMtAhNhY-75GADoZ4AaABAg,@kakashiboi2885,I’m literally watching this right after I got Accepted to University of Oregon,2025-01-29T01:42:47Z,0,0
UgxYwLTTD-inewTfO954AaABAg,@brandonbarrow3899,7:54 Give him a break! Squatch just came out of retirement for this sequel!,2025-01-29T01:41:58Z,0,0
UgwHK5B5R3qnCksg_gl4AaABAg,@alphawarrior4376,"Can you also bring back the Subnautica Series back ?

I loved that game, and it made me ur fan since I was in class 5.",2025-01-29T01:41:38Z,1,0
UgzbCFz-H8EWpErtloV4AaABAg,@Eddie-mo2wu,"Dear god, I never thought I’d see Turbo Dismount again- seeing you play it is a direct punch to the nostalgias.",2025-01-29T01:41:34Z,0,0
UgzxFjHWc2Lrxcy_lEJ4AaABAg,@AwsamNick,Waiting for happy wheels 2 now😂,2025-01-29T01:40:46Z,1,0
UgyusEOZwnw0YV0gXFJ4AaABAg,@s1nl3ss28,Jack with gray hairs is gonna make me cry 😢,2025-01-29T01:40:40Z,0,0
UgynNnJgN0yDgYqKpcd4AaABAg,@diabro7525,this video is exactly what i needed for this lunch break,2025-01-29T01:40:30Z,0,0
UgwslArtyBK_K2JYBod4AaABAg,@blakeryczak4948,Can't wait for jack and the snowplows rivalry to build again 😅,2025-01-29T01:40:29Z,0,0
UgyOuL-3WoE2tSVme4h4AaABAg,@GrilledWalmartBag,Oh how I hope this becomes a series again,2025-01-29T01:40:15Z,0,0
Ugw2V3Jmo8YjaPgQNlF4AaABAg,@kristenfarnham7157,Hi Jacksepticeye love you lots 💚💚💚❤❤❤❤🤣💋💋💋💋💯,2025-01-29T01:39:24Z,0,0
UgynyL0XZRbkQu1bPyp4AaABAg,@jaytabbs,YOOOOOO TURBO DISMOUNT!,2025-01-29T01:39:12Z,0,0
UgzwJvk8sEDNxphSgPJ4AaABAg,@DB_887,This takes me WAY back,2025-01-29T01:39:02Z,0,0
UgxZR0rALqe6NCEUBgt4AaABAg,@samuelrhodes6073,"Bullying Jack to go back to his roots worked

Now where is that ds2 video you promised",2025-01-29T01:38:55Z,0,0
UgwPZHvTMWabwu00NBl4AaABAg,@leoharris6084,OMG MY CHILDHOOD IS BACK IM GONNA CRY🥹🥹🥳🥳🎉🎉,2025-01-29T01:38:36Z,0,0
UgzVK9oR5vVGU0fuLzt4AaABAg,@Jay-ql4gp,"I laughed so hard, thank you!",2025-01-29T01:38:27Z,0,0
UgwE-lYAWvVtT7276-B4AaABAg,@kaywolf8485,"It was the "" welp he's dead on a higher plane of existence."" *dose big sniff* 😂😂😂",2025-01-29T01:38:22Z,0,0
Ugy7mJnEHGDulbYcjyx4AaABAg,@ViperLime-uy9tw,Happy Wheels when?,2025-01-29T01:38:09Z,0,0
UgwwGFsce5As7lZO_-54AaABAg,@weirdfrisk5590,7:58 jack it seem the squach has been stop,2025-01-29T01:37:58Z,0,0
UgwgITqYPQw78PjQ0Kh4AaABAg,@blancyboi,No one gonna talk about the pink lightning fumbled from the editor,2025-01-29T01:37:22Z,0,0
UgzrSgI-sT3_wObtVqt4AaABAg,@hayleyslade3620,"First Sean get's back onto Tumblr, now he's playing Turbo Dismount again, did we somehow go back in time or smth cuz the 2010s vibes are strong!!",2025-01-29T01:36:42Z,0,0
UgzF1WHn1rxZuHthfkl4AaABAg,@doublea6841,WE’RE SO BACK,2025-01-29T01:36:27Z,0,0
UgzMu1f4dWnv9fL8uzJ4AaABAg,@ImShinobi,"Man, I miss you playing Kerbal Space Program, now when you said ""Turbo Space Program!"". 😂",2025-01-29T01:36:17Z,0,0
UgzNQ4xWCriH6JCFEwh4AaABAg,@SquishyTheVampire,It comes full circle 🥲 the first videos I watched from you were turbo dismount vids.,2025-01-29T01:34:48Z,0,0
UgxvpdfUc371xyzPi894AaABAg,@MickeyCuervo36,One of my favorite JSE videos is your Saint Paddy's Turbo Dismount. Just the increasingly unhinged Irishness of it all never fails to make me laugh. Maybe we can get another one this year!,2025-01-29T01:34:41Z,0,0
UgwRWcdgOSQloJhDvtd4AaABAg,@jakewest6306,We need a cluster truck revisit,2025-01-29T01:34:39Z,1,0
UgxUzRi4RRdUAuV5V3h4AaABAg,@absolutefoot4594,I have so many vivid memories of watching him play this game but I couldn’t remember what it was called! I I’M SAVED,2025-01-29T01:33:56Z,0,0
UgyJ2jrTbFbWEXRrSs54AaABAg,@Galaxy_0000,11:26 I thought he was gonna say victory town 😔,2025-01-29T01:33:25Z,2,0
UgxjMpT7-39TPZQdzCF4AaABAg,@bittersweet_lemon,"The absolute nostalgia that hit me while watching it, there was many laughs and tears. Reminds me of the nights sitting down while doing school work and just listening to Jack play these type of games",2025-01-29T01:30:17Z,0,0
UgxyNJwyVm3TmlP9CeF4AaABAg,@asteri5k,holy throwback,2025-01-29T01:29:54Z,0,0
UgycZ336mecC_6OeVL14AaABAg,@Coolman_Productions,"I literally got chills seeing the thumbnail— Turbo Dismount was a prominent game of my childhood and facilitated my love for YouTubers recording playthroughs of videogames. I’m so happy to see an official sequel! 🥳🎉

SPEED IS KEY JACK!!! 💚🌟",2025-01-29T01:29:31Z,0,0
UgwknGLsMlvqdJ51llZ4AaABAg,@name4195,Turbo Dismount was the first game I ever saw Jack play when I was a in primary school.,2025-01-29T01:29:01Z,0,0
UgxWsSzsQcIogmvZq414AaABAg,@Lord_Squidy,NO WAY DUDE THIS IS HOW I FOUND YOU IN 2014 in HS TURBO DISMOUNT OHHHHHH PINK LIGHTNING,2025-01-29T01:28:46Z,0,0
UgxiLEykamPFPDGxYaF4AaABAg,@Bubba-z5o,This game reminds me of Mii's and how goofy looking they were,2025-01-29T01:27:31Z,0,0
Ugww-q8_I7s_Q7P8oXp4AaABAg,@dionettaeon,Hope they bring back Turkey Bird!,2025-01-29T01:27:29Z,1,0
UgxKeRXAq11sb5F5SYN4AaABAg,@theleftperson,the custom faces remind me of JibJab,2025-01-29T01:27:19Z,0,0
UgyFfcVZv6IUvFSruQB4AaABAg,@ForestEX1,I feel like Jack doesnt like this version NEAR as much as the OG. its just something about how he acts make it seem that way xd,2025-01-29T01:26:13Z,0,0
UgxvO18fh8RchZMwSnZ4AaABAg,@the_destroyer757,YESSSSSSS i missed this man,2025-01-29T01:25:03Z,1,0
Ugz3Nti1bQsXlM2hE1F4AaABAg,@ltskysky7441,There's a SECOND ONE NOW!!! LETS GO!!!,2025-01-29T01:24:19Z,0,0
UgyGR26mSDHSFggzRVp4AaABAg,@gunnertheguy7287,My day has gotten better by an immeasurable amount,2025-01-29T01:23:00Z,0,0
Ugw5sDVuAEvpI_t6HgF4AaABAg,@randomcarguy2543,Thank u for being u Jack. U have helped me through my life more than u will ever know,2025-01-29T01:22:51Z,3,0
Ugxqt8pTCf8d5lTY7VV4AaABAg,@StarTropicsKing,"Holy crap!! This was one of my favorite series, along with Happy Wheels, back in the day! I really hope he makes more of these! 🥰",2025-01-29T01:22:34Z,0,0
UgwSxIoOMrMFag6smCh4AaABAg,@bumble67,this made me so happy i almost shed a tear,2025-01-29T01:21:50Z,0,0
UgyrQTXBpY6zSrmSPcZ4AaABAg,@alpalu,Turbo Dismount ? In this economy ?,2025-01-29T01:21:15Z,0,0
UgwLoK54nDlMZMcQVXB4AaABAg,@yaboicheetah,My gosh the memories 😢,2025-01-29T01:21:06Z,0,0
Ugy07rGj0v-jxfxSEu94AaABAg,@fireredninja9320,"Even now jack cant escape is old arch Nemesis........the evil ...SNOWPLOW ....

Its not a turbo dismount without jack getting hit by snowplow

Both the snowplow and jack have grown up and gotten make overs since last saw eachother but the plow remembers ...",2025-01-29T01:21:03Z,0,0
Ugx-srPsP3Pm8NHui9R4AaABAg,@alfonsocool7065,Jack pls play slime rancher 2 once it fully releases pleaseee😭🙏🙏,2025-01-29T01:20:38Z,1,0
UgwtGbBmVR6lm8ENDZN4AaABAg,@lyndsaysmith,what a throwback of a game,2025-01-29T01:19:54Z,0,0
UgxNpEJjZwB88ftovrB4AaABAg,@DoritoJet,Legit started watching you during your old turbo dismount series!!!!!! THIS IS AWESOME!!!!! ❤❤❤❤,2025-01-29T01:19:46Z,0,2
Ugzk5vfuM5nVO86WqnB4AaABAg,@Jjang-o6e,Top of the morning indeed. 👋,2025-01-29T01:18:58Z,0,0
Ugz5E2e1YqvI8PMWj2N4AaABAg,@MotherBiscuitLover,Try the wedge on that last level.,2025-01-29T01:18:20Z,1,0
Ugzh-S5peR1KOLIECDF4AaABAg,@nuteven7156,I busted,2025-01-29T01:18:21Z,0,0
UgxWBFCjQCx3Nrtw0814AaABAg,@CosmicKlep,We are SOOOOO BACKKKK,2025-01-29T01:17:45Z,0,0
Ugz0HHxfcHSiJJm_OVd4AaABAg,@arendennis9151,It’s been so long…,2025-01-29T01:17:12Z,0,0
UgzKRmQS3AN3C3sG6RJ4AaABAg,@sebe7570,16:29 thanks Jack for this on my actual birthday 🎂 😂,2025-01-29T01:17:11Z,2,0
Ugx5DK1d31w8m2qv3vJ4AaABAg,@BirdFoodOfficial,Where’s my favorite red bird carrr 😭,2025-01-29T01:16:36Z,0,0
UgxCe5lvpZ7c_oKkKQF4AaABAg,@adamalikhan1543,20:02 Cue that one family guy meme. HE SAID IT! HE SAID IT!,2025-01-29T01:16:22Z,0,0
Ugyb4_xsIan8rUZhpiV4AaABAg,@ItzHappyFair,i have genuinely traveled back in time..,2025-01-29T01:15:58Z,0,0
UgxlHecVanWW4AjPm5h4AaABAg,@1toxixx,Wow this takes me back,2025-01-29T01:15:55Z,0,0
UgxJGcXlhJBb_msL_9x4AaABAg,@glorychild116,THIS WAS MY FAVORITE SERIES OF YOURS!!! I did not expect a comeback!!,2025-01-29T01:15:38Z,0,0
Ugxehi-khUbKkL3XdxZ4AaABAg,@macgyver42563,"As Agent Stone from Sonic The Hedgehog 2 said:

""He's back.  HE'S BAAAAAAAACK!!!!!!!!!""",2025-01-29T01:15:26Z,0,0
UgzYLsx-gSB8CQ_oYWF4AaABAg,@nhbuck,The nostalgia is sooo real with this video 😂,2025-01-29T01:15:05Z,0,0
UgyHv50SPURTXsQHpOd4AaABAg,@Nafinafnaf,0:46 its PINK LIGHTNING not BIG LIGHTNING editor!!!!!!,2025-01-29T01:14:58Z,0,0
Ugz-efiVwgQ7EUixKQh4AaABAg,@bruceno1429,this is how i find out about the game 💀,2025-01-29T01:14:46Z,0,0
UgxIhpMX_ZB3157Dfxl4AaABAg,@matehollow,We are back!!!!,2025-01-29T01:12:24Z,0,0
UgxMOODCjm272H2lYdV4AaABAg,@Viesta,daaang we going back to middle school for this one!,2025-01-29T01:12:17Z,0,0
UgxEKrQ-Hu59PPVUX2F4AaABAg,@mountopia77,Haven't watched jack in 5 years.  He aged 15 years. 😂,2025-01-29T01:12:05Z,1,0
UgzUQjGG9HjBZkkbIjN4AaABAg,@TXKRG,"we all know the true name sorry editor, 

OHHHHH  ⚡️ PINK LIGHTNING ⚡️",2025-01-29T01:12:05Z,0,0
Ugz1qjvxYC0TYgUvKeN4AaABAg,@noahr3059,God the wave of nostalgia at the intro 🥹🥹🥹🥹,2025-01-29T01:11:40Z,0,0
UgwmCwGB39wM4em-wD14AaABAg,@td53pt,NEVER clicked in a video so fast. We back in 2014 LET'S GOOOOOOOOOO,2025-01-29T01:10:19Z,0,0
UgyHtmvPicmJE9ZXaIN4AaABAg,@jesseidk1069,Man turbo dismount was probably the funniest series besides happy wheels. Crazy how its been 10 years since the first upload of td1,2025-01-29T01:09:51Z,0,0
UgysJdDheXasz0hDrT14AaABAg,@cyberfox99,"God man,  been nothing but goosebumps and nostalgia through the video.  I know you're busy with your successful business and your life man,  but it's always good to see you again Jackaboy😊",2025-01-29T01:09:34Z,0,0
UgxQ4MNQPeA7MuG5pyZ4AaABAg,@nicov5519,MY GOD THAT HIGH FIVE HIT ME OUT OF NOWHERE,2025-01-29T01:09:33Z,0,0
UgyhSDpmrlpJtd-Sewt4AaABAg,@Very_Existent,No one knows how fast i clicked on this video,2025-01-29T01:09:32Z,0,0
UgygURaQPLvJMQMAa8p4AaABAg,@oriontrue5096,Man I remember when you would scream,2025-01-29T01:08:42Z,0,0
UgyjeOw5DWsCg7n5NM54AaABAg,@Camden-dj5wk,"only 410,772 views in 4 hours, bro fell off",2025-01-29T01:08:10Z,0,0
UgywgQrMQ0HanerM5bl4AaABAg,@onionboy7701,"Yooooo, if you can put face templates on the passengers you should add Evelyn 😂",2025-01-29T01:07:48Z,0,0
Ugyhvcau6ECr-E--JSx4AaABAg,@trainlover123trainsrock,Why am i actually disappointed with the new game? Whatever happened to infinite choices and actual fun?,2025-01-29T01:07:11Z,0,0
Ugw7KwGT5tAadSIymhF4AaABAg,@allanbaker3958,"HINT: Adjust the STRENGTH of the props.
It'll give you more YEETUS.",2025-01-29T01:06:43Z,0,0
UgyGeL2HqmH3EeSsKCF4AaABAg,@Stinkledinkler,Oh. My. God. I feel like a little lad again!!,2025-01-29T01:05:29Z,0,0
UgxgNWzhIRSEJjwqIjt4AaABAg,@BurntCurledSpaghetti,"0:10 FFFFUCK YEAH!!! 

Turbo dismount was my first Jacksepticeye, & Markiplier videos

Edit: after watching the video I can say with certainty it’s beautiful",2025-01-29T01:04:00Z,0,0
Ugwm1KcrFSba4lHn-JV4AaABAg,@Kellysg126,This is incredibly nostalgic. Thank you Sean,2025-01-29T01:03:27Z,0,0
UgxoBg9-YGeWimOwsnh4AaABAg,@brokebutfunny,I feel like I've been teleported back to my middle school days (in a good way),2025-01-29T01:03:13Z,0,0
Ugw4RMArPZVqdl_4rYB4AaABAg,@iceguy7878,I remember playing the first game,2025-01-29T01:02:06Z,0,0
Ugz9vAgkQ3G43HiiEoV4AaABAg,@Alex-t6n4z,"""Steering lost.""

The truth is, the steering was lost from the start.

*Bang*",2025-01-29T01:02:05Z,0,0
UgwwM9gK3TRbrMAqrdV4AaABAg,@Ace_Protagonist,"Old jack, I love jack play turbo dismount ❤",2025-01-29T01:00:35Z,0,0
UgxcFjViBnW9Wr7Se8V4AaABAg,@actingapple3607,Oh gods the nostalgia!,2025-01-29T00:59:59Z,0,0
Ugz5jizBVUl575eOxPV4AaABAg,@KRNG_K,I saw this video and Spat my drink out. 2014 me is having a brain aneurism over this and i'm all for it,2025-01-29T00:59:35Z,0,0
UgwnHV5bV0qTs58EXwx4AaABAg,@rua.bnuuy_the_fey.bewitched,"27:44 ""What is it, bring yourself to work day?""

Honestly, wish the company would get rid of that day, we don't need it.",2025-01-29T00:59:22Z,1,0
Ugxau4lyKRg0W5hLuFl4AaABAg,@ameliawilson9495,This was so fun. I needed this today.,2025-01-29T00:58:25Z,0,0
UgxqKi_TvRW0_REAEld4AaABAg,@skyscloudys,Nostalgia floods back. Thank you Jacky boy! ❤️,2025-01-29T00:57:55Z,0,0
UgzDczqjS0s71WVSObd4AaABAg,@IG20000,WE BACK!!!!!!!!!!!!!!!!!!!!!!!!!!!!!!!!!!,2025-01-29T00:57:49Z,0,0
UgwutwI-xEf6eLpvSJp4AaABAg,@BobbyBaugus-t1t,"""AH THE SKATEBOARD IS STILL GOING. I STILL HAVE CONTROL"" 

*SKATEBOARD IMMEDIATELY GETS FLATTENED INTO A MILLION PIECES*",2025-01-29T00:57:17Z,0,0
Ugwh3nNYhpNYKJ5sjY94AaABAg,@Khaos1484,16:30 SENT ME BACK!!!THE NOSTALGIA!!!!,2025-01-29T00:57:05Z,0,0
UgzkGT4bworm6xrUjK94AaABAg,@SLOWPOKENEIL,I want to watch jack playing kerbal space program again,2025-01-29T00:56:56Z,0,0
Ugz_s_wROFo0x7JzQah4AaABAg,@vRvrseFusion,I read jacksepticeye and turbo dismount and I have never clicked faster,2025-01-29T00:56:01Z,0,0
Ugy7uLVZ-HNipGg6_VF4AaABAg,@luisnotmean9632,We are so back,2025-01-29T00:55:14Z,0,0
Ugwik9e6R6ugu91YzkN4AaABAg,@watercannonscollaboration2281,9:45 nice and easy by Clairol,2025-01-29T00:55:04Z,3,0
UgyE-eOBg1GLt3-sc4J4AaABAg,@_babybeet,Am I tweaking or did the thumbnail change?,2025-01-29T00:53:56Z,0,0
UgzWAo6r17s5cLahrOB4AaABAg,@TheGentlmensBard,Good old fashioned Jack plays a video game video. Always a treat 🎉,2025-01-29T00:53:38Z,0,0
UgzCmyTrOP7Up_CJq754AaABAg,@daynapocketsizedneko4557,"I’m so happy with how far Sean has come and grown and everything he has done over the years but damn this hit different 💚 10 years ago I was in highschool, now I’m a whole ass adult. I can’t believe I’ve been watching for over 10 years lol. We all needed this right now :)",2025-01-29T00:53:23Z,0,0
Ugzq2hqjG1oevrtnqsp4AaABAg,@ombremort6865,"This makes me so happy, genuine nostalgia from this.",2025-01-29T00:53:13Z,0,0
Ugy00vPFYsogn1EBhT14AaABAg,@izikhunter2041,I remember watching turbo dismount in like the 7th grade,2025-01-29T00:52:50Z,0,0
UgxMrSt6qH5yQhatCmN4AaABAg,@io9671,Jeez I was a kid when i first watched him play turbo dismount,2025-01-29T00:52:31Z,0,0
UgxFdw5OQroyhwpUcjh4AaABAg,@marisa0706,"Saw the notification and said ""NO WAYYYY"" out loud 🔊❤",2025-01-29T00:52:28Z,0,0
UgxcOAlC-43l7lHzsol4AaABAg,@playboidribble4645,Nostalgia week came early,2025-01-29T00:51:27Z,0,0
UgyZfu89m1vmf7sVp954AaABAg,@cool12jack,this reminds me of my childhood I watched all the turbo dismount you posted nice to see it back again,2025-01-29T00:51:09Z,0,0
UgwbFd7VN2ObKUSlhhZ4AaABAg,@escrosity,Gasped at the sight of the title,2025-01-29T00:50:48Z,0,0
UgzXZ3vEZVWhPZfq3nt4AaABAg,@Iscariot_SFM,BABE WAKE TF UP TURBO DISMOUNT IS BACK!,2025-01-29T00:50:33Z,0,0
UgzMNWgudzMXwMmcMzV4AaABAg,@Desolc-v7w,9:17 did anyone else notice that animated the engine it vibrates when he hits the gas that’s amazing. Crazy attention to detail.,2025-01-29T00:49:17Z,0,0
Ugxtr5M9CjGYJ5hPBql4AaABAg,@Deadfox341,how could i not resist a jack video,2025-01-29T00:49:12Z,0,0
UgwXvOsupw5TeRiBSCB4AaABAg,@yepdonkdonker124,You can adjust the turbo pads much like the ramp. You can change the speed you are given and how long it lasts.,2025-01-29T00:49:09Z,0,0
UgwNFj_h-7JbcAge2P94AaABAg,@Doc903,I didn't even know this was even in the cards this year!,2025-01-29T00:48:38Z,0,0
UgyBwFSzLEZ8LMmqWRp4AaABAg,@mannysdumbthoughts4035,I remember watching the first turbo dismount you made back when I was in grade school 😂 great to see you again Jack,2025-01-29T00:48:27Z,0,0
UgxPJrFJHwGTZzdGtZN4AaABAg,@dantgc8005,"I remember.

I remember the xwing looking car going down ramps and disintagrating",2025-01-29T00:48:17Z,0,0
UgygDoDLUGZoxel6Vch4AaABAg,@BirdFoodOfficial,"WHAT DO YOU MEAN “BIG LIGHTNING”
WHEN I WAS YOUNGER I THOUGHT YOU WERE SAYING “PINK LIGHTNING” WHICH ALSO MAKES SENSE BUT WHAT??? This is a shocking revelation",2025-01-29T00:48:09Z,0,0
UgzuOlMt7jcrslWLQIl4AaABAg,@atempl21,"Just watched a Joe Weller video edited like truly back in the day, now THIS! I AM YOUNG AGAIN",2025-01-29T00:47:33Z,0,0
Ugy0M94fc0dOP1DNEPJ4AaABAg,@LambFlameman,Just like the old days,2025-01-29T00:47:25Z,0,0
UgzszQaugy7IHY0GHw94AaABAg,@Yodo111,0:14 YESSS THE CLASSIC INTROOOOOOOOOOO!!!,2025-01-29T00:47:14Z,0,0
UgwqMFzR5iEIxdsVSit4AaABAg,@PerryDaBerry,Im guessing hes a man united fan based on the title,2025-01-29T00:47:10Z,0,0
Ugxjvd0JctcaDr8j7pp4AaABAg,@Jeffrey_Epsteinn,WE ARE SO BACK INDEED,2025-01-29T00:46:01Z,0,0
UgwwMop0BVOa0-74Lh54AaABAg,@alexandraroman4121,7:52 damn! The squatch has really let herself go since the last time we saw her. Something can now stop the squatch.,2025-01-29T00:45:41Z,2,0
UgyKmLrd-ZqlDmWS2154AaABAg,@danimack205,holy fuck this was my SHIT back in elementary school,2025-01-29T00:45:39Z,0,0
UgzgTWtKbJRL24ZjXlB4AaABAg,@renédescartes-1596,I bet he’s playing chapter 4 of poppy playtime right now,2025-01-29T00:44:54Z,0,0
UgwwkBDDX1oagaEGnpd4AaABAg,@TheRealHummingBeard,"YEEEEEEEEEEEEEEEEEEEEEEEEEEEEEEEEEEEEEEEEEEEESSSSSS!!!!!!!!
i am about to move to my first ever self-bought and owned apartment, and it is driving me insane as well as freaking me out to an extreme, so this video with this energy is such a perfectly timed save, you have NO idea how excited i am!!!!
WELCOME BACK JACKABOI! MY GOD I HAVE MISSED YOU AND YOUR ENERGY SO!! HALLELUJA!",2025-01-29T00:44:41Z,0,0
UgwV1WL26YZpIPXlyMB4AaABAg,@clarissacraig486,"Wait, we back?",2025-01-29T00:44:10Z,0,0
Ugw3Ffo_ne54Sa5yixJ4AaABAg,@ZootedVibes,"Jack, my brother and I absolutely fell I love with your original turbo dismount. 

You were his favorite YouTuber, seeing this on my feed brought a tear to my eye and memories flooding back. 

He unfortunately passed away back in 2022, but I really love seeing turbo dismount 2 and needed to say thank you for being such an amazing influence on his life and bringing us together as kids.",2025-01-29T00:43:16Z,758,2
UgzmhiMifvelq0kBVS14AaABAg,@MR_R080T0,"Gotta say bro, Love the hair. Reminds me of Qui Gon Jin.",2025-01-29T00:43:05Z,0,0
UgxiPnMZoKYHgLNyWiF4AaABAg,@MikeNukem666,2042 Jacksepticeye is BACK,2025-01-29T00:42:25Z,0,0
UgyBKQczFBQyPSRGnDJ4AaABAg,@isaiahkohler4268,Turbo Dismount? Haven't heard that name in years.,2025-01-29T00:42:22Z,0,0
Ugzrxc3eJsP3d5RQ_wh4AaABAg,@CainTheChaosDeity,"i CANNOT WAIT for custom levels and for the iconic clusterfucks levels to come back those were the days i laughed the hardest, i really hope we get the exact same stupidity we used to have",2025-01-29T00:42:07Z,0,0
UgzP-MKniE2m7-3O0EF4AaABAg,@commanderoffrenchfries,This brings back soooooo many memories! Glad to ba back dismounting!,2025-01-29T00:42:02Z,0,0
UgzUQj8skHGhXwL3stJ4AaABAg,@gonathi117,"wow, it only took jack literally growing grey hair for it to launch",2025-01-29T00:41:33Z,0,0
UgxRPPqZTR4fRJLl6rp4AaABAg,@perfectmango215,"This reminds me of when I saw Jack play it and then, bought it for myself. So much fun.",2025-01-29T00:41:29Z,0,0
UgwBGs5FCM44nchHPMd4AaABAg,@paulinalopez10,this isnt garten of banban 7...,2025-01-29T00:39:39Z,0,0
UgzyrDQ4WC55PDB18iJ4AaABAg,@ghoul1603,YESSSIRRRRRR TURBO DISMOUNT IS BACKKKK LETS GOOOOO,2025-01-29T00:38:44Z,0,0
UgxWg81AiHYkkUvUOe54AaABAg,@brandtthebrent7227,Hearing him say pink lightning in 2025 healed a hole in my soul,2025-01-29T00:37:28Z,0,0
UgwKckPyc2COKymAjHd4AaABAg,@SoftLoliete,They made a fucking second one,2025-01-29T00:37:18Z,0,0
UgxU0Mkoc-d4yMqKvpV4AaABAg,@Born2Rev16,why did nobody tell me they made a SECOND ONE?,2025-01-29T00:37:08Z,0,0
UgzVy8nA6vsO0iRH6r54AaABAg,@The_Lumarians,Me when I saw this I thought of jacks old turbo dismount intro TUUUUUUUUUUUUUUUURBOOOOOOOOOOIIO DIIIIISMOUUUUNT,2025-01-29T00:36:49Z,0,0
Ugxh63rpkh2EBjtxSv94AaABAg,@emerly820,Omgggg turbo dismount is how I found this channel 11 years ago!!,2025-01-29T00:34:54Z,0,0
UgxtJnsai-i-BEfgxrZ4AaABAg,@demetrichavez469,ya have to play this game more pls,2025-01-29T00:34:29Z,0,0
Ugx4mJBRHlSrEbMDuwl4AaABAg,@bravehearticus,"Jack, thank you for doing this type of content right now. It's exactly the content we need: happy, funny, chill, ❤",2025-01-29T00:34:04Z,0,0
UgzhnmChNjTwp4IYIAR4AaABAg,@evanwilliam8403,one of the best games I grew up watching jack play!,2025-01-29T00:33:06Z,0,0
UgxiCAF6CWfSTGjYoml4AaABAg,@dova117,"Holy shit I remember when you first played Turbo Dismount....
Fuck it's been a while",2025-01-29T00:33:05Z,0,0
UgyGKE_u1vSSCck481x4AaABAg,@lachlanparker570,"You're making me feel old, Sean. I'm only 23, but I was here back then. You're making me feel old.",2025-01-29T00:32:08Z,0,0
UgwUPwVMYHupaCFfNhJ4AaABAg,@gabemiller3531,Wow. Man I haven’t heard that intro in like a decade,2025-01-29T00:31:39Z,0,0
UgwpcYTxgJwAnScz6oZ4AaABAg,@sethjenkins8914,I missed this game!!,2025-01-29T00:31:34Z,0,0
Ugzuew2ky9Go2qDtKBJ4AaABAg,@ofmudandmoss,omfg just went to the 2014 vid and the immediate parallels- first time playing both he said how his  first run was garbage XD,2025-01-29T00:30:26Z,0,0
UgwFwsJAcpuP3q1O9JZ4AaABAg,@ashtongarcia5198,i never would have guessed this was gunna happen ever,2025-01-29T00:29:47Z,0,0
UgzUpeeJFgA5zVFGN4x4AaABAg,@Nothingatall0,It's been...so long,2025-01-29T00:28:08Z,0,0
UgzPGdsVGJy5hikJw614AaABAg,@kazukiasuka,"0:45
My whole entire life thinking the tricycle name was ""Pink Lightning"" but it was ""Big Lightning""",2025-01-29T00:28:07Z,0,2
UgyEqPVCAgXNnqjmq_V4AaABAg,@kidz4p509,7:53 The best vehicle in Jack’s Turbo Dismount garage. Why? Because NOTHING STOPS... THE SQUATCH!,2025-01-29T00:28:07Z,0,0
UgwFKOSXMh80V9lkWWB4AaABAg,@xanderhell2038,"One of the best feelings in life, is one of Jack's videos of a game he hasent played in a while but came back to💞🤗",2025-01-29T00:27:50Z,0,0
Ugyt7tCPNw9dF6_oTuR4AaABAg,@Gooberman7274,Please make a series out of this pleeeeeaaaasssss🥹🥹🥹,2025-01-29T00:27:26Z,0,0
UgwLm8hg4G_SQy1ruUl4AaABAg,@hornetscout2579,Seeing Sean with gray hair is sad and uncanny,2025-01-29T00:27:20Z,0,0
UgyI6RThDw7j9n_ii5x4AaABAg,@batlord7690,"Why are all the vehicles yellow, did they all contract Jaundice?",2025-01-29T00:26:54Z,0,0
Ugx-4Z6bV8wRG8heC2V4AaABAg,@FinePowderDumpling,I fucking missed this,2025-01-29T00:26:45Z,0,0
UgzwOgXn7h91LS6u5_l4AaABAg,@yk_its_Silently,This Brings Back Some Memories,2025-01-29T00:26:30Z,0,0
UgxD1Vfvb5pDY8CM4oV4AaABAg,@JreidFilms,How is this not trending????,2025-01-29T00:23:52Z,0,0
UgwG2wtgnxUVL8aENMN4AaABAg,@amelia6557,Oh my god I remeber this game!!,2025-01-29T00:23:23Z,0,0
UgyZ55OIHZeucxJnGwd4AaABAg,@Expired_toast,"I remember you and dan playing this, it was so amazing 😭",2025-01-29T00:23:20Z,0,0
UgwyOG9wAGECqqbcoqB4AaABAg,@selenahammond2970,Iirc windows only allows 1 app to use your camera at a time so thats probably why the live face thing doesnt work,2025-01-29T00:23:19Z,0,0
Ugz2Mq7a6287Y8fNjgd4AaABAg,@catfluff85,"Wow, the name ""Turbo Dismount"" REALLY takes me back lol",2025-01-29T00:23:05Z,0,0
UgzWffu0fuNsjY2tJBN4AaABAg,@Volandar,Turbo. Dismount. 2??? LET'S FRICKEN EFFIN' GO!!!,2025-01-29T00:23:04Z,0,0
UgwOK9u8M2iUeNPy8up4AaABAg,@cdgames2495,THE SMILE I HAD AS I READ THE TITLE! ITS BACK!!!,2025-01-29T00:22:58Z,0,0
UgxNlfxwUR5Zwb0KQMp4AaABAg,@lukkruk6904,We need more pink lightning,2025-01-29T00:20:22Z,0,0
UgytXgeFq_nMM2lBsgR4AaABAg,@TheEarthnicity,The prodigal Jack returns,2025-01-29T00:19:56Z,0,0
UgybO-CrzWdrLNycP2F4AaABAg,@NuclearSlayer52,"20:30 air is lighter than snow, so its capable of scooping it out of the way",2025-01-29T00:19:46Z,0,0
UgxIeu0TVecaj8-fWWl4AaABAg,@CreepyBEEF,i was hoping Seán would play this. my first thought when I saw the trailer.,2025-01-29T00:19:08Z,0,0
Ugw8VDj7py9xmubCTQd4AaABAg,@idamattsson5998,"This is so nostalgic for so many reasons but the main thing is that Turbo dismount is how I found this channel back in 2014, happy tears man",2025-01-29T00:19:08Z,0,0
Ugz6CW9X_IMYNFcE7nd4AaABAg,@codybyas2675,Nostalgia week?? 15 years anniversary is coming in a couple years.. it’s been like 8 years or something since the last nostalgia week,2025-01-29T00:17:47Z,0,0
UgwSw8jf9s_CphYv7b94AaABAg,@JosiesRoses-l9r,"Silly Jack, what would the police have to do on the scene when everyone is already dead? you did their job for them.",2025-01-29T00:17:33Z,0,0
Ugy-KtKktwCebV8j7ZR4AaABAg,@Xelos-wq1xh,TOP OF A MASON MAN he's back at it again!!!! How far are u all willing to go i wonder lol,2025-01-29T00:16:41Z,0,0
UgxlmrCFe3FApBu0HwV4AaABAg,@porkypig226,10:42 i miss the rage ahh beat,2025-01-29T00:16:40Z,5,0
UgySFbPJXXJ18nYvnj94AaABAg,@ArthurShortreed,"Sean posting THREE TIMES in one week!? Don’t mind if we YES!

Much love brother man!",2025-01-29T00:16:11Z,1,0
Ugx062J41FMsrE9DMaV4AaABAg,@_funny.person_,Bro PLEASE tell me this is on playstore or steam PLEASE (I need it so bad),2025-01-29T00:15:33Z,1,0
UgyoBBymYSvd6V9Syr94AaABAg,@Cyrozs,2014 Jack is still one of my favorites,2025-01-29T00:15:11Z,0,0
UgyBz_8bmLjmbTeAT8h4AaABAg,@yourgoofballfr,no WAY this game is back this is insane,2025-01-29T00:15:11Z,0,0
UgzmNCJtZCoQjIvl3FV4AaABAg,@MartHommes,I discovered Markiplier because of turbo dismount back in the day. So happy to see the creators making another game,2025-01-29T00:14:36Z,1,0
Ugyh9uP946l-6vOsVu54AaABAg,@dominoisdone6322,Best birthday gift ever to go back to this ❤,2025-01-29T00:13:42Z,0,0
Ugw1nTfZ4iSOswpNN8l4AaABAg,@symmo95,Have never clicked on a video so fast in my life!,2025-01-29T00:13:30Z,0,0
UgwWWwJY7Y_BpcXKRQZ4AaABAg,@alexs6746,Is it just me or does everything feel far slower,2025-01-29T00:13:19Z,0,0
Ugz57vNmwvF3cPBP_rZ4AaABAg,@JJ-lj7nc,editor got PINK LIGHTNING wrong,2025-01-29T00:13:19Z,0,0
UgwpQMMl2N8ZJiK2Q054AaABAg,@GabrielBrownEX,Well top of the mornin to ya,2025-01-29T00:12:33Z,0,0
UgyDVpRVcYQxmwijEFt4AaABAg,@thewolfmaster6840,I feel like a kid again! I was EIGHT when I watched that turbo dismount video at the beginning!,2025-01-29T00:11:15Z,0,0
UgzB8mrburOFUdSZoi54AaABAg,@shadowtheeevee6785,The music at 16:52 made me bust out laughing. Ty for the laugh jack keep up the great content man your my favorite Irish YouTuber,2025-01-29T00:10:31Z,0,0
UgwWUNSI_at4lfVBJQd4AaABAg,@Pr1m3the1st,Dude I was rewatching the series and I really wanted more AND WE GOT MOREEEE,2025-01-29T00:10:17Z,0,0
UgyuaJ-q7mdDiQz2HXp4AaABAg,@OblivionSundae,"This was the series that got me watching your channel, and seeing it again is really nice, especially as one of my favourite youtubers announced their retirement today. Also I'm loving the hair :)",2025-01-29T00:09:12Z,0,0
UgyyhlDh_qPnM3uka754AaABAg,@silverzombie4477,WHAT FUCKING YEAR IS IT?!,2025-01-29T00:09:02Z,0,0
UgxHyTqvstwgVB3mFyd4AaABAg,@bravehearticus,This is so clusterfluck vibes and I'm not mad at it 😂,2025-01-29T00:06:32Z,0,0
UgzzIPNcp7njgdrR0KR4AaABAg,@RuralNanoChao,"THERE'S A SEQUEL?! FINALLY!!!
We've been waiting a decade for this game!",2025-01-29T00:06:00Z,1,0
Ugw9qclJ2x1XH1mYd3Z4AaABAg,@foxythepirate3218,"The moment the music started, a rush of nostalgia rushed over me. It was like I was brought back to my graduation days",2025-01-29T00:05:34Z,0,0
Ugw31jJGaljPZqIxXQ94AaABAg,@raspypure8139,"Jack: Turbo Dismount is back
Me: HELL YEAH",2025-01-29T00:05:14Z,0,0
Ugz28VMwoDTrjV_HrMJ4AaABAg,@ZombieDudeVariety,Sean’s still got it baby,2025-01-29T00:05:13Z,0,0
UgzAOieEKah7oj6mxpZ4AaABAg,@agcornia2012,"Another great turbo dismount game! Also, what is Jack's shirt?",2025-01-29T00:05:04Z,0,0
UgyXpNocL7KuYxsQPx94AaABAg,@Hoodie64-j5h,THE WORLD HAS BEEN CURED OF BOREDOM,2025-01-29T00:04:32Z,1,0
UgzYdPIIgOL57mkgUYJ4AaABAg,@retr0_117-6,That's the most Jacksepticeye video EVER,2025-01-29T00:03:45Z,1,0
UgxmE_2Oqn4K4hxGgrF4AaABAg,@IceCreeper9490,Hold on… WHERE’S THE TOKEN BIRD?!,2025-01-29T00:03:27Z,0,0
Ugw6r4TLG2_yA3uoZTR4AaABAg,@erikwoodruff5643,"Been so long since I clicked on a video this fast

The absolute nostalgia",2025-01-29T00:01:53Z,1,0
UgwXqi-ZdL1Sk8Zjk8R4AaABAg,@Kingofkings70-e3y,Ahh nostalgia hitting hard,2025-01-29T00:01:39Z,0,0
Ugw0jjAUBGJWREmQJRR4AaABAg,@langos7946,"Holy shit no way, they made a second one?",2025-01-29T00:01:07Z,0,0
UgyOxjjV1L9bI5DCpiZ4AaABAg,@ProudOrbit217,I just got off my shift and this is the first video I see when I open YouTube!🥹💚,2025-01-29T00:00:18Z,0,0
UgxGkdqC8iVM8TlVb454AaABAg,@DaithíMcBrádaigh,"Watching this feels so nostalgic, like I'm back in 2014. Can't wait for you to do more on this game.",2025-01-28T23:59:41Z,0,0
Ugw-phslxzrhTQaIBy94AaABAg,@Bonuts_Goood,The kerbal space program reference made me unreasonably happy,2025-01-28T23:58:49Z,0,0
UgzuXW-oVHUl5nvfcRN4AaABAg,@keikoayano2897,Nice to see that the snow plow is still messing him up,2025-01-28T23:58:32Z,0,0
UgxuMgT9aBnk7P93pTB4AaABAg,@FissilePage9075,HE DID THE THING AT THE START!!!!!!!,2025-01-28T23:58:14Z,0,0
UgzSokVXxGL2OwWY7tl4AaABAg,@redhedshot1638,Oh god yes early YouTube days let’s role baby,2025-01-28T23:58:14Z,0,0
UgyaYzxt4LV-NGVGT0R4AaABAg,@bluesketch3874,"I recently just started playing this Apple Arcade game called sneaky Sasquatch and it’s so much fun. I think you should try it, you might even love it!! I would love to watch you make a video playing it.",2025-01-28T23:57:53Z,0,0
UgxWUfCvUsA0SsuXbtd4AaABAg,@venomoushamster2270,"20:35 those physics were actually pretty good there, that's how most people would move in their car if they got rear ended.",2025-01-28T23:57:53Z,2,0
UgxnuZq_-MbUga2tl_V4AaABAg,@sick1803,"To stop the flips when you’re in the air stop accelerating, gas = nose up brakes = nose down, the wheels spinning is why",2025-01-28T23:57:19Z,0,0
UgzHfxiQSF8HTn1gllB4AaABAg,@GenZ_Idiot,Oh we are so back,2025-01-28T23:56:45Z,0,0
UgzxKnE9t1ey6LjFNaJ4AaABAg,@liamwhite7207,Oh it feels good to be back.,2025-01-28T23:55:54Z,0,0
UgwsHOWmmv9T9JXG0kF4AaABAg,@Codstergalaxy,16:52 the devs changing the music for slow-mo is so funny. 😂,2025-01-28T23:55:49Z,96,2
UgyqrXyXmmQwQ_DZupx4AaABAg,@ZZZREEET,"God, I hate when it is bring-yourself-to-work-days…",2025-01-28T23:55:36Z,0,0
UgxAqiyYyqAGmxujXe54AaABAg,@melodyMonger413,holyyyy SHIT the nostalgia! this brought me wayyyy back,2025-01-28T23:55:09Z,0,0
UgyaHEAmsVRD_VuhBGd4AaABAg,@biglarry8019,It’s like I’m 12 again these videos were like all I used to watch,2025-01-28T23:53:50Z,0,0
UgwXbP1HurtmUsEjisp4AaABAg,@epicdude3659,"just a tip, the new game actually does have air control, accelerating while in the air does a backflip, braking while in the air does a front flip

i don't remember if turning left an right rolls the car in either direction or actually turns the car in either direction",2025-01-28T23:53:42Z,0,0
Ugz1OYCY84R2iaq6WSN4AaABAg,@qualia8047,Feel that? The joy? I do. I'm happy. This made my day. 🎭,2025-01-28T23:53:21Z,0,0
UgzjVJeHMpFaEsSl0Zt4AaABAg,@PyroYeet,"Holy fucking shit
I feel like a child again, can't believe I'be been watching this man since I was 10 and I gave passed 20 now",2025-01-28T23:53:00Z,4,0
UgxMD708UPDlj8WkSMx4AaABAg,@ultragamerzak,Yes Yes and Yes We are SO back!,2025-01-28T23:52:35Z,0,0
UgzcdC3tsQ1qbMWszwt4AaABAg,@maliimarie,The sound of such simpler times.. 😅,2025-01-28T23:52:33Z,0,0
UgwcMVt1BjijS6LRGn54AaABAg,@deadlock4499,"19:10 ""Ha get through that McQueen""",2025-01-28T23:51:34Z,5,0
UgzuqS5T9vdgVCBcW914AaABAg,@SugarsnapCaely,You're so right about the nostalgia lol! I remember watching the Turbo Dismount videos all the time during high school. Made me laugh so much. And it's still super funny! :D,2025-01-28T23:50:46Z,0,0
UgwQeCOU-KqDBQaB2IZ4AaABAg,@Daskamania,Finally a non horror game!,2025-01-28T23:50:38Z,0,0
Ugx1LIDH9Wa-BJCzs2d4AaABAg,@senorporko3299,Its been so long since jack uploded a turbo dismount video that im trans now,2025-01-28T23:49:39Z,0,0
UgxYxfyCs-g6k9Yezh14AaABAg,@Arcelisdoeswatch,I feel my mental health recovering seeing jack more often,2025-01-28T23:49:25Z,0,0
Ugz0IBYFWfbSHnu3FB94AaABAg,@mattpick839,"That was awesome man I felt like I was back in school no joke, I spent this video laughing hysterically from my belly lol thank u sean ❤❤",2025-01-28T23:49:15Z,0,0
Ugx8fP-1n3n66B4HQ1R4AaABAg,@AZzy_DaZzi,"Man I haven't seen your videos since I was like 17. Now im 21, watching this, hearing the intro, dude I love your videos. Hearing that intro just made me so happy.",2025-01-28T23:48:53Z,6,1
UgyqvS4T7985we4-fxx4AaABAg,@-zl1xm,Throw TUESSSDAYYYYU,2025-01-28T23:47:49Z,0,0
UgxlfcrzN5vgNKsEJwB4AaABAg,@De_STR,"Honey, 2014 Jacksepticeye is back!",2025-01-28T23:47:11Z,1,0
UgwJyAVzLs2Ujxu_KSh4AaABAg,@felconaire,OMG the wave of nostalgia 😭,2025-01-28T23:47:03Z,0,0
UgyKWoHcnMdC2JiW8H94AaABAg,@TheeSBGamer1,You should have done your old outro and outro song since you did your old intro.,2025-01-28T23:46:58Z,1,0
UgzGxDWSu0XRI-AWWWN4AaABAg,@AL-Doody,"5:51 the sound of the bone snapping actually made me gag there, I don’t even know why it was just so crisp and on time",2025-01-28T23:46:53Z,1,0
UgyGBS5Jkl8r4KY0jPB4AaABAg,@derekgonzalez6271,As a person who's been watching since 2013 this makes me feel old,2025-01-28T23:46:44Z,0,0
UgyL5jcteMUguxLVMRh4AaABAg,@Crazebloxity,WE GOIN BACK TO THE PAST WITH THIS ONE 🔥,2025-01-28T23:46:17Z,0,0
UgyLv_QyBcJVpG-_7uB4AaABAg,@BloodNigh345t,This feels like I travelled back in time and I'm here for it with how the past couple of years have gone for me.,2025-01-28T23:46:03Z,0,0
UgyFeZ07-myGbephpmJ4AaABAg,@domenicgoodrick8645,you gonna play Poppy Playtime Chapter 4 when it comes out on the 30th? 😃,2025-01-28T23:45:44Z,0,0
UgwurGKkhHXH1-ew2S14AaABAg,@The_Scallywags,Oh... Oh my god... I feel whole once more...,2025-01-28T23:45:39Z,0,0
UgxZmbwZ1PL1ZjtiNrR4AaABAg,@trello3639,I’m sitting here depressed because I’m not a kid anymore and I’m about to turn 20 and then YouTube recommends this bombshell as if I didn’t feel old enough all ready,2025-01-28T23:45:35Z,0,1
Ugw8WjHazGqcm4XJv8d4AaABAg,@Kayson.,the nostalgia is insane,2025-01-28T23:45:20Z,0,0
UgzBGmuMhxTPziAviLd4AaABAg,@MrFlappyface,trubo dismountn2 is out? YEEEIPPPPPPPPPEEEEEEEEEEEEEEEEEEEEE,2025-01-28T23:45:10Z,0,0
UgwuEq2FYMiluqwjRlh4AaABAg,@Vinsazz,I remember when I was like nine and the first video came out. Now I'm turning 19 and we got turbo dismount 2 before GTA VI.,2025-01-28T23:45:07Z,0,0
Ugw3zazIvDvqPAAYUIx4AaABAg,@guardianofthehill,"I was slightly disappointed by the editor at 0:47. 
They robbed us of the glory of a true ""OOH, PINK LIGHTNING!""

Also, very happy to see Turbo Dismount got a sequel. It's a very fun game to play, and always was great to watch Jack play as well back in the olden days.",2025-01-28T23:44:11Z,0,0
UgytoNGpoCkvoopxbtJ4AaABAg,@DCAmericanMade,THIS IS EPICCCC,2025-01-28T23:43:34Z,1,0
UgxjLVPl5udszu8sy4Z4AaABAg,@rubyruff2713,And we’re back,2025-01-28T23:43:26Z,0,0
Ugx__8wdqATTsizeeQ94AaABAg,@ThePositive0ne1,Jack's playing Turbo Dismount again... nature is healing.,2025-01-28T23:42:29Z,1,0
Ugxbhg2bGzJE3ADh1d14AaABAg,@Stella._.Sausage,THE SMACK OMG I AM HEALED,2025-01-28T23:41:48Z,0,0
UgzGmgvbTvgF0xuCArZ4AaABAg,@wuduptuck6933,turbo dismount was some of the first jacksepticeye videos i ever watched!,2025-01-28T23:41:31Z,0,0
UgwH9o3iGJeGFPiNAEh4AaABAg,@Psilocinoid,"Sean : ""Everybody is faster than me for...SOME reason?!""

Also Sean : *Actively taking a UTV on the freeway*",2025-01-28T23:41:26Z,4,0
Ugzmltrv6ezx60uJdUJ4AaABAg,@Robshi,"7:54
Jack: NOTHING STOPS THE SQUATCH!
Squatch falls off the back of the level.
Me: *nearly dies laughing*",2025-01-28T23:41:19Z,0,0
Ugy-gBRRWsVG2ImpfqJ4AaABAg,@ivyjones9104,14:22 would make a great Tic Tok audio,2025-01-28T23:40:40Z,9,0
UgyOOPAPAYObtIsl4mh4AaABAg,@Venom-snake-big-boss,My child hood,2025-01-28T23:40:02Z,1,0
Ugzr29aN4VtAYqv1tnN4AaABAg,@SillyFroggyWoggy,"OMG!!! This brings back so many memories, both of you, and mark, and my father, he showed me td1 and I found the game super funny 🩷🩷🩷",2025-01-28T23:38:56Z,0,0
UgxDGjVSTDrB0RYRS7d4AaABAg,@lowdowngrittyngrimey,perfect video for my break at work. love u jack,2025-01-28T23:38:50Z,0,0
UgykV8IfkWwEM1PmBUl4AaABAg,@atefarabelly,Guys am I the only that's crying rn... I feel so happyyyy😭😭😭,2025-01-28T23:38:10Z,0,0
Ugzq2pZJYNIosQalPOx4AaABAg,@Frost-tw4qd,"God, I haven’t watched Jack and played Turbo Dismount in ages. Also I’m glad to see Turbo Dismount make a return.",2025-01-28T23:37:55Z,0,0
UgyIUQEa2lUq4ixSYut4AaABAg,@LainieAngel,"Sean playing Turbo Dismount in 2025 was not on my bingo card, but I can appreciate it!",2025-01-28T23:37:52Z,0,0
Ugyrp2aFU2vxly2BF7B4AaABAg,@TimDaCorgi,It's like being in high school again 😢,2025-01-28T23:37:27Z,0,0
UgxuRRa80sF4kP0QUll4AaABAg,@Arachnewhat,I DIDNT REALIZE HOW MUCH I MISSED THIS GAME,2025-01-28T23:37:25Z,0,0
UgzM7hxbnA-3x9aikH54AaABAg,@the_blind_hearing6,"My very first Jacksepticeye video was the first episode of Turbo Dismount, so this franchise will always be special to me",2025-01-28T23:37:17Z,0,0
Ugz576EQ6_vZcCGBvhd4AaABAg,@elementalb3m957,0:47 AI ahh editor,2025-01-28T23:36:43Z,0,0
Ugzxqc7vAHQRtcCSua94AaABAg,@AaronXNoFlex,this is everything and so much more for me…,2025-01-28T23:35:41Z,0,0
Ugzo8rMRq6huI9S_tZF4AaABAg,@zigtavius5071,Am I back in middle school !?!?!,2025-01-28T23:35:01Z,1,0
UgyYnAfysWkgdnm7upN4AaABAg,@TicTocTacookie,I get a really bad feeling that Turbo Dismount 2 might come to Apple Arcade or Netflix behind a subscription….,2025-01-28T23:34:55Z,0,0
UgwS75GUOFsaK06QN8F4AaABAg,@slatkarmarkoski5134,The first video i ever watched from Jack was the first episode of turbo dismount. When I saw this video it felt like i relived that moment again. Emotional stuff.,2025-01-28T23:33:47Z,0,0
UgxBJhsFQyOmHiBLnd54AaABAg,@Chris_fxz,14:50 that song went unnecessarily HARRDDDDDD,2025-01-28T23:33:30Z,4,0
UgzyCm5pX3PQH9YFAYx4AaABAg,@Mascyboi,I clicked so fast,2025-01-28T23:33:08Z,0,0
UgwjvyulL-n4pZnsdtt4AaABAg,@adanrai7423,The way I clicked INSTANTLY,2025-01-28T23:32:40Z,0,0
UgwSQ51sH9yrD7fhe3h4AaABAg,@LucasBoland4,TURBOOOOOOOO DISSSSSSMOUNT BAAAAAABY!!!!!!!!!!!!!!!!!!!!!!!!,2025-01-28T23:31:34Z,0,0
UgyLzMAcJ3-IxfoAKL54AaABAg,@TheOneEpicplayer,We're going back to 2013 with this one boys.,2025-01-28T23:31:33Z,0,0
Ugz4YStiOizl7CjNk4h4AaABAg,@Mysticdeathgaming,I love this manly bc I found your channel through the original turbo dismount videos,2025-01-28T23:30:54Z,0,0
Ugx3ITLf4H9iY04V0eV4AaABAg,@richardjayroe8922,He has Grey hair now apparently,2025-01-28T23:30:48Z,0,0
UgwCdFCWluTHj3xano94AaABAg,@brandonhey7797,i feel like Deadpool would absolutely love this video (or just Jack in general),2025-01-28T23:30:34Z,0,0
UgzH5SUziwCquNuBQ794AaABAg,@JudeWhiteman,We’re so back,2025-01-28T23:30:08Z,0,0
Ugwty4s77D6_7P9eulh4AaABAg,@ohwell2518,"YESS, I was literally watching the escapists series the other day",2025-01-28T23:29:04Z,0,0
UgyufHpu2Tl828cfUsV4AaABAg,@toivo.u,"I precisely remember seeing that first 60 fps Turbo Dismount video back when it came out. I've been watching this channel for more than half my life so far, not a single wasted second :)",2025-01-28T23:28:27Z,0,0
UgwRa-9pt3PzxX034NZ4AaABAg,@lulatsch1515,This made me resubscribe!,2025-01-28T23:28:21Z,0,0
UgwlWZrCyFSzbzFYCWJ4AaABAg,@EllieStreet,Thank you jack i really needed a laugh today 🤍,2025-01-28T23:28:11Z,0,0
Ugw6bwUR9V3T2eoEwmN4AaABAg,@CheeseTheTerrible,I NEVER THOUGHT ID HEAR AN “OOOOOOHH PINK LIGHTIN” AGAIN LETS GOOOOOOO,2025-01-28T23:28:10Z,0,0
UgwZUQ3quY6EDcQDYPN4AaABAg,@oostunzs9127,"Fun fact, I'm watching this on a quest 3s headset. It just hits different when you browse through the internet with this thing.",2025-01-28T23:27:59Z,0,0
UgwlbgAazUJ6vRykxpR4AaABAg,@doctoreggman5537,20:30 Revenge of the snowplow,2025-01-28T23:27:53Z,0,0
UgyscHWRTrUVUCVn4Y14AaABAg,@ieatchoclates2477,I thought I'd never see this day,2025-01-28T23:27:45Z,0,0
UgygGXV_TIa5PYXPshR4AaABAg,@finleyjennings3678,The memories 😊,2025-01-28T23:27:39Z,1,0
Ugx1lhcvGhc3fz749YB4AaABAg,@rua.bnuuy_the_fey.bewitched,"I was in middle school or something back when I watched the original Turbo Dismount from good Ó Jackaboy; I even remember I played the game myself after him.

Glad that it's back, and that the Gaelic Gladiator himself is too.",2025-01-28T23:27:37Z,0,0
UgyqIeE9jzuenS_ROG14AaABAg,@papapoyo19,"Your Turbo Dismount videos was how I found your channel at around 500,000 subs",2025-01-28T23:27:32Z,0,0
Ugy5YTm_UuYtxv9iXNF4AaABAg,@Unknxwn-313,"I can't believe I've been watching this man for 10 years already, and I'm still only a junior in high school 😭",2025-01-28T23:27:26Z,0,0
UgzMeZzUvUbSLxFXADR4AaABAg,@Benshus,Bro this brings me back omg,2025-01-28T23:25:43Z,0,0
UgxlNZdOioQN_fLfN8t4AaABAg,@alpharaptor7510,"Whoa this takes me back 😂
I so miss this",2025-01-28T23:25:34Z,0,0
UgxzUkdN6eu0mDQBKhl4AaABAg,@ddeliriumtremens,Who else is hearing the last 4 or so seconds of the Countdown clock? Am I going insane?,2025-01-28T23:25:23Z,0,0
UgyZIFbR97Op8qb61d14AaABAg,@jackholt1543,This is what 2025 needed 👏,2025-01-28T23:23:38Z,1,0
Ugw7zTt0YKfib5dvYZt4AaABAg,@mikaylawinter4945,One of my happiest memories with my 3 siblings and dad is binging the whole Turbo Dismount playlist. Constant laughter while yelling every catchphrase,2025-01-28T23:22:58Z,0,0
Ugx0Se2ooH6U_ma7UdB4AaABAg,@aceshatters,0:48 Editor is a fake fan,2025-01-28T23:22:51Z,0,0
UgxXWneCnb1tscp489F4AaABAg,@Dookieman1975,I was struggling with math when u played the first one and I still suck at basic math now,2025-01-28T23:22:38Z,0,0
UgzDhTfS_DdNGLjw_2x4AaABAg,@Fruit2346,I thought it was pink lightning?,2025-01-28T23:21:48Z,0,0
Ugz7uyFidDRXaOlmG2d4AaABAg,@SamM6599,The Nostalgia Chills are INSANE!!!!! And I haven't even STARTED the video yet!!!! It feels good to be back!!!!!!!!! 🥹,2025-01-28T23:21:31Z,0,0
Ugxl3-VGRIH_w6ytzUp4AaABAg,@originalchad43,I completely forgot about these games and I just got hit with a brick of nostalgia.,2025-01-28T23:20:52Z,0,0
UgxqjuOPzet1keFuVXJ4AaABAg,@jenojobizo1659,The first Turbo Dismount was one of the first videos I watched from you hell ya,2025-01-28T23:20:35Z,0,0
UgyQJaYPdp-QAhj1P3l4AaABAg,@greenapple9477,I wish Jack did silly games way more often!,2025-01-28T23:20:27Z,0,0
UgwPI0Cjb3kNuo6Vpxx4AaABAg,@LaurenRDecker,Bro turbo dismount in 2025??? God I this brought me back to being 14 again 🥹,2025-01-28T23:19:57Z,0,0
Ugw02pa-rJsoPbeX6Vt4AaABAg,@arceuswarlord2222,We are so fuckin back dudes! This is nostalgia blastin me back to middle school.,2025-01-28T23:19:17Z,0,0
UgxhSraKKKRAlfrCUlh4AaABAg,@Baneyyy,We are so back!,2025-01-28T23:18:58Z,0,0
UgxKRla7ib-nB3Ud0GB4AaABAg,@art2norrman872,"This was my childhood omg. I used to watch Jack play Turbo Dismount while I played the game myself, trying to recreate what happened in the video",2025-01-28T23:18:55Z,0,0
UgxIqVocZmnxbaO6ZI14AaABAg,@autumnbennett6230,"""Turbo pads"" I think you mean SPEEDY BOOSTY!",2025-01-28T23:18:45Z,0,0
UgzhHgllMFKS7luIoA14AaABAg,@sorcerous8401,Holy shit i remember that first 60fps video. You were talking about what a big deal it was that youtube was finally moving to 60fps for video compression. Fuck we are all getting old,2025-01-28T23:18:36Z,0,0
Ugy5ckvqknKVtIn3M554AaABAg,@Ktulus_Mustache,I remember when I first starting watching you this was like the first series I like binged love seeing turbo dismount back!!!!,2025-01-28T23:18:10Z,0,0
UgzjUYM4tRys4srlqXx4AaABAg,@sonofadeadmeme,"12:15
""Oh yeah we're going to space baby... oh no oh no its all gone wrong""
                                                                                                                -every U.S. citizen watching TV on January 28, 1986",2025-01-28T23:16:37Z,329,5
UgyMOkOeu_FPyULKeUV4AaABAg,@tubalion2440,literally what got me into watching jack all that time ago!,2025-01-28T23:16:28Z,0,0
UgwLjbAZFq60kjcOgrl4AaABAg,@shpkunky9732,"ive always thought it was pink lighting...now I know

although pink lighting is a fire name",2025-01-28T23:15:59Z,0,0
UgwjQvFppVbtRG40AKh4AaABAg,@xddarthvader,0:48 um I don't want to be that guy but WHY IS IT WRITTEN BIG LIGHTNING????? IT'S PINK LIGHTNING right??,2025-01-28T23:15:40Z,0,0
Ugy7Ab_6qCqbGqBNTex4AaABAg,@justjimmy2024,Hearing your laughter at the slow mo music was so nice. I know it’s been rough for you so it’s nice to see you genuinely joyful and giddy,2025-01-28T23:14:27Z,1152,8
UgwXx4i1-6hncjXDU654AaABAg,@k_doots,Nostalgia week came early,2025-01-28T23:14:23Z,0,0
UgwUMw1OR9YOkfxot-x4AaABAg,@MrMeme_man_official,TURBO DISMOUNT WHHAAAAATTT,2025-01-28T23:14:13Z,0,0
UgxGHhfzDWFWN1uascx4AaABAg,@lanepop1,"Nostalgia, you got that right. Man I remember watching the first turbo dismount the day it came out, and getting to watch this one hours after it came out too just feels good.",2025-01-28T23:14:06Z,0,0
Ugw_TnsOL4S4Qn4Qd-R4AaABAg,@ultramariogod,Never too old for turbo dismount,2025-01-28T23:13:42Z,0,0
UgxQWyjYYuRCXu3QV-F4AaABAg,@JoeMama92648,used to pray for times like this 🙏,2025-01-28T23:12:51Z,0,0
UgzTLvty-IcCyYkxlQl4AaABAg,@DatWildWolf,"We need more of this please 😂❤ at least another hour 

I miss the fun games with jackyboy",2025-01-28T23:12:06Z,0,0
Ugwv7Vt0Qaxw8jaJcwx4AaABAg,@TheRealAlpha2,"Starting to feel like the crash modes in Burnout, which I don't hate, not one bit.",2025-01-28T23:12:05Z,0,0
UgwnBueDxKE8fTbMM3N4AaABAg,@kennethsherman7450,This was the first game I ever saw you play way back and I’ve been following ever since. From when I was 12 now I’m 23!,2025-01-28T23:10:06Z,0,0
UgyAoqhS63I7pJ2lHZt4AaABAg,@elliotblackwell9609,Seeing Jack with grey hair makes me feel so old 😭😭 this guy was my childhood!,2025-01-28T23:09:27Z,0,0
UgxIioXepZfbuvbK11d4AaABAg,@flaurel,"Oh my goodness, Turbo Dismount is back!! Instantly good vibes, aaaa <3",2025-01-28T23:08:53Z,0,0
UgyIugn0tIT3un8pwn54AaABAg,@ITFCfan9237,I look forward to the game when it comes out. Thanks for the nostalgia Jack.,2025-01-28T23:08:30Z,0,0
Ugy2E24GHZqgBYStH2V4AaABAg,@AliawooYT,"I think a part of my soul just came back from the past, MAH BOY IS BACK!

Well, he never left, but a lil' bit of nostalgia never hurt anyone.",2025-01-28T23:08:14Z,0,0
UgyTaTPHaP93mkZLfGd4AaABAg,@Mr.Nobody.of.Nowhere,Back then my internet was so bad I could only watch videos in 144p,2025-01-28T23:08:10Z,0,0
Ugyn-99bGEHWja_rED54AaABAg,@roest7770,AAAAAANNNDDDD 9 YEARS LATER IM BACK BABY. how ya been jack.. Ive been trying myself out in the markets's and am now on the programmer path. hope to send you a code one day. big ups JackOldEye,2025-01-28T23:07:52Z,0,0
UgyI1udqIm6eLpHWRTV4AaABAg,@Shadowed_Knight,"I loved the old turbo dismount and the fact that here's a 2nd game is great!
Also, Jack are you still going to do all of the formsoftware games in one video?",2025-01-28T23:07:24Z,0,0
Ugy6wg_tDLehNo-D0Nt4AaABAg,@AutoToonsEntertainment,the Irish space program is in good hands i see,2025-01-28T23:07:23Z,0,0
UgwcUCj7f_mfwd9KnUZ4AaABAg,@lovinglife8854,Are you still strong enough to defeat the snow plows?!,2025-01-28T23:07:18Z,0,0
Ugwx32NNvGCrukypGVx4AaABAg,@ThePhantom-e8d,It would’ve been funnier if you made the face of your character of you in the present. But doing the face you did back then.,2025-01-28T23:07:18Z,0,0
UgxPlGb-nOIqICXCJ1d4AaABAg,@thebritishmotorsportfan,"I remember watching Turbo Dismount when I was a kid; and infact, my first Jacksepticeye vid was a Turbo Dismount video. I remember laughing so god damn hard that I had to pause the video multiple times to stop my ribs from hurting, it was the funniest thing that I had ever seen. Thank you for making vids Sean.",2025-01-28T23:07:06Z,0,0
UgxUTdZuNKBjqWUU12R4AaABAg,@bwnh3d,CALM YOURSELF THIS IS NOT A DRILL,2025-01-28T23:05:39Z,0,0
UgwqHvY4ESFue2ZxIPx4AaABAg,@mmmouse59,We’re So Back!!!!!!,2025-01-28T23:05:23Z,0,0
UgyBPEX_dW2sYyklh354AaABAg,@MadnessLord,it's crazy that this was almost 11 years ago😭 it feels like it's only been 6,2025-01-28T23:04:49Z,0,0
UgxaVkHXERDuXH2r8Qx4AaABAg,@Mr.Pidgeon,"Apparently I've been gone a while but, HES GOING GREY?!?!?!?!?!?!?",2025-01-28T23:04:27Z,0,0
UgwmU0eznrg_ig9OeQ94AaABAg,@SS64Productions,anyone notice that the dirt bike is called Tumbler? Like Scrambler from Bob the Builder? I tought that was interesting,2025-01-28T23:02:50Z,0,0
UgzFEj-hU2W1HDPRNF14AaABAg,@Utmost_GOAT,Never thought I’d click on a jacksepticeye video that fast again lol,2025-01-28T23:02:42Z,0,0
UgwqznksHctbV5USFiZ4AaABAg,@MikeRayer01,HOLY SHIT IT'S BAAAAACK!!!,2025-01-28T23:02:33Z,0,0
UgwDv1FkOknexoV-fZV4AaABAg,@ImDable,Jacksepticeye undertale yellow when?,2025-01-28T23:02:12Z,2,0
UgzLoPKbBshM6r-YW5p4AaABAg,@johnkonchinsky2282,"I forgot how much i missed this energy.  Like, I love calm Sean, but I also love loud hyper Sean.",2025-01-28T23:02:07Z,0,0
UgzQY-dW5dma5f2-g714AaABAg,@BatuOrhunBilgic,Damn this brings back memories,2025-01-28T23:01:40Z,0,0
UgxRm-J_LqLWHqc3GZ14AaABAg,@Domintor-op7lz,"Omg the nostalgia...  Im so happy now.
This just made my day",2025-01-28T23:01:37Z,0,0
Ugygmo5w2pgn5XqvHiJ4AaABAg,@k1ndaconfused4,"what will it take to make jack play OMORI...
22",2025-01-28T23:00:59Z,0,0
UgzGpA6_ktvRQRr-atx4AaABAg,@chrystal3736,"WE ARE SO BACK, HOW NOSTALGIC",2025-01-28T23:00:28Z,0,0
UgytrKQuIJY0C_GkXhR4AaABAg,@_the_pyromancer_5049,"Stopped watching for a bit, when did Jack start going grey?",2025-01-28T23:00:24Z,0,0
UgzvWOVUPzFDaGC35oB4AaABAg,,Jack have you tried Gori: Cuddly Carnage? Its like the unofficial sequel to Stray.,2025-01-28T23:00:01Z,0,0
UgyRWchMD4sojS2IlKl4AaABAg,@rachels6808,It’s been too damn long since I’ve heard that intro.,2025-01-28T23:00:00Z,0,0
Ugyt5qxPbCPQ22Kp_cF4AaABAg,@lowkey_Ioki,"""NOTHING STOPS THE SQUATCH""
*_Nothing proceeds to, indeed, stop the squatch_*",2025-01-28T22:59:46Z,0,0
Ugw1-rhPwDndopc8pDR4AaABAg,@Graytail,17:30 Oh blue Danube really makes this bit,2025-01-28T22:59:28Z,5,0
UgxoXmRPbUObmZg1k6p4AaABAg,@dolofonosesostrefis,"I love the old Turbo Dismount videos, there was a period where I'd watch them in a row every couple months or so, seeing this filled me with so much nostalgia!",2025-01-28T22:58:46Z,0,0
UgwMF-VWrXExm1yLtvt4AaABAg,@Mariothekid1k,I hope they release the mobile version I can't even find the original on the Play store,2025-01-28T22:58:38Z,0,0
Ugz_zeLUvmVYLCG9IV94AaABAg,@lougaI,I always thought the bike was called ‘pink lightning’ 🥴,2025-01-28T22:58:04Z,0,0
UgzeAjr9UFDq4QLYUdJ4AaABAg,@ddeliriumtremens,This feels like a well needed warm hug.,2025-01-28T22:57:38Z,0,0
UgyMoPbGf0jniyEQqsh4AaABAg,@hyperspades,Turbo Dismount 2 AND Subnautica 2 in 2025? We are so back,2025-01-28T22:56:52Z,0,0
Ugyr81GpiAo_ZOMFM-F4AaABAg,@F0XFERN3,Woah we getting nostalgic with this one,2025-01-28T22:55:51Z,0,0
Ugx3kSlNyRbgJBbyZZR4AaABAg,@anakinweaver655,It's been 84 years. It's back.,2025-01-28T22:55:48Z,0,0
UgyZbph7ObHis5RxpLZ4AaABAg,@megasack314,I still remember every joke from the original game! I have a problem!,2025-01-28T22:55:43Z,0,0
Ugxgh8P9hIaYfJGFE9t4AaABAg,@llODINSONll,actually cried seeing this,2025-01-28T22:55:31Z,0,0
UgzmuqHrN4PzpsT2tid4AaABAg,@andini6766,Omds the nostalgia ❤,2025-01-28T22:53:54Z,3,0
UgwahXR0mxydtRuyDdx4AaABAg,@queenBmomma,Anyone else notice the GIANT hotdog collectables?,2025-01-28T22:53:17Z,1,0
Ugx0U20eJ9r9dSOMVV14AaABAg,@NoBanDew,I NEVER THOUGHT ID SEE THE DAY,2025-01-28T22:52:58Z,0,0
UgyNH_1ZQL9WBlLIil94AaABAg,@FoakHome,Aw this is so nostalgic man,2025-01-28T22:52:53Z,0,0
Ugw80Iih1ey-_NfL_xp4AaABAg,@zech1114,OH MY GOD. Ok i can go to sleep forever now in peace.,2025-01-28T22:52:11Z,0,0
UgwY8kLYB5b2PCI_Qht4AaABAg,@Megumin-,oh the memories...,2025-01-28T22:51:58Z,0,0
Ugx_8mAP2ZziELvYU-V4AaABAg,@VaccaMicro,Yes. This is what we needed 🫡,2025-01-28T22:51:47Z,0,0
Ugzgy-RsAJzcoorYjyN4AaABAg,@Laijee227,Omds the nostalgia ❤️,2025-01-28T22:51:47Z,0,0
UgxXMfkz73oWRH9tiTN4AaABAg,@JaydenBrunner-k4c,This is easy 26:43,2025-01-28T22:51:01Z,0,0
UgzbgunYBRGMFREIhO54AaABAg,@DisdamGame,"👉👈
Thanks for the content. I haven't had this much fun, watching a video. Been awhile since there was a video that had me feel something positive... oh, there I go saying stuff that no one cares about... thanks again, 24:30 favorite part.. oh there I go again sorry. 🩶",2025-01-28T22:50:22Z,0,0
UgwA2kT9F-53AQnKYCh4AaABAg,@TitanYTYT,"27:43 What is it, fuckin bring yourself to work day? -Jacksepticeye 2025",2025-01-28T22:50:16Z,0,0
UgzfZSIQCCggV1aGijl4AaABAg,@flamingleo27,We are so back,2025-01-28T22:49:30Z,0,0
UgzFrSpT7anBX05oPDl4AaABAg,@skwiff,Sorry what year are we in again?? 😭,2025-01-28T22:48:29Z,0,0
UgwQ3iw656Io1pe92HR4AaABAg,@Clementinewoofwoof,No shot no freaking way,2025-01-28T22:48:28Z,0,0
UgyweY9QyJGp01_Wp054AaABAg,@ta4363,original gameplay is always the best,2025-01-28T22:48:17Z,1,0
Ugxxf8LUZ8CiYjSuGf54AaABAg,@fizz5049,Love this ❤️,2025-01-28T22:47:48Z,0,0
UgyuVuKl-AwsDY-Kyop4AaABAg,@sisterofslaanesh666,It's been 84 years...,2025-01-28T22:47:23Z,0,0
UgxoL8L5xrTQSNkEFkx4AaABAg,@NotShade473,15:00 u can here a faint jack yell and then a thump lol nice editing!,2025-01-28T22:46:45Z,6,0
Ugzs_PQvgEmU8CzkDmh4AaABAg,@mehditizrit,"This has to be the best vacation, just about to eat a real good meal then jack drops a video ON TURBO DISMOUNT 2",2025-01-28T22:46:19Z,0,0
UgxFF0mrtGKwNSM9LqZ4AaABAg,@robyn_thabanq3438,"We NEED MOOOORRREEEEE


Turbo dismount, I mean... He's right, the nostalgia blast I got from this is wild, also made me realize I've been watching for over a decade now and it still doesn't get old😁",2025-01-28T22:46:14Z,0,0
UgzErHKQ7y2A35OjBDt4AaABAg,@yordobelps,"It's PINK lightning, not BIG lightning. Cmon editor",2025-01-28T22:46:13Z,0,0
UgwLJAyjNz2vhTv1M0F4AaABAg,@Zenith200,"This was fun, but *nothing* like the original. The OG still has, to me, more charm, humor, chaos, and nostalgia. This is also just a harsh reminder that I can't even play the OG on my devices anymoooore ;-;",2025-01-28T22:46:10Z,0,0
UgzoAZjN4fka75WchxV4AaABAg,@DarkdragonKev,I loved this. So much nostalgia 😊,2025-01-28T22:45:34Z,0,0
UgxlPqW928hRTgBE3sx4AaABAg,@yasmingeorgemendoza,"I don't want to wait for my lunch to get colder I want a car that has a lot of gas, lol I was so lost in life",2025-01-28T22:45:07Z,0,0
UgzvRnVy7hxAW6oSAVR4AaABAg,@winslowistaken,time to rewatch the skate 3 vids,2025-01-28T22:44:41Z,0,0
Ugx0gpo4GfaIZmomSqN4AaABAg,@stevengajadhar6508,"Can you please play Life is Strange Double Exposure please, it is the most recent Life is Strange game to come out, and Max Caulfield is back, so please play it.!!!!!!!!!!!!!!!!!!!",2025-01-28T22:44:40Z,0,0
UgwFravYfZ4rnZcTMJB4AaABAg,@knightarielofgransys,"It’s been a lot of struggle since I watched you. Been homeless, diagnosed with multiple chronic conditions. A lot of learning and growing. But this. This brought me back to when I was merely 8 years old. Having hot Cheetos and a root beer on my queen sized bed with a roof over my head and the dumbest smile on my face and a sparkle in my eye. Thank you Jack. For everything.",2025-01-28T22:44:31Z,1,0
UgwD10Mr5rvtdbcr5mF4AaABAg,@joshsheppard9419,"We will have flying cars in 2025, meanwhile in 2025 TURBO DISSMOUNT 2",2025-01-28T22:44:23Z,0,0
UgyHFIzqUL9pfMgmV_t4AaABAg,@CopperKnight1970,I only realised now that the tricycle is not called 'Pink Lightning' but 'Big Lightning',2025-01-28T22:44:04Z,0,0
Ugz2e0eCvQ3WQy1_4l14AaABAg,@AnimalFreakGamer30,NOSTALGIC WEEK(2025)Here….We….Come!!🌠🎈🥳,2025-01-28T22:43:32Z,0,0
UgxbUzdNLD6ur9rvdwJ4AaABAg,@GunnerDrives,"Seán: ""OUUUUH! Pink Lightninnnnn!""
Editor who clearly wasn’t there back then: ""Big Lightning."" 
… bro what?? 
I miss when Seán still edited the meaningful videos even after he got his first editor",2025-01-28T22:43:07Z,97,2
UgzlJ3qMbNQrSho3evN4AaABAg,@maleprincess62,"Turbo dismount 2, subNautica 2... We're really back in 2014",2025-01-28T22:42:27Z,0,0
UgwA4ktHs4LccJGFgB94AaABAg,@jessface9937,"You seem a bit happier, I hope you are. You are doing a good job Jack, keep on keeping on ❤",2025-01-28T22:42:23Z,0,0
Ugxatpgxcde-M1fwqSt4AaABAg,@Shabowdiadlo,Ahhhh the wave of nostalgia is flowing through the neurons,2025-01-28T22:41:12Z,0,0
UgwLKBPIHifudPM__cR4AaABAg,@ImIskic,"For a second it felt like 2013 again and everything was okay. So, thank you.",2025-01-28T22:40:54Z,0,0
UgxAzkR0NcMSLHzg1GZ4AaABAg,@LonelyOcean,"It's like I am 14 all over again...
Except now I know for certain that she never loved me in the first place and I'll never go to college.",2025-01-28T22:40:30Z,0,0
UgwjxXILAUApEBpM-1h4AaABAg,@ronnybostock9482,Gotta be the tism GOTY,2025-01-28T22:40:21Z,0,0
UgxmB7_CghAHYcMPb7d4AaABAg,@lewis859,0:45 no way I used to think it was PINK lightning,2025-01-28T22:40:14Z,0,0
UgwFgOCOSdxl-LpHoA54AaABAg,@ash4457,Man I can't wait for Betty's adventures on Skate 4,2025-01-28T22:40:10Z,0,0
Ugz6tLSX0HCKTyBwVL94AaABAg,@fayfay8148,We got Turbo Dismount 2 before GTA6,2025-01-28T22:39:57Z,0,0
Ugxpnf8vVYLVW6v04EN4AaABAg,@CheddarVG,Legends say that speed is key.,2025-01-28T22:39:46Z,0,0
UgzpYOtLHGNu7N5G0CZ4AaABAg,@blackbeltkid13,I loved the turbo dismount way back when and to see it back im super happy jack is playing it again yes please more,2025-01-28T22:38:59Z,0,0
UgyF3kHz1QcbYqKmO-V4AaABAg,@anthonylesley982,Need 30 plus parts of this game please,2025-01-28T22:38:30Z,0,0
Ugx685gwwugCvIQOhFx4AaABAg,@rosario7886,"This makes me so happy, I PRAY that we get more! The sequel looks wonderful, so happy to see the team back at it!",2025-01-28T22:37:43Z,1,0
Ugx2i6N2HlusK6B0b8J4AaABAg,@stefanosmatheos5542,he said all the way down and i said to victory town XD,2025-01-28T22:37:32Z,0,0
UgzPdsTJAgya25z7aY14AaABAg,@agent6bell,Ah..a Jacksepticeye Turbo Dismount video. I haven't seen this kind of title in more than 5 years..,2025-01-28T22:36:54Z,1,0
UgwFVOMs3aAbwyCM9xF4AaABAg,@WhskyBcn,I’m so happy this exists!,2025-01-28T22:36:43Z,0,0
Ugw1irr_nSY8XR6sqnF4AaABAg,@galaxygaming2k04,Not to be that person but did anyone else notice jacks grey hair?,2025-01-28T22:36:20Z,0,0
UgyByRRvcn9_e94ARXR4AaABAg,@crazyme173-j9x,My comfort series by my comfort creator is back?? Hheelllll yeah!!!,2025-01-28T22:36:06Z,0,0
Ugya_ca4Q3LOti2PziZ4AaABAg,@Cosmicineedyou,We are so back jack,2025-01-28T22:35:27Z,0,0
Ugzx-m1v8T8WL0H1_3t4AaABAg,@grandpa6065,did sean dye his hair or did sean stop dyeing his hair and hes been this gray the whole time,2025-01-28T22:35:14Z,0,0
UgyCNAiw2k7GFFQIiX94AaABAg,@cagethelonewolf,Not a single like a boss on the boss throne he is old,2025-01-28T22:34:39Z,0,0
Ugyx_l4hNOsihy9NZdJ4AaABAg,@atlas2436,HELL YEAH!!! This is so peak!,2025-01-28T22:34:24Z,0,0
UgwL-3h9AZzCPGKDkY54AaABAg,@onswesleyy4866,"PLEEEASEEE MAKE THIS SERIES, WE NEED THIS, THE WORLD IS HEALING!@!!",2025-01-28T22:33:43Z,1,0
Ugwq9ZsQdaWpbgNe6Lh4AaABAg,@Kee23383,0:44 wait my life is a lie I thought it was pink lightning,2025-01-28T22:33:11Z,1,0
UgwYHTB3lCrJ6gm021Z4AaABAg,@MrCurry03,Holy shit so many memories are coming back,2025-01-28T22:32:59Z,0,0
UgzhV4p8mhChXRrmgU14AaABAg,@Akrirakyo5359,are you going to be playing subnautica 2 i hope you :),2025-01-28T22:32:52Z,1,0
UgznZH3pCUqr58O8v_V4AaABAg,@xaviergonzalez9315,I swear this video has sent me back in time im giggiling along with jack and watching a turbo dismount video,2025-01-28T22:32:49Z,0,0
UgzXfWMQ8jC1DSeyv7t4AaABAg,@jesseulloa4314,"It's such a treat to relive a time where things seemed so simple but maybe that because I was a kid when he was playing the first turbo dismount...
Man... being an adult is hard =/",2025-01-28T22:32:19Z,0,0
UgwMm4_nKaTx9UPGLFN4AaABAg,@Moon_EB,You know the devs of wreckfest are making a second game and Jack did play that a looong time ago just like with turbo dismount.,2025-01-28T22:32:19Z,0,0
Ugyizrj_kotAQz2rQnN4AaABAg,@jason_the-panda_lover,Only Bean on for 5hrs on YouTube and it has 2.903.783. Million views,2025-01-28T22:32:09Z,0,0
Ugy3Rx8VPUB7H9aHakd4AaABAg,@carolynlyles6324,I remember being like 8 watching 2014 jack in my grandmas bed on my grandmas phone now im in my own bed still on my grandmas phone taking a blinker of a disposable life really cycles,2025-01-28T22:31:51Z,0,0
Ugy3MhcFfifsWxdqu_x4AaABAg,@rakkjack,DID I STEP INTO A TIME WARP OR IS IT 2014?!?!?!,2025-01-28T22:30:42Z,0,0
UgxxSUwMQPsREm4S2tN4AaABAg,@Baghl761,Brought me back to the days before FANAF,2025-01-28T22:30:23Z,0,0
UgyBD8hKmbuk06JscUV4AaABAg,@Reaper-qz5gh,"Hey could you go back to try paint the town red again there are some new levels and it has slicker graphics
Another great game to come back to is clone drone in the danger zone the story mode is good and it plays better
Or come back to the binding of isac is been updated a bunch of times and is realy fun",2025-01-28T22:30:22Z,0,0
UgyRQurLKNVhwF9a-3J4AaABAg,@Space.searxh14,"Finally, something new",2025-01-28T22:30:02Z,0,0
Ugy6cMcYlV3-8hgFSuR4AaABAg,@Shephyrdfeathers,"The shock my body just got from seeing this. Holy fuck, we are so BACK",2025-01-28T22:29:58Z,0,0
UgxiSdraFLWqrIJ71KV4AaABAg,@djcb9002,My childhood has returned,2025-01-28T22:28:47Z,0,0
Ugz2iy_raIy3z-pNPBB4AaABAg,@Cococan283,Sean can you play the new sniper elite game coming in 2 days because I would like to see the ball shooter again like when you played sniper elite 4,2025-01-28T22:28:40Z,0,0
Ugym1VMMOgJsDDXBqip4AaABAg,@apollolux,20:02 - Speed is indeed key confirmed. :),2025-01-28T22:27:47Z,13,0
UgzZqURZDHfxNjF0qyV4AaABAg,@Lendon142,Snowplow's will make an appearance in Turbo Dismount 2 Maybe Snowplow hell will be recreated in this.,2025-01-28T22:27:36Z,0,0
UgwmmUQ9wtWI5YvmJqV4AaABAg,@swedisholive6823,Do my eyes deceive me? They do not! IT IS BACK!,2025-01-28T22:27:03Z,0,0
UgwwoNkAUKmmB9aU3uJ4AaABAg,@ShadowMoon1412,There should be a video where Sean and Gabby play using the other's face,2025-01-28T22:26:44Z,0,0
UgwjcYcHuPZI0oDBvZ94AaABAg,@bananamanexe,The memories... There coming back...😢,2025-01-28T22:26:40Z,0,0
UgxK8ltHDwF97jUlC7t4AaABAg,@manuelpolcostaorvalho3470,"i dont want to seem so like wholesome or whatever but i been watching your vids since the first episode of kerbal space program and skate 3 videos, ofc i had some breaks on watching you like idk weeks and recently 5 months but ive found your vids always so compelling. I hope your life has turned out better than what you wer hoping for 11 years back",2025-01-28T22:26:15Z,1,0
Ugy4XThfxhwX_KuKeSh4AaABAg,@goldenking7236,This is all i could've asked for,2025-01-28T22:26:08Z,0,0
UgwduX0bLVG3pdWc4WB4AaABAg,@mechmain,OWWW PINK LIGHTNING! (What I always thought he said lol),2025-01-28T22:26:05Z,0,0
Ugw0ypKQPofSHX0UO3F4AaABAg,@stargazingskeleton5917,Here for the joy that is our Sean-y boy!,2025-01-28T22:24:54Z,0,0
UgzXhqWIk62fDbPVK_h4AaABAg,@souloffaith,PLEASE PLAY MORE THIS IS SO NOSTALGIC!!!! I'M SO HAPPY THE DEVS DID THIS,2025-01-28T22:24:47Z,0,0
Ugyxy_nXwvJv1Wri-1Z4AaABAg,@MayonikaASMR,"so weird watching this, I started watching you and youtube in general with the original turbo dismount videos. feels like a life time ago now",2025-01-28T22:24:21Z,0,0
UgxlPkC5syFhrYvcgpp4AaABAg,@jamescentersmith9323,"Hey Jack, just curious if you're gonna play the new Doom the Dark Ages when it drops in about a month and a half. It's out on March 15th. I remember you really liked Doom Eternal, and this one's a prequel to the 2016 game. Just wondering because I really enjoyed your playthrough last time. It was super fun to watch.",2025-01-28T22:23:38Z,0,0
Ugw0VrnPfm73o1HWaXB4AaABAg,@guestyboy42069,"I've waited for this day for years, legitimately thank you Jack",2025-01-28T22:23:36Z,0,0
UgzztNNd6c40dBF5lrd4AaABAg,@HO3NIR,"Sean. I've  been a fan from 2014 and enjoy your progress though the years, hat's off to you.",2025-01-28T22:22:50Z,0,0
UgwB_uu7I4ZYnRgleTF4AaABAg,@pmpenjoyer,The San Andreas stats was funny,2025-01-28T22:22:43Z,0,0
UgwRjOPGxL_dfwEqWxl4AaABAg,@nottelling8129,The title took the words right out of my mouth.,2025-01-28T22:22:30Z,0,0
UgxJgiGXF27XCsDuHb54AaABAg,@Brokda_Rok,the babes are back!,2025-01-28T22:22:27Z,0,0
UgwD6xPEWkSNRgLOqYt4AaABAg,@wiktorbednarz229,"the spaceship was op for flying, you could fly out of the boarder of the map with it XD",2025-01-28T22:22:20Z,0,0
UgzFf0JnGZdwRa_U3Yd4AaABAg,@theloch-nessWeiRdO,I remember the day sasquatch fufilled its promise,2025-01-28T22:22:09Z,0,0
UgyaCXpkPxBvFl9l9IR4AaABAg,@josephcrickmore2690,"So can we PLZ get more videos of this now. Be like before with the old videos except with this game.

Also who else wanted the classic outro? “Punch that like button in the face, LIKE A BOSS and high fives all around and I’ll see all you dudes in the next video”.",2025-01-28T22:20:57Z,1,0
UgxM2ETO8XRCyQf1NuR4AaABAg,@KAI_The_Furry_2017,"Oh [cencered 4 ur entertainment]
He's back it at...",2025-01-28T22:19:40Z,0,0
UgyuM-Dp6OcOnUHBv8V4AaABAg,@gachabox3142,They don't have the chicken car anymore :(,2025-01-28T22:19:39Z,0,0
Ugz3KSpdXhCcJT71xW14AaABAg,@JAXXNCREATED,"10+ years later and we still here, hope this becomes a new series",2025-01-28T22:19:38Z,0,0
UgyOG4uJMKc_SMg-jq14AaABAg,@nightbladefork1068,I have never wished for something more in my life and here it is,2025-01-28T22:19:26Z,0,0
UgyEb8vtQi90k-ByozB4AaABAg,@jameslabriola8761,OMG HE STARTED IT AGAINNN 🔥🔥🔥🔥🔥,2025-01-28T22:19:26Z,0,0
UgwP6t-cVbXsVPmr_jB4AaABAg,@Pr0fessorUnkn0wn,ALL THE WAY,2025-01-28T22:19:23Z,0,0
UgzJvFhhmlf7H27129d4AaABAg,@kirklinguinihoodinithecubo8525,I feel like life is going to be okay again.,2025-01-28T22:18:43Z,0,0
UgyNxVNIpB-UXsOV3tV4AaABAg,@RDMANGLEYT,will you play the other life is strange games?,2025-01-28T22:18:27Z,0,0
UgyzedoOYvpjVAM9q-R4AaABAg,@maxm4375,I’m looking forward to the chaos,2025-01-28T22:18:17Z,0,0
UgyJUosrHGelDvXfy9t4AaABAg,@bigjohn4997,Dude this is crazy. I started my YouTube journey with Jack. I never even heard of a let’s play until I was in high school and this kid next to me was cracking up. When I asked him what was so funny he introduced me to Jacksepticeye playing Turbo Dismount and I never laughed so hard in my life. That first video helped pave the way of who I am today. So crazy,2025-01-28T22:17:46Z,14,0
Ugz9yW7rTyVAxTP1a4R4AaABAg,@MrMcChicken-gaming,yesss!!!,2025-01-28T22:17:39Z,0,0
UgzGrsRo0VsoLJ8JGQJ4AaABAg,@LackingAGoodName28,Majestic Eagle Squach my beloved 😍😍😍,2025-01-28T22:17:36Z,0,0
UgwQ1T4tnxzUUM6jWr54AaABAg,@KlushOfficial,And it's back to when I started watching! :),2025-01-28T22:17:25Z,0,0
UgxFFs16ylv3Coo50XR4AaABAg,@Dagenmash,Youtuber,2025-01-28T22:17:21Z,0,0
Ugz-cwJLUjb2hREh6AN4AaABAg,@deoxysandmew2162,"Wow... this brings me back dude.
I used to rewatch your Turbo Dismount series back in the day.

PS. They need to BUFF the Sasquatch frfr.",2025-01-28T22:17:18Z,0,0
Ugw5EemRHI2o0jDn64Z4AaABAg,@themaskedfigure,It's a blast from the past,2025-01-28T22:17:15Z,0,0
UgweRA3WlY6C0Q2KCQh4AaABAg,@JacobTheCroc,Turbo Dismount is like Family Friendly version of Burnout 3 Takedown. Both amazing games.,2025-01-28T22:17:07Z,0,0
UgyaYbK1JXq5CGIl4tZ4AaABAg,@metalicemorningstarultima,❤❤❤ I can't believe the developers made a second turbo dismount game,2025-01-28T22:16:22Z,1,0
UgyakA9FGI8agZuWCpt4AaABAg,@brokensanity1152,But also are you gonna finish the other fromsoft games or play night reign?,2025-01-28T22:15:48Z,0,0
Ugx3aLlIjGc1MOa7TkB4AaABAg,@catalin9637,the laught man that i was waiting for yess,2025-01-28T22:15:08Z,0,0
Ugxmm8awOZgtxTZEbG94AaABAg,@brokensanity1152,Haven't seen this game in years,2025-01-28T22:15:01Z,0,0
UgxTkWhw_4g-LFX8Fkt4AaABAg,@flaty9948,Can we all have a moment of silence for Pink Lightning 🫡,2025-01-28T22:14:52Z,0,0
Ugza8DHArjbeido6ULB4AaABAg,@elliotludwig7487,I still go back to the old Turbo Dismount videos when I need a good laugh!!,2025-01-28T22:14:32Z,0,0
UgxsApIA0hJ-YJ_zQeh4AaABAg,@The_Gaming_Master11,Cant wait for jack to potentially play death stranding 2,2025-01-28T22:14:04Z,0,0
UgyznxQVEFAVnqhZ0Hx4AaABAg,@Lalovoe,The goat,2025-01-28T22:13:39Z,0,0
UgyUmZXGu_2W83gQ6f14AaABAg,@harmonia4399,I CLICKED THIS AS SOON AS POSSIBLE. MY CHILDHOOD WITH JACK,2025-01-28T22:13:05Z,0,0
Ugxgg2tG5GQ_Lh83E0t4AaABAg,@fkez0510,All the memories coming back today,2025-01-28T22:12:52Z,0,0
Ugy_y87nQxM9I7Swe1B4AaABAg,@micahsonne3761,IT'S TURBO BOOSTY TIME!!!!,2025-01-28T22:11:54Z,0,0
UgyDvhLpTcKknksfp2Z4AaABAg,@idrm1988,Now we just need a Happy Wheels 2,2025-01-28T22:10:56Z,0,0
UgzVTlsa5lK9A3Mgf_t4AaABAg,@allhonesty848,aw hell yeah!  Let's Go!!,2025-01-28T22:10:48Z,1,0
Ugx_yul9iOMvMmDFmc14AaABAg,@nekokatv2.0,Snowploughs!!!,2025-01-28T22:09:47Z,0,0
UgwMMsasmO6-6IOy1cJ4AaABAg,@new-bp6ix,@16:02 play burnout3,2025-01-28T22:09:19Z,0,0
UgwOh0geTuEVFtHYyON4AaABAg,@LeoTheGamer-1,"oh my god bro, this video brings me back, i still remember getting on youtube after school and just watching this type of content",2025-01-28T22:08:26Z,0,0
Ugz0uVtcUCG2lPwemkh4AaABAg,@TitanYTYT,THERE IS A TURBO DISMOUNT 2?!1!1!1!!1,2025-01-28T22:07:57Z,0,0
UgzxJeCEKyIg1JKW3jJ4AaABAg,@selenagamya1612,You're as beautiful as the day I lost you.,2025-01-28T22:07:12Z,0,0
UgzdJMA9Cb1xlekc9kh4AaABAg,@faithrosepetal4794,Can we bring back clustertruck as well?,2025-01-28T22:07:00Z,1,0
UgwC0iPtrEVReHkdcFx4AaABAg,@PartnerBot2007,Did not think we would be back here,2025-01-28T22:06:34Z,0,0
UgyZZISu_i8Ubs737_l4AaABAg,@Dzytzy21,Never gonna understand how u play games for living but can't figure out how to push a button to stop a flip?,2025-01-28T22:06:29Z,1,0
UgxoJXd1zrbktJnZ19V4AaABAg,@JoseRico_,"I thought for the longest time that it was Pink lightning, not big lightning, but WE ARE SO BACK!",2025-01-28T22:06:26Z,0,0
UgwDNpj_n-Z1qqQGq6t4AaABAg,@crocko3378,im sorry what year is this??????????????????????????????????????,2025-01-28T22:05:39Z,0,0
UgzytrX0lzoesOAcdY94AaABAg,@ThisisClive,can you play turd simulator? I watched every single Video in my childhood <3.,2025-01-28T22:04:29Z,0,0
UgyK8DYOdJK18eBLEEN4AaABAg,@Yoshlstory,"Wow you hit your head pretty hard! Pandemics? War? I don't know what you're talking about, but Jack's back with more turbo dismount",2025-01-28T22:04:04Z,0,0
UgwaU_4G-S7ddy378fl4AaABAg,@NorrisHayden,"14:24 YOU ARE SO TALENTED/YOURE A PIECE OF SHYT!
Complete mood change",2025-01-28T22:03:49Z,0,0
UgytiLg_s_vAPjsau7F4AaABAg,@OrionBahm,The penatrator,2025-01-28T22:03:12Z,0,0
UgyMIDaDhCFuDohN2sV4AaABAg,@thatfaunguy,The nostalgia is raining over me like Jennifer Beals in FlashDance,2025-01-28T22:02:10Z,0,0
UgwYEOjWoFUR4ifCw_p4AaABAg,@korblborp,"""take it nice and slow"" speed is... no longer... key? ;_;",2025-01-28T22:02:01Z,0,0
UgzbfSYvjKgam3aXdld4AaABAg,@Tincoco_,"i love this so much. Im laughing watchuing this like i was 11 
again",2025-01-28T22:01:56Z,0,0
Ugw9gptnh2eiQE4l8z54AaABAg,@PowervoidProductions,"0:09 Bro, that just sent me back to a simpler time, Got sooo hyped",2025-01-28T22:01:51Z,0,0
Ugya2JEdyJuLXZ7IrP54AaABAg,@kendrickhester7873,How do you download this?,2025-01-28T22:01:49Z,0,0
Ugz13xQpIatazCzwXmB4AaABAg,@CruddySpark115,They made a a second game!,2025-01-28T22:01:48Z,0,0
Ugx8rkmAfuTDwV9pN314AaABAg,@sinjohto234,This is amazing I missed this game,2025-01-28T22:01:14Z,0,0
Ugxht3KsMMR-mGsF2dd4AaABAg,@zZoinkURhzZ,anyine here from 2012???,2025-01-28T22:01:12Z,0,0
UgysR7uiKNP0hhhCBz14AaABAg,@AlexBrooks84,This is AWESOME!!,2025-01-28T21:59:57Z,0,1
UgxqCVIVZpDwtSethq54AaABAg,@AngelOfDC,"I'm back to being 9 again, is it 2014??????",2025-01-28T21:59:51Z,0,0
UgzN2DYuDpnhL71Ouml4AaABAg,@Dumpster_Ghost,Oh my god. This is the day god smiled upon,2025-01-28T21:59:01Z,0,0
UgzEDV9THfrn0Y2R4wB4AaABAg,@ultrakingnatanr2004,"Evolution of Jacksepticeye plays Turbo Dismount (2014-2025), did you like Monster Truck, or Pink/Big Lightning Tricycle?",2025-01-28T21:58:41Z,0,0
Ugy2LiTIODHwf-43omN4AaABAg,@Deadvalley200,Yoooo Turbo Dismount!!! I forgot about this game! This was my CHILDHOOD!,2025-01-28T21:58:31Z,0,0
Ugx19y6m-6aE9diaeTN4AaABAg,@momentiumengine1424,"I haven't felt nostalgia like this since high school and now here I am with a Bachelor's degree, reliving the experience.",2025-01-28T21:57:45Z,0,0
UgywPsb0OXKEmJb__w54AaABAg,@bentaylor7095,"Sorry to burst your bubble, but if I recall correctly (and I think I do), the first video you ever uploaded with 60fps was a vlog, followed by that old Omegaladon shark game you played",2025-01-28T21:57:26Z,0,0
UgxNU7b4fXeWElAIWAd4AaABAg,@J.S.2.0.0.7,I’m so happy seeing jack playing turbo dismount 2 and he uploads this video on my birthday too (best birthday ever),2025-01-28T21:57:06Z,1,0
UgzZSHh6llHYd48wsK14AaABAg,@AlluttajaYT,2014 TURBO DISMOUNT!,2025-01-28T21:56:21Z,0,0
UgwkZ_SZSU1HYTtFRk94AaABAg,@EllisD1249,"Turbo dismount is probably why i ended up subscribing to you, that and the step by step ninja game that i cant remember.",2025-01-28T21:55:49Z,0,0
UgxmJYBg_lkByBMEzI14AaABAg,@darkedy8707,This is my childhood. I’d laugh so hard in the middle of the night watching jack play this,2025-01-28T21:55:48Z,0,0
UgwAlBvEdD8_gvTQE4Z4AaABAg,@KRATZENKJANG,Cant wait for Dan to play this again,2025-01-28T21:54:57Z,0,0
Ugy7UqYuQpUWh1wKsPN4AaABAg,@eletricprince9161,"I never thought id see this beautiful game again, your bringing me back to my childhood",2025-01-28T21:54:31Z,0,0
UgwbnEFZA0RM27TI-E54AaABAg,@Vipero_official,No... my childhood.... it cant be. JACKIE BOOOOY! YOU DID IT!,2025-01-28T21:54:23Z,0,0
Ugz3QolwoRHV1wfyP054AaABAg,@KRATZENKJANG,TURBO DISMOUNT?!???!!!?!?,2025-01-28T21:53:18Z,0,0
UgxsqYuM6M6qPe9Kjcp4AaABAg,@thomasdevlin5825,"My favorite minecraft mod just got updated for the first time in three years on the same day that Jack plays turbo dosmount 2, this is the best day ever",2025-01-28T21:53:14Z,0,0
UgwE1_1fl_X-1UAIk2F4AaABAg,@doomguiderhino3990,He is turning into a witcher,2025-01-28T21:53:07Z,0,0
Ugz7xJplRCjVkWk-ZeN4AaABAg,@Soooomthing,We are so back,2025-01-28T21:53:05Z,0,0
UgyzpOCYeAD5wF_iBY54AaABAg,@ZaneThePlant,I never comment on videos but this is a special occasion. It is SO good to see Jack play this again. Series👀?,2025-01-28T21:52:10Z,0,0
UgzdG8Rk6eGwAjgWiUJ4AaABAg,@TheRabbitRonin,Awesome Vagabond shirt!,2025-01-28T21:51:38Z,0,0
UgyeYbB5Mxt7tzbL5qt4AaABAg,@Kuhzme,Love that your back jack! You should try the Ad Infinitum game it's seems pretty dang awesome!!!,2025-01-28T21:51:27Z,0,0
UgznFOZu2cKfRjLlKDp4AaABAg,@SHARK-BETA-GAMING,Crazy watching the first when I was 5 now watching the new 15 going to be 16 in couple months,2025-01-28T21:51:11Z,0,0
UgwfBS1Ma2ntpzYHBWV4AaABAg,@FIRSTnameLASTname-jj1pi,"TURBO DISMOUNT, oh my god thats a blast from the past",2025-01-28T21:49:55Z,0,0
UgwNQqtd0HZ3gRLrDEB4AaABAg,@taytmw18,"Sekiro video when? But also, never expected to see this video",2025-01-28T21:49:26Z,0,0
UgxFM7wwcTMQz1-LnVh4AaABAg,@rikueiku,THIS WHOLE VIDEO IS STRAIGHT NOSTALGIA,2025-01-28T21:48:20Z,0,0
Ugw_MNMUcnVpBgl7lVB4AaABAg,@vergil5O5,10 years ago,2025-01-28T21:48:12Z,1,0
UgxC82Y_mQxrDRRZmSR4AaABAg,@MrShattered30,Top of the Fucking Morning what a classic to return,2025-01-28T21:47:35Z,0,0
Ugzm-lboOmBKS2FeZR14AaABAg,@KingChronic_710,Holy SHIT your hair...WTF happened? Why is it so Grey? You're literally not that old,2025-01-28T21:47:19Z,0,0
UgxD8rLSoSA1P8FrUcx4AaABAg,@astrohalo,"when i see jack post turbo dismount content, i know im gonna HAVE A BALL OF TIME. Thank you jack, made my day better after finding out death in my family",2025-01-28T21:47:16Z,0,0
UgwBZ7oEm7K_aAaTC6t4AaABAg,@SkribuAlex,Next one Skate 4 please,2025-01-28T21:46:44Z,0,0
UgxHD1JRqar0V7toLk94AaABAg,@Tincoco_,i remember seeing the steam listing for this a few months back and i KNEW you would come back,2025-01-28T21:45:51Z,0,0
UgzgieBhEtoFClgoKkB4AaABAg,@Myo_888,Seeing this on my timeline sends me back to 2014,2025-01-28T21:45:23Z,0,0
UgwU_nXILh07CGwXAuN4AaABAg,@burp2019,should have brought the old hat out for this,2025-01-28T21:44:49Z,0,0
Ugx525lRsFHzhyd-prN4AaABAg,@Uber616x,My younger self is so happy seeing this,2025-01-28T21:44:11Z,0,0
Ugz71HPna5weYczRcp54AaABAg,@shadowban_tv,Holy shit a wave of nostalgia just hit me hard,2025-01-28T21:44:09Z,0,0
UgwDsu3Cs5zwkDXsCdJ4AaABAg,@Korubiiii,NATURE IS HEALING,2025-01-28T21:44:01Z,0,0
UgzvdqOgUV2xSuP_wUZ4AaABAg,@Hyozone,the nostalgia,2025-01-28T21:44:00Z,0,0
UgyB-Z3uOl-MXbzX6jR4AaABAg,@ThaneofWindhelm,Is he avoiding dark souls 2 full video lol?😅😅,2025-01-28T21:42:01Z,1,0
Ugzh4hd94OobzEewA3t4AaABAg,@Bonedragon1300,"god, this is  a flashback, Turbo Dismount is how I found you all those years ago, good times",2025-01-28T21:41:28Z,0,0
Ugzxup6gPSfT3p0Mtul4AaABAg,@Womble625,THE BEST START TO 2025 LETS GOOOOOOO,2025-01-28T21:41:20Z,1,0
UgzsOIz8waqrgW6rkVd4AaABAg,@calebvincent9222,Wait wait wait… this whole time… for 10 years… i thought it was PINK lightin… it’s BIG LIGHTNING??,2025-01-28T21:41:03Z,0,0
Ugw4Wz4HIyJEozNkvW54AaABAg,@DarkOakGenerated,Ah yeah I’m definitely watching this after work,2025-01-28T21:40:40Z,0,0
Ugw3yzQmLhqe7CVcDlF4AaABAg,@p_pthenoob,HOLY SHIT ITS MY CHILDHOOD,2025-01-28T21:40:38Z,0,0
UgwQmyodIj0bH42763J4AaABAg,@lewislawrenson4519,"This is quality I feel like I’m 12 again, watching this at 23 still feels right",2025-01-28T21:40:30Z,0,0
UgwX1uGO-rAr-SqaqUp4AaABAg,@thunderlee0073,0:47 Editor doesn’t watch Jacksepticeye Turbo Dismount videos confirmed because wdym “BIG Lightning” 😂,2025-01-28T21:39:46Z,0,0
Ugww0lP5WHlEj7MOPr54AaABAg,@Lip_Bone,holy fucking shit,2025-01-28T21:38:41Z,0,0
UgyJiOGzZpkSKItGkfV4AaABAg,@midnight-bl2ty,"Watching this reminds me of my first ever video of Jack's, Snowplow Hell, which my nephew showed me and got me watching this mad lad. Good times.",2025-01-28T21:38:31Z,0,0
UgykEqhSDzG63mXSN654AaABAg,@Wolfpack42169,Holy moly he’s back 😊❤,2025-01-28T21:38:08Z,0,0
UgySyLgV8FMI2s2_NK14AaABAg,@RaggedDan,"Oh Jackie you don't know how exciting and strange this is for those of us who originally waited on new episodes of the first game haha - thanks so much, this was really enjoyable.",2025-01-28T21:37:23Z,0,0
Ugy3NY-t_LjmOlKO5E94AaABAg,@FreyjaKnight,"I just got flung back in time with that intro, holy cow. Is your voice box okay Seán?",2025-01-28T21:37:22Z,0,0
UgxQrbxArrhl-pg_fJl4AaABAg,@Shi-e8c,We're back baby,2025-01-28T21:37:04Z,0,0
UgwNM216APwr5hyp9s94AaABAg,@StalxD,I was there when that 720p hit,2025-01-28T21:36:44Z,0,0
UgxkzJdcic-HbLF-U5F4AaABAg,@Buffalohideface,It’s been 84 years…,2025-01-28T21:36:23Z,0,0
UgyiDPjT6f9Lb-DFBNN4AaABAg,@Koimochii,The pure confusion and choas at 25:52 was amazing,2025-01-28T21:35:59Z,5,0
Ugw_okBzcHa-FiAXXct4AaABAg,@McFishFilet_,I've been waiting 10 years for this,2025-01-28T21:35:43Z,0,0
UgzFy-aJdMARXRqQPAF4AaABAg,@MaribelSandovalmartinez,is 4hors 🤨,2025-01-28T21:35:40Z,0,0
Ugzz7BuJlfkARWqzX6Z4AaABAg,@Aden.Mann16,This brings back years of nostalgia and memories from way back when,2025-01-28T21:35:35Z,0,0
UgxpDruCmpXry8c0ZOl4AaABAg,@CatfishHeckingMelee,"OH FUCK YEAH BROTHER

edit: laughed until i cried a couple of times. thanks for helping us recapture a little bit of that old feeling, dude",2025-01-28T21:35:28Z,0,0
Ugywl3XjPaxo1aLuzwN4AaABAg,@fantasyknight75,no way its been 10 years since Turbo Dismount time goes by fast,2025-01-28T21:35:04Z,0,0
UgyGnICmODlFU2MhGOV4AaABAg,@Unchanted_,"I didn’t think this game would ever get a sequel
I do like the instant replay is something I miss",2025-01-28T21:34:52Z,0,0
Ugyif7en7IZLlleGx3N4AaABAg,@BChuckVT,"Seans starting to look like Geralt more and more with that hair, and its marvelous.",2025-01-28T21:34:47Z,0,0
Ugw4Zw3yFfvWe62LHRt4AaABAg,@Gbreadmann,i wished that he would do the classic outro lol,2025-01-28T21:34:46Z,0,0
UgweXWBDzqvFdJdwNyZ4AaABAg,@josephgavlek3419,POV: Sean remembers he has a YT channel,2025-01-28T21:33:52Z,0,0
UgwB_gyjBXwa7ZqXFm94AaABAg,@LeviTheLord2004,"This is 5th on gaming right now, LET'S GO SEPTIC ARMY, LIKE A BOSS!!!!!!!!!!!!",2025-01-28T21:33:46Z,0,0
UgxhMAutyeXtCYRmpqJ4AaABAg,@lordminion6667,Just got chills hearing that into for turbo dismount.,2025-01-28T21:33:36Z,0,0
Ugx5fSlaYWwJ9Sy3MOt4AaABAg,@V0ID_X5,"When he yelled ""Nothing stops- THE SQUATCH!!"" I legitimately started crying... 🥹",2025-01-28T21:33:29Z,0,0
Ugw4ynXFFVqEMB1fm5R4AaABAg,@thewhiteboyty,jeez i havent watched you in so long,2025-01-28T21:33:27Z,0,0
Ugw1TypgXrU9fVsfS8B4AaABAg,@Eggyteevee,"""BeamNG for Kids is back and we grew up""
Secret Exit: ""we didn't! :)""

- my comment and their response in the announcement trailer",2025-01-28T21:32:25Z,1,0
Ugw5Lyejhc-l6s3qOzh4AaABAg,@Ritualimp161,"Ah, our childhood ;-;after 10 years",2025-01-28T21:32:22Z,1,0
Ugy1jWksSNopHIDdjul4AaABAg,@unnecessarycensorpolice,"I love you Sean 
27:33 as much as I love you jack I still have to do my job 
You unnecessarily censored the word die",2025-01-28T21:32:18Z,4,2
Ugw14LCuTOo2O1hKT4J4AaABAg,@rustygamer7029,This takes me back I was 11 when you first made a video on the og game and now i'm 21 still watching you play this stilly game.,2025-01-28T21:32:04Z,0,0
Ugw82ovlsy3rp9z2W9F4AaABAg,@Ironmetal015,"7:57 *The Squach was like:* ""Huh? Retirement's over? Oh wait sorry! (I just lost my an unstoppable unstoppable streak.) Man, you didn't give me a warning!""",2025-01-28T21:31:40Z,2,0
UgzeJZxguBpbwFgCloZ4AaABAg,@arunpharyn1404,"Dude... I'm very sick(102.0° F/38.89° C with flu type A) but seeing this video and intro gave me such a sense of nostalgia and made me smile.  Thank you for being here,  Jack 😊",2025-01-28T21:31:28Z,14,3
UgxQ3ChIzpWIZCFR5cB4AaABAg,@billyclyde1932,you have no idea how happy I am you are playing this,2025-01-28T21:30:57Z,0,0
UgzneFwYMtsru4owbm94AaABAg,@Crixus2580,The verbal whiplash is almost as intense as little Jack's in the car haha,2025-01-28T21:30:56Z,0,0
UgwJTpgbWTCii2gEQyJ4AaABAg,@nicandknacksandseans,"Man, some of those classic Septiceye lines take a bit more out of you than they used to, huh? We appreciate the effort, dude.",2025-01-28T21:30:07Z,0,0
Ugwh41hBK8ShQtK5_tl4AaABAg,@bubblechet2873,BRO I MISSED THIS GAME WHAT THE HELL,2025-01-28T21:29:50Z,0,0
Ugz5Oh1MUBYSJH70hw94AaABAg,@Chrissy_Lives,11:56 “this thing seems fast” as he chooses the Ford Model T 🤣,2025-01-28T21:29:49Z,0,0
Ugz9GsgzZgjLCZDXBpV4AaABAg,@TARDISman15,Please another episode please the laughs I had were the best laughs in a while,2025-01-28T21:29:18Z,0,0
UgzJt-6iVLP1LK4xeKp4AaABAg,@KayceeTheKhan,0:49 This entire time I thought you were saying “Pink lightning” not “big lightning” no idea why but I think the bike in the original game was pink? I can’t remember but any way such a nostalgic video!,2025-01-28T21:28:33Z,0,0
UgwQ63ut1rIxF39yV5R4AaABAg,@Lowrider-2008.,Finally turbo dismount 2! And I think graphic its too smooth.,2025-01-28T21:28:17Z,0,0
UgwLNU2NUWIar3Sad1t4AaABAg,@axle-mations708,I HAVEN'T EVEN STARTED THIS VIDEO AND I AM ABOUT TO EXPLODE HOLY NOSTALGIA,2025-01-28T21:28:11Z,0,0
Ugzcyw0XN-TGILtN0Yp4AaABAg,@travisvickers1948,So your playing subnautica 2 when it comes out right?,2025-01-28T21:27:49Z,0,0
UgyDaLcjlzTIFswbaP14AaABAg,@faithrosepetal4794,I missed this so much!!,2025-01-28T21:27:33Z,0,0
UgyXokPTmmsGC32eSVh4AaABAg,@Ranpo_45,"7:54 
NOTHING STOPS THE SQUATCH
Manual steering “allow me to introduce myself”",2025-01-28T21:27:29Z,0,0
UgxCV0B5EySobqGqCV94AaABAg,@420demon2,I love watching u play this game it's always hilarious I hope u continue to play it for a while keep up the hilarious great work man,2025-01-28T21:27:26Z,0,0
UgxF2vLz1aLfiwsHT-p4AaABAg,@luislasso7984,WHAT THERES A SEQUEL!?!??,2025-01-28T21:26:35Z,0,0
UgytS2IraNK9e7sUFsd4AaABAg,@Catto_Master,holy shit no way this game is back,2025-01-28T21:26:33Z,0,0
Ugyc12d4Ixi6CWt2CXB4AaABAg,@ChelleBelleGurrl,"Hi Sean. I hope you, Evelien and BB are well. Are you going to play Poppy Playtime Chapter 4 Thursday? Please. Thanks for the dedication ♥️",2025-01-28T21:25:10Z,0,0
UgyxF5Yh5Ap_2BrPUb54AaABAg,@crawwastaken,"HOW COULD YOU EDITOR!
its PInk lightning and not ""BIG"" lightnight",2025-01-28T21:25:03Z,0,0
Ugw46i8PRGAFzIBNQ_x4AaABAg,@Ptxsilent,Anyone else go back and watch a buncha the old Turbo dismount videos so you’d understand a lot more of the jokes cause it’s been so long,2025-01-28T21:24:53Z,0,0
Ugz1lRAM0oSv2BDOsTd4AaABAg,@demobro3954,WE ARE SO BACK! THIS WAS MY FAVORITE SERIES AS A KID AND A TEEN! STILL IS!,2025-01-28T21:24:14Z,0,0
UgzXyZI4DJIO0WNtIpx4AaABAg,@jackraider1039,No snowplows again? Come on,2025-01-28T21:23:53Z,0,0
UgxQ5B00IlQpbtJ91dp4AaABAg,@swardy27,Thank you so much for the Simpsons quotes,2025-01-28T21:23:07Z,0,0
Ugw7Jt1qKyYHdQgGrtF4AaABAg,@BottoBobbs,I remember being 10 years old once,2025-01-28T21:22:48Z,0,0
UgxQ7kNkd8bc120eTex4AaABAg,@Fatherlobster800,Omg i needed this after 30 minutes ago😂😂❤. I was pisseddd. But the nostalgia got rid of it,2025-01-28T21:22:40Z,0,0
UgxEpH4RE72qQyku6qt4AaABAg,@Ironmetal015,"First Subnautica 2, now Turbo Dismount 2!!!????!?!?! *WE ARE SOOO BACK!!!!!*",2025-01-28T21:22:32Z,1,0
UgyS8f8AFxfnqPmudgp4AaABAg,@dodiVSgamingXD,"there NEEDS to be a camera that follows the turbo guy, PLEASE",2025-01-28T21:21:42Z,0,0
UgzLKtpUL4l0xhXCcjh4AaABAg,@duckerdoo,27:44 I hate those days.,2025-01-28T21:20:56Z,0,0
Ugyhb1-j2TmdhPo-6GB4AaABAg,@MysticMoth146,I JUST GOT FLASHBACKS,2025-01-28T21:19:39Z,0,0
Ugx-XRSEvZB5-RTeRbB4AaABAg,@sammyg679,"This was an awesome video! I needed a high energy video like this today!

I also think Sean should play a game called Donut County, it's a fun jokey game that I reckon he'd love! 😊",2025-01-28T21:19:33Z,0,0
UgxGgeIMDBG8CYQUzC14AaABAg,@rakmal786,FLASHBACK!!!,2025-01-28T21:18:18Z,1,0
UgwNucpq8SQBSxbVk8Z4AaABAg,@tomiyoka_,man i commented a few vids back sayin this came out and here you are playing it❤,2025-01-28T21:17:52Z,0,0
UgzS_TM7WxGu06Rxigl4AaABAg,@bendihouse,0:41 I think you messed up on the name there Sean 😂,2025-01-28T21:17:50Z,0,0
UgxKGNZ5OM3qaBQiNxl4AaABAg,@grwaqulmolegames184,I'm twenty four now and thirteen year old me has never clicked on a video so fast!,2025-01-28T21:17:27Z,0,0
Ugw4er5o9ytt67VYg3l4AaABAg,@fearlessfuego,hey jack do you plan on playing slime rancher 2 when it fully releases?,2025-01-28T21:17:01Z,0,0
UgyX0EgO-aMdTlvzfot4AaABAg,@Foxhole.50cal,This is epic,2025-01-28T21:16:26Z,0,0
UgwXRhBJNOe2B1WKEjR4AaABAg,@THUGMASTERFLEX,Man I was 11 watching the first turbo dismount series now Im 21! crazy how time flys <3,2025-01-28T21:16:25Z,0,0
Ugx6Rena_MeMNKRrIeh4AaABAg,@zacm.2342,"Ohohohhh!
For a half hour vid, that felt short - more o' this!
.
..
...
...I'm gonna fall down a Turbo Dismount rabbit hole now :P

*_NOTHING STOPS, THE 'SQUATCH!_*",2025-01-28T21:15:42Z,0,0
UgyLyixRk1vd_vu7rcx4AaABAg,@AJOlaks,The memories are so good,2025-01-28T21:15:39Z,0,0
UgyIBw_bybEE8YTLI0N4AaABAg,@akathenugget,LETS GOOOOO! This is my favorite series from him older videos lol,2025-01-28T21:15:33Z,0,0
Ugz2MeKb63xppy6giCR4AaABAg,@vikasparyani4959,"holy shit he's gone grey, i have been watching since i was 4.",2025-01-28T21:15:19Z,0,0
Ugz5Hwn3Y990dvjOsD94AaABAg,@DemonicPlayz158,"Jack you should really try Clone Drone in the Hyperdome on vr
its just clone drone in the danger zone but on vr and it has its own story to it its really good!",2025-01-28T21:15:12Z,0,0
UgxbGM2dUqbSTsFsl6p4AaABAg,@aintgotnofriends8539,the amount of nostalgia i got from hearing “AOOOOOHHHHHHH PINK LIGHTNINNNNN” god i missed these kinda games being popular,2025-01-28T21:15:05Z,0,0
UgzxOfjvwymdOIXJ7eR4AaABAg,@nazyhosseini9680,your new hair style and color is my fav !!! you look amazing with it Sean !,2025-01-28T21:15:02Z,0,0
UgyBmjThx7eUk75F4YF4AaABAg,@ihadthelastlaugh5087,"There is no way this is back, that’s crazy",2025-01-28T21:14:53Z,0,0
UgzRJxbe9KBlbKeIj1l4AaABAg,@eddiespangenberg,I always thought he was saying pink lightning,2025-01-28T21:14:31Z,0,0
UgxNXYVIaE6IndaxCll4AaABAg,@Lozinlimbo,"Verbally gasped when I saw this in my subscriptions. So cool they're making a second game, and so happy to see you play ❤",2025-01-28T21:13:22Z,2,0
Ugz68qHZzjGitBCCquR4AaABAg,@williwoo321,Please play more of this jack please!!!,2025-01-28T21:13:14Z,1,0
Ugwae0sY9niaS06ZhzB4AaABAg,@austinpinksen3999,Holy shit,2025-01-28T21:12:57Z,0,0
UgzeJlx7vdBHsPYHD1F4AaABAg,@themysteriousoa4466,Is Turbo Dismount the game where we heard that one crunch sound?,2025-01-28T21:12:45Z,0,0
Ugy7j8fkv9EjyW0zoCJ4AaABAg,@Sin_Shadow_Fox,0:34 Huh? Tell me you don't know how frame rates work without telling me you don't know how frame rates work lol. Nobody tell him that 24 fps is still considered superior to 30 fps.,2025-01-28T21:11:12Z,1,0
UgzoWwPwv21axAVL_2l4AaABAg,@TheRealGugy,"I’m 19 and about to move out of home to a completely different part of the country. I’m kinda freaking out, and you just took me right back to when I’d come home from primary school and run to the family computer to watch you play games like this.",2025-01-28T21:11:05Z,1,0
UgwC_zZsHC5n8e7HUzB4AaABAg,@roccelleballato368,"16:24 THANK YOU SEÁN, IT IS MY BIRTHDAY!!! <3",2025-01-28T21:10:17Z,4,0
UgyWCvBl4J-VxU9dSw14AaABAg,@BombSquadBits,"TURBO DISMOUNT…









2?!?",2025-01-28T21:10:02Z,0,0
UgxNPH924PZRyQpTQ1Z4AaABAg,@JacksGalexite-SMP,"YES!!!!!!!!!!!!!!!!!!!!!!!!!!!!!!!!!!!!!!!!!!!!!!!!!!!!!!!!!!!!!!!!!
ALL I HAVE TO SAY IS YES!!!!",2025-01-28T21:10:01Z,0,0
Ugzi3OWKLPYOKtVAIdZ4AaABAg,@unnecessarycensorpolice,I swear if I don't see a snow plow,2025-01-28T21:09:53Z,0,0
UgxXjnauPQp06Sw1Mh54AaABAg,@ZaneAndrews-nh9wr,The nostalgia is real. So glad this game is back.,2025-01-28T21:09:24Z,0,0
UgzLF_THCzwudMtAWep4AaABAg,@geraldinelangdon9324,This healed something in me. 😊 I teared up when he yelled ‘NOTHIN STOPS THE SQUATCH!’ 🥹🥹 thank you Seán ❤❤❤❤❤,2025-01-28T21:08:57Z,0,0
UgyyOKyPylN9Vwdrm8V4AaABAg,@SmashedTomatoes,"2014 jack has been back like 20 times already and I'm surprised to see people still feel like it's a return to something we haven't seen in 10 years.
It must be cool to make something that people still feel the impact of 10 years later, I hope I can do that too, some day...",2025-01-28T21:07:50Z,0,0
UgxgnRjyhUEzfZwaOMB4AaABAg,@Connor.trashy,"The first video I ever watched of yours was turb odismount, and wow...",2025-01-28T21:06:38Z,0,0
UgzEXeHC7qExYaTVqb54AaABAg,@Mac-The-Mechanic,We are so back,2025-01-28T21:05:04Z,0,0
UgyOkNpk8-qOJKtv69J4AaABAg,@fearhqflex9410,i legitimately almost divorced my wife just now this nostalgia might just save my marriage,2025-01-28T21:05:00Z,0,0
Ugy5Cqkk072YDbEGVax4AaABAg,@benjaminjones7393,"Wait did they say big lightin in the edit at the start 😢, it's OHHHHH PINK LIGHTNIN",2025-01-28T21:04:42Z,0,0
UgzKElY7n0905U2cq094AaABAg,@rj48666,I didn't think I'd need turbo dismount jack again. To feel safe watching a video and not having a worry about what's going on in the world. Pure bliss. Thank you jack.,2025-01-28T21:03:31Z,40,0
Ugw67vipnSdXuXnqGWp4AaABAg,@slykidman,Time to dye your hair green XD,2025-01-28T21:02:21Z,0,0
Ugyq4eSWD_BaqaYF7C94AaABAg,@ajrainbow0195,He said the thing,2025-01-28T21:01:45Z,0,0
UgwaXD9aFJIcFr62Y0J4AaABAg,@silthzear6440,0:46 YOOO HE SAID THE WORD,2025-01-28T21:01:24Z,0,0
Ugwr5E5FKTcesPnpO9t4AaABAg,@Alyssa-x8b,I literally just started re watching ur old turbo dismount videos🙏🏻,2025-01-28T21:01:04Z,0,0
UgxTH3pepElll9Jcm4R4AaABAg,@TheLegoBuildings,RETURN OF THE LEGEND!!!!,2025-01-28T21:00:31Z,0,0
UgxjRYpUS210qe9LHNN4AaABAg,@DstappBootStrapp,Man thats a title i have not seen in a decade.,2025-01-28T21:00:14Z,0,0
Ugzxf9q8nMCqyClkAF94AaABAg,@dukedraconica,this was not on my 2025 bingo card that's for sure,2025-01-28T21:00:07Z,0,0
UgyeGPMzXqnjSuKzIhx4AaABAg,@NoobyAnimated,I’ve never felt so much joy just from a title alone and I can’t wait for the nostalgia to hit,2025-01-28T20:59:59Z,0,0
UgzAflZnePwL6WDyUH14AaABAg,@luismurillo3651,More vids like this pls,2025-01-28T20:59:52Z,0,0
UgzzBHLpKahcCEKdFh94AaABAg,@3LIJAH_W,IS IT ON MOBILE,2025-01-28T20:59:51Z,0,0
UgybPL4nHjjEXxB6Vwp4AaABAg,@Viper_Desires,Our beloved Turkey Bird...,2025-01-28T20:59:26Z,0,0
UgxhKzmFPWD4wap_MiR4AaABAg,@WHATSxMYxCAREBEAR,"LETS. FUCKING. GOOOOOO!!! 

17:25 Imagine being the bus riders lol",2025-01-28T20:58:52Z,5,0
UgxqIe9lfYvkW8E-GoR4AaABAg,@chavitacarranza,You need a new cap for this one!,2025-01-28T20:58:47Z,0,0
UgyOrpspg8_Md3wMIEF4AaABAg,@aimat2715,OMG I FEEL LIKE IM 8 AGAIN WATCHING THIS,2025-01-28T20:58:15Z,0,0
UgyC9fHLwLsLoCTrpIN4AaABAg,@CleverFlame9243,I just got home from training at my work (which is like sitting in a class room) and watching this made me feel like it's 2014 all over again,2025-01-28T20:57:53Z,4,0
Ugwq6T3yv15UX4wsjdN4AaABAg,@milkiipetals,2012-2014 Jack on my feed hell yeah.,2025-01-28T20:56:57Z,1,0
Ugx35qJXHNtioKAmLtN4AaABAg,@lulumaestas9104,"20 part series? please. Also, love the AOT shirt :)",2025-01-28T20:56:53Z,0,0
Ugx8BcfdmFfEZqVQwj94AaABAg,@orshteinbok7762,10:47 guys he learned how to Wave Dash,2025-01-28T20:56:05Z,0,0
UgzLrIO8nrQCnAKhHuR4AaABAg,@miniartist4287,Ahhh memories ❤,2025-01-28T20:56:05Z,0,0
UgyyUy6m3spEc7KMmA14AaABAg,@Thishumanz,"This video brings back so many memories, so fucking hilarious, good vid as always jack😂
I was also curious whenever you have the time to again will you ever collab with mark again🤔
it's always nice seeing y'all just sit and have tons of laughter and messed up comedy☺",2025-01-28T20:55:31Z,1,0
UgwqifXu7SQ5E2sT22B4AaABAg,@Bri-fw2mu,I was 10 back in 2014 now I’m 20 almost 21 and oh how time flies,2025-01-28T20:55:18Z,0,0
UgyO5I49gkLSl9GNIEV4AaABAg,@torintroy4731,I have been waiting for this since I was just a young lad at 13! AND THERE IS NO DISSAPOINTMENT!,2025-01-28T20:55:12Z,0,0
UgzXAdMlZr5v-j0r_qh4AaABAg,@WhoTFisThatGuy777,what happened to the Soul's Borne walkthroughs Jack?😢,2025-01-28T20:54:36Z,0,0
UgwMBLQOuNC7ZQRP5eV4AaABAg,@miltonkonji3843,"wait, u actually have grey hair, wow. i feel old asfter not watching ur vids for 3 years",2025-01-28T20:53:51Z,0,0
UgwuP8aU7yvgzHEkc714AaABAg,@CrazyCobb,"Didn't hear a ""FUCKING SNOWPLOW"". we need another video.",2025-01-28T20:53:42Z,0,0
UgzK8XRpAtWqslA7g614AaABAg,@Redacted69,Didn't realize how badly I missed this,2025-01-28T20:53:37Z,0,0
UgzIrfPtoNjRXbfUtpZ4AaABAg,@Centurion0419,"I love when jack gives us these nostalgia vids, I hope we get more this really brought me back",2025-01-28T20:53:16Z,0,0
Ugy738nFJmBNxrma_ml4AaABAg,@jakeklingaman1908,My childhood is back,2025-01-28T20:53:13Z,0,0
Ugwlrxoq-p_rmUjv_jF4AaABAg,@prollymarkus,woah… is it nostalgia week already??,2025-01-28T20:52:02Z,0,0
UgwtEoonF8ZF-sRMW_N4AaABAg,@luigijr2725,"Jack, you can edit the power of the turbo. It says strength when you choose it. And duration to make the turbo last longer",2025-01-28T20:51:52Z,2,0
Ugwe4CRb--n0X9YmSlR4AaABAg,@jasgob,not enough snow ploughs to annoy you like everytime,2025-01-28T20:51:32Z,0,0
Ugxl97gdiZbJ_KXcsht4AaABAg,@MrSkysenGames,Jack got that grandpa hair these days. Grey and cooked looking.,2025-01-28T20:51:01Z,0,0
UgzeGJKytoairMM0-QJ4AaABAg,@harleyhonda,THE WAY I GASPED WHEN I SAW THIS ON MY FEED,2025-01-28T20:50:32Z,0,0
UgyF2w9G44z2y2Nyx814AaABAg,@arayagrisdale2881,I can't wait till the 30th! He better play poppy playtime chapter 4!,2025-01-28T20:50:00Z,0,0
UgxHLMGcEhTQLC_XhkR4AaABAg,@damonisthe9,The thumbnail and the title are the only reasons I clicked this video,2025-01-28T20:49:47Z,0,0
Ugzb3VcCTAJid0jDAVZ4AaABAg,@DamageMaximo,20:44 Maybe a WHAT?,2025-01-28T20:49:09Z,0,0
UgwLgPzTaSlc9cXKnip4AaABAg,@Rengokustan33,I was just thinking about going back in time to when life was simpler...how Sean has blessed us! Thank you!,2025-01-28T20:49:00Z,0,0
Ugxt5WG8_zlIJVlvaMx4AaABAg,@headraline,"Question: am I the only person that remembers that, way before ""Turbo Dismount"" there used to be the exact same thing (sort of, less bells and whistles it was like one level with one flight of stairs), and it was a Scandinavian game named ""Porrasturvat"", which I believe translated to ""stair dismount"" or something akin to it???
Did the same developers then go on to create Turbo Dismount?",2025-01-28T20:48:58Z,0,0
UgxGxcc2TQ03IuNPn7h4AaABAg,@IzzyWyld,Going at the speed of slow:) what a throwback,2025-01-28T20:48:43Z,0,0
Ugy32T_n9_nPogX5KCt4AaABAg,@kinimae5425,I read turbo dismount and my brain thought Trackmania 😭,2025-01-28T20:48:41Z,0,0
Ugz8HpQNVvS9M2QmCjV4AaABAg,@madamedragon,Love a blast from the past,2025-01-28T20:48:32Z,0,0
UgwP-mPYp9mrOkxzQmd4AaABAg,@Gamer_player-qd8kc,Hey jack have you seen the subnautica 2 teaser? I remember you used to play it,2025-01-28T20:48:22Z,0,0
UgwLx_mBUiMIGiP1NiV4AaABAg,@Mayonessa67,This insane level of nostalgia wasn’t on the 2025 bingo card but I’m so glad it happened. 10/10 thanks Jack,2025-01-28T20:47:55Z,0,0
UgwGU-OqtBVShN3_nlR4AaABAg,@TheHollowGuy,"Hello, I am your tour guide at the Septiceye Zoo, and today we will be visiting one of our most majestic creatures, The Jacksepticeye, the only one of its species, thriving in its natural habitat, coffee more HORROR games and coffee, and coffee galore... Fun Fact *if we leave this beast with just any old coffee it will tear down its enclosure and probably doom the entire planet, but as long as we have our limited supply of Top of the Morning Coffee, I believe the world wont have to succumb to the likes of this entity, for now though, he is safe, and tumultuous, in its local habitat lmao XD*",2025-01-28T20:47:16Z,85,0
UgxcATlqqehNxKTtPqp4AaABAg,@toolate4949,"Holy shit I started watching Jack when he was playing the original series, this made my DAY",2025-01-28T20:47:10Z,0,0
Ugyfb7CWre23ei7q4gl4AaABAg,@Hound-Arts,"Ah, my childhood game reto",2025-01-28T20:47:03Z,0,0
UgzhLMzDt03pMbH_0Ix4AaABAg,@Cyssyn,Hope everybody is having a good day 👍🏻❤,2025-01-28T20:46:38Z,0,0
Ugz-P4i9tbCKpU8hy2x4AaABAg,@nordfald3740,how long do you think it'll take for people to put pictures of willies as their faces?,2025-01-28T20:45:58Z,0,0
UgyQAThRpRKCn7SoPLZ4AaABAg,@renegadeotaku92,I have missed the turbo dismount videos so much hopefully there are more of turbo dismount 2,2025-01-28T20:45:43Z,0,0
Ugx_tm4xje_XqooMfwV4AaABAg,@lostandfound2124,My childhood has return,2025-01-28T20:45:26Z,0,0
Ugyc4Z4sJtqGYDogoxR4AaABAg,@patricequeen1156,Thank you! Just thank you for everything.,2025-01-28T20:44:52Z,0,0
Ugz1kEKyCHiYjD_vg254AaABAg,@therealookfun78,Yes more good old turbo dismount. Glad you remember pink lighting.,2025-01-28T20:44:07Z,0,0
Ugz3dkb1Go3DuExFV3t4AaABAg,@herpyberpy2461,YEAAAAAHH BABYYY!!!!! THATS WHAT IM TALKIN ABOUT!!!!!! LETS GOOOOO!!!,2025-01-28T20:43:57Z,0,0
Ugy9q5tJPbMGT6ehh1h4AaABAg,@kelvinbryan9582,More more more please,2025-01-28T20:43:38Z,0,0
Ugzx4iPV4ZYvX3k2Htl4AaABAg,@odderousgerm5456,"Ooh jeez, i was but a tiny lad when i played the 1st one",2025-01-28T20:43:01Z,0,0
Ugz14I42IgeiIrMWUQZ4AaABAg,@lukethetruth2462,"1:12 I thought u could still put your face back on the dudes in the first game, maybe I’m wrong?",2025-01-28T20:42:59Z,47,5
Ugzp2W9jQ2l2Iv6EcRl4AaABAg,@Gbaby1012,0:35 I remember when 480p and 720p  hit youtube for the first time. I feel you Jack. 😂,2025-01-28T20:42:03Z,7,0
UgwuFKIsCTPX4FhvKB14AaABAg,@Blake_shinall,Being this early for a Sean video just truly a dream come true. ❤,2025-01-28T20:41:50Z,0,0
UgyIvY5JLNdYY5YW1Hx4AaABAg,@Dat_Country,"I was around when the original turbo series was being uploaded and god does this make me feel old, I’m glad I’m still able to enjoy jack as I’ve grown",2025-01-28T20:41:23Z,0,0
UgxaLoV2jNQyjBMtmMl4AaABAg,@BigMan7o0,I saw turbo dismount and jacksepticeye and thought I had time traveled back to when the first one came out for a split second,2025-01-28T20:41:13Z,0,0
UgwdAT7a2QavqYNxGWZ4AaABAg,@rollyomar8106,"Oh my god! Jack playing turbo dismount is what got me into him and I've been a subscriber ever since, this is awesome! I feel like a kid again",2025-01-28T20:40:29Z,0,0
UgyTNy-r7V5svv5VSnh4AaABAg,@JoCaTen,"2014??
10 years ago, a whole bloody decade..
man we're old...",2025-01-28T20:40:05Z,0,0
UgwIdilBWxHrWvB97k14AaABAg,@snjert8406,I need more.,2025-01-28T20:39:57Z,0,0
UgwVNEnoFa0ORtAHpvB4AaABAg,@sparrowsadventuresnz6486,anyone here in 2027 love to be back 5:24,2025-01-28T20:39:45Z,1,0
UgwBhl1u3EGqvyCMzFx4AaABAg,@TomabTT.,This brings back so many memories bro,2025-01-28T20:39:35Z,0,0
UgxWmaeUedWeSd1ocRh4AaABAg,@StevenRost-t7e,0:46 vibing and not calling it orgy music this time is weird,2025-01-28T20:38:37Z,0,0
UgzXMTU3PtLu7xvmgCp4AaABAg,@mementomori0908,17:20 is the funniest thing with that music behind it.,2025-01-28T20:37:45Z,8,0
UgzF8cW-WbladGOh6hp4AaABAg,@arudanel5542,"OG Happy Games with The New, Improved, Happy Jack is peak gaming content! I'm hoping for multiplayer destruction derbies and stuff, that would be amazing!",2025-01-28T20:37:23Z,0,0
Ugzu_WAvyYXcX0P-pjB4AaABAg,@general5tench848,I haven't watched you in 2 or 3 years 😂,2025-01-28T20:36:29Z,0,0
Ugw-S9fJErfd9jfNclh4AaABAg,@top-gear-gmod,"7:52 Nothing Stops the Squatch!!!
*Gets Stopped*
Surprised Pikachu Face.",2025-01-28T20:36:26Z,0,0
UgyH1FVy68XGWM_ICZB4AaABAg,@jason_a7420,"Damn you scared me for a second, I thought we weren't gonna get a yelled intro 😂",2025-01-28T20:36:09Z,0,0
Ugw_j6eUGs4iJdjchQZ4AaABAg,@User_Error385,I think when Jack says he going to to space he means victory town.,2025-01-28T20:35:59Z,0,0
UgwtNB4quV2754b5EoB4AaABAg,@ninjafire3583,WHATTTT 😢😢😢😢😢 AAAAAAAAAAA,2025-01-28T20:35:28Z,0,0
UgzNwvxHB26Hu8-PiGx4AaABAg,@b1acklights310,Feels illegal to be this early. I LOVE YOU JACK❤❤,2025-01-28T20:35:08Z,0,0
UgycOVHvvpuORqJZf3t4AaABAg,@Bryson2025,TURBO JACK IS BACK. I love this video,2025-01-28T20:34:55Z,0,0
UgwSGV3jLOaPXuEnN5F4AaABAg,@skyhopper2610,i have to watch this. i cant not watch it,2025-01-28T20:34:52Z,0,0
UgwC56poQds52L1MVpF4AaABAg,@frecklesandfries,"I think this calls for a LETS FUCKINGG GOOOOOOOOOO, BOYS!!",2025-01-28T20:34:06Z,0,0
UgwwpCDJdmEJ-8sVvzh4AaABAg,@RealDids,"20:44 ""Maybe a spring tramp?""",2025-01-28T20:34:06Z,18,1
Ugx1B54usgz2fCv6woN4AaABAg,@shannondeans152,You look so funny and I love it,2025-01-28T20:32:54Z,0,0
UgxLxCKHVfaj5kGKuCZ4AaABAg,@Sinless_Wrath,wooooo!! nailed!!! haha love it Jackiboy,2025-01-28T20:31:15Z,0,0
UgxzxUDSrUgu9wNCPL54AaABAg,@jay_thebaguetteman,"Life feels like a dream now. I was thinking about turbo dismount a couple days ago and now the second game is out, like whattt",2025-01-28T20:30:50Z,0,0
UgyF4iBdZmezfjUYZWB4AaABAg,@antoniovazquez7154,WHERE DID U BUY THAT SHIRT?????!!!!!!!!!,2025-01-28T20:30:27Z,0,0
UgzYsUrFZLUiLPTQ3E14AaABAg,@scorpionx1502,WHAT?! THERE IS A SEQUEL TO THIS MASTERPIECE?! WOW,2025-01-28T20:30:18Z,0,0
UgwML9jVPaGQLJ7GYr94AaABAg,@TheSirLanceolot,YEEEEEEEEEEEEEEEEEEEEES I LOVE YOU JACK,2025-01-28T20:29:56Z,0,0
UgxyY1btjHJeXYh7bc14AaABAg,@Bodycountr,"I stopped watching for a long time, for no other reason than life just got really busy, but I would 100% make time to watch this series!",2025-01-28T20:29:20Z,0,0
Ugw_4HHzgaWbWVm7c-B4AaABAg,@Moon_2night,when we all thought this was gone it came back…,2025-01-28T20:29:04Z,0,0
UgwKb1Y1oTmNLQ9bxQB4AaABAg,@tjessekoot344,I've missed this all these years,2025-01-28T20:28:44Z,0,0
UgySeYF_S-aonJch89V4AaABAg,@KC-wi4km,Hope this is a series,2025-01-28T20:28:34Z,0,0
UgxO0Qa-bOOKumEWY614AaABAg,@DieWachtamRhein,"OMG this is such a blast from the past!  Man, the nostalgia",2025-01-28T20:28:26Z,1,0
UgwUEP1uS4UFE7JmPSZ4AaABAg,@siennashell9283,this makes me happy,2025-01-28T20:28:23Z,0,0
UgwSN-y_t1tqK6JfCa54AaABAg,@JBirdd_,"Ah... Back in Elementary School, come home and watch Jack aimlessly scream at a funny ragdoll driving cars, wouldn't have it any other way.",2025-01-28T20:28:04Z,0,0
UgzOYnk_TdLzpzfwU0p4AaABAg,@isaiahchapman7660,"""OHHHHH, PINK LIGHTNING!""

-2014 Jacksepticeye",2025-01-28T20:27:24Z,2357,10
Ugxm4V3AmrD539unMHp4AaABAg,@liamzombie1424,Man I was hoping that Jack would rediscover his deep hatred against the snow-plows,2025-01-28T20:27:18Z,0,0
UgzB4Xfzv0c4x896Hmd4AaABAg,@creativeengineer8365,"Turbo Dismount introduced me to Jack so this is very nostalgic

I can't wait for the revenge of the snowplows",2025-01-28T20:26:58Z,0,0
Ugw5suvbrNEqZdWUP9l4AaABAg,@flashergoldpower15,Turbo dismount is back baby!!! And so is jack,2025-01-28T20:26:47Z,0,0
Ugx7G0FLTEA474UfX1p4AaABAg,@darkor7274,we are so back,2025-01-28T20:26:33Z,0,0
UgzHe8KvUa-Udf4v_6p4AaABAg,@tuukkamatikainen3389,It's... *perfect*,2025-01-28T20:26:13Z,0,0
UgxgLP-0JPXe86tK8r14AaABAg,@maxroze4857,WOO! I needed that intro! My soul is healed and I'm full of PMA!!!,2025-01-28T20:26:02Z,0,0
Ugz3kImCdtYwRBj0UBl4AaABAg,@IzzyWyld,This made my day. The memories… I literally used to have the mobile turbo dismount cause of jacks vids,2025-01-28T20:26:01Z,0,0
UgxFQDsvLwiDE7A6IhR4AaABAg,@JaredRusich,I love your turbo dismount videos jack! One of my favorite series of yours cheered me up a lot as a kid!,2025-01-28T20:25:59Z,0,0
Ugz72rSEq57hRgxGqU54AaABAg,@artykins2486,bro got diagnosed with autism and knew his target demographic fr,2025-01-28T20:25:39Z,0,0
UgwXb1ACjDDpyAxzN_l4AaABAg,@marcusoscarsson7973,"Ehh, the editing is too in your face. He dont need that kind of editing",2025-01-28T20:25:04Z,0,0
UgzcRcb7DWyHNcpa5v14AaABAg,@mr.jglokta191,"18:48 Don't worry, if I remember correctly Bob has a wheel! 😉🤣",2025-01-28T20:24:53Z,0,0
UgydPqAVgLuzYFUmq314AaABAg,@HowdoIchangeMy,Happy wheels 2 when????,2025-01-28T20:24:52Z,0,0
UgysasHAuDdJ050MevR4AaABAg,@futureme6943,A tiny part of the child left in me healed today,2025-01-28T20:23:49Z,0,0
UgxW1n9ldf54nNlk5994AaABAg,@banjomonkey420,That intro brought me back to good ol jack. Thank you jack!!! ❤,2025-01-28T20:23:36Z,0,0
UgyAFvyRVorhmNuUCIh4AaABAg,@TheProAtPUBG,"Full circle, jack.
OH SHOOT, SNOWPLOW RETURNS",2025-01-28T20:23:13Z,0,0
UgyOEKd1AdXSeattgs94AaABAg,@blueenderflame4916,"FOR ALL MY LIFE I THOUGHT JACK SAID ""PINK LIGHTNING"" NOT ""BIG LIGHTNING""",2025-01-28T20:23:13Z,0,0
Ugw7OOARiWpaKAs8bkV4AaABAg,@Ace_williams1,Love all this and i miss 2014...🥹,2025-01-28T20:22:52Z,0,0
UgxXd5HkDL96ZjO0Lhp4AaABAg,@liltmoney_120savage2,"Papa jack were back my YouTube father hello, ah the good old days takes me back.",2025-01-28T20:21:59Z,0,0
UgwQ1XdZ-EE5DbEy6Oh4AaABAg,@Pickled_Cactus,11:45 was so uncalled for,2025-01-28T20:21:30Z,4,0
Ugyfay7kOoY2bCN-aXl4AaABAg,@gavmiller6154,now that’s a name i have not heard in a long time,2025-01-28T20:20:56Z,0,0
UgwcKjVdZY_uTSpE3Z14AaABAg,@byJuddy,Where is my Demon souls or Dark Souls 2? :(,2025-01-28T20:20:54Z,0,0
UgxDte8Fkq3KBf19isN4AaABAg,@patrickwyeth4809,Looks like our child hood is back i loved the original as a kid.,2025-01-28T20:20:04Z,0,0
UgzbDt6XxxXfTnyi7R14AaABAg,@kurtvonreinhardt,Jack is really going for the Witcher cosplay this year 😂,2025-01-28T20:19:22Z,0,0
UgybeqJabmYY8CRw-2N4AaABAg,@MrZonda_H12,Thank you for blessing our community with the throwback of a century with this golden gift from above 🧍‍♂️,2025-01-28T20:19:07Z,0,0
Ugw6Fdqq4bLrlKrrxrN4AaABAg,@Original-493,This game is ass,2025-01-28T20:19:00Z,0,0
Ugzyq4WnWRBaR9oPW7l4AaABAg,@Ag3nt-MC,"4:38 He didn’t say the line. But other than that this video is really fun, the original TD series were some of the first videos I watched of jacks",2025-01-28T20:18:44Z,5,0
Ugxd1zOvM82LwuWtB994AaABAg,@slippyn,jack your eyes are like two bottles of blue curacao in this video.,2025-01-28T20:18:25Z,0,0
UgwnNRCgfZrdUVPx1y94AaABAg,@jamescentersmith9323,"Man, this game brings me back.",2025-01-28T20:18:07Z,0,0
UgzQedwXK8onjf9CZtp4AaABAg,@Ari-13-Ana,Loved this!!!!! <3,2025-01-28T20:18:01Z,0,0
UgweLQZDChmQeJkZZG54AaABAg,@cjrensh,"Hi Jack o/
What are your thoughts on the Undertale Plus trailer? 🎤",2025-01-28T20:17:53Z,1,0
UgxW3xk2i8bbiU8O9UJ4AaABAg,@ScooterTheBoy,"first we had happywheels the movie, now we need turbo dismount the movie",2025-01-28T20:17:30Z,0,0
UgxlTVBy6Xy0q9bbOix4AaABAg,@NeroZashi,"Good old Jack, Pure Nostalgia",2025-01-28T20:17:22Z,0,0
UgwS3pdpMrOVNTlXbmZ4AaABAg,@shannondeans152,Yeah classic turbo game,2025-01-28T20:16:52Z,0,0
UgzXzLw6UhTXXXvxP5t4AaABAg,@asadockery9039,WE'RE BACK SEPTICS,2025-01-28T20:15:52Z,0,0
UgxeZCfor718b0EeIgV4AaABAg,@Bluedreamxd,The return to dismount is glorious I will forever love and remember the turbodismount videos ❤,2025-01-28T20:15:26Z,0,0
UgzW4_L8rQYgIsA7H6d4AaABAg,@thetoxicturtle6176,i hope jack will like replay some of his most popular older games like muddy heights lol,2025-01-28T20:14:36Z,1,0
UgycEBsx-O5OgoM6Va94AaABAg,@bubbot0814,"Nah bro, we got turbo dismount 2 before GTA 6",2025-01-28T20:14:26Z,0,0
Ugxd6rf-lxQobfK-CpZ4AaABAg,@colingeorgopoulos2626,Thank you jack you’ve brought back nostalgia and memories i forgot i had that means the most,2025-01-28T20:14:24Z,0,0
UgwYrOjc4x4joOgS0714AaABAg,@Abysmvll,Just finished watching the most suspenseful kdrama and I’m coming here to help wind down. Turbo dismount can never fail 😂,2025-01-28T20:14:10Z,0,0
Ugw_7oUUuuh7VkcucLl4AaABAg,@Insoitol,IT'S PINK LIGHTNING AND ALWAYS WILL BE PINK LIGHTNING IN MY HEART.,2025-01-28T20:13:40Z,0,0
UgwuSbEqBWphV7kQJVN4AaABAg,@RealDids,"Classic Finnish dismount games, and here I thought the golden days were over!",2025-01-28T20:12:59Z,1,0
UgyXAQmxY63YIy16Dql4AaABAg,@Kempan,MAN it's been so long. Baller game,2025-01-28T20:11:42Z,0,0
UgynWtQ92-qBsXGoNtx4AaABAg,@snjert8406,How have I watched this man for ten years now. Damn. I was in middle school and now I’m on my way to a bachelors degree. What the truck.,2025-01-28T20:11:18Z,0,0
UgyXhH4FjuhEr9mQCnp4AaABAg,@RussWasHere1,"Instead of using your face, you should of used kratos's head",2025-01-28T20:11:11Z,0,0
UgxCrCL580_RI7GKVSl4AaABAg,@SpottySaber,I LOVED THIS SERIES,2025-01-28T20:11:03Z,1,0
UgyufQzxhmQeaiJb3AB4AaABAg,@FlobsterforLobster,Never thought I’d see the day,2025-01-28T20:10:55Z,0,0
UgzLCMMCKZvcqhDMNQB4AaABAg,@ryanmaanum6495,Mom the Irish YouTuber is screaming again! 😃,2025-01-28T20:10:44Z,0,0
Ugy_Cjz5kErmXwK_pLN4AaABAg,@Jagger-Tyr_13,"Damn, Arin kissed him right back to 2015",2025-01-28T20:09:58Z,0,0
Ugzgrd-IsFucpT7idPF4AaABAg,@Pbotsfordslayer5,sean seriously has Qui-Gon-Jin Vibes going on with that hair,2025-01-28T20:09:45Z,0,0
UgyJGXWhrtYOg8I1Dg14AaABAg,@nevaehcolvin,babe wake up jacksepticeye posted,2025-01-28T20:08:59Z,0,0
UgwhrQPCCzQujQjqklR4AaABAg,@snjert8406,No way. This can’t be real. Holy crap. Middle school nostalgia time!!,2025-01-28T20:08:46Z,0,0
UgyCSAxrvAC4YdckhbF4AaABAg,@spiritinstinct,The nostalgia was insane lol,2025-01-28T20:07:35Z,0,0
UgwOjW-wDm2impRZofl4AaABAg,@ryenyoung8549,I currently have a mortgage and a husband but I feel like I'm back in high school again,2025-01-28T20:07:16Z,0,0
Ugw7a8K8Qy93NrkmFw54AaABAg,@mintreads80085,"Don't feel like 2014 exactly but yknow what, we'll take it.",2025-01-28T20:06:40Z,0,0
UgyCnsb8MrXmK5mA2DZ4AaABAg,@metalheadmike3333,"Welcome back, my man!",2025-01-28T20:06:04Z,0,0
UgzgJoMSNOFCCg38qRV4AaABAg,@MU33Z,Hey jack was wondering if u r going to play the new skate game that's coming out.,2025-01-28T20:05:33Z,1,0
UgzKST1CInSEiiX-2wV4AaABAg,@zeldareaver1255,"OGGGG INTRO YOU KNOW ITS GONNA BE A BANGER, I BEEN LOVING THE VIDES SINCE 2014!!!",2025-01-28T20:05:23Z,0,0
UgzMEadoah7TLE5Gui94AaABAg,@antoniskazou,Such a blast from the past! This was one of the first games I bought after watching Jack playing it,2025-01-28T20:05:23Z,0,0
UgxePLxpM-4LLSoCThh4AaABAg,@sohraab,HJONK HJONK AM ROADKILL,2025-01-28T20:05:18Z,0,0
UgxZMBeqoQw9gUlmykR4AaABAg,@som.tafreshi,Haven’t watched a Jack vid since 2015 but I’m here for this anytime,2025-01-28T20:05:07Z,0,0
UgxTUcygfjP87_9fupl4AaABAg,@Hoodie9129,Ah Yes the game where we got blessed with the iconic SPEED IS KEY!!! For the first time,2025-01-28T20:05:05Z,0,0
UgwzPA1wyIx9AJ7SAFp4AaABAg,@thatsirtime661,"""You're in safe hands"" proceeds to get suplexed by a quad. 24:52",2025-01-28T20:04:48Z,23,0
UgwS0OwUn4XrTd_JqBd4AaABAg,@TCA808_Alex,Is this the game that i think it is bro?,2025-01-28T20:04:15Z,0,0
UgxjxphqUJQTsmGNO4J4AaABAg,@Lonewander-b4v,Anyone else remember the “f****n snowplows!” Scream?,2025-01-28T20:04:01Z,0,0
UgwjXF5pa5DQf3Y1fO54AaABAg,@glowingramen,10 years sense the first game omg I never would think they would make a sequel,2025-01-28T20:03:42Z,0,0
UgyDIxKTqz3fvt1cErh4AaABAg,@SpikeVHS,I've never clicked on a notification so fuckin fast before😭😭,2025-01-28T20:03:22Z,0,0
UgyBvytvAHQAcH68siZ4AaABAg,@the_original_n0se,@jacksepticeye so glad to see you enjoying a game and having such a great time.   The content loved the most is the content you love to play.,2025-01-28T20:02:57Z,0,0
Ugy_PWA6r7pj4vPtnx54AaABAg,@chaunsies,you gotta bring back kerbel space program now😆,2025-01-28T20:02:50Z,0,0
UgwdoMwSnSmkfLIXyGN4AaABAg,@Justcallme-sharky,All that’s missing is a cap and green hair and it’ll be 2014 again,2025-01-28T20:02:32Z,0,0
Ugyzf84uNTUjmOE2YqZ4AaABAg,@carson_rock195,"This is so nostalgic, and also perfect timing bc I'm doing my multi-annual re-watch old Jacksepticeye series, and I just finished Papers Please, and was tryna think what to watch next, and I was between Turbo Dismount or GTA but this helped me pick!!! Turbo dismount!!! Love you Jackaboy! Hope you see this💙",2025-01-28T20:02:24Z,1,0
UgzcAbNZV1tFasy8Hi54AaABAg,@ro7_bladeyt117,miss this game 🙏🔥,2025-01-28T20:02:16Z,0,0
UgwTktmcveAWRavuQU94AaABAg,@tatesntotz,"Oh, our dear Lord Jackiboi, what did we ever do to deserve the Holy Intro ??? 😅",2025-01-28T20:02:13Z,1,0
Ugw3tIXW9iRGnZZU12Z4AaABAg,@ANTIICHRXZT,*Nostalgia has entered the chat*,2025-01-28T20:01:36Z,0,0
Ugx9ahSAQMJ0dw1CkrR4AaABAg,@garydimartino7731,This brought back memories,2025-01-28T20:01:35Z,0,0
UgzSgnlfrNYRh3vwAY94AaABAg,@ghastlyrose,i genuinely almost cried this brought me back,2025-01-28T20:01:17Z,0,0
Ugzb1p4GZTclx3Hym_14AaABAg,@austinaitchison5731,This is crazy I remember watching these video as a teen and now I’m 24 and I have a kid what’s going on. Love ya Sean I’ll be watching you for the rest of my life 🎉,2025-01-28T20:01:09Z,0,0
UgwkRsOlnDv8DWMFxGB4AaABAg,@SoraTheChaoticMenace9201,"we are so back baby, its my childhood all over again",2025-01-28T20:01:03Z,0,0
UgxXalkVDnlc7kFuFWp4AaABAg,@veselinivanov9475,"i just genuinely love seeing this man have fun and enjoying himself, it's such a heartwarming vibe watching his videos",2025-01-28T20:00:15Z,0,0
UgyfqBVfU4A7BKK-jip4AaABAg,@og_frost2108,Ughhhh the nostalgia hits so hard i missed it. I used to go back and watch the old videos 🔥🔥🔥,2025-01-28T19:59:58Z,0,0
Ugy7ePZ0V7t_CoRBNaZ4AaABAg,@em_inof,this actually brought me to tears I got so excited I felt like a kid again watching this,2025-01-28T19:59:55Z,0,0
UgwMNGgzREFE_mvTyCB4AaABAg,@jihmb,was just rewatching old playlists last night!! what timing :D still as lovely to see jack enjoying these silly little vidya games,2025-01-28T19:59:44Z,2,0
Ugy08-sEtipvUeTmVm94AaABAg,@mastersenseimario,"Man, I can’t wait to have this game alongside the original Turbo Dismount.",2025-01-28T19:59:39Z,0,0
Ugx59dcvP66DniGEZ9Z4AaABAg,@ItsChris2500,"Jack’s Turbo Dismount vids from back in the day were the first videos that I watched, glad that there were some references to his old vids in this vid",2025-01-28T19:59:28Z,0,0
UgxklIy6Z2L3ZFcVcqt4AaABAg,@sideshowirl6779,"Alright fine, I'll watch my first Jack video in years.",2025-01-28T19:59:27Z,0,0
Ugy4-BpanDqyKFy1Dit4AaABAg,@PrinceLeviathan,Day instantly improved,2025-01-28T19:59:02Z,0,0
UgwWdNb7EKFfOMrGwnR4AaABAg,@CarlNewman-m5m,"This is really a fun game hahhh, also at 25:56 I swear that's dan or Erin, I forget which, from game grumpy lol. Thank you Sean for this hahh lots if laughs and giggles from your content here",2025-01-28T19:58:37Z,0,0
UgwHw96qRRSgCPRQqCx4AaABAg,@kacperswiderski7225,The nostalgic feeling is amazing I never knew I would be able to see old jack again,2025-01-28T19:58:33Z,0,0
UgwXzeOJkJKY8pgq0jB4AaABAg,@Ryansj0124,There is a second one?!,2025-01-28T19:58:23Z,0,0
Ugyf6PL9GDX01sb5obJ4AaABAg,@tavlogs6420,i was just re watching this series yesterdaaayy!,2025-01-28T19:58:19Z,0,0
UgxzjHDNdS2DCzwJQ9h4AaABAg,@biscutboi813,I missed Turbo Dismount so much!!! This goofy shit is what I'm HERE FOR!!,2025-01-28T19:57:41Z,0,0
UgzIRMo73Aot-ORjs494AaABAg,@IsoRen245,"this is so wild, I think the first time I found Jack on youtube through the Turbo Dismount series, and seeing it now like 10 years later...I feel old, but pleasantly nostalgic lol",2025-01-28T19:56:52Z,0,0
UgxMxD9C0AEnDBQbkV54AaABAg,@rezamohammadi8657,Energetic Jackcepticeye is back,2025-01-28T19:56:48Z,0,0
UgxHOvdEgZSDHpOQpsJ4AaABAg,@extrashifty578,0:28 i don't think i have ever been hit that hard before... It hurts.,2025-01-28T19:56:36Z,10,0
UgwqsQVidFju1_kmgZB4AaABAg,@MariannaXrss,"That one point where Jack was decapitated and his head went flying off into the distance made me laugh so hard, I loved whenever something like that happened in the old game. I'd come home after school and watch Jack beat the crap out of himself and it always made me so happy to watch the silliness he got up to. This healed my heart, thank you Sean!",2025-01-28T19:56:33Z,1,0
Ugwzg9CEg7lep1_QM7Z4AaABAg,@Dream_Spark,I missed watching jacksepticeye.,2025-01-28T19:56:20Z,0,0
Ugx7nSsJFAC9_DZuboh4AaABAg,@Ecco_katanaman,This is actually amazing,2025-01-28T19:56:17Z,0,0
Ugxlj9O2QCUvNVHPtw14AaABAg,@lukethompson8672,"Please go back and play Planet Crafter, I loved watching your playthrough",2025-01-28T19:56:17Z,0,0
UgzZqNY_IjqO8dgKzs94AaABAg,@jacktheomnithere2127,"i remember the Italian YouTuber, Favij, played the first game over on his channel. i wonder if he'll play this one?",2025-01-28T19:56:07Z,0,0
Ugzv135o_aYP3G0_z7p4AaABAg,@teacolouredink,"Oh turbo dismount, it's good to see you again :') 🩷",2025-01-28T19:55:41Z,0,0
UgxzulAP_n-he8LK1mJ4AaABAg,@X-TREME-001,"This is how i discovered you jack, turbo dismount was such a fun game to watch you play back then, god the memories were great in the timespan you played",2025-01-28T19:55:41Z,0,0
Ugxhba3EvLhf5DCNqxh4AaABAg,@fynnkrausefootball,Damn I started watching Jack when he played a game called Pain. This was at a similar time... Really good and old school! ❤️,2025-01-28T19:55:18Z,0,0
UgyutZDUTO_DqlAPYpV4AaABAg,@DeTwitterfyYoutube,We are reaching levels of 'We're so fucking back' thought previously unattainable.,2025-01-28T19:55:04Z,1,0
UgzdxY9KMRSJgFkNlmt4AaABAg,@Cavernsparten,It’s funny I was just watching his turbo dismount videos two days ago,2025-01-28T19:55:03Z,0,0
Ugz9Kb42Ny5J8Gl_gPV4AaABAg,@NightBoi2,TURBO DISMOUNT 2??? OH MY GOD YESSSSS,2025-01-28T19:54:54Z,0,0
Ugw-fHNE7ZUkbcU89eh4AaABAg,@Ravenetic,My god.. the TD references are great! Now I feel old,2025-01-28T19:54:54Z,0,0
UgxLnxQ-bOaVFvsh4Ld4AaABAg,@serefina7177,turbo dismount ? *puffs cigarette* it’s been years since i’ve heard that name..,2025-01-28T19:54:48Z,0,0
Ugw0y7l5r0KiT_7ldc14AaABAg,@DarkAvenjer08,holy shit the nostalgia,2025-01-28T19:54:26Z,0,0
UgyfFA3cLmCseCjbviB4AaABAg,@lathanjames5229,JACKABOI IS BACK!!!!!,2025-01-28T19:54:24Z,0,0
UgzJymZZ0iHCXdp3lg54AaABAg,@ahop4862,When I literally watched one of these yesterday. What is the chance.,2025-01-28T19:54:18Z,0,0
UgxQoExlb9HbBG3gWx54AaABAg,@adriftrose,23:38 JAAACKK!!! YOU CAN ADJUST THE STRENGTH OF THE TURBO PADS!! JAAAACKKK!!,2025-01-28T19:54:13Z,26,0
Ugyqho9BUgLF2TvS_wB4AaABAg,@Odious_impala,tbh i never expected this,2025-01-28T19:53:45Z,0,0
Ugy6CYxY4ZMtKwDeoyx4AaABAg,@CameronFulbright,"Was not expecting a sequel to Turbo Dismount, almost forgot the first one was a thing. Nice to see a lot of improvements in the time between.
The nostalgia really hits home, when 10 years ago I was in high school. Now I have a full-time job.
Keep it going, Jack. Would love to see more of this in the future.",2025-01-28T19:53:07Z,0,0
UgyHQb1MiTrzYLd_51N4AaABAg,@clubpenguin8592,NICKEL MUST WIN BFDIA,2025-01-28T19:53:05Z,1,0
UgzCwjDAhZoGN7IEz9t4AaABAg,@Lisha_flutter,"I FEEL LIKE A CHILD AGAIN
OMG this is pure nostalgia, turbo dismount was one of the first videos I ever watched of you

will we get like 20+ videos of TURBO DISMOUNT again???",2025-01-28T19:52:39Z,0,0
Ugzqxwfb3BS7BAbO1yx4AaABAg,@somewhatofanemily,didn't think i'd see the day,2025-01-28T19:51:42Z,1,0
Ugyx7dhMkb6an6nZPXx4AaABAg,@gamebreaker143kj7,that intro is just the best thank you for your content,2025-01-28T19:51:07Z,0,0
UgzMLHwX4-610xMu0694AaABAg,@stevanharrah4196,Where is the chicken car and the enemy snowplow,2025-01-28T19:51:03Z,0,0
Ugy6c9fqLg5B0enma0h4AaABAg,@Unknown.621,OLD JACK IS BACK,2025-01-28T19:50:57Z,0,0
Ugw4ileK6HRpk6kSRTN4AaABAg,@katiejo1182,Ass out for harambe in 2025 is crazy,2025-01-28T19:49:33Z,1,0
UgxEBPoc81O47FMFYHF4AaABAg,@KayzIdeas,"As soon as I saw this, instant click.
As soon as it starts, instant groove.
As soon as it starts, instant nostalgia.",2025-01-28T19:49:29Z,125,0
Ugyq917CsCH1B0Segil4AaABAg,@destruckto554,Turbo Dismount was the very first time I got to watch Sean on YouTube its always a nice time when I see him return to play this whether its the original game or now the new one,2025-01-28T19:48:51Z,0,0
UgwnPNvDcaYaXZ1BNMt4AaABAg,@sandwichking05,hell yea,2025-01-28T19:48:45Z,0,0
Ugwi4JZdu3ULvRbQOch4AaABAg,@bethanybyrd3817,The little car at 25:55 reminds me of the blue car from Mr Bean that he hates,2025-01-28T19:48:18Z,0,0
UgyTZvN6fGcs_a1CSOZ4AaABAg,@nbdy3833,"Tbf for the average person, most days are ""bring yourself to work""-day",2025-01-28T19:48:09Z,0,0
Ugxz6PDjT3IBXC2hiD54AaABAg,@gamerlegion4016,we are SO back,2025-01-28T19:47:53Z,0,0
UgxSVhtWBE7v13JBhap4AaABAg,@Mrstealth93,"Good lord. Out of everything to be released in 2025, i sure as hell did not expect a Turbo Dismount sequel.",2025-01-28T19:47:02Z,0,0
UgxnRua-MtTOV89o9Tl4AaABAg,@combatfaunextras8208,Literally how I found your channel back in the day,2025-01-28T19:46:59Z,0,0
Ugw64-9kGkPAMlbCqrN4AaABAg,@rei3951,Still waiting for a World of Goo 2 video :'[,2025-01-28T19:46:17Z,0,0
UgyaiAFGUjIH_RraMBd4AaABAg,@ratstronautism,i feel so energized from the intro alone. it's been too long.,2025-01-28T19:46:09Z,0,0
UgyvwqEa7YWT93FfJGt4AaABAg,@kahuugaming5935,Mark needs to see this,2025-01-28T19:45:20Z,0,0
UgzvSAikj7s388-_yet4AaABAg,@jaxenbull8846,I cant wait for him to start editing the boosters,2025-01-28T19:45:06Z,0,0
Ugxy8yngpbSMtV4dq3R4AaABAg,@SalemSingingKat,Laughed so hard watching this. 💀,2025-01-28T19:42:56Z,0,0
Ugyzl5Xu2a3EB0d71Jp4AaABAg,@The_succ_of_87,"""Fucking snowplows"" -Jack 2014

Also this, Subnautica, Happy Wheels, and Kerbal space Program are what got me to stick around, glad to see it's returned",2025-01-28T19:42:47Z,0,0
Ugym4FxtAAK8k2zWFWt4AaABAg,@Volvo50c,I was just watching the old playthrough the other day this is crazy!!!,2025-01-28T19:41:57Z,1,0
UgxIUVzdTlSUinV7F_54AaABAg,@ADHDipshit,"This is a wonderful sign, my childhood glee is back",2025-01-28T19:41:37Z,0,0
UgzWzUTrFK18h7Kvc5t4AaABAg,@n_rdd,fucking memories bro,2025-01-28T19:41:11Z,0,0
Ugw4TjxKHZBCapMQmFd4AaABAg,@Dapper0Orange,"When I saw this I let out the loudest ""LETS FUCKING GO!!""",2025-01-28T19:40:58Z,0,0
UgzWPYqPdRl_w7PEtVZ4AaABAg,@judyyy01,I just transported to being 12 again 😭 this is such a blast from the past and I missed this,2025-01-28T19:40:55Z,1,0
UgwKHk_-GdEmWR7VP1h4AaABAg,@aaronleavy5115,25:58 Sean got into a rule 1😅😅,2025-01-28T19:40:45Z,8,0
UgxZCXleEVjCfEr8LgB4AaABAg,@TSVStriFe,"Ohh a silent sequel to the first one, haven't heard ONE bit about TD2.",2025-01-28T19:40:05Z,1,0
UgzdS9iwY5bvhbSaAvh4AaABAg,@Marchpisces2004,"STOP IM GOMNA CRY. Hearing the old intro, the references, turbo dismount. UGH im crying.",2025-01-28T19:39:35Z,0,0
Ugz2xIg3x5TN90A3QwF4AaABAg,@Spider_connor54,Hey Jack can you play granny again and actually beat it this time also can you play granny 2 and 3,2025-01-28T19:39:28Z,0,0
UgyIHR4LUbDio0tPfMJ4AaABAg,@Audy-Bee,home sick from work and this is making me feel a little better hehe,2025-01-28T19:39:09Z,0,0
UgyGkpCX3Ggr53e25TN4AaABAg,@YeastConsumer,"Thanks for this awesome birthday present jackaboy, one of my favorite series of yours! 😁😁",2025-01-28T19:38:55Z,1,0
UgwOknq2dJPYjVBJ2eF4AaABAg,@giovannigarcia1305,Nobody mess with the squatch!! Turbo dismount 2 looks really fun,2025-01-28T19:38:48Z,1,0
UgzWzeQwRQomyTc9usJ4AaABAg,@thebigyes5709,"This is insane, i remember binge watching turbo dismount series over and over again when i was 7, it really feels like a completely different timeline",2025-01-28T19:38:14Z,0,0
UgxQQBtCIV0sa9ay9At4AaABAg,@bonbon1577,Did someone realise that there are other people's faces in the other cars on the highway,2025-01-28T19:37:48Z,1,0
UgyxWWCtPd9vhSt0VRh4AaABAg,@Samuel-sg2iv,man i remember watching those turbo dismount videos way back then.....,2025-01-28T19:37:41Z,1,0
Ugza2g_6kC1QHw4uYpF4AaABAg,@asyds,It's like i'm back in 2014 except now i'm coming back home from work instead of school,2025-01-28T19:37:27Z,1,0
UgxwZgJbPAKMqNcd5314AaABAg,@wiktorbednarz229,OMG its been so long since i played turbo dismount and now a 2 came out :D,2025-01-28T19:37:00Z,1,0
Ugx66CfsIvOd93QZYqN4AaABAg,@chrislowles,"not my 26-year-old ass screaming ""NOTHING STOPS... THE SQUATCH""",2025-01-28T19:36:31Z,0,0
UgwDzPFBAirsHWFqU7R4AaABAg,@Kobedc90RCF,Oh man this game takes me back……,2025-01-28T19:36:13Z,0,0
UgzL4jTOfHLSbd17icZ4AaABAg,@SketchyGameDev,This is exactly the kind of video I needed this year 😭 I’m so happy they made a sequel to this game,2025-01-28T19:36:00Z,0,0
UgyI41yYXKsxk8GlMkF4AaABAg,@Luko2004,the visceral reaction i had when you said 'pink lightning' actually needs to be studied. i was just VIOLENTLY thrown back in time oh my god,2025-01-28T19:35:44Z,0,0
UgzRTkdJr7C28BFswyx4AaABAg,@fourzenrain,The original game was so nostalgic. It’s amazing that they’re still working on this series after all this time,2025-01-28T19:35:32Z,0,0
UgxOxECZ7-Qw8tIaOax4AaABAg,@stardustartist,"Im waiting for the ""All The Way (Again)"" from Smoyoho now that Turbo Dismount is back",2025-01-28T19:35:32Z,0,0
UgzaO6NOR-W0j5aayfx4AaABAg,@GrogThePokerFrogVODs,i absolutely missed these loved watching them when they were coming out now it feels like im young again!!! love this so much,2025-01-28T19:33:39Z,0,0
UgzaUmrWa8i2Tzdf-Bl4AaABAg,@amitysluzara2022,I havent thought about Turbo Dismount in year's then randomly remembered a few days ago so seeing a sequel come out now is really funny to me,2025-01-28T19:33:34Z,0,0
UgylKw4uydAwMApi5ep4AaABAg,@MalWave,10....10 years ago....🙃,2025-01-28T19:33:33Z,0,0
UgzaV3mjrnuY5Fwa-WV4AaABAg,@drakubro5577,"I remember watching your Turbo Dismount series 3 years ago, and I wanted to play it even more with your memorable quips. I kinda wanna try this new game out and see what comes from it. 👀

Also, for the hole-in-one level, I think what you've could've done is adjust the speed of the speed pad if that's possible.

Also we need more snowplows! 💯",2025-01-28T19:33:23Z,1,0
Ugznat0zViSSodhUxsV4AaABAg,@derek963,I know he’s getting older but I miss the energy he used to have 5-6 years ago,2025-01-28T19:33:07Z,0,0
Ugy0DVB0FkA3WOVAuxV4AaABAg,@jake_71105,I have never clicked on a video quicker,2025-01-28T19:33:04Z,0,0
UgwAYW9Yx2Fw7gaE9x14AaABAg,@RockDoBeCooking,"I started to watch you when you had like 50,000 subs. I think a bit afterwards you played turbo dismount.",2025-01-28T19:32:58Z,0,0
Ugy2USeM-krgvNBvw6l4AaABAg,@zantherplays3397,i was waiting for OOOOOOOHOHHHHHHHHHHH PNK LIGHTNIN,2025-01-28T19:32:37Z,0,0
UgxDUp6ghp3nKAy-S4Z4AaABAg,@caseybrassard3219,we are so back,2025-01-28T19:32:34Z,0,0
UgwbFDS3Si5kZdqlOuB4AaABAg,@Mythical.M59,I'm sorry I was mean Jack😢,2025-01-28T19:32:15Z,0,0
UgwFs1eZ3yCXH8ur5ll4AaABAg,@emma_nutella58,Holy moly just got brought back to my highschool days watching Jack after I got home from school,2025-01-28T19:32:14Z,9090,33
UgyKlZEQvAU2r0FTul14AaABAg,@SuperNASCARrocks,Hitting major nostalgia with this.,2025-01-28T19:31:37Z,0,0
UgybVijg9WHE7nT9FvN4AaABAg,@Mike1650-y6c,The first Jack video I ever watched was Turbo Disomount 😅,2025-01-28T19:31:30Z,0,0
Ugz8Av36TrxUa9Wp5nl4AaABAg,@tuulofdstrxn,gonna watch this in 720p60,2025-01-28T19:31:25Z,0,0
Ugy9DRKwYvyx3nIoPP94AaABAg,@griffinsummoner,"I appreciate that the devs included many of the features that later came to TD1 (steering, many vehicles, various figure shapes) on launch, rather than a bare-bones version on a new graphics engine, as some (KSP2) have done.",2025-01-28T19:31:06Z,0,0
UgzIpvuarnABds2QoNx4AaABAg,@vampyrres,"Wow. I watched the first game on this channel when I was 11. I'm 21 now, I'm engaged and life is so different in ways I couldn't even comprehend at age 11. Jack being a constant in my life had a bigger impact on me than I realized before I saw this upload. Thank you for all you have done for such a large and diverse community through everything you've been through.",2025-01-28T19:30:23Z,0,0
Ugyi_ChthN60ScV9zNx4AaABAg,@TheDankNoot,2025 Jack quoting 2014 Jack made my day so much better,2025-01-28T19:29:27Z,1,0
Ugz-b4fzw9RzT5YUH-F4AaABAg,@turbinalsum4690,Jack when you were super slow driving by the cops 19:44 you subjected him to the worst fate....balls on a driving tire,2025-01-28T19:29:20Z,0,0
UgxHQaAIp-Lqn_SddzB4AaABAg,@sweet-sally,sometimes i wonder if sean is sneaking little hints that he may still/did smoke weed but maybe that's stoner me talking lol,2025-01-28T19:28:45Z,0,0
UgyCNDGOBPVKTCIruod4AaABAg,@MavisXe,My eyes lit up and my head reared up like a fucking deer in headlights seeing this on my home page.,2025-01-28T19:28:19Z,0,0
UgxJn-_91kafzGUtQzx4AaABAg,@dominiquecarlton9199,I might actually cry😢,2025-01-28T19:27:52Z,0,0
UgwfWfaB-Xa_vFDFGaB4AaABAg,@anthonyshirley25,Is anyone else crying? 😭😭,2025-01-28T19:27:49Z,0,0
UgyCvjd2_GFq8qANfRh4AaABAg,@P_drxppy,Hell yeah one of my personal favorites was the turbo dismount series I still watch it over time and time again super excited for this one ☝️,2025-01-28T19:27:36Z,0,0
UgwDRlL5n6twjd36I1V4AaABAg,@freak1949,Jack you  really look like a majestic silverfox,2025-01-28T19:27:35Z,0,0
UgxPjd25hTr5pA443T14AaABAg,@Hackcam,Has it really been 10 years? I'm 23 now...,2025-01-28T19:27:18Z,0,0
UgzmZ28JZZaHwtfWp8J4AaABAg,@meepers9773,I miss 2014 ❤ what a year to be alive….,2025-01-28T19:27:14Z,0,0
Ugyg1N15SF57jE3zRjZ4AaABAg,@frutigeraegyo,the way my eyes nearly fell out of my head when i saw the title and thumbnail!!! JACKSEPTICEYE TURBO DISMOUNT?? IN MY 2025?!!! THIS IS THE BEST DAY EVER,2025-01-28T19:27:06Z,0,0
Ugy4yucCTfp6O4hPOMB4AaABAg,@Abstract007,YESSSSS!!! PLEASE PLAY MORE OF THIS IT'S SO GOOD AAAAAAAAAAA,2025-01-28T19:27:05Z,1,0
UgxJueEHwtzc8qMyMb94AaABAg,@Folduprugs,I use to watch his turbo dismount when I was a wee lad and seeing this blasted me hard with nostalgia like a brick wall,2025-01-28T19:26:47Z,0,0
Ugyc7fd0_7g3uoa1XK94AaABAg,@catisyellen9877,Beautiful. Almost made me forget how awful the future of my country will be. 😭💕,2025-01-28T19:26:44Z,0,0
UgxvIdaYBad2lqLy6KB4AaABAg,@Justin-z6b,19:37 don't know if it's a overstatement or understatement,2025-01-28T19:26:03Z,1,0
UgzWTzv52WQ3eI9lU2N4AaABAg,@leomantic,LETS GOOOOOOOO this gonna be a good episode,2025-01-28T19:25:55Z,0,0
Ugyc3CusXLLtXKIbqqR4AaABAg,@tindustries,F yeah. Jack. Please. My laptop broke. Can you please help me. I was like. Why not ask😅😂🙈 Love you❤,2025-01-28T19:25:47Z,0,0
UgzJYVp_4cqW_7-1vrl4AaABAg,@devondobbins7772,Jack do you have grey hairs,2025-01-28T19:25:25Z,0,0
UgxjnIbvhT7oOaZhMTJ4AaABAg,@thegamingpanda5134,I miss the simpleness of the old game tho… the new game is a bit too smooth edged.,2025-01-28T19:25:20Z,0,0
UgxsAoLwNibR7-lO_C54AaABAg,@kittychu8gaming5,We're SO back!!!,2025-01-28T19:24:30Z,0,0
UgyNsfmp6rQGDJDOya14AaABAg,@buckethatboy8719,"I'm barely halfway through, and this is the first video in a long time that has actually made me laugh and want to watch more. Thanks, Sean. <3",2025-01-28T19:24:27Z,0,0
Ugw__kUJqjD-1jCGTrp4AaABAg,@thedragonclan7369,MY CHILDHOOD WE ARE BACK ALL THE WAY,2025-01-28T19:24:03Z,0,0
UgxY9WZ_HHU2YXs47HN4AaABAg,@PhoenixSS,I REMEMBER THISS,2025-01-28T19:23:58Z,0,0
UgwxwAREUKGEJwSb3xp4AaABAg,@shawnster2132,omg his hair lolol dang jack gettin old on us,2025-01-28T19:23:17Z,0,0
UgxZTAgy07xrAJ-Zkb94AaABAg,@Sammus_Miner,Holy shit.,2025-01-28T19:22:53Z,0,0
UgzuZitgTvLsC7WeIsB4AaABAg,@Dinowithacowboyhat,ITS BACK!?!?!,2025-01-28T19:22:37Z,0,0
UgwznReXlYk1eXeZdqV4AaABAg,@jonathanharris5371,HELL YEAH THIS IS TAKING ME BACK TO 2002¡¡¡,2025-01-28T19:22:22Z,0,0
Ugxv9IK2vDnw_v1ykhR4AaABAg,@sunward274,"this is so weird, I remember watching the old turbo dismount videos when I was like 13. and now I'm going to be 20 next week shit is crazy. but never mind that thanks for making your vids jack you will always be awesome 💚",2025-01-28T19:22:20Z,0,0
UgxPcaerZTR_fo1KUkN4AaABAg,@roguegamer7112,oh the memories im not crying u are,2025-01-28T19:21:38Z,0,0
Ugyg7nbBYCDpbcDVSWt4AaABAg,@deadlyagent9746,"This is not a 2025 Jacksepticeye video of him playing Turbo Dismount 2, it's secretly a 2014 Jacksepticeye video where Sean is wearing a wig and fake facial hair and it's just being released today",2025-01-28T19:21:36Z,7,0
UgwL8xDusMEMEtW1Xtd4AaABAg,@carter_tlopez,My jaw dropped seeing This,2025-01-28T19:21:24Z,0,0
UgzOWzRRJvPZHkT_NTF4AaABAg,@deadmemes4188,had to make myself a grill-cheese like I used to get and crack a can of coke for the good ol' times.,2025-01-28T19:21:19Z,0,0
UgzcbfO352QBXz2jUwR4AaABAg,@MORKISPANKY,BIGGEST FUCKING COMEBACK OF THE CENTURY BAYBEEE,2025-01-28T19:21:13Z,0,0
UgzQeHNNR3vYA_oDXxt4AaABAg,@Youtubeenjoyer19,The fact I just went back to watch the og series. I'm so happy.,2025-01-28T19:20:54Z,0,0
Ugw87pQh16UjL8v_w9B4AaABAg,@savannawhite906,JACKKKKKK!!! CHAPTER 4 OF POPPY PLAYTIME IS COMING OUT ON 01/30/2025!! AND THERE ARE SCREENSHOTS AND A GAMEPLAY TRAILER TOO!!! YOU MUST MAKE A VID OF YOU LOOKING AT IT!!! anyways love you jacksepticeye <3,2025-01-28T19:20:21Z,0,1
UgwM2Wum5zmJ-993Izl4AaABAg,@CV-02,"“Guess who’s back…
Back again”",2025-01-28T19:20:15Z,0,0
UgxZkwnQMTyO4MlUPnF4AaABAg,@joelbobsquarepants2986,Oh boy time to bring back the one thing everyone knows. SPEED IS KEY,2025-01-28T19:20:12Z,0,0
UgwOI-e6tkErkE60hC94AaABAg,@TheOniRaven,Goated video for my birthday,2025-01-28T19:20:02Z,0,0
Ugztla4TiagjewGjRJh4AaABAg,@Kristina__B,"I WANNA CRY, THE INTRO AND TURBO DISMOUNT. I AM UNWELL GUYS. I NEEDED THIS TODAY",2025-01-28T19:20:00Z,619,4
UgxTaY7eVKP3JQ44Rwp4AaABAg,@kjprodouctions9050,"Jack, if u see this, I hope you're having a great start to the new year so far. Also, thanks for all the laughs you've given us over the years. Keep being your awesome self. Love, KJ Productions",2025-01-28T19:19:24Z,0,0
UgyEub6yU9XDUXP3DwR4AaABAg,@RazorCC,Im actively jumping in joy. I feel like a little kid again!,2025-01-28T19:18:48Z,0,0
UgwDgjgzOH1zutsb6PF4AaABAg,@Ballissle,omg this is a nostalgia trip. It was jack that got me into the original game and inspired me to try editing my own video on it once. I was 12 back then,2025-01-28T19:18:39Z,0,0
UgxcRNzZSSvHUQHxp2J4AaABAg,@KeenEyeStudios,Anyone else just get hit with a nostalgia wave?,2025-01-28T19:18:28Z,1,0
UgxiDBMxQpzACXsf_zl4AaABAg,@canarysilvertail7706,FATHER IS BACK!!!!,2025-01-28T19:18:15Z,0,0
Ugxf0dRiimbIXkf0_cp4AaABAg,@coyotefang,(19:41) your going at the speed of smell🤢,2025-01-28T19:18:09Z,0,0
UgwC9o3S6TbE0_zoZ5l4AaABAg,@phph251,Oh we bout to go back in time with this one 🎉🎉🎉🎉🎉🎉🎉🎉🎉,2025-01-28T19:17:41Z,0,0
UgzdVzKlYvCf89rb3aN4AaABAg,@RoseGarza-c8r,Legit can't wait for more turbo dismount,2025-01-28T19:16:52Z,0,0
UgzgfNac1T86ckk_FlJ4AaABAg,@thegrayareainlife6474,"turbo dismount 
*takes drag of cigarette*
that’s a name i haven’t heard in a while",2025-01-28T19:16:48Z,0,0
UgxSwq05jAiSuiU7hih4AaABAg,@paulflint4620,I was literally bingeing the old turbo dismount,2025-01-28T19:16:23Z,0,0
UgyiNeI4P56baI8XLu54AaABAg,@RosseRue,It's always a good video when Jack starts it by dancing 🕺🏻boogie woogie Irish man,2025-01-28T19:15:48Z,0,0
UgyRxipfwpcrWeS5BTh4AaABAg,@medusathedecepticon,This was amazing. My parents and I were almost home from a long car trip when I got the notification. Laughed so many times during this,2025-01-28T19:15:47Z,0,0
Ugwf5znpPdLINjx5NnZ4AaABAg,@Justin-z6b,Couldn't find the original on the app store,2025-01-28T19:15:43Z,0,0
UgztqFL-oa3qTromV8B4AaABAg,@nicodianime,"Arin (Delicious) Hansen: (while screaming, drooling, and gaping) MOREEEEE. MORE EPISHODESSSSSSSS.",2025-01-28T19:15:33Z,0,0
Ugwj-F8RkXch5ckht1V4AaABAg,@Ronez_79,"I didn’t know they released Turbo Dismount😂
Edit: BUT WE BACK LETS GOOO❤️😂😭",2025-01-28T19:15:06Z,0,0
Ugw4qKqskHo1enOAwwN4AaABAg,@MORTALREPER,Who is gonna tell Jack that is he does backflips with a rocket attached he will lose speed while upside down 😭😭,2025-01-28T19:15:01Z,0,0
UgzfFW3dNX3_GWBC4IZ4AaABAg,@_dc_iii_,"Nice and slow, SLOW IS KEY",2025-01-28T19:14:52Z,0,0
UgytpNkr9vvD2Q3dAqN4AaABAg,@ggspooks7915,how do people even watch this crap?,2025-01-28T19:14:51Z,0,0
UgwKLAoZFjjp_OJETmB4AaABAg,@dipperpines1681,Idc what people say i love seeing this alot,2025-01-28T19:14:38Z,0,0
UgwXaxolTdTLv87vWjV4AaABAg,@SharkRacer5,"I love this type of video it's like going back to 2016.
Also can I make a suggestion jack why don't you mess with the booster pad",2025-01-28T19:14:37Z,0,0
UgzLqjt2QJQAurdSB0B4AaABAg,@stealium7234,"HOLYCRAP JACK! WERE BAAAAACK.

I ALWAYS WATCHED YOU PLAY THIS WHEN I WAS IN LIKE IN 3RD N 4TH GRADE!!",2025-01-28T19:14:33Z,0,0
UgypEw4-dwFXnl6B7mp4AaABAg,@mohammedalomda4675,"Omg how more nostalgic could it be ,holyyyyyy",2025-01-28T19:14:01Z,0,0
UgzLiNunAZ2GIbmINNN4AaABAg,@ceoofceos5219,The way my eyes lit up when I saw the thumbnail,2025-01-28T19:13:49Z,0,0
Ugzj0dEQLsDSGdMmdtR4AaABAg,@matthewfisher6099,I found you through TD!,2025-01-28T19:13:36Z,0,0
UgyBfGNm3HrVzDooVVt4AaABAg,@Aidansfat,15:57 you were just thinking about crashing into traffic,2025-01-28T19:13:25Z,3,0
UgyrC8ONH9wI3y33Php4AaABAg,@TheInsanebrain247,"Y'know what? watching this video made me realize that the first Turbo Dismount was how I discovered you, Jack! I still remember my first impression of you where I called you ""Irish Invader Zim""? Because your voice reminded me of Zim for some reason.",2025-01-28T19:13:13Z,0,0
Ugw6wKb0x7LT8QsfSF14AaABAg,@Valerion203,What? I thought the second one was out for years now. I'm having a severe mandela effect right now.,2025-01-28T19:13:03Z,0,0
UgwG1LC30XdMKQQ9ar54AaABAg,@andreanarileyveronica7923,"Soon we'll have ""WELCOME BACK TO SUBNAUSEOUS! TWO!""",2025-01-28T19:12:54Z,0,0
UgwOwamrZSXNDFb0_yx4AaABAg,@kingzombie096,jack with gray hair is just slim geralt,2025-01-28T19:12:15Z,0,0
UgygIrscTe5eax1Z-KN4AaABAg,@10meritt,the editor messed up pink lightning,2025-01-28T19:12:05Z,0,0
UgwGoCuVUmpK3ju8Xrt4AaABAg,@BreezyD-tr8bd,Should go back to the mdickie games.,2025-01-28T19:11:55Z,0,0
Ugxw2z1puRlnKTw63Wl4AaABAg,@kyuubeefops,"""Top of the mornin' to ya, laddies!""

Holy shit, a wave of nostalgia just washed over me.",2025-01-28T19:11:51Z,0,0
Ugz6OhTR7sLqm8JuRTl4AaABAg,@Xceedys,Jack is the reason I played turbo dismount 😭,2025-01-28T19:11:35Z,0,0
UgwYDOiY1oWcjkBuKQ14AaABAg,@atomic...,"Been waiting to see you play this, It's almost as if my childhood decided to pay me a visit.",2025-01-28T19:10:17Z,0,0
UgwRa82tJwMqB5Mcojt4AaABAg,@N1gh7L0rd,"I have one issue with this video, he never dared to scream: ""SPEEEED IS KEEEEEEEEEY!!!!!!!!!!!!!!!!!!!!!!!!!!!!!!!!!!!!!!!!!!!!!!!!!!""",2025-01-28T19:10:14Z,0,0
UgxSDvjcDtTJJHdVqfJ4AaABAg,@mantis638,Im just disappointed Jack didn’t get harassed by his greatest enemy too muck: the snowplow!,2025-01-28T19:10:13Z,0,0
Ugy78fgF6D5X432GjMF4AaABAg,@jensen644,Gotta fix the pink lightning edit fr,2025-01-28T19:10:11Z,0,0
UgyKcawYBBB72oymxv14AaABAg,@mrmithical8649,I'm just waiting for the community levels because those are what made the original game,2025-01-28T19:10:05Z,0,0
UgzLZppg0jNPlmVefGV4AaABAg,@Cpt_Corsair,Me and my friend already agree that Turbo Dismount 2 should be game of the year. It’s everything a sequel of the first should’ve been,2025-01-28T19:09:41Z,1,0
Ugw871PMxcqpF0oxUyp4AaABAg,@pellevestergaard5779,@jacksepticeye you can edit the turbo pads,2025-01-28T19:09:28Z,0,0
UgxaSlg01QPlXYyQnaF4AaABAg,@Cosmos6745,Good times.,2025-01-28T19:08:14Z,0,0
UgxYtDtncdLJBpUpnyR4AaABAg,@Memyselfandeye9277,Let's go! Original Jack is back baby!,2025-01-28T19:07:52Z,0,0
Ugx3Bw0hF06MEr-TLCB4AaABAg,@gamegod6859,20:02 he said the thing!,2025-01-28T19:07:46Z,0,0
Ugz1_4M0IDSGjpAPNK94AaABAg,@robertmitchell9559,it's back,2025-01-28T19:07:41Z,0,0
Ugwm1NHgwYTzPekIzMZ4AaABAg,@RobindenBoer254,AINT NO WAY,2025-01-28T19:07:35Z,0,0
Ugz0yFOdxsWrYmcFobd4AaABAg,@CubicCosmos,When I saw the Turbo Dismount 2 Trailer I knew Jack would cure my depression in the near future and I was right 💙💜,2025-01-28T19:07:28Z,0,0
Ugw9Fr3se_EmP_rt1FR4AaABAg,@FemboyPeachiepie,so excited to watch this,2025-01-28T19:07:16Z,0,0
Ugxt00VOOSsGhGSIFJl4AaABAg,@turtlesandwich77,This and BeamNG were my favourites back in the day. Seeing new Turbo Dismount is an absolute win,2025-01-28T19:07:05Z,0,0
UgySFZUlmCH1F5Ol9-l4AaABAg,@haydenonmars,2015 is so back,2025-01-28T19:06:29Z,0,0
UgzoCpE-WLuzLN46HzR4AaABAg,@WillzzOnYoutube,FUCK YES HE DID IT!!!!!!!,2025-01-28T19:05:49Z,0,0
Ugxu72fDtfK1pWoslsJ4AaABAg,@grimlim9910,"For full nostalgia, im dropping my frames down to 720p60. LETS FUCKING GOOOOOOOOOO",2025-01-28T19:05:49Z,0,0
UgzrC70BPkix3MfyFXh4AaABAg,@AlexDoubleAU,I can feel mysepf aging rapidly,2025-01-28T19:05:44Z,0,0
UgyJdodCW8Jy00epvft4AaABAg,@ok2255-,jack you can increase the strength of the turbo boosts,2025-01-28T19:05:33Z,0,0
UgwSD-Dd7e47M96Gn5V4AaABAg,@vaderboy121,Welcome back turbo dismount yay baby,2025-01-28T19:05:32Z,0,0
UgzE9b3IvhUJ8RXhs6l4AaABAg,@aston-o7,LETS GO!!! 10 YEARS BACK IN TIME NOW!!,2025-01-28T19:05:27Z,0,0
Ugyx9j-bkxUIta3qPgB4AaABAg,@Devdabeazzt_,Brings me back to simpler times. I don't think I've been so excited by a YouTube notification in a long time,2025-01-28T19:04:40Z,0,0
UgwzV9ZH-GWQaMZYJsZ4AaABAg,@Bulby3sand7s,“Impossible…” thanos meme when I saw this notification,2025-01-28T19:04:23Z,0,0
Ugzone7rUEQgtpqTarV4AaABAg,@Official_MikeyT,Tokyo Xtreme Racer 2025 and Turbo Dismount 2? This truly is our year!,2025-01-28T19:04:05Z,0,0
UgynPcWcZYgxW0GLmox4AaABAg,@jakebraun3211,The nostalgia is being felt. I felt that intro,2025-01-28T19:04:04Z,0,0
UgwSyHulymfCQhbvlf14AaABAg,@springtrapisreal,"JACK,please pLay the sims again,its been updated alot,and it was awesome last time",2025-01-28T19:04:00Z,0,0
Ugw_Mej8kEnO7trsoot4AaABAg,@MoleBradRy,The cops did not care for your well-being.,2025-01-28T19:03:45Z,0,0
UgypqaIn9dGpd4SzYZl4AaABAg,@gorburrus,Imagine if Jack return to sumo simulator,2025-01-28T19:03:38Z,0,0
Ugzut4wuk1HjkTx1eep4AaABAg,@MellowMadMax,"I nearly choked on my drink when I saw this on my recommended, so happy turbo dismount is back",2025-01-28T19:03:06Z,0,0
UgzeNYPUDzveqK4TFp14AaABAg,@WEEWEEEEEX,The best series is back!!!,2025-01-28T19:02:40Z,0,0
UgzxjNH_NhFJ5TsJz1l4AaABAg,@elizabethhardister8831,I discovered Jack around 2014. So I kinda remember this series. Can't believe it's been 10 years ago. 😊,2025-01-28T19:02:39Z,0,0
UgwJxTciUi8fAYig9wF4AaABAg,@Helen_Chapman,Loving this game but nothing beats the original,2025-01-28T19:02:26Z,0,0
UgzCX8tlZeaGSq-fAK54AaABAg,@Duvstep910,someone needs to tach jack how ramps work lol,2025-01-28T19:02:18Z,0,0
UgwwIsvqgU2_HRUPQe94AaABAg,@bradcuzidk8306,"Hearing ""OWWWWW, PINK LIGHTNING."" Awoke something within me.",2025-01-28T19:02:05Z,0,0
UgxqGTHueyx6-1D6SEB4AaABAg,@_Akile_,First Cory's back and now Jack's playing turbo dismount again🥲 humanity is saved,2025-01-28T19:01:50Z,0,0
UgwZJOl_JdSZfFj9D7h4AaABAg,@VictorKiithsa,Its so nice to have Jack to watch again.,2025-01-28T19:01:40Z,0,0
UgzJsXin8T8Xei5Js154AaABAg,@itzolly_1962,this is nostalgia at its finest!! i dont care if im 22 now watching this makes me feel back in high school!!,2025-01-28T19:01:29Z,0,0
Ugzps319BzvfKjK0zZ14AaABAg,@Vujistical,Dude I just to watch him playing the first game when I was like in 3rd grade or 2nd lmao,2025-01-28T19:01:22Z,0,0
UgwzHISNKpfRDSiVXHB4AaABAg,@arrancarsoulcaptain,i feel like my soul has been resurrected watching this,2025-01-28T19:00:33Z,0,0
UgxIE31BqK0k3ecoqBF4AaABAg,@jonas9835,Rest in peace pink lightnin i guess?🫡😢,2025-01-28T19:00:28Z,0,0
Ugx7ZNYrAqPtphq8R954AaABAg,@stargirl7646,I needed this laugh today 😂,2025-01-28T19:00:23Z,0,0
UgxbIvD1qJZ0Z1GngBJ4AaABAg,@ganglychimp807,AAAHHHHH THE memories,2025-01-28T18:59:29Z,0,0
UgyD4jQhYJWhGEBWad54AaABAg,@GoinGhoxst,Oh the childhood memories,2025-01-28T18:59:18Z,0,0
UgyXgv-8TclR_C21dHV4AaABAg,@AlexCheshireTech,"Not triple A project, but... still absolutely perfect video. Thank you.",2025-01-28T18:58:59Z,0,0
Ugw_dFoqtemb-kKu3NZ4AaABAg,@DTVfenrirofficial,0:11 Bro even done his classic intro,2025-01-28T18:58:57Z,2805,24
UgzLPcqnv_LBCZT9L8N4AaABAg,@TyBo-rp8ux,its only been 11 years. man. so many years.,2025-01-28T18:58:55Z,0,0
Ugz41G6tDRoAB6LacmN4AaABAg,@cheezywizard5292,"0:46 Dear editor, it's AWWWWWWW *PINK* LIGHTNIN' not BIG. Otherwise, what a nostalgia bomb!",2025-01-28T18:58:46Z,0,0
Ugx7h5JsrbNpUvb68E54AaABAg,@AngelxMp3,THE SEQUEL NO ONE EXPECTED BUT BOY DID WE NEED <3,2025-01-28T18:58:44Z,0,0
UgxzfEzzanlhNnXeONJ4AaABAg,@sanzertar4894,how do you get your ADHD medication? i cant get mine anymore anywhere and now i have none left and my exam is only months away,2025-01-28T18:58:16Z,0,0
UgwAgM3ueR-I4Z_v8y94AaABAg,@coyotefang,"It's been so long since I've seen Jacksepticeye, at least something that looked entertaining",2025-01-28T18:58:10Z,0,0
Ugw0WU1we51VTR0Q6rh4AaABAg,@Mohamm3dAlObaidi,I have never clicked on a video so fast,2025-01-28T18:57:47Z,0,0
UgwlitY16PeiiFePEbV4AaABAg,@ejboy1316,This wasn’t on my 2025 bingo card,2025-01-28T18:57:15Z,0,0
UgwoioGD2BLLNKmzBaF4AaABAg,@Im2tiredforthis,if you made the ramp less taller you may have completed it,2025-01-28T18:57:03Z,0,0
Ugza-9HesNkzQcDze8d4AaABAg,@theinfinityscout3289,WE NEED MORE OF THIS GAME,2025-01-28T18:57:01Z,0,0
UgxHnTreTJRuhk3enNZ4AaABAg,@dannypowerss,"Turbo dismount was the first video I ever watched of Jack, good times back in 6th grade",2025-01-28T18:56:58Z,0,0
UgwN2SpU8Kudct7Ih2t4AaABAg,@NoahCollins-w9n,26:45 all the optimus prime rejects are attacking jack,2025-01-28T18:56:52Z,0,0
UgwIVnTtYXok9dRjoM14AaABAg,@marvinmageVA,"It felt so GOOD to hear ""OOOOOWWWWWW PINK LIGHTNIN'"" again!!!! 😂😂❤❤❤",2025-01-28T18:56:47Z,0,0
UgxJTCpkbQw_dYTAtZF4AaABAg,@HennyBlk,"Damn I remember watching the old videos back when my back didn’t hurt😢
Good times.",2025-01-28T18:56:26Z,0,0
UgwAC4eSu85Ho70R5rt4AaABAg,@thamojster,"probably not helpfull now, but it looks like you control the back and forth lean in the air using the throttle, more throttle makes the rear drop, less makes the front drop",2025-01-28T18:56:25Z,0,0
UgxVEGGMK4t6D8L8RtZ4AaABAg,@misheebs,the unavoidable nostalgia is overwhelming,2025-01-28T18:56:13Z,0,0
Ugx6HE-jj6IWaMLLnMV4AaABAg,@aidanlangdon3430,Life is good.,2025-01-28T18:56:10Z,0,0
Ugw48IX1Xo6Zl0k5yFh4AaABAg,@spooodr8900,I read it as Turbo Discount,2025-01-28T18:56:09Z,0,0
UgxDfA3dC6ez8r5B8Wp4AaABAg,@Braveplayer_231,Its so good to have you back Jack and still as energetic as well,2025-01-28T18:56:05Z,0,0
UgwfFqQCrSYjAHd0LgR4AaABAg,@greengohm,Intro vibe check passed with flying colors!!!,2025-01-28T18:55:38Z,0,0
Ugx8D65t0-AIKyjSANR4AaABAg,@ShrowdOfAgony,YESSS JACK IS PLAYING TURBO DISMOUNT AGAIN❤,2025-01-28T18:55:19Z,0,0
UgymXaIvUw_9__XjsGV4AaABAg,@SantiagoDelAngelMora,"Turbo Dismount is BAAAACK!!!!
🎉",2025-01-28T18:55:06Z,1,0
Ugz5st1oGMKiHGca0Fx4AaABAg,@thekirbygamer,The good old times!,2025-01-28T18:55:06Z,0,0
Ugwccdmee5GQZy9NeSZ4AaABAg,@Sack-O-Taters,Seeing this after only an HOUR after upload is insane. This is my first time watching a Jack video again after a few years and ngl the *Whip crack* hit me with so much nostalgia,2025-01-28T18:55:02Z,1,0
Ugx3OnKufPjN3anKOHF4AaABAg,@yuzhen2731,Jack please play copycat,2025-01-28T18:54:09Z,0,0
Ugysp9gGv13iSSi03gV4AaABAg,@CallMeSonja,0:45 cmon editor… it’s *pink* lightning…,2025-01-28T18:54:04Z,0,0
UgyuvJV8cwCDezSCfyF4AaABAg,@Scarred_S_Games,That game looks FANTASTIC! I got to give it a try whenever I get the chance to.,2025-01-28T18:54:01Z,0,0
UgyiYqLY2zlTwLsxRyp4AaABAg,@Chrisus1998,"YESSSSSSS!
This is the type of videos I like 
Also gameplay series like Until Dawn or GOW.
It fells so gooooooooodddddddd!",2025-01-28T18:53:59Z,0,0
Ugx8rbaUaJxDRoGwCA94AaABAg,@willmeister_624,I feel so old and happy at the same time lmao,2025-01-28T18:53:55Z,0,0
UgwA0U2tJ4zMcXeDG-B4AaABAg,@WumbChoppa,Coulda swore i seen this before,2025-01-28T18:53:53Z,0,0
Ugyeitk1Uq-9j6Mg4ZF4AaABAg,@supr3m3panda,"Damn, 2014 Jacksepticeye really is back. He's playing this, he's back on Tumblr.",2025-01-28T18:53:45Z,0,0
UgyHvYDp_3JMcORXCe54AaABAg,@M1CH43L_M,Day 101 of asking Jack to play ori and the will of the wisps,2025-01-28T18:53:40Z,1,0
UgweKGX25j3ZzKvbJC14AaABAg,@Totally_Not_A_Pigeon,18:25 One of the Devs staring at the camera! 😂,2025-01-28T18:53:30Z,0,0
UgxulR6xa82SAUQB9El4AaABAg,@geekchic3685,Yes!!! Some of these levels remind me of Burnout 3 Takedown! Loved playing that on the ps2!,2025-01-28T18:53:07Z,0,0
UgyuQSbWaMBDrA0HayJ4AaABAg,@jasminewest-e2d,it's funny because I was just rewatching some of jack's old turbo dismount today just to see a new one pop next to my video category.,2025-01-28T18:52:46Z,0,0
UgyWZDOd1G-OcD7_KSx4AaABAg,@SimonLove-zn6pk,"YESSS MY FAVORITE AS A KID!!! i remember having a spit take all over my tablet when i was 11 watching these videos!! Now, at 19, im giggling like a little girl (as best as i can lmao my voice is much deeper now that i've been on testosterone for 4 months)",2025-01-28T18:52:45Z,0,1
UgwCn5e9dTflq8eA-fp4AaABAg,@captainthrax7724,God this brings me back,2025-01-28T18:52:42Z,0,0
UgxRifN6VhPFJTmkPrN4AaABAg,@CharlieNicholas5515,Turbo discount maybe poly bridge or kerbal space program?,2025-01-28T18:52:42Z,1,0
UgyNbhlU5wVNGgZQe214AaABAg,@jafsrob,wait a minute this isnt trackmania,2025-01-28T18:52:28Z,0,0
UgxwUF8AmUxSOo2RXw14AaABAg,@riptile6227,This is better than GTA6,2025-01-28T18:52:09Z,0,0
UgzqnW4LD5wppTDhnAB4AaABAg,@MaxCannon-x8j,Is that a vagabond shirt!!!,2025-01-28T18:52:08Z,0,0
UgyLiAq0fvXu6FYICNJ4AaABAg,@PrimalFlow-Training,All THE WAY,2025-01-28T18:51:13Z,1,0
UgxeHOoU0b9DD6Dxqgt4AaABAg,@splexrobust,such good ol' days the music at the beginning had me booging just like Sean,2025-01-28T18:51:10Z,0,0
UgwwKk8IsKHvR-2Zqv54AaABAg,@MarisHarken,That classical music playing while slow-mo getting destroyed by the police car is probably going to be one of my top fav moments now. 17:19,2025-01-28T18:50:55Z,0,0
Ugxj036TyMtNxjfgdjN4AaABAg,@Avauladre,4:27 me every morning,2025-01-28T18:50:49Z,20,1
Ugy8LgYd3SG-b6hXzqx4AaABAg,@generalpotato9140,literally my childhood,2025-01-28T18:50:47Z,0,0
UgyEwsVGwkWn9htDzQx4AaABAg,@bthsr7113,"Yeah, this is the nostalgia I need to get through today.",2025-01-28T18:50:34Z,0,0
UgwFc504UUpF61g8NXp4AaABAg,@PeterPeter-rl9vn,13:08  if you close your eyes there are some fun moments,2025-01-28T18:50:24Z,6,0
Ugw36ax8d_LZJuqb-1Z4AaABAg,@CobaltPerseverance154,"7:53
I FELT that!",2025-01-28T18:50:20Z,0,0
Ugx-kVX3juLDfXb2mAR4AaABAg,@nicodianime,BACK FOR A NEW GENERATION OF TERROR AND CHAOS YAAAAY 🎉,2025-01-28T18:49:19Z,1,0
UgzUH9xQSIk7_19ePHN4AaABAg,@nikolavukov3,"Thanks for nostalgia Jack, it sure brought back nice memories 😄",2025-01-28T18:49:17Z,0,0
UgyxL6V5U8ROONRgUbx4AaABAg,@J-O-H-N-_A._-B-A-R-R-E-L,I'm getting this.,2025-01-28T18:49:17Z,1,0
UgwvJDfplp2HRLIfE3F4AaABAg,@draven_iler,Omg! This made my day! Remembered when getting home from school and seeing these vids getting uploaded and was so excited!,2025-01-28T18:48:39Z,0,0
UgwOFPBUDw5FN7ltSyF4AaABAg,@0bsidianPrime,"0:46 ""Big"" Lightning? XD Editor, ya done the silly.",2025-01-28T18:47:38Z,0,0
Ugx0didruxXEAUH3UON4AaABAg,@Sharingan1989,Oh this takes me back to simpler times!,2025-01-28T18:47:19Z,0,0
UgzmweX6bejXfotiCNZ4AaABAg,@rinkeydinkey4655,"dude I used to watch you're turbo dismount vids before school lol super happy its back, NOTHING STOPS, THE SQUAAAAAATCH",2025-01-28T18:47:09Z,0,0
UgzwC_ktUm50nJnENQJ4AaABAg,@3DSCarnaje,"A nice blast from the past but it feels kind of off. Maybe it's just nostalgia, but I prefer the way turbo 1 focuses a but more on the character whereas 2 seems to be a bit more focused on the vehicle, evidenced by the character cam seeming a bit buggy and there also didnt see to be any damage to the character. I also don't love how hyper fragile the vehicles are. It feels like they're super shoddily put together origami with how easily the slightest touch will cause parts to fall off.",2025-01-28T18:46:53Z,0,0
UgwXfl6hzndEElvCVsB4AaABAg,@roy1605,"WTF, i never knew that there was a sequel after so many years.",2025-01-28T18:46:53Z,0,0
Ugwr3U6uAcqSn6l7YiV4AaABAg,@P0LARTV,Man this takes me back to that little house in Ireland. wehen times were simple. man happy wheel Mondays i mean i could go on.,2025-01-28T18:46:35Z,0,0
UgwU-SHFhD2t8NeFrNp4AaABAg,@demypeace,urgh a blast from the past! turbo dismount! my 12 year old ass used to laugh to tears at the mannequin flying around in deadly dismounts omggg im 28 now....,2025-01-28T18:46:33Z,0,0
UgzwlNdoCDjv_sHO9XB4AaABAg,@Melodysys.,IM SO FUCKING EXCITED I STILL WATCH THE OG SERIES,2025-01-28T18:46:11Z,0,0
UgzJpeqvy3feMHfgtcZ4AaABAg,@BennyBaxter,"man that ""NOTHING STOPS THE SQUACH"" brings me back thanks for the memories sean <3",2025-01-28T18:45:48Z,1,0
UgxRERkyu7QaOuXTaAR4AaABAg,@Ash-kd9wh,"Jack, my man, my dude, puh-LEASE  more horror games I’m dying here 😂",2025-01-28T18:45:24Z,0,0
UgysYTP85NkUUSE7vSJ4AaABAg,@STARS048,"you know this reminde me of something funny from a live stream ""wow this jack daniels makes me what to murge into traffic with out looking good luck everyone else""",2025-01-28T18:45:21Z,0,0
Ugz0ukZmOIT0GW6bvV14AaABAg,@Robyamdam,"I think it's safe to say our luck has officialy turned around guys. We are back baby, we are FUCKING back we are back(classic!) we are baaaaaack, (yes) WE ARE BAAAAAACK",2025-01-28T18:45:05Z,0,0
UgxFXxhP8dWSdChpUKl4AaABAg,@Wolfyplays_,YES NOW THIS IS CONTENT can’t wait for Subnautica 2,2025-01-28T18:45:04Z,1,0
UgzH4-z5pem86HHJpH94AaABAg,@Cam987.,editing is way too over the top 😒,2025-01-28T18:45:02Z,1,0
Ugx8Kq_ir3xvT4etMbp4AaABAg,@birchyy_1467,Never clicked on a jack video faster,2025-01-28T18:45:02Z,0,0
UgyAch_9hl7VDTInRzh4AaABAg,@Rob-E-Zotic,My face when I saw. turbo Dismount in my feed 🫨,2025-01-28T18:44:55Z,0,0
UgyzXbSqRzoFoF5DC9J4AaABAg,@lat_sevN,holy fucking shit this is a major reminder of how much time has passed,2025-01-28T18:44:46Z,0,0
UgxZzz8VBxoMoTb6bOV4AaABAg,@zephyrrebel,"HOLY, THE NOSTALGIA IS STRONG WITH THIS ONE.",2025-01-28T18:44:41Z,0,0
UgxVBxfva1ca6kzcVAB4AaABAg,@Zxck-878,We're back,2025-01-28T18:44:40Z,0,0
Ugy3q8B9aBfjKD7FXHt4AaABAg,@seithiophi666,"Now the only reboot missing is… 

the Survival Huntah!",2025-01-28T18:44:18Z,0,0
UgyUSGfOyjd5bMS-0TB4AaABAg,@honxbonx,my entire childhood rolled into one video. ABSOLUTE CINEMA!!,2025-01-28T18:43:49Z,5,0
UgzaE6G88lNPddYEub54AaABAg,@xxtoptigerxx8758,Dude this is such a classic!,2025-01-28T18:43:30Z,0,0
Ugy_jfbcbrwSdPj-ZA54AaABAg,@2Vexxd,"I WAS LOOKING FOR A CLASSIC JSE VID FOR THE FIRST TIME IN FOREVER AND I FIND THIS!!!!!!!



HELLYEAHHHHHHHHHHHH!",2025-01-28T18:43:14Z,1,0
UgxZ0rY47aI5ZWQ4VXp4AaABAg,@ameliajales5307,"0:48 
*Viewers will remember that*",2025-01-28T18:43:02Z,0,0
UgxOEd6fAQBhRtNicUl4AaABAg,@Jerry_the_Head,"While i'm in the usa dealing with the issues of my safety, the autistic irishman himself; ""Jackaboy""  shines as a beacon of hope and a beacon of nostalgia.
Thanks for this daymaker, bossasaurus rex.",2025-01-28T18:43:02Z,1,0
Ugwxjp3-60NA0-KK8mV4AaABAg,@PeterGriffin-u6l,"Your content is so fun and relaxing. Thank you, your like an antidepressant in human form",2025-01-28T18:42:57Z,0,0
UgxTgG0V60hhZ7BPyqd4AaABAg,@r999joker5,Ain’t seen turbo dismount and jack in the same place since elementary this so nostalgic for me 🥺,2025-01-28T18:42:49Z,0,0
Ugy3pmfs6kKt0we7vOR4AaABAg,@bonedome5100,The very first video I saw of Jack was a turbo dismount video when I was like 13. I am now 24. This is peak nostalgia,2025-01-28T18:42:47Z,0,0
Ugwit0r7EWiSYDoiti14AaABAg,@unironicallyneckdeepindebt6631,My childhood just came back,2025-01-28T18:42:34Z,0,0
Ugx-JVegSoblgHCgiOZ4AaABAg,@Septic-Hearts,"The notification, the game, the intro, despite knowing you would play this the nostalgia practically pimp slapped me",2025-01-28T18:42:13Z,0,0
UgyvRapsRpZB5XYLpap4AaABAg,@EXCALIBURthe1,"Would you consider going back to Minecraft, so much has changed since you last played",2025-01-28T18:42:03Z,0,0
UgwQ_J_9NSEMtxAzvUp4AaABAg,@steamaccount-g2v,Demon Souls and DS2 when? Also wishing you a good health brother.,2025-01-28T18:41:47Z,0,0
UgxXDIWvZXRq3_8pZ9x4AaABAg,@dogadog1969,The fact that he can still do that pink lighting sound is insane,2025-01-28T18:41:46Z,2,0
UgzUjDo43hgQucBJP3Z4AaABAg,@endlesslytired,"Please, I need more Turbo Dismount 2",2025-01-28T18:41:42Z,0,0
Ugxzp_ztKRKSu7pyFCF4AaABAg,@Jmanmag,nice touch with the slow mo music,2025-01-28T18:41:31Z,0,0
UgyJ2x6Ak8EWlG0-Is14AaABAg,@TheRealArtimusKnight,25:58  CLASSIC TD MUSIC RETURNS!!!!!!!,2025-01-28T18:40:43Z,0,0
UgyJTAHF8bYT1rfKcnh4AaABAg,@gerardwayseyelash,My childhood is back 🥹,2025-01-28T18:40:13Z,1,0
UgwKpK6Oci8dNF7IV7F4AaABAg,@ssuummii,what a blast from the past LOL,2025-01-28T18:39:23Z,0,0
Ugw6_DSJw9gAmoZv9sJ4AaABAg,@theaviator1152,Was having the worst week of my life until now. Thanks Jack ♥️,2025-01-28T18:38:55Z,0,0
Ugy3wswzqWNHNobL5z94AaABAg,@kavick2675,"dude FUCK YES, truth be told i havent watched sean a lot recently but once i saw this in my feed i just KNEW i had to click on it, really brings me back to better times",2025-01-28T18:38:36Z,0,0
UgypfdOA2ulkwt3TcMN4AaABAg,@MisterM0use,HOLY SHIT I HAVE NEVER BEEN THIS EXITED MY GOD,2025-01-28T18:38:32Z,0,0
UgwiYL8T1J3MWsqvAt94AaABAg,@ughitsanni,this whole video made me laugh so hard but 16:34 made me burst out laughing and cry. that whole merging section was the highlight of the video for sure XDD,2025-01-28T18:38:22Z,9,0
UgxW2j00sGxOhpBZOrV4AaABAg,@SteveParty11,Jack you have no idea. This is the series that I started watching you. I have half vivid memories of all the cataracts and poses and maps. I remember laughing so hard I could barely breathe. This is crazy.,2025-01-28T18:38:01Z,1,0
UgzRQ4zqDUoz6_tb5rJ4AaABAg,@LPdedicated,"Dane here. I REALLY needed to be transported back to simpler times today. Tak, Jack! ❤",2025-01-28T18:38:00Z,0,0
Ugw4V-3oLxeSOBaeuQB4AaABAg,@federico0439,"14:14

* slams open vehicle door *
* kicks in the air *
* close the vehicle door *
no explanations",2025-01-28T18:37:55Z,13,0
UgwUh4T_tT36AuvKhcd4AaABAg,@DameonRaye,"I feel like not having a camera dedicated specifically to watching your ragdoll and it's trajectory is a huge oversight for this game. You have several different camera options, but nothing to track splatting yourself into things? Only a free cam which requires you to manually track the ragdoll. Even just adding the option to track only the driver ragdoll is fine, as that's the one players are going to assign themselves to.",2025-01-28T18:37:47Z,0,0
UgyJqbU32NUGffeHew54AaABAg,@adx9319,"my childhood memories
 are back",2025-01-28T18:37:44Z,0,0
Ugw3w7UE9zeJH9SUzkt4AaABAg,@snkthecrook,"i just came back after a few years n started the video n the first 15 secs didnt have topofthemornin , i got scared",2025-01-28T18:37:11Z,0,0
UgydLRPunqc3DIRXs9J4AaABAg,@MistressCheetah,Such a great surprise for my birthday today!,2025-01-28T18:36:55Z,0,0
UgzZ1dWCsAzexlEDlGt4AaABAg,@PeterPeter-rl9vn,Jack is an old man who remembers videos under 60 fps (what is that?),2025-01-28T18:35:58Z,0,0
Ugxg-fCeV_KA8Qs-q3d4AaABAg,@TheGirlGamer143,"i screamed when i saw the title, the nostalgia!!",2025-01-28T18:35:48Z,0,0
UgxZCBsjNUZjsllLS314AaABAg,@noxwells8628,Oh hell yeah turbo dismount is back baby,2025-01-28T18:35:45Z,0,0
Ugy6uqdIY6zuaOlhbYt4AaABAg,@Deevster,I haven’t watched Jack in years but immediately started watching the video when I saw turbo dismount 2 in the title. The original turbo dismount series was one of my favorite series when I was younger!,2025-01-28T18:35:45Z,0,0
UgzIQAUylfG3VPQdNgF4AaABAg,@FIRFOR06,love that the editor didnt hear jack correctly so he put big lightning intead of Pink lightnin,2025-01-28T18:35:41Z,0,0
UgxzbmLbiDRg0ENx1UF4AaABAg,@GameMaster-sh7tr,Genuinely the memories that flooded in when I saw Turbo Dismount is insane. Jack was the reason why I got this game,2025-01-28T18:35:10Z,0,0
UgwbmwCxkkI2zqSCHex4AaABAg,@AetherHarmonics,Oh the nastalga,2025-01-28T18:35:01Z,0,0
UgxIfCkkE00jm-mHwkJ4AaABAg,@ethanw.eastep9673,First video game recorded with 60fps? My first ever video I watched from you is Turbo Dismount Part 4!,2025-01-28T18:34:34Z,1,0
Ugwz_XESeXasYiVdYbh4AaABAg,@JuanCarlos3rd210,My mouth was on the floor when I saw this on my fyp🤣,2025-01-28T18:34:30Z,0,0
Ugy_74-rXFFBz46BEqp4AaABAg,@madmacaw6177,"holy FUCK, how far we have come, i remember how young i was",2025-01-28T18:34:15Z,0,0
UgxZLG38s-kItejHn8R4AaABAg,@SKid-yf1yj,11:38 when dismount jack looks back at jack it’s great 😂,2025-01-28T18:33:59Z,3,0
UgwbMPlDUsG4DiU0arh4AaABAg,@Korinthiuz,I’m not crying you are crying!!!,2025-01-28T18:33:54Z,0,0
UgyRluu57QFFkFCDbFx4AaABAg,@Kyrkis,"Damn, I knew I kinda wanted you to play this but never expected you'd actually play it😮",2025-01-28T18:32:42Z,0,0
UgwqKIWp17uinwgrsMF4AaABAg,@LovingUndead,missed this game so much !!,2025-01-28T18:32:14Z,0,0
Ugxcw0nNyzpt9HRExtd4AaABAg,@seanpatterson7374,All the Way Jackie Boy!!,2025-01-28T18:32:06Z,0,0
Ugw6p84Pe13vY2vNdvN4AaABAg,@ruzgarakgul2051,HOLY FUCKING SHIT THIS JUST MADE MY ENTIRE WEEK,2025-01-28T18:31:53Z,0,0
UgxHDJRzR0pcyAfCuX14AaABAg,@khel-_-6,Oh the nostalgia 😢,2025-01-28T18:31:42Z,0,0
UgzkFdYyohfubxC9J3t4AaABAg,@bitorsic,"Turbo Dismount is how I came to know about Jack, and have been here since then. This takes me back",2025-01-28T18:31:41Z,0,0
UgxjIvDN0uQnhnkRyfp4AaABAg,@cooljamesjames2,THERE'S A SEQUEL!?!?!?!?!?!?!,2025-01-28T18:31:01Z,0,0
UgzTir-AzplKZd1SX2d4AaABAg,@davidcarriere2339,The Sasquatch has lost its purple color,2025-01-28T18:30:57Z,0,0
Ugz6k407SeKo_BbiYyJ4AaABAg,@Cosmetic_Kat,WE TRAVELING BACK IN TIME WITH THIS ONE 🔊🔊🔊,2025-01-28T18:30:52Z,0,0
UgwDQbPmWYd1G5WHd2B4AaABAg,@HenryTheMushroomKing,I accidentally had the playback speed at 2x but I didn’t realize it I just thought it was the video,2025-01-28T18:30:35Z,0,0
Ugz_dNnwKNYot8h3hnB4AaABAg,@SaimonGamerBoss,"JACKKKKKK!!!! I'M YOUR BIGGEST FAN!!! I remember the first video that I watched was from Happy Wheels and some of Turbo Dismount that was hilarious!! And you bringing Turbo Dismount back is too AWESOME!!! (And also I am from Brazil, a Brazilian dude that always watched your videos since then)",2025-01-28T18:30:19Z,0,0
UgycYZqA7G-N5b_9EI94AaABAg,@billcipher6973,Nostalgia why must you hurt so much?,2025-01-28T18:30:13Z,0,0
UgwCRG5i8AUZT6GqDK54AaABAg,@josiedungeoneer,"Oh my god, this is like a trip back in time!",2025-01-28T18:30:03Z,0,0
UgwBb2IhujglgXgyiPh4AaABAg,@0IIis,"This just brought me back to 2014, almost shed a tear 🥲",2025-01-28T18:29:52Z,2,0
Ugxl3v-I-gQt7vFoINJ4AaABAg,@fleeviokmr,Can the editor slow down with the echos/reverbs pllssss 😭😭🙌,2025-01-28T18:29:50Z,0,0
UgzXDiulSp7iMl0dKUh4AaABAg,@FallenNinja,Well guess I’m making another purchase,2025-01-28T18:29:37Z,0,0
UgxUj40w0VxeBpK38u14AaABAg,@DanielHearn,"Legit thought it was an old vid from when you did ""nostalgia week"" until I saw the time of release",2025-01-28T18:29:24Z,0,0
Ugx37jLX4tZIXJlQSZx4AaABAg,@sofiapeckham2278,I haven’t laughed this hard in a long time,2025-01-28T18:29:04Z,0,0
UgxQjw4uXd8TdliiEal4AaABAg,@yigitryan4050,"I'm trying to make a whitty and funny comment but I'm genuinely too shook, please like my comment so i get dopamine though",2025-01-28T18:28:58Z,1,0
UgwqWuLtyX3-1m3nmdJ4AaABAg,@Gamerbug2013,new turbo dismount?,2025-01-28T18:28:55Z,2,0
UgyqnwIeizhjlX3hoLt4AaABAg,@Maxyforce100,This just made my day I felt like I was 14 years old again! 😅 I just turned 21 a few days ago.,2025-01-28T18:28:34Z,0,0
UgxrGPQQ4nT3daHfQmZ4AaABAg,@lovelysophxox,I’m so fucking ready 🥹,2025-01-28T18:28:27Z,0,0
UgxnLPhAnYSxDx1TiiB4AaABAg,@bean8990,Holy shit turbo dismount was one of the first videos I watched by you!!!,2025-01-28T18:28:04Z,0,0
UgzlZTYMTJdX-G1EJgp4AaABAg,@RoosterRoy,"We got Turbo Dismount 2 before GTA VI. There, I said it",2025-01-28T18:27:34Z,1,0
UgyAUb8ckMTZtwoYVkN4AaABAg,@CooperGal24,"Good too see Jack back! 

If he never played Astro Bot before, now's his chance! And if he gets sponsored by PlayStation to play the game, VERY appropriate way to celebrate PlayStation's 30th anniversary!",2025-01-28T18:27:00Z,0,0
UgxBzpIxEonRvd_yxbd4AaABAg,@JCCC1609,Hope you're going to do Death Stranding 2 all the way through when it comes out later in the year.,2025-01-28T18:26:35Z,0,0
UgxgyTJSEZsouSp1KQp4AaABAg,@AklasBaggins,The way I screamed and fumbled my phone trying to click it was next level,2025-01-28T18:26:19Z,0,0
UgycisjMYMQrGpfqR_94AaABAg,@stanislawrybinski,"18:27 - i love that Sean said ""collision"". because ""accident"" implies it's nobody's fault.",2025-01-28T18:25:36Z,64,1
UgyQVf7NVJ2rSe2l2-94AaABAg,@statfoom7537,11 long years for this to come back😭,2025-01-28T18:25:28Z,0,0
Ugz81aBGCu4dwA1AE954AaABAg,@Johnnotbutstuff,Me happy now I return for happy childhood thanks,2025-01-28T18:25:01Z,0,0
UgyRRgFi9HERqm0M76V4AaABAg,@treybrewer1629,YYYYEEAAAAAAAAAAAAAA! I LOVE THAT INTRO!,2025-01-28T18:24:34Z,0,0
UgxiPXvKFq3Njy4V_DZ4AaABAg,@BvakZanfaux,Hit the nostalgia with this one,2025-01-28T18:24:01Z,0,0
UgxZtVQLeD_S5-IOa1t4AaABAg,@Smoresgore,The world is healing,2025-01-28T18:23:54Z,0,0
UgztM0N_ZyqEKGJaGLZ4AaABAg,@agronpangjaj-ow1ux,"FUCK YES
NOW THE OLD JACKY BOY STYLE
""SPEEED IS KEEEEY""",2025-01-28T18:23:51Z,0,0
UgzNadz-hmy4CnFI1Qd4AaABAg,@theoceanpearlcrew2595,Yo has anyone told jack about slime rancher 2,2025-01-28T18:23:48Z,0,0
Ugygnwdzi9Wj1Dr3xA54AaABAg,@eoinmurphy5757,honey wake up its 2015,2025-01-28T18:23:37Z,0,0
Ugwm87hkGVj6f-J9gs94AaABAg,@syphat1,i have no words,2025-01-28T18:23:32Z,0,0
UgwbLsRFN59N5EG3bvh4AaABAg,@harvest1223,Jack making all the best insults to the cars peak,2025-01-28T18:23:14Z,0,0
UgxjTNOrEtTluQHlwm94AaABAg,@Hugos68,"This is so weird, I was rewatching the whole turbo dismount series like a week ago, timing is so nice.",2025-01-28T18:23:12Z,0,0
UgyDJlpzyGhS6_ufpYp4AaABAg,@Umacae,Words cannot express my joy right now.,2025-01-28T18:23:11Z,1,0
Ugx14m4f56kAGdfgPQ94AaABAg,@Paracosm,"The OG turbo dismount videos is how I found your channel, full circle",2025-01-28T18:23:06Z,0,0
Ugxjr_wWeUTwDmnRUmd4AaABAg,@IanJH1,It's enough to make a grown man cry...,2025-01-28T18:23:03Z,0,0
Ugzx1OLyS0O6t7UGr-14AaABAg,@FohelYenaldi123,"WE ARE SO BACK - Turbo Dismount 2
78,676 views 1h ago",2025-01-28T18:22:55Z,0,0
UgxE0VgGQ4jyBOcAqtt4AaABAg,@kylie7780,It's pre-Cov1d All over again! The nostalgia for better times!,2025-01-28T18:22:49Z,0,0
UgyWsyh-Ihxm4g53wrR4AaABAg,@rainbow_rampage,The developers messaging Jack a code 11 years after OG Jacksepticeye Turbo Dismount is so sweet,2025-01-28T18:22:14Z,0,0
UgwGx5XE188tbNssF314AaABAg,@Alien_Astra,7:57 Im 22 and hearing this i felt my childhood rushing back to me like that dude in Ratatouille lol,2025-01-28T18:21:26Z,0,0
Ugx9dODR4W-sOMMXrJZ4AaABAg,@imbunny-o5u,2014 jack is the best thing to come home to,2025-01-28T18:21:26Z,0,0
UgyaiNhokfP9z8xaQWV4AaABAg,@JackRWolf-g9n,"The return of the classic, starring non other the one and only Jacksepticeye, your videos still make laugh, keep it up.",2025-01-28T18:21:17Z,0,0
UgyaKTQXPixEK73um754AaABAg,@PeakSeek.,the nostalgia,2025-01-28T18:21:08Z,0,0
UgwnjI0A44JXY8ArKpV4AaABAg,@B.M.C.85,We back boys!!!,2025-01-28T18:20:59Z,0,0
Ugzn0RowqMauNK0yqbx4AaABAg,@KabuVG,Not enough SNOW PLOWS,2025-01-28T18:20:39Z,0,0
Ugy0iyKxwzVk0m29gGB4AaABAg,@HarleyDaker,HELL YEAH I'M READY FOR SOME MORE  OHHHH PINK LIGHTNING!!!!!,2025-01-28T18:20:33Z,0,0
UgzaWTiKS9uv_vQMrXB4AaABAg,@koolaid33,Was waiting for Sean to play this! Loved the original series.,2025-01-28T18:20:20Z,1,0
UgwKgv6aaSX0w6KVR014AaABAg,@ASIAN_LEMONADE,"Jack: i love you squatch
*not even a second later*
Jack: you should’ve been aborted as a baby",2025-01-28T18:20:09Z,0,0
UgxkOHCzoRfkK-gTHjx4AaABAg,@tenaciousbean2539,"The nostalgia is real, I appreciate this video so much!<3",2025-01-28T18:20:02Z,0,0
UgwMsrvj0H8ULg5QK7h4AaABAg,@crazyjay405,Can you please play more of this like you did with the first one,2025-01-28T18:19:51Z,0,0
UgyVwsHogr2wUnQxVj54AaABAg,@ItsjustBlackJackhere,10 years later and its still good,2025-01-28T18:19:50Z,0,0
Ugwgeboce4IrOkG5tfV4AaABAg,@chessbergen,"Ahh yess, top notch entertainment",2025-01-28T18:19:43Z,0,0
UgziMJFItvUhMBtVyal4AaABAg,@KingLAO2964,"Oh, my childhood, we're SO BACK BABY",2025-01-28T18:19:26Z,0,0
UgxcGmau1Ikl6mnIoQN4AaABAg,@lowpolysunrise,I did not expect the intro. It gave me so much life and vigor.,2025-01-28T18:19:20Z,0,0
Ugx5IO5hCHqN5O4iGaV4AaABAg,@opeix,I can’t wait to see OG jack play subnautica 2,2025-01-28T18:19:20Z,1,0
Ugxdv5kTHvx7qzFy_QR4AaABAg,@autisticgamer24,"Wooohooo, I can kind of remember how I used to watch a bunch of the older videos back in 2017 when I finally decided to get a YouTube account. I can barely remember some but I did watch all of them. Great to see this video was made for the original fans that wanted this but to see Seán revisit an old game coming back for a sequel.",2025-01-28T18:19:07Z,0,0
UgwgAtpl1DInNeP24zZ4AaABAg,@timtumulak6380,"Oh how I miss the Iconic ""TOP ON THE MORNING TO YOU LADDYS MY NAME IS JACKSEPTICEYE!""",2025-01-28T18:19:07Z,0,0
UgxfChornAIyLVHn7nB4AaABAg,@codynewman2574,YES I swear yesterday I was just thinking about going back to watch his old TD vids,2025-01-28T18:18:37Z,0,0
UgwGNsHiBs9xXe94JLF4AaABAg,@ChikIIIIIIIIIIIIIII,0:09 I legit got chills,2025-01-28T18:18:33Z,0,0
UgzrlMNb8ZuJWpOBrgF4AaABAg,@daytongifford4900,Why they be leavin' out da TuRkEy BIrD?!?,2025-01-28T18:17:54Z,0,0
UgwOOfWOAspzuAaWNxt4AaABAg,@DrierDiamond465,THIS IS SO PEAK! WE'RE BACK BABBBY!!!!,2025-01-28T18:17:29Z,0,0
UgyYUhWEZx3O5WtVTYB4AaABAg,@Steamlocomotivefan52,"This is a big moment for me I almost passed out,my knees went weak arms still heavy I vomited on my sweater arleady, I wanted mom's spaghetti, I got the flashbacks the food critic from ratatouille got when I used to wach his videos at my grandma's house then going back to watching his videos of goat simulator and happy wheels, ever since then I stopped watching jacksepticeye but today this was the first video in my recommendation, I feel like this is a sign that 2025 is gonna be a good year, finally going back to watching jacksepticeye after like 9 years or so it's unreal it brought tears in my eyes, I just sat on my bed getting memories, this dude carried my childhood on his back unknowingly,  not knowing that at the other side of the continent a 5 year old Romenian that learned English better than his native language, WE ARE BACK",2025-01-28T18:17:22Z,2,0
UgwGdpGD-aWel_2rjAZ4AaABAg,@TheVillainArc363,DanTDM is cringe,2025-01-28T18:16:55Z,0,0
Ugx01Z_yX--KfilpPuF4AaABAg,@Glace_cakes,The way Jack had the hole in one but it was the HOOP that stopped it,2025-01-28T18:16:42Z,0,0
UgwyM6jU5eReeUCd-dp4AaABAg,@Glace_cakes,The way Jack had the hole in one but it was the HOOP that stopped it,2025-01-28T18:16:31Z,0,0
Ugyfe5zUYe3JpM_S-Vh4AaABAg,@marhar1722,"The Squatch? 🚬
I haven’t heard that name in a longgg time..",2025-01-28T18:16:02Z,0,0
Ugxs4dZ3Gp6pTQtS3Ll4AaABAg,@Death_5003,@sses out for harambe was absolutely diabolical 😂😂😂😂😂😂,2025-01-28T18:15:56Z,0,0
UgyAAxlCiEIJGrVBMSl4AaABAg,@averywho6430,This was a much needed bit of nostalgia after the last week I had. Thanks Jack.,2025-01-28T18:15:30Z,1,0
UgyYYXgPIMGo7js9Up54AaABAg,@Handlest,the snowplows have been waiting for jack,2025-01-28T18:15:30Z,0,0
UgwJ9X1XTtQAO3RGzo54AaABAg,@jureid4581,I never thought I'd see a sequel of this game.,2025-01-28T18:14:48Z,0,0
UgztpPr0uuOFMwgRdbR4AaABAg,@razzledazzle7474,Such nostalgic music,2025-01-28T18:14:40Z,0,0
UgwJOw1BOC8xr45Hf-94AaABAg,@zerberus_ms,"SPEED IS KEY!!!!
God, it's been a while...",2025-01-28T18:14:37Z,0,0
UgxGVln9Uh-N2iFNNBh4AaABAg,@skinnytoadd1820,"I can't help but, feel like this is a completely different type of game than the first. IT looks but, I question why they related the two",2025-01-28T18:14:24Z,0,0
UgxKZYubQStJwKFvc5Z4AaABAg,@kidcalledchowdaa,BRO THIS MY CHILDHOOD TURBO DISMOUNT I WAS IN 4TH GRADE,2025-01-28T18:14:24Z,0,0
UgyuGOKvjgq2k9PniP94AaABAg,@zemanthekawaiicannibal5395,The intro music so groovy 🕺 🕺,2025-01-28T18:14:07Z,0,0
UgxfZYbqZQUxSaRuLNd4AaABAg,@blackknight6,Jacky is alive!🎉,2025-01-28T18:13:45Z,0,0
Ugx07LkRDAJVuJrQ_cV4AaABAg,@Echuwe,Turbo dismount 2 before GTA 6,2025-01-28T18:13:44Z,0,0
Ugx_kd70MUsj1ldVyZh4AaABAg,@Toothpork,The og is what made me stumble on this channel all those years ago. What a trip,2025-01-28T18:13:36Z,0,0
Ugx6iXt4fTWuKeLl5xd4AaABAg,@dokz3,I just realized how old I am🥲,2025-01-28T18:13:35Z,0,0
Ugxy_jjPlBQfXAi3qmt4AaABAg,@Tobias-ki4fu,Im so glad its not a 1.5 hour video my adhd can actually watch this,2025-01-28T18:13:06Z,1,0
UgxcrhamdF5AGfBbqSh4AaABAg,@getreckless22,My god I remember being 12 years old staying up late watching this.,2025-01-28T18:13:05Z,0,0
UgxJiUKflyxmGNkTCTp4AaABAg,@shannona8525,THE SCREAM I JUST SCRUMED,2025-01-28T18:12:41Z,0,0
UgzZ4FI_Ysaa30g2wql4AaABAg,@bluerazor7049,"WHERE ARE THE SNOWPLOWS!?

Edit: THERE ARE",2025-01-28T18:12:30Z,0,0
Ugw2EpVkTUFInA8p9nt4AaABAg,@trulswangberg1561,why isn't markiplier hanging out with you anymore? are you guys not friends anymore?,2025-01-28T18:12:14Z,0,0
Ugxw292vPGKEXp7vzQJ4AaABAg,@trentinembry5825,18:26 The dev staring in disappointment 😐,2025-01-28T18:11:48Z,8,0
UgyXlET5KG5mFexg2zd4AaABAg,@JeffyJeffy-j8h,Bro not once did he say “SPEED IS KEY” why man,2025-01-28T18:11:32Z,0,0
UgzgyLsZdJ373C4Mwgh4AaABAg,@logamanator8580,"Just checked and the first game isn't even on the appstore anymore, when did that happen",2025-01-28T18:11:24Z,0,0
Ugwu7hgA6SgJlmKqc6Z4AaABAg,@infamousinferno2506,Dude this game is how I found this channel all those years ago... Wow. Just wow.,2025-01-28T18:11:18Z,0,0
UgweynrSqaJKx6Q-km54AaABAg,@hannahfisher1513,JACK!!! did you see poppy playtime 4 is out jan 30th!! you gonna do it!,2025-01-28T18:11:17Z,0,0
Ugx-pA96-FgzHSGN6Nh4AaABAg,@1mariomaniac,"BRO, I got into your channel from all the Turbo Dismount and Happy Wheels videos, it's so cool to see this game getting a sequel!
Edit: also, yeah it looks like you have mid-air control but keep doing backflips because you pin the throttle while in the air lol",2025-01-28T18:11:10Z,0,0
UgyAv911dT5q5uk9UPt4AaABAg,@bryaannn_1101,I just re watched TB1 series few days back and TB2 is hereee🤩,2025-01-28T18:11:09Z,0,0
Ugw4CmBCIY7xs9R_elZ4AaABAg,@mercphantomblade921,"*Sees video on dashboard, not really paying attention* Oh a Jack Turbo Dismount video, suggesting old stuff- one hour ago?! Turbo Dismount 2?! Yeeeaaaa baby!",2025-01-28T18:10:44Z,0,0
UgxajYtEKkKiSZp-ntN4AaABAg,@Jvee071,LETS GO!!! TURBO DISMOUNT IS BACK!! I loved this series from you Jack!!!,2025-01-28T18:10:35Z,0,0
Ugzek0alNjOmluDfNkN4AaABAg,@jellydoggo,Nature is healing,2025-01-28T18:10:08Z,0,0
UgxzWNY_wg5bL4bY1GB4AaABAg,@BrianLTU,Slow mo music is a cherry on top,2025-01-28T18:10:03Z,0,0
Ugym_sI-zhy6WAv3KtB4AaABAg,@jonnysixx,19:43 every American knows this feeling passing a cop on the highway with a radar😂😂😂,2025-01-28T18:09:57Z,8,0
Ugz7iF_3Tf392puS3Zl4AaABAg,@punprincess3214,I can't wait for the custom levels to start pumping out,2025-01-28T18:09:56Z,0,0
UgzRNOBbtYNo_5sbGx54AaABAg,@igdiana3765,the game that got me addicted to watching jack when I diddn’t even understand english. now almost college degree. time is crazy,2025-01-28T18:09:53Z,0,0
UgyJG5XcX3yzYRck89B4AaABAg,@neonthehybrid8047,Ahhh I see the Snow Plows are coming back to haunt you 😂,2025-01-28T18:09:44Z,0,0
Ugx2wqAoGsPWQtUexkl4AaABAg,@PsychoDiesel48,NO FUCKING WAY!!!!! The series that literally introduced me to Jack <3,2025-01-28T18:09:40Z,0,0
UgyrtrHE5LofZK8gFd14AaABAg,@CaliKodiak35,"7:52 NOTHING STOPS...THE SQUATCH!!!

You haven't missed a step, Jackaboy! Old man, my ass! 😂❤",2025-01-28T18:09:37Z,42,0
UgyAY0LmO5EA_vL0jHN4AaABAg,@Racsob52,"Jack we love you, i cried during this video, the nostalgia is so real bro",2025-01-28T18:09:24Z,0,0
UgwXc9jY4rz1GcdBG6l4AaABAg,@phantomscrapper6608,TURBO DISMOUNT HAS A SEQUEL?! WOOOOO IM DEFINITELY GETTING IT WHEN I'M NOT HAVING ALLERGIES.,2025-01-28T18:09:13Z,0,0
UgyHWDgqLuDnVYKb1YR4AaABAg,@theuniversalgamer8294,tell me what your favourite vehicle was that jack uses in turbo dismount?,2025-01-28T18:09:04Z,0,0
UgxxJXDOajxMdlmt90h4AaABAg,@xxxhades1204,Your old turbo dismount videos got me into this channel back in elementary and ive been watching ever since... now im in my last year of my bachelors degree. This is such a nostalgia and brought so much joy to ke,2025-01-28T18:09:00Z,35,0
UgzgPgAV5wO_dtDzn_Z4AaABAg,@sum_weird_dood-__-4978,"its so crazy growing up alongside this channel, you made my childhood so much better",2025-01-28T18:08:57Z,2,0
Ugy3Hi_RO7bJR2sPKvt4AaABAg,@kakyoinnoriaki9127,It was like I turned back to a kid for 30 minutes.,2025-01-28T18:08:52Z,0,0
UgzlYslnOXf_gmvRC-94AaABAg,@MintTea-0,"This video gave me a good laugh, thanks Jack ♥",2025-01-28T18:08:52Z,0,0
UgzbJoVv2zu34iO3EoN4AaABAg,@rhysjohn5493,this reminds me of the old days,2025-01-28T18:08:29Z,0,0
UgyLaI2PVRozdLC1unx4AaABAg,@emersoninfinitystone5785,OH MY GOD THE NOSTALGIA IS REAL!!!,2025-01-28T18:08:20Z,0,0
UgxFqmKOUE4mclEiLS94AaABAg,@MTTT1234,"Sean, you are safe about the public domain worries of that music at 17:10 . It is 'On the blue Danube' and was written in 1866, so any copyright claims since then have long been null and void.",2025-01-28T18:08:09Z,947,17
Ugz2i9L1GZ2QjpuI5Wl4AaABAg,@glennruark5932,THE GASP I GUSPED,2025-01-28T18:08:02Z,0,0
UgyrFhFBOARblE6oP3F4AaABAg,@lukewisely8938,This was like the good ole days again. I was laughing so hard my jaw hurt. This was Awesome.,2025-01-28T18:07:59Z,0,0
UgwsBb06A41LyoFGyEN4AaABAg,@jettaross9673,"UNRELATED, BUT ARE YOU EXCITED FOR POPPY PLAYTIME CHAPTER 4 COMING OUT THURSDAY?? WHEN IT COMES OUT ILL PROBABLY WAIT TO WATCH IT UNTIL YOU PLAY IT",2025-01-28T18:07:47Z,0,0
Ugxk2VD7XpMgq9-034p4AaABAg,@guesswhonot1620,"""OWWWWW PINK LIGHTNIN'!!!"" Oh the memories!",2025-01-28T18:07:45Z,3,0
UgylK8hc5VaHfPwVUoV4AaABAg,@Greenstiker8975,feels like is has been ages since I have heard jack say top of the morning at the start of a game video,2025-01-28T18:07:03Z,0,0
UgxasN1ffMl705Yh9lp4AaABAg,@GoonBaboon,i was 10 when i watched the first turbo dismount video. Im a bit emotional watching this 😂,2025-01-28T18:07:00Z,0,0
UgzXfN0OKjjwC9xcbBZ4AaABAg,@VictorFusion,11 Years Later,2025-01-28T18:06:51Z,0,0
Ugz7OhowQxs-TPdy5x94AaABAg,@swank_company,19:33 was the best and funniest shit in this entire video😂😂😂,2025-01-28T18:06:36Z,5,0
Ugy32vSjgtlbHidhcVd4AaABAg,@kellwilson7690,This game came up in my discord THIS WEEK and I mentioned how I missed you playing it. What the heckin’ heck!,2025-01-28T18:06:15Z,0,0
UgwlDSHllpjRG8b5hFJ4AaABAg,@capness1228,What is Seans obsession with spinning backwards? At least spin in the direction you're going.,2025-01-28T18:06:04Z,0,0
UgzGNaA6PFsFn2rP0aV4AaABAg,@doriangeredine397,Stoooop I loved when you played this 🥲🥲 thank you jack,2025-01-28T18:06:03Z,0,0
UgwYHV55M2bdt0uxjip4AaABAg,@spookedweasley7497,I have never clicked so fast on a video notification in my LIFE,2025-01-28T18:06:00Z,0,0
UgwXsPyECJ2iNcuo7dR4AaABAg,@Regnbagge,Will you be doing videos of Subnautica 2?! i loved all your other ones of the first game,2025-01-28T18:05:44Z,0,0
Ugy6nIfV4867WD_FXNt4AaABAg,@hw_yozoraVODS,"Man, that was ELEVEN YEARS AGO. Geez, i am watching this on my lunch break at work,  eleven years ago i was but a wee lad getting through school. Times flies.",2025-01-28T18:05:24Z,0,0
Ugzidrj4SbdFxq1p5TJ4AaABAg,@djahlinolinders7199,finally i was waiting,2025-01-28T18:05:21Z,0,0
UgzwOtwNLqcaIZI07sp4AaABAg,@marjoh669,20:27 Soo… That would be Eddie Irvine?,2025-01-28T18:05:16Z,0,0
UgzT_r3hQPeQNa0lxKp4AaABAg,@emeraldaura9031,How many other people were at least a little disappointed that we didn't do the Roundabout level?  That was always probably my favorite one that he did in the old days.,2025-01-28T18:05:10Z,0,0
UgyoMwthRAodnVMXMUN4AaABAg,@FromMeToYou77,Thank you Jack for coming back my anxiety is low now I need some laughs. I love your content always funny. And Welcome back. 👍,2025-01-28T18:05:07Z,0,0
UgyiOQzRf173sXPDsuh4AaABAg,@theballingboi5360,Jack you can actually make the turbo pads more effective with the sliders on the right. A more powerful turbo pad plus the ramp would make the hole in one level possible,2025-01-28T18:05:00Z,0,0
UgzjXvLYsZ4K01euS2J4AaABAg,@joeflemo64,YES i LOVED watching you play turbo dismount this is epic!,2025-01-28T18:04:54Z,1,0
Ugx90t0WcSkYbcnqov94AaABAg,@RainMakeR_Workshop,"0:46 Erm... I think the editor misheard Jack. Because they put in ""Big Lightning"". But its Pink Lightning.",2025-01-28T18:04:45Z,0,0
UgwJlulVO715SxF9M2R4AaABAg,@luxfi777,hekcyea this why i live in this world for!,2025-01-28T18:04:37Z,0,0
Ugzcs9jiD6wUcloaaux4AaABAg,@S.T.Glitch,Excuse me THEY WERE WORKING ON A SECOND GAME?!,2025-01-28T18:04:00Z,0,0
UgzeASH2ttfNgC_D1KB4AaABAg,@hulksmasher63,this is one of the og series I rewatched and I could not be any happier,2025-01-28T18:03:47Z,0,0
UgwWQXd9ttuvfOrakmt4AaABAg,@annie3957,i’ve been crying my eyes out all morning and this genuinely is the first thing to make me smile so seán thank you so so much,2025-01-28T18:03:44Z,0,0
UgzgY8r7_pdgKhBAZIp4AaABAg,@liamwatts8597,You should have watched the edit before you posted.,2025-01-28T18:03:22Z,0,0
Ugznuj4sxFaxD1Nj_GF4AaABAg,@JeremyVerburg,omg I loved Turbo Dismount so much as a kid. This is amazing!,2025-01-28T18:03:22Z,1,0
UgyjQORUOpvrbxQWDWF4AaABAg,@Infernal_alchamist32,Turbo dismount is baby!!!,2025-01-28T18:03:18Z,0,0
UgxYUl5diNitVxrGHjx4AaABAg,@MatchaFairyGames,27:04 breaking news: several things stop the squatch,2025-01-28T18:03:17Z,3,0
UgztDbUqcky9Q9w5Nhx4AaABAg,@slydotjpeg,"Turbo dismount was how I first started watching Jack, this nostalgia hit feels so surreal",2025-01-28T18:03:02Z,0,0
UgxFSnJgi6-lkXfkP4B4AaABAg,@Ayden784,This is all the nostalgia I need for atleast a week,2025-01-28T18:02:56Z,0,0
UgxBBVQnG4SbWZPRy3R4AaABAg,@liamwatts8597,"Oh come on... ""BIG Lightning""?",2025-01-28T18:02:47Z,0,0
Ugy9ior4QR_hueIAkiJ4AaABAg,@jonnysixx,This feels like it would have been good to stream tbh,2025-01-28T18:02:40Z,0,0
Ugx8pki9dPeuDjGwiEB4AaABAg,@endlesslytired,"WHAT TIMELINE ARE WE LIVING IN, IS THIS REAL LIFE",2025-01-28T18:02:28Z,0,0
UgzBI57i9mtXzUCy0kJ4AaABAg,@GxBGamingFiveM,YESSS JACK THIS IS SO NOSTALGIC,2025-01-28T18:02:19Z,5,0
UgyYFlS_DNJdowPAJRJ4AaABAg,@braxtonbrown1669,So Dad is back in 2025,2025-01-28T18:02:16Z,0,0
UgzwpB28bXc7J4XE6Yh4AaABAg,@SN0BALL_,0:10 OMG he did the thing guys!,2025-01-28T18:02:05Z,0,0
Ugyf1_tDEvpklveXpoN4AaABAg,@PumpkinChild1302,Were did that blue bus come from at 18:19 I think that cause most of the crash,2025-01-28T18:01:49Z,2,0
UgzO5E_u6XKn8ZGwAK14AaABAg,@DarkerThanTheNightOffical,"Bro, we got Turbo Dismount 2 before GTA6!",2025-01-28T18:01:44Z,0,0
UgxxG6nIg2oOaMJH4jl4AaABAg,@sanitys.edge02,2014 Jacksepticeye...1 hour ago post...and I'm at home all day. Did we timetravel because I love it 😭,2025-01-28T18:01:27Z,0,0
UgyicHGfSjDTTuoU2wR4AaABAg,@hoodiekid0036,"Love the Simpsons ""flying pig"" references :D",2025-01-28T18:01:23Z,0,0
Ugyn3uoR66kg4hBnnUN4AaABAg,@EyesOfByes,Coming to ipad when?,2025-01-28T18:01:19Z,0,0
UgwCEmVGmcWsRs61tfN4AaABAg,@L._Vireo,This video made me laugh so much. I like that you still post stuff like this now and again. Your positivity is always a special treat.,2025-01-28T18:00:58Z,0,0
UgwcuXSqByamfInb5d14AaABAg,@raymondkuczewski6499,at 27:45 yes its in this game to answer to your question,2025-01-28T18:00:53Z,0,0
UgxdyjFiXRC8jwmQDXB4AaABAg,@froog7068,I watched his old trubo dismount videos so much! So awesome!,2025-01-28T18:00:43Z,0,0
UgxHgkaRuiKvcNjGXxd4AaABAg,@kokoabeans7331,*Return of the king*,2025-01-28T18:00:33Z,0,0
UgyGLk5gy6PFMuJDHz14AaABAg,@Shipmunky,"You know I drive myself into high speed traffic on ""bring yourself to work"" day",2025-01-28T18:00:28Z,0,0
UgzXLCz8lbrL1iukwkl4AaABAg,@shannonbrown8591,I haven't laughed so hard in a hot minute. Thank you so much💚,2025-01-28T18:00:27Z,0,0
Ugx9HQalYxTCvUj-J854AaABAg,@honalou4354,"Aww yeah, cosy time!",2025-01-28T18:00:15Z,0,0
Ugw-4KnsWNfevoJam8h4AaABAg,@TeeTee-05,WE'RE GETTING TURBO DISMOUNT AND SUBNAUTICA JACK IN THE SAME YEAR!? My childhood has returned 😭,2025-01-28T17:59:39Z,0,0
UgwBURFDWfET8DYj1dN4AaABAg,@ThatSentinel,This is for the people who say ‚i want the old jacksepticeye back!‘,2025-01-28T17:59:36Z,0,0
UgyHpPdHKK2Yb00KhHx4AaABAg,@Michael_H_Art,the absolute gut punch of nostalgia I just got hit with,2025-01-28T17:59:28Z,0,0
Ugz-L9I7cSmuxoIgHCJ4AaABAg,@mandapanda4035,"Jack, when are you finishing the fromsoftware games?? I’m really looking forward to sekiro",2025-01-28T17:59:26Z,0,0
UgyNoswDRTFjVujyMBh4AaABAg,@schulteq,Oh. My. God. I’ve never clicked so fast.,2025-01-28T17:59:13Z,0,1
UgzACj6-KF39bT_2kMJ4AaABAg,@Kyrajj2000,i remember when you used to play the first one nonstop back in the day. it brings me back. <3,2025-01-28T17:59:12Z,0,0
UgwFICiWXuPPR_XzQgZ4AaABAg,@awesome74eugene,Peak has returned,2025-01-28T17:59:11Z,1,0
UgxoMB-RzEGh75IXTCd4AaABAg,@leoadimanea7826,The fact the Sqautch scurried backwards like a scared dog was the funniest thing ever.,2025-01-28T17:58:50Z,0,0
UgySQZncPxGjGE6GAZN4AaABAg,@beninmalgaard9836,Oh my gosh. I haven't thought about this game in YEARS! And they made a SEQUEL?! This video is dripping in nostalgia!!!,2025-01-28T17:58:50Z,0,0
UgxECVvcu1aZGEaIUGd4AaABAg,@MaxLazarov-p6j,You should play MiSide,2025-01-28T17:58:31Z,0,0
UgyYFANZhOUNHNnYY-F4AaABAg,@PenguinRainbow,"It was so good to hear your ding ding top of morning, having it paired with turbo dismount is just , ..... Chefs kiss!!!",2025-01-28T17:58:30Z,0,0
Ugy0s9-R4zQB8DCDhZ94AaABAg,@morganosborne5069,Ive missed turbo dismount so muchhh omggggggg😂 by far one of my fav series on the channel,2025-01-28T17:58:19Z,0,0
Ugw9K8wVtQM41u1njQF4AaABAg,@JacKAB0Y,“You’re as beautiful as the day I lost you” we are so back ❤️,2025-01-28T17:57:56Z,0,0
Ugw5pxcW1xFI_mdqz394AaABAg,@allinortheoni4208,Jack you have the best fucking timing. I turned on my tv to chill out after a very emotionally heavy conversation. So to my surprise your playing this game not even a minute after opening the app *chefs kiss* ☺️,2025-01-28T17:57:46Z,0,0
UgzOMWoanvHf2dpNmEt4AaABAg,@ollie395,This is a dream! Like I'm gonna wake up any moment now... THIS CAN'T BE REAL!!! IT'S REAL! FUCK YEAH! TURBO DISMOUNT BABY! And a FUCKTON of nostalgia!!!,2025-01-28T17:57:44Z,0,0
UgzIOotjkPjDuTTzbcd4AaABAg,@yaelmurillo1863,"Welcome back, King",2025-01-28T17:57:33Z,0,0
UgyngEZufYgUtr2ZzdJ4AaABAg,@Ryno639,I’M FEELING SO NOSTALGIC AND HAPPY JUST FROM THAT INTROOOO!!!!!! I CANT BELIEVE IT! I WANT TO SCREAM AND SQUEAL 😭😭😭😭😭,2025-01-28T17:57:26Z,0,0
UgzRh4D1VcIbdSvqv0R4AaABAg,@SS_BAJA,"Turbo Dismount was the first ever game I watched you play, never thought I’d see something like this all these years later",2025-01-28T17:57:17Z,0,0
UgwnkwaGC_0pMuzkTdd4AaABAg,@YaBoiHax,The satisfaction I got seeing this randomly pop up in my notifs 😭,2025-01-28T17:57:11Z,0,0
UgwtJfnyE0UvfXOWyTd4AaABAg,@Ella-z9f-c9y,7:52 nothing stops the squash 😂,2025-01-28T17:57:07Z,2,0
Ugx2HftA2XWkeD7lWkp4AaABAg,@ianmares5055,This video healed 2014 me omg😭,2025-01-28T17:56:51Z,0,0
Ugwr-hLf8lkPE2NjluB4AaABAg,@Toaster_76,Missed this 👍,2025-01-28T17:56:39Z,0,0
UgyxVWqbSH8SJqkl5iV4AaABAg,@gameordie3215,I LITERALLY JUST STARTED WATCHING YOUR OLD SERIES,2025-01-28T17:56:39Z,0,0
UgwU5X7GJDiD7eZE4LV4AaABAg,@FateofAtlantis,he's alive !,2025-01-28T17:56:37Z,0,0
Ugw79Hu1gOFZ6UgUyDB4AaABAg,@Demomanflower,We are so back,2025-01-28T17:56:35Z,0,0
UgyFlLbzi0iVuYJ4m3d4AaABAg,@Pelangi21,This was fun game 👍🎮,2025-01-28T17:56:32Z,0,0
UgxE0bloO9a3KWp93od4AaABAg,@AceRaiders500,"This is bringing me back to 2014 RN 🥲

P.S. the OG Turbo Dismount was the best!",2025-01-28T17:56:30Z,1,0
Ugy_19hUrNGsD0PNFgR4AaABAg,@Robloxfan947,"I wish he put the original turbo dismount face though, would have made it so much better. Still love that it's back man!🍊🍊🍊",2025-01-28T17:56:22Z,0,0
UgzLlMNY62f6z1McDWF4AaABAg,@user-bg8tv9ts4l,For some reason this feels nostalgic,2025-01-28T17:56:15Z,0,0
Ugw0RP-Wa-W2GGwvbhF4AaABAg,@HungryAbyss31415,my god this is a callback,2025-01-28T17:56:12Z,1,0
UgybleRs95gFmup_9tF4AaABAg,@Delta_4049,Who was there watching jack play turbo dismount in the old days,2025-01-28T17:55:49Z,0,0
Ugz1rBh3VwkYd_qrU9x4AaABAg,@andremeyer6596,THE NOSTALGIA OVERLOAD I GOT FROM THIS NOTIFICATION OH MY GOD,2025-01-28T17:55:41Z,0,0
Ugyvj6PlsRMahK83rUh4AaABAg,@Tanjirokamado-z7p2s,MAJOR NOSTALGIA FROM THIS,2025-01-28T17:55:40Z,0,0
UgxaMhAoE3_IaQVKRWt4AaABAg,@yapsxolotl,This... this is beautiful.,2025-01-28T17:55:40Z,0,0
Ugw3VJGklupZmhdT9sp4AaABAg,@VygoShorts,This feels like the old days and it brings a tear to my eye,2025-01-28T17:55:25Z,391,1
UgxgkrlXDC0rt8wQioZ4AaABAg,@Kingcard5512,I was here for the original and I'm here for the new,2025-01-28T17:55:06Z,0,0
Ugz9afJkCWD7HbOyDrh4AaABAg,@Remul_LemLem,"It was on 9th March 2014 when Jack was still in his log cabin and uploaded his first video on Turbo Dismount. Things have really change throughout those years, it's crazy.",2025-01-28T17:54:55Z,10,0
UgwuPLxM8LgWtC0zRnR4AaABAg,@alijiahawb,This is amazing to wake up to,2025-01-28T17:54:51Z,0,0
UgwRJ42k88lqxXRSOTR4AaABAg,@BrianLTU,I love how Jack's pfp NEVER changed from those times,2025-01-28T17:54:31Z,0,0
UgwztOywKX1nTpIO24R4AaABAg,@Marsh_ii,9:37 the irish version of WHY YOU GO FAST 😭😭,2025-01-28T17:54:24Z,4,0
UgyKsPkj6wPUvcQA1aZ4AaABAg,@Wi1d_Buffal0123,I need this game,2025-01-28T17:54:19Z,0,0
Ugy_Qac_xDGPOgiElUN4AaABAg,@hyperlink0366,Anyone else forget about Turbo Dismount until they suddenly released a sequel?,2025-01-28T17:54:11Z,0,0
Ugy8TX4vRSWjOjXd1514AaABAg,@EngineerDaylight,Welcome back Jack. Its great to see more gameplay,2025-01-28T17:54:10Z,0,0
UgxU8ApA8FhIkmW9GGt4AaABAg,@kdalton4628,"We are so back, guys. Classic.",2025-01-28T17:53:48Z,0,0
UgyKmZuCg39FHQuUoOB4AaABAg,@ucphan9084,"Turbo Dismount is how i know jack and god, good old days",2025-01-28T17:53:16Z,0,0
UgwRNWd9gKM0BwM8sNx4AaABAg,@kleverstudios,"Oh man the nostalgia, turbo dismount was one of my favorite of Jack’s series back in the day. 

How the time flies, man",2025-01-28T17:53:16Z,0,0
UgyGBPjMlDUYcQjA69l4AaABAg,@bubghost3887,THIS IS A CERTIFIED JACK CLASSIC,2025-01-28T17:53:12Z,0,0
UgxKW1VqxJDFGfMwSUp4AaABAg,@elrobahigados,"finally, after years, speed is still the key",2025-01-28T17:53:08Z,0,0
Ugyi_KQRFwbVr0suaTV4AaABAg,@MCYTJHONY,"as soon as I heard this game come out, I was just thinking ""it would be so cool if markiplier or jacksepticeye would play this game"" and here we are",2025-01-28T17:53:06Z,1,0
Ugy_UyeMcVraSi_GZIJ4AaABAg,@AlanTech0,Haven't watched a JSE Video in years if fells like but I instantly clicked on this one. Glad to see this game back.,2025-01-28T17:53:03Z,0,0
UgzQpRld1fSgtLOGL2J4AaABAg,@kenzilla1851,"Turbo Dismount was what cemented you on my subscription list! 
I was feeling so shitty one night and somehow I ended up on your channel back in 2014 to try to distract myself and I think it was the 4th episode of it hit me in such a way that I ended up crying from laughing instead of from the Big Sad. So I subbed and have been having a great time ever since!",2025-01-28T17:52:58Z,0,0
Ugxk9XmYfY_Y3e9dU_d4AaABAg,@henrrysales3828,My face is hurting from so much laughter,2025-01-28T17:52:58Z,0,0
UgwZvsu81TEs_ZrCrMR4AaABAg,@oTeddyAnimates,We’ve gone full circle and I’m all for it 😂,2025-01-28T17:52:56Z,0,0
UgyViwREevTTflDoGHR4AaABAg,@Halosnakem6g,We back!!!,2025-01-28T17:52:43Z,0,0
UgxY-gYz9jba1QJu1814AaABAg,@ericlammers3492,Ahhh yes turbo dismount. the first time I discovered Markapliar and Jacksepticeye. 😌,2025-01-28T17:52:33Z,0,0
Ugxb4yx5y8g6ZnOq2Wd4AaABAg,@0nejawsomedude085,I actually lived through the ratatouille childhood flashback. I've never seen anything more beautiful,2025-01-28T17:51:41Z,1,0
UgwLau5Vyg2K5mPUbMx4AaABAg,@SillyGooseOnLoose,"This reminds me of when I was watching you as an 8-9 year old in 2014-2015.

I'm 19 now going to college... Glad to see 2014-2015 Jack come back",2025-01-28T17:51:29Z,0,0
Ugwi8uab4ZjLEXY0UjV4AaABAg,@sircasperix3167,Oh my fucking God. This is one of the first series that I watched. I cannot WAIT to watch this. XD,2025-01-28T17:51:16Z,0,0
Ugx3p7cB8YWlqYlaRuJ4AaABAg,@BlakeMasters-v8j,Sean you make my day so much better we just had to put one of our dogs down on Sunday and then my aunt passed away yesterday you’ve helped me through some tough times including now,2025-01-28T17:51:13Z,0,0
UgyIwX_bjFEU-bHAklR4AaABAg,@downsideupsnake,oh i just got SO GIDDY seeing the notif for this,2025-01-28T17:51:02Z,0,0
UgzUG4u5FufsgnZz5Q94AaABAg,@nothingrhymeswithorange5294,"Bro, Turbo Dismount was what introduced me to Jacksepticeye",2025-01-28T17:50:50Z,0,0
UgxBgKIE9NEE-tMqqfJ4AaABAg,@AnnBananan,Now we just need Skate 5 and Happy Wheels 2 and the cycle will be complete.,2025-01-28T17:50:49Z,0,0
UgyeP_j9_Mcf14Zhas14AaABAg,@korvenus_pablo,is this fortnite?,2025-01-28T17:50:30Z,0,0
UgzopEey7FZrjfF2s9B4AaABAg,@rowenwolff,These let's plays are so fun 😂,2025-01-28T17:50:28Z,0,0
UgxpzXktMgO0WS3xFkJ4AaABAg,@vood__3,There can't be just 1 Video right ?,2025-01-28T17:50:15Z,1,0
Ugyn5KIkPHL0279V7Rx4AaABAg,@MysticSarahh,New Turbo Dismount is exactly what I needed today. Definitely play more when more gets released,2025-01-28T17:50:08Z,0,0
UgzfHCeX1LRbHziSE0l4AaABAg,@Modonalds,YOU DONT GET HOW MUCH YOUNGER ME WAS OBSESSED WITH THIS SERIES AND IVE BEEN MEANING TO RETURN BACK TO WATCH IT OMGGGGG,2025-01-28T17:50:03Z,22,0
UgzJRQFaNqMSjOdjKQF4AaABAg,@piperdew2817,this was such a fun game so glad to see it back,2025-01-28T17:49:48Z,0,0
UgwIUR_aPyzV2iBtEgN4AaABAg,@sharps_1367,I would watch the original game in class when I was a freshman in high school. I'd always get in trouble from laughing my ass off. Glad to see this game again. Brings me back to simpler times.,2025-01-28T17:49:43Z,0,0
UgznUlSFqiVpKpEgWA54AaABAg,@shannonkinsley9554,I love this. Seeing Sean act like a kid again is so fun. Glad he enjoys it so much. Love ya.,2025-01-28T17:49:41Z,1,0
UgxjUv-eFJ-jUaCRv3t4AaABAg,@phoenixpop780,"This takes me back, gotta love how far he has come since then but man I really loved those old videos as well",2025-01-28T17:49:40Z,0,0
UgzqMhoR-kR9kCIHVSZ4AaABAg,@NoName_WasTaken,Im in school rn but HOLY SHEEET TURBO DISMOUNT TWO AND JACK IS PLAYING IT OH MY GOD FUCK YEAH BABY,2025-01-28T17:49:36Z,0,0
Ugw6YmTFNh3I3bWj0Yh4AaABAg,@KenjiBiH,Holy throwback!,2025-01-28T17:49:33Z,0,0
Ugxb4qTW0Cxt79N07cR4AaABAg,@kanekos9021,"20:30 no matter how fast you are, when on the highway there will always be a pickup truck tailgating you somehow 🛻💨",2025-01-28T17:49:28Z,32,2
UgyhLTCzK5orTlIwcdd4AaABAg,@vodexlive,we are so back,2025-01-28T17:49:16Z,0,0
UgzZfPud7PfpGerhp-d4AaABAg,@andyq_q,20:41 jack didnt realize turbo ramps can be tweaked,2025-01-28T17:49:11Z,0,0
Ugw-UF_kgw5bNEkH_6V4AaABAg,@ActuallyHyun,the fact the editor doesn’t know that it’s pink lightning is a crime what is this “big lightning”,2025-01-28T17:49:10Z,0,0
UgzuTAo6t3YyhJ1eDVR4AaABAg,@Laiasmonroe,Whoever comes here and comments saying there first needs to go outside and touch some grass,2025-01-28T17:49:03Z,0,0
UgzDw95P8Q3dLVwlowJ4AaABAg,@skylerthewolf567,"Absolutely gut shattering laughing the whole time, sean",2025-01-28T17:48:48Z,0,0
Ugw7ki-NnzZpipLaUlV4AaABAg,@thewildjoey8035,What a classic omg,2025-01-28T17:48:35Z,0,0
UgwTJD59bOnljlL_BN54AaABAg,@kpearson3973,Can't wait for GTA 6. Woth STICKY BOMBS!!!,2025-01-28T17:48:33Z,0,0
UgwmwLr5jpD5FCOOkN94AaABAg,@kingnarothept6917,AINT NO WAY,2025-01-28T17:48:11Z,1,0
UgzTxq2akBoisQAIRTN4AaABAg,@dentalpalms1592,"i heard the music and i gasped, then i heard the iconic intro and i started to cry from the nostalgia hitting me like a truck",2025-01-28T17:48:04Z,0,0
UgzJjVd0A25Xw1C42nl4AaABAg,@UnofficialMikera,oh my gosh...the nostalgia is too much for me.,2025-01-28T17:47:58Z,0,0
UgwRmkhQY9oa2yVzCyR4AaABAg,@Carson218,This is wild. I was just watching Jack's old Turbo Dismount videos last night lol,2025-01-28T17:47:53Z,0,0
Ugx7NjSLPAjAEzmiL7J4AaABAg,@LIT3NFLICK4,This video would have been PEAK nostalgia if you did your  ''high fives all around'' outro,2025-01-28T17:47:42Z,0,0
UgwLAYBXmyjw54g5Q-F4AaABAg,@steelreign5559,"16:29 Thanks!!!

Yes. This video just landed on my birthday. (January 29 GMT +8)",2025-01-28T17:47:37Z,0,0
UgzYNiSdZaRDFRIgA654AaABAg,@wickedwiw7199,Never thought I’d see this game agai,2025-01-28T17:47:36Z,0,0
Ugy-E85Sc6EMYLWns5h4AaABAg,@orangefrisby2366,Wtf turbo dismount was 10 years ago i didn't even know ive been watching jack that long,2025-01-28T17:47:20Z,0,0
UgxNM4LOhs4vUkDYV4B4AaABAg,@kanusaki3858,i cant believe that after 10 years of me finding jacksepticeye through turbo dismount i get to enjoy him playing turbo dismount 2 😭im in heaven 🙏,2025-01-28T17:47:11Z,0,0
UgxlFkb38wP5N-o5RZR4AaABAg,@imperatorneroauaugustus4832,Let's hope he transform that into a let's play so that we can have multiple videos of that,2025-01-28T17:47:02Z,0,0
UgxuVe-Gn8exVa6_1a54AaABAg,@pipa1556,only thing that's missing is the iconic hat,2025-01-28T17:47:02Z,0,0
UgxNZSpTqkRToBVECid4AaABAg,@traxaslyhr3232,"I just got done streaming and this is what I see? BET, just like my days in high school",2025-01-28T17:46:57Z,0,0
UgzZgyp4M_dPhi-hkEJ4AaABAg,@RazorJolt3152,LET'S BRING BACK MEME TIME!!!,2025-01-28T17:46:46Z,0,0
Ugw-lK1D9jKMkM-Ipyd4AaABAg,@Ry3Music,it truly feels like i went back in time today. this is incredible,2025-01-28T17:46:45Z,0,0
UgyDtRLjp-KDCADuoTV4AaABAg,@maddiowens3549,"what a time to be alive, JSE and Turbo Dismount 11 years later??",2025-01-28T17:46:32Z,0,0
UgwL7Wj3FGmogmDCOeB4AaABAg,@danielcrump8254,Oh man the nostalgia to when I was in high school watching you. Now here I am watching this over my lunch break at work. Good times Jack!,2025-01-28T17:46:11Z,0,0
Ugzcym8v3c7kFP9l_ih4AaABAg,@Zottix,NOSTALGIA IS THROUGH THE ROOF,2025-01-28T17:46:03Z,0,0
UgyzABxB9Hw40NkBVvt4AaABAg,@surk5578,"Never did I think we'd be returning to this once more, and never did I know how much I wanted it until I received it.",2025-01-28T17:45:50Z,0,0
UgxVfRrEZvhjkzjDRE54AaABAg,@Temptinglotus76,"Within an hour gang
                                👇",2025-01-28T17:45:50Z,0,0
Ugx-wERvGDOISc8Fhyp4AaABAg,@joshuahoule8359,BRING BACK NOSTALGIA WEEK I NEED ONE MORE HAPPY WHEELS,2025-01-28T17:45:49Z,0,0
UgxiM1X1ncfvkTSS_HF4AaABAg,@Chip2686,We are so back bro…,2025-01-28T17:45:48Z,0,0
UgzDQUl7fhOIp7W4eK94AaABAg,@PirateBat,"""What's up, officers.......... I'm going at the speed of slow!!!"" 😂",2025-01-28T17:45:38Z,6,0
UgycrmlzjkGfSSBigUR4AaABAg,@CanInThePan,"Jack, if you see this, you can adjust how strong the turbo pads are. There is an adjustable button when you place them down, similar to how you could adjust the ramp.",2025-01-28T17:45:37Z,28,0
UgxkIS_tXFh7Sn48Iud4AaABAg,@tylerduxbury6105,Aye Im gonna need you to do that Dark Souls 2 full play through brother😂,2025-01-28T17:45:15Z,0,0
UgyxOpcPCs6-AVwX2tp4AaABAg,@vood__3,7:53 He's Still Got It!!!,2025-01-28T17:45:13Z,1,0
Ugy7Xgnabq3V7KthTPl4AaABAg,@goodhelmetjunior,0:48 who’s “big” lightning? I only know pink lightning,2025-01-28T17:45:13Z,0,0
UgxIxZSrv4-SVTXRAt14AaABAg,@XenoSFM,The nostalgia!,2025-01-28T17:45:11Z,0,0
UgxcnyHSEgFB5Sz3IIt4AaABAg,@Fl0sssie,Fully crying with laughter 😅 what a day,2025-01-28T17:45:09Z,0,0
UgyG0iBeV4XFN2mO02N4AaABAg,@Mr.TheMaster,Game was so good they made it a second time.,2025-01-28T17:44:42Z,1,0
UgwYMX-id1Jr7DZj4B94AaABAg,@RatoNoiado,Its been 10 years but its here lads,2025-01-28T17:44:41Z,0,0
UgyvspcrqW-i_FwCUk54AaABAg,@CharlS_lol,this was truly our turbo dismount,2025-01-28T17:44:39Z,0,0
UgxEoA4Sd94JI1xQBXl4AaABAg,@AvidCat5000,Key is speed.,2025-01-28T17:44:34Z,0,0
Ugzmc25jraDTKyultOt4AaABAg,@NorrisVaughn,I miss this game!,2025-01-28T17:44:29Z,0,0
UgxIJ46b2jkaGelQTFN4AaABAg,@realsupernova222,Say it with me now...SPEED IS KEY!,2025-01-28T17:44:09Z,0,0
UgzxySIv2S_BIm9MsCB4AaABAg,@ONByoutube,WE'RE SO BACK!!!,2025-01-28T17:44:02Z,0,0
UgxmuQMz_MAXAKb6UAh4AaABAg,@kawaiirat-chan6595,for about a week i had the highscore on every turbo dismount1 map,2025-01-28T17:44:01Z,0,0
Ugwh48JYNKX7pCno6md4AaABAg,@azzierulz,Oh that intro made me so happy,2025-01-28T17:44:01Z,0,0
UgxidVbSCiT6t3Lapf54AaABAg,@DeepSB102,"This feels like the good old days, thank you Jack for the nostalgia. A good way to end my day today 🫶🏼❤️❤️❤️❤️❤️❤️❤️❤️❤️❤️❤️❤️❤️❤️❤️❤️❤️❤️❤️❤️❤️❤️❤️❤️",2025-01-28T17:43:58Z,0,0
UgzPdbaKTqZsiCXGE7h4AaABAg,@theedge969,He said the thing at the beginning,2025-01-28T17:43:53Z,0,0
UgwK7yNs8PQ0mgSykf54AaABAg,@IanBateson-n4o,Hes Back !,2025-01-28T17:43:51Z,0,0
Ugxn8rip7Mlx39rGj2t4AaABAg,@SalewayBriften,"I just noticed, but I could be wrong, you can set the speed and duration of those boost pads. Imagine how fast you can go if those were set to maximum. Jack be unlocking full potential because Speed is Key!",2025-01-28T17:43:43Z,6,0
UgzsMQceJOg4ngZBEl94AaABAg,@SarahSnoodle,Didn't know I needed this until it arrived!! Brightened up a dreary week :D,2025-01-28T17:43:42Z,0,0
UgzfqYc4_yGnT1mgm0x4AaABAg,@shadowwolf9471,Must be american police lol,2025-01-28T17:43:32Z,0,0
UgwpVsWpf5wiAUVgh-V4AaABAg,@dustin404,This video feels like old youtube and it makes me so happy,2025-01-28T17:43:32Z,0,0
Ugx_F1S7eT_2nAfM9894AaABAg,@kakly3707,"WHAT???!!!?!?!?!
put the game in my steam cart as soon as i saw this vid",2025-01-28T17:43:30Z,0,0
UgwKj99BEoF_N0eZFBp4AaABAg,@Chilineko,"I'm a post-hat Jack viewer so its always nice to see new content on ""old"" stuff.",2025-01-28T17:43:30Z,0,0
UgyNL2PF_HbceKE-rRl4AaABAg,@christianhamm3978,"8:04 
Jack” NOTHIN STOPS THE SQUATCH!!!!”
Proceeds to get stopped by the smallest curb",2025-01-28T17:43:28Z,49,1
UgwSJ5fvA63ze2vf1UF4AaABAg,@ethanmacaulay1707,I havent heard jack laugh like that in a while. my child hood is coming back to me,2025-01-28T17:43:14Z,0,0
UgzSYpqsgwDpLV1LHyJ4AaABAg,@itsjustnate04,"I cannot believe it's been 10 years already, wow, I was 10 when I watched these videos and now, I'm turning 21 in March, what a crazy ride!",2025-01-28T17:43:10Z,0,0
Ugx585l8ly0yEIj1cHZ4AaABAg,@danielmunn182,"Smells like 2014 with a couple hints of, THE SQUATCH!, OWWWWW PINK LIGHTNING, and the most important ingredient…………SPEED IS KEY! (Jacksepticeye please give me a shout out for this comment)",2025-01-28T17:43:04Z,0,0
UgyWWjc21tTWogZRTcd4AaABAg,@alannaharlow,god i waited so long for this THANK YOUUUU <3,2025-01-28T17:42:57Z,0,0
Ugyiqn-ItoQJn2zKeYN4AaABAg,@Dali-gg2,WE BACK BABY!!! Oh the memories!!!,2025-01-28T17:42:39Z,0,0
UgzMNmPnWnJdTY8X0f94AaABAg,@Emsmightbe2small,O. M. G.   This is some major  throwback. I think I was in my last year in  first/ infants school. WOOOP!!,2025-01-28T17:42:37Z,0,0
UgzxW2pNSwLS7MacW694AaABAg,@cooper5747,I miss the old videos the ones without the ADHD editing,2025-01-28T17:42:33Z,0,0
UgzUqf8GQcVXae-BCtZ4AaABAg,@markus_378,Now does anybody notice the lack of *snowplows* here?,2025-01-28T17:42:31Z,0,0
Ugw6YhTfhQpYZuGYjfh4AaABAg,@marvdabeaf8085,This was one of the most memorable YouTube moments for me aside from Skate 3,2025-01-28T17:42:29Z,0,0
Ugz2zFOtibveIdwWnAp4AaABAg,@FlawlessRiver,"Jack: 7:52 NOTHING STOPS THE SQUATCH🔥🔥🔥🔥

Engine failure: 7:57",2025-01-28T17:42:26Z,0,0
Ugyw5FzLGreFHGUOH9h4AaABAg,@kylemarshall7318,Pls make this a series,2025-01-28T17:42:21Z,0,0
Ugy75r2PpeA3IqN_WoJ4AaABAg,@sandeshh.h,ITS LIKE 2012 AGAIN,2025-01-28T17:42:08Z,0,0
Ugwe-YHsk_2BaDy52k54AaABAg,@MatchaFairyGames,7:58 NOTHING STOPS THE SQUATCH!!!! 😂let’s go!! The nostalgia is hittin,2025-01-28T17:41:55Z,14,0
Ugy9G9D-7GZVXxkItNx4AaABAg,@richardwoodall-r6p,OH YEAAAAAA JACK 2014 IS BACK BABYYYYYYYYYYY,2025-01-28T17:41:50Z,0,0
UgwU0LY3nx4LkT2FbuB4AaABAg,@jayistrans2573,First video I watched of yours was turbo dismount. This video made me so happy,2025-01-28T17:41:41Z,2,0
UgxKROU6rin_0zhaThZ4AaABAg,@steelreign5559,"""Determination, strength, skill, speed, sax appeal! Raw animal magnetism!"" - Jacksepticeye 2025",2025-01-28T17:41:36Z,0,0
UgwWMIBZ3_CzyXi-sHZ4AaABAg,@wildboygregorymusic,Throwback! 💪🏼,2025-01-28T17:41:34Z,0,0
Ugxs9UuBcfx5_rdzPiN4AaABAg,@Tazznessa,PINK LIGHTNING IS BACK!!!!!,2025-01-28T17:41:28Z,0,0
UgwG4-SEuHVQRMpXUER4AaABAg,@Gurry45,17:20 are the 2 people in the cop car hank from Breaking Bad?,2025-01-28T17:41:27Z,0,0
UgxQ8s8b0XSarsgqk6R4AaABAg,@OneGuyThatIs,"😱😱 I never thought we would be back to Turbo Dismount!!
The lord has answered my prayers

Edit: It feels like we all went back in time to the first Turbo Dismount videos, I feel so blessed to be watching another Turbo Dismount video.",2025-01-28T17:41:17Z,0,0
UgwEcX-z3KZKqVeuXUR4AaABAg,@kanenorris9164,The way this video bitch slapped my depression away with nostalgia thank u papa sean,2025-01-28T17:41:16Z,0,0
UgxvGOtRnB5_S7edsIJ4AaABAg,@PlaylistProleteriat,These were the first few types of gaming videos I watched from Jack back in the early days. It's crazy the nostalgia I'm feeling,2025-01-28T17:41:15Z,0,0
UgyxPzrILQrdhJCHgzB4AaABAg,@shrubburai6836,Dam this a blast from the past,2025-01-28T17:41:13Z,0,0
UgziGC-ROgCSXco3G5J4AaABAg,@MatchaFairyGames,7:27 ALL THE WAY 🎉,2025-01-28T17:40:52Z,14,0
UgzJiNzO1qIXhh7pfB94AaABAg,@lewisallum4791,Yes yes he's back,2025-01-28T17:40:50Z,0,0
UgzDi_iq35tXbMdD1wN4AaABAg,@YourPalGamma,Turbo dismount was the first jack video I every watched,2025-01-28T17:40:46Z,1,0
UgwLEF6Pr2RMfHfBYgt4AaABAg,@rageamvs8284,And always remember NOTHING STOPS THE SQUATCH!!!!(bring me bck to 2014),2025-01-28T17:40:36Z,0,0
UgygyNxMxRCIIq7xHYV4AaABAg,@Mr12Relic,We got Turbo Dismount 2 before GTA 6,2025-01-28T17:40:33Z,0,0
UgxMXB-sLD-0zsS_mcF4AaABAg,@Knolseysfan,Him even doing the squatch thing is making me tear up,2025-01-28T17:40:31Z,0,0
Ugzm2uuKXkrNtHrpfAB4AaABAg,@dominichubbard9732,"Well, guess I'm now off to binge other old Jack-a-boy vids. I'll probably watch turmoil through for the dozenth time haha",2025-01-28T17:40:27Z,0,0
UgxUp-9J3C4yJ95acRd4AaABAg,@BK20327,This feels like a feeling I like feeling….this is so crazy that this is 11 years of my life later,2025-01-28T17:40:20Z,4,0
UgyXLHpvGTYs2B33bXt4AaABAg,@MrJKMCPE,Am I tripping or were you able to play turbo dismount online back in the day?,2025-01-28T17:40:18Z,0,0
UgygTQgf6b0nNqQXfIN4AaABAg,@RoyTheBoy75,Your early turbo dismount videos is how I discovered your channel,2025-01-28T17:40:18Z,0,0
UgxTRJ5ekGvP_9of2_Z4AaABAg,@silliest620,YESSS IM SO HAPPY,2025-01-28T17:40:14Z,0,0
UgxjIWjQAoH-DXpXAhJ4AaABAg,@rebeccamellott4998,I love how he was dodging irl whenever he hit something 😂,2025-01-28T17:40:12Z,0,0
UgxY4uVIDX0xHaDcFsZ4AaABAg,@WaterDragonGod2077,"I thought you'd never play it Jack, you just made my day",2025-01-28T17:40:07Z,0,0
Ugxzk3pa0evLtMZmI6R4AaABAg,@dominicvannucci2000,"You literally don’t understand that I just was playing the first one not even a day ago and you post this, not is it mind blowing but fucking awesome and I’m all for it",2025-01-28T17:40:07Z,0,0
UgzbtZ6pTbGFnawjDVN4AaABAg,@Quinn8529,My literal fucking childhood right here. 👌,2025-01-28T17:40:01Z,0,0
UgxHUFn1FTk1SQ512sZ4AaABAg,@crispyybaconx,HOLY SHIT I LOVED THIS GAME,2025-01-28T17:39:38Z,0,0
UgzPR-i_YrwvyurTjIt4AaABAg,@0-Commie_Cat-0,This makes me so happy :  ),2025-01-28T17:39:36Z,0,0
Ugwc8gcBc3kK9tGr8c54AaABAg,@50mt,As long as I can still laugh at turbo dismount I know things will be alright,2025-01-28T17:39:20Z,0,0
UgyTxoq8ozZ1y-F__nN4AaABAg,@manystarsinthesky8,AINT NO WAY THEY MADE A SEQUAL,2025-01-28T17:39:18Z,0,0
UgwHSxy1E1gFKldqHQh4AaABAg,@Jeremazing13,Omg yessssss its back,2025-01-28T17:39:18Z,0,0
Ugy2F94ynDJqNhIjCg54AaABAg,@JonathanColeMatthews,Turbo dismount 2?!?!?!?!?!,2025-01-28T17:39:18Z,0,0
UgyKtH121RHSCi3ssQ14AaABAg,@Kitsune_Boy_X_X,the good old days,2025-01-28T17:39:13Z,0,0
Ugzee9f9rEkYMrIh13d4AaABAg,@Corvussio,What do you mean “we’re so back”? Where did we go? The grocery store? We never left.,2025-01-28T17:39:11Z,0,0
UgyVP9ZnVrb8xMjk-nN4AaABAg,@The_Only_Gabriel,"Jeez, Jack! You can't just go around throwing that high five! Almost gave me a heart attack! 

We're not used to it, man! We were used to the jumpscares before! Gotta put up a warning next time!",2025-01-28T17:39:02Z,0,0
UgzB3GMyeRhGkGgWJa54AaABAg,@megalonfan414,20:31 Jack meets his arch nemesis of Turbo Dismount once again.,2025-01-28T17:38:56Z,0,0
UgwN0Mm_Ik4umc7_KO54AaABAg,@ezralapezra,21:10 i have never seen someone look this disappointed in my life,2025-01-28T17:38:45Z,2,0
UgxrY844kAeFmbczuSl4AaABAg,@lexiestar9,"Nostalgia baby! “Fuckin Snowploughs”We’re back in 2015 to the memories. I remember my favorite parts were when the character would just explode cause Jack enjoyed the levels where the cars would go max speed and just send his character flying everywhere.
I was screaming the whole time “play the “Merry go round”! Cause that might have more cars",2025-01-28T17:38:43Z,0,0
Ugzs00KqG3s1ArZH6fh4AaABAg,@DYNOSRR,WHAT THERE IS A 2???? NO MORE UNIVERSITY FOR ME HOLY SHIT,2025-01-28T17:38:43Z,0,0
UgxxXdHYASlakb0OZzx4AaABAg,@grump0639,I have to be dreaming there's no way this is happening,2025-01-28T17:38:33Z,0,0
UgyhzBaOOVN7rdBgyS54AaABAg,@theoappiah5066,I love this this was the series that got me to first start watching jack 😭🌝,2025-01-28T17:38:33Z,0,0
Ugzsj5dkA7ort-pOyzZ4AaABAg,@Pherretfish,"The sheer amount of nostalgia almost brought tears to my eyes hearing the intro, literally my childhood. This is exactly what i needed today",2025-01-28T17:38:29Z,0,0
UgzTcMqR67zoxanHXjF4AaABAg,@TannerWater,I really want you to play Indiana jones and the great circle I think you would absolutely love it,2025-01-28T17:38:14Z,1,0
UgznUbogrB1YbJgVnj94AaABAg,@arexsevhen2469,I LOVE YOU JACK,2025-01-28T17:38:11Z,0,0
UgzybScxUb_EEmjK9814AaABAg,@brodie6348,Dam this takes me back,2025-01-28T17:38:10Z,1,0
UgwUCfJyY-2r3faH-zx4AaABAg,@_HitDetected_,I knew he was gonna play this. Absolutely predicted,2025-01-28T17:38:01Z,0,0
Ugy5HRx-mIYQzdlFeLV4AaABAg,@cz-kick,"Holy hell I'm old, and I'm not even that old.
Seeing that notification felt like nostalgia just roundhouse kicked me in the teeth.",2025-01-28T17:37:58Z,0,0
Ugyxb254jwSoLxE7yo54AaABAg,@sfykc05,"its sooo nostalgic, and feel so good to see Jac play this kind of game in 2025 !",2025-01-28T17:37:55Z,0,0
Ugy1LstW7T32f4IKgGR4AaABAg,@Egg_Wallace,"Mr. President, theres been a second Turbo Dismount.",2025-01-28T17:37:43Z,0,0
UgyfyBp9KNfpi1eYYk94AaABAg,@Its_Just_Zachary,So happy that you decided to check out the sequel! I loved watching you play the first one back then when I was in middle school!,2025-01-28T17:37:40Z,0,0
UgxzORi2nXKoOWofPd14AaABAg,@rosemilkfr,when the world needed him most... he returned.,2025-01-28T17:37:38Z,0,0
UgyuvCRRqNBv0ueH4WZ4AaABAg,@bobthebrick1988,"I haven't watched your channel since you were making videos on turbo dismount 😅 I missed this so much man, i love those old videos and i miss your hilarity on this game",2025-01-28T17:37:37Z,0,0
Ugy7OoK--2BINO2STh54AaABAg,@jamiebirby,"This is already a huge improvement over the first game, I can't wait to see what else they do. I played the OG a lot on my own after watching you, so needless to say I was so hyped for this!",2025-01-28T17:37:36Z,1,0
Ugwo8GdbZuh8sLTzE-F4AaABAg,@quinnmclaughlin7537,"that ramp level near the end, you just needed like 3 turbo pads and you would have made the distance",2025-01-28T17:37:35Z,0,0
Ugy5X4Ck2EENB5GakoB4AaABAg,@travisscharich7495,"7:52
Jackieboy: NOTHING STOPS... THE SQUATCH
*0.2 seconds later*
Jackieboy: It would appear several things have stopped the squatch, what happened???",2025-01-28T17:37:31Z,0,0
UgyCd3ih60rG0Rym08J4AaABAg,@alexismcloughlin,Hell yeah 2014 Jacksepticeye is back baby let's go!!!!!!,2025-01-28T17:37:27Z,0,0
Ugx6icSdwZbDBzAu-Fp4AaABAg,@animadian,Wake up! Its 2013 and jack uploaded a new turbo dismount! This is how i felt when I saw this,2025-01-28T17:37:27Z,0,0
Ugy588dV56Ho4JoUEaJ4AaABAg,@dumbhuman4887,Almost stopped paying attending in orgo for this🙏 I’m so happy,2025-01-28T17:37:15Z,0,0
UgwWciR0MsGKYWIunoN4AaABAg,@ShadowWolfy-v7c,I get All the way to victory song vibes in this video lol,2025-01-28T17:37:14Z,0,0
Ugzy-qexzflT84Jsn9B4AaABAg,@tylermcmullen8741,Hell yeah!,2025-01-28T17:36:59Z,0,0
Ugz_jU0FtuUS2G8Kdu14AaABAg,@pyroasura3266,"13:18 I feel like Jack's brain cells are always having a crises, throwing whatever they have left in storage😂 

""Boss we're out of words!""
""Then start spewing out the left overs!
""The- Leftovers""
""Yes...""",2025-01-28T17:36:59Z,0,0
UgzMT-g-6iyc4nApykB4AaABAg,@vood__3,He did The Thing!🖐🏻💥,2025-01-28T17:36:59Z,1,0
UgwkB_yVs72poTQgL7l4AaABAg,@deniserussell123,Hopefully we get planes and trains too that would be cool to drive a train.,2025-01-28T17:36:57Z,0,0
Ugz5E8wxfpot-XoXDjp4AaABAg,@WaterfrontJustin,I like this version of you that didn't feel burnt out and feels like you wanted to make this video you lost that spark for a while I'm happy you've found a way to make it work for you.,2025-01-28T17:36:55Z,0,0
UgzIhhtyFtolN-Pmcop4AaABAg,@Sams_Saga,This is THE BEST DAY. Bless!!,2025-01-28T17:36:47Z,0,0
UgyMwUn0j7dMI3jO8ul4AaABAg,@ConDogg101,Never thought i'd see pink lightning and the squatch again! today is a good day,2025-01-28T17:36:45Z,0,0
Ugx8azhkNMcaxrdoaX94AaABAg,@theplayer12312,"I can't believe im seeing a game with a ""2"" slapped on the front be actually good",2025-01-28T17:36:37Z,0,0
UgyDVbgbqp9iYNZBkIZ4AaABAg,@reggie1421,Hey babe wake up jack just posted again!!!🎉🎉,2025-01-28T17:36:09Z,1,2
UgxXn_9rfDaO4gsoHbR4AaABAg,@DerpidyDerp,Imagining one of the devs laughing as they name that one obstacle the Spring Trap,2025-01-28T17:36:08Z,0,0
UgwAKyq9NpTXRwD9ThZ4AaABAg,@CerberuStyx,Now this is a blast from the fucking past,2025-01-28T17:36:08Z,0,0
UgzFA9M1GCGX9fgR4GB4AaABAg,@erich4105,"Jack, 
I'm not sure how long ago I started watching your videos but I do recall it being before 1 million where it was skate 3, happy wheels, goat sim, subnautica, and of course turbo dismount. The nostalgia from this video brought me back to running home from the school bus to see your newest upload, and for that I say thank you. I have loved watching your channel grow and watching you grow as a person. 

Much love to you and your family and thank you for everything you have done for us.
I might just have to go back and watch some of those oldies now.",2025-01-28T17:36:07Z,1,0
UgxZ9aYTgn_CMVp6L194AaABAg,@_vla,"Turbo Dismount 2..... Subnautica 2....

Its like this year is 2014 but remastered.",2025-01-28T17:36:06Z,1,0
UgwLb0SjG_gNxpV2mj14AaABAg,@soode1,"jack fan for over 10 years now, crazy to think about",2025-01-28T17:36:06Z,0,0
Ugyiek46Cats1jJCKRV4AaABAg,@davesutherland9165,You need to turn up the strength  on the turbo pad 🎉,2025-01-28T17:36:05Z,0,0
Ugxe65nE930dRu3P_L54AaABAg,@iamdood,ngl I was expecting a septiceye with a loud music in the outro but I forgot it's 2025 lol,2025-01-28T17:35:58Z,0,0
UgywIFKG3JcvtfM9fDl4AaABAg,@Grizlee-i2e,"this warms my heart in many ways from watching this when it came out and seeing this now, been here for 12 years MUCH love",2025-01-28T17:35:57Z,1,0
Ugw5d-5Kg0HfuRlXr154AaABAg,@vood__3,Top Comment Is Gay,2025-01-28T17:35:55Z,1,2
UgwQYSRtCBkB2bbtoUR4AaABAg,@theCupcakeEater445,My childhood is back 😢🙏,2025-01-28T17:35:54Z,0,0
UgxA63iy9B1sTJHu-YZ4AaABAg,@Drew.Lewandowski,"Oh my gosh, what a throwback! I absolutely love this content. Please make more of it!",2025-01-28T17:35:53Z,0,0
Ugxd3pcReVfLT9QlIbB4AaABAg,@AQUA-005-B,TURBO is BACK!!,2025-01-28T17:35:48Z,1,0
Ugxf8k_ADqNmOC0jme94AaABAg,@jamesconlin-90s,Well done on getting 1 million subscribers you desesrve it,2025-01-28T17:35:42Z,1,0
UgzQA9q3B-3ta6OoDml4AaABAg,@nubio9452,old youtube with a another layer of paint,2025-01-28T17:35:40Z,0,0
UgxWh1L7eLsmSOKrGD54AaABAg,@interstellar026,THE SCREAM I SCRUMPT IM 10 YEARS OLD AGAIN,2025-01-28T17:35:37Z,0,0
UgzvS1xsfcDCDQsf4O14AaABAg,@CapVixUnknown,Oh the nostalgia,2025-01-28T17:35:34Z,0,0
UgxrVV1bD03fyJm9UWt4AaABAg,@vood__3,Oh yeah baby! We're So Back!!!!,2025-01-28T17:35:29Z,1,0
Ugw5trXp-TwVIqxkUN54AaABAg,@Neb88,can you play pizza tower?,2025-01-28T17:35:29Z,0,0
UgyERwS4FtqrO1DwNH54AaABAg,@thegreatacolyt1277,Never knew 2 was even a thing,2025-01-28T17:35:25Z,0,0
UgwnTh5Wc_c20hjf0u54AaABAg,@ShinziiArt,7:22 all the way?,2025-01-28T17:35:24Z,29,0
UgzkqFEwNV4-gOKXnIZ4AaABAg,@GGMetal,Bro it's like I went back to being 9 years old again,2025-01-28T17:35:21Z,0,0
UgwHu5Q6pSNPAoHahnd4AaABAg,@ItzJonahB,This is where it all started for me 🥲,2025-01-28T17:35:17Z,0,0
UgzYFAR3OsDmr_X5CD14AaABAg,@maxcuellar6301,was literally just watching an old turbo dismount vid and i see this was posted,2025-01-28T17:35:18Z,0,0
UgwAHa-uYWzGSlUimXJ4AaABAg,@Jayden4-g2n,omg i feel 5 old omg and yes i watched this guy when i was 5 and now im 13,2025-01-28T17:35:17Z,0,0
UgzowsjjM2hPTesH-gp4AaABAg,@mrflaregamer,Classic jack content strikes again! 💥,2025-01-28T17:35:15Z,0,0
Ugz0HcytSuXqU3hCj8R4AaABAg,@shsiddudndbdisbdhsidb,greying but still posts❤ grew up with this guy more then my dad,2025-01-28T17:35:15Z,0,0
UgxX8mbAe7b45U9PU694AaABAg,@Jacksepticshark7,You can change the force of the boost pad for max speed,2025-01-28T17:35:10Z,0,0
Ugze03X4qob5AWkfV114AaABAg,@Cyberphaser,"""You're in safe hands!""
*Proceeds to contribute to his death*",2025-01-28T17:35:05Z,0,0
UgzStO8SqSQsgWLiFb14AaABAg,@Cooper-Radio,"Ah yes, the 7 human souls from undertale, they are exactly as i remember!

Red - determination
Green - strength
blue - Skill
Orange - speed
Purple - sex appeal
Yellow - raw animal magnetism",2025-01-28T17:34:59Z,144,3
UgwTYf1M-wlOUNtYnNB4AaABAg,@BongoSeazunFlow,Hell yea it feels like 1905 Jacksepticeye all over again!,2025-01-28T17:34:56Z,0,0
UgwYwfHn4SbbQo7upOV4AaABAg,@mrcwillis6970,Let’s go! I remember the trailer for this and I was shocked and happy.,2025-01-28T17:34:48Z,0,0
Ugx9s7Zd6ZpVq83UA-h4AaABAg,@frosty7832,ARE WE BACK!?!?!??!,2025-01-28T17:34:46Z,0,0
Ugzui1jYca4bBQrr7Jh4AaABAg,@casmusthaii,"The first jacksepticeye video I ever watched was the 3rd episode of turbo dismount back in 2015. I am 19 now and seeing jack play the game seems like a blast from the past. When things were actually simple and I had no worries. I used to binge watch jack’s play through series back then. I think the only cherished memory from my childhood was growing up watching jacksepticeye videos. I used to watch his daily uploads right after I got back from school, it felt like meeting with a friend after school. I am still glad I haven’t gave up watching jack till now. I lost and changed my interest many times when I was growing up but jack is the only person who I haven’t stopped watching. It’s been 9 years and watching jack to the point he is now, it’s like growing with someone…. Thank you jack for keeping me company",2025-01-28T17:34:42Z,0,0
Ugyqy4zlb_-OaG8244J4AaABAg,@silvrous8801,4 videos in a month? We almost back babyyyyy,2025-01-28T17:34:37Z,0,0
Ugx3Ekk4qEKWzNLRf1Z4AaABAg,@devin.doughty,Holy crap. What a throwback.,2025-01-28T17:34:32Z,0,0
UgxBfiCMxYE0SEyZ2tR4AaABAg,@courtneymcilwraith8445,The fact it’s been over a decade and here I am watching this one too 🤣✌🏻🫶🏻🫶🏻🫶🏻,2025-01-28T17:34:20Z,0,0
UgwCBsN5Q48z3d96vY14AaABAg,@Quarterknifewarrior6077,Love the original turbo dismount series so this is awesome,2025-01-28T17:34:20Z,0,0
Ugy1vWQi9QoD3ii8FdF4AaABAg,@natron0331,0:45 AAAAAOOOOOOO PINK LIGHTNINNNNNN!!!!!!  HELL YEAH I MISSED THAT!!!,2025-01-28T17:33:54Z,0,0
UgyBw0MD6v9-Tcant-F4AaABAg,@HerzyDoodle,OH MY GOSH ITS LIKE IM BACK IN COLLEGE AGAIN LETS GOOOOO,2025-01-28T17:33:48Z,0,0
UgzDbd8VkHqHRD5gEtt4AaABAg,@Chara_Dreemurr001,"Whenever there comes a day I don’t leave my room, I just lay on top of a pile of laundry, not eating, not going anywhere, just convinced about how everything terrible is happening because it was my fault, what goes around come around, and then I see the notification for this video pop up. Good thoughts flood in. The memories, those simple times, coming home from school and getting on the parent’s old computer and watching a random guy on the internet go, “Hello all you beautiful people!!” No matter how shitty a day involving a shitty teacher went, always made me smile back then. And now. Thank you Sean.",2025-01-28T17:33:46Z,984,14
UgwUmswNKO0h7AK64w14AaABAg,@liamaudette9446,I can’t believe we got Jack playing turbo dismount 2 before gta6,2025-01-28T17:33:34Z,0,0
UgxDTXm5biBwqd7DmIF4AaABAg,@austinreed5805,"Oh my god, the nostalgia is kicking in!!!",2025-01-28T17:33:28Z,1,0
UgwbS1jpRj51ZZSo-jJ4AaABAg,@heyitsalex.55,THE OG HIGH FIVE??? I MISSED IT SO MUCH,2025-01-28T17:33:18Z,0,0
UgyB5MAkyzN4SUFyyBl4AaABAg,@RKB_Gamer_11,@7:53 that has no business being that funny😂😂😂,2025-01-28T17:33:13Z,0,0
UgzcYrr8ulQBlgZorYp4AaABAg,@georgehunt6414,"I remember when I used to watch jack play this game in 2014 I was 10 years old and now I am 22 

My childhood is Back",2025-01-28T17:33:03Z,0,0
UgwH7bezMFPIOt8WUXF4AaABAg,@6swords422,Is this ever coming out to mobile.,2025-01-28T17:32:57Z,0,0
UgxWLquFDx9UstUAhzZ4AaABAg,@borderlands2_god,10 years ago. Wow!,2025-01-28T17:32:56Z,0,0
UgyVNhRUCJYD5q1K8jN4AaABAg,@sorlucs,WAIT ITS CALLED BIG LIGHTNING? FOR THE PAST 10 YEARS I THOUGHT IT WAS PINK LIGHTNING LOL (nvm),2025-01-28T17:32:53Z,0,0
Ugxm0LVNDsua9LUSokR4AaABAg,@Jagger_Hunter,"Wow i started watching this man when i was 5 in 2014 and im 16 now i remember this series so well sean you are such a inspiration and a legend and have touched the hearts of so many people and saved so many from their darkest times including myself this made me so giddy and happy to see like i was a kid again you are one of the only youtubers from my child hood i still watch thank you for always being there sean much love, support and respect!",2025-01-28T17:32:37Z,2,1
Ugza3kInKoCUtWQOQ0h4AaABAg,@sophie.online,holy shit what a throwback,2025-01-28T17:32:10Z,0,0
UgyC6LhUCFeCEOvTjzx4AaABAg,@Oogasra,Jack looks like a kid in a candy shop with Turbo Dismount.,2025-01-28T17:32:08Z,0,0
UgwxlkaSTJepeNC5NMV4AaABAg,@NovaFlare93,Do more of these Turbo Dismounts,2025-01-28T17:32:04Z,0,0
Ugy4wSPzeF-mswoQ6Hh4AaABAg,@Sir_Mistika,the nostalgia is through the roof rn. i absolutely love this,2025-01-28T17:32:03Z,0,0
UgwjBTCmYMBTWcszV-14AaABAg,@tassiou1874,WHERE IS THE SNOW PLOW..,2025-01-28T17:31:57Z,0,0
Ugx1DhifELJcFsO-DBl4AaABAg,@DjoserII,what a throwback,2025-01-28T17:31:53Z,1,0
UgwYFNBEklW5sixFU-B4AaABAg,@Wyver11,Sekiro when? Asking for a friend,2025-01-28T17:31:51Z,0,0
UgxwGwelLZzKN0z52yR4AaABAg,@Kai_edo,"I can say that i was there since the first turbo dismount videos, i was 10 back then and now i'm 20 😂😂",2025-01-28T17:31:45Z,0,0
Ugwrvl0XxqwraIxQrlh4AaABAg,@swank_company,"You won’t even believe this; 

This was the series I found you on, way back when. You were the best part of my school day every day I would check in when I got home for a new dismount video, and be thrilled to see you did. Laughed to bits and pieces whenever you got hit by a snow plow. 

Been going through the last series you made just last week. Fuckin eggselent timing brother. Thank you for posting more of this content. And thank you for helping out younger me. Older me would like to shake your hand for it. 

Much love and shalom to you sir. You will forever be a fuckin boss.",2025-01-28T17:31:45Z,0,0
UgyGDFiqlm6RR_3n_eF4AaABAg,@SpeK8,"""oh my. oh my god"" those were the words that came out of my mouth as i saw this video on my recommended.",2025-01-28T17:31:45Z,0,0
UgzkN618J9YpegcX1fd4AaABAg,@woodster605,This game WILL be everyone's nostalgia,2025-01-28T17:31:41Z,1,0
UgwkR6cae9Hlh_pkFq54AaABAg,@mat-mat101,"Man, it's been ten years already. Long time no see for the Turbo Dismount series!",2025-01-28T17:31:36Z,0,0
UgzRzQ9a0HBPGBeqj-94AaABAg,@PootManReal,Watching the 18th episode of his turbo dismount series was the first ever time watching Sean in YouTube! And of course I expect him playing this! The memories fly in...,2025-01-28T17:31:32Z,0,0
UgwNeoESXzSXnml-yw54AaABAg,@veil_26,"This video made my day, thank you Jack for blessing us with your energy 🫶🏻",2025-01-28T17:31:25Z,0,0
Ugy5uoLlZ5DU9_X6DBF4AaABAg,@FlightNationXL,Make another video!,2025-01-28T17:30:59Z,0,0
Ugy9y1u5XNKRPPnQn6d4AaABAg,@ksstoner,Oh please let this be a series like the original Turbo Dismount videos! Love that series!!!,2025-01-28T17:30:58Z,0,0
UgwfRYP5cP2X1RwUqcl4AaABAg,@illusiontwoD,Danggg miss ya man . Remind me of the school days,2025-01-28T17:30:49Z,0,0
Ugx1YVUWF4_M6wCR0AN4AaABAg,@amirmoein4060,never have i have been more happier to see turbo dismount back 😭😭😭,2025-01-28T17:30:43Z,0,0
UgxkLBrXzFbbFcI3KcB4AaABAg,@Kloud0,I had this game on my wishlist and i bought this because of watching you play the first game.,2025-01-28T17:30:42Z,0,0
Ugzu4TXfch7oJOcuKIR4AaABAg,@DragonScythe64,it's back in sequel form?,2025-01-28T17:30:25Z,0,0
Ugz6pZoplDHziF_IlUZ4AaABAg,@gojijam6552,"This brings back so many memories, ah good times",2025-01-28T17:30:16Z,1,0
UgyorE5EZ7nKsS-PKq54AaABAg,@kristianmakhol361,Who agree with me to who want jacksepticeye to play goat simulator remastered full game and 100%,2025-01-28T17:30:04Z,0,0
UgzfhkUtg9GJ2dcqKS54AaABAg,@dantetrevino8909,"I know things are different, but it's nice to hear the og intro in a new video",2025-01-28T17:29:53Z,0,0
Ugw-O3vCVZIprbu3NuJ4AaABAg,@mjjremasters3237,The nostalgia of watching these when they came out 10+ years ago 😭,2025-01-28T17:29:51Z,0,0
Ugx40vZmkpa_2ac3LHB4AaABAg,@carl9304,Childhood memories incoming🥲,2025-01-28T17:29:49Z,0,0
UgyN6LdYqC6q1V5wjcB4AaABAg,@owendamon734,We have never been this back. The only way we could ever be more back is happy wheels 2,2025-01-28T17:29:46Z,0,0
Ugx9NhHwO2MW-Fytp0Z4AaABAg,@hectoris919,I cant wait for people to make absolutely busted maps like they did with the first game lol,2025-01-28T17:29:42Z,0,0
UgwNmUz2FUjkg3_SlZJ4AaABAg,@petofiarkwright3236,ohhhh I was obsessed with these!!! so awesome seeing this game again,2025-01-28T17:29:39Z,0,0
Ugy8aL6cenz-8zRPjB14AaABAg,@robinbroadbent6456,I didn’t know there was a second game of this hopefully they put it on console,2025-01-28T17:29:36Z,0,0
Ugy6stoTvqptCKrtda14AaABAg,@dirtywyvern2991,The internet is healing,2025-01-28T17:29:28Z,0,0
UgwL16pae9bderRYJ_B4AaABAg,@londonzapp2909,If you look up the old turbo dismount game on google your face from playing is on the overview,2025-01-28T17:29:28Z,0,0
UgxK5csKN5wLwTymEhB4AaABAg,@cyber_runner,"""NOTHING STOPS THE SASQUATCH-""
The way my body responded to that sentence before my mind did was amazing lol I got transported back to when I was 10yo XD",2025-01-28T17:29:25Z,0,0
Ugya0iWgyfK7YxC8b414AaABAg,@keakaell3593,It feels like 2014 again. I wanna cry right now,2025-01-28T17:29:24Z,3,1
UgztJ-4DGIMMw8gpMMV4AaABAg,@ChugNugget,"Damn, now I've gotta revisit the classics again",2025-01-28T17:29:22Z,0,0
UgwSf1KLh9wV6dhj9NV4AaABAg,@thepeckertickler,It has been years Jackie boy,2025-01-28T17:29:13Z,1,0
Ugx2SAaTlBu94smv3zJ4AaABAg,@Xedronic,wait until he realizes that he can adjust the power of the speed boosters,2025-01-28T17:29:08Z,0,0
Ugzrfoq9UderXk_pqgt4AaABAg,@brooksy630,20:30 THE RETURN OF JACK'S WORST ENEMY...THE SNOWPLOW,2025-01-28T17:28:48Z,1,0
UgwzMFfAz2h-xZaNdh54AaABAg,@KEERNG,I passed my driving theory today,2025-01-28T17:28:45Z,0,0
UgzdULPZ2GaI-7fA0Md4AaABAg,@thorgavin,No way all of my favorite creators are putting out videos at the same time,2025-01-28T17:28:29Z,0,0
UgyAC-GVvI_DVrlJOiJ4AaABAg,@jordanjo6371,Who remembers when killian was playing this with jack,2025-01-28T17:28:18Z,0,0
UgyoQp09zbkKyGhybNd4AaABAg,@kimberlynelson1468,Glad to see you playing a fun game.❤❤❤,2025-01-28T17:28:09Z,0,0
UgyUjVi2KfhvPSdJ_X14AaABAg,@WelcomToJungle,👇🏻 under 1 hour to watch the legend,2025-01-28T17:28:01Z,0,0
UgwbvDGr7Y478JpIdCh4AaABAg,@cadenleonard3714,7:53 bro that couldnt have gone better,2025-01-28T17:28:00Z,0,0
Ugz1-_Muhi0u6KMIpml4AaABAg,@islandboy7822,Dahm this brought back some memories😂,2025-01-28T17:27:56Z,0,0
UgwOo2fBxAwBWmoc9ap4AaABAg,@tonyanimator821,ITS BEEN YEARS THIS FEELS ALOT LIKE 2017-2018 ALL OVER AGAIN 😭😭😭,2025-01-28T17:27:50Z,0,0
UgxJNdZtJM18-bxGc3p4AaABAg,@knight2189,He is back,2025-01-28T17:27:37Z,0,0
UgwjCmlWZue4lg4ccl14AaABAg,@littlepersoncus6678,will jack respond?????,2025-01-28T17:27:37Z,0,0
UgygBkHNciTeiXmF3kx4AaABAg,@cbender_05,Holy shit!!,2025-01-28T17:27:19Z,0,0
UgxMQqUVPv1E4qsl9sl4AaABAg,@wormie77,my childhood has returned,2025-01-28T17:27:18Z,0,0
UgxcGsEAZa6pxhciSQl4AaABAg,@rhydian_draws,To think 10 years ago was when I started watching as often as I could!,2025-01-28T17:27:12Z,0,0
UgxTUVFfuUTU4YTU_sR4AaABAg,@lucboss101,"OWWWWWW PINK LIGHTNING!

Been a long time since you brought back this Jack.",2025-01-28T17:27:03Z,0,0
UgxJDwY8tvMnbgQ6tjx4AaABAg,@cattmontalbano5398,❤❤❤❤😂😂😂😂 lol the way u went bk and not forward lol ❤❤❤❤ missed u mate hugs,2025-01-28T17:27:02Z,0,0
UgzfokZhS2yWLnIGfet4AaABAg,@ShinziiArt,They made a second game? :O,2025-01-28T17:27:01Z,0,0
UgzC1HZ7itHUBxiLdHh4AaABAg,@cacti_army5877,"I was literally, randomly thinking about turbo dismount yesterday 😂",2025-01-28T17:26:54Z,2,0
UgxHQvQej0s4FdaMolV4AaABAg,@tskwerl,"It's been 84 years - all of us, probably.",2025-01-28T17:26:50Z,0,0
UgyPNv1r86FMJOxMFX94AaABAg,@itotino,Hey jack they made a sequel to guns gore and canolli,2025-01-28T17:26:38Z,0,0
Ugwe2MVaEKxh0aSWtcZ4AaABAg,@jakeatkinson4216,I remember this back In 2014 the first one,2025-01-28T17:26:35Z,0,0
UgwTyZnwc9aC5lRzw1R4AaABAg,@soloknife,Jack worst enemy the snow plow,2025-01-28T17:26:12Z,0,0
UgxnPd_Nc-Z2cRi-5El4AaABAg,@WavByWalker,0:44 I thought it was pink lightning?,2025-01-28T17:26:10Z,1,0
UgyXFy9k3MXQDwpmm754AaABAg,@jacksepticeye,2014 Jacksepticeye is BACK,2025-01-28T17:26:07Z,24359,530
Ugxq4JpQcFVUnhj_pjd4AaABAg,@sage3028,The way my jaw dropped when I saw this,2025-01-28T17:25:58Z,0,0
UgxhTEY8XmepjnMe06V4AaABAg,@CrunchyLemonade7,Still got that groovy music 😎 w game we so back,2025-01-28T17:25:51Z,0,0
UgwUL60uqQNq-ATU_jB4AaABAg,@theswedishbeard,Turbo Dismount?! What is this? 2014?! Let's hecking go!,2025-01-28T17:25:22Z,0,0
UgzrwPj-4ADrriHWgRl4AaABAg,@DeltaPlays38,"Immediately after watching this, definitely rewatching the original series of Turbo Dismount!",2025-01-28T17:25:16Z,0,0
Ugy8BWtrxWpirg0b7YZ4AaABAg,@jackpatch3s140,"Just what I needed amidst the chaos currently, some good ol’ nostalgia with Jack",2025-01-28T17:25:10Z,0,0
UgxyS9S1vRDKX4Hu45R4AaABAg,@thomasgandy7576,I missed the old days let’s funny,2025-01-28T17:25:05Z,0,0
UgzhiE45aBzgr8Q1-Mh4AaABAg,@sw4gr3bel35,8:29 sounds a bit spicy,2025-01-28T17:25:00Z,7,0
UgzqfY2Nyi0o9eKxVnJ4AaABAg,@yuukithehedgehog,It's been what 13 years,2025-01-28T17:24:52Z,0,0
UgwE34LNRmWuhTo0kNp4AaABAg,@nightfall-8891,The King has returned...,2025-01-28T17:24:50Z,0,0
UgxgDoJwzic89amMBqt4AaABAg,@Haze5ive9ine,I thought this was an old video and then noticed really fresh comments😭😭😭🙏,2025-01-28T17:24:48Z,0,0
UgynUkYfoBhYjcbsjyV4AaABAg,@hydroonsticks4602,OMG THE NOSTALGIA😂😂😂 TOP OF THE MORNING TO U LADDIES PS LOVE U JACK WATCHED UR VALIANT HEART PLAYTHROUGH,2025-01-28T17:24:44Z,0,0
UgyI-yOhqWhtFNra_Ix4AaABAg,@citrusbongo,TURBO DISMOUNT IN 2025!?,2025-01-28T17:24:43Z,0,0
UgySmDAwn_jEfK9RuN14AaABAg,@alexknj1,"Its like that scene from Ratatouille, taken back to childhood",2025-01-28T17:24:39Z,0,0
UgykGWGYB35jYF2DEwx4AaABAg,@Therealblacktux,"brothers, we’re home.

brings a damn tear to my eye",2025-01-28T17:24:38Z,0,0
UgyOQRQ37sgwKMJFZ9d4AaABAg,@ColossalReaperN7,"As someone who first discovered Jack around the Turbo Dismount & Skate 3 era, i am geeking tf out rn!!",2025-01-28T17:24:33Z,0,0
UgzciiwVN0xtLD03tA14AaABAg,@everyonebear6769,we are indeed back,2025-01-28T17:24:32Z,0,0
Ugx7epFDQNWSVqi7_Q94AaABAg,@ador3qr,"“Determination, strength, skill, speed, sex appeal.” - Jacksepticeye, 2025.",2025-01-28T17:24:32Z,9,0
UgyFutgEE94vBCQgonR4AaABAg,@Rakso_F,We're going back 10 years with this one 🗣🗣🔥🔥🔥🔥🔥,2025-01-28T17:24:26Z,0,0
UgygoogGUYpVyszkg754AaABAg,@mondaynugget6503,Hearing about no Deltarune letsplay and a new turbo dismount video in the same day was quite the rollercoaster.,2025-01-28T17:24:25Z,0,0
Ugznnhu-TH1m8TvfDPV4AaABAg,@korosaki13,WHAT YEAR IS THIS?!,2025-01-28T17:24:24Z,0,0
Ugwb1BgkP6iG25C15xR4AaABAg,@jckistan,"I used to be 10, running home to watch a Jacksepticeye Turbo Dismount after school.
I'm almost 20, running home to watch a Jacksepticeye Turbo Dismount after work.",2025-01-28T17:24:23Z,0,0
Ugznge5OLZ_5xRBJn3F4AaABAg,@HreodGaming,"The samsquanch is unstoppable, until he's not.",2025-01-28T17:24:07Z,0,0
UgzKfYERZwid5LSE--x4AaABAg,@silverscarab8072,Nature is healing,2025-01-28T17:24:05Z,0,0
Ugy4mgWeYiiMACpn3hx4AaABAg,@LlamaTrauma13,Fantastic 😂 I’m glad I’m not the only one that’s terrible at physics 😂,2025-01-28T17:24:04Z,0,0
UgzYhINXgKLtPImG9qN4AaABAg,@justconsumed,EHEHEHEHEHEHEEEGEEEHEHEE I LOVE U JACK,2025-01-28T17:24:02Z,0,0
UgwHXa1TJCULM106IzZ4AaABAg,@Tecnicx,talking about the 60fps i remember when you done bully and you was exited for 30fps instead of 20 fps makes me feel old🤣,2025-01-28T17:23:55Z,0,0
UgzjHaPZpxs7VCkOuWt4AaABAg,@infinitescream,THIS IS GREAT.,2025-01-28T17:23:54Z,0,0
UgxcqaNgPsQCludOWnR4AaABAg,@Skylandiat,wut the sig-,2025-01-28T17:23:41Z,0,0
UgyWnGhD1O0e0LSbtyl4AaABAg,@PlushMan23214,Been playing the demo and couldn’t wait for you to get your hands on this game. Yes. We are so back!,2025-01-28T17:23:41Z,0,0
Ugy95ZobX16HPnrk5bt4AaABAg,@Bourbon9203,omg i was just about to rewatch the og turbo dismount series,2025-01-28T17:23:39Z,0,0
UgyvVd-Uu97LF2-6pgx4AaABAg,@MyFyFTW,I remember watching the first one when I was like 8 in the hamptons in 2014 on my iPad mini. Lfg. We back.,2025-01-28T17:23:12Z,0,0
UgzaWg9nNml2ZNCNN4h4AaABAg,@ChokyoDK,I remember watching the first Turbo Dismount video on my Ipad 1. Time flies.,2025-01-28T17:23:02Z,1,0
Ugykt4DnF0_yuA0BuDB4AaABAg,@RaisinHook,I wonder if the Sasquatch is still doing donuts,2025-01-28T17:22:57Z,0,0
UgzV5KqZ7TTLrCzSRKR4AaABAg,@MyFyFTW,No fucking way,2025-01-28T17:22:49Z,0,0
UgzX31zST4fJoyRHs3B4AaABAg,@KevinIyoob,Jesus loves you Jack God bless you❤️,2025-01-28T17:22:48Z,1,0
UgyXsMA5xj890yd8V-14AaABAg,@ceyla_vee,OH BABY just the nostalgic comfort I needed during these trying times 🥲,2025-01-28T17:22:45Z,0,0
UgzkRfIEVRN3Sas9j0p4AaABAg,@tatermangames3391,"my birthday is tomorrow, this is the best gift I could have ever asked for",2025-01-28T17:22:38Z,0,0
Ugw36ELQkrVRos7367l4AaABAg,@DevinAllStar1218,It feels so good back to play turbo dismount and seeing all our favorite cars like “NOTHING STOPS THE SQUASH” and OHHHHH! PINK LIGHTNING”,2025-01-28T17:22:38Z,0,0
Ugw8nou2kjsooFndDqN4AaABAg,@thexgamer8240,Nostalgia week outta nowhere.,2025-01-28T17:22:37Z,0,0
UgzWO87fUDGulZFac2t4AaABAg,@bluefire2131,I wanted to try the first version by I can't download it they removed it,2025-01-28T17:22:35Z,0,0
UgxrXgzuCg39jEWpbop4AaABAg,@EvanDowell1213,JACK. IS. BACK!,2025-01-28T17:22:32Z,0,0
UgzpeOBMVITqkFv8y954AaABAg,@VonHashira,It feels so good to see this,2025-01-28T17:22:27Z,0,0
Ugwj6fntUtukvGizJ-t4AaABAg,@Princelucario1001,A blast from the past reborn,2025-01-28T17:22:27Z,0,0
Ugz_lKmcCmn0rP_D4Qd4AaABAg,@trevorsawyer2272,"OHHHHH PINK LIGHTNING, omg bro my childhood is back this just made my entire week",2025-01-28T17:22:19Z,0,0
UgzM2EwiyJZ2gF7LYeN4AaABAg,@butterkay1820,The first game is actually how I discovered Sean. I would sit and watch all of his videos and show my family. He was the first YouTuber I ever watched and still watch. You have no idea how touching it was to see him play this game and be reminded of when I first was introduced to him,2025-01-28T17:22:18Z,116,0
UgxDISmjqbl-4q40uyh4AaABAg,@KakhaPrime,we are so back!,2025-01-28T17:22:06Z,0,0
Ugxm0sS8GpEUpRCTPAx4AaABAg,@Phantom_Arez,Ohhhhhh Big Lighting!!!!! Ok but confusing the captions say pink lighting,2025-01-28T17:22:05Z,0,0
UgyXNQ8zcNiloGh_pFN4AaABAg,@nathanbyberg,Nostalgia hit hard on this one! Happy to see this again Jacksepticeye,2025-01-28T17:21:55Z,4,0
UgwoXtIWNl_ccDyZ3Gt4AaABAg,@Stxppxnwolf,HELL YEAH WE GOT THE INTRO AND EVERYTHING,2025-01-28T17:21:52Z,0,0
UgxtNpW_c1tR6fu0UgZ4AaABAg,@Kai_Phantom,Next he’ll play sims,2025-01-28T17:21:49Z,0,0
UgzSZsFxFZZXUNgikCt4AaABAg,@oliviamurwin7576,PLEASE TELL ME WE'RE GETTING A POPPY PLAYTIME VIDEO IN TWO DAYS. This American needs something to look forward to.,2025-01-28T17:21:26Z,0,0
UgxkE4XN5gTKlh4hJ3B4AaABAg,@Xelafur,absolutely love this video!!!,2025-01-28T17:21:25Z,0,0
UgybjgUX-5OOEW8X2sl4AaABAg,@fluxcptndavey4378,Just tell me they brought bacm the Boogie Bus!,2025-01-28T17:21:16Z,0,0
Ugz5_vYPOvZF6mZ0ZS54AaABAg,@avali22,Ohhhhhh shit I might cry,2025-01-28T17:21:12Z,0,0
UgxIzeuPBgLh7e63IZ14AaABAg,@sanstheredpikmin7363,WE SO BACK!,2025-01-28T17:21:11Z,0,0
UgzFjoUkNgWGN4X3Au54AaABAg,@brooklynvlogs9396,Day 12 of asking Jacky to play DS2 and suffer for our entertainment ❤️,2025-01-28T17:21:11Z,0,0
UgwVdLaYPlOxD0oPdLB4AaABAg,@THE_AUTISMOS,"Sean, this is not what I was expecting today. Nostalgia out of the way. This is wild",2025-01-28T17:21:09Z,0,0
Ugz8jW5T9Kcb9GNnihx4AaABAg,@samuelramirezSKLC,a piece of my childhood has been revived,2025-01-28T17:21:08Z,0,0
UgyvqD0NDmswX8Mm5094AaABAg,@Littledancingdog,There's a sequel to Turbo Dismount,2025-01-28T17:21:08Z,0,0
UgyoHcp5JGLqkEQKPhJ4AaABAg,@hewghh,I think this a sign.. WE NEED ANOTHER NOSTALGIA WEEK,2025-01-28T17:21:07Z,0,0
Ugwrc64gtjPSqAwX2PJ4AaABAg,@LeachedSoul,Jack posted. Me happy.,2025-01-28T17:21:02Z,1,0
Ugx0Qt2qsKcxzeh90J54AaABAg,@Spedatr0n,WE ARE TRULY BACK!!,2025-01-28T17:20:53Z,0,0
Ugw760PsEEgEpBCPsRB4AaABAg,@TheCorvidsCorner,"Hearing all the old jokes and references and the same absurdity is so fantastic, this video brings me immense joy.
Thank you so much, Seán!",2025-01-28T17:20:48Z,2,0
Ugxk_SfOKceCd0cCJ7F4AaABAg,@velchegjoshikj4552,"Me and my brother have been watching your videos since we were like 6 years old. The first videos we watched were turbo dismount and happy weels. And when I read the title of the video I instantly felt nostalgic, thank you for making this video and thank you for making my childhood a very memorable one.",2025-01-28T17:20:46Z,11,0
UgxQ83URBw1-uCs7ZO14AaABAg,@kadentoporcer-vu3qf,How are you doing today buddy how bb doing today,2025-01-28T17:20:46Z,1,0
Ugx2Va7CkmhbX3mA1jd4AaABAg,@BinChillins,Has it really been that long?,2025-01-28T17:20:32Z,0,0
UgzMHupapWe8TVMO6rB4AaABAg,@Kreepo420,"I say the notification and my brain just went…
NOTHING STOPS… THE SQUAAAATCH",2025-01-28T17:20:24Z,0,0
UgxibFWjo5YSuWIQJNt4AaABAg,@liam-is7zs,It's good to see turbo dismount back on the channel nostalgia.,2025-01-28T17:20:21Z,0,0
UgwBQJ9EhMDgcT6rpu14AaABAg,@Benobot99,Takes me right back to 2012. 🙂,2025-01-28T17:20:19Z,0,0
UgzLk-23cGVcVHu7uOB4AaABAg,@goofienoofie6985,"I remember when he first started the series, way to make me feel nostalgic and...old xD",2025-01-28T17:20:17Z,0,0
UgyzB_eqz2wqXmZ4zll4AaABAg,@DaRealBruner,It's like the 2010's never left.,2025-01-28T17:20:16Z,0,0
UgxZc2rbvjgR8D4QNGN4AaABAg,@markuscarlsen5283,WE IS BACKK,2025-01-28T17:20:14Z,0,0
UgzIv2moI9KNPpBQj0t4AaABAg,@jaysmokz,i was 10 when he played turbo dismount to think that im 21 now hurts (idk how old i rly was)🤣,2025-01-28T17:20:13Z,0,0
Ugw4LOWUSRUamY88svp4AaABAg,@Slimey9600,"I Watched This When i Was 7 Ahh the old times

Ff i get a reply by that one bot thanking me for 1 mil subs ill be pissed",2025-01-28T17:20:10Z,0,0
Ugw0oGP-uxRC6LJR9It4AaABAg,@badoobles,"Videos like this give me hope that the world can still heal. Or at the very least, we can have fun whole the world crumbles. 😂💀",2025-01-28T17:20:04Z,0,0
Ugwh9-_r--XDfBY8Q8d4AaABAg,@Hulk-ex,"I'm surprise he remembers his own catch phrases for each vehicle, glad to see this game come back",2025-01-28T17:19:43Z,0,0
UgxQJM7F-E6sOqhtnJh4AaABAg,@beamplays1484,turbo dismount is the way i discovered your channel. Still watching after 10 years.,2025-01-28T17:19:34Z,0,0
UgzYYjwPrOViRKuOmqZ4AaABAg,@agoodroastdinnerlordofchaos,He he said 0:43,2025-01-28T17:19:26Z,0,0
UgzWEBQJjYgyPId6eY54AaABAg,@KaydenSilvertongue,Oh I needed this today. The nostalgia when I heard “NOTHING STOPS! THE SQUATCH!”,2025-01-28T17:19:21Z,1,0
Ugx5sb37m0YF6SW9ff94AaABAg,@coco_matt,"Oh hell yeah, we are so back",2025-01-28T17:19:06Z,0,0
Ugxc5CmUd76lf2yvI_B4AaABAg,@TitaniumStudios822,"turbo dismount, my beloved.",2025-01-28T17:19:03Z,0,0
Ugz8WsLIP2SyTSF9jw94AaABAg,@shototodoroki7138,"the reunion we've all been waiting for, the turbo dismount games are always perfect for his level of energy",2025-01-28T17:19:02Z,2,0
UgxKhDzX7ToOnHzo5r54AaABAg,@rohbro345,"Seeing Jack going back to playing old games is such as joy, here's to hoping jack returns to play Slime Rancher 2 as well.",2025-01-28T17:18:43Z,0,0
UgwCNq_wCqIaKluCCr14AaABAg,@shicon1,FUCK YEAH THIS FEELS LIKE THE HILL CLIMB RACING DAYS! THE DUFE PERFECT  BOTTLE FLIP SHIT! LETS GO!,2025-01-28T17:18:38Z,0,0
Ugz0fxjMR6V5hTipRW54AaABAg,@seppehens8459,"god this is pure nostalgia!!!! ,it would have been amazing if he started with top of the morning",2025-01-28T17:18:37Z,0,0
Ugw9zdg-PW8kltxrOxF4AaABAg,@mashewAU,LETS GO I CANT BELIEVE IT @Jacksepticeye,2025-01-28T17:18:21Z,0,0
Ugy7OwAq5pGsjC3I9n14AaABAg,@Phizzyyy,I found you jack in 2012 watching this series and literally crying laughing so hard I couldnt breathe with my older brother. I will cherish that memory forever and this video had me feeling like a kid on christmas morning thank you for everything jack! <3,2025-01-28T17:18:18Z,12,2
UgzO8RnaGHyyUy3ZXjF4AaABAg,@PI-INSANITY,Finally.,2025-01-28T17:18:15Z,0,0
Ugz1yqFZAOXFhDjNkTN4AaABAg,@callmeparzival5870,"My favorite series by Jack, being revived on my birthday!?! Hell YES!",2025-01-28T17:17:47Z,0,0
Ugx20V6yXvWaA3-a60l4AaABAg,@sal112,just like the good old days,2025-01-28T17:17:47Z,0,0
Ugw45udNSwSmp6FYmkN4AaABAg,@smileysqueak,Ain't NO way,2025-01-28T17:17:46Z,0,0
UgwE3Gz375wdcG4BueZ4AaABAg,@Sansskeleton-j6g,i wonder if he'll play kindergarten 3 when it releases.,2025-01-28T17:17:44Z,0,0
UgydBkUWhLxu_clJRhV4AaABAg,@DT_angling13,17 mins ago will the goat reply,2025-01-28T17:17:39Z,0,0
Ugy2n6BWUIYCmTkR9vB4AaABAg,@ITSFAITHINTIME,"Silly gooner chaos, less gooooo!",2025-01-28T17:17:36Z,0,0
UgwvKgNiHhxWBvmSki54AaABAg,@KillienMcCoytheJester,"Damn, we got Turbo Dismount 2 before Elder Scrolls 6 and Gta 6",2025-01-28T17:17:35Z,0,1
UgzK-GeUC5ph8K1aBr14AaABAg,@K7smks,It feels like im 7 again,2025-01-28T17:17:24Z,0,0
Ugy9tN19Fbx2T-iCOPN4AaABAg,@nigelzappernc1772,MAKE THIS A WHOLE THING PLEASE,2025-01-28T17:17:23Z,0,0
Ugz0PepXonNEK-4O_0J4AaABAg,@WSvamos99,"7:52 ""NOTHING STOPS THE SQUACH""

I felt like I could smell 2014 after hearing this line😊",2025-01-28T17:17:22Z,2806,9
Ugwapgj3eMv8qlvs4aZ4AaABAg,@CONGARD,I expected a bit more after 10 years 😂,2025-01-28T17:17:21Z,0,0
Ugz9JJYhdaofoB5VjSN4AaABAg,@Eli-tk5vd,Aw yeah time to feel like a kid again with no bigger worries than homework😂,2025-01-28T17:17:19Z,0,0
UgwtAvjgKqX_YlbQYpJ4AaABAg,@jir3965,This is a classic game😎,2025-01-28T17:17:19Z,1,0
UgzgnD4bgkI75zqpW_N4AaABAg,@brian_b_music,"What, there’s a sequel???!!! I have Turbo Dismount on every device I own. This is the greatest day of my life!!!😂😂 Big Air Compo is my favorite level. I use turbo pads all the way, with mines at the very end for maximum hang time..",2025-01-28T17:17:00Z,1,0
UgyhuqjpGyf-I9HTHy94AaABAg,@Wayhoo,We're back in 2014!,2025-01-28T17:16:54Z,1,0
UgyWVmkgl4Y2cmGSNLx4AaABAg,@firebowstress57365,I got a notive about turbo discount i click ... im 15 again,2025-01-28T17:16:50Z,0,0
UgwFoTvdDhLQq8ITayp4AaABAg,@HaLo-,"LIFES COME FULL CIRCLE BABY

One of the first videos of not only Sean i ever watched but one of the first youtube videos was the first episode of turbo dismount from Sean",2025-01-28T17:16:46Z,0,0
UgxSFZHVjmdXuOqbra14AaABAg,@PhenixSkull,"Jack you should play batman arkem shadow on oculas, please make this top comment",2025-01-28T17:16:45Z,0,0
UgwAJOkRDhlLf5YDPkR4AaABAg,@ImperfectXIII,Turbo Dismount WHAT?!? There's a SEQUEL?!?,2025-01-28T17:16:38Z,0,0
UgxwbrdEKwV2EV5Go854AaABAg,@bc6189,"As soon as I saw this, I was hoping you’d find this game",2025-01-28T17:16:32Z,0,0
UgwbnrKQF8WG5pFQ7gx4AaABAg,@sethschannel7456,"No way! I was just looking over the old turbodismount video while watching the subnautica playthrough, this is awesome!💯🗿🔥",2025-01-28T17:16:31Z,0,0
UgzJJNtNRftDHLR5zB14AaABAg,@LumiKaten,"Oh wow

That’s

That’s my childhood right there",2025-01-28T17:16:29Z,0,0
UgysfYiHwSmUY5_9nK14AaABAg,@SprayCanGuy64,SEQUEL!? FUCK YEAH!!,2025-01-28T17:16:27Z,0,0
UgygPxcLwH4WemHrxa94AaABAg,@dinklebottom_,this is genuinely so amazing so many memories,2025-01-28T17:16:23Z,2,0
UgyZEwJG-KHLIrAPGmZ4AaABAg,@jokrhiguy2426,I was LITERALLY about to rewatch the original,2025-01-28T17:16:00Z,0,0
Ugx7rV53GMrXPgxjETx4AaABAg,@fianafarrington6899,"I was NOT expecting Turbo Dismount 2, I'm so happy to see it agian!",2025-01-28T17:15:51Z,0,0
UgwF_9Nczz6gdNeQNNZ4AaABAg,@kalosV.2,"Where's the GOLF CAPPPP JACKKKK, bring back the nostalgia even more 😂",2025-01-28T17:15:49Z,0,0
Ugzv288kDAik_vc0hCR4AaABAg,@kaik168,THE RETURN OF THE (Dismount) KING,2025-01-28T17:15:42Z,0,0
UgweJsNDEatOnjSLVgl4AaABAg,@General_C,"Wait, this is FINALLY out?",2025-01-28T17:15:42Z,0,0
UgxRjaEc0m21GAaBO-p4AaABAg,@Sr_Neon,Who remembers the SASQUATCH!!! This fucking sent me back man I feel like I'm 12 again,2025-01-28T17:15:34Z,0,0
UgxZHbxT36-napF0yRt4AaABAg,@aggresiveiceberglettuce8848,7:58 my disappointment is immeasurable and my day is ruined 😂,2025-01-28T17:15:32Z,0,0
Ugxt_B-HnZyXv54reRh4AaABAg,@sunnyglowvt,"I love watching Jack in 144p, so nostalgic.",2025-01-28T17:15:27Z,0,0
Ugxt-5NoOimSmLStoTF4AaABAg,@Nat52723,"i remember playing this game when i was younger, it was a better time honestly

EDIT: I remember playing the first game i mean lol",2025-01-28T17:15:25Z,0,0
UgyGL3Rc_8YqhhojS2h4AaABAg,@SartajZaman-xp8bf,Yes boiss pink lightning returs,2025-01-28T17:15:20Z,0,0
UgzNfP6Jh8XI70-LIf94AaABAg,@meltingrocket89yt,THEY MADE A SECOND ONE NOW?? AFTER ALL THIS TIME? THIS IS SO RANDOM I WAS JUST THINKING ABOUT THIS GAME RECENTLY WHAT 😭🙏,2025-01-28T17:15:10Z,0,0
UgwaBunkuH1g0Ws8SbN4AaABAg,@lettucearsebiscuits8375,"I was just thinking about this game the other week.

OOOHHHH PINK LIGHTNIN'",2025-01-28T17:15:06Z,0,0
Ugz2YGQC9uWBx0_F9sR4AaABAg,@arielmischa8136,MISSED THIS SO MMUCHH,2025-01-28T17:15:03Z,0,0
UgyOfdRfIObn0w6x-v54AaABAg,@grimreaper_cz,Excuse me ??? Turbo Dismount is back :DD,2025-01-28T17:15:00Z,0,0
UgxIbW08oz-AqIuekkp4AaABAg,@Oliwier-d8g,"Jack if this is an expression of love to your fanbase then you're a tad early Valentines is in 3 days. Nevertheless It's great to see you play this again, I feel like I'm back after a long day of school just watching all my favourite YouTubers in their prime,
But then again I still think you're in your prime.",2025-01-28T17:15:00Z,0,0
Ugxwdjaj82nPtYYhZit4AaABAg,@star-loll,bring me back to when I was 7,2025-01-28T17:14:59Z,0,0
UgxjpT6PwX9vmFTZjJt4AaABAg,@nameless4677,i really winked twice thinking this was a old turbo dismount video on my page and now i see turbo dismount 2. this is a blessing,2025-01-28T17:14:56Z,2,0
UgxKE3uNqdKtIJJJHOJ4AaABAg,@team896,My childhood it's back 🥹,2025-01-28T17:14:50Z,0,0
UgzXaS9faWi3AKEUi3Z4AaABAg,@ZatSoul,"My first video that I watched of you is Turbo Dismount back in 2014. Glad that you played this again! Now, If only you still have that hat",2025-01-28T17:14:48Z,2,0
Ugxtt7oUMV-ALwL0DPN4AaABAg,@nicoalfahed9273,Oh to be in middle school again watching Jack play Turbo Dismount. Now I’m a college student watching him playing the second game!,2025-01-28T17:14:47Z,0,0
Ugyr2O9Mi4jdRsJz_jF4AaABAg,@Un_Abandoned,I'm laughing because *Quit Playing Games* by *Backstreet Boys* just started playing on my portable dvd player,2025-01-28T17:14:47Z,0,0
Ugw1IG9FcJwy7_xqfi94AaABAg,@MMm-jr2vw,Sean please don't forget about the sekiro vid,2025-01-28T17:14:46Z,0,0
UgxyflJ7qyMn2qW9K8h4AaABAg,@enrisss,turbo dismount.......(smokes cigar) haven't heard of that in a long time......,2025-01-28T17:14:42Z,0,0
UgxswaWJR3EraxTvE5N4AaABAg,@AnalogHorror1992,"Just you know, Poppy Playtime Chapter 4 drops this Thursday",2025-01-28T17:14:42Z,0,0
UgxqkBBwxNX5sE1PO6t4AaABAg,@MaxCatV,"Saw the title and thought it was an old vid, saw the thumbnail and my heart melted I feel like I’m going back in time ❤",2025-01-28T17:14:41Z,0,0
UgxFfYmemjpWUJFXMHl4AaABAg,@ThatGuyOrby,My childhood has returned!,2025-01-28T17:14:41Z,0,0
Ugx-6BqhIig3PMbMVQp4AaABAg,@T.N.O.V.,I Made an Edit With Their First Game and The Devs LOVED IT,2025-01-28T17:14:37Z,0,0
UgyXFxH6EsQKZzY86sN4AaABAg,@VigilantSectorYT,"7:54 
Jack: NOTHING STOPS THE SQUATCH!!
*gets stopped*
Jack: *face of pure disappointment *",2025-01-28T17:14:36Z,7812,15
UgzfVB_2qcBiWHkNQnx4AaABAg,@Grizz1738,This feels like my childhood,2025-01-28T17:14:34Z,0,0
UgzSCHDyHqP2tX51hMp4AaABAg,@scrimblo_the_second,I feel rejuvenated just by seeing this post,2025-01-28T17:14:28Z,0,0
UgzUMjeN69i3GnEQrr54AaABAg,@Lorelailoree,So many memories came flooding back! I am so here for this. Thanks for uploading!,2025-01-28T17:14:25Z,0,0
UgwxjjdB6ILf1oN7p9l4AaABAg,@sirluck8473,Oh yer baby we are so back,2025-01-28T17:14:24Z,0,0
UgzI1ZrwLdWp0V-m0k14AaABAg,@saltypepper3340,"holy crap,
a blast from the past it is.",2025-01-28T17:14:22Z,0,0
Ugx9gxOk_M8bf9bXXkV4AaABAg,@Riding-Films,please use the original face you used to use!,2025-01-28T17:14:20Z,0,0
Ugz6ubxjHsf5guTZAy54AaABAg,@DylanBalderrama-mu6vx,Please make a a full playlist of this,2025-01-28T17:14:19Z,0,0
Ugy8hS112QR93XosnDt4AaABAg,@MrSchism,Your first Turbo Dismount video got my nephew into gaming.,2025-01-28T17:14:12Z,0,0
UgwpDXnaZ2dzBqpzgWh4AaABAg,@texacosnow7045,Does he not say pink lightning??? Has my life been a lie?,2025-01-28T17:14:07Z,0,2
UgxJwK_7H69AyWC0Vfp4AaABAg,@NayeshaCormier,Ngl it's been like 12  years since I've seen ur vids 🦅I'm all grown up now and becoming a welding it's crazy how time goes by I'm glad your energy stayed the same and you haven't quit YouTube yet🗣✊🏻keep up the good vibes 💚,2025-01-28T17:13:59Z,1,0
UgwaflS6VNCLsSVg2sd4AaABAg,@DarkWolf22K,"Oh great, Dad's mic is back to being on the other side of the room 💀 Lol

I'm kidding, It's outside in the hallway

What's with the slight echo? Getting a new mic soon or sticking with those 🤔",2025-01-28T17:13:55Z,1,0
UgyWwF39SArCkM4NRLN4AaABAg,@HG-1318,The nostalgia that this brings is unmatched.,2025-01-28T17:13:52Z,0,0
UgwY6EGKQmSwdPaRAwF4AaABAg,@lukedropsdooks,Holy shit i havent seen this game in a long ass time,2025-01-28T17:13:52Z,0,0
Ugxr5ZIbf6odTNbdbDJ4AaABAg,@kassikgaming3976,"the nolstagia, i remember watching these videos years ago, probably around when they came out actually",2025-01-28T17:13:49Z,0,0
UgwcWnC-zyo3VeDiM_F4AaABAg,@jeremypena1730,Reliving the Good times ain’t we?❤❤,2025-01-28T17:13:47Z,0,0
Ugz2dy39ppmT8MfmOHd4AaABAg,@Fnaf_lover8956,I would've never thought that there would be a 2nd Turbo Dismount yet....here we are,2025-01-28T17:13:47Z,0,0
UgwurC8MkQM_dhCjhxR4AaABAg,@firepygmygaming4409,LETS FUCKING GOOOOOOOOO God damn I haven't seen turbo dismount in so fucking long I damn near forgot it existed I love you jack for giving me my childhood back,2025-01-28T17:13:33Z,0,0
Ugw1JQg8E8z8n7bXOWt4AaABAg,@huntjetson,My childhood is back after ten years,2025-01-28T17:13:32Z,0,0
UgwUe_QUF4cja1e_Hph4AaABAg,@AceProdigy0999,"YES!!! I can finally feel the nostalgia! Thank you for doing this, Jack! Please, keep playing this!",2025-01-28T17:13:29Z,0,0
Ugx_ciGm9BSl-CvdPDt4AaABAg,@charmanderanimates2898,we all know one thing. NOTHING STOPS THE SQUATCH,2025-01-28T17:13:21Z,0,0
UgwKltiW0qwROUqgiBZ4AaABAg,@italianogeorgianomonoposto,Turbo Dismount 2 Before GTA 6 is crazy 💀,2025-01-28T17:13:17Z,0,0
Ugx08KlN3GgjHuKrR9l4AaABAg,@fadedskull,"I feel the nostalgia flowing thru my veins rn. This was one of my favorite YT series’ back then, along with Mark’s.",2025-01-28T17:13:08Z,0,0
Ugz8m1B5C_6ZErmvdKB4AaABAg,@theredwolf2433,Never been more shocked and surprised to open youtube on my lunch break and see this immediately at the top of the page this is a legendary moment,2025-01-28T17:13:05Z,33,0
UgxOaIOOj7sIZSekig14AaABAg,@patthecat5536,Whats this game? Never heard of this game. Looks nice,2025-01-28T17:13:02Z,0,0
Ugz4nXVHZXPJZmged814AaABAg,@whxteperson,we're SO back,2025-01-28T17:12:59Z,0,0
Ugzt232Amwf6PtAEBbp4AaABAg,@WildFire_1309,When the bones break the nostalgia hits hard,2025-01-28T17:12:52Z,1,0
Ugxs9mCvYlyEVemB_M14AaABAg,@MFMUTT,childhood classic,2025-01-28T17:12:48Z,0,0
UgwN08f9moDPuV0GM0x4AaABAg,@traxxasbosses5049,YES THE OLD INTRO!!!,2025-01-28T17:12:44Z,0,0
UgxXH1fhRbloRdwoJH14AaABAg,@aHappyTrashCan,STOPPPPPP THE OLD INTRO YES I MISSED IT!!! 💕😭,2025-01-28T17:12:40Z,0,0
UgxBpn47U07vDgBgIdR4AaABAg,@folúsghlantóir,I'TS BEEN SO MANY YEARS SINCE TURBO DISMOUNT,2025-01-28T17:12:29Z,0,0
Ugx545RJiVLnUYnLI2x4AaABAg,@engagingweirdo,Hope it’s just as satisfying and hilarious as it was 10 yrs ago. I can’t wait to see this!!,2025-01-28T17:12:25Z,0,0
UgwEsjnFbF1DPjIKC514AaABAg,@barunmajumdar679,I feel like the last 13 years has been nothing but a dream when I look see this video,2025-01-28T17:12:21Z,0,0
Ugwiu7M0-YVdFOANLCl4AaABAg,@uproartopic,"Been a while since I've seen your channel, we're so back!",2025-01-28T17:12:19Z,0,0
UgwMb8UmmpSYY1LSqPp4AaABAg,@TReyeHD,"To see you so hyped about such a now classic game franchise, it warms my heart!",2025-01-28T17:11:53Z,0,0
UgwCK5DV1cUdbxLvE5t4AaABAg,@mostikus2298,"Man I still remember your first 60fps vid (was the first one I've seen on yt), was revolutionary back then haha",2025-01-28T17:11:52Z,0,0
UgwXWZ1dbTDLeH30B9R4AaABAg,@Svientz,Oh yea,2025-01-28T17:11:49Z,0,0
UgwVeq52HN8KceU6xqB4AaABAg,@LilprinceKeyon,YEAH I MISS THIS SERIES❤️YEAH LETS GOOOOOOO,2025-01-28T17:11:46Z,0,0
UgxKkevvDRIrhpNUhv94AaABAg,@Molly-Pop,And for 29 minutes the world feels okay again ❤,2025-01-28T17:11:43Z,0,0
UgwvY5NOCoHTiEKaNIZ4AaABAg,@SHMOKEY501,i fawking love what i read in notis when this showed up! ps sean... OBS is using ur cam making the game spazz out about also using it for face template at same time lol,2025-01-28T17:11:28Z,0,0
Ugyq9q9w84i7X2-NomB4AaABAg,@Reebz44onTTV,"I genuinely haven't watched one of Jack's videos in YEARS (no disrespect to one of the GOATs) but I have NEVER clicked a yt notification so damn fast. I LOVED his original TD series, and this vid scratched that itch perfectly. Thank you Jack!!!",2025-01-28T17:11:26Z,122,3
UgzBexvUAbJRhM_YeQZ4AaABAg,@MissBallYT,hes... HES BALD! HES BALD AND HES TORTURING PEOPLE THAT HAVE HAIR!,2025-01-28T17:11:25Z,0,0
UgywrgmImhBaKq48Vd14AaABAg,@nubsureiya,No way…when I first started watching you I was watching your original series of turbo dismount….Jackydaddy. Honestly so nostalgic.,2025-01-28T17:11:21Z,0,0
UgwlcscRp6tlKOGfZdR4AaABAg,@bizzle566,"had to rub my eyes like 10 times when i saw the thumbnail and title, thought i was dreaming for a hot minute",2025-01-28T17:11:18Z,0,0
Ugw6vzTqDgno8R7EoM14AaABAg,@Angry_Andrew21,"Hi 👋 jacksepticeye, big fan. You are an amazing youtuber, and I was just wondering if you're going to play poppy playtime chapter 4",2025-01-28T17:11:10Z,0,0
UgxP1XXR0O7kNzFNO7h4AaABAg,@fulookin6701,Nature is healing,2025-01-28T17:11:06Z,0,0
Ugwr3jYdPs_EOMkFxH54AaABAg,@MyLIfeAsBieber,YESSSSSS I MISSED THIS,2025-01-28T17:11:02Z,0,0
UgyWkzXpvt23ZdyqROl4AaABAg,@hxt3416,Love your content! Esp Garten of Banban. Maybe part 7 will come soon?🥹🙏😅,2025-01-28T17:10:59Z,0,0
Ugx3ERhjcImZiBFVNlt4AaABAg,@SkaroCoyote,We're barack,2025-01-28T17:10:54Z,0,0
UgxJJtxQcQfeK9LdFql4AaABAg,@grshongirl,The beginning of this literally made me laugh out loud. Thank you!,2025-01-28T17:10:50Z,5,0
UgwamG6E0-ltwMxo_KN4AaABAg,@NovaFlare93,Nothing stops the squatch...except reverse,2025-01-28T17:10:44Z,0,0
UgxW7jDoBhOG4AIULW14AaABAg,@TheeShifty,"We're so back! Oh my goodness, I feel young again.",2025-01-28T17:10:42Z,0,0
UgweKpnPo9NdTXbbRsF4AaABAg,@cruisnblastfan9277,"You've GOTTA do more of this, man! I LOVE your Turbo Dismount content!",2025-01-28T17:10:41Z,0,0
Ugzvgg9QUtpWvHPlfzt4AaABAg,@WildFire_1309,Oh hell yeah,2025-01-28T17:10:41Z,0,0
Ugwq2SV-zjE5F8kgdYR4AaABAg,@Virus_of_doom,"One of the first series I've seen him play besides Happy Wheels was this. The amount of happiness I feel from seeing Jack play this is unmeasurable! Hope everyone is having a wonderful day today, and don't forget that you matter!! 😊😊😊",2025-01-28T17:10:38Z,0,0
UgxX3ypn7ISffwAnDqt4AaABAg,@dysolve_zip,WHEN WAS THIS EVER A THING?!?!?!,2025-01-28T17:10:34Z,0,0
UgwiGeC15Ee_-jRz_9p4AaABAg,@the8.s,ITS BEEN A LONG TIME WITHOIT YOU MY FRIEND AND ILL TELL YOU ALL ABOUT WHEN I SEE YOU AGIAN OHHHHHHHHH OHHHHHHHHH,2025-01-28T17:10:32Z,0,0
UgxbE9jSjxDtApxv5Mp4AaABAg,@silentdino3488,MOM DAD WAKE UP JACK POSTED A TURBO DISMOUNT VIDEO ❤,2025-01-28T17:10:31Z,0,1
UgzPGbFIYRGt385OMhh4AaABAg,@Andromedagalaxy22,I literally started crying when i saw this 😅,2025-01-28T17:10:28Z,0,0
Ugwp69wX9BNO3YF2EDx4AaABAg,@bunniebabyidol,Thank GOD you uploaded during my isolation time since I got sick with pink eye yesterday morning! Something fun to watch with my buldak noodles in bed while recovering from this bullcrap of an illness is very much needed. Thanks Seán!,2025-01-28T17:10:21Z,25,0
Ugz5pYHme3lf8sqgxul4AaABAg,@darknessgaming5182,IM SO EARLY,2025-01-28T17:10:17Z,0,0
UgxwhBT0SdqPvY_l56Z4AaABAg,@otisjoi,0:45 the editor is cooked with that pink lightning edit 😭,2025-01-28T17:10:17Z,768,5
Ugx34ZIv3wCpxbwVC5J4AaABAg,@JLR-5516,"I still remember playing this on my phone, so nostalgic.",2025-01-28T17:10:16Z,0,0
Ugxfmm8wyFXo9rjOmoN4AaABAg,@0TX.Johnny,I loved this game back in the day I missed it🙏🏼🗣️,2025-01-28T17:10:14Z,0,0
UgyV7AWhhafGuhmsStN4AaABAg,@sibsart2039,Holy crap this is a blast from the past.,2025-01-28T17:10:14Z,2,0
UgyoYlZ_CruF3GKsGJR4AaABAg,@cadenhooper8785,"Jack there's a horror game where you're a video drone going into a cave to save people, iv seen clips and its very scary, I would love to see you play it. On all the clips I see I read the comments and there's always people saying they need you to play it. Please do!",2025-01-28T17:10:05Z,3,0
UgwcNZzXzCEQtwJ0T0d4AaABAg,@TTEONS0420,Yes it finally back,2025-01-28T17:10:03Z,0,0
Ugzqs_K61n8iyg-mYwB4AaABAg,@yesseniasalinas2196,"OH GOD THE NOSTALGIA! I FELL SO OLD NOW! One thing I noticed is that when he was using the skateboard, he wasn't using: THE PENETRATOR!!!",2025-01-28T17:09:59Z,13,0
Ugxj6QDF1ZIkuBta8FR4AaABAg,@GenieXP,"Holy shit, this takes me back",2025-01-28T17:09:58Z,1,0
UgyFF8DoQoDcuZU3Mzx4AaABAg,@mikecoxmal2958,I've been waiting for this forever!!!!! 😂😂,2025-01-28T17:09:53Z,0,0
UgyVWA4TVVcDBHRDEhJ4AaABAg,@RichardTuggnutts,"I just watched an old turbo dismount video like 30 minutes ago. Seeing this in my recommended, life works in mysterious ways",2025-01-28T17:09:52Z,983,4
Ugzm_17dD_LSagq6jM94AaABAg,@lewispeake6691,"The very first Jacksepticeye video I watched was his first Turbo Dismount video shortly after he had released it way back in 2014. Here I am 11 years later still watching Jacksepticeye playing one of the best games ever! Without Turbo Dismount, I would probably never have watched Jacksepticeye, nostalgia!",2025-01-28T17:09:50Z,1,0
UgxdFrv5KncZ2yiKQLN4AaABAg,@slowburn4391,Yes thank you jack been watching a lot of your old videos recently and this just brings back so many good memories. I’ve been in the hospital the last few days trying to fight leukemia and your videos have been keeping my head on so thank you even if you don’t see this. I’ve been watching your videos since I was like 15 and I’m 24 now. Its been amazing seeing how far you’ve come,2025-01-28T17:09:46Z,52,0
UgzvkgupqDbgX6y2kCx4AaABAg,@VO1OC1TY,It feels just like the good ole days… 😢,2025-01-28T17:09:46Z,1,0
UgxI2KQcq_HXfAdKNoh4AaABAg,@agwpg1238,The rush of nostalgia of listening to the music and seeing jack with turbo dismount in the back ground KILLED ME,2025-01-28T17:09:45Z,1,0
Ugzwx3v6OP88jjnFIlZ4AaABAg,@EchoAntunes,1:59 😂😂😂😂😂😂😂 old jack was soo unhinged and had soo many outbursts you wouldn’t kno when they were coming like happy wheels got me thru my teens😂😂😂😂,2025-01-28T17:09:44Z,28,0
UgwOJlVVyXrD_rYTYEJ4AaABAg,@zenerstorm95,"My first thought was ""It's WAY too early to be Nostalgia Week."" Then I saw that this was a sequel game and I jumped through my roof",2025-01-28T17:09:40Z,0,0
UgzWNjJGA0gLo1CNtvN4AaABAg,@DBG_Studios,Throwback to old Jack with no beard and still wearing the hat.,2025-01-28T17:09:35Z,0,0
UgyY-RSAtnedAQoXsBd4AaABAg,@David_Bogdany,Old but gold vibes,2025-01-28T17:09:34Z,0,0
Ugy2rEbmL0Qvu7BNSzJ4AaABAg,@Spi0cymilk,Ngl it's been like 5 years since I've seen ur vids 🦅I'm all grown up now and becoming a welding it's crazy how time goes by I'm glad your energy stayed the same and you haven't quit YouTube yet🗣✊🏻keep up the good vibes,2025-01-28T17:09:30Z,0,0
Ugx7MLnF_AlpViMMXdt4AaABAg,@RumahFuya,I miss Sean's Hat 😭,2025-01-28T17:09:26Z,0,0
UgzqQOtfODuxt-pb4zt4AaABAg,@tortilla7485,If u think about it nobody has watched this video to the end yet,2025-01-28T17:09:23Z,0,0
UgxcayThX6_kEzftafl4AaABAg,@michaelfryers1914,Holy shit blast from the past!,2025-01-28T17:09:20Z,1,0
UgxnHyPs0tWMrSXmIjJ4AaABAg,@sungyuz,WE ARE BACK IN THE FLOPPY LAND THAT IS TURBO DISMOUNT!!! YEAHHHHHHH SO GLAD TO SEE YOU PLAYING THIS YIPPEE,2025-01-28T17:09:17Z,0,0
Ugzr_dFVmm30MkYRl2h4AaABAg,@deadperson3318,IM SO EARLY hey guys whats up its 4am here my brain hurts,2025-01-28T17:09:14Z,0,0
UgzrBdEvBzBnaO2WRXx4AaABAg,@xtheamazingax,Oh yeah! This is happening! 😁,2025-01-28T17:09:12Z,0,0
UgzK4jBkrhJJ31HJaWR4AaABAg,@Sumit-fj9pk,One of the first videos i watched with skate 3 on this channel,2025-01-28T17:09:06Z,0,0
Ugy9bEEVEP09ujYPCrx4AaABAg,@apeisthename9863,omg we are so back,2025-01-28T17:09:05Z,0,0
UgxBDgdZUxDe7D4yZMV4AaABAg,@Flaccidhammer,Literally watching it in 60 fps just for this video,2025-01-28T17:09:03Z,0,0
UgwExddzKXuhY2OGAjR4AaABAg,@snipar17,The very first Turbo Dismount was the first ever i watched from you. It was even uploaded on my 11th Birthday. (March 9th) :),2025-01-28T17:08:59Z,0,0
UgwwrnLmrsrxx1Tz0O94AaABAg,@hypernickhdfxdzn,"As soon as I saw the title of the video, I started smiling",2025-01-28T17:08:58Z,0,0
UgwY-zJM35aZq9NfBkl4AaABAg,@clovked8435,"Almost cried when I saw this, holy cow. I've MISSED THIS GAME.",2025-01-28T17:08:50Z,0,0
UgyZ48nCsdN90_0Ol1F4AaABAg,@childesginger847,Never clicked so fast in my life,2025-01-28T17:08:50Z,0,0
Ugz70bqLX7Qv_FDimIV4AaABAg,@-ven-lush-,Did they delete the original Turbo Dismount from the play store? I cant find either of the games,2025-01-28T17:08:47Z,0,0
UgzTqiKZ1_Y_Yge3UCV4AaABAg,@liklic,OMG WHAT TURBO DISMOUNT 2 YESSS WHATTT,2025-01-28T17:08:46Z,0,0
UgyAC9Z236QOorEqeDd4AaABAg,@pickmixgamer,"Hello everyone, Hi jack reminds me of Micro Machines that game needs a reboot",2025-01-28T17:08:45Z,1,0
UgwXCuO-u6TatO-X6JB4AaABAg,@Dragon_tamer_Chad,They actually made a second game it’s like we’ve gone back in time,2025-01-28T17:08:39Z,0,0
UgyQ7bDVbRRf0BcKSpd4AaABAg,@jamiemaden130,Hellllll yeahhhhh i think i commented abot this a few videos ago,2025-01-28T17:08:34Z,0,0
UgyGU8fWg7Cu0utKVnB4AaABAg,@Breadknees_,Lord what year is it,2025-01-28T17:08:33Z,0,0
UgxmnX4nOpBc4Jwfvjp4AaABAg,@XxEggman_Meme_GodxX,Well this is a very nice birthday gift.,2025-01-28T17:08:22Z,0,0
UgwStZhlwzRWj991nHZ4AaABAg,@billykiernan561,Ow the memory’s,2025-01-28T17:08:21Z,0,0
Ugy9ZRAm3Vx2OBL4Ub14AaABAg,@chrislandracarlaevans,@jacksepticeye Have you played Dysmantle?,2025-01-28T17:08:21Z,0,0
Ugyj3DaKxYyjvhlB8Md4AaABAg,@BfbScrimmm,I remember watching the old turbo dismount vids back when I was like 8 yr old w series,2025-01-28T17:08:14Z,1,0
UgwtvEB8n6sIwmtxnaR4AaABAg,@WCon501,Can we have another 35 videos of this? Please…? Am I the only one who wants that? 😅,2025-01-28T17:08:11Z,0,0
UgzFBLoM7awmSeTM6914AaABAg,@immortaleros5998,"I kid you not youtube just opened by it self to this video while I was searching the web, JACK!!! WHERE HAVE YOU BEEN!!! AND TO SHOW UP LIKE A PHANTOM HAUNTING MY PHONE! I LOVE IT!",2025-01-28T17:08:09Z,0,0
Ugzqgni4UCEDqIJiBRt4AaABAg,@Daydreamer557,We are so back BABY!!!!!!!!!,2025-01-28T17:08:06Z,1,0
UgxX0nPD_-dvuWW_4g94AaABAg,@mockingdream02,It’s the start of a new era IM SO HAPPY MR SEPTICEYE,2025-01-28T17:08:06Z,0,0
UgxfF-8UwJNFnRRSZZ94AaABAg,@speechlesslemons6414,Feels like the good ol days again,2025-01-28T17:07:59Z,0,0
UgzmjDiyDpPXQZ0s3Zd4AaABAg,@bryantmcdougal6953,First jacksepticeye video I watched was turbo dismount episode 2 when it first came out. 10 years later still here and turbo dismount is back,2025-01-28T17:07:59Z,0,0
Ugx1qZJD3CRrV1fKfXR4AaABAg,@The_laginator,Dude I missed this content,2025-01-28T17:07:56Z,0,0
Ugz43JALa-lOWYPlR454AaABAg,@RealNecromancer,HOLY SHISFDASJDFGHALKDSJGFH WHATTT????!!!!!!!!!!!!!!!!!!!!!!!!!!!!!!!!!!!!!!!!!!!!! THIS IS ACUTALLY THE WEIRDEST YEAR OF ALL TIME,2025-01-28T17:07:55Z,0,1
UgzMOC17SfmOaEBDSkR4AaABAg,@ahappydolfin7153,"Turbo dismount is literally how I started watching you. I remember you having 300,000 subs and me being in middle school",2025-01-28T17:07:51Z,0,0
Ugz6xNmE_u4FaPfxM0p4AaABAg,@ZaneWolf,"Top of the morning to ya, missed that intro it hit in the feels",2025-01-28T17:07:47Z,0,0
UgzDiy1AyYfvCFd9uml4AaABAg,@otisjoi,i verbally said oh my god to this notification I haven't watched Jack properly in years I'm so excited for this!,2025-01-28T17:07:47Z,1,0
UgyTishJjIib5CzGAA94AaABAg,@huckleychuck,11 yo me is on the moon rn,2025-01-28T17:07:46Z,0,0
Ugz9AfktshdzY4j0ged4AaABAg,@Kragula,Is his hair grey?,2025-01-28T17:07:45Z,0,0
UgwjCPyHmPbNeJwg7MZ4AaABAg,@BetterCaIIPaul,"Close enough.
Welcome back, Seán!",2025-01-28T17:07:46Z,6,0
UgxIvZ_uuLaQ5fb1q414AaABAg,@thehunterator520,I saw this on my homescreen and at first thought it was an old video then I noticed that it was just uploaded,2025-01-28T17:07:45Z,0,0
UgwRxlc4-rKm-LCoXOR4AaABAg,@Fraustii,No way I was just rewatching his first turbo dismount series yesterday night wtf 😭,2025-01-28T17:07:40Z,0,0
UgzCsKR-ISQYVpP5G-l4AaABAg,@ExtinctTYB,MY CHILDHOOD IS BACK BABYYY!!!,2025-01-28T17:07:39Z,0,0
Ugxcf5Xji-wSDQkV3xt4AaABAg,@Flare_Tc,"No way, I get to watch Jack again!",2025-01-28T17:07:37Z,0,0
UgzGLI8tx1MhxJGWDXZ4AaABAg,@meme4bear20,"ah the great series gets an update, wonder how far this amazing series will go. im sure theres gonna be a lot of crashing and chaos to be had :)",2025-01-28T17:07:35Z,0,0
UgxuUWwk4gL4UOaJuxF4AaABAg,@Zvmity,We are so back,2025-01-28T17:07:33Z,0,0
UgxcwbW1xDkiEJavLmV4AaABAg,@FOXhoundoperative,I thought it said 6 months ago 😮,2025-01-28T17:07:31Z,0,0
Ugw7WewWWqcs97XE6zt4AaABAg,@contentcreations6810,Bruh I’m old and feeling nostalgic,2025-01-28T17:07:29Z,0,0
UgzYGxEQhYwBgOsghr14AaABAg,@eliocastanuela9431,RAHHHHHHHHHH WE COULD NOT BE MORE BACK THAN WE ARE RIGHT NOW,2025-01-28T17:07:28Z,0,0
UgzD4GAQUZq-LiK7iW54AaABAg,@blob0000,These intros are better quality than MrBeast,2025-01-28T17:07:26Z,2,2
UgwRiOvjkQK0p0JgCPF4AaABAg,@danielhrvojevic,We waiting for kerbal space program 2 now:),2025-01-28T17:07:24Z,0,0
UgzCwqYiUWIkswl48N14AaABAg,@naomi7649,Oh my god the nostalgia,2025-01-28T17:07:21Z,0,0
Ugza5hYy5E_P9fs2b7x4AaABAg,@kxng_v2157,"Oh the memories, completely forgot about this game now all we need is for you to play herbal space program and happy wheels again",2025-01-28T17:07:17Z,1,0
Ugz9yablpcKzrO1RvQh4AaABAg,@Zazapaluchi47,"Got so excited when I saw the notification, I remember when the first turbo dismount was being released",2025-01-28T17:07:16Z,1,0
Ugx6NNegsvPp3qvZLoJ4AaABAg,@Famous_From_Commenting,It feels like 2012 Jacksepticeye is reviving right in front of my eyes,2025-01-28T17:07:13Z,11793,27
UgylX3aKEAiiz7bnZJ54AaABAg,@azmosphere,this awakened some missing childhood memories,2025-01-28T17:07:13Z,0,0
Ugxef9_EEMmP09dKCQR4AaABAg,@DAPOLICEISHERE,"My honest reaction:

WWWWWOOOOOOOOOOOOOOOOOOOOOOOOOOOOOOOOOOOOOOOOOOOOOOOOOOOOOOOOOOOOOOOOO!",2025-01-28T17:07:07Z,0,0
UgxBvy5G817ROb4FmkN4AaABAg,@NotFrenZy_1,"Never in my life have I clicked on a notification so fast.





I was so fast that I even forgot how to write.",2025-01-28T17:07:02Z,0,0
UgzF1iS_d-KquKyox4h4AaABAg,@supremo65,"Jackie doing a ""top of the morning"" intro? Well the nostalgia hit again",2025-01-28T17:07:02Z,6,0
UgwJXRO834pFTD0QKp54AaABAg,@mryeet1952,Omfg guys the nostalgia hit b4 the ad was done,2025-01-28T17:06:58Z,0,0
UgwuqZMgCrfGROnH4x14AaABAg,@jxstjmir4559,this takes me back,2025-01-28T17:06:57Z,0,0
UgwtLwOQ8hC80rS5gfR4AaABAg,@Tacose,You shud make a nuthere minecraft vid,2025-01-28T17:06:54Z,0,0
UgwXRWI37MpqKMR1JXt4AaABAg,@thealbinoclover,This is like being socked in the face with nostalgia and I LOVE THIS.,2025-01-28T17:06:54Z,0,0
UgwIoH9bIyigGk1KeSN4AaABAg,@Las3rK1tty,God this game brings back some nostalgia😂thank you Jack for playing this,2025-01-28T17:06:54Z,0,0
Ugwlj0YNoBdKataQB454AaABAg,@mr.bouncyeyes8754,Never clicked on a video so fast,2025-01-28T17:06:52Z,0,0
Ugw00TXiK2k8-ZaVQhh4AaABAg,@plagueknight3056,Clicked as fast as i could holy shit,2025-01-28T17:06:51Z,1,0
UgwG3dG6OtglolqG-fZ4AaABAg,@dadanny187,"If you're reading this, no one's watched the full video yet.",2025-01-28T17:06:50Z,0,0
UgzRgHCRH7kF8nsTvdZ4AaABAg,@ghostdestroyer,My Childhood!?,2025-01-28T17:06:49Z,0,0
UgxZrdAHlNc4YIocAVB4AaABAg,@YeahImST0K3Z,"bro no way he played turbo dismount again, sweet.",2025-01-28T17:06:49Z,1,0
UgxGD9Y9QwoRrW7gk-14AaABAg,@AliKatt0,YOOOOOOOO ITS BAAACK!!,2025-01-28T17:06:44Z,0,0
Ugy3oyBcsyYHTYhs06h4AaABAg,@bubosborne201,It’s been forever since last time I watched the first one,2025-01-28T17:06:43Z,0,0
Ugx14ga3MCTf2O012K94AaABAg,@KingM276,This brings back SOOOO many good memories!!! Love ya Jack.,2025-01-28T17:06:43Z,1,0
UgxF7UqycULFZ4mTFpZ4AaABAg,@dadanny187,"If you're reading this, no one's watched the full video yet.",2025-01-28T17:06:41Z,0,0
UgyBTuze-gVPurmISfV4AaABAg,@laurenpelling4079,Ok I didn’t know I needed this but I totally did 😂 love seeing this back!,2025-01-28T17:06:38Z,3,0
UgxZCOMORKTzldPejyh4AaABAg,@wassupp1776,6 mins ago already got 2000 likes,2025-01-28T17:06:34Z,0,0
Ugxrt_0v3ouEaweQ5814AaABAg,@THATONEFRIEND42,Oooooohhhhhhh BABY this gonna be a good one,2025-01-28T17:06:32Z,0,0
Ugw82_tB8MsTNA70bj14AaABAg,@desireeflores5289,The nostalgia is hitting😭❤️,2025-01-28T17:06:30Z,0,0
UgwlS8D5ohyineGdIBl4AaABAg,@Eddieavina123,Love your video Jack and keep up the great work you are awesome,2025-01-28T17:06:27Z,0,0
UgwhKNULSupymV02Y8B4AaABAg,@invinsible4-p9s,Has it really been 15 years already? Wow,2025-01-28T17:06:27Z,1,0
UgyEnSb73t3lakk-fLB4AaABAg,@geoking7312,Can’t wait for Markiplier to play this game too!,2025-01-28T17:06:25Z,1,1
UgxY5LedmGttP6xt9dJ4AaABAg,@ajaxthehusky83,"If it ain't broke, don't fix it.",2025-01-28T17:06:25Z,1,0
Ugz8J16LXIytquOEoR94AaABAg,@dyloncatt8770,omg i feel like its 2017 again this is crazy,2025-01-28T17:06:23Z,0,0
Ugyjjf2Pf0dQUx0VUct4AaABAg,@Lemonz--,Jack can you please do dark souls 2 in 1 video please 🙏,2025-01-28T17:06:23Z,1,0
UgxldmrFihIVPKra7JB4AaABAg,@dadanny187,"If you're reading this, no one's watched the full video yet.",2025-01-28T17:06:23Z,0,0
UgzespnPz2_cohZXQ5F4AaABAg,@chalker8776,"YEEEEEEEEAAAAAAHHHHHHHH


TOP OF THE GOD DAMN MORNIN’! IT’S BACK! HE’S BACK! WE’RE BACK!",2025-01-28T17:06:23Z,0,0
UgximDpVcr4KzsxMO7F4AaABAg,@IlDarkxDays,Never thought id see this again. In actually tearing up.,2025-01-28T17:06:21Z,0,0
Ugzgi8IDSgZnNs2H1KR4AaABAg,@CursedAndChaotic,WHAT YEAR IS IT?! 😂,2025-01-28T17:06:18Z,0,0
Ugwb4hmt2UV1uPWk13t4AaABAg,@austinforgie1069,WHAT THERE'S A TURBO DISMOUNT 2,2025-01-28T17:06:17Z,0,0
Ugy04WCwc23p168a2G94AaABAg,@pj_sloan_901,Holy W,2025-01-28T17:06:15Z,0,0
UgzP2qIlipa1V2BoJ6l4AaABAg,@bossjik332,we back at it again WOOOOOO,2025-01-28T17:06:14Z,1,0
Ugz3sSoN4PdigZE7-9N4AaABAg,@WCon501,Oh my goddd yessssssss!!!! We are back!,2025-01-28T17:06:10Z,0,0
Ugwym2KGzYZ3aunrI0Z4AaABAg,@Hepheat75,Jack just casually dropping amazing content for all us beautiful people out there 🔥,2025-01-28T17:06:08Z,0,0
UgwjVLh-i7EC7YbieLh4AaABAg,@TobyTheFoxOkay,"God, the nostalgia!!",2025-01-28T17:06:07Z,0,0
UgwTRGEPomidv_lL5bl4AaABAg,@lokicos0640,Whoooo!!! Yeah baby!!! I feel like my child self again enjoying turbo dismount videos! 🎉🎉🎉,2025-01-28T17:06:07Z,0,0
Ugzy9TuOsHqlS8xURk94AaABAg,@moustafaabousalem1411,I literally started watching you when you played the first episode. Im so happy its back.,2025-01-28T17:06:06Z,0,0
Ugwn4Nh2jSeUcDIeyn94AaABAg,@benjiboi247,WELCOME BACK TO 2015 GUYS,2025-01-28T17:06:04Z,0,0
UgwWgBuYmXZZCRhgaDp4AaABAg,@mikkelsrensen22,Yo early,2025-01-28T17:06:03Z,0,0
UgyxvHsQHEewCyrZJVJ4AaABAg,@curliboi,THERE'S A SECOND ONE?,2025-01-28T17:06:03Z,0,0
UgwNdWDavVvdL_tZ4DJ4AaABAg,@matthewjacob5174,MY CHILDHOOD IS BAAACK YESSS,2025-01-28T17:06:02Z,0,0
UgzAe1nzMZLtsIg-wnV4AaABAg,@SaulGoodman1999,THEY MADE A NEW GAME???? HELL YEAH!,2025-01-28T17:06:02Z,0,0
Ugx7SKk9X2tV1dIQgXx4AaABAg,@matthewjacob5174,MY CHILDHOOD IS BAAACK YESSS,2025-01-28T17:06:01Z,0,0
UgyBMJI4BpxcfBXoo0R4AaABAg,@oomps_____9495,Clicked on this video so fast after seeing the title,2025-01-28T17:06:01Z,0,0
UgzRXlIHR3SJ3WZWm0N4AaABAg,@keaganessenmacher3045,I was watching a video about the downfall of Sniperwolf and I saw thr title and Imedietly started watching it 😅😁,2025-01-28T17:06:01Z,0,0
Ugx0ubBOXNYCDWF6FQN4AaABAg,@dingus4260,LETS GOOO MORE TURBO DISMOUNT,2025-01-28T17:05:59Z,0,0
UgyhQ7_-AH0tkkvzWdl4AaABAg,@Goob_V10,"Cannot believe I've been watching jackaboy for 10 years. Bruh I pay rent now, where did the time go. 💀",2025-01-28T17:05:59Z,0,0
Ugz2SjFE36JaWlxuQI94AaABAg,@meathead6856,"I haven’t really been watching YouTube much anymore but I remember watching Sean every day back then, the moment I saw the title I immediately got sent back into the old days of watching him play turbo dismount, what a perfect time it was back in 2015 now everything sucks😂",2025-01-28T17:05:57Z,0,0
UgzeyqB4ucwku729TSB4AaABAg,@HarlequinHeart16,Nostalgia alert! Very much needed right about now 😩🙏🏿,2025-01-28T17:05:57Z,0,0
UgyVZX7b66TpmduWxJt4AaABAg,@exinity8752,Day 18 of asking Sean to play Blasphemous,2025-01-28T17:05:55Z,0,0
UgwiQehvVu-P_xzTScN4AaABAg,@xxd3adlyghoulxx239,Omg your my childhood happy wheels turbo dismount omg the memories your amazing and an inspiration jack ❤,2025-01-28T17:05:54Z,0,0
UgzpqRiUzxb7_PoJs0d4AaABAg,@Wick_edd,We used to pray for times like this 🙏🙏🫡,2025-01-28T17:05:54Z,0,0
UgyTU7eBWR9xTLvfEDR4AaABAg,@daniale8126,Had to click the notification as soon as i saw it,2025-01-28T17:05:54Z,0,0
UgxhKDn1dPxO2CMIbLp4AaABAg,@FlightNationXL,the good old times wow,2025-01-28T17:05:53Z,0,0
Ugx3LNLeGnggqRsETnN4AaABAg,@itzcryonic,turbo dismount.. i havent heard that name in years…,2025-01-28T17:05:50Z,0,0
UgwMqU5t1LiD7jEZJ3N4AaABAg,@derrickwilson2182,I just got transported to my childhood,2025-01-28T17:05:47Z,0,0
UgweAxpmWviJRQAT7wt4AaABAg,@Frunkydarunky,My brain can't handle this type of nostalgic smacking I'm the brain area,2025-01-28T17:05:42Z,0,0
UgxQ6NGPKkHAMkkj3pF4AaABAg,@bungermungus,YouTuber.,2025-01-28T17:05:40Z,0,0
Ugyeyi3akEpaJHNNLpx4AaABAg,@ehcoolnotname9034,"I literally have never clicked on a video so fast until i saw the thumbnail and sww the words ""turbo dismount""",2025-01-28T17:05:40Z,0,0
UgxHvhWl-iHWb-96ZG94AaABAg,@jotrick3r,HEAL YEAH LETS GO WELCOME BACK,2025-01-28T17:05:39Z,0,0
UgxE29TL3AxYXfMyqKR4AaABAg,@johannagray710,So excited!!! Loved the turbo dismount series so I'm very glad he's coming to check out the sequel,2025-01-28T17:05:36Z,0,0
UgxA9rUnuS3aRsPenPB4AaABAg,@evanp2578,I WAS WAITING FOR YOU TO POST EVER SINCE THE GAME RELEASED,2025-01-28T17:05:35Z,0,0
Ugz-81-MOuGsEkIm4Mp4AaABAg,@avatarthanosthelegendarysu5883,I didn't know they made a second turbo dismount game thats awesome,2025-01-28T17:05:28Z,2,0
UgxxLrUPOGF9Wek6Adt4AaABAg,@LoganRushe,"I have never clicked so fast, the nostalgia is about to hit HARD",2025-01-28T17:05:27Z,0,0
Ugweqwc3g7p6a_EMsdt4AaABAg,@BlufyreAudio,PEAK PHYSICAL COMEDY HAS RETURNED,2025-01-28T17:05:26Z,19,0
UgzOM6KriC1MW6N49Yp4AaABAg,@unknownmagic9960,"I saw this and had to cry for a second
JACK!! We love you!!",2025-01-28T17:05:23Z,1,0
UgxR33_AYeKie4zdJfV4AaABAg,@danielthetornado,THEY MADE A SEQUEL????,2025-01-28T17:05:22Z,0,0
Ugy2Q_4I1RWqG5HEVMV4AaABAg,@marcouseliyashaa7855,WE NEED JACK ON ROCK OF AGES 3 NOW!!!,2025-01-28T17:05:22Z,1,0
Ugws8_FU2fxfDP7uXDx4AaABAg,@Zections,IVE NEVER TAPPED A NOTIFICATION SO FAST😭,2025-01-28T17:05:22Z,0,0
UgzuT4KEyjm7qmbeunN4AaABAg,@K1ngSnake420,wait the Sequel JUST ARRIVED?!?!,2025-01-28T17:05:20Z,0,0
UgyXGUrZF4O5flrkrmh4AaABAg,@Just_another_guuy,The original turbo dismout whas uploaded 10 years ago and yet still time less,2025-01-28T17:05:20Z,1,0
Ugw6hQgNx0JyQZi9y6B4AaABAg,@Crxptic666,HELL YEA THE NOSTALGIA AND TURBO DISMOUNT IS BACK LESS GOO!,2025-01-28T17:05:19Z,0,0
Ugx2yqF2qZ3PzhmFLJZ4AaABAg,@Crazyvlert,I remember being a little kid playing the first one on my little tablet,2025-01-28T17:05:19Z,0,0
Ugz97QEhDIQCFgj8nD14AaABAg,@chasekorbin1546,Anyone remember when DANTDM Used TO PLAY this?,2025-01-28T17:05:17Z,1,0
UgzLuAsAWAOslaA1S314AaABAg,@Him-t4z,We are so back,2025-01-28T17:05:17Z,0,0
Ugz3oJdKEVDDUl1TrPp4AaABAg,@NimbyTheDeadlyNadder,Yay! TURBO Dismount 2 is here!,2025-01-28T17:05:17Z,0,0
UgwqXRGOjfwxqC0ZolF4AaABAg,@carterandaydenden,U make me feel so happy u made me get through my brother's death I love u so much,2025-01-28T17:05:13Z,0,0
UgzBJyGst0RhWQSQWbR4AaABAg,@Tiberius_Dragmire,"You can't do this to me Jack, uploading THIS VIDEO literally minutes before I have to leave for work! XD",2025-01-28T17:05:12Z,0,0
UgxdafQOAHz63EYIY514AaABAg,@phalstreamsgames1246,2 Jack videos in like what a week? Gratitude.,2025-01-28T17:05:12Z,0,0
UgzWOh-xerYD7kaTGq14AaABAg,@mohamedbelal5873,Istg was just thinking about watching the old videos once more holy shit,2025-01-28T17:05:12Z,1,0
UgwuKOWyK3rntOLPRIp4AaABAg,@thedoor43,Where's Dark Souls 2 in one video?,2025-01-28T17:05:12Z,0,0
UgylhpiD6tRl2UA4EoB4AaABAg,@TonioXX,WELCOME BACKKK!!!,2025-01-28T17:05:11Z,0,0
UgzAmuZXej4dRmvgyWV4AaABAg,@Albert_Arl1ngt0n,LET'S GOOOOOOOO WE TIME TRAVELED TO 2009,2025-01-28T17:05:10Z,0,0
Ugz4KQ8WKlKMCUchzIJ4AaABAg,@Cuddlebear6285,"Turbo Dismount 2?
I'm guessing we're gonna do some *mounting* this time around?",2025-01-28T17:05:05Z,1,0
UgwpnUthIEJ5P0jz8bl4AaABAg,@ariesdeloy410,WERE BACK I FEEL LIKE IM IN 6TH GRADE AGAIN,2025-01-28T17:05:03Z,0,0
UgwE9DW7VDo8RbGV8I54AaABAg,@noahnewton302,Feels like the old days,2025-01-28T17:05:03Z,0,0
UgxHLwW-Ka4w4mnK7Ql4AaABAg,@DerpidyDerp,There's a Turbo Dismount WHAT!?,2025-01-28T17:05:03Z,0,0
UgwBn9mPqxfcgPSVeMB4AaABAg,@reillydon,play the cabin factory!!!!!,2025-01-28T17:05:02Z,0,0
UgzACvHur2rnDYk0DhF4AaABAg,@SoggySoda1,WE FOUND A TIME MACINE WITH THIS ONE 🗣🗣🔥🔥,2025-01-28T17:04:59Z,0,0
UgwTylaZVtCvmhWHVMl4AaABAg,@tylipscombe6340,I saw the notification and I saw turbo dismount and I was like WHAT,2025-01-28T17:04:58Z,0,0
UgwSkhzTWvbl4o4HxA54AaABAg,@valerie1999,The way my inner child cheer when I saw the title,2025-01-28T17:04:58Z,0,0
UgxddKbKoU9BwRZqqX54AaABAg,@vy_ea,did I read that right,2025-01-28T17:04:57Z,0,0
UgyIINrFI6WmhKh5e6Z4AaABAg,@graphichawk,Loved that little dance lol,2025-01-28T17:04:57Z,0,0
Ugw7Fl8HcsDxvkkoGQN4AaABAg,@Nemesis_carnage,Just like the glory days,2025-01-28T17:04:56Z,0,0
UgybRgEEWCGmFJQGcGV4AaABAg,@IlikeScalies...,"WOOOOOOOOOOOOOOOOO
PINK LIGHTNING
11:12 how about some more turbo pads?",2025-01-28T17:04:56Z,6,0
UgwinkrbHv46O9KITPt4AaABAg,@HuntsmanStrong,SPEED is finally KEY again!!,2025-01-28T17:04:49Z,0,0
Ugxfsw0ODtrIMG0DdWJ4AaABAg,@prem.k9579,Hell yea!,2025-01-28T17:04:49Z,0,0
Ugy9Yk-d6an6QAjfO6B4AaABAg,@skepticaltoaster9175,THERE IS NO WAY OH MY GOD,2025-01-28T17:04:49Z,1,0
UgxyilM2fdmFRtbQMf54AaABAg,@kingofthedepths3513,Please play the southpark fractured but whole dlc,2025-01-28T17:04:42Z,0,0
UgxQo-A8SrYudEN9Nf94AaABAg,@captainh9579,Amazing video as always Sean!! bring back more older games and keep up the the wonderful work!,2025-01-28T17:04:41Z,0,0
UgxR5PSSZwcHoFWAJR54AaABAg,@Groggothy,lets fucking go!,2025-01-28T17:04:39Z,0,0
Ugy5mMm-rTr0b-T-4yh4AaABAg,@shellyfeist5473,Hi can you show me out,2025-01-28T17:04:39Z,0,1
UgwO4zW-N8Yq1W7A8WJ4AaABAg,@SomudaiX,TURBO DISMOUNT? ITS BEEN SO LONG,2025-01-28T17:04:38Z,0,0
UgzF8Q_hE3Gpz0XLP754AaABAg,@Viracocha08,THE KING IS BACK!,2025-01-28T17:04:38Z,0,0
UgztIWeL9lmEFOzR9QV4AaABAg,@moiceplaysroblox6888,Early,2025-01-28T17:04:36Z,0,0
UgyslPmm4iNzg8EQ8pt4AaABAg,@danielkostka7151,Omg no this Is my childhood😢 i remeber watching IT from you first,2025-01-28T17:04:35Z,0,0
UgwmJ6-oa2_0k1uB9nd4AaABAg,@subculturessbu7930,YESSSSSS HOLY SHIT UES,2025-01-28T17:04:34Z,0,0
UgzVAaJ8uRk5YguA1wd4AaABAg,@rimax0814,THERE IS A TWO???,2025-01-28T17:04:33Z,0,0
Ugxt4VUTHeRXf5D5z194AaABAg,@y0shi-074,"This is giving me so much nostalgia. 

WE ARE SO BACK",2025-01-28T17:04:32Z,2,0
UgzdRHpdx7igOFpMLf14AaABAg,@orenabitri,I just saw your original video for this 😂,2025-01-28T17:04:32Z,0,0
UgzWu8TuuWNtrrnywSh4AaABAg,@arandomdog8586,Whiplashed with how hard nostalgia hit me just now!,2025-01-28T17:04:32Z,0,0
Ugz5IwpMy53YwswJ3iB4AaABAg,@PatrickDisneyTamplin,HELL YEAH BABY! THIS IS WHAT I’E BEEN WAITIN FOR!!! WOOOOOOOOH!!!!!,2025-01-28T17:04:31Z,1,0
UgxetiXFpOP6VBEDra14AaABAg,@rinokumura7001,"Hey Jack, hope you're doing great! Thanks for making videos every day; they're always a blast to watch.",2025-01-28T17:04:30Z,1,0
UgwPKznuP4yZurIgjDF4AaABAg,@ericmonaco4509,WE GOT JACK PLAYING TURBO DISMOUNT 2 BEFORE GTA 6,2025-01-28T17:04:30Z,0,1
Ugx3O00JfjGBZ87JWHt4AaABAg,@conlow501,Insert the Ratatouille Meme here,2025-01-28T17:04:28Z,0,0
UgwwKCWLPxzAhBiUyQJ4AaABAg,@itsbeastly187,"The editor is NOT a jacksepticeye fan, bro edit at 0:45 said big lightning 💀💀, OOOOOOOOHH PINKKK LIGHTNING",2025-01-28T17:04:27Z,1,0
UgwiDO7BA1WrsyqVmUN4AaABAg,@Shiba-D16,A Classic ☕️,2025-01-28T17:04:27Z,0,0
UgxAPJwkmMlni50MFkp4AaABAg,@Meshy288,"Always happy to see Jack bring back old games! Keep it up, Jack!",2025-01-28T17:04:26Z,2,0
Ugy-8ZzzF-7nCScZahx4AaABAg,@ColorHeartCarlie42,"This was the game that introduced me to Jacksepticeye. Literally saw Markiplier play it, went to look up more videos of the game, and that’s how I found Jack.",2025-01-28T17:04:26Z,9,0
UgwO9Pjb87JWmGlHJR14AaABAg,@Gojver,Turbo dismount is back I miss this game,2025-01-28T17:04:26Z,0,0
UgwlQdG5WmmhQI8dIQl4AaABAg,@Mr.Lovoly,4 minutes ago is crazy,2025-01-28T17:04:26Z,0,0
Ugz6ip_VxwKmOID9hjV4AaABAg,@Noooough,"WHAAAAATTT, TURBO DISMOUNT?????",2025-01-28T17:04:25Z,0,0
UgyJkuXx-RODqE8SJ2d4AaABAg,@mrdoomdark,only 2.8k in 3 minutes?.... damn thats actually not bad,2025-01-28T17:04:25Z,0,0
UgwvrmSRSQVj9H5d5bF4AaABAg,@ThePlecoPal,I CANT BELIEVE THIS IS FROM 4 MINUTES AGO,2025-01-28T17:04:24Z,0,0
UgzicygCWcNzJApHKpB4AaABAg,@aynutt,my heart is exploding with happiness,2025-01-28T17:04:22Z,1,0
UgwBewKt_oS_q2kqHal4AaABAg,@Misto_deVito6009,Never thought I'd see the day! This feels like when PvZ 2 came out!,2025-01-28T17:04:21Z,1,0
Ugwovq8fEVYrlfAM7yF4AaABAg,@fearedgames,this is what i needed in my life!,2025-01-28T17:04:18Z,0,0
UgyLwzjJwttoLrSSc1Z4AaABAg,@Joemama-fw3li,WHERES THE CHICKEN CAR BABY,2025-01-28T17:04:17Z,0,0
Ugw9tvbX8Kwf1txW7Yl4AaABAg,@Bubsaw107,I was literally binge watching the series last night!,2025-01-28T17:04:17Z,0,0
UgzYtk3LvD22av4S1jt4AaABAg,@Pe_a_chy,FUCK IM IN SCHOOL RN I CANT WATCH IT😭,2025-01-28T17:04:13Z,0,0
UgzhhGUX4Z7ngGLtJZh4AaABAg,@Mahonebone,hell yeah,2025-01-28T17:04:11Z,0,0
UgysIaWSzwOQnalos794AaABAg,@danielhrvojevic,Hell yeahhh!,2025-01-28T17:04:11Z,0,0
Ugzk-GusSMql7xqbih14AaABAg,@Piratesans-ve1rt,I literally came back from my watching jack retirement for this. LOVE THIS GAME,2025-01-28T17:04:09Z,0,0
UgxHN9n1RgN-Z2iwCyl4AaABAg,@Zetsu001,"LETS GOOOOOOO BABY!!!!!!!!!!!! “SPEED IS KEYYYYYYY!!!!!!!!” “NOTHING STOPS, THE SQUATCH!!!!!!!!!!!!” “OOOOOOH PINK LIGHTNING!!!!” This made my day… 🥲",2025-01-28T17:04:09Z,0,0
UgxZvpMLotf_EXqbZ-J4AaABAg,@mrchilliee,This is literally my childhood bro,2025-01-28T17:04:08Z,0,0
UgwXKyQtsLF7qxFo7714AaABAg,@jamminajim26,The way I screamed Turbo Dismount!!!!!,2025-01-28T17:04:08Z,0,0
Ugzvoti5PKYbwOXEBA14AaABAg,@Jormyyy,Turbo Dismount??!! Now there's a name I have not heard in a long long time...,2025-01-28T17:04:06Z,0,0
Ugz2PNZDCRoKDie1xGd4AaABAg,@john2940,"OMG NO FUCKING WAY!
THIS WAS LITERALLY WHAT I FOUND YOU THROIGH BACK IN 2014!",2025-01-28T17:04:06Z,1,0
UgzyZ2SX6_qNG_TzbuN4AaABAg,@greatfulgreed6655,"Brings back memories, crazy to think it's been that long since the original series.",2025-01-28T17:04:04Z,2,0
UgylfiDOKq2BEV9FmvJ4AaABAg,@jesus16uuhh,we got a turbo dismount 2 before gta 6,2025-01-28T17:04:00Z,0,0
Ugx9zjYo839tMvygI-t4AaABAg,@bbqaddicttt,Hearing 'big lightning' after all these years gave me chills,2025-01-28T17:03:57Z,0,1
UgwCnCblkNTS017pm3B4AaABAg,@ViktorKusiak,we're so back,2025-01-28T17:03:54Z,0,0
UgxnTgx5oIEigwRuvKd4AaABAg,@ConceptsCool4993,This man did NOT bring me back like this!,2025-01-28T17:03:54Z,0,0
Ugxbc1wMRoA_13VugRh4AaABAg,@Vip3rman,Hell yes i knew for when i saw the game that jack would play it. Btw jack you can use a controller to drive what makes it way easier to drive,2025-01-28T17:03:53Z,0,0
Ugxb4fxT_KoCrW2o86B4AaABAg,@JacksonBrown-zd5to,FUCK YEAH JACK!!!! WE LOVE TD!!,2025-01-28T17:03:52Z,0,0
UgxqpOeldJ-Ylcxx6uV4AaABAg,@Olivia_Dreamrider,"Heck yeah, its back!",2025-01-28T17:03:48Z,0,0
Ugx1wBkfGrfdOLNiCh14AaABAg,@jamievanderstraten9858,This might be peak,2025-01-28T17:03:46Z,0,0
UgyZe8nZ3aJ4gRGJ1bZ4AaABAg,@vypergaming117,Jack...we better see more than 200 episodes of this!,2025-01-28T17:03:46Z,0,0
UgzSWKpvyZ2Abkz8k0F4AaABAg,@kjmegatron,Throwback to so many memories🥲,2025-01-28T17:03:45Z,0,0
UgzDXwRPs7TklboThQR4AaABAg,@himothyjack,"Hey Jack! just wanted to say a little bit about you, you are one of my favorite youtubers and i love how hard you work on your videos. you never fail to make me happy. love you bro and keep it up!",2025-01-28T17:03:41Z,11,0
Ugy-P459ExGDzAe6xR94AaABAg,@daisyjoy242,I feel overwhelmed happiness and joy see this video,2025-01-28T17:03:41Z,0,0
UgzYvBm5Sp17hJ2YMcV4AaABAg,@mixking1752,The sequel we’ve been waiting a decade for is finally here!,2025-01-28T17:03:36Z,136,0
UgwYT4jCgw5wYzsP3l54AaABAg,@Kiwiqwp,"OHHH SHIT, WE SO BACK 🗣️🔊🔥🔥🔥🔥",2025-01-28T17:03:35Z,0,0
UgwflaKlG8CzfJ1odRV4AaABAg,@kadescroller,"You a real one if you remember…

AAAAAOOOOOOOWWWW PINK LIGHTNING!!!!!!⚡️",2025-01-28T17:03:33Z,0,0
UgzBz5HXRH1LhjQRmOd4AaABAg,@LiamH73,Ive never clicked on a video so fast,2025-01-28T17:03:33Z,0,0
Ugx4pH-I2AEPtYmikbR4AaABAg,@douglewisamaanthro383,the return of speed is key!,2025-01-28T17:03:32Z,0,0
Ugx0ynw0HGAMGJoa1bB4AaABAg,@anacatrinanae8319,HELL YEAHHH IT FEELS LIKE ITS 2009 AGAIN :DDD,2025-01-28T17:03:32Z,0,0
UgwnrYTOPJ9bFJgpzeN4AaABAg,@naturalcauses6193,0:45 Editor doesn’t know pink lightning this is sad,2025-01-28T17:03:31Z,91,3
UgyYKDBDr_Z0PbrLFHB4AaABAg,@nando2335,"I literally no joke just thought about how much I miss when you played this game, amazing coincidence",2025-01-28T17:03:28Z,164,5
Ugyoj8MNpeC8voiMTTF4AaABAg,@MigL_,this is the first video ive seen from you in years man and i am happy,2025-01-28T17:03:28Z,6,0
UgylspxezhmKuSbxWZR4AaABAg,@mrdatfrudge4603,MOM GET THE CAMERA,2025-01-28T17:03:27Z,6,0
Ugxgbs5tijZOuLTquch4AaABAg,@Chrisdievis,"Bout to do my school work,guess yt had other plans",2025-01-28T17:03:27Z,0,0
UgyR2mwQ9x0r5FWM-PF4AaABAg,@MachoBean,First Jack notification I’ve clicked on in years,2025-01-28T17:03:26Z,0,0
UgyB-fnsyfnOwF8QB4R4AaABAg,@zeru4319,"Yo jack, I know it's completely unrelated but what are your thoughts on the recent fiasco about Bloodborne and emulation? Really want to know your thoughts as a big BB fan. Lots of love!",2025-01-28T17:03:25Z,0,0
UgznlQvXVNx0HJAtbvV4AaABAg,@Kazohh,YES ITS BEEN YEARS SINCE IVR SEEN THIS GAME,2025-01-28T17:03:21Z,0,0
Ugxr6JmagZ9lzMJBj_94AaABAg,@LukePlayzGames8,THE NOSTALGIA IS HITTING,2025-01-28T17:03:21Z,318,0
Ugwf4_OmTvauWQ19DLV4AaABAg,@wolf_of_nature1858,Started watching jacksepticeye for turbo dismount this brings back memories,2025-01-28T17:03:19Z,0,0
UgxeFIMLmvdMsP-tG0R4AaABAg,@quietcase,definitely has been missed,2025-01-28T17:03:15Z,0,0
Ugw5dCwm2jxHp6TUv8t4AaABAg,@n1ght1ng_gale,youtube used to be >60 fps??? thats insane wow,2025-01-28T17:03:14Z,0,0
Ugxrc6CulRdbqJAVN-V4AaABAg,@lGH05Tl,YESSSS I WAS WANTING THIS!!,2025-01-28T17:03:12Z,0,0
Ugyf5IiJwAexcnbkE4J4AaABAg,@Br0kennxx,Omggg you're such a boss Jackk,2025-01-28T17:03:12Z,1,0
Ugx3UaHH4xuBhtTt_dB4AaABAg,@CJ2CUTE,chocolate milk after school and watching turbo dismount with my cousin,2025-01-28T17:03:06Z,0,0
UgzDDfJE_GYCmewe-JF4AaABAg,@cheesydanishgaming3333,"HE DID IT
HE’S HERE
HES PLAYING!!!
YESSSSS",2025-01-28T17:03:02Z,0,0
UgzSmUZfJ3zxYdqNRHN4AaABAg,@Existerer,You better make this a series before I take the Irish’s supply of potatoes.,2025-01-28T17:03:02Z,0,0
UgxH8694xGaust8thyp4AaABAg,@luciluver420,HOLY SHIT TURBO DISMOUNT IN 2025!!!! FUCK YES!!!!!,2025-01-28T17:03:02Z,0,0
Ugx1s8Q2OybxDNo95MJ4AaABAg,@Negative_Zero_Soup,High energy dance party,2025-01-28T17:02:59Z,1,0
UgzYIwVrqk1cHFFuDPB4AaABAg,@Lyconner69,AYOOOOO!!!! TURBO IS BACK BABY!! AND SO IS JACKKK,2025-01-28T17:02:58Z,0,0
UgwLbL2o6XmufdEHvnV4AaABAg,@RAZBERRYAPEX,"This makes me so happy to still be alive, I could have missed this gem",2025-01-28T17:02:55Z,0,0
UgyviH0XgYeqX48xyDd4AaABAg,@snizzyfng3088,Yoooooo what a fuckin throw back  thank you jack,2025-01-28T17:02:54Z,0,0
UgzRPpe124FrZHEhQgB4AaABAg,@masteroogway6527,THIS IS WHAT THE DOCTOR ORDERED,2025-01-28T17:02:53Z,0,0
UgxNrFZawNtT_1qkGjV4AaABAg,@GlitchyPenguin,"boys...



WE'RE SO FUCKING BACK",2025-01-28T17:02:50Z,0,0
UgxIqhrdtFKvmwyx5354AaABAg,@seanstuart6723,Yuhhhhhhh I've waited so long,2025-01-28T17:02:50Z,0,0
UgyIENJKpMGCPqS1_Hp4AaABAg,@Reidbean26,Welcome back to turbo dismount!!!!!!!!,2025-01-28T17:02:47Z,0,0
UgzotIfaQKdcN5vbSBx4AaABAg,@mystikad3,the gasped I GASPED seeing this notif holy fuck what a nostalgia trip,2025-01-28T17:02:46Z,0,0
UgwMwDodFt8ETU110_F4AaABAg,@lilbreadbaker-jw6zi,oh yea turbo dismount,2025-01-28T17:02:45Z,0,0
Ugxkjx6bFjtAgpJRKRR4AaABAg,@ianwedergren8387,Turbo Dismount episode 2 was my first JSE video and this makes me so happy!!,2025-01-28T17:02:44Z,0,0
UgzLS1O889iDElu_BJt4AaABAg,@hatmcshooty,IT HAS BEEN YEARS!,2025-01-28T17:02:38Z,1,0
UgxIbViG0M_2iNR6Q714AaABAg,@finleyh9333,This is very humourous of the sorts,2025-01-28T17:02:36Z,0,0
UgzCxibFNPXiavLrOhh4AaABAg,@monzi5733,"Perfection,and on the day of my birthday! SPEEEEEDD IS KEEEEEYYYY!!!!",2025-01-28T17:02:36Z,0,0
UgwwLdpVLqhh0XbjLSZ4AaABAg,@warsh1p234,Ahhh….. 2014 is back,2025-01-28T17:02:36Z,0,0
UgzbGKItG7y66iQK1KZ4AaABAg,@Lt_Dusteyy,Omg I feel like a kid again this brought back so much nostalgia and the old intro 😊,2025-01-28T17:02:35Z,0,0
UgzYsDJVLFjpR1nEXdN4AaABAg,@ryanpill7338,We traveled back in time for this one,2025-01-28T17:02:35Z,0,0
Ugx4-wArLnRPF4MFnKd4AaABAg,@kom1_shouko,We're SO BACK!!,2025-01-28T17:02:31Z,0,0
UgwAgT-_ls6fwyVw_yt4AaABAg,@EssBeeStream,sean PLEASE PLEASE PLEASE play the subnautica: the red plague mod!,2025-01-28T17:02:30Z,0,0
UgwDJrjF7dJLWpvtcqp4AaABAg,@RedEyesGuy166,THE PROPHECY IS FULFILLED,2025-01-28T17:02:28Z,0,0
UgzNQ-sulHZ7_eZkS8x4AaABAg,@smokemc2674,"Fuck yes, I'm happy now, TBD is back",2025-01-28T17:02:27Z,0,0
Ugy8lp0d__14ZXyx0G54AaABAg,@tobidono86,470th like eyyy,2025-01-28T17:02:25Z,0,0
UgylAZdsfuCVcf5xpSp4AaABAg,@xavierwatson9325,Omg it’s back holy crap whoooolooo,2025-01-28T17:02:20Z,0,0
UgwzgMUEIlvNI7hj-l54AaABAg,@xe_n02,close enough welcome back 2009,2025-01-28T17:02:20Z,0,0
Ugx9-79rI5v41_3WHQh4AaABAg,@horaciosalgado7228,WHAAAT TURBO DISMOUNT,2025-01-28T17:02:20Z,0,0
UgyJbn8H9OaCG3xFKBt4AaABAg,@mr_willybilly,"0:48 its pink lightning, how could u editor?",2025-01-28T17:02:19Z,736,12
UgwMslxVZYclTLTs4z54AaABAg,@FistMyStinky,The revival of OG fans gonna be crazy,2025-01-28T17:02:18Z,0,0
Ugy22ZbpRMBjkeTOT7R4AaABAg,@NathanJReal,Ohhh yeaaa I saw the trailer for this and… yeah,2025-01-28T17:02:16Z,0,0
UgxWI5p6Q7ufxUOBA6t4AaABAg,@_mushroomking_3645,After everything happing here in the U. S. Jack is one of my favourite let's players that helps keep me going and staying alive ❤,2025-01-28T17:02:12Z,9,6
UgzfIQVzgtrj1AjxCYR4AaABAg,@DropTheDove,"I fucking screamed I was so excited, holy shit",2025-01-28T17:02:11Z,0,0
UgxYeUN9pKrkQExQV8h4AaABAg,@aerlandsson2792,I completely forgot this game was happening. A happy reminder :),2025-01-28T17:02:10Z,0,0
UgwE_CtYvQh-BBmm-OB4AaABAg,@holdencross5904,I HAVE MISSED THST INTRODUCTION JACK!!!!!!,2025-01-28T17:02:10Z,0,0
UgyhUTlw9pFDVlsH4K54AaABAg,@Commonlydeadgames,I was literally watching his old videos of this game yesterday haha,2025-01-28T17:02:10Z,0,0
UgyRYTPhqLbUjOTtOx94AaABAg,@thaqifsgamingchannel6094,AYYYYY THE JACK IS BACK!!!!!!!!!!!!!!!!!!!,2025-01-28T17:02:09Z,0,0
UgzZKIcNvntDqAwfP_B4AaABAg,@MissingScar,Bro I remember him playing this from like 7 years ago😂,2025-01-28T17:02:07Z,0,0
UgxS2d2bEhrVDVkbfBV4AaABAg,@dupli_nate,my childhood is suddenly BACK!,2025-01-28T17:02:06Z,0,0
UgyPZ1ekHCJ3bYCK9Sx4AaABAg,@Stellaonit,"Holy shit, we are SO back",2025-01-28T17:02:05Z,0,0
Ugz97yewHnRHy2Z67Dt4AaABAg,@lagatear64,Bro been so long since i watched jack,2025-01-28T17:02:04Z,0,0
UgyoeEPDQsW4UrbDqLh4AaABAg,@austinemenegger5820,I'm early for once,2025-01-28T17:02:01Z,0,0
Ugw5rBw1trxvpaIVxkN4AaABAg,@maritnorheim3607,He has gray hair now😢❤❤,2025-01-28T17:02:00Z,0,0
UgzxFEFkoHIlR3YCMJl4AaABAg,@SONDERMOIRAA,The goat returns,2025-01-28T17:02:00Z,0,0
Ugx7NvZhnYnMCVg12Id4AaABAg,@parasceptix8614,INSTANTLY CLICKED THE NOTIFICATION,2025-01-28T17:02:00Z,0,0
Ugzo7ICkvR4aJVZIv5J4AaABAg,@alennagy5273,"YESSSSSS ITS BACK. i watched the first turbo dismount video and those were a blast.
keep up the great work Jack <3",2025-01-28T17:01:59Z,31,0
UgzxFft5W5WWVhEzDPF4AaABAg,@amon2017,what a throwback,2025-01-28T17:01:58Z,0,0
Ugw3mozxJFVkNllNagJ4AaABAg,@mkly0126,TURBO DISMOUNTTT,2025-01-28T17:01:57Z,0,0
UgyR8VS1MsI1H-MzLGd4AaABAg,@DagvadorjBayasgalan-du8ox,"My god the nostalgia, i immidiately remembered him plastering his own face to the character",2025-01-28T17:01:56Z,24,0
UgzLG7aEZTIf4W1S00x4AaABAg,@tsm_pesent1228,So I'm not tripping I remember loving Sean back on the first turbo dismount videos still my favorite YouTuber,2025-01-28T17:01:52Z,0,0
UgxF5CY3WI8RA2ySKT94AaABAg,@mewzerz,I can't believe it's been a decade since this started PINK LIGHTNING FTW,2025-01-28T17:01:52Z,0,0
Ugzygk2-hbb_nTQy2hN4AaABAg,@jays_awesome_gaming,New gens don't even know this game anymore 😢,2025-01-28T17:01:47Z,0,0
UgxT6_a9V9oZ7QZ7gqt4AaABAg,@adammcginley3240,Well this is a throwback 🎉,2025-01-28T17:01:47Z,0,0
Ugy1smb8QxucUegxVch4AaABAg,@gavin_james18,Holy crap did I get in a time machine,2025-01-28T17:01:44Z,0,0
UgwRR4GPINU6kAWlDk54AaABAg,@bidosiko3313,THE GOAT IS BACK 🐏,2025-01-28T17:01:43Z,0,0
UgzqOJPVrEJ65xBHYPx4AaABAg,@youtube_watcher2207,LIFE IS PERFECT AGAIN,2025-01-28T17:01:43Z,0,0
UgyKmot0yHhmsq_knrd4AaABAg,@Katakaridansen,We are so back everyone,2025-01-28T17:01:43Z,1,0
UgxJZxcEu-54QdJi0RB4AaABAg,@ZahidKhattal,Can u try playing there is no game 2?pls?,2025-01-28T17:01:37Z,1,0
UgzF6CUn9fhdfwxBI9h4AaABAg,@kasae457,Literally popped out rn🎉,2025-01-28T17:01:37Z,0,0
UgzetSaaBSJNtCIs13J4AaABAg,@NickWasSnatched,Wassup everyone!!!! 0:08,2025-01-28T17:01:36Z,1,1
UgwpHPTJ9MPp_x9KasB4AaABAg,@BlueNacho_25,Can't believe turbo dismount will make a comeback,2025-01-28T17:01:35Z,1,0
Ugx8fCyKCM6ISg7R6mR4AaABAg,@Harry-mason-sh1,Not only is turbo dismount back but so is jacks enthusiasm for these games,2025-01-28T17:01:34Z,2,0
Ugw6c9DlUKTxwnnAYHN4AaABAg,@katster8067,WE’RE BACK🎉🎉,2025-01-28T17:01:34Z,1,0
UgzOFz__L5VyGb8Udud4AaABAg,@northernnugget,wait till he learns skate 4 is out,2025-01-28T17:01:31Z,0,0
UgzJxFsteg8zJv_AKSZ4AaABAg,@TheJege12,"""Uploaded 51 seconds ago"" I'M LOCKED IIIIIIIIIIIINNNNNNNN",2025-01-28T17:01:31Z,1,0
UgwBM5b3S6X4LBS8TYh4AaABAg,@noahdean9685,The King has returned!,2025-01-28T17:01:28Z,2,0
UgzkCgxv99dHRBh6Ddp4AaABAg,@SaberNctisXV,Watching Jack play the sequel of the most satisfying awesome game ever is MY JAM!,2025-01-28T17:01:28Z,3,0
UgyLzSvZJ4wZR9Zss2R4AaABAg,@piratetsuki,i clicked instantly,2025-01-28T17:01:27Z,1,0
Ugy_3jfKhWGxPYEoW_x4AaABAg,@darshani8355,"Hey Jack, hope your doing well thanks for helping me out with my mental health as a kid have a good day ❤ from South Africa",2025-01-28T17:01:26Z,1,0
UgznXPeRVn0y2P5C7SR4AaABAg,@jackivan7632,Its been a hot minute,2025-01-28T17:01:26Z,1,0
Ugz5EYT57nqnmn1AQaZ4AaABAg,@InisintBlitzZ,TURBOOOOOOOOO DISMOUNT,2025-01-28T17:01:25Z,0,0
Ugybzwe7RKA3O9YpQm14AaABAg,@atlasus45,"i literally went back to watch the old turbo dismount videos like a few days ago, bro",2025-01-28T17:01:24Z,0,0
Ugwfhbp3nJzjjIF9hC14AaABAg,@MithunUchiha-cl1xi,Let's go jack looking forward for this series ❤🎉,2025-01-28T17:01:23Z,0,0
UgyNXS2HJiBwGKYiY2V4AaABAg,@feemathieson8101,oh my god im early for once .... im one of those guys O_O,2025-01-28T17:01:22Z,0,0
Ugxxi4XpTCEen-53Kj14AaABAg,@recklesserves155,"THIS BROUGHT ME BACK HOLY SHIT, IMMEDIATELY CLICKED WHEN I SAW THE NOTIF",2025-01-28T17:01:19Z,0,0
UgzV5TPl1PdGsJ6O5L94AaABAg,@adoredgorilla7076,"Holy shit, ive never been this early before",2025-01-28T17:01:18Z,0,0
UgzdLVHNuvFottRefRJ4AaABAg,@georgettejade9613,Made my day to have some jse to watch thank you!❤,2025-01-28T17:01:15Z,0,0
UgxgEH0KuqKJrd5-mad4AaABAg,@Krylast33,Well this is a throwback,2025-01-28T17:01:14Z,0,0
UgzzCAFusjjvDfQ4ZJd4AaABAg,@sopheplayz2778,"omg never clicked soo fast
]",2025-01-28T17:01:14Z,0,0
UgxIPLF_dIE3LOCalmR4AaABAg,@matthewposton3243,We are back in 2015 boys,2025-01-28T17:01:14Z,0,0
UgzrSYyoASR9vQhIMd14AaABAg,@bin_lackin2323,I’m so happy this came out I remember this game to this day,2025-01-28T17:01:14Z,0,0
UgwrZDAd6NnRHNAPWKx4AaABAg,@j3ck32,Lessss go 1 view boyyysss,2025-01-28T17:01:13Z,0,0
UgxSP7mExT7IGQyGcyl4AaABAg,@naenaegoblin9118,..turbo dismount eh… why I haven’t heard that name in..,2025-01-28T17:01:12Z,0,0
Ugyn8EPKDCYvXCSQsD14AaABAg,@flyingbagels,I never catch videos this early. 19 seconds ago,2025-01-28T17:01:10Z,0,0
UgynTWTenzuox9HkPBp4AaABAg,@phrog6033,Life is good,2025-01-28T17:01:09Z,0,0
UgwAmksCM0kMY3REVj54AaABAg,@Nova_Avali,OH THE NOSTALGIA AAAA,2025-01-28T17:01:08Z,1,0
Ugx6dndVOEEiZOpMsfF4AaABAg,@CloverCrumbls,NEW JACK VIDEO!! ANYBODY ELSE UP DISMOUNTING THEY TURBO??,2025-01-28T17:01:08Z,0,0
Ugxd1e3I14ybOTANxgJ4AaABAg,@therealbean10,How long has it been since the first one came out,2025-01-28T17:01:05Z,1,0
UgxgrDMKnZwf3Vzunux4AaABAg,@robindbank9670,watching sean play turbo dismount was NOT on my 2025 bingo card but a welcome surprise nonetheless,2025-01-28T17:01:05Z,2,0
UgymED8kWW0TEH6O-zN4AaABAg,@vosboss565,My childhood……it’s back,2025-01-28T17:01:04Z,1,0
UgyUqmbVsU-dUZ2JY054AaABAg,@normalguy8938,I can definitely tell you. I was not expecting this.,2025-01-28T17:01:03Z,0,0
UgwHHOQo13s58FPEu9F4AaABAg,@stnaley705,the nostalgia is so real rn,2025-01-28T17:01:03Z,13,0
UgxJCNtHEiqw0Edc5KB4AaABAg,@abelzavala6430,Finally,2025-01-28T17:01:03Z,2,0
Ugzkz7mgO1-OQ3rI1fB4AaABAg,@1nk_FTW,35 secounds is diabolical,2025-01-28T17:01:03Z,1,0
UgxtyZ6jzZuBPfLdeN14AaABAg,@nfsrizki4194,I dont believe im the first 😅,2025-01-28T17:01:02Z,0,0
UgyhmmIz_AzUEjDoow14AaABAg,@yozierman253,No fucking way 🤯,2025-01-28T17:00:57Z,0,0
UgxLwg9ftu4Ea2c0dhl4AaABAg,@burritopatriot8850,Havent Seen This Game Since A While,2025-01-28T17:00:57Z,0,0
UgwGIJMAcBWci1-w3Qt4AaABAg,@P-tater,Yoooo what’s up man let’s goooo,2025-01-28T17:00:56Z,0,0
Ugzhn9R4zqM_fLOANId4AaABAg,@Starriest.Of.Nights,No way am I this early to him posting😂🫶🏻,2025-01-28T17:00:56Z,0,0
UgxHmSbm4QiMYkMPbz94AaABAg,@jello9322,I have missed the TURBO DISMOUNT scream so much!!!,2025-01-28T17:00:55Z,9,0
UgyFfxPUimMQBy-tNNR4AaABAg,@zakijabbour9447,First,2025-01-28T17:00:55Z,0,0
UgzdCo2vzt9vAGc5BKV4AaABAg,@jmcobbett94,I clicked this fucking video so god damn fast.,2025-01-28T17:00:55Z,0,0
UgzY1k1nXQDhQqNwQHt4AaABAg,@coalnewell8977,Love your vids man glad to see more gaming,2025-01-28T17:00:54Z,0,0
UgwCSe8i_n4-FGRvXYN4AaABAg,@thetato1273,Holy shit turbo dismount 2???? We are so back,2025-01-28T17:00:50Z,0,0
UgyjwUutDXTtQpKuTAh4AaABAg,@Triplides,HELL YEAH IT FEELS LIKE 2009 AGAIN,2025-01-28T17:00:49Z,779,22
UgyjqXdpJaxo8D76p1N4AaABAg,@benyork2593,Suddenly I’m 10 years old again,2025-01-28T17:00:47Z,0,0
Ugz-pMgKlIm_ZLNxftl4AaABAg,@Itskamzorkamo,1 view in 12 seconds he fell off 🤦🏾‍♂️,2025-01-28T17:00:47Z,0,0
UgxA4Uey1hGTY5xazWt4AaABAg,@sethivaltas619,Early,2025-01-28T17:00:43Z,0,0
Ugx1FMMFw2qnfkLlcAR4AaABAg,@liggegroeg,"So glad I caught this early 
Loved the old series",2025-01-28T17:00:43Z,0,0
UgwfVRm8cVDSAyDeoaF4AaABAg,@frozenpeanut_,28 seconds ago,2025-01-28T17:00:42Z,1,0
UgzaeNqbNvbPkdabuNF4AaABAg,@jacoblove9097,Let’s go! Sean is bringing back older games! Thanks Sean!,2025-01-28T17:00:40Z,21,0
UgzH9Fyye5JWI98nX4l4AaABAg,@Ellie_960,WERE SO BACK!!,2025-01-28T17:00:40Z,0,1
UgymM19ANyR08Ag_Gwt4AaABAg,@Owen-xf4un,So glad this is back 🎉,2025-01-28T17:00:38Z,0,0
UgxXW2LbSstGmYhHbXB4AaABAg,@omarolmosstudios7060,Oh hell yeah baby!!!,2025-01-28T17:00:38Z,24,0
UgxXz4mMxficv1_eQXt4AaABAg,@MichaelMitchell-jq9bz,Ha ha first,2025-01-28T17:00:38Z,0,0
Ugzj9bIBRHQZhH1S4EN4AaABAg,@deadshotswitzswitz3405,Dude yes I need this today,2025-01-28T17:00:37Z,1,0
Ugy1dvLHY2COq4QBw9Z4AaABAg,@Rejectsxx,first BABY,2025-01-28T17:00:37Z,0,0
UgyynbOU0_XWocd3izt4AaABAg,@Turkeytan,I feel honored to be the first viewer,2025-01-28T17:00:37Z,1,0
UgwqwUuQjZpFkUIvhAd4AaABAg,@SystemOverload,There’s been a second Turbo Dismount,2025-01-28T17:00:37Z,26,1
UgyaL3i6cDB5wWnEfZd4AaABAg,@PUGgamer101,TDM 2 WHAT?,2025-01-28T17:00:35Z,0,0
UgzbKwZXE5jVSCeKUX94AaABAg,@milk-zp3lk,IM SO EXCITED THIS IS BACK,2025-01-28T17:00:35Z,0,0
UgwTBafYrdb2opbawsx4AaABAg,@rad1cey,First,2025-01-28T17:00:35Z,0,0
UgwQ1nFmDDEwYtNRBRN4AaABAg,@MizzClareJonesKNS,This just gave me whiplash,2025-01-28T17:00:32Z,1,0
UgyOKInac_0M5qwTqwN4AaABAg,@SuperlexPlays,"*Ty for 77,000 sub* ✋️",2025-01-28T17:00:32Z,9,2
UgyZTjM48JeVUGaB8lt4AaABAg,@CaidenPrall,"One of you and 16 seconds, bro fell off",2025-01-28T17:00:31Z,0,0
UgxhipSgvtg4q7gsIKp4AaABAg,@hectoris919,We are so back,2025-01-28T17:00:31Z,0,0
UgyyWhMC49X-WNlPIc94AaABAg,@joshbarrett85,wow 11 seconds ive never seen a video so early lmao,2025-01-28T17:00:30Z,1,0
