Comment ID,Author,Content,Publish Date,Like Count,Reply Count,Detected Language
UgzD17Mu6WYNZyvzkGN4AaABAg,@CinnamonToastKen,Use code 50CTK to get 50% OFF plus free shipping on your first Factor box at https://bit.ly/4hjUofQ!,2025-01-30T22:03:32Z,52,3,en
UgyO2TF00UNKcbnFbl14AaABAg,@drewpeacock22,"just told my nan to subscribe and she said ""Tell him to fuck off""",2025-11-11T22:11:19Z,1,0,en
UgwdVE1XjuX2muRcIBV4AaABAg,@Racklee1992,"You could put mary's voice over  chilli's from bluey. When she is off screen, that's all I hear is the kids watching bluey.😅",2025-10-01T03:38:55Z,0,0,en
UgwnkpWYiqxzs8ApjXR4AaABAg,@lizziec4408,Came from the future to say that they didnt actually break up lol,2025-08-22T03:19:31Z,0,0,en
UgwuOYIbghO5j6HvDdp4AaABAg,@KarenJarrett-q1f,Dane you are looking sharp today.,2025-08-11T13:52:57Z,0,0,en
UgxBvB6Zpw7nnuwGPz14AaABAg,@nancythane5672,"Sorry Mary, but that Amber~community is *incredibly* co~dependent.",2025-08-05T16:06:36Z,0,0,en
Ugz7WfJWofz8pz9R_Q14AaABAg,@PettyKermit,"I was going to make a Pokémon joke there. Willow and Oak, when two professors evolved into one girl with multiple personalities.",2025-07-29T19:34:12Z,0,0,en
Ugw4QXWjEGrbJoB0xfJ4AaABAg,@michael-reis,Let’s start a go fund me me and raise money to get Mary the craziest chair possible!,2025-07-27T14:09:42Z,0,0,en
UgwknKdZz_laoLbFyDt4AaABAg,@prodbyscythe,He's upset because he didn't spend 10k so he can spend the other 40k gambling,2025-07-21T02:15:23Z,0,0,en
UgwB7PCxhHgZSNzvBjF4AaABAg,@spencrchavez,@22:39 ContentCow,2025-07-09T18:44:06Z,0,0,en
UgxKcSWs-ZQ1yDofLCJ4AaABAg,@spencrchavez,"this is the ""they forget my salad"" girl, right? or am i going crazy.",2025-07-09T18:42:19Z,0,0,en
UgywxFh_IAi2L3Nf33p4AaABAg,@SubjectDelta20,I can't believe Mary's on board with all that stupid pronoun nonsense.,2025-07-05T08:17:45Z,0,0,en
UgzgY4_MaVYH0bPfsAZ4AaABAg,@flamesthesalemander,The editing Olin this video was great. Really added to the experience,2025-07-04T00:44:18Z,0,0,en
UgzzwBjftYgyY9Dr2I14AaABAg,@kittyb3861,I think she ate rareity,2025-06-26T13:45:16Z,0,0,en
Ugwwzb-JwfQhOCJWFnV4AaABAg,@CasualObserver369,"I swear! Honestly! If Biggie West was on fire, my fat ass wouldn't pee on her to put her out!",2025-06-17T17:26:00Z,0,0,en
UgzCnbYfhWJGMgt-9c54AaABAg,@amanda12sark88,Mary is Sara Bellum from power puff girls,2025-06-14T01:03:42Z,0,0,en
UgyQwOqlqEdbiKT-4N94AaABAg,@jenb6412,Poor kitty!! Hopefully she got picked up by someone reasonable that took her home and loved her.,2025-05-24T18:16:31Z,0,0,en
UgwVQ6wla-zfodjyQfJ4AaABAg,@TammyandSplammy420,😂,2025-04-30T14:18:29Z,0,0,Other
Ugz3Mk8GVXRFvWwlau94AaABAg,@purrypurry2866,Please kin marry's legs must be so tired,2025-04-23T14:28:43Z,0,0,en
UgxlbgYhdmvQXfwbeph4AaABAg,@breemcbride8988,Mary’s voice reminds me of those dang reality shows where the hostess lady speaks  through a speaker? What’s the dang show called? Hello campers Welcome to the island type thing. 😂? It’s so relaxing!,2025-04-21T08:51:14Z,1,0,en
UgwbZSjAWnyX2JGFB9d4AaABAg,@countyourblessings9241,A FEW worrysome things?  🙃,2025-04-04T20:28:35Z,0,0,en
UgzJlYKg2vJw1hXrUKx4AaABAg,@MissesMoonsValley,"Mary's grace, wit, and brilliance are just too much for a chair at this point. Her superpowers would be too strong",2025-03-27T14:57:32Z,0,0,en
Ugy-WLrNdDv5b48glVV4AaABAg,@Brae1yn,DON'T SHARE YOUR LIFE ON SOCIAL MEDIA IF YOU DON'T WANT EVERYONE IN YOUR BUSINESS. WHY ARE POEPLE SO STUPID. ITS NOT ROCKET SCIENCE!!!,2025-03-25T17:18:22Z,0,0,en
UgyJ_UadR_lm8rqvy7t4AaABAg,@jubjub905,I remember when it was only 5 million subs for the chair 😂,2025-03-21T22:38:53Z,1,0,en
Ugw_QW6OpNmO6GQF5Yh4AaABAg,@GravellionDaizeen,Mary Cam but no chair 😂😂😂,2025-03-18T14:33:26Z,0,0,en
UgyWL6QewGFvBwupOEp4AaABAg,@aoihitori,"It's her fault, end of story. 😂",2025-03-12T05:14:53Z,1,0,en
Ugw-DHPetGv-yOgfctV4AaABAg,@shelbywild8,I can feel Mary giggling in the background about her not having a chair 🤣🤣🤣,2025-03-10T13:03:33Z,0,0,en
UgxN3_EdeJ9IEnHrvQB4AaABAg,@francisthedaisy,Amberlynn has started eating factor meals... wonder if she used your code 🤣 Also maybe a nod to being recognized by you!,2025-03-06T06:20:55Z,0,0,en
UgxB2_63FrqSRI03kyV4AaABAg,@bianca-fo8ob,YOURE ONLY 39?,2025-03-01T19:32:56Z,0,0,Other
UgzSPdY57ISKMZ0VyNt4AaABAg,@sharayahmartinez4336,Ken. The tea on gorl world is hot right now. I'm gonna need Mary to come in on this one,2025-02-28T06:47:59Z,0,0,en
UgzySxVvsQEZpABItSR4AaABAg,@bradyperson,Buuuuttttt Ken I'm a Stay at Home dad! I love cooking!,2025-02-28T06:18:14Z,0,0,en
UgzZ4jcUrrXAUcNtaMF4AaABAg,@gabylynn4665,I would like to say when watching this video an ad popped up saying hefty hefty hefty. The ad was perfectly timed.,2025-02-27T12:46:14Z,0,0,en
UgzrMU7MGRPbeqBRSBx4AaABAg,@Foxluna2390,We need Mary to do another episode ASAP! Amber stole Becks inheritance money when her mother passed away! The drama is getting INSANE!,2025-02-26T18:13:32Z,2,0,en
UgxdKNpksMpb8cNuduJ4AaABAg,@katrinasmith5343,It's like a power puff girls episode,2025-02-26T16:28:33Z,0,0,en
UgxSekaSRo4zh9KayGJ4AaABAg,@babzbunnii,honestly id read audiobooks read by mary and i don’t even like audiobooks so that speaks wonders imo,2025-02-25T22:57:32Z,1,0,en
UgzwtYb7I2oBvjbQflN4AaABAg,@Tinysaurusx,i think we have the same cup ken,2025-02-24T01:31:06Z,0,0,en
UgyJPXju6n6D-m2GOM94AaABAg,@kignkidonz8892,WAIT are you guys back in america?,2025-02-23T19:14:13Z,0,0,en
UgwsOJVBqJa2wPopd5d4AaABAg,@SanjaSleipnir,21:30 it’s crazy because she is actually right. I’ve been obsessed with Amberlynn for YEARS. I’m talking watching content about her 24/7. But I’ve never watched a single video on her channel 🫣🫣🫣🫣🫣,2025-02-23T18:55:30Z,0,0,en
UgzJHBZxJc5dBsB66ct4AaABAg,@EloisesMommy25,Omg Mary's voice❤❤❤!!,2025-02-22T16:52:21Z,0,0,en
UgxxZXI0m8qWzJi9fEt4AaABAg,@EloisesMommy25,Haiii mary u look great girl !! U are an inspiration to all us mommas I'm 4 months with my second daughter and I just love u and ur family 🎉❤ tho real talk that clown costume u did 😮 was unsettling 😂❤,2025-02-22T16:50:02Z,1,0,en
UgyfqrdrGjgqhpbS5pp4AaABAg,@CaillaHenry,More Mary please! I loved her recap on the Amberlynn drama,2025-02-21T02:11:19Z,0,0,en
UgzdlmOSWwc9t0jP2Mh4AaABAg,@archilepsy456,Mary is officially Ms. Bellum from Powerpuff girls,2025-02-21T00:28:48Z,0,0,en
Ugy6f00k6bgujDippKJ4AaABAg,@blackdysfunction8260,Enough with the gay folks,2025-02-19T14:06:13Z,0,0,en
Ugypz-x6-xFYw12skOR4AaABAg,@bloodbros1278,Emily also unintentionally killed her last partner with her fetish… so that is very concerning,2025-02-19T04:50:34Z,0,0,en
Ugx8WAW3YMy-yb2mFGR4AaABAg,@ashexrome7621,“Thank you for your research Mary” we all say in unison,2025-02-16T18:31:58Z,0,0,en
Ugy4XacVeePMKlU66cd4AaABAg,@GamersCoreUK,Is Mary allowed to sit in the car or does she also have to run along side while dane gets to ride shotgun 🤔 😅😂,2025-02-16T09:28:01Z,0,0,en
UgwEV9rMD2y2NOfRxK94AaABAg,@MissyJessica,Love when Mary’s on the show,2025-02-14T17:20:53Z,0,0,en
UgzyiV88kjJHXTmgwUx4AaABAg,@fredtroy8,No offense meant by this at all but when your wife Mary started talking I thought it was my device I have set to “Australian accent” her voice made me think my device was talking to me and I didn’t ask anything it’s unreal how similar it sounds 😂🤦‍♂️ also hilarious video your content has always been great it’s nice to see you getting more recognition. Also you have Chris Hansen. So you win no matter what 😂👊🏽,2025-02-14T14:31:15Z,1,0,en
UgwODIYmlSbminakygZ4AaABAg,@rukiroka1827,Keep her identity a secret. I prefer that way.,2025-02-14T07:24:23Z,1,0,en
UgyqauyxFAIvLXU4Itl4AaABAg,@TheRalphachicken,I think amber sits on all her cats buy mistake,2025-02-14T04:26:49Z,0,1,en
Ugzr6WB5vRddTV01Ikt4AaABAg,@Is_it_ferret_approved,"21:48. The funny thing about that, people like mr snowflake have just popped up stock videos and TALKED about her stream",2025-02-14T00:39:19Z,0,0,en
Ugw5lw6q8ADhfNjOm2B4AaABAg,@ANDY-h6m,Who is Amberlynn?,2025-02-13T06:01:53Z,0,1,en
UgzdWV9fWUKW6ga5gPp4AaABAg,@salmavilla7617,CTK you got me through my depression in 2020,2025-02-13T05:24:49Z,0,0,en
UgyXP65GLI4ZbLrHJ6p4AaABAg,@DeputyFish,stacked.,2025-02-13T02:04:32Z,0,0,Other
Ugwh165cOkMT5DWGs3Z4AaABAg,@HorseLoverBexHere,Mary please do an audio book your voice 1000/10,2025-02-12T19:24:33Z,0,0,en
UgyFYS5rKuXSKsKj_yB4AaABAg,@user-tm4my4jb6d,And the thing is she hadn't any her lung.  hahaha It was hilarious.,2025-02-11T19:27:20Z,0,0,en
UgwjLnBrGM9ckrUkcLR4AaABAg,@BrinkofArt,"How's Buff in the same room as Ken, can someone please fill me in? I first thought he was just visiting, but now it's been quite a while and I haven't kept up with the channel for a bit.😅",2025-02-11T16:49:41Z,0,0,en
UgxRyCnFvmS8gYX4YJJ4AaABAg,@cat00mat88,Love when Mary is in your videos!,2025-02-11T03:07:45Z,0,0,en
UgwBZLG0T4hFb4w4VWV4AaABAg,@Medii17x,Okay but mary's hair!! Look at that bounce and curl!!! Send me your secrets girl❤,2025-02-10T23:57:54Z,0,0,en
UgxVQjRzsGYvjv94fEJ4AaABAg,@iamthecrowygotcg3508,Dane and mary in the same Ken video was not on my 2025 bingo card,2025-02-10T23:15:20Z,0,0,en
UgxG_vezclHQfVYmdBl4AaABAg,@SaladsIngrownButthair,Watch more foodie beauty please lol,2025-02-10T22:19:54Z,0,0,en
UgxzQ80aLH_ebMIixbV4AaABAg,@Leximccormack1999,Noooo not Emily living in my state and finding out that amber was in MY STATE!? Leave Wisconsin out of this 😭,2025-02-10T08:33:42Z,0,0,en
UgyZlM3nQxP9J1ZsxZV4AaABAg,@elizabethh5009,"I really need to guys to see the clips she's put out and some of her really old social media posts regarding her very concerning behaviour towards minors! It was brought up again recently and she has deleted a bunch of stuff around the time she was hanging out with a 15 year old when she was 25, but a lot of the reaction channels have that stuff archived. Emily has a kid and dumped her not long after this, so a lot of people speculate that this was what really pushed Emily to finally dump her. The new partner of the father of her child, keeps up with gorl world, and Emily alluded to in one of her messages post break up that this relationship was jeopardising an important relationship in her life.",2025-02-09T18:07:56Z,0,0,en
Ugy3aE-4aAxPXltbI0R4AaABAg,@kaylahardy6041,"I am a 31 years old, married, with 3 kids. Mary's voice is soooooo relaxing to listen to. I literally had to rewind the video 4 times, and then just read it for myself, to keep from relaxing into oblivion. She should definitely be on one of those anxiety/stress apps to achieve calmness in people. Over the years, I have learned to tune stuff out, but even over the loudness of 3 kids (12, 11, and 8,) I found myself trying to keep my eyes open to pay attention. Lol. Y'all keep doing what you're doing, I've been a fan forever now since meme couch, and Dr. Phil episodes! You all are absolutely great at what you do! P.S. Tell Mary what I said, she could really get into that, and I would buy every one, bc I have huge anxiety and sleep problems -Kayla",2025-02-08T04:57:06Z,0,0,en
UgxtgU1I2qxMJOa7jnd4AaABAg,@anitadills6298,We can’t see her beautiful face! 0:28,2025-02-08T01:57:00Z,0,0,en
UgwUAowf_q3YyQvO7NB4AaABAg,@MoM-o6i,What's this Mary chair deal? Sorry I'm new to this channel.,2025-02-07T22:35:59Z,0,0,en
UgxaSw_3zev_kw7ljQx4AaABAg,@mrg_wolf5062,Mary is the lady from the powerpuff girls. You can't tell me otherwise,2025-02-07T21:37:21Z,0,0,en
UgwROhnpsRrSDdAaBzN4AaABAg,@swan-neck,Is Mary Australmerican?,2025-02-07T19:08:25Z,0,0,en
UgyLXITkHA8PVXMlnzZ4AaABAg,@psychickidstudios5967,Mary sounds like a documentary narrator. Very relaxing,2025-02-07T17:54:26Z,0,0,en
UgxmN9zkBqIyjtv2Yn54AaABAg,@helenablanks255,"I remember when Mary was making her cosplays whilst being pregnant with layla.
I really want an update on boss dawg, Betty and the tarantulas and snakes 😅",2025-02-07T17:53:20Z,0,0,en
UgwA47quWpMBgKXjTNN4AaABAg,@CU_Never,Why you gotta guilt trip me like😂  this…FINE SUBSCRIBED 🙄,2025-02-07T13:20:14Z,0,0,en
UgwD62UuAWL1AtZPJQ14AaABAg,@kendalltsakiris2244,"Get em, Mary👏👏😂",2025-02-07T06:25:35Z,1,0,Other
UgxZKecFwDK-1n8Wxvx4AaABAg,@gonewrong_exe,Yay I love how Mary joined ❤😊 would love to see more videos with her!,2025-02-07T01:50:01Z,0,0,en
UgxJ36UPBf-dAqQlyo14AaABAg,@peachbat4221,I think this is a distraction from her grooming and defending p*doph*lia allegations I definitely believe Amberlynn is a predator,2025-02-06T21:56:46Z,0,0,en
Ugza_8JiF6-mu2k0o594AaABAg,@hayleycakes3435,"I love mary always educating the boys on the gorlworld drama. Only vids i watch on here honestly (no hate CTK, i still luv ya)",2025-02-06T16:45:10Z,0,0,en
UgxQuGWNSRVJAE1R3114AaABAg,@chaniee666,Ok Mis Blellum,2025-02-06T05:16:52Z,0,0,Other
Ugxopv2BFDHWiMXTurh4AaABAg,@___Lyric___,Once again we have been blessed with a visit by the SAGE OF THE LORE.,2025-02-06T04:16:26Z,0,0,en
UgwWTVmp9zzLxKtq0KZ4AaABAg,@stephaniecolburn,0:24 😂😂😂,2025-02-06T02:29:12Z,0,0,Other
Ugw3MbgitTlRuGEiORZ4AaABAg,@jessicascheibly93,Mary!!! I miss her. I used to watch her vlogs and then found your channel! Yaaaay i love the ppl collabs😂❤,2025-02-06T02:09:30Z,0,0,en
Ugy1mO9R_GtUA7Y3Mit4AaABAg,@kingkayla1073,A lot of undiagnosed sociopaths are compulsive liars. I know someone like that they just lie and don’t know why.,2025-02-05T20:09:41Z,0,0,en
Ugx5s2MoH9_JVRQbiNt4AaABAg,@Jon7763,no chair for Mary..... i really like the whole Ms. Sara Bellum thang she's got going on,2025-02-05T19:30:44Z,0,0,en
UgwkQ36PdIxmFAlDTGt4AaABAg,@lavendermagic84,"Can't we meet Mary halfway and get her, like, a barstool or something to sit on when Ken reaches 5M subs? POOR GIRL NEEDS TO SIT!! 😆",2025-02-05T17:53:59Z,0,0,en
UgyvHoxwJ0VZX_pb1I94AaABAg,@lizzromero1403,"Not saying this is the joke but my husband would love if he was sitting all the time and I was standing because of what's at eye level XD I know that's not the joke but it makes me giggle because that would be 100% something he would joke about. What do you need a chair for, you are at th perfect height XD and we all know you love Mary more than anything else in this world and y'all are adorable",2025-02-05T17:36:08Z,0,0,en
Ugz3VYo85QA8Kbb7i354AaABAg,@sterling8298,"She'll be lucky if she makes it pass twenty twenty five.  She makes a cow look like a baby lizard. 😂😂😂😂😂😂😂😂😂😂😂😂😂😂😂😂😂
She makes a container ship look as small as a pool float.😂😂😂😂😂😂😂😂😂😂😂😂😂😂😂😂😂😂😂😂",2025-02-05T17:02:08Z,0,0,en
UgyiJatR1N7LpbIXaeZ4AaABAg,@sterling8298,"Every day, I stay toasty.😉🍃😶‍🌫️💨😎",2025-02-05T16:48:06Z,0,0,en
UgxxSSLfltl9YgcZizh4AaABAg,@taylerrina,omgod waiiittt Mary’s body is TEAAAA you go mama<3,2025-02-05T05:50:13Z,0,0,cy
UgysImdVyJtFR7huQxB4AaABAg,@Livelyghoulie,"Mary deserves a chair bc she moved back to AMERICA for you lol no shot could anyone get me to come back to America esp during these times, queen DESERVES a chair lmao",2025-02-05T04:55:37Z,0,0,en
UgwOd9eBOjJtgdAtyHl4AaABAg,@acadiegurl,CTK is the only Youtuber that I would WATCH his sponsor plugs.,2025-02-05T03:14:16Z,0,0,en
UgzFCJyAcHitvIkAfB94AaABAg,@Darkpennant,"Ken is toxic AF! Won't even give Mary a stool, or even a bean bag to sit on out of frame.",2025-02-05T01:30:06Z,0,0,en
UgzW0i24f3rUN5cOJJp4AaABAg,@slaxxer1119,"you guys should do this more, it reminds me of rhett and link",2025-02-05T00:50:06Z,2,0,en
Ugxme7sqPcwxxXilryt4AaABAg,@morganmarks77,Mary and Ken are so cute,2025-02-04T23:50:10Z,0,0,en
Ugy6FTwYd725UGbGbAR4AaABAg,@autumncitie,the editing in this video was top tier 😂,2025-02-04T21:21:42Z,1,0,en
UgwPO7vm_bYVVdsFUIp4AaABAg,@Kizzabell,Did Ken move back to US? Or on holiday?,2025-02-04T21:18:21Z,0,0,en
UgyjIs2EDWnEhxzseBR4AaABAg,@hugebigmegasalteater,Stop the abuse! Get this channel to 10 mil!!!!,2025-02-04T21:02:16Z,0,0,en
UgxfJCsjAYbqzerd1yd4AaABAg,@candycanezz956,Ken this is the best sponsor ad I've ever seen,2025-02-04T19:24:58Z,0,0,en
UgyvFAp8LO27AzyXAt14AaABAg,@drasticbubble1223,Marry is naturally talented at the whole speaking thing would be a great commentary channel,2025-02-04T18:05:00Z,0,0,en
UgxslGGWatZvWF1YtAd4AaABAg,@sblevins143,I subbed just for the chair. Get mary a chair,2025-02-04T15:04:48Z,1,0,en
UgywEux7i7e1Y4640qR4AaABAg,@JordiBriscoe,"Poor cat. I hope she’s okay. I could care less if amber dies, the pets will go to better loving homes!",2025-02-04T13:48:43Z,2,0,en
UgyPArmU_To6IwjHMqB4AaABAg,@RizziCGaming,We’re barely even at 5M subs 😭🤣,2025-02-04T13:31:13Z,0,0,en
Ugx3SpDUdSaJsA-0HTN4AaABAg,@shayok1857,I literally love you guys and would die for you,2025-02-04T05:14:23Z,0,0,en
UgwMeE3RK2xVTxgbkxh4AaABAg,@cheshirelily2221,"Man, at least Chris Hansen didnt ask Mary to take a seat...she might have self destructed X,D",2025-02-04T02:22:44Z,0,0,en
Ugx8A6wS8E8Xm3_CWCJ4AaABAg,@Avardenth,I love all the meme clips!!,2025-02-04T01:58:56Z,0,0,en
UgxKpYW50cSGjf-4w2Z4AaABAg,@kristin7054,"Ken, you and Dane both really look SO much more handsome with this side-by-side camera angle and different lighting!  And, Ken! Just one time, I'd like to see you with those glasses off; those eyes look hazel, but it's hard to tell! Mary really found a wonderful gemstone in you, in so many ways.",2025-02-04T00:04:23Z,0,0,en
UgwqyM-dboI54JDi80R4AaABAg,@sweetwetsugarmess,Gotta balance the rogaine and chair budget.,2025-02-03T23:44:33Z,0,0,en
UgykItjobMeUPUTge194AaABAg,@MoonlightGlow777,This is the first video I’ve come across from you guys and I want to say that if Mary became a gorl world reaction channel I would subscribe to her channel as well! I really enjoyed her commentary 🫶🏻,2025-02-03T22:58:17Z,1,0,en
Ugx1OBL657kDXCMxr9t4AaABAg,@witchdragonfly2586,I like her from the view point of that one red head lady from the power puff girls though. 😂,2025-02-03T22:18:51Z,0,0,en
UgxLgZmyUEUoALY1Djp4AaABAg,@sandraaraya5067,I’ll buy her a chair 😊 sincerely. 😂😂😂,2025-02-03T20:00:41Z,0,0,en
Ugz9MpirshfQb0qwZC94AaABAg,@acewilcox3223,I almost always skip the ad in the middle of the video but i watched this factor one just because it was so funny,2025-02-03T17:54:49Z,1,0,en
UgwbKK_7dw55rEKJaCx4AaABAg,@fj59,I adore this gorlworld series!! Mary is the only reason Im subscribed to you,2025-02-03T17:23:56Z,0,0,en
UgwC2rz9V2GqUWFFxAd4AaABAg,@concat9301,These people are nuts,2025-02-03T17:09:05Z,0,0,en
UgxuhejqH8PUFhCls-J4AaABAg,@megan1820071,These might be my favorite videos!!!,2025-02-03T16:21:09Z,0,0,en
Ugx-fht-8nSXUXOQJ9J4AaABAg,@realpapapaul,She not they,2025-02-03T15:31:03Z,0,0,en
UgxKczM0UdWT3XWkNLl4AaABAg,@NavigatorMother,"EmilyTommy is basically what we used to call, a 'groupie'. Someone who hangs around the band members, or spends their time finding ways to date famous, high profile people. I had a friend who went from bands to the national cricket team. Don't ask me how, but she liked being with the most important man in the room. That's Tommy. She likes some  stardust with her Orange Chicken.",2025-02-03T14:23:36Z,1,0,en
UgyBDhEFjHD6TIkd6pl4AaABAg,@Jelly-Bionic,"Amber in a Ken video, I never thought these worlds would collide",2025-02-03T13:33:47Z,0,0,en
UgxH65bmS6j-NHjfXNp4AaABAg,@ericsmamma,Yeah I don't know I feel like we all have preferences on who we are attracted to what gets your motor running is what gets your motor running we don't tend to have a lot of control over it,2025-02-03T09:03:19Z,0,0,en
UgyhT4AvPXoBsA9L1hp4AaABAg,@ericsmamma,PLEASE PLEASE PLEASE DRESS UP AS MISS BELLUM FROM POWERPUFF GIRLS,2025-02-03T08:58:54Z,1,0,Other
UgzAUcVpG7WRHb9iunN4AaABAg,@maggiemooming,4:50 bro the gasp I gosped,2025-02-03T06:01:56Z,0,0,en
UgzGnM96uPuAVXdKeUZ4AaABAg,@Mgmorris98,I truly think Amber is just dumb and selfish and possibly a narcissist. I don’t think she’s smart enough to conjure up an audience who hates her on purpose she just doesn’t ever think anything she does is wrong so she won’t listen to people 😂 and then the cycle continues,2025-02-03T05:09:43Z,0,0,en
UgwFKDduzZEOTR9y2jl4AaABAg,@sarahplustheboys3338,"I just love Mary so flipping much ❤ I'd pay for her to just talk me too sleep, she's so sweet, soothing and Hilarious!!!!",2025-02-03T03:25:07Z,1,0,en
UgzmhMOEp-TjiIDiZIp4AaABAg,@karinmiddendorp9011,"I wonder... If Mary, Ken and Chris Hansen were all in the same room... will she TAKE A SEAT?? Or will the world implode?",2025-02-03T02:08:28Z,15,0,en
UgxwmDZc6dnla52mvgl4AaABAg,@MrWobblin,at this rate imma be pissed if Mary DOES get a char lol,2025-02-02T23:14:59Z,0,0,en
UgxD0iljcji3tL25w154AaABAg,@ChichiPee,"When Ken pulled out a red shoe, I felt so bad that I didn't believe him 😭",2025-02-02T22:48:32Z,0,0,en
UgzhHJxPPJnh2XDN1up4AaABAg,@tweediebirb9193,mary being in gorlworld is my favourite 🥹 i love it blending two worlds and i’m here for it!,2025-02-02T22:21:25Z,1,0,en
Ugwnk3CqqreEeIbmDMh4AaABAg,@GameplayCrush,"She kills fat ladies by encouraging them to eat themselves to death, thats the fetish, and now she got the spotlight on her so she ran.
But sad thing is, this girl will still end up killing herself cause she ain't stopping whether she's with the nutjob or not",2025-02-02T22:05:28Z,2,0,en
Ugwmaf-ThEZm65DKwHx4AaABAg,@thepisswalker,Ken's alter ego is Big Unc Streetz,2025-02-02T21:49:53Z,0,0,Other
UgwCpGQ1HmC4UpkrW454AaABAg,@thepisswalker,Ms. Bellum irl is a mega hot mom,2025-02-02T21:49:08Z,0,0,en
UgzwvmESDTkdmblBsXh4AaABAg,@Pretty_edits00,Aaaaahhhhh I missed you DANE!!!! 🥹🤗,2025-02-02T21:16:09Z,0,0,Other
Ugziz35YFMJ9CY4oUNt4AaABAg,@AngelJuliet,"I have no idea who these people are, so I am completely neutral when I say:  is it at all possible the gf was not a feeder but an enabler?  Like not necessarily doing anything to prevent it?",2025-02-02T20:21:55Z,0,1,en
UgyUOelUVtfZe6iNGD54AaABAg,@itchyt2997,Mary chairy?,2025-02-02T19:30:52Z,1,0,Other
UgxYmHIreUSWByAN3r14AaABAg,@itskaybe6348,I love that Mary is so deep in Gorl World. I feel less alone lol,2025-02-02T17:24:05Z,8,0,en
UgwSOYo7TOtTIRjv1sZ4AaABAg,@jackboxx4172,3:44 I quickly realized I don’t care about this,2025-02-02T15:25:29Z,3,0,en
UgzuxmqSJkKbwq4jGXh4AaABAg,@DasNagi,"Come on ladies we gotta get more subs for our girl Mary, she needs that chair! XD",2025-02-02T13:49:44Z,2,0,en
UgzKEqPVWrTmgGRE7dR4AaABAg,@beautyfrompainxxx,Mary is too powerful for a chair! 👊🏼,2025-02-02T13:40:46Z,2,0,en
UgxKO8ezykQUa5dyL694AaABAg,@sarutonyn,"Love you, Mary. ❤",2025-02-02T08:18:53Z,0,0,en
UgwlfvfG-gUrDK2_-2t4AaABAg,@Nuggyv420z,what type of shes fat so she cant cheat type of shit is this 😭,2025-02-02T07:23:05Z,1,0,en
UgzyFnnQW6dxSYCWtuN4AaABAg,@Dari.han_youtube,I’m so glad you guys cover this now so I don’t have to be part of gorl world 😂 it was slowly crushing my brain over many many years,2025-02-02T06:50:26Z,0,0,en
UgzJpIeV22sOmwJkZVl4AaABAg,@AnythingGoesStudios,The reverend will have something to say about marry standing and you showing her off lmao 😂,2025-02-02T03:33:55Z,0,0,en
UgxNDa_1FzwL0LORtkJ4AaABAg,@katrinakrause240,I want to know what Amber will do when she isn’t making money from YouTube anymore,2025-02-02T03:26:32Z,0,0,en
UgwdRThEM8F7vf1jTpN4AaABAg,@meowmeow4150,Mary has the best voice for narration thooooo,2025-02-02T01:26:47Z,0,0,en
UgwD4GuGbzs73R4lgux4AaABAg,@ShayGhost02,"Mary is me talking about Amber to my mom, like so passionate about it but has no one to actaully talk about it with so we go to the next best, our family and just spill all the tea to them in great detail",2025-02-02T00:51:04Z,0,0,en
UgydlymlxJPD3wUqiDR4AaABAg,@pin3appl3p3n,im gonna buy mary a lawn chair so she can sit down😭🙏,2025-02-01T23:52:24Z,0,0,en
UgyLAJznB1R_W5WqJo14AaABAg,@VanissaWolf,"Mary, Ken, Buff, you guys are awesome! When I see Mary I know the tea is going to be HOT! Thank you guys for making my day better always!(:",2025-02-01T23:29:18Z,0,0,en
Ugw_IsOnvG6tfitQ4iJ4AaABAg,@Cat-si7xw,YES MARY!!! I have been watching  the Amberlynn drama!!!! I lovee this content,2025-02-01T23:27:41Z,0,0,en
UgxYmemLJ0I62jPi5p54AaABAg,@thrash_rabbit,Interview the ex’s!! Have Mary do it!!,2025-02-01T21:57:01Z,2,0,en
UgzqZb4BGs5A7iTjfvZ4AaABAg,@jennISfindingfloridablog,"I love Ken & Buff, BUT I could listen to Mary read the back of a cereal box for hours & never get bored!",2025-02-01T21:32:02Z,0,0,en
Ugwt1BQpEiOy1pR7OZJ4AaABAg,@tenny810,Your wife reminds me of the redhead lady off of Powerpuff Girls😊,2025-02-01T20:45:04Z,0,0,en
Ugxvoz_EHnslLnOH90N4AaABAg,@stacycraige2157,"Now that CinnamonToastKen covered this, Lez Eat",2025-02-01T19:22:10Z,0,0,en
UgwIkNq_9HPxLOAgnGR4AaABAg,@IMSRYK,6:16 was a jumpscare I wasn't ready for lol,2025-02-01T18:49:03Z,0,0,en
UgzR94qdoUU8lghvp-d4AaABAg,@cozycatana,Mary is my favorite guess ❤,2025-02-01T18:48:02Z,0,0,en
UgzCvHmLlpxB2BqHwTt4AaABAg,@IMSRYK,Mary has a great narrating voice.,2025-02-01T18:43:33Z,0,0,en
UgwZTeaGRH5Er87RVbt4AaABAg,@rmcer2,The AustrAmerican accent is both so weird but so addictive to listen to,2025-02-01T16:37:41Z,0,0,en
UgzkisQBJ87a13csXRV4AaABAg,@ximar0ckstrx,"Something missed here is at the same time all this happened, Amber was caught following a CP/CSA account on Instagram and this reopened the talk (and evidence) of Ambers predatory behavior towards children. Emily is a mother with a small child. The community is positive that the information about Ambers behavior got to the child's father (who has custody)... Emily isnt going to choose Amber over her own childs safety. Amber even started mass deleting old videos that showed the predatory behavior. Theres a lot more to this situation than just the (f)eederism",2025-02-01T15:34:24Z,1,0,en
UgzkydBdebSM35L5Qal4AaABAg,@axelheartstrung4828,I love Mary's Gorl World knowledge 😭💕,2025-02-01T14:21:40Z,0,0,en
UgzxyeuqhTP39J73O154AaABAg,@JosephMiller-gh6mv,"I think some may get into a relationship with some U-Tubers for some reasons that can be if the person is famous , so of  course fame  , and to start their own U-Tube channel and after breaking up fans will go I want to see & hear what she says , so once you make it big ( fame) you have to know the relationship may be fake and your being used , so I have always thought the person who was with them before the game is the real deal , so 99.9% of the time they have nobody to blame but themselves.",2025-02-01T13:45:16Z,0,0,en
Ugw3S31fnq3E1eSx_gh4AaABAg,@ItachiUchiha-kf1ie,I like Mary standing there it reminds me of the mayor's secretary from power puff girls lol,2025-02-01T13:39:35Z,0,0,en
Ugzdcee2a-DKVTLcX0x4AaABAg,@nadinebrandt2021,I've never watched her content. I don't care one bit. I don't care about who's dating anyone. I just like to watch Kens Videos. 😂,2025-02-01T13:06:55Z,0,0,en
Ugx8LLwEIA02l0QWXzF4AaABAg,@xXxXfrogXxXx,She IS a feeder!! What do you meaaaan!! Absolutely bonkers y'all.,2025-02-01T12:11:04Z,2,0,en
UgxcNLdJUDYZaqcL_Bx4AaABAg,@GloriaViolante,I will buy a throne for Queen Mary. Hugs Mary,2025-02-01T11:18:44Z,2,0,en
Ugxgv6iO2ROROwVN0C14AaABAg,@Katymonkey131,I miss Mary sm 😢,2025-02-01T10:34:41Z,0,0,en
UgwOWzT_9_Hu1Ypl0IJ4AaABAg,@oldtincanNat,Ken does a great ad read,2025-02-01T08:41:30Z,0,0,Other
UgxCy5wPXLOfFQJqqFh4AaABAg,@fcm3d,Aaah yes Miss Sara Bellum.,2025-02-01T08:14:53Z,0,0,Other
UgwqCuuUZ13fqlcshYF4AaABAg,@bjorndekoninck1741,is this not the girl that lied about her food order being wrong in a video she asked for vegies and for a bacon sandwitch and she asked for a apple and got 2 pudings ?,2025-02-01T07:37:53Z,0,0,en
UgzawBgO-ikcv1lU7T54AaABAg,@Donnihullio,Mary doesn’t deserve a chair she deserves a couch 💅🏾she’s the bread and butter . And then theirs Dane and other dude with the mustache 😂💜,2025-02-01T06:50:42Z,0,0,en
UgysvMSTGdo0Gj8fqfd4AaABAg,@gracecardoso7513,"Mary did not get that nice bod from sitting down in all her videos! Exercise is obviously very important to her, which is why she stands. 😂",2025-02-01T05:56:57Z,0,0,en
UgzXuyG-wVTfLKeumcZ4AaABAg,@annabanana1680,This actually WAS posted on my birthday 😂,2025-02-01T05:55:54Z,0,0,en
UgwG0ehF_U9vhgLzZgN4AaABAg,@candour5343,Who tf  even is this girl😂😂😂 i just seen her on that one meme where she got roasted,2025-02-01T03:40:41Z,0,0,en
UgzJEZUH-zJhNzE8FAJ4AaABAg,@katrinarose72,I stand with Mary. She needs a chair. A massage one at that.,2025-02-01T03:35:31Z,0,1,en
UgzsREOc64LxEUhnuwt4AaABAg,@cruisematt8585,This video came out on my birthday. Ty for the birthday wishes Ken,2025-02-01T03:06:33Z,0,0,en
UgwcrNQvhEVEIYjLwDl4AaABAg,@FaithBejar,Everybody say thank you to Mary for contibuting to the pretty faceless ladies committee,2025-02-01T02:51:55Z,0,0,en
Ugwfc0WSdwEnrqMoJMR4AaABAg,@ethandumar2398,"I think when marry is an all knowing voice in the sky  it's pretty awesome as well, like she is a narrator narrating real life",2025-02-01T02:27:20Z,0,0,en
UgwczO-z3dY3-sYay2R4AaABAg,@Sandra-nr6pu,I don’t think you should ever get married chair you should get her a hanging hammock to sit in she’s awesome she deserves something unique,2025-02-01T01:24:38Z,0,0,en
UgyF0_uClqvXx_B3jOh4AaABAg,@Mittsthebear,This is the content I need,2025-02-01T00:43:02Z,0,0,en
Ugz34WXDI2FPoMg5FZ94AaABAg,@MaggieMorrissey1916,"Lemme guess: Emily found a bigger, more famous girl?",2025-01-31T23:30:02Z,1,0,en
Ugw6X57W8T4-CrH0tA54AaABAg,@ebunnyzappa,"Omg I remember back when Mary had her gaming channel back in the day, her voice unlocked a nostalgia blast! But I’m here to say GET 👏🏾MARY👏🏾THAT👏🏾CHAIR👏🏾!",2025-01-31T22:45:37Z,0,0,en
Ugyyxx-x9x2zpFwiJjt4AaABAg,@RandomNut86,is a stool a chair?,2025-01-31T20:56:09Z,0,0,en
Ugy0evlyWSia1bsm95h4AaABAg,@HowBoutNoHo,if anything Amber does looks strategic...... its accidental,2025-01-31T20:44:35Z,0,0,en
Ugw4HVmh00YkpSILq454AaABAg,@lisaarley6835,Mary is to beautiful 🫢🙌,2025-01-31T20:37:59Z,0,0,en
UgxfVLLLh_tQ7eP_2iR4AaABAg,@Abfallkannibale,"The fact that one can Go Out and say ""ima feeder, so what?! Dont judge me! I pray on the mentaly weak and get Off in their demise!"" Is more disgusting than anything.",2025-01-31T20:00:25Z,0,0,en
UgwFdnEsw1XyO3EUkBh4AaABAg,@juliecampbell7,"This video was super funny until Mary said that Amber lives in Oklahoma. And of course, she does.... I have to share the same state with this?😂😂😂😂😂",2025-01-31T19:49:24Z,0,0,en
UgwTIWekzOgM22gcuAd4AaABAg,@sarahh2072,"Amber's audience: looks out for her well being, trying to protect her from a feeder
Amber: *WHY DO I GET SO MUCH HATE*",2025-01-31T19:36:05Z,92,0,en
UgxWI6wEW1KRhfNhegJ4AaABAg,@manalasiri4929,"For Mary's sake, I subscribed 😅get her a chair",2025-01-31T19:32:47Z,1,0,en
Ugx2huw4AuRezunu94F4AaABAg,@BipolarVampiress,I hope you’re working in a nikocado avocado video! He’s just gone off the RAILS,2025-01-31T19:25:24Z,0,0,en
UgyPFuwT5__bHm6YTpR4AaABAg,@Katherine-js2mu,@CinnamonToastKen @BuffproThe Thank you guys for allowing Mary to give the girls the tea. You give us Chris Hanson and she gives us our Amberverse.  Ya’ll are making 2025 a little easier to deal with😮‍💨. I love to see a man support their wife and she is giving us all the gorlworld tea ☕️,2025-01-31T19:11:54Z,0,0,en
UgyAqaiiymxZVJtnPNp4AaABAg,@mistresskupo,"""The bestfeeling in the world is her hand in..."" *my brain* ""cooter"" ""oh, her HAND, her hand in your HAND"" *off to bleach my brain.

Mary needs her own channel for tea.",2025-01-31T17:41:39Z,0,0,en
Ugy0UswGwciklUeFA3Z4AaABAg,@dak5791,"bro if she's gonna be the only one not showing her face, just don't put her in the video. Idk about everyone else, but it drives me crazy",2025-01-31T17:37:01Z,0,0,en
UgyDEdmta_K3MWoWAal4AaABAg,@StaceyRoberts-kd8ex,Soooooo animal cruelty? 🤔 what's her stuff again...?,2025-01-31T17:25:16Z,0,0,en
UgzU7mTknzwnaxXMUl14AaABAg,@amber4051,"Man, I love it when my current weird niche drama interests intersect on other channels lol",2025-01-31T17:22:54Z,1,0,en
UgxbCNUSvuensFdeSZN4AaABAg,@nicolesommers173,"Wait so their argument is ""shes not a feeder.....shes a clout chaser, its different"" im confused",2025-01-31T16:03:58Z,0,0,en
UgxRCoqsknjHeeSiOfB4AaABAg,@Jay-mt6nu,2:26 noice,2025-01-31T16:02:23Z,0,0,Other
UgwAeu1n8yHxoxO2WAx4AaABAg,@queenAaliyah3000,I had an episode when I saw Professor Oak 😂,2025-01-31T15:56:32Z,0,0,en
Ugy1sVTXJAyPoWz5aTF4AaABAg,@jen62865,Have you guys seen the video of Dr.Phill conducting an ICE raiding,2025-01-31T15:52:32Z,0,0,en
Ugxjoqfmflg2mkjsXS54AaABAg,@itchykittie,That moment at 7:30 when Ken and Dane are stroking their beards at the same time as Mary talks 😂 I laughed so hard at you guys,2025-01-31T15:51:18Z,0,0,en
Ugx8jEi_QiXMrqmVOJ54AaABAg,@queenAaliyah3000,"We all know that when we aren't looking, Mary's chair is that daddy face you got. Y'all ain't slick.",2025-01-31T15:49:48Z,0,0,en
UgwhKVHVkVH58H5YYxB4AaABAg,@greengoddess_22,Mary is so beautiful and amazing she needs a chair,2025-01-31T15:42:30Z,0,0,en
UgyK_BgYkwCuA4UDd8d4AaABAg,@caitlynnbright84,"Mary reminds me of the secretary in the Powerpuff girls, the brains behind the mayor. 🎉",2025-01-31T15:33:45Z,0,0,en
Ugz7j2arn6JUILv19aB4AaABAg,@akisendo,"Ken: ""YouTubers are toxic.... Toxic AF.....Mary, am I toxic??? 🤨""
Mary: ""Sometimes...""
Ken: ""Sometimes!! 😏""
Later....
Ken: ""How dare you call me toxic, Mary! How dare you! No chair for you!"" 😂😂😂😂😂

Ken is a little toxica  in the best way 😂😂😂😂😂❤",2025-01-31T15:18:58Z,0,0,en
Ugx7kzlI-qg6CWJeco14AaABAg,@marissamate,"Nikocado should have filmed his weight loss  journey. That would've been big bucks and, honestly, I would watch it too.",2025-01-31T14:10:29Z,0,0,en
UgwrfGyzJKOKt8qjZft4AaABAg,@graveyardbutterfly,Buffpro looks pretty dang happy you are back. He's basically glowing  😂,2025-01-31T13:34:51Z,39,0,en
UgwQ5uEMK1jNi6ePCbh4AaABAg,@MadelineRodriguez-c1u,Emily is single handedly try to take all those super overweight figures down geez. Its like she feels she conquered them.,2025-01-31T13:26:48Z,1,0,en
Ugzyu9NxY06bHquoVIh4AaABAg,@anxiousbun5390,I really didn't care about this chick but the cat thing....REALLY pisses me off. How fuckin horrible?? People need to be charged for shit like that. Animals taken away etc. How dare she.,2025-01-31T12:36:33Z,0,0,en
UgxXNrvxXwi38Q8TwmV4AaABAg,@manbehindzecurtain,I think you should go back to the couch,2025-01-31T12:22:24Z,0,0,en
UgwkScX1IOAQXSUv7Ul4AaABAg,@Nasiruify,"Mary doesnt sit in a car, she stands right on top of it",2025-01-31T12:00:37Z,11,0,en
UgzkLA9D_UU24hCeQYh4AaABAg,@goldenwolf_gamingYT,Ash look professor oaks true identity was revealed,2025-01-31T11:14:47Z,0,0,en
UgyLtbJ5bGq8JlYi_iF4AaABAg,@SecretlyFrogs,Theres actually potentially another reason that they broke up relating to the IG account she was caught following and the highlighting of her weird behaviour towards minors 👀 emily had a kid thats with the dad so its possible she broke up with amber to avoid any association to inappropriate content that could prevent her seeing her kid,2025-01-31T11:13:25Z,0,0,en
UgwwRjrKM_J_qri-WCt4AaABAg,@pagesinyellow,Woo Mary! 😁👏🙌💕,2025-01-31T10:44:27Z,0,0,Other
UgxrHQBhMs2gB4WxAxd4AaABAg,@PikoYui.yt.,poor mary🥲,2025-01-31T10:23:56Z,0,0,en
UgznrpdHe4csaXjPRZp4AaABAg,@WilliamMothersell,Got so buff you got married 😊,2025-01-31T10:19:12Z,0,0,en
UgxY881ei1JR468YSFB4AaABAg,@La_Rhana,mary being part of gorlword is still so surreal to me lol,2025-01-31T09:49:52Z,0,0,en
UgzQE7GEqy8zMmeQCNd4AaABAg,@TheIlluminatedartist,"How to get a loving wife that makes amazing video essays for you: Deny them any seating, forever!",2025-01-31T09:24:58Z,0,0,en
UgyEZkoP5iZ-dmGqu4t4AaABAg,@ItGabby,I could listen to Mary all day lol,2025-01-31T08:45:01Z,0,0,en
Ugw88KrDD6B-0h7NGMt4AaABAg,@Lambam-m2e,H😊,2025-01-31T08:43:47Z,0,0,Other
Ugw-v7IopERM6g76dWJ4AaABAg,@Midna_moon,And the cycle continues,2025-01-31T08:40:09Z,0,0,en
UgxdKsyXIQNCEwxls4l4AaABAg,@kaydwessie,"I can't with the ""sympathy bone"" WHERE TF IS THAT LOCATED?",2025-01-31T08:36:43Z,0,0,en
UgyLj7J7yUusmjyq_el4AaABAg,@ladymallowdrafts,"Mary has a soothing voice, I love how she always brings the tea from gorl world",2025-01-31T08:00:02Z,0,0,en
Ugz0fO0IQi997NoIwEB4AaABAg,@akuma6797,9:15 “my eyelids are literally swollen” girl that’s just you 🤣,2025-01-31T07:53:06Z,0,1,en
Ugx14PXfDf8l3-E2ChV4AaABAg,@ripkristamichelle,My Birthday was Yesterday last year of my 20's  29 thank you,2025-01-31T07:37:26Z,0,0,en
UgzS32OgNpyweXX_ypp4AaABAg,@jasonbrowny23,In love with being noticed but afraid of being seen,2025-01-31T07:01:25Z,0,0,en
UgyRlyt6fKXGD707SQ14AaABAg,@NicoleJosephMusic,Mary may not be the sitter of chairs but she truly is the queen of lore,2025-01-31T06:43:19Z,0,0,en
UgwBWKVC2bPdYRMl__l4AaABAg,@L0Z-AA,Hi Mary ❤,2025-01-31T06:41:57Z,0,0,en
UgwHaKglzRTcadsWWeF4AaABAg,@Sophia1096-1,Off topic I love how Mary has an American/ Australian accent 😂,2025-01-31T06:39:51Z,0,0,en
Ugx3CWWpMz5ZY-Dv5h54AaABAg,@lindarileyxxx,Am I just that high or does Mary’s voice sound AI?!,2025-01-31T06:28:01Z,0,0,en
UgxGRjkrlkKIIJvVqBt4AaABAg,@ido.hatethis04,"Came back to this channel after awhile, i totally forgot ken is in the amber verse. Amber verse literally has taken over me life for years😩😩",2025-01-31T06:02:23Z,0,0,en
Ugwt12IAFv9rX4U3K8d4AaABAg,@amandapleasedotcom,Yall are missing an opportunity if you don’t have her dress as Ms. Bellum for Halloween,2025-01-31T06:01:59Z,0,0,en
UgwbWRJYzYXj_Wy9NwN4AaABAg,@ANCIENT_RELLYKC,Emily seeks out woman with “money” that she sees that she can easily feed these women to death and take their money and nobody would bat an eye because of lifestyle choices,2025-01-31T05:59:19Z,0,0,en
UgyCO2CA6B6UGoVSmWh4AaABAg,@EmmaCarolinePowell,You need to interview Kay from Kay's cooking. Discover the woman behind the spudtaters,2025-01-31T05:45:26Z,0,0,en
UgwrMWY6_saJDVbh90F4AaABAg,@LunaLove87,"OMG You guys didn’t read the 2 other slides that Emily posted!!🤷🏻‍♀️ She went on to talk about how Amber was threatening to ruin her life by going live on YT and talking about her. Also, you mentioned Beck but didn’t mention her comeback video was her talking about how controlling and abus*ve Amber was during their relationship. It’s really insane how demented the Amberlynn story is… Ken is giving her far too much credit…",2025-01-31T05:43:46Z,1,0,en
UgwHO5SyaMwBe8n8lYt4AaABAg,@laneyschulte8987,I need Mary’s take on the Blake Lively drama. I know she will come with receipts. 🧾,2025-01-31T05:35:49Z,0,0,en
Ugw6uRHNIet18tJdI8l4AaABAg,@_Nanalae,"My oh my, this gorlworld blend is a spicy tea",2025-01-31T05:29:43Z,0,0,en
UgzfWCtdDtxB8dsKKgV4AaABAg,@EnthorieL,We need a mary face reveal,2025-01-31T05:21:47Z,0,0,en
Ugz5mEF6YbHoVLWld9t4AaABAg,@meganhedstrom1029,Mary needs to read books for audible.,2025-01-31T05:20:50Z,0,0,en
Ugxcwd-a7XCCCo2KSoR4AaABAg,@BasementHopper,The Britney Spears music cut legit jump-scared me,2025-01-31T05:12:23Z,0,0,en
UgxcdbPUTNWuDE5oHEp4AaABAg,@prettyblkftgurl,Emilys baby daddy made her dump amberlynn or her cusyodial rights to her child would be affected. Amberlynn reid is a suspected pedophile with older videos showing her being inappropriate with a minor. Someone tipped off emilys bd. Big Al is also abusive and possesive to the point of obsession. Emily referenced this as a reason for the breakup.,2025-01-31T05:10:45Z,0,0,en
UgyhdIp50Za6KOFB4OR4AaABAg,@heavenlame,Mary on Audiobook when?!,2025-01-31T05:10:18Z,0,0,en
Ugx_9WrOyRBThLxBV7R4AaABAg,@kittydeviance,Mary needs the power puff girls around her,2025-01-31T04:58:19Z,0,0,en
UgzRMMI8w_sMfqsYVuN4AaABAg,@babblingbrookie,"Referring to someone as a ""they/them"" sounds mental. I laughed when Mary changed what she was saying. Going along with people's delusions isn't loving or kind.",2025-01-31T04:54:35Z,0,0,en
Ugw1HU98S0JdOZVqwXB4AaABAg,@morgangermsheid868,I really needed this video tonight. ❤,2025-01-31T04:38:32Z,0,0,en
UgyKXOCD4H4q_UoTWwl4AaABAg,@airborn4202,Oh boy! Amber Lynn was in WI! I am a Wisconsin girl! 😮,2025-01-31T04:14:11Z,0,0,en
UgxsVZGW9c5UM0HNjl14AaABAg,@jamesavery2862,"Damn I missed buff on the same screen. 

Never. NEVER. get your beautiful wife a chair. SHE STANDS",2025-01-31T03:20:58Z,0,0,en
UgybzbcvyaH-_x_dRml4AaABAg,@xionnights13,Actually- can we actually get a Mary Cam?? 😭,2025-01-31T03:19:46Z,0,0,en
UgygwEjvoHlo1kPhZKZ4AaABAg,@amyjomichaelhtd4life582,Sorry for all the comments but I have some stuff to say about this Emily broke up with Amberlynn after she started taking the weight loss shots Ozempic/ Semaglutide So If Amber said she wants her to lose weight? SHe was dealing with all the stuff being said about her until she started the shots,2025-01-31T03:16:12Z,0,0,en
UgwpMVzH1gtiZabkXgB4AaABAg,@KittySnicker,I cannot stand watching her actual content. She’s so long-winded and meandering. At least Nikocado is animated and goes nuts!,2025-01-31T03:03:36Z,0,0,en
Ugwoeb6gIuiPyCYRMs14AaABAg,@purpletalons7682,I was in jordy's chat when everything went down. It's still crazy and hasn't slowed down yet.,2025-01-31T02:58:36Z,0,0,en
UgwfW3bqsts8nDnEKrd4AaABAg,@vizierOfTruth,"I was just watching Beck’s live stream, and mentioned you and Mary in their chat. They think you’re awesome! You should contact them for a collab!",2025-01-31T02:47:09Z,0,0,en
UgzwGQ-nvJyNT651wFN4AaABAg,@ShelbyQUESTIONMARK,Love this channel and love Mary spilling tea ❤️,2025-01-31T02:25:02Z,0,0,en
UgwtUYPfwg_R3XDNDvl4AaABAg,@elmiron8785,Bring TLC back,2025-01-31T02:11:48Z,0,0,en
Ugyv0rjJY0nT3gt4RX14AaABAg,@JetDaBear,What is most irritating and disheartening is that people Amber Lynn and Gypsy Rose  still get clicks and money from this while there are plenty of good creators trying to make decent content and they struggle to even get anywhere with content creation. As entertaining as this is I don't think I want to engage with this kind of content much anymore. At first I watched for awareness but the more I watch the more I feel like giving people like that more attention by engaging with reaction content feels like being part of the problem.,2025-01-31T02:03:03Z,0,0,en
UgwW880GrrGnnceQovJ4AaABAg,@gessyca7754,we dont want to look at marys body its weird that she wont show her face and only her body,2025-01-31T01:48:28Z,0,0,en
Ugw7ezQ3MC3ECporc014AaABAg,@JFitzA96,"Love this channel, could listen to you guys all day especially when im cooking 😁",2025-01-31T01:42:50Z,0,0,en
Ugz6_G5_Ft1e7Aprz5R4AaABAg,@Isabela-nt2ze,Can you react to Jerry springer,2025-01-31T01:37:01Z,0,0,en
Ugwc2HV9jhzvS6ynD_54AaABAg,@ChroniclesofJen,"PLEASE DO CUTIE/FOODLES  @FoodieBeautyOfficial 👈🫶🤜💯❤️‍🔥 NEXT 🙏! The hit and run on LIVE STREAM l, laughing about it, and what she did with HOOWIE... RIP POOR HOWIE 😢! AND HOW THIS HATEFUL BISH DUG HIM UP FROM THE BEACH AND PUT HIM IN FREZZER، next to Salad's 🤬 dino nuggies!!😡🤬🤡💩👹👺😈☠️🙈🙉❤️‍🔥❤️‍🔥❤️‍🔥",2025-01-31T01:31:17Z,0,2,en
UgyxWt3TR_kWvY3SxDp4AaABAg,@ChroniclesofJen,AMBIE! and the rest of us all know shes playing the YT game hard! Completely... and faling miserablely!!! 😂😂😂,2025-01-31T01:22:36Z,0,0,en
Ugy7h3U4WnRudBdDCzV4AaABAg,@ChroniclesofJen,"YUP NARC ALERT! 🥰🥰 AMBIE , HEY 👋 AMBIE, 😂😂😂 Mary did u make it to @OhLordyitsJordy last night! 😮😊😅❤🎉 what a night all the creators were making our rounds! LMAO BEST NIGHT SO FAR, but this is only getting better by the day!",2025-01-31T01:20:41Z,0,0,en
UgxcqN0bIcov1gzp3QR4AaABAg,@jenniferolivo3663,"Mary, your voice is so soothing! Thank u",2025-01-31T01:16:15Z,4,0,en
UgwOtPtIriqSczye9EV4AaABAg,@TheMidna1,Give Mary a damn Chairy!,2025-01-31T01:11:15Z,1,0,en
Ugw-P-0-WzUWJmNM-o54AaABAg,@MonstarChomper,You can’t tell me Mary isn’t Miss Bellum (I guess technically Mrs Bellum),2025-01-31T00:52:32Z,0,0,en
Ugx0QmZ2HF3ptiug2fx4AaABAg,@MetalCreep,Mary is like the moms in cartoons. We never see their faces.,2025-01-31T00:50:35Z,0,0,en
Ugx1aLjSbkrDmEWk6NF4AaABAg,@Turtllleee,Karina kaboom and Mary would be a AWESOME collab,2025-01-31T00:24:49Z,0,0,en
Ugx-6fUyUDNePavYqXt4AaABAg,@ibrokemyrouter3730,Nah the Professor Oak edit got me,2025-01-30T23:57:53Z,0,0,en
Ugwh2_ywU0ZHB0lvBO14AaABAg,@NaeldbyNae,Ms Bellum is here ❤❤❤❤❤❤,2025-01-30T23:26:38Z,0,0,Other
Ugy0QZv5cVtfq9e2jT94AaABAg,@Coolbl3w,Shes the Miss Bellum of this show xD,2025-01-30T23:00:46Z,0,0,en
UgzBey8O1N6jnR0gjE14AaABAg,@rapidsage2988,I’m excited to see you on Carve it Up with Broxh!!!,2025-01-30T22:54:30Z,0,0,en
Ugw84T23kzzPfbxSIIt4AaABAg,@ToxicTigerPlatypus,Mary is no longer Mary. She is forever Ms. Sara Bellum,2025-01-30T22:51:23Z,0,0,en
UgynuSJogmw81PXUl6R4AaABAg,@Jessilyn_1386,Gorl World has truly peaked with Amberlynn madness!,2025-01-30T22:47:22Z,0,0,en
UgwKOzLGNm0dWIcaqnt4AaABAg,@itsaurite,26:15 Exactly Teardrop,2025-01-30T22:35:49Z,0,0,en
UgwdxWhvLlCPKpEImmd4AaABAg,@menskee,She gon be standing a long time,2025-01-30T22:31:18Z,0,0,en
UgwalXZq_GXlv2e8pG54AaABAg,@christinageiser707,"Please, pleaseeeee do a video on Ashley Trevino. The lore on this woman is insane",2025-01-30T22:29:49Z,0,0,en
UgzApK2A0WPHSlYCXnR4AaABAg,@Not_Sorry_Charlee,I would be so excited if I reach 1k subscribers one day but congratulation on the success! My son got me watching your channel and I love it especially the “girls world”❤❤❤,2025-01-30T22:21:50Z,0,0,en
UgxagP6Et_zPbEbqWXJ4AaABAg,@picklerick4944,Is Amberlynne on OnlyFats?,2025-01-30T22:10:47Z,0,0,en
UgzD17Mu6WYNZyvzkGN4AaABAg,@CinnamonToastKen,Use code 50CTK to get 50% OFF plus free shipping on your first Factor box at https://bit.ly/4hjUofQ!,2025-01-30T22:03:32Z,52,3,en
UgyGu8gj1ey7zqkq7O94AaABAg,@CraftyJennster,The Amberverse is so fascinating. It's literally hectic and literally starveeeen for more 😂. And other Amberisms,2025-01-30T21:54:31Z,0,0,en
UgwLk1xWxMJIQXY4dRt4AaABAg,@nitoyep3366,She talk kinda funny,2025-01-30T21:50:52Z,0,0,Other
UgwQAsBTgI1RxMIEfBp4AaABAg,@Cottontailart,Lens ad calling me his child when I'm older than him lol😂,2025-01-30T21:46:36Z,0,0,en
Ugz6aeICTl6xpZycb_R4AaABAg,@ellietv.,"Chris got a seat, but not Mary. 😞",2025-01-30T21:33:38Z,0,0,en
UgxOpN1l7wjWIcrysMt4AaABAg,@caseyh8386,"Being a feeder is a type of abuse. A feeder is helping someone harm themselves. It's like if someone was a recovering addict and got with someone who encouraged them to use, knowing that they could very likely overdose.",2025-01-30T21:33:00Z,0,0,en
Ugy9AFazTOobooq2UOl4AaABAg,@hld9885,"Miss Mary needs a tall throne, still outta sight but still the queen!!!",2025-01-30T21:18:32Z,0,0,en
UgzNp6pjmNbl75OcFXl4AaABAg,@risenhoku,"off topic, but 4 kids later, mary has taken WONDERFUL care for herself! marys awesome!!",2025-01-30T21:17:02Z,0,0,en
UgxliMrVchIbf0GJqUR4AaABAg,@shanecrump7932,Being irresponsible enough to lose your cat like that makes me sick 🤢. They make kennels and harnesses.  The cat probably saw an opportunity to escape this psycho.,2025-01-30T20:55:55Z,0,0,en
Ugw6-wlnUujYw16HSpN4AaABAg,@McLuvinyerma,"21:26 That is exactly how I watch all these people. DSP, Boogie2988,Wings of Redemption, All of these people. When they live stream, the re streamer usually have almost triple the viewers lol",2025-01-30T20:53:40Z,2,0,en
Ugx9YXbJePfDIva4sFB4AaABAg,@Icewolf7542,It's so nice to have all three of you in the same room! LOVE it when Mary is included too; it's so sweet! She's so pretty! Love you guys! ❤,2025-01-30T20:47:38Z,0,0,en
UgxxXC3K3YE4X7lJWTF4AaABAg,@shanecrump7932,We at least need an ai face for Mary.  It’s weird listening to the faceless voice 😂😂,2025-01-30T20:44:47Z,0,0,en
UgyQYk736mgB04UWCHR4AaABAg,@nnygem,Ken gives Amber way too much credit lol,2025-01-30T20:25:49Z,0,0,en
UgyMbiV5r3eVSTDhCrN4AaABAg,@elspethghost,"As an Emily myself, i wanna say the rest of us Emilys dont claim this one. At all. Ugh",2025-01-30T20:02:20Z,0,0,en
UgwKZwKab90Uk51wHyh4AaABAg,@dawnlee3306,Omg get Mary a chair 😂❤,2025-01-30T19:55:33Z,0,0,Other
UgzUJBgQvu7yTmjrGxt4AaABAg,@ryubi-bunny,"so far i felt indifferent towards amberlynn, but hearing she basically abandoned her cat and never took any precautions against that, i now hate her from the bottom of my heart.  animals deserve nothing but love and respect, this makes me truly angry",2025-01-30T19:47:02Z,5,0,en
UgyhrItaIvCV4-faneN4AaABAg,@Jake-ox2rd,Mary is like Ms. Bellum,2025-01-30T19:22:23Z,0,0,Other
Ugw-pWQreWO8M7LBerh4AaABAg,@ThirdCoastGems,"Ken, we love you. But set stepped goals. 5 million first. Then 7.5. THEN 10.",2025-01-30T19:13:12Z,0,0,en
UgzdPDnO9FZneTfR5i54AaABAg,@ChristSavedMichael,"I didn't realize this person had lore. I only know her from a single short where she goes ""I ordered a salad but they sent me a sandwich instead! 😮😮😮""",2025-01-30T19:06:40Z,0,0,en
UgwySXNFV05okzCgS5V4AaABAg,@xDomchax,I love you being my source of Amberlynn drama😂❤,2025-01-30T19:05:34Z,0,0,en
UgwK8w_WfbLhDGk52MR4AaABAg,@ChristaMeanus,I’d trust Mary to hold my drink 😭,2025-01-30T18:57:42Z,0,0,en
Ugz6CQHPYSZDC5hVRkN4AaABAg,@goosey40,"Theory 1: Mary doesn't care if she has a chair or not. 
Theory 2: Mary was sitting in a chair offscreen.",2025-01-30T18:55:21Z,0,0,en
UgyDzqK667KKvqNTwp14AaABAg,@Babyvix2.0,Mary is ms.bellum and Ken’s the mayor of Townsville,2025-01-30T18:54:52Z,0,0,en
UgwmDCf86pWyyrYG5mV4AaABAg,@Laerikasuarez,WE NEED TO GET THIS WOMAN A CHAIR 😂,2025-01-30T18:44:10Z,0,0,en
Ugz-eufVVcuFRsNJe4h4AaABAg,@dragoniteartist1733,Mary has such a nice voice I feel like she could tell me the world was ending and I’d be okay😂,2025-01-30T18:36:14Z,0,0,en
Ugwyfu3wlEE5zyiPYHF4AaABAg,@GrayWoIf,"Mary like the parents in some cartoons you never see their face. Even though we have, at least the people here long enough.",2025-01-30T18:32:56Z,0,0,en
UgzZBrjx4Gl210l0Xih4AaABAg,@XopheAdethri,"_These people_ are always screaming at their ""haters"" and when they run low on ""hate"" to complain about, they just attack someone close or pick the weakest of the group to gang up on and try to drum up drama.",2025-01-30T18:21:10Z,0,0,en
UgxS0WHpMxpGXnh6LOR4AaABAg,@MizTheMuffin,Yall...i stg if youre right and shes from Oklahoma and shes the one someone said they thought was me imma flip a table. We have enough problems in this state 😭,2025-01-30T18:18:08Z,0,0,en
Ugx2QxN2PDmTSKhwvK54AaABAg,@kateschoolfield7303,You and ALR have a symbiotic relationship 😂,2025-01-30T18:10:30Z,0,1,en
UgylGyvoKyRbQMqVWSp4AaABAg,@noblenumenorean5165,Lol her accent 100% got stronger. Always great to here from Supermarymom.,2025-01-30T18:10:23Z,0,0,en
UgyAQ8q7jUHnW6rWlPl4AaABAg,@shoff9714,Gorlworld is meh. My fav part of this video was the factor commercial. It was actually so different and funny. 😂,2025-01-30T17:36:55Z,0,0,en
UgxM8-ZVxvZskvfhVqR4AaABAg,@jenniferpadilla6672,I’m gonna subscribe to you on my husband’s phone when he’s taking a shower,2025-01-30T17:36:50Z,0,0,en
UgwOfHKo0ES5F-IWtpV4AaABAg,@lk_nail_art,NOT GORL WORLD! Love the Ms. Bellum vibes.,2025-01-30T17:30:46Z,0,0,en
UgzA0seUFtauD05h5lJ4AaABAg,@TriggerJensen,Mary has a nice reading voice. She could start one those channels where she reads like children's books or something.,2025-01-30T17:24:28Z,1,0,en
UgxeV4AbXnsQSSmWNMh4AaABAg,@nikkinoodlesoup,Mary gets half a chair at 5mil 😂 just a back rest,2025-01-30T17:19:05Z,0,0,en
UgyUq_CUOyYvhKJ5ti14AaABAg,@sarahlouisemadden,marys back we love mary !!!!!!,2025-01-30T17:17:42Z,0,0,en
Ugx7wT2IZOWQ4GpfXZ94AaABAg,@Idiotbreadloaf,"I hope that when Mary gets a chair, It's a stool chair that is high enough to keep her head out of frame. Lmao.",2025-01-30T17:02:14Z,0,0,en
UgxRTQzfpfpau_ewGe54AaABAg,@JeskidoYT,This reminds me of mythical morning setup,2025-01-30T16:54:56Z,2,0,en
UgwJO5k0BUV_gLoNBiJ4AaABAg,@mattpizzle1359,Sorry for the no chair situation but man it's good to see you two bros hanging out again. Makes my day. Instant thumbs up 👍👍👍,2025-01-30T16:50:18Z,2,0,en
UgyV_lQViD5aqSCEVxd4AaABAg,@classicstrawberry6633,The cat thing actually makes me violently upset. My mom's car ran away in October and I've been looking for her since. I'm even about to get my own apartment in the same complex so I can keep looking after my mom's lease ends. If you take any animal in and they get out and lost you should do everything you can to find them.,2025-01-30T16:47:31Z,0,0,en
UgyXUklpA_z9cxTQe3p4AaABAg,@paytonmarie2097,"Weirdly enough, my grandma does follow you. 🫶🫶",2025-01-30T16:47:19Z,0,0,Other
UgzBJCG99Nx9QPSMFcN4AaABAg,@PeoplewithHatsGaming,"She still has to be somewhat out of frame, so we have the power puff girls vibe😂❤ 1:20",2025-01-30T16:44:12Z,0,0,en
Ugw2mHcmucTBeWJSo_14AaABAg,@lillymurray8408,I think Emily just found someone bigger…..,2025-01-30T16:43:41Z,0,0,Other
UgznqVPbMEZl1kahyVp4AaABAg,@69kat69,"Nobody: 
Mary: 🧍🏻‍♀️",2025-01-30T16:34:52Z,0,0,Other
UgyEDNITQV2vXqzngAN4AaABAg,@69kat69,We NEEEEEEEED you to cover Ashley Trevino ASAP. Scrap whatever video you’re watching next and react to deep dives on Ashley Trevino. Trust me ken. Trust me. This shits crazy.,2025-01-30T16:31:04Z,0,0,en
UgyLD9a10pcpv9D5x_F4AaABAg,@emeraledC,"""am I toxic"" proceeds to never give wife a chair 😂",2025-01-30T16:18:09Z,0,0,en
UgzDgXtnShcP8dgunHt4AaABAg,@doveydoos,"okay can we just appreciate how great Mary's voice is for narration; its so pleasant to be informed on outrageous news. thank you Mary, good luck with getting that chair!",2025-01-30T16:05:20Z,1,0,en
UgxBlHXgU7IIK9MDFLl4AaABAg,@marialamont1508,I love you guys ❤,2025-01-30T16:04:13Z,0,0,Other
UgxPYfhLwqJmYPw_lnx4AaABAg,@herlindeherrebout8111,bababooey,2025-01-30T15:51:00Z,0,0,Other
Ugz1xU0ICWVYRCRkOpF4AaABAg,@kaseyjuhl3070,Came here today because it is my birthday🎉,2025-01-30T15:48:48Z,0,0,en
UgxrInq08RgjFZ0nQsN4AaABAg,@johannaa.2260,Mary’s body looks amazing!!!,2025-01-30T15:47:41Z,0,0,tl
Ugy5AAFUzgV9Gr_4bFJ4AaABAg,@MsElizaRae,Yes! Please interview Beck!! ❤❤❤,2025-01-30T15:43:54Z,0,0,en
Ugx9fMbyhVX6Y2ixkrl4AaABAg,@Gummipickles,Body is tea Mary 💃🏽 you go girl,2025-01-30T15:42:14Z,0,0,en
UgxjWHW0ZQER_Julqn54AaABAg,@JaydenJesse,"I can't subscribe more than once, Mary! I'm so sorry. Just know this Aussie appreciates you! 🙏",2025-01-30T15:41:00Z,0,0,en
UgzyjW29UJ2Ft-a18TF4AaABAg,@SometimesFunny1,So ive lived through seeing Mary as thumbnails and now her face is a secret...  Im old.,2025-01-30T15:22:39Z,0,0,en
Ugxd69g47r0313WkJ454AaABAg,@stard9864,YES MARRY TEACH THE MEN ABOUT THE AMBERVERSE!  They need to be kept up to date on the gorls.,2025-01-30T15:19:03Z,0,0,en
UgwD-uxWpEz6IZMYHZ94AaABAg,@duchessofsammiches,At 5M subs Mary can have a podium but no chair till 10M 😂❤,2025-01-30T15:17:19Z,0,0,en
UgzozIgO_HQjUKHdMWN4AaABAg,@vizierOfTruth,"Yes, yes! Get Beck on your show! They're actually an entertaining and empathetic person!  It would be so great for their channel if you had them on!",2025-01-30T15:14:53Z,0,0,en
Ugx8H-58EHDx5FpkGKp4AaABAg,@LusyL-ty4qt,U should talk about Ashley Trevino !??!??!,2025-01-30T15:09:07Z,0,0,en
Ugz3y-TxNEWR70obOoJ4AaABAg,@miyubeilschmidt5351,"Alr had 20 viewers on the members only stream. If she was as smart as ken thinks, she would make livestreams for everyone and get money. But she genuinely thinks taht shes so interesting that she will make big money from people wanting to watch her. She is very stupid and mean.",2025-01-30T15:07:33Z,0,0,en
UgzRZuBdUca1CZKvMJZ4AaABAg,@BThirstyPretzel,"I agree with the consensus in the comments that Mary's chair, when we get there, should be so tall that she maintains her Miss Bellum status lol. Also, I can confirm that I have NEVER watched Amber or Foodie directly. Only ever through reaction channels. I blame it on the covid lockdown cuz that's when I first went down the rabbit hole.",2025-01-30T15:02:15Z,0,0,en
UgydKxkAX2lubjpIAlV4AaABAg,@TheREALSimagination,"Nothing quite as charming and synmpathetic as a scorned bitch, huh... Though at some point, you gotta blame her true enablers - her followers and fans.",2025-01-30T15:01:09Z,0,0,en
Ugzde-AjkgXdgP8bJZd4AaABAg,@TheManWhoStoleTheShadows,"I'm liking that this is some sort of hybridized video essay and react video, lets see it grow. Pioneers you three are, this could be big.",2025-01-30T14:50:03Z,1,0,en
UgxR78mh03cJk7U6yyF4AaABAg,@Dorlinedainwen,"Honestly, I wish people would stop giving amber attention :/ i know the internet loves messes and drama but just boggles my mind she gets the attention she does doing and saying the awful things she does.",2025-01-30T14:40:52Z,0,0,en
UgxFK_8WR0Juse3fnGt4AaABAg,@TheREALSimagination,Even though I AM subbed I'm GLAD I'M doing this to Mary >8D,2025-01-30T14:37:20Z,0,0,en
Ugy1HmDHIdu4UXh1aGp4AaABAg,@trentonkern9,I can’t be the only one that feels like it’s weird I have to stare at Mary’s body instead of her face lol,2025-01-30T14:31:47Z,0,0,en
UgzHWoMGhnIXmcogUoJ4AaABAg,@Melissa-pn3mt,"We love love Mary. But, it's very clear these 2 guys don't give a shhtt about Amber Lynn. Dane who is adorable, looking like he wants to be dragged out 😂😂",2025-01-30T14:24:54Z,0,0,en
Ugyqk0zov5ZssfHiMFZ4AaABAg,@robertlee9602,We need to let Mary have a seat!,2025-01-30T14:18:32Z,2,0,en
Ugzyt7Mg-2Z7v-7eEsp4AaABAg,@MrL0wk3y.502,"Zack is a she, not a They. Sorry but reality doesnt care about whatever imaginary bs or dellusions you tell yourself to feel better about yourself and tbh, NOBODY with a brain takes anyone serious who asks to be called any other name but your legal name or asks you to use pronouns. Clowns 😂😂😂😂",2025-01-30T14:16:47Z,1,0,en
Ugz2OvrgQ4B_MFK3hm14AaABAg,@devious-dolly9988,Get Mary a chair but have it be so tall we still don’t see her face,2025-01-30T13:46:09Z,0,0,en
UgwtXTn-6bJ-BIEIFWR4AaABAg,@nagashtheundyingking4404,Marie having become the parents from the old children cartoons is pretty hilarious her face never being shown.,2025-01-30T13:35:40Z,2,0,en
UgzEhQZLEUFQd7zZc6h4AaABAg,@morgannlabellee,Mary’s 🔥,2025-01-30T13:27:45Z,0,0,en
UgyW1L1QQYOASp6e7eR4AaABAg,@ShyWifeOnna,"So when the sub goal is met, will there be a gamer chair launch like with pewdiepie?",2025-01-30T13:17:54Z,0,0,en
Ugz6D3UR8JtEojydi-Z4AaABAg,@ostriclipseapocalipse,"GIVE MARY A TREADMILL!!! 

My husband commented on her not having a chair so I said ""nah she a strong independent woman, she likes to stand. Keep her strength up"" he said ""Well she deserves to relax"" to which I responded ""NAH, NO BREAKS, GIVE HER A TREADMILL""",2025-01-30T13:17:50Z,53,2,en
Ugy8jwbNaHBGnWfSW6d4AaABAg,@elisabethloftis1489,Yay mary!,2025-01-30T13:11:51Z,0,0,Other
Ugy4XOi-aMtNoSfBVW94AaABAg,@SamIAm-w7u,"You're a real man, Ken. A lot of adult aged boys who think they're men would dismiss Mary's ideas.",2025-01-30T13:05:48Z,1,0,en
Ugw7CpDL3vY9pfVMYU94AaABAg,@vitanursa,"The fact that Mary is a part of gorlworld is amazing to me!! She a girlie pop for sure! Please do intervew Beck and regarding with smart businesswoman situation type deal, her views are down.",2025-01-30T12:57:27Z,2,0,en
UgwNTAZ2O7oTcYMo9914AaABAg,@MrsEFoxy,"I really need Mary to be the Miss Bellum of the group, and never show her face but still shows up in videos. Maybe a super tall bar stool?",2025-01-30T12:57:23Z,0,0,en
Ugw67L28Fs1YGBUXvPp4AaABAg,@hannahmary6023,it's like annorexia... mental illness,2025-01-30T12:55:39Z,0,0,Other
Ugwp678LDCjFUFHyOkd4AaABAg,@chihoxyukita,The only thing she is consistent abt is consistently lying,2025-01-30T12:53:42Z,0,0,en
Ugz6lwm6j8NnG8fwIFx4AaABAg,@Jadefrost_10,"OMG, I love Mary's voice, we need more of her",2025-01-30T12:41:34Z,0,0,en
UgzEv0YElRg8OKR0t114AaABAg,@tiggyb01583,"Mary has beautiful hair 😍 
ALR ! deserves all of this. It gets to me that ALR makes SO MUCH MONEY being a despicable person 
I do keep up just in the reaction channels. I'll never give her a view on her channel!! Emily knew that getting involved with ALR It wouldn't go well 🙄",2025-01-30T12:37:39Z,0,1,en
Ugx0EC5W1NLqd77CU9d4AaABAg,@amayalaurenb,"20:12 to heartlessly say you don't care about someone having a heart attack? dude- 
 i could not even know the person, hear they had a heart attack and feel sad for them the rest of my day even that's how much i feel things... which i know i am on the other end of the spectrum (feeling things too much) but damn like people really out here feeling like that??!",2025-01-30T12:35:06Z,0,0,en
Ugz71WhlUNlkIzPgU2R4AaABAg,@KatReich,Oh my god hahahaha I lost my mind laughing at that intro,2025-01-30T12:32:05Z,0,0,en
UgxG-OdhmEdck_yBDlh4AaABAg,@Ṽïkiṇḡ--ṝ-w,Poor cat i think she ate it 😿,2025-01-30T12:31:47Z,0,0,en
Ugy8Q28GbUQ21HxhYd54AaABAg,@StonedProductions1,My birthday is Saturday waiting for Ken’s upload Saturday lmaooo,2025-01-30T12:31:15Z,2,0,en
Ugz7sXhGDN4Dr9t56jt4AaABAg,@uncoveredopossums,MARY! GO Watch the support group *yaba* this morning😂❤,2025-01-30T12:25:27Z,1,0,en
UgxXfdhbZtZOOoEFoPZ4AaABAg,@HighKing9000,Professor Oak jumpscare 😂,2025-01-30T12:08:49Z,0,0,en
UgwAAE56rmbC42A0AjN4AaABAg,@emilypeyman8021,needd them to look at ash trevino !!!!!!!!!!!!!!!,2025-01-30T12:05:44Z,0,0,en
UgzKAZeMHhg_qAFQsUp4AaABAg,@Nyx-jbm,"Wow. Ok now I really don't feel bad for Amber Reid. That's awful. What is actually wrong with someone to the point where they say ""I don't care"" about someone else having a heart attack",2025-01-30T11:54:45Z,1,1,en
Ugxwh8-9UT1bFX1JHYB4AaABAg,@JamesOfHabit-Lui,,2025-01-30T11:49:23Z,1,0,Other
Ugw2XzLt7Hn43eh4F6B4AaABAg,@kalistyles4538,Good Mythical Morning!,2025-01-30T11:49:00Z,0,1,en
UgythK0AGVdwhvoT8n14AaABAg,@Lananamin,I love when Mary comes with the Gorl World updates 🎉,2025-01-30T11:48:27Z,0,0,en
Ugxibd1K6m8iVC8Dwtl4AaABAg,@aristobrat4987,"i got eating issues with not eating enough at a time , so i like to watch obese people like amber cry while i eat my sammich and idc how mean it sounds",2025-01-30T11:30:46Z,0,0,en
Ugxi7Nfq7Y4zQwU99Kh4AaABAg,@holly.earendil5187,When I saw the title I KNEW Mary would be here. I’m SAT.,2025-01-30T11:30:02Z,0,0,en
Ugy7eVa-yxb56BesvPV4AaABAg,@mattcooper8010,She shouldn’t be celebrating someone’s heart attack when she is in high risk for having one herself,2025-01-30T11:25:21Z,24,0,en
Ugwap1-HD9ikTkfaVNt4AaABAg,@xample1271,"""unfortunatly this is my job"" girl.. go to wallmart",2025-01-30T11:20:42Z,0,0,en
UgytrPpgzZNw-o71O1V4AaABAg,@Calebdotwaleb,“How very dare!” Ima use that now,2025-01-30T11:16:41Z,0,0,en
Ugx_ePythoqR8eqfGCN4AaABAg,@catorotoro,Mary loosing her accent 😭,2025-01-30T11:09:07Z,0,0,en
UgwDzqNqxWl0VPmLXHp4AaABAg,@LivyLoucifer,"Okay I didn't expect the top comments to be all ""MARY NEEDS TO READ AUDIOBOOKS"" but Mary needs to read audiobooks.",2025-01-30T11:06:45Z,2,0,en
UgzefZPCPRRTXDwZ7YN4AaABAg,@Justus4Libertea,Mary gets a chair when Dane has no beard,2025-01-30T11:06:26Z,0,0,en
UgwpCIoXSI9pv61eNvh4AaABAg,@anglina6659,"Ken, can we get a nikocado avocado update?

I CBA to look into it myself?",2025-01-30T11:05:23Z,1,0,en
UgzBTQDIZaIQ-d1rydR4AaABAg,@Calebdotwaleb,I love that you guys finally gave Marry the ability to move around. She’s really earned it.,2025-01-30T11:03:46Z,0,0,en
Ugz7dJkXXulCwANovcd4AaABAg,@PettyxPrincess,Mary ily 😊,2025-01-30T10:55:03Z,0,0,en
Ugz_nd8-dnib3Zz0gt54AaABAg,@hannadowd,"The Rarity situation is infuriating. It makes me feel sick, that poor cat 💔",2025-01-30T10:53:32Z,3,0,en
UgxlxRLXPJJEHfIHUIB4AaABAg,@mandyjocochran4976,You need to check out an issue that happened at Homestead correctional facility in Florida inmate had her face off by another inmate. The names you were looking for is Andrea Moody she is from Arcadia Florida. She was the victim. This happened in 2017,2025-01-30T10:49:39Z,0,0,en
UgwxWqbCSloAx_tFXip4AaABAg,@DaisyDukes391,i was hoping the sponsor was actually a merch drop :(,2025-01-30T10:49:08Z,0,0,en
UgxrBpVe_dL6xEp_1zJ4AaABAg,@JeffreyMainChannel,"I guess Chris took a seat, so no chair was left for Mary!",2025-01-30T10:40:50Z,0,0,en
UgytQG44JKJsuxKKQfN4AaABAg,@furygeist,"Mary best be in a throne on the other side of the camera, Ken. GET YO WIFE A CHAIR! She keeps you and thus us fed on ridiculous drama. She's doing the youtube lord's work.",2025-01-30T10:34:49Z,0,0,en
UgzGIKbxbyPtkjxnw9Z4AaABAg,@whiteespada,Get Mary a THRONE !!!!!!!,2025-01-30T10:22:59Z,0,0,en
Ugx5ZkUx4b8LxVQ_Q4t4AaABAg,@queent2815,Finally you two are in the same room again!!!,2025-01-30T10:04:07Z,0,0,en
UgxEm_I6h85LIAtR9514AaABAg,@rochelleandrews8986,Mary you look amazing! Can’t see your face but you look amazing! Ken is very lucky,2025-01-30T10:03:05Z,0,0,en
UgwwqQAZOOtR_N9QAWl4AaABAg,@beccastyver,"My theory, Emily tried to get ALR into feederism. We suspect ALR did some mukbangs for feeders in the past based on her reactions to eating. Emily lost interest after the crumbl cookie video was “leaked” I think ALR and Em released it in hopes of making money and to catch interest in the Feeder world. The videos response flopped. It was seen as embarrassing and funny, not the response they’d hope for so ALR would definitely not do more videos or photos for the feeder sites as Em wanted. 

Also haydur nation wouldn’t have dug so deep into Emily’s social media if Amber didn’t lie about Emily’s “preferences” The evidence was there that Em has a kink.  There’s no way Em could have fed her feeder kink on the side, ALR would be burning with jealousy and fury if Em was active on those sites.",2025-01-30T10:03:03Z,0,0,en
Ugyy_xJCBIw7yUjJvtV4AaABAg,@thesaddestpikachu,"I like big guys, like Dane or a bit smaller is my preference. That's totally different than wanting your partner so big they can't walk and eventually die. That's a fetish, not a preference.",2025-01-30T10:02:31Z,0,0,en
UgzxDcqalw466i2pR154AaABAg,@RAMOSY_T,Damn. Mary got some ass on her.  Good for you Ken you sick puppy,2025-01-30T10:01:42Z,0,0,en
Ugw8tnvwx_p0b8TqCTR4AaABAg,@TheCowboy75,First Name: Mary - Last Name: Never-Chair!,2025-01-30T09:59:13Z,0,0,en
UgyS2bcszQ1jyVz5by14AaABAg,@janeytillman3831,Love Mary saying she was a raccoon eating it up every day😂 same girl,2025-01-30T09:41:42Z,0,0,en
UgwAHzoYAsVts1kbQ5t4AaABAg,@brooket9055,Mary’s Australian accent is strong with this one.,2025-01-30T09:24:42Z,0,0,en
UgwSrEkoNSjbzWBDaA14AaABAg,@loganbyrant,I actually love the setup with Mary off camera - kinda like Stevie on GMM! Her speaking/intonation is so vivid; it adds so much to the videos even without her in view <3,2025-01-30T09:12:39Z,0,0,en
UgyIuV-hYivuAsOrUH94AaABAg,@Skully_98,"Mary blink if you need hel… wait a second. 
Mary do the dougie if you need assistance",2025-01-30T09:10:18Z,0,0,en
Ugxc-43ZxhLFpWmWFPx4AaABAg,@SamSabotage,"Justice for Rarity. She doesn't deserve to keep her pets. I still have a lowkey theory that ALR accidently hurt Rarity and said she got out b/c she doesn't want to admit what actually happened. But I also do full-heartedly believe ALR just didn't care to watch them properly and let Rarity out, and then played the victim card when she failed to do her due diligence to find Rarity.",2025-01-30T08:55:57Z,0,0,en
UgyfcgQaz_MioA1qrHl4AaABAg,@SamSabotage,"Ah, so she blatantly admitted AGAIN, that she will misuse the copyright striking system. How the hell is she still monetized. YouTube needs to do a lot better. ALSO - don't forget her infamous words: ""who cares if I gaslight my audience"" reap what you sow ALR.",2025-01-30T08:51:25Z,1,0,en
Ugw_nozyf0xiqDHGyJF4AaABAg,@ivyisprey,"if Mary ever started a channel just doing vids like this, I would be sat for every video I stg",2025-01-30T08:45:30Z,0,0,en
UgyfZKKLoG8atiP4rTF4AaABAg,@SamSabotage,"ALR is a liar, a narcissist, a gaslighter, and a predator among other things - she has never changed, and she won't ever change. It's been how long now? 11 years? 11 years of evidence after evidence.",2025-01-30T08:42:02Z,1,0,en
Ugzxg3aZ0xTbAXjGzpp4AaABAg,@nickducharme5104,Happy to see your best bud beside you again.,2025-01-30T08:41:06Z,0,0,en
UgwgbVT6gb5tC6yR9rh4AaABAg,@lizh6420,If Mary is standing off camera - think about where the guys are looking during the video! 😂,2025-01-30T08:38:11Z,0,0,en
Ugx4srUqsF87NrnRpCZ4AaABAg,@SamSabotage,"I've been deep down the ALR rabbit hole ever since the first videos y'all made. Mary explaining the chaos that was the other night was absolutely NOT exaggerating lol. Imo, ALR doesn't need a feeder in her life, and Emily just needs to step back and focus on her own life. I wouldn't be surprised if some people have seen my ranting posts on other channels lol. My biggest beef is how disrespectful, ignorant, arrogant, entitled, and completely toxic ALR is, ESPECIALLY towards Zachary Michael. I absolutely ADORE Zach, and she's constantly going after him like the trash she is.",2025-01-30T08:37:31Z,0,0,en
UgwkMI3YhsVsND23FXV4AaABAg,@shanncat3426,Mary’s back with the tea we all need to kick of 2025 😂 we are here for the drama lmaoooooo,2025-01-30T08:36:04Z,0,0,en
UgxEn2nw9dzgQGgKt1J4AaABAg,@fa_fishy,GIVE MARY HER OWN SHOW !!! GORL WORLD NEEDS MARY !!!,2025-01-30T08:16:40Z,1,0,Other
UgyzJSs7SdY5sjIwD6F4AaABAg,@tokill4us,0:30 Miss Bellum? Is that you?,2025-01-30T08:14:26Z,0,0,en
UgzEglwxTwLltHujy8x4AaABAg,@requeenofpigeons6590,Mary is right. I know an absurd amount of stuff about amber Lynn... Never once in my life have I seen one of her videos first hand. Her business model is not quite as good as it seems.,2025-01-30T08:00:32Z,2,0,en
UgyHkKvMsLuyef5MZhV4AaABAg,@nondisclosure3920,"Feel sorry for Ken and Mary, moving back to the USA just in time for them to have front row seats of Trump destroying America",2025-01-30T07:44:37Z,1,0,en
UgyrML6zUXz7Gnd2kr14AaABAg,@detectivecrimson7539,Are those DnD books in the background?,2025-01-30T07:43:38Z,0,0,en
UgwITWnBgHOthjUW8I54AaABAg,@shelbyvanhulle6047,Do you think Emily Tommy is wanting to cash in on the money when whoever she’s with dies from life insurance or wills?…… kinda bad but just a thought.,2025-01-30T07:41:57Z,0,0,en
UgyQMEQ4MKRTaN91xa94AaABAg,@LavX.23,Mary sounds so calming she could do audiobooks for us,2025-01-30T07:41:48Z,1,0,en
UgwBZ4hU_Jy_mzCMuJ54AaABAg,@coyotaroo,"I swear these videos are just for Mary to gossip, she's really getting into it and enjoying sharing it with Ken, Dane & the Audience",2025-01-30T07:39:26Z,0,0,en
UgxqBvqvwL-0xgYrIjF4AaABAg,@hidesan7794,I didnt even know they had a GF.. i'm sorry i ruined a relationship i guess?,2025-01-30T07:38:55Z,0,0,en
Ugy8lHizvweOZROxhmB4AaABAg,@jonhy2x4,I love dane,2025-01-30T07:30:25Z,0,0,Other
UgwjcQCwVlBGpEzp--l4AaABAg,@insulynnn,"Oh good, a video about my horrible hyperfixation",2025-01-30T07:30:23Z,0,0,en
UgwYkDBAO6DuuMuPgw54AaABAg,@YOURPILOTJAG,"Ok, but when ou help feed your ex-girlfrienduntil she's literally 900 pounds and is dead, it's not a ""preference.""  It's really weird and indirectly abusive.",2025-01-30T07:18:38Z,0,0,en
UgwK2m1Boc3VlS5cW1B4AaABAg,@aoihen8359,"Okay, how do I subscribe 5.2 million times here? Mary deserves every chair in the world.",2025-01-30T07:16:06Z,0,0,en
UgzNII7i8OG6cNT_xXd4AaABAg,@michellelee6029,"Gorlworld hayders right now:  ""Gooble, gobble, we accept her, we accept her, one of us, one of us!"" We stan Mary <3",2025-01-30T07:14:57Z,0,0,en
UgwTh7Q-aRjI2hFoN-t4AaABAg,@TheeShifty,"I was like ohhh, thing are bad and then Mary brought up the fact that she took all her pets AND LOST ONE. Nope, I cannot forgive this lady at all, I don't care. No forgiveness. If either of my pets would go missing, come hell or high water, I will find them. To just go back home and not TRULY look for them in THE COLD, unforgivable... I truly mean that with my whole heart. Imagine naming your pet after an MLP and then just not actually caring if they get lost, WILD.",2025-01-30T07:08:49Z,1,1,en
UgykMu2umLeJliMTi0B4AaABAg,@maik0pl,I finally remember where I know her from. She was made into a meme a while back where she lies about her diet and is fat...,2025-01-30T06:59:55Z,0,0,en
UgxTf1ZYfotZkQZAWWh4AaABAg,@TheRealMercedesMarie,"I would like to add that there have been clips of Amberlynn being very creepy towards MINORS!!!, and I'm pretty sure other reaction channels are actively discussing it, but it's kinda crazy yall.",2025-01-30T06:58:12Z,0,0,en
Ugx4kYLgHQ_SuEfyCW54AaABAg,@bali.talks.shares,Dont give her a chair but all the money you made from this episode as its her research,2025-01-30T06:53:05Z,0,0,en
UgwjdIiHxrHkW_poCjV4AaABAg,@kaylae2887,Thank you Mary we all say in unison ‼️‼️,2025-01-30T06:52:54Z,0,0,en
UgzAubjJLGSOjMaminB4AaABAg,@SceneMarine,When is Puff and Ken going to do their workout sessions?,2025-01-30T06:49:59Z,0,0,en
UgwsHltK6Ci9qaX9wnp4AaABAg,@ZOMBIEFISHERCHIC,Mary is like the real life version of Ms. Sara Belum from power puff girls lol,2025-01-30T06:46:15Z,0,0,en
UgxAyVI13h9wzwqqDTp4AaABAg,@coyotaroo,"Im imagining Mary's new setup is her still standing but in another room, like a weather presenter or an on-site reporter",2025-01-30T06:38:59Z,0,0,en
Ugw-VfgklxsnKssPprx4AaABAg,@jranberg3942,Lmao😂,2025-01-30T06:32:41Z,0,0,Other
UgypFPMREjEkUGFpZzJ4AaABAg,@DanielDavis-d1f,Ken! You are such a great entertainer that i actually enjoy your ads 😂,2025-01-30T06:32:40Z,0,0,en
UgzZAvppFTTq1jvZw5t4AaABAg,@Lizmarie2086,The professor oak appearance had me dying lol,2025-01-30T06:18:48Z,0,0,en
UgweQGH2gHOizq4aCmV4AaABAg,@fanime1,"I like to imagine Mary's chair will be a tall, modern restaurant/bar chair.",2025-01-30T06:18:22Z,0,0,en
Ugwa6LIZPLP4QTLAMQp4AaABAg,@nhyar,"Poor Mary...But we are so close to 5 million, hopefully she can get half a chair at least 🥺",2025-01-30T06:16:17Z,0,0,en
UgxI2Tsf9yAAJPYToyh4AaABAg,@Zeus_the_wizard,I really miss when Mary would play games ❤️🙏 let's bring that back please 🥺,2025-01-30T06:14:35Z,0,0,en
UgzWK1PX1Ce6TL6V0_14AaABAg,@britney_paige,mary out of frame on the mic really solidified to me that god is a woman,2025-01-30T06:10:53Z,0,0,en
Ugzx403aRcXhNd8XFfB4AaABAg,@LuciDreamer0491,"mary doesnt want her face on camera...

Yet you give her a boob n crotch shot? 
Real respectable dude....not",2025-01-30T06:06:45Z,0,2,en
UgwR7TnJpN8eLh91MQ14AaABAg,@aryanstark31,KENNN! The dude who’s in love with his car has a new videoooo!!!!,2025-01-30T06:03:01Z,0,0,en
Ugwsl8BuEvvPxxsh_I94AaABAg,@Carmelitastella314,Emily is cute but is kind of dark in her mind because she specifically searches for popular huge & unhealthy women bedbound or not.  It’s weird like a creepy Grim Reaper vibe 🤢,2025-01-30T06:03:00Z,0,0,en
UgySF5sh8ix1PDGsyFJ4AaABAg,@mrpathfinder7274,This is why you don’t get with big creators because the fame comes with a price.,2025-01-30T06:01:30Z,0,0,en
UgwMwoW-ppgypdnaRJx4AaABAg,@Artificially_Sweet,My worlds colliding 😂,2025-01-30T06:00:34Z,0,0,en
Ugw3EMjbgxUxlOoH-dR4AaABAg,@Carmelitastella314,"Emily has a child so she might need to keep things more secretive since her kids stepmom is getting a lot of dirt on her right? Idk, if it paints a bad picture of Emily having aliases & weird fetishes for women on the brink of death from a heart attack. Looking for other women right before & after the death of a significant other is a BIG GIANT RED FLAG 🚩",2025-01-30T06:00:28Z,0,0,en
UgxlSjcM6-i1NAeRtwV4AaABAg,@anotherinternetidiot6300,"I can't help but feel sorry that you made Mary & co live in the current usa ""political climate"".",2025-01-30T05:50:44Z,0,0,en
UgySevniqoe2Q1GLGwB4AaABAg,@Suki_Tawdry,Mary looks great after having 4 kiddos. Well…5 if you count Mr. Ken! ❤ JK! 😆,2025-01-30T05:48:11Z,0,0,en
UgyMgoykAqc-vr0KI6d4AaABAg,@THEOR1G1NALSTREETCAT,i look in my fridge it aint nothin there ken thats why im so skinny i got some noodles in the cabinet but im saving my money for a punk rock show,2025-01-30T05:47:46Z,0,0,en
UgyX9o1gZlSHbrtavbV4AaABAg,@sboden,The whole losing your cat in another state and then leaving really made me angry...how can you have made it this far in life being so irresponsible.,2025-01-30T05:45:21Z,0,0,en
UgyAaC8t3ajr_c-fxTN4AaABAg,@scottaw1981,Mary must be a cartoon mom,2025-01-30T05:34:55Z,0,0,en
UgyAPSZ4ZKM48vJNrtl4AaABAg,@oxxQueenZxxo,Mary is such a boss 🎉❤ love u so much girl !,2025-01-30T05:34:30Z,0,0,en
UgwbLaFT--yUa72Q0v94AaABAg,@DeeReview,Thank you Mary!,2025-01-30T05:33:26Z,0,0,en
Ugx5Rb56at__hWvSzB94AaABAg,@masjuggalo,We've all been making these Mary is miss bellum comments Maybe it's time for Ken  And buff to reveal there blossom and bubbles,2025-01-30T05:33:01Z,0,0,en
UgzxPbpE6CbcazEmSSh4AaABAg,@RandomBogey,"7:00 only half joking, but also kinda half serious, but also a little conspiratorial; are we sure that the Emily girl didn’t actually, whether directly or indirectly, ‘end’ her previous partner? Maybe that explains why she moved on from her to Amberlynn so quick?",2025-01-30T05:29:06Z,4,0,en
Ugz_oHhNXAFrfGKu7814AaABAg,@mirusasaki,They forgot to get Mary a chair on their new studio.,2025-01-30T05:24:39Z,1,0,en
Ugz2GsKKoVwKy5qwcu94AaABAg,@Sims_lover_17,Is Mary his wife?,2025-01-30T05:23:10Z,0,0,en
UgxW818WkAvAZe1GW8t4AaABAg,@lindseylou2144,It’s better with Ken and buff,2025-01-30T05:23:05Z,0,0,en
UgyPPdmA1eTiPB4umfh4AaABAg,@isabelrose616,"I think it’s so funny how entertaining I find a grown ass man explaining his thoughts on some internet drama 



Ps love yall! so glad you had a good break and that you’re back!",2025-01-30T05:21:29Z,0,0,en
UgwWkvMyLqUNxM-XyPp4AaABAg,@sarahlong4094,Enjoy her being the narrator tbh,2025-01-30T05:20:16Z,0,0,en
UgxzmZ-Rl3oXpBPh60B4AaABAg,@lunchbox3124,Who cares I literally did not know who a single one of these people are,2025-01-30T05:15:50Z,0,0,en
UgyR9hQ3STS3wQIhRJh4AaABAg,@dianab3585,"By the way Emily has a child that she does not have full custody of. She has a father to the child. The father to the child has a girlfriend. And nobody wants anything to do with this Amber Lynn YouTube stuff. I mean say what you want about her being a feeder but I'm pretty sure she wants to continue to see her daughter. And the more stuff comes out the worse is going to look for her case. Which I think she only sees the child every other weekend and on certain holidays alternating years. Wisconsin has very specific laws about custodial parents and placement etc.
Edit: and guys this is so much more intense than Emily being a feeder. Amber Lynn Reid followed a child born account on her Instagram and also deleted a bunch of videos of her hanging out with a 15 year old during the Destiny era. So there's a lot of things to unpack here and that doesn't work when you're a mother and a feeder. Apparently with a fett life account I'm surprised nobody knows what fett life is?",2025-01-30T05:15:43Z,0,0,en
Ugz74SZZgVPUqY3EuRx4AaABAg,@LaOsaTattoos,The fact that you had a factor ad during an amberlynn video 😂,2025-01-30T05:02:08Z,0,0,en
UgxsUZbNoOxD_mWc6AB4AaABAg,@gaialove3831,Nothing can tear apart true love... except for the haters 😂,2025-01-30T04:52:24Z,0,0,en
UgwEvFzIuPfgfSaQ13t4AaABAg,@RainbowFlowerCrow,"Please reduce the sybilance on Ms. Bellum.. I mean *Mary's mic(?) I'd like to hear what she has to say, but the sharp ""S"" sounds hurt my ears 😞",2025-01-30T04:49:34Z,0,0,en
UgzZ40fTNI-YUbbHyGZ4AaABAg,@Kagome28100,Maybe amberlynn is the problem and ex got tired of it,2025-01-30T04:46:00Z,0,0,en
Ugxl89xkD6BdctmI4A14AaABAg,@shinobifujin,Its impossible to believe people actually find obese people attractive.,2025-01-30T04:42:31Z,0,0,en
UgyIEPy8N_8kwS8BAdB4AaABAg,@Crashbandicoochie,I have never seen a video from you guys before but I am here for it! Going to check out more of your vids after this one!,2025-01-30T04:42:16Z,0,0,en
UgyU2nnNy7RqpWbZ_T54AaABAg,@sexy_garbage,The fact that Chris Hanson shows up *one time* and he gets a chair and meanwhile Mary….,2025-01-30T04:34:34Z,0,0,en
Ugy8m07HCTlBcX3CY-p4AaABAg,@BASS_JOCKEY,Love the new format. It's starting to feel like a professional show in the best way. Y'all are the best!,2025-01-30T04:33:26Z,0,0,en
UgxILbo88UwzyqQdXiN4AaABAg,@Tsuki0ni,"Hi, Mary! 👋",2025-01-30T04:32:50Z,0,0,en
UgxWdPKKJmNLwRBjaFV4AaABAg,@rubenmendez8082,"if no chair, get her at leas a Hammack!",2025-01-30T04:32:32Z,0,0,en
Ugz2gWhMRJ3NGumfaGB4AaABAg,@AlexNinjasXxXx,News flash she went members only and had 20 viewers. It's almost like ..people don't like her 🤔,2025-01-30T04:28:35Z,0,0,en
UgwpPgYlhFduqVqG0Kt4AaABAg,@stanleyjosten,Amberlynn has been drama for almost a decade it feels like. The gift that keeps on giving,2025-01-30T04:27:48Z,0,0,en
UgwCy1XkzGvvBchBwK94AaABAg,@cassandramagnusson1787,Danes face while Marys talking!! He is so into it!! 😂,2025-01-30T04:19:58Z,0,0,en
UgzJY1OxcoF7eKZOdH94AaABAg,@spookyzombae,Mary is really just Ms Bellum at this point,2025-01-30T04:17:08Z,0,0,en
Ugy5qvyeJehYUWHgwsF4AaABAg,@Soundslikeayouproblem0906,You should definitely watch Charlie Gold she covers ALR and Chantel and has great commentary,2025-01-30T04:17:05Z,1,0,en
UgyyoeW9iOlA56mDpWp4AaABAg,@truth7777seeker,You guys are sitting too far apart,2025-01-30T04:16:11Z,0,0,en
UgxVRjHCkS8Wg6C3SnZ4AaABAg,@JewelMarieee,literally love i found this channel,2025-01-30T04:15:45Z,0,0,en
UgyK3bXHjvayKs_CO3Z4AaABAg,@meverly7834,"Yay, I love Mary has a microphone.",2025-01-30T04:12:10Z,0,0,en
Ugw7BUUo111nG1emelx4AaABAg,@SesyliaHealsYa,that informercial type ad was top tear,2025-01-30T04:09:48Z,0,0,en
Ugzc2qc55ci_VizfEaR4AaABAg,@msm1317,After hearing the way Mary talks I now identify myself as nonverbal,2025-01-30T04:08:25Z,0,0,en
UgwZHnqx-Mjkx4L4yiN4AaABAg,@VGI4NI,Why you got Mary like the headless horseman or horsewoman lol,2025-01-30T04:08:09Z,0,0,en
UgzhI17i0cEU02bZNI94AaABAg,@Ellie_Daniellie,I love it when Mary does story time/updates!,2025-01-30T04:04:35Z,0,0,en
UgzkemfyRDxp2TF1lLV4AaABAg,@fridchikn,marybellum returns,2025-01-30T04:00:27Z,0,0,Other
UgxwypVzhj7T6Fhsma14AaABAg,@rowansbooksandstuff,lol Mary “this was a school night!!” 😂,2025-01-30T03:56:22Z,0,0,en
Ugxmo2RtgtgPsd7GZm14AaABAg,@DerpDevilDD,"So, Amber couldn't fake cry to save her life. If you watch her do it, it's like a middle school drama production. So when she does, it's genuine tears - it's just that she's crying like a child who is mad they didn't get the thing they wanted and life is _so unfair!_ Her emotional development stopped at 12/13.",2025-01-30T03:54:40Z,0,0,en
Ugz5QetHPYVSTTxQyb94AaABAg,@emerybryant,personally. i believe. shes just stupid. she kinda knows how to get views. but is too stupid to realize. that its not sustainable. becauss unless theres drama. she doesnt get views. so she makes drama. lies. gets caught. lies. she cannot figure out how to make normal content. shes also potentially abusive. like everything ive seen. implies. shes a shitty person.,2025-01-30T03:51:12Z,0,0,en
UgyKe3YZMWhxwVtVqrd4AaABAg,@kathrynthegreat1111,"I wanna be interviewed by Cinnamon Toast Ken! I wanna talk about the old Dr.Phil clips, ALR etc. 🎉🎉",2025-01-30T03:50:34Z,0,0,en
Ugytzm8dMqr0niLcD_J4AaABAg,@FavineMoore,"Fans Should buy Mart a throne that sits higher then the boys. Still out of frame, but the true Queen of the castle.",2025-01-30T03:48:42Z,0,0,en
UgytW6g-bjxawzj4oRx4AaABAg,@lisalynn1,Maryface better get a diamond-studded chair.,2025-01-30T03:46:34Z,1,0,Other
UgyVEZTWKZMHRM3cdWx4AaABAg,@abbyluffsyou,"I honestly love that when Mary says ""Amberlynn"", it sounds like ""Anne Boleyn"". It really makes watching feel like a histical event.",2025-01-30T03:43:52Z,28,0,en
Ugxfh8ie28aH8FoqvBl4AaABAg,@charleslieb6823,"can we talk about ozempic and that issue of it giving you ozempic ass, looks like Hank hill out here.",2025-01-30T03:39:49Z,0,0,en
Ugxwgz71B4GL_YEnp4V4AaABAg,@AbbithaKilburg,"I do miss supermaryface, but she's still doing so much content for us. ❤❤❤❤❤❤❤❤",2025-01-30T03:37:26Z,0,0,en
UgydSeQJBaqBS2BccEx4AaABAg,@angeliakilby3480,Mary needs a Chair!! ❤Mary's Ketchup.... ❤ catch up with mary❤,2025-01-30T03:37:12Z,2,0,en
Ugy0-zggfBwMrKm9W8N4AaABAg,@andrewwilliams528,"Mary could read the craziest stuff and her diction and accent would make it sound coherent, lol.",2025-01-30T03:35:39Z,1,0,en
Ugyx8FS8MnFoVIEApJJ4AaABAg,@amberpressley2238,"Thank you, Mary",2025-01-30T03:35:35Z,0,0,en
UgzD1aNSXu4uouajJ_x4AaABAg,@samanthafilth,"Finally, it is my turn to have a happy birthday video. 🎉",2025-01-30T03:32:25Z,0,0,en
UgxZwpN6dO6i8tZ_gA94AaABAg,@catasrophieGrrl,Hell yeah! Mary! We gotta get her a chair!,2025-01-30T03:28:37Z,0,0,en
UgzH2T99y98JCq_EZM54AaABAg,@petergriffin680,Two of the most based men on earth ✅,2025-01-30T03:27:34Z,0,0,en
Ugy1IFrOLOU363Z__1B4AaABAg,@rachel3395,"Mary needs to show her beautiful face! Its not a secret, we know what she looks like.",2025-01-30T03:25:18Z,0,0,en
UgzChRpqL5Af3BGihiJ4AaABAg,@Flobot2010,I love Ken’s ads 😆,2025-01-30T03:24:38Z,0,0,Other
Ugxk-V7xH3a_6bIvMWB4AaABAg,@beefishey,mary is so cute we love her 😭,2025-01-30T03:20:02Z,0,0,en
UgzNpW1FDJ2I_Iv0IU54AaABAg,@leademi1387,Even “Mary Cam” needs to not show her face,2025-01-30T03:16:50Z,0,0,en
UgwD6lMPjhjOjx8w6Gx4AaABAg,@AndriaaKaynee2x__,kens nose looks like two identical noses stitched together down the middle. very strong💪🏿💪🏿,2025-01-30T03:15:32Z,0,0,en
Ugx3miKml02XAtd_0Cd4AaABAg,@laurenbingbong8327,"I love when you guys cover ALR drama it’s my favorite, also shoutout to Mary!!❤",2025-01-30T03:13:28Z,0,0,en
UgynBliiJ99UvCQh5BB4AaABAg,@loweffortsnark,Bring it Mary.  😂 I’m daily following gorlllworld for 2+ years now and I’m over here wondering what reactors Mary follows.,2025-01-30T03:11:53Z,0,0,en
UgzbL4MYQCrC84sY-Zl4AaABAg,@curious_lobster2824,"Damn I couldn’t care less about other peoples relationships. Zero interest. I’ll catch y’all on the next video. ✌️

It’s cool when Mary’s ummm.. torso makes an appearance though haha",2025-01-30T03:06:42Z,0,0,en
UgxwJ7P8-VbEYE7yfmx4AaABAg,@Psyanidee,"I still love that Mary stands up like Teacher from the Powerpuff girls. I enjoy her anonymity now, it's fantastic. Please don't change it when you get her a chair!",2025-01-30T03:00:32Z,0,0,en
UgzuNrjChLHfZKbl2W54AaABAg,@willowmoon3461,You have a seat for some nobody called Chris Hansen but the legend who is Mary gets no chair 😂,2025-01-30T02:54:13Z,0,0,en
Ugxj91j_sjztHTnTJOZ4AaABAg,@FavineMoore,"i love these Mary videos. Cause she is explaining all this stuff to not inly Ke  and Buff, to us. and Ken and Buff are there to ask the questions we want to ask. 

MORE MARY VIDEOS.",2025-01-30T02:52:22Z,0,0,en
Ugxf6TUCV0XMWXmFap54AaABAg,@dannis.1370,Amber sucks but BUFF IS LOOKING SO GOOD🤗🤗🤗,2025-01-30T02:51:52Z,0,0,en
UgyB_tbTtuPUMtP5ZSN4AaABAg,@staceyclark158,Just you two!,2025-01-30T02:51:27Z,0,0,en
UgwunWh4QWoR7dlF_VJ4AaABAg,@jennaforbes5234,pls sub 😢,2025-01-30T02:50:14Z,0,0,Other
Ugy5j5KH3LzWTcC4SU14AaABAg,@NDJunction,MARY CHAIR xD PLEASE!!,2025-01-30T02:49:22Z,0,0,Other
Ugwc6wrEQ1v3-uRH2ut4AaABAg,@VloodlusPH,.,2025-01-30T02:42:23Z,0,0,Other
UgztrBwrCMA5A9qrGiN4AaABAg,@TrenchNerd,Mary doesn't even have a chair in the kitchen. You don't wanna have to see how she has to drive.,2025-01-30T02:35:23Z,1,0,en
UgwEVXu5TH6gSfxF0rB4AaABAg,@mashasiro2842,get her a chair but only show her back lmaooo,2025-01-30T02:32:58Z,0,0,en
UgyGJ0LfS06eXk27N1F4AaABAg,@Rosy-e3z1v,"Mary, I need you to introduce ash Trevino to Ken and Dane. I KNOW you know who she is too. 😭😭",2025-01-30T02:28:54Z,0,0,en
UgxZwk-uCTNm7JpD-8x4AaABAg,@MichaelW-d4z,Y don't you just give Mary a really high chair....,2025-01-30T02:27:52Z,0,0,en
UgwdHxMtqoFsS04wf8d4AaABAg,@melissacostin4464,Fat widow vs black widow..,2025-01-30T02:27:45Z,0,0,Other
UgziY3vnfuM-Ou16DUF4AaABAg,@larkoxsha,The crystal ball caught me off guard,2025-01-30T02:27:45Z,0,0,en
UgyOydh4W-tOaZNiZ394AaABAg,@Mahnamejess,I gotta make so many accounts now 😬,2025-01-30T02:26:38Z,1,0,en
Ugw51YGePbGIgbym_dJ4AaABAg,@catscradlegaming3319,I'm pissed about the Cat. Now she has another hater.,2025-01-30T02:25:38Z,149,7,en
UgwG8tBvL-mVFmui5jJ4AaABAg,@DF-es6tx,I love the Mary commentary !,2025-01-30T02:22:51Z,0,0,en
UgzrSLXUkPTvbnBPYGB4AaABAg,@nixnax,"The Tommy, Willow, Oak edit had me dead LOL",2025-01-30T02:21:47Z,0,0,en
Ugz1A5qu9uFskvRj55d4AaABAg,@TeenWeedMcGee,"15:00 yea they talked about it sure. (Doubt it) most people who post themselves with others arent asking for permission im sure she did it herself without ever mentioning it to amber and i gurantee that caused a bit of conflict. NOBODY asks to post another person, either that person is happy about it or not.",2025-01-30T02:17:38Z,0,0,en
UgwEfSKxSqftQdkHGPt4AaABAg,@Narull,"How Mary keeps up with all this is crazy, it's so confusing to me. Thank you Mary for explaining it in a way all of us (including Ken and Dane) can understand.",2025-01-30T02:15:00Z,0,0,en
UgxEqSdCXpljLwQnrqd4AaABAg,@SwampKing1921,So glad to see the three of you back at it though!!!!!!! Love you guys,2025-01-30T02:12:01Z,0,0,en
UgxoKwxtxvMUHJhFntl4AaABAg,@TehTamTam,Boo. Hiss.,2025-01-30T02:11:16Z,0,0,en
UgwjDXmY-oqW5CBQhQx4AaABAg,@midas19999,Loving the star beard  Buff! ⭐️🧔🏻‍♂️,2025-01-30T02:09:31Z,0,0,en
UgzYi04cTzByCdlLUNJ4AaABAg,@Abradolf-Linctler,Feeders or not this bitch gonna keep feeding herself. DoorDash!,2025-01-30T02:09:30Z,0,0,en
Ugxi0JYF0ZE_IzsT32F4AaABAg,@SwampKing1921,"Come on guys, this sux. All the new videos have kicked ass......but this one sux, why even waste time on this crap",2025-01-30T02:08:39Z,0,1,en
UgzdWWlAw2pV_S8RTVB4AaABAg,@sayleral,Subbed for Mary,2025-01-30T02:06:29Z,0,0,en
UgyjGN4alGGMhrHxi8h4AaABAg,@jinxer088,Love when Mary shows up!!!!!!!,2025-01-30T02:04:51Z,0,0,en
UgwAC9yubxP--_Q9TuJ4AaABAg,@Junx99,"So amazing too have you and dane in one room again, mary is also always a nice addition too the videos ofc",2025-01-30T02:04:32Z,0,0,en
Ugya4BZRj2h8cbczFB14AaABAg,@dt_flat,Mary looks like she could still put on that 4th of July costume! Incredible for a Mom of many! ❤,2025-01-30T02:03:20Z,0,0,en
UgwYfzTU5VWmFuSv1314AaABAg,@momokunn,"Mary are literally the embodiment of those ""adult"" character you never meant to see their face of like Ms. Sara Bellum, the parents from cow and chicken etc. lolol. Sad Amber and Emily broke up tho, they're match made in hell.",2025-01-30T02:01:26Z,0,0,en
Ugz1y1gRARIQatY4kzp4AaABAg,@countconesworth,"It's interesting that Mary sounds increasingly American each time she is featured, even when they were living in Australia",2025-01-30T02:00:37Z,0,0,en
UgwFqRwPifjYZwcHqAl4AaABAg,@Spendrr,Can’t wait for that 10 million when we finally get Mary a Frikin chair,2025-01-30T01:53:03Z,0,0,en
Ugxajt8oVXDyi6pen714AaABAg,@katcurnow1934,2 steps ahead? Let her clean pools in Florida,2025-01-30T01:52:50Z,0,0,en
Ugwiv-O5FU-B91WiCch4AaABAg,@TreenyBean,This new set up of two southern dudes sitting at a desk while a disembodied female voice gives talks to them offscreen is giving massive Good Mythical Morning vibes,2025-01-30T01:51:36Z,0,0,en
UgzjkUXvvrSXorGachB4AaABAg,@bunnie.004,":( Mary you are losing your Australian accent, you're voice is forever beautiful no matter what.",2025-01-30T01:49:14Z,0,0,en
UgwUbmvL7f4XLXVEcmh4AaABAg,@Chloesheeder,Too of my favorite youtubers posting on the same day is such a dream!!,2025-01-30T01:41:18Z,0,0,en
Ugz7CwXnYoWYwU6YpZB4AaABAg,@NotaBeautyGuru7,Omg I just asked for Mary in the comments last night 😂 I got my request but it’s not what I imagined,2025-01-30T01:41:07Z,0,0,en
UgzEtoEOVyFoSOz1u794AaABAg,@angelxx3,How can we not be talking about the creepy/pretadory allegations amber is currently facing?? More people should know who she truly is,2025-01-30T01:39:39Z,0,0,en
UgxhUOvieZVVi3XMw1x4AaABAg,@Kazimeer516,How Mary didn't bop you with that mic is beyond me.  She has the strength of a saint.,2025-01-30T01:39:09Z,0,0,en
Ugw77pPLDQWhleIHL814AaABAg,@Realnins27,Kim and Mary should go as the mayor and his assistant from the Powerpuff Girls,2025-01-30T01:38:09Z,0,0,en
UgwjLlhoUN6_1w0i_Il4AaABAg,@pearsrtasty3326,"I cannot fucking stand people who let their cats outside.  If you care about your animals SO much, you watch your doors, you watch your windows.  You make sure there is NO WAY for them to get outside.  Once you make a cat an inside cat, then thats that.  You shouldn't have an indoor/outdoor cat.  Thats just asking for roadkill or horrible teenagers.
Just my opinion, ya'll can do what ya want with your fur kids.",2025-01-30T01:37:02Z,2,0,en
Ugxxa1h61KnkEH0EM-B4AaABAg,@BradB93,"I'm not too big into the Amberlynn stuff... 
But,  I think it's unanimous that we love it when y'all get Mary'd 😁",2025-01-30T01:36:47Z,0,0,en
Ugwcyp9Uw3vrwG586214AaABAg,@wednesdayjill9241,0:23 your face was so funny there 😂,2025-01-30T01:35:12Z,0,0,en
UgwmFzaZXQ8RotA-Q2Z4AaABAg,@rebekah_meeker,"Can we give her the “producer Mary” title once she gets the “Mary Cam”?! She scans videos for time odds for ken, she brings us these “breaking news” items, etc. she deserves the title!",2025-01-30T01:34:29Z,0,0,en
Ugx6yhlx3wQpapZ09AV4AaABAg,@missscarlet9054,"Okay, but here's my argument why Ken is giving Amber too much credit on being self aware and steps ahead - Amber admitted she has most of the commentary channels names blocked in her chat - especially the biggest ones. IF she really was aware of how much they help her channel, wouldn't she let people say ""Karina"" ""Jordy"" and ""Snowflake"" in her comment section to feed into thst symbiotic relationship? She is closer to Kay in that she takes herself very seriously and is genuinely offended by the ctitism.",2025-01-30T01:31:49Z,3,0,en
UgxFp0zYyrC33CH2D5R4AaABAg,@Itsdesibxtch,Mary reminding me of ms Sara Bellum from PPG,2025-01-30T01:31:09Z,0,0,en
UgxhNYUwIyWLemoqZgN4AaABAg,@Pippychu,Mary don't get a chair she'll get a throne cause she's a queen or one of them fancy lounging chairs and she can just lounge like a goddess when she get her mary cam,2025-01-30T01:27:38Z,0,0,en
Ugw_BwDbxP__dnWB3FR4AaABAg,@misskozak81,Need a tall chair so she out of frame😂😂😂 that would be gold,2025-01-30T01:26:57Z,0,0,en
UgyosffyCSxA0OV0tGZ4AaABAg,@mckat2247ify,"Damn after 4 babies momma still looks fantastic ❤ keep being amazing chica!
(Edit is cuz I can’t spell lol)",2025-01-30T01:26:12Z,0,0,en
UgwUGQQurThgROd9tKd4AaABAg,@MDeMarcoWithCat,"It’s the fact Chris Hanson had a chair. So the man has a good chair laying around but since y’all won’t subscribe she can not get it, upsetting",2025-01-30T01:25:29Z,0,0,en
Ugzel8vZuqqC2pbj5iV4AaABAg,@AugmentedKnight,Cancervative,2025-01-30T01:23:43Z,0,0,en
UgwHXLujoHQrYyuBL_F4AaABAg,@lizzyduck90,I like Mary off camera and the guys looking at her. Almost like she's a teacher and she's schooling them about gurl world,2025-01-30T01:23:09Z,0,0,en
Ugyv4ZMlf68MvxBR6dZ4AaABAg,@louyork8379,Gawd. It don’t matter what her face looks like with that body 😳🫢😍,2025-01-30T01:21:26Z,0,0,en
UgzszfrzPwF16aiiJRR4AaABAg,@kazutx_editz,*Petition to give Mary a chair!!*,2025-01-30T01:20:45Z,0,0,en
Ugwes01n0cbd_3dulJF4AaABAg,@ravynwoods5902,Why is Mary a faceless YouTuber now lol,2025-01-30T01:19:43Z,0,0,en
Ugxu7M5IBs7X3rGcr2V4AaABAg,@MayaMae_Pondue,Thank you for your service Mary ❤,2025-01-30T01:18:03Z,2,0,en
UgxluInFq5yRpXkhfuR4AaABAg,@dingushasacamera8379,I'm only liking the video for Mary to get a chair.,2025-01-30T01:16:51Z,0,0,en
Ugyp8yAJRHGHQO7yY1p4AaABAg,@crimsoncarioca2742,"Yay! Mary, we all love you!! ❤️",2025-01-30T01:16:36Z,0,0,en
UgxTURVyhhegM3f4BQt4AaABAg,@mitchellmcc6286,"No idea why I wasn't subbed, thought I was since 2014",2025-01-30T01:13:46Z,0,0,en
UgyzhQ45YLhp5ibXc9p4AaABAg,@laciewings,Imagine that they get to 10mil subs and STILL don’t give poor Mary a chair 😂😂😂,2025-01-30T01:12:41Z,0,0,en
Ugw9qP6fckqFmpRjtTp4AaABAg,@FredHunley-v6o,Mary should do Mr ballen style videos 😊❤,2025-01-30T01:11:59Z,0,0,en
UgwnrlPnU03_YT3JY_t4AaABAg,@RachelRosie88,Mary is SUCH a good narrator! I hope i never see her face! lol XD,2025-01-30T01:11:24Z,0,0,en
UgwFvc07fiLSkhl9GAN4AaABAg,@kinda_bad_art,The real victim is Rarity 😢 I hope she's fine and a good family adopt her ❤,2025-01-30T01:11:01Z,0,0,en
UgwZfrl925pglsZBqH54AaABAg,@mimicronin7725,I’m raging right now lol it’s not a preference!!,2025-01-30T01:06:03Z,0,0,en
Ugw2B0M0LOGw4mZLV7R4AaABAg,@krazyworld6433,I hope her cat found a better owner. Some pll need to be put on a blacklist so they can never own an animal,2025-01-30T01:05:59Z,0,0,en
UgznqvWy20skNsikylp4AaABAg,@mikaylahenry3763,I love see Mary 😁 in y’all’s videos,2025-01-30T01:04:58Z,0,0,en
Ugy6NKAiYO52bQ86SdV4AaABAg,@Elteejay,"I must be a huge history nerd because every time Mary says Amberlynn, I hear Anne Boleyn. Lol",2025-01-30T01:03:29Z,0,0,en
Ugx0Xli6nSjVERU00fN4AaABAg,@ThiccJesusGaming,Get that woman a damned chair. You are a monster Kennethy.,2025-01-30T01:02:22Z,0,0,en
UgwCe6yCvCQo19lx2-x4AaABAg,@Thatoneguy7600,Mary’s legs must be like tree trunks,2025-01-30T01:01:22Z,1,0,Other
Ugx6ZTFVeGRJCMKUw3F4AaABAg,@mimicronin7725,She admitted Feline 1 2 3 4 5 are the same person! But she gets angry when people say she lies!,2025-01-30T01:01:15Z,2,0,en
UgzwkmyRSngkgGC2zWF4AaABAg,@timhnic6823,The secretary from power puff girls!,2025-01-30T01:01:11Z,0,0,en
UgxgkeMSZ_mU_UVe1Mt4AaABAg,@AshyNorthstar,Mary reminds me of the lady in red from the power puff girls or the adults on like ren and stimpy lmao always have the head cut off lmao,2025-01-30T01:00:34Z,0,0,en
UgxLUnsUabZ2NqVAUCx4AaABAg,@sunshinem.7741,The holy trinity of YouTube!,2025-01-30T01:00:25Z,0,0,en
Ugxe6RLoid3QJwuDdD54AaABAg,@BlueKinTsukiko,"Ken please have Mary wear a Miss Bellum cosplay from Power Puff Girls 😂❤

It just fits",2025-01-30T00:58:40Z,0,0,en
UgxEbW0Z93bgQU5r5CZ4AaABAg,@PinkLemonShark,Mary should just be like Sarah Bellum,2025-01-30T00:56:33Z,0,0,en
UgzGq9V9lwyohT7SzKR4AaABAg,@Jouunaas,tall lady from power puff girls,2025-01-30T00:54:48Z,0,0,en
UgwEhiHkRClKAnoy1Vt4AaABAg,@LamooMcgoo,Tell ya grandma.. i dont think ghosts can subsribe,2025-01-30T00:54:18Z,0,0,en
UgzuHJ-_GrlNp43Agnl4AaABAg,@Sponty,"Emily is sick of the rumours but they are true? Like she said, shes never hid her preferences",2025-01-30T00:53:08Z,0,0,en
Ugw9HVxKqQP0tgNeQNJ4AaABAg,@mikmak2102,"JUSTICE FOR MARY AND GETTING A CHAIR!!

Also Ken’s look of adoration and love at Mary while she’s talking 😭🥹",2025-01-30T00:47:45Z,0,0,en
UgxXnvmW6hUDpodQO-94AaABAg,@Thewho_900,I can just sense Ken currently researching her predatory allegations since this video dropped 😭😂,2025-01-30T00:46:32Z,0,0,en
UgysfgbVfzmouLRMBk14AaABAg,@Richard-sh3fi,"You should get Amber's biggest fan, Tommy Bowe from Smosh!",2025-01-30T00:43:43Z,0,0,en
UgxInnnzXDNFX1lLREd4AaABAg,@KingPabloSuave,Mary is like the mom on tom and jerry or the mayors wife on Power puff girls she is just lower half im starting to think she doesnt even have a face 🤣🤣🤣🤣,2025-01-30T00:43:32Z,0,0,en
UgxxN_QqCyRmjAC4pJt4AaABAg,@sick_toAst8,Man. I fell into gorlworld nonsense 7months ago during long sleepless nights with my newborn as there were no better streams at the moment. And ever since then i am hooked and invested. I give my husband recaps from time to time. So fun to see Mary do something similar to you 😂❤,2025-01-30T00:41:31Z,0,0,en
UgwXHpGC-1txLcwUnd14AaABAg,@joshcompton1693,Look at Ken always making me jealous with his lovely wife.,2025-01-30T00:35:16Z,0,0,en
Ugz7qlFvL3HLeLiZHIp4AaABAg,@Mojo_Jojo9869,That poor cat 😢 i hope someone found it,2025-01-30T00:34:30Z,0,0,en
Ugx-Nw1i19rlt9cur3B4AaABAg,@hardcorehillbillyHCHB,Did cinnamon toast Ken move back to Mississippi,2025-01-30T00:33:55Z,0,0,en
Ugxb4HJ5co07Hba3rsZ4AaABAg,@Livingforthemolment,Amber is the biggest lying narcissist I’ve ever laid my eyes on.. I refuse to give her views but I certainly show up for the reaction channels. Having saved that.. you did amazing Mary except one correction (theory)… THE “CAMEL THAT BROKE THE STRAWS BACK” was the p3do Alligation where Amber was following that horrible account and how Amber has acted with MINORS IN THE PAST SUCH AS LIBBY.,2025-01-30T00:33:18Z,0,0,en
Ugyq1p5Zy6bw03oAsRV4AaABAg,@sandytep4,I love when yall cover gorl world 🙂‍↕️,2025-01-30T00:31:06Z,0,0,en
UgynREq9AIGNVJE5UG14AaABAg,@phaxion,"Today is my birthday 🥳

Today is my birthday 🥳

Ken wishes me happy birthday 🎉 so cool 😎 

Thanks a lot Ken 😀😀",2025-01-30T00:29:40Z,0,0,en
UgxzegUelU9kM64mHPt4AaABAg,@marshajelly6264,"Not Ken gaslighting and guilt tripping us into making more effort, or else 😂😂😂",2025-01-30T00:29:05Z,0,0,Other
Ugxqxn-5WwZegGNEdrJ4AaABAg,@noahtrimpe3434,Can I get all the videos on this woman in a play list?,2025-01-30T00:28:36Z,0,0,en
UgzUGLlr47wJhaaXcAB4AaABAg,@lurksmcgee,"""my preferences"" child your preferences are feeding people into an early grave, so kindly go fuck yourself",2025-01-30T00:26:42Z,0,0,en
UgybQ8eQY6Uad8fDluh4AaABAg,@makinawish7131,She's wanting the insurance money 💰,2025-01-30T00:26:01Z,0,0,en
UgxWss01SiflrrH-t-t4AaABAg,@madernia,Mary is a genius. Period.,2025-01-30T00:24:43Z,0,0,en
Ugz_1qrld_lSksdUj814AaABAg,@novavulpe8427,Being a part of gorl world with your wife is fantastic to know about. Also a flex knowing about this before you upload about it,2025-01-30T00:24:29Z,0,0,en
UgzznVE2Zea5KgFWacJ4AaABAg,@darcic9895,That Factor commercial was actually hilarious lol 😂😂 the editing was AMAZING,2025-01-30T00:24:00Z,0,0,en
UgzMYW5GdHoCO-jlXjJ4AaABAg,@MononokeOhime,It's so funny cause I knew about Mary's cosplay channel before I found yours when it was gaming like 10 years ago and I was SHOCKED when I found out you two were together 😭,2025-01-30T00:21:36Z,0,0,en
UgzxH6uAGWtMhoeSZkd4AaABAg,@Joe-pz7cg,I disagree. If you become a public figure or become involved with a public figure you should know and accept that your entire life is now open to scrutiny. Its the other side of the coin to making a living off the interest of the public.,2025-01-30T00:19:05Z,0,0,en
UgzTe2UddySN7QhkisJ4AaABAg,@HeatherGarland-o3m,Imma help Mary get a chair!!!,2025-01-30T00:18:04Z,0,0,en
UgzXEnkDJjdtM23-oVl4AaABAg,@scoobydooharose9688,gimme that mary cam,2025-01-30T00:18:00Z,0,0,en
UgyA1aUJWgCT2HZZiqd4AaABAg,@unoriginalsyn,I'm convinced that Mary is Isla Fisher's sister or something 😂 the hair colour and voice particularly and isn't Isla from Adelaide?,2025-01-30T00:17:33Z,0,0,en
UgzX8B02cULesNvEIdp4AaABAg,@GloomyJadee,"I showed Mom because we watch on my channel, and she immediately subscribed because of the injustice to Mary 😂",2025-01-30T00:17:24Z,0,0,en
UgwUF-2UvrXU1f1Nbp14AaABAg,@pwms11,24:18 needs clown music lol,2025-01-30T00:16:27Z,0,0,en
UgxlPhu8fTzi-0__Rv14AaABAg,@Str8Ace43,Ken’s tats look so good on this camera,2025-01-30T00:15:06Z,0,0,en
UgwzIjjHWeCU3_FUf714AaABAg,@_SunscreenQueen_,"I really think amberlynne should be tested for borderline personality disorder. This is coming from someone with bpd. We know she’s had a lot of trauma but has never reached out to a professional to work through it. A lot of her behaviors scream bpd: can never be single and there’s constant drama and breakups = fear of abandonment,  binge eating = impulsive and feeling empty inside and trying to fill the “hole”, getting irrationally angry and is incredibly hurtful= inability to regulate emotions, and more. 
I’m really hoping she will pull a Tammy slaton and finally get her sh*t together and lose and incredible amount of weight.",2025-01-30T00:14:52Z,0,0,en
UgzdMp0PyIevpXM930V4AaABAg,@saikozen6859,The real reason she doesn't get a chair; Ken is saving up for a throne,2025-01-30T00:14:28Z,0,0,en
UgwkJQz4xGYHQ8IRiGZ4AaABAg,@MonicaMacKay247,Give wifey a chair bruh! 😅😂,2025-01-30T00:14:26Z,0,0,en
Ugx7lKvwwh4I-9ajFoV4AaABAg,@Difficultureshock,All hail Miss Mary Bellum!! 🙌,2025-01-30T00:13:34Z,0,0,en
Ugzcdz6IZBFqnOillyR4AaABAg,@Mojo_Jojo9869,"The thing ambers gf said is kinda true. That people are using her liking of obese women to harass and dox her yeah it’s not good thing to do. Even if her kink is feeding to d3ath. That’s bad but leave it with the law. Don’t harass, dox, extort and such that makes the people doing it bad people as well. Two wrongs never make a right. Looking into her past is fine anyone can look into something or give an opinion.",2025-01-30T00:11:59Z,0,0,en
UgxpjIVU8tzWnnwMsuV4AaABAg,@vampybl00d_,THANK YOU KEN IT IS MY BIRTHDAY TODAY !! 🫶🏻🩷😸 IM 21 TODAY FINALLY !!,2025-01-30T00:11:29Z,0,0,en
UgxTz7f3pd_sZe94cJF4AaABAg,@ilnoediavolon,"I'd love for Mary to get a high chair ( like a bar stool or something ), so she's sitting but we still can't see her face 🤣",2025-01-30T00:11:10Z,0,0,en
UgwuYytyQsYmhoHgPO14AaABAg,@CC-tc1yi,At what point would she be considered a killer by overfeeding?,2025-01-30T00:08:46Z,0,0,en
UgwUjphk1Jc_7xP0iel4AaABAg,@cholieandresa,Mary stands so hard on business she can’t have a chair 😂❤,2025-01-30T00:06:28Z,2,0,en
UgxdSad3JvCcn5XMix94AaABAg,@ruhznay,I really need the exes to get together in a round table style and talk about this mess.,2025-01-30T00:04:47Z,3,0,en
UgwR0jLHLa_BH-IJooN4AaABAg,@oIBBEo,Mary is like the cartoon moms that we never saw how they looked like :p,2025-01-30T00:04:46Z,0,0,en
UgxBgqEz2x-xuD8eZ8V4AaABAg,@TheVideoViper,Buffpro appears more on the cinnamontoastken channel than his own... DANG IT DANE IM JUST TRYING TO SUPPORT YOU!,2025-01-30T00:03:49Z,25,0,en
UgyXRE2rIiiKdAmuGtt4AaABAg,@laurabrown2982,Honestly I think what would be amazing would be if Mary gained a chair...but then there was always something strategically blocking her face. Like a plant or a book 🤣,2025-01-30T00:03:16Z,0,0,en
UgyeZKq0OR_EJOe8ZpF4AaABAg,@VampressFangoria,HOL' UP!!! Who is amber?,2025-01-29T23:59:43Z,0,0,en
UgxkLZUtkNhCn0jKO3V4AaABAg,@Cove_Blue,"My feelings towards her were basically ambivilance till you told the cat story. Now, I don't think I'm allowed to say how I feel on YouTube. Some people shouldn't be allowed to own animals. Or pet rocks even.",2025-01-29T23:58:40Z,16,1,en
UgzzKWSN18tGziChWB14AaABAg,@Gingybell3,I always love when Mary does some narrations out of frame. It’s giving tea 🫖,2025-01-29T23:58:32Z,2,0,en
Ugz13j0xFKPmsZoIbXZ4AaABAg,@hollymclees1824,I haven't seen anyone explore the possibility that Tommy dumped Amber because of her using Ozempic,2025-01-29T23:57:40Z,0,0,en
UgzNLsihGBDHyQeEcyJ4AaABAg,@tcgcardbuyer5649,Is that really a red shoe? Or is it a red sandal?,2025-01-29T23:55:21Z,0,0,en
UgwtqQRCBXXoVB9KIS14AaABAg,@pumpkab00,Mary where is your ALR reaction channel 😂❤🎉,2025-01-29T23:54:10Z,0,0,en
Ugxyv8AIL70ebJCKrux4AaABAg,@Beauty1457-d4k,"I hate you 😭 
Give her a chair.",2025-01-29T23:53:59Z,1,0,en
UgyEhPKhmT1Mc_nx9HV4AaABAg,@dwaynehoward240,Mary is nice i thought she was bigger,2025-01-29T23:53:16Z,0,0,en
UgwCcyBBbi6ggwGoAq94AaABAg,@Amieedoesnothing,2:26 not the professor Oak pop up 😭😂,2025-01-29T23:53:09Z,0,0,en
UgzNz11C9g5sMNqDHf14AaABAg,@astrogirllo,I love Mary!! she’s my aussie queen,2025-01-29T23:52:45Z,0,0,en
UgzPQE8-5-xIW15P09l4AaABAg,@normabates8713,"17:54 if Buff would've said, ""You guys know I don't like it when you fight like this!"" 😂",2025-01-29T23:51:41Z,0,0,en
Ugy_Hy_Ne0RpG3otn0F4AaABAg,@AnotherPipeDream,"Mary, do the stanky leg if ur in danger and being held captive",2025-01-29T23:48:33Z,0,0,en
UgwRW-OXs0fLV8etvKV4AaABAg,@GhostGL,"Poor Mary, lucky Chris Hansen didn't tell her to take a seat 😄",2025-01-29T23:47:14Z,1,0,en
UgyVmaHWKU-ZWfb01-N4AaABAg,@kathrynthegreat1111,Team Cinnamon Toast Ken ❤❤ I hope they review my channel someday 🎉,2025-01-29T23:46:55Z,0,0,en
UgzzhM96NPcn_4NcXdF4AaABAg,@C0rNG0d674,Very suprised they haven't gotten to 10M. Whats up people? SUBSCRIBE!,2025-01-29T23:46:03Z,0,0,en
UgzsWdGw6GgjJ2SXTXV4AaABAg,@AverageSavage99,cani have some money?,2025-01-29T23:41:58Z,0,0,en
Ugz1XYTf_VegM7K64u54AaABAg,@S3cr3t_Qw1rtz,Its criminal that the pedolynn allegations weren't mentioned,2025-01-29T23:40:29Z,0,0,en
UgzMzgC5w_-MP9SRMxd4AaABAg,@trishabarton240,"Well that’s a big fat lie, “ I’m just a girl sitting on a couch “ she’s a fully grownnnnnnnnn woman not a girl. 🤦🏻‍♀️",2025-01-29T23:39:26Z,0,0,en
Ugw2Jklte1lGGg5EWjp4AaABAg,@a-dallas-184,yall trying to guilt trip people into subscribing. lol.,2025-01-29T23:38:35Z,0,0,en
UgwoYl3MIKoWZaGflj54AaABAg,@MissSallyB1,istg Mary could narrate audiobooks,2025-01-29T23:36:57Z,0,0,en
UgxQuNQWncB5Hq3VLTJ4AaABAg,@tymiller9714,"We need to stop allowing this behavior. This woman and all like her should be ridiculed, shamed and ostricized until they get their sh*t together. Theres a reason when the bullies went away sh*t got bad",2025-01-29T23:35:53Z,0,0,en
UgymBO_X8Qgjk-RaTs94AaABAg,@samonevanbuskirk8066,"So basically, Mary is like Ms. Sara Bellum from power puff girls now. 😆❤",2025-01-29T23:34:53Z,0,0,en
UgyDT3oQgKQvCPHpdJt4AaABAg,@thefeatheredfrontiersman8135,"I have seen mary before. Shes absolutely gorgeous!
Its the video where her and ken are reviewing a unknown pregnancy, while mary was due any day. 
3 or 4 years ago?",2025-01-29T23:34:06Z,0,0,en
UgzrE5_ocz6RwHmfSEp4AaABAg,@thepeakyblinder5999,"I can't believe I've only just found your channel.. On the upside, I now have loads of content to binge watch after work for the next few months!! Especially looking forward to the Chris Hanson reactions, I've already watched a few 🤣👌🏻",2025-01-29T23:33:53Z,0,0,en
UgwDQ-jYkYClK4lUXEF4AaABAg,@jennywhite2462,I love Mary's voice it's super soothing.,2025-01-29T23:32:31Z,0,0,en
UgwVUz0r2HTdPcJ4D2J4AaABAg,@juliar.9811,Just gotta say that was the best add I’ve seen in a long time 😂 I loved that,2025-01-29T23:32:20Z,0,0,en
UgzpVDc8m93mpL6lqzx4AaABAg,@NLGM234HI5,Mary gives Ms. Bellum vibes with the face cutoff vibe 😂😅 ahh my childhood,2025-01-29T23:29:33Z,1,0,en
Ugw1np5fqqQHOAp5PdF4AaABAg,@jonleigh1001,Who,2025-01-29T23:29:26Z,0,0,Other
UgxK-ozG-L7do6xXrRJ4AaABAg,@meg9729,why the guy on the right not say anything whole video lol,2025-01-29T23:28:50Z,0,0,en
UgySV4YsNeQfgjiaNrd4AaABAg,@jacobsausage-fingers5377,19:40 it took her all of about 20 full seconds to even think of a masterjoke like that😂😂,2025-01-29T23:28:45Z,0,0,en
UgxFT8j9oasWn_S6lcR4AaABAg,@CEREBRALKILLER,"I have been subscribed a long time with you, ken. Thank you for being awesome. I remember Alabama",2025-01-29T23:28:15Z,0,0,en
UgylzWyPM2HcLMzH4Ex4AaABAg,@xbiscoe4625,Mary can get it,2025-01-29T23:26:40Z,0,0,en
UgxJMSta9m5d5YOsM1B4AaABAg,@normabates8713,Ken and Buff are sitting like they're in high-school 😂😂,2025-01-29T23:25:47Z,5,0,en
Ugw-O9ntPpg9ExlFpHl4AaABAg,@drugzgotmyheart,CAN U GUYS DO A BLAKE AND JUSTIN BALDONI BREAK DOWN WITH MARYYYY,2025-01-29T23:25:23Z,0,0,Other
Ugywy4hSB90fi7aTrTV4AaABAg,@starbright5069,KEN IS OFFICIALLY A HECTIC DAINTY GORLYPOP HAYDER I LOVE IT,2025-01-29T23:23:51Z,0,0,en
UgwlNZdmr3OJcclmtkB4AaABAg,@AverageSavage99,Omg Mary's body. god damn. c'mon guys subscribe.,2025-01-29T23:22:59Z,0,0,Other
Ugw9pPxQIan4KbVM1tx4AaABAg,@drugzgotmyheart,I would genuinely end myself if I lost my cat and just left,2025-01-29T23:22:11Z,0,0,en
UgxFnJxNa3vPi6pWx6d4AaABAg,@briheartsgames7651,Mary has to keep her face out of frame like the mayor's assistant from Power Puff Girls!!!!,2025-01-29T23:21:38Z,0,0,en
Ugx3vczHBmVESnHi1w54AaABAg,@not_that_karen-here,"1. The fact of Ken and Buff legitimately remembering And discussing gor world facts. Mary you are amazing !

2. This ad intro holy moly THANK YOU",2025-01-29T23:21:23Z,1,0,en
UgzNJ1iLJOYeD0aRPfJ4AaABAg,@ghostant4612,Not to mention she’s gone under fire for pdf file behavior as well. Emily has a child and I think she was given a choice. Amber or her child. And I think the break up was a cover up for all of her predatory behavior.,2025-01-29T23:20:09Z,2,0,en
Ugy--8GPl5-T5pXNo354AaABAg,@shelly3174,Dane’s stunned look.😂😂,2025-01-29T23:20:05Z,0,0,Other
UgyiVytyPYFIq4szbVJ4AaABAg,@brendaredmond4678,I am loving your channel.,2025-01-29T23:19:17Z,0,0,en
UgwF8K0StdF64E16q-d4AaABAg,@kiddycato,"0:47 I really feel like when she has a chair and a good mic situation, it’s going to be like a face reveal!",2025-01-29T23:18:56Z,6,2,en
UgwhVxIwhlomULDDS6p4AaABAg,@rachelrobot,"Mary appreciation comment ❤ I love that Ken's biggest audience is women 25-35 years old 😂 and guess what, that's me too",2025-01-29T23:15:29Z,478,17,en
UgweRTdCmU0GbrL16EF4AaABAg,@deebonash1495,Your channel is so good. Your chemistry with eachother,2025-01-29T23:14:37Z,1,0,en
UgyesD35Vb0IczY0lsF4AaABAg,@queenwizzard1853,We LOVE Mary!!!!!,2025-01-29T23:13:36Z,1,0,en
UgwtmVHvOtePRkDBuip4AaABAg,@thedemonczarina,"Creeping up on 5 million, fellas!!",2025-01-29T23:12:55Z,0,0,en
UgzfFrEeXSa0Q3tKqD54AaABAg,@ambibambi1021,WHY!? Why does she have to be the person I share a name with 😫,2025-01-29T23:12:52Z,1,0,en
UgwQ35-FEaRsJbabDpR4AaABAg,@corneatscupcake,Not Prof. Oak 🤣😭,2025-01-29T23:12:41Z,1,0,en
Ugx3DCDpkOEV5c9JnO14AaABAg,@llamababiezhellyeah,Get that woman a chair!!!!!!! A VERY tall chair!!!,2025-01-29T23:11:10Z,1,0,en
UgyjOIkzIa5phaKBI_54AaABAg,@Chelbells,Mary is the true queen of gorl world! 😂 Im in deep and I love that she knows all the references. Makes me feel less crazy watching this craziness go down before bed,2025-01-29T23:10:42Z,1,0,en
Ugz0WGDptqCmG5sKk4h4AaABAg,@SpleensRN,Synchronized beard stroking is crazy,2025-01-29T23:10:37Z,2,0,en
Ugy9uffrPP4JPyxrZUh4AaABAg,@TheColorGrimm,"Honestly, even with the 10m I don't want her to have a chair not because I don't want her comfy, but it reminds me of Powerpuff girls and the mayor's secretary. ❤",2025-01-29T23:09:50Z,0,0,en
UgxwXfpfvnZnBCPqRrZ4AaABAg,@jacobsausage-fingers5377,"God, parasocial relationships are truly something strange and sad. Good job I've got my ultimate best friend ever EVER cinnamontoastken to share it with",2025-01-29T23:09:16Z,0,0,en
UgyhlqD1BKmlK7XmlKd4AaABAg,@Pandymeez,We have GOT TO GET MARY A CHAIR 😭😭😭,2025-01-29T23:08:56Z,0,0,en
UgwWPmY-1ORC97KJDjt4AaABAg,@Jadxn503,At least we got a chin reveal from Mary lol,2025-01-29T23:08:10Z,1,0,en
UgwMR27Z_GiAv0jgh_x4AaABAg,@SidneyEvancich,Love the set up with Mary!! 😂😂,2025-01-29T23:08:08Z,0,0,en
Ugzwvp827zL_PfEiSvd4AaABAg,@utsutsu123,mary should take over the channel. her vids are always such a banger <3,2025-01-29T23:07:57Z,0,0,en
UgwJZ0D80q9SZIfeG8h4AaABAg,@kikitv2097,Mary is giving Powerpuff girls Miss Bellum vibes and I'm living for it,2025-01-29T23:06:58Z,0,0,en
UgzXWJ_9XsPgXj5O-gh4AaABAg,@HugeConverse,All I hear is Margo Robbie from interviews,2025-01-29T23:06:33Z,0,0,en
Ugy8pqbYVTJZFVF1erB4AaABAg,@spookynoodler,"Seriously, fuck you for forcing your wife to go back to murder land with your kids just as the rapist in chief wins.

Must be real nice being able to white boy back into a country so many are basically trapped in.",2025-01-29T23:06:11Z,0,0,en
UgyyguqUZgGRLvheoi54AaABAg,@r1zshy173,Ken as Omni man when?,2025-01-29T23:04:48Z,0,0,en
UgwwIGhTT3fAj1C92cN4AaABAg,@bells8695,"Yessss love that this vid is longer! I know I keep commenting that, but now that I’m older I find my attention span loving these <20min vids. In general, loving the content from this year so far.",2025-01-29T23:04:38Z,0,0,en
Ugxv6qrQ6rPOAHdFEGR4AaABAg,@Suiteness14,"You gave Chris Hansen a chair, but not your wife?  Shame!",2025-01-29T23:03:11Z,0,0,en
Ugym2MqFcLR7oym8TAx4AaABAg,@suurlohe9599,"Super plus size = fat ?????
Sorry do not understand well",2025-01-29T23:03:06Z,0,0,en
UgzRC9mw_4f0iNs8jjF4AaABAg,@mountup716,Ok so when are you going to have brideydrake as a guest ...I absolutely love her 💕,2025-01-29T23:00:37Z,0,0,en
Ugx6_F8jchjm8ajt48x4AaABAg,@mainkcyt,We can't get mary a chair. We need to get her a piece of furniture that keeps her comfy and upright. So she is forever ms Sara bellum in videos.,2025-01-29T23:00:07Z,0,0,en
UgwQ2pk5VL_ShWLeu014AaABAg,@thymfkrow_krowsnest,We need more kingcobrajfs it gotten crazy,2025-01-29T22:58:55Z,0,0,en
UgwrACgDlBNHwIYk7uZ4AaABAg,@sondreadesirae,Mary has a good reading voice lol I enjoyed her reading the IG stories lol,2025-01-29T22:58:44Z,1,0,en
UgyMSParXemVg5-9pGd4AaABAg,@humberjini1994,"Just for Mary, lets make it 6 million subs for Mary chair?",2025-01-29T22:58:31Z,0,0,en
UgyJs28d0DtsCPR03op4AaABAg,@sceptrekiss,She doesn't have the money to sue and she may have her channel deleted for abusing the strike system.,2025-01-29T22:58:14Z,0,0,en
UgxevDpq_yYISaCFUSR4AaABAg,@fakebobbyhill296,"Just because you’re spherical, doesn’t mean you’re bubbly.",2025-01-29T22:56:57Z,0,0,en
UgzIraO8cmh-SnLXd014AaABAg,@sceptrekiss,"The thing with Narc Alert is that she never said anything about her lung. Someone told Amber she did and she didn't bother checking if it was true.
Narc Alert also wasn't even online at the time to comment on that series, due to said heart attack.
There's no justification for how she reacted.",2025-01-29T22:56:03Z,1,0,en
UgzWtpPNLRRMpOzySwl4AaABAg,@madisonj4752,yall REALLY need to talk about ASHELY TREVINO.... get Mary onto this STAT,2025-01-29T22:54:23Z,0,0,en
UgxKAf4kqEymbNSEiL94AaABAg,@bumpkin.7778,MARY CAM MARY CAM,2025-01-29T22:53:50Z,0,0,Other
UgyBzrOrMkvi6lSMFnd4AaABAg,@MrVaultInfinity,I truly believe Mary no longer has a face lol,2025-01-29T22:53:47Z,0,0,en
Ugz-jvJWwS2LwDZFHot4AaABAg,@Fraser142,Mary listen you gotta get them gainz in the legs you dont need chair you are mother destroyer of joy. master of worlds,2025-01-29T22:52:23Z,0,0,en
UgySPmR9wkbm_67I3wB4AaABAg,@shaycat13,Also i will say most of the things reaction channels are talking about is public information,2025-01-29T22:52:14Z,0,0,en
Ugzpk_nFPHVDzcENw_F4AaABAg,@beerthief2688,Why did she float off screen ? 🤣🤣,2025-01-29T22:51:51Z,0,0,en
UgzWNtSJVB1fVELJ9C54AaABAg,@dzpalomino,"Hey Ken, you have to take the barcode sticker off the bottom of your Stanley cup; looks like it was stolen. 😆😆",2025-01-29T22:50:21Z,0,0,en
Ugw-WMbigT_BDPuG7xJ4AaABAg,@teresanovotny2876,Maybe Mary DOESN'T WANT A CHAIR!  Lol she's got a chair.  It's in a different room!  Just where she likes it!  Conspiracy theories 😂😂😂,2025-01-29T22:48:39Z,0,0,en
UgxLql7lhcs8n3uHakN4AaABAg,@teresanovotny2876,Ok Ken I'll admit you got a few wise words in too.  As always.,2025-01-29T22:46:28Z,0,0,en
UgzhwNV68r7U6NEG9Zd4AaABAg,@beckymoore592,THANK YOU FOR FEEDING ME TODAY MARY,2025-01-29T22:46:19Z,0,0,en
UgwPe0IXw1atYUVhGLF4AaABAg,@johnlagrave3521,So happy to see y'all in the same location again. Love you guys' videos,2025-01-29T22:45:41Z,0,0,en
UgyyHfAz8hJfwD_N6qN4AaABAg,@daniellechloechopping4792,"Maybe one day this bullshit will make sense, oh wait... I take that back, I'll never understand this.",2025-01-29T22:44:01Z,0,0,en
UgxOc4wB9iPTNwvBbpZ4AaABAg,@amberinthebox4462,Thats not how amber gained all that weight in the beginning. She was dating a feeder?,2025-01-29T22:43:43Z,0,0,en
Ugxs6bhjaRuCAt5r1Yd4AaABAg,@Kelga80,“I can’t take accountability for something that’s not my fault” - Story of Amberlynn’s life,2025-01-29T22:42:09Z,0,0,en
Ugz3YmfAnOZ3MvUdCG54AaABAg,@ThatGothLorelei,IM SORRY I CANT MAKE 5 MILLION ACCOUNTS TO SUB TO YOUUUUU,2025-01-29T22:42:07Z,0,0,en
Ugz18kwxBaAIic9yAQt4AaABAg,@youinspiremyinnerserialkiller,I can relate to ppl knowing her through other ppls videos. I only know about Gorlworld through this channel and amberlynn through here and completion videos of her try on videos where nothing fits her,2025-01-29T22:40:11Z,0,0,en
UgyfxwNThnyQV87uf1B4AaABAg,@am0rverus,The Ad break was the best Ad I've ever seen. I love the 2000's infomercial vibe,2025-01-29T22:38:55Z,0,0,en
UgzNi5vjnkmW9kXedg54AaABAg,@Heckingfelix,"PLEASE! Interview Beck!! Omg, they’ve gotten their spark back and would have so much to dish",2025-01-29T22:38:40Z,2,0,en
Ugz5rsN_PTsPb6JoNUt4AaABAg,@edwardklinovski6432,Mary needs a belt and a chair LOL,2025-01-29T22:38:26Z,0,0,en
UgwoI2Cw70BgrV9uzvJ4AaABAg,@RiverStixxArt,That choker is holding on for dear life,2025-01-29T22:38:00Z,0,0,en
UgzAbkD9CvPYY3dJb994AaABAg,@skyler1174cool,it sounds like the person is a feeder to fat people,2025-01-29T22:37:21Z,0,0,en
UgwMQUMOSeClM8bHMvJ4AaABAg,@jessicacorey5451,"Mary is so beautiful from past videos ive viewed and such a calming voice. She's definitely your better half, Ken.  Be safe ya'll! ❤",2025-01-29T22:34:49Z,0,0,en
UgwL1z42mbPPHaG90w54AaABAg,@SindyJ37,Always a fun treat when Mary is on the show :),2025-01-29T22:32:26Z,0,0,en
UgwuyT8PUSLNoqBPfql4AaABAg,@LeonaBeanzz,"Idcc I’m excited to see Mary, stop ruining it y’all!!!😂",2025-01-29T22:32:07Z,0,0,en
UgyULCxTp3uTYZZusBR4AaABAg,@Kelga80,For the category of super morbidly obese - You are classified as that with a BMI over 40.  Amberlynn’s is close to 100.,2025-01-29T22:31:53Z,0,0,en
UgyxUzEzdnwcEJ_eYt94AaABAg,@CuteKittenFurU,"I heard that there was some GW drama going on, don't care at all about GW or any of the people involved. I did however get excited because it meant another deep dive with Mary educating Ken and Dane.",2025-01-29T22:30:39Z,0,0,en
UgyShTSZkUZhN-D3mXJ4AaABAg,@teresanovotny2876,I love the way Mary explains things she somehow manages to have the most possible respect to the people she's telling us about whether they deserve it or not.  A million character points! ❤ She's a real one.  I've noticed this over time how nice she is explaining these stories.  Amazing,2025-01-29T22:29:14Z,0,0,en
UgxiR1na1nxt8DYGXHN4AaABAg,@MrDressedtokill616,"Aww, man. I’ve missed Mary.",2025-01-29T22:29:05Z,0,0,en
UgyLDGvOBOmSuRJmeaN4AaABAg,@thegreatestshowonearth7623,She probably ate her sympathy bone,2025-01-29T22:28:49Z,0,0,en
UgwE6N_thyD_5vTSXCB4AaABAg,@countyourblessings9241,Mary be on a PEDESTAL ( And a chair..if she desires !)❤,2025-01-29T22:28:16Z,0,0,en
UgzMdb8PfbCh8vkZ1vN4AaABAg,@Brainincisions,IVE BEEN WAITING FOR THIS VIDEO! MARY GOT ME INTO GORLWORLD AND NOW IM STUCK LIKE HOTEL CALIFORNIA,2025-01-29T22:27:34Z,0,0,en
UgwOWyXHXO7gZMLtknN4AaABAg,@MehrdadParthian,"Sloth tears hit differently than crocodile's, by which i mean they're more greasy.",2025-01-29T22:27:13Z,2,0,en
UgwOn-W4vj9-Q3v_Zb54AaABAg,@teresanovotny2876,MARY!!!!!!❤❤❤❤,2025-01-29T22:21:22Z,0,0,Other
UgxMs1Tz7vrRtH5iz-l4AaABAg,@ReptilianMom,She left her cat behind… ugh,2025-01-29T22:21:16Z,0,0,en
Ugxm4FgpNuG8RFg3M2B4AaABAg,@selinalovesdogs,wasn’t it 5 milion for Mary to get her chair..?,2025-01-29T22:20:12Z,0,0,en
UgxDJIgth9Nzq3Kf2G14AaABAg,@rubymae1270,Didn’t all this happed a long time ago?,2025-01-29T22:19:47Z,0,0,en
UgxBY21Vtjum53WfpxR4AaABAg,@jarryd_shokavich,They need to wait for Chris Hanson to come back to tell her to take a seat.,2025-01-29T22:19:38Z,0,0,en
UgySnUF5qQDnXNkPbPp4AaABAg,@hetalia337,Save Mary 2025 🫡,2025-01-29T22:19:05Z,0,0,en
UgxRZqpbJ4-JIqm7t1V4AaABAg,@trikucian,I will never get over how amazing Mary looks after having four kids!  What a super mama!,2025-01-29T22:18:43Z,0,0,en
UgycLUk6cUigAnIPAQJ4AaABAg,@badwolf3772,No way they have two chairs and Mary is still standing 😂😂😂,2025-01-29T22:17:40Z,1,0,en
UgyWbyiLksrfdRfjFPJ4AaABAg,@jarryd_shokavich,"NO CHAIR, has Mary been a bad girl? lol",2025-01-29T22:16:37Z,0,0,Other
UgyXsUymige2SPdapkR4AaABAg,@rachelleeden8824,Ain't no way this woman has had four kids!,2025-01-29T22:15:06Z,0,0,en
Ugx7-uQsc3z4VZtFtlh4AaABAg,@Bambipurr,We ❤ Mary!,2025-01-29T22:13:07Z,0,0,en
Ugx7dU1vjF0VESUdwIB4AaABAg,@cheyennerennolett4572,Give Mary a bar stool so she can sit but still be in the frame. ❤,2025-01-29T22:08:33Z,0,0,en
UgzzF6pT-3kYNcdjvNt4AaABAg,@ginettetrudel2725,"YUK I would never subscribe to her channel, NO WAY JOSE!",2025-01-29T22:07:36Z,0,0,en
UgwU80qobcblAStLN7F4AaABAg,@jasmineb9391,I think it’s still crazy that wifey is stuck in the amber lore like I am . It’s my guilty pleasure and nobody knows about it . I watch Zachary Micheal for amber Lynn,2025-01-29T22:06:48Z,0,0,en
UgyHw6hZZWrykGEyp_V4AaABAg,@ginettetrudel2725,LOL they're not shoes they are sandals!,2025-01-29T22:06:30Z,0,0,en
UgyWN0f-342PVKSZb1B4AaABAg,@jswarr,hellooooooo nurse,2025-01-29T22:05:56Z,0,0,Other
Ugyn6WQO5d7-eAUd3Nt4AaABAg,@ginettetrudel2725,"Girl, get a life. Lights on but nobody's home! LOL",2025-01-29T22:05:36Z,0,0,en
UgxJ4zogadHmY_FolLh4AaABAg,@Auris57,So Emily is a serial killer who feeds her victims to death... understood.,2025-01-29T22:03:58Z,0,0,en
UgxhuaxgULJdRNhpvnJ4AaABAg,@ivymarie346,How has this girl not been labeled a total sociopath??,2025-01-29T22:03:28Z,1,0,en
Ugwyryf1jBtqPUKHe6V4AaABAg,@stupefy00,I feel like Mary should be recording for Audio Books. Her voice is very smooth.,2025-01-29T22:03:28Z,0,0,en
Ugzub4Pp6wa-OKB4f-p4AaABAg,@hollyofhori,The Professor Oak pop up sent me into the stratosphere.,2025-01-29T22:03:27Z,0,0,en
UgxsWWWEuOr--pqeIyB4AaABAg,@briannbae,"13:12 Ken: ""It's time for everyone to take a look into your fridge. What do you see?"" Me: Hmmmmm looks like nothing man idk....",2025-01-29T22:02:54Z,1,0,en
UgxkmvL3Bj_XPRWdZOF4AaABAg,@mrsoldecarr7700,BOOOOORING,2025-01-29T22:02:41Z,0,0,Other
Ugy6N0vvk9SwqxtdgKF4AaABAg,@bpj-10,The fact that Mary is in Gorlworld will always send me into orbit.,2025-01-29T22:00:34Z,0,0,en
UgyYCni2Pw-tzk3aA7d4AaABAg,@lina9535,"She is a chronic liar after all, so she can't be trusted period",2025-01-29T22:00:13Z,0,0,en
Ugya85Pvh2IBrfuxAoJ4AaABAg,@rosenrot234,Girl killed her cat for nothing,2025-01-29T21:59:07Z,0,0,en
UgwaN_NZt_3OxKWNRwp4AaABAg,@phoenixrose1995,"did they seriously censor the word ""tea""? wtf is wrong with the word ""tea""?",2025-01-29T21:58:26Z,0,0,en
UgzK7pdfHeBzE5oHlhl4AaABAg,@BazzaroPlays,If only their was a couch to sit on.,2025-01-29T21:56:22Z,0,0,en
Ugwnhhv-PrZpB7ZZ3YZ4AaABAg,@kimberleyforbes8312,Mary is a Queen she deserves a Throne!,2025-01-29T21:55:56Z,0,0,en
UgyvF2c3F0F2vL9ebgd4AaABAg,@theotherguyoverthere,"Mary has a great voice you know what amazing voice there’s no room for improvement. Amazing Mary.

Edit how do you try to get a point out? I’m trying to say somebody’s good like amazing voice, but not trying to sound thirsty. Somebody help me out here.",2025-01-29T21:55:52Z,0,0,en
UgxHfn5YQ2py4bAzJ4F4AaABAg,@Gooseisloose420,Instead of floor gang Mary standing gang lol,2025-01-29T21:55:47Z,0,0,Other
Ugy9d_uaL6z3XYn9s_R4AaABAg,@CuddleCrazay,I need a man to look at me like Ken looks at Mary ,2025-01-29T21:55:37Z,0,0,Other
UgzUe8Lw0s8eIlWJw354AaABAg,@GrappleVision,"Steve Wilkos really left a bad impact on Ken, he takes chairs seriously",2025-01-29T21:55:19Z,0,0,en
UgzmIFS8Ci_4KmFK6zl4AaABAg,@caitlindunbar6697,I’m actually loving the Ms Sara Bellum visual that Mary’s giving!!! It’s iconic now hahahaha,2025-01-29T21:54:56Z,1,0,en
UgxLFc82-jfGW_C0HYl4AaABAg,@davaquail430,Mary I tried to do my part,2025-01-29T21:54:14Z,0,0,en
Ugz4Ee2240YKkPZ1d054AaABAg,@GwynethsGalaxy,"Get Mary a couch, it’s not a chair",2025-01-29T21:54:02Z,0,0,en
UgxZrqmDkWkotbUUI9l4AaABAg,@Amy-j6t3m,So if Mary gets a chair do we get to see her face?,2025-01-29T21:53:42Z,0,0,en
Ugw9ed21ye2SpnQMXrJ4AaABAg,@kourtneyking7423,If my husband doesn't start staring at me the way Ken stares at Mary 😡,2025-01-29T21:52:39Z,0,0,en
Ugz4-gOz8HwA_eOrxJ94AaABAg,@tvushington6994,She dumped him for the Flying Dutchman (In-In-Out),2025-01-29T21:52:37Z,0,0,en
UgwGacRJBol8xaz-diF4AaABAg,@lisan_al_jinki,poor cat 😢,2025-01-29T21:52:24Z,0,0,Other
UgyrpopDav3z9cR9CNl4AaABAg,@Nolen_Sorento,She's just farming the drama.,2025-01-29T21:51:39Z,1,0,en
UgyNLG4eoG5JRFoRqSJ4AaABAg,@Lt.dannyboy,Mary is like Miss Sara Bellum from power puff girls. No face shown ever,2025-01-29T21:51:32Z,0,0,en
UgwE6zf77IXixDmYmk54AaABAg,@velvetaeon2774,Buff move to Australia?,2025-01-29T21:50:38Z,0,1,en
UgxLh4Cl0Id7FVVgz3Z4AaABAg,@Peachib,"Seeing you boys get more and more grey hair, really touches my heart 🥺🥺💕",2025-01-29T21:50:27Z,0,0,en
UgzdGHhB2mZEtRmVou14AaABAg,@Lily.luscious,Ash trevino would be some crazy lore to go over,2025-01-29T21:49:37Z,1,0,en
UgwJqjICVZ46RwePh5F4AaABAg,@Zuzu-i8t,I love Mary ❤❤❤❤,2025-01-29T21:48:39Z,0,0,en
UgzQ3hQ8_BaBzc5Rb014AaABAg,@lus8013,"If we tell Ken we prefer Mary’s curvature over her having a chair. 

He will have to change it out of fear people will fap to his wife. 💯🧠",2025-01-29T21:48:11Z,0,0,en
UgxkR5vD1kWGBcCSXIt4AaABAg,@P3rmissionD3nied,The scream I scrempt when I saw this on my feed,2025-01-29T21:47:44Z,0,0,en
Ugw5JltHzarHD8RWGGh4AaABAg,@beccax522,Did Mary have to stand on the flight home too ???,2025-01-29T21:44:53Z,0,0,en
UgzbXKkOd46tCZBuq4x4AaABAg,@misterpink8099,"""I'm a racoon in a trashcan, eating it up everyday."" That is the best and most accurate phrase for her kind of content, EVER!",2025-01-29T21:43:08Z,10,0,en
UgyXS5t5v4OLQCtVLPh4AaABAg,@lina9535,"Dark, crazy theory. Emily is going for those that might pass away soon so that she can get their assets",2025-01-29T21:42:11Z,0,0,en
UgyYHkS74j8WEaw0zU94AaABAg,@ladydiana004,EVERYONE TAG BECK . I would love an interview,2025-01-29T21:41:28Z,0,0,en
UgxTQz_bD0QmwWScQWx4AaABAg,@theblakecallahan,I'm not convinced they didn't green screen her in. She's def still in Australia.,2025-01-29T21:40:46Z,0,0,en
Ugyc3sc80dn23E4CD1N4AaABAg,@datboimemed,The thing about hate on the internet tho is it’s entirely on you weather you let it affect you or not I mean Doxxing is a no go but just hate stfu girl,2025-01-29T21:40:14Z,0,0,en
Ugz8ebRBSn1zX9oAZTN4AaABAg,@kacidysuch5898,Mary will never have a chair and it's your fault 🤣,2025-01-29T21:40:03Z,0,0,en
Ugy5Xzcixje26bb0HfF4AaABAg,@noee808,"21:34 absolutely! Watching reaction channels like the Ankle or ZM makes her more bearable.
I love that Mary has been keeping current w everything gorl world and then keeping the guys in the loop 😂. This is for you Mary 👑😆🩷",2025-01-29T21:40:03Z,2,0,en
Ugy3Rf97mvWJ0BtgDIZ4AaABAg,@walkermcginley3322,Mary’s like one of the professionals that get called in by the pawn star guys 😂,2025-01-29T21:39:30Z,1,0,en
UgxePaszeE-vy3DWY_F4AaABAg,@helenagrace6478,I love that Mary has some influence on the topics you all cover. She's a huge part of why I subscribed. She knows what typical women are interested in. Thanks for the tea Mary,2025-01-29T21:39:28Z,100,0,en
Ugzw6uRuUaBU7eUcQLB4AaABAg,@punkcabaret420,"Be careful commenting on this video, guys. YouTube is apparently clocking everyone for cyber harassment. Hi Amber, are you here reporting all of our comments?",2025-01-29T21:38:54Z,0,0,en
UgzE2dKd5RtT3sRuMh94AaABAg,@thomaskulick4199,"If you have anime recommendations Ken, I will TAKE THEM, im caught up on everything I enjoy so far, and am actively looking for more animes to watch!",2025-01-29T21:38:54Z,0,0,en
UgxqZfFr_T4EHi6xEph4AaABAg,@samdok5470,I knew mary would come around for this lmaoooo,2025-01-29T21:38:13Z,0,0,en
UgyD844XH3C0Q4XdmKV4AaABAg,@zarasbazaar,"I like Mary as a disembodied voice from above, laying down her online gossip wisdom.",2025-01-29T21:37:36Z,1,0,en
UgxqxGnzGuu2bB3gWxB4AaABAg,@Lenci_of_Hazelnut,"I agree that people shouldn't go digging for a bunch of private info, but wasn't a lot of the stuff that they found posted publicly? (Genuine question, I only know about any of this from this channel's Toasty News lol)",2025-01-29T21:36:39Z,0,0,en
UgyWRv4EMEBVNjAuFhN4AaABAg,@rose_allie,Why doesn’t Mary show her face again?,2025-01-29T21:34:33Z,0,0,en
UgxxIio0kNMSkeYHRB94AaABAg,@nakuvamp,they should just start giving her weird things but not a chair like shes just in a hammok or something,2025-01-29T21:32:06Z,1,0,en
UgxEb_XkF9i4ziRlXot4AaABAg,@andrielisilien,"Let's go 🙌 this past week has been WILD in Gorlworld 😂 like shots keep firing, tea keeps on spilling. Imagine a kidnapper, that usually keeps their partner hostage, got so fed up they had to get rid of them. Amber is that crazy to exist with!",2025-01-29T21:30:59Z,0,0,en
UgwGMJvbCHJSDCkAH5N4AaABAg,@audreygibson4780,U should've gave supermaryface ur chair Ken! And what kinda witchcraft she practice? Cuz I've only had 2 kids and nothing is where it's supposed to be anymore lol.,2025-01-29T21:30:02Z,0,0,en
UgxEWpEw_PlSofn55yx4AaABAg,@WHATSxMYxCAREBEAR,"HI MARY!!! <3 

0:23-0:32 Lmfao I'm so sorry Mary :( 
0:35-0:40 Bye Mary! 
6:19 LMFAO",2025-01-29T21:29:46Z,0,0,en
Ugw5u_3SYGjfq1c2X4l4AaABAg,@robertbraga5286,Seems to be by the time Mary get a chair she's gunna need Wheelchair... So ya better spring for Tesla x hoverround collab lol,2025-01-29T21:28:43Z,0,0,en
UgxWVUZPQ5thF0oeBi94AaABAg,@fox_6174,Thank you mary for being a loyal member of Gorlworld,2025-01-29T21:27:42Z,0,0,en
UgzlsuJWpuNozdYuu614AaABAg,@brendasampsel3443,Can't  see mary,2025-01-29T21:27:20Z,0,0,en
UgxHMy5vhjFXsOICyUR4AaABAg,@dimebagshane,I've heard of gold digger but not stretch mark hunters.,2025-01-29T21:26:25Z,2,0,en
Ugw0Ix4aE_2S6GOYUvN4AaABAg,@VerchielxKanda,I love how gleeful Mary sounds. XD,2025-01-29T21:26:22Z,2,0,en
UgyMUTKvTSp9nQbSIi94AaABAg,@janeroth929,"I cannot express how happy it is to see another fully functional adult that is as invested in gorlworld as I am. I have wasted an embarrassing amount of time watching.. I am not alone. Thank you, Mary.",2025-01-29T21:25:33Z,0,0,en
UgyPl0m5r86vwBlxrSR4AaABAg,@xxsnowninja2896,Its so good to hear her voice!,2025-01-29T21:24:44Z,0,0,en
UgwBPdKVcSsB0lxciJJ4AaABAg,@alexmiguel351,I think we deserve an episode where Mary is sitting and Ken and Dane have to stand the whole episode.,2025-01-29T21:21:44Z,0,0,en
UgxfVJgKqxhhzQeEz-R4AaABAg,@mountzod,"You spelled it wrong, it's haders not haters",2025-01-29T21:18:57Z,0,0,en
UgyO9L7Svvm1ZiNHJ_14AaABAg,@grumpygranny2459,"Ken, face the facts 😂 You married up dude 😂 Everybody loves Mary 🥰",2025-01-29T21:18:01Z,2,0,en
Ugyt7bvJ_fWnZNcGjoN4AaABAg,@deepfriedicecream576,"I’ve been out of the loop for a while, it’s nice to see the squad all together for a video",2025-01-29T21:17:39Z,0,0,en
Ugx17R5NUsnHVjgn_8Z4AaABAg,@maggiereid2865,Get Mary a really tall chair!!!,2025-01-29T21:17:04Z,0,0,en
Ugw4y2F9L_7gXPhraJN4AaABAg,@ninjapwnsatlyfe,as if CTK could have gotten any better we get blessed with Mary's awesome accent now,2025-01-29T21:16:50Z,0,0,en
UgzAm1Z3_qvg_j4GUv54AaABAg,@TrinityGrey777,7:05 not ken and dane so intently listening they start to rake their beards in unison 😂,2025-01-29T21:16:45Z,0,0,en
Ugz7piVOFweYULLnSfV4AaABAg,@cameronmanning3457,"So does mary just not liking being on camera anymore? Not my business or anyones for that matter. Totally get it, if thats the case. Appreciate her input and research, and love her voice/accent.",2025-01-29T21:16:34Z,0,0,en
UgyrsWsopBwHCq2-uiB4AaABAg,@pizzapastawings1434,Mary is so passionate and it makes me passionate about this topic i know nothing about.,2025-01-29T21:13:15Z,0,0,en
Ugz0HYqf5F3RCHT_Spt4AaABAg,@Baker6992000,You cropped your wife’s head out of the video!!,2025-01-29T21:09:48Z,0,0,en
UgyLI1SpgKpzuokBYtZ4AaABAg,@benlove6158,Chris gets a chair BUT NOT MARY?,2025-01-29T21:08:59Z,0,0,en
Ugwjdp0Xs3vW5-5HGrd4AaABAg,@anjelikaday7483,Yay headless Mary 😂😂😂,2025-01-29T21:08:15Z,0,0,en
UgzbWlDVTvNeJa8e1LB4AaABAg,@Mimyakko,"I simply can't imagine my life being so hectic and full of drama. Like when i get off work I'm chilling at home with my dogs, cuddling on the couch with my husband, and eating food 🤷🏾‍♀️
Who has the energy for all this constant online drama and breakups 😭",2025-01-29T21:06:11Z,58,3,en
Ugzht9o_rw2K_QVvWgd4AaABAg,@danthemankhan,How can anybody sit through thirty minutes of this brain rot?,2025-01-29T21:05:31Z,0,0,en
Ugwr3yC7hBUcHV8ceOF4AaABAg,@ntwcoolguy,"Mary can you teach me how to sleep standing, or force Ken to show us how.",2025-01-29T21:05:11Z,0,0,en
UgxlGWi2-eQNx2nNndh4AaABAg,@wendigoblin,"The rumors she's talking about arent even about feeder stuff anymore; it's about her being very inappropriate with minors. Namely her saying she'd be a p3do for an underage actress, and clearly crushing on a 15-year-old ""friend"" named Libby.",2025-01-29T21:04:22Z,0,0,en
UgynY9gMq8-1ZWH1iOl4AaABAg,@danitheuerkauf7095,This format is really slow and a lot of dead time. Sorry,2025-01-29T21:03:47Z,0,0,en
UgwpG7rWcojC6ca-IuF4AaABAg,@drummergurl99,Mary ❤️❤️ LET HER SIT PEOPLE!!! SUB!!!,2025-01-29T21:03:16Z,0,0,en
Ugwr98k_M_sWZ8kaT-54AaABAg,@MikailaJoy,im LOVING how they're fully in gorlworld now,2025-01-29T21:03:04Z,1,0,en
UgzAbm540gx514cnWe54AaABAg,@khristinebutler6615,Yall cannot be gentleman & let poor Mary have a damn seat already . There is no justice,2025-01-29T21:02:53Z,0,0,en
Ugw-L5uJW1C1S9fZpud4AaABAg,@emmelle4256,Justin feeder,2025-01-29T21:02:13Z,0,0,en
UgxRzYlPtefREY8zcCV4AaABAg,@SpenglerExtreme,Get that woman a tall stool to sit on.,2025-01-29T21:01:54Z,0,0,en
UgwQFXrfslIXMhq6e0B4AaABAg,@pewpewwatergun,"Help, how do I get Ken to 10M subscribers?? My meemaw is dead?!",2025-01-29T21:01:19Z,0,0,en
Ugwx8ohIQngaW1hLYKh4AaABAg,@vickiwilson2185,"Hey Ken, Dane and Beautiful Mary❤ I love watching y'all ( South East Texas, and I love you can speak the trailerhood language)😂, but I just don't see the appeal of Amberlynn. I do love it when you and Dean get to laughing y'all's ass off. Bye bye 🤗✝️💜",2025-01-29T21:01:07Z,0,0,en
Ugyz25Zd4TR4Lle5qnV4AaABAg,@amyhitlin3252,I love all of this and so happy to see you guys back in the same room!!!!!❤,2025-01-29T21:00:58Z,0,0,en
UgwrkEKehx3FpzCiIZN4AaABAg,@MissMoonXP,Gorl word is expandeeeeeen,2025-01-29T21:00:34Z,0,0,Other
UgzspVQdZSBo_NqkWP54AaABAg,@NotRandoWis,The OGs remember what Mary's face looks like lol I miss when she had her own channel and came onto Kens once in a while,2025-01-29T20:59:26Z,0,0,en
UgyC4eNoANrgRjX-0vh4AaABAg,@Mux-mach,Hi Mary! We love you!,2025-01-29T20:58:40Z,0,0,en
UgyG2m86E6oWuAQgPn54AaABAg,@shaunbeckett9475,"Imma bea real here 
Fat guys dont bother me in the slightest 
Fat girls do 
Call that what you will but wow genuinely think they are the worst demographic 
But hey someone had to be",2025-01-29T20:56:35Z,0,0,en
Ugw9jcgC9E9iB11DUFF4AaABAg,@Longwaker,Mary doesnt even sit up getting out of bed. She just rolls out and stands up.,2025-01-29T20:56:28Z,0,0,en
UgxvU0j64De8TRYsJXl4AaABAg,@jaydenandressen,"Mary is like official announcer now, w/o chair :D",2025-01-29T20:55:41Z,2,0,en
UgxVTvb4GxP5xRe1jbJ4AaABAg,@jaydenandressen,The format is all coming into place,2025-01-29T20:55:12Z,0,0,en
UgwIETKHvsM45nYKjfF4AaABAg,@kaydiohead,good lord get the woman a chair!,2025-01-29T20:53:59Z,0,0,en
UgzqMclseKkXO7CdAz14AaABAg,@ssshelbs,React to Ash Trevino!,2025-01-29T20:53:41Z,0,0,en
UgxjI-j6Pib5FDx_lYl4AaABAg,@Katsbatsandgnats,For 10 million subs I hope they get Mary a throne,2025-01-29T20:53:26Z,0,0,en
UgzY0eKY0eqUOJ_DRu14AaABAg,@Jayded7112,I love you Ken and a lot of your content buttttttt I’m also very vocal when you post something or say something I don’t agree with lol.,2025-01-29T20:52:18Z,0,0,en
UgypLpPMt6qftsKlGbd4AaABAg,@ObesetoBeast,"Ah yes, Amberlynn my cohost",2025-01-29T20:51:43Z,632,4,en
UgyD1ViPMgzm8c8UpTd4AaABAg,@nathanieltaylor6992,Poor Mary. 😢,2025-01-29T20:51:06Z,0,0,en
UgzGVbrpXhKNb-kEZYJ4AaABAg,@kateerowe,They moved back to the US?,2025-01-29T20:50:30Z,0,0,en
Ugwz2cBqGH2OxkHHCHB4AaABAg,@qbdanan1,"Was gonna skip the ad until he said ""my child"", then i looked upon the screen as if god was sending a message to change my whole lifes course",2025-01-29T20:50:16Z,0,0,en
UgzuYVrq0DGgVeaePSd4AaABAg,@caitlin-zz1cm,I really like Mary,2025-01-29T20:50:15Z,0,0,en
Ugzt7W7rgem4HhcNLNd4AaABAg,@alitheanimator,Oh no! Mary forgot to mention the cookie crumble crumble cookies saga!,2025-01-29T20:50:03Z,7,0,en
UgxNi3ZcmjIuTekMNsh4AaABAg,@whogivesafaboutchristmas,WE LOVE GORL WORLD UPDATES FROM MARY,2025-01-29T20:49:41Z,0,0,Other
UgwyPXFPUQKqoILY_pl4AaABAg,@motherofmudkips,You know gorlworld is poppin off when Mary gets Cinnamontoastken in on it 😂😂❤,2025-01-29T20:49:33Z,5,0,en
Ugz07ZjHxn2Bp7QXjUd4AaABAg,@ange_mo,"Hey Mary, how are the Vegemite supplies going?",2025-01-29T20:49:31Z,0,0,en
UgzJ9dO1AiWaIjFUtyV4AaABAg,@Katsbatsandgnats,Real ones remember when Mary had a cosplay account ❤ she was the reason I got into it!,2025-01-29T20:49:09Z,0,0,en
UgwMy1FxKg2KPpFdfpR4AaABAg,@mirandamaher880,Marys hair looks GORGEOUS omg,2025-01-29T20:48:51Z,0,0,en
Ugya_2KqJWtqGq_kLFh4AaABAg,@antilepp7939,Ken why do u have shoes on in the house?,2025-01-29T20:48:29Z,0,0,en
Ugxhqvb3IkoOfTGMqmp4AaABAg,@Adrianalmarinez,2:24 editor so funny,2025-01-29T20:47:52Z,0,0,Other
UgxkVdR5s6ybe8P5tOp4AaABAg,@toxiclover2688,"Wait amber isn't the tick tock guy I watch 😮
I hope ppl get this refrance 😅",2025-01-29T20:47:23Z,0,0,en
Ugy1rYg9ci-IsU5nfM94AaABAg,@mackintosh7683,"As an Oklahoman, respectfully, we have enough trash. Can yall take this one back?",2025-01-29T20:46:19Z,0,0,en
UgwNRq8lODcNZpL88U54AaABAg,@judgyshambala,Just a Mary appreciation comment here.,2025-01-29T20:45:58Z,0,0,en
Ugz6tcZ12oilVk62-td4AaABAg,@astrosaurusvo3565,"okay, finally subbing so mary can get a chair",2025-01-29T20:45:01Z,0,0,en
UgwP8SNFQpB6W1XZVm54AaABAg,@lin-dundunduunnn,6:18 lmao,2025-01-29T20:44:49Z,0,0,Other
Ugywx3B9hFnp2GzKOsF4AaABAg,@rexxyonpc,To me someone who goes from dying obese people seems like a killer... like its really odd to go from a dead partner to another person with the same problem without it seeming like she killed the ex... or ive seen to many documentaries about it 😂😅,2025-01-29T20:43:31Z,0,0,en
UgxHuYOJAfcRUc8u0cl4AaABAg,@quartz7180,You guys need to get Chris Hanson back on to react to ALR's previous creepy behaviour around a 15 year old 👀 I always forget Mary is a gorl 😂,2025-01-29T20:43:26Z,0,0,en
UgxVOsOD1aCBUAxFmYp4AaABAg,@CloverPlayz,mary!!!!!! yippee!!!! <3,2025-01-29T20:43:24Z,1,0,en
Ugz0lUCr-MzD8urT6zl4AaABAg,@dreadmonkey6811,25:15 what in the world is she thinking!? I cant say what i really want to say.. horrible woman!!,2025-01-29T20:43:09Z,0,0,en
UgyQsGApEgClOjNHJ5Z4AaABAg,@Sassilton,"It is actually my birthday, so thank you 🎉",2025-01-29T20:42:26Z,0,0,en
UgxXWvnFZ_HAFxk8P8B4AaABAg,@RealPhoenixRising,She literally doesn’t care about her animals it pisses me off,2025-01-29T20:41:41Z,0,0,en
Ugw0tqOs3ykeBiWVAGp4AaABAg,@proudcanadiannurse,Thank you for remaining humble!,2025-01-29T20:40:08Z,0,0,en
Ugy_Sd2lTgq-BS42M394AaABAg,@pizzapastawings1434,Give mary a high stool to sit on.,2025-01-29T20:40:00Z,0,0,en
UgyqUt9oVuQXaH__9594AaABAg,@BabetteDaniels,Mary's back! ♥,2025-01-29T20:39:32Z,0,0,en
Ugx-7DxmHI0beVKYjDp4AaABAg,@Yankeesdid911,Mary is really putting in the hours for us! We appreciate you girly,2025-01-29T20:39:25Z,0,0,en
Ugxmi8DJv5Ql8uO5qEx4AaABAg,@LeeLee69420,LEZ EAT,2025-01-29T20:39:17Z,0,0,Other
UgylVD0bkz537QQIppp4AaABAg,@LaVieforever,"12:41 I love your point because she loves to say, ""these YouTubers talk about me for views"" I truly believe she tries her best to talk to small percentage of fans that don't understand ANYTHING about how YouTube works.",2025-01-29T20:39:12Z,0,0,en
Ugw4g6gD378o4eJAqXx4AaABAg,@mutualexcrement,"Dane singing ""Toxic"" hahahaha",2025-01-29T20:38:12Z,19,0,Other
UgxWdVnZgSSId2MUhuN4AaABAg,@durandus676,Again?,2025-01-29T20:35:58Z,0,0,Other
UgxTOo7UQBBZgGwXHbh4AaABAg,@alitheanimator,I love the Gorl World updates with Mary. It’s like when I’m trying to explain ALR to my normie friends.,2025-01-29T20:35:31Z,4,0,en
UgzBsEh63u72d9sf4MZ4AaABAg,@MilestonePeak,"These 3 doing a podcast would do numbers. I don't even care about this chick, but I've watched at least 2 of em",2025-01-29T20:35:18Z,0,0,en
Ugwoo_JcVNIbYq6NbSJ4AaABAg,@hetheron,get Mary one of those really tall chairs so she's still just out of frame! Also her hair is gorgeous I'm living for the color,2025-01-29T20:34:28Z,0,0,en
Ugy8BlOA0q50LXKNCxF4AaABAg,@smolcreepercat851,"Mary, your hair is so pretty! I'm jelly.",2025-01-29T20:34:22Z,0,0,en
UgxABv-zO4p-pRehd5N4AaABAg,@tommyoerding5194,More Mary!!! She keeps you boys in line 😂 j/k j/k love y’all. This video was something else for sure. Producer Mary! ♥️ give her a dang chair! ✌🏼,2025-01-29T20:33:20Z,0,0,en
Ugy8VuJabognsj18n3R4AaABAg,@Sleepy_Renamon,"Sarah Bellum Mary isn't real she can't hurt you.

Sarah Bellum Mary:",2025-01-29T20:33:07Z,0,0,en
UgzQmZBteI0CEXRfett4AaABAg,@stephaniedavis9369,Mary looks great! At least what we can see of her...,2025-01-29T20:31:56Z,0,0,en
UgwjSi99AvtFPKgIyRl4AaABAg,@princessdarkness7539,"“Marry am I toxic?” 
Mary(not allowed to have a chair till 10 million subs) “sometimes” 
Jkjkjk just funny",2025-01-29T20:31:48Z,0,0,en
UgwLkGhB309a3mPT6414AaABAg,@AmyPJ1983,Yessss! Interview Beck !!!! And destiny and krystal and Casey and Wipey and Erica and Emily...lol😁😁😁😁😁,2025-01-29T20:31:32Z,0,0,en
Ugx6sx1ckG18_hhAJk14AaABAg,@Chunkydunkie,"Just curious, why doesnt Mary show her face anymore? What happened to her cosplay stuff?",2025-01-29T20:31:21Z,0,0,en
Ugw6U5i4Y-wkz2oNzel4AaABAg,@PrisonBecky,Mary is waiting for Chris Hansen to tell her to “take a seat”,2025-01-29T20:31:05Z,0,0,en
UgwPmmwAZqeNbfmTud14AaABAg,@Saiyagirl980,Miss sara bellum 😂❤,2025-01-29T20:29:29Z,0,0,Other
Ugxg0yP2bl7wuumj8nt4AaABAg,@DoctorX17,"I like watching Kay because she's funny and it's sorta comforting to just have her cooking away while I'm doing stuff. There is some cringe factor from her older stuff, but it's also nice seeing her actually improve in cooking",2025-01-29T20:29:13Z,0,0,en
Ugw-GToj7ThiId1Kphl4AaABAg,@alexwynn4434,Back in the day Ken said 5mil subs Mary would get a chair....now past year or two he been saying 10mil....SUS,2025-01-29T20:28:30Z,0,0,en
UgxlG8xWKT1I1yhBkkx4AaABAg,@unknownd34th666,Dont date a youtuber if you dont want people to obsess over you. Also it sounds like amber dates obese woman so she can control them easier.,2025-01-29T20:27:33Z,0,0,en
UgzS8LOoXn4sOTzpX254AaABAg,@caitlynsnelson489,It’s finally the day I’ve been waiting for…. Todays my birthday 🏆,2025-01-29T20:27:18Z,0,0,en
Ugy59mBKW1PXJqObM9l4AaABAg,@jarrettgerber6527,Animal abuse,2025-01-29T20:27:08Z,0,0,Other
UgyqGVeP0WeFJ6M7Azp4AaABAg,@toasters714,"I thought Mary’s chair was your face ken???😂😂😂 it would just be hard to film a video like that, that’s why she stands I mean that’s what I always thought 😂😂😂",2025-01-29T20:25:38Z,0,0,en
UgzFNSZaO5TeJeSD7LN4AaABAg,@wolfbandit77,Why can't Mary have Chris Hansen's chair???,2025-01-29T20:25:04Z,0,0,en
Ugws4HIa9AOXfUObvud4AaABAg,@perplexity6996,chair at 10m and a bed at 20m,2025-01-29T20:24:57Z,0,0,en
UgxnohfPxh0cILk95d94AaABAg,@NDiowa,"Omfg the drama has been insane, I cannot imagine how Mary is going to explain this to the boys",2025-01-29T20:24:30Z,1,0,en
UgykFvo-SxdG0lyST7J4AaABAg,@ripeager9338,It's OK MARY CAN COME SIT ON MY LAP and or face!,2025-01-29T20:24:16Z,0,0,en
Ugxh9-MVrnTZxqhojjh4AaABAg,@JadedSpaded,Mary needs some head,2025-01-29T20:22:56Z,0,0,en
UgxDDx7lGyJ7gRnLOSF4AaABAg,@Kiki-wj7pi,News flash all of ambers break ups where her fault she is a narcissist,2025-01-29T20:22:56Z,0,0,en
Ugwch2Xkk9r4CkRdQcN4AaABAg,@Cwen_bea_bee,"Before anyone says all lesbians are toxic, know that that's not always true. Everyone can be toxic no matter their sexual orientation or gender. Toxicity just happens. It sucks but ce la vie",2025-01-29T20:21:30Z,0,0,en
UgyWoqgVccxl6scAFB54AaABAg,@Trippelanorway,Mary's chair problem reminds me of the pewdiepie no leg phase😂,2025-01-29T20:20:32Z,0,0,en
UgxCYW63HL5EraS_9fN4AaABAg,@emilywires5692,Shout out to the editor of these videos btw Ken in the magic ball cracked me up and the Brittany moment killed me,2025-01-29T20:20:28Z,0,0,en
Ugz6mgq2HX11n3Nqlk54AaABAg,@Zeenyth_2,Mary is like that cartoon mom that doesnt ever show her face.,2025-01-29T20:19:48Z,0,0,en
Ugx7uu_kD0V8Sg4x4-p4AaABAg,@xxBunnyoo,I would love the interviews with the ex’s!,2025-01-29T20:19:00Z,0,0,en
UgxaptNUm_ehIndBJLN4AaABAg,@too_tired_for_this,Mary is secretly a gorl world aficionado???,2025-01-29T20:18:57Z,0,0,en
Ugw5t5KzC9p5qVtYe_R4AaABAg,@KookieKrumblVIDEO,GORLWORLD ASSEMBLE! 🦸‍♀️🦸🦸‍♂️,2025-01-29T20:18:56Z,1,0,Other
UgyNh9YubpOiIPOLJ0N4AaABAg,@GamerKittyEuphoric,didn't she date some Muslim guy??? god I'm losing track of this shit lol was that a diff person? Foodiebeauty right?  wasn't that who dated the muslim? Isn't that amber? xD,2025-01-29T20:18:24Z,0,0,en
UgxS4CUikvoWW57y_8V4AaABAg,@AmyPJ1983,Its so hecticana!,2025-01-29T20:18:13Z,0,0,en
UgxPBr0lYdJBdMa7C6l4AaABAg,@GalacticxCannibalism,I love videos with Mary! Sending you a chair from Florida!🪑,2025-01-29T20:17:58Z,0,0,en
UgxEZgZsmEkZd7zvvgx4AaABAg,@Oddivia,"I feel like these more well known morbidly obese women are like trophies to Emily, and that's a big reason as to why she goes after them rather than those who live their own lives in private.",2025-01-29T20:17:36Z,0,0,en
Ugz5tLsIDorOS8nMtqV4AaABAg,@its.billy_bitch,Wasn't expecting the super morbidly obese forehead on ken in that green orb,2025-01-29T20:17:28Z,0,0,en
UgzishLcnwKx6rYpXkN4AaABAg,@Keylimepieeli,Mary telling you all of this is so entertaining,2025-01-29T20:16:48Z,0,0,en
UgydaVuOCaJ55yxRof14AaABAg,@oliverclosof3971,I can't believe Amber is still around.,2025-01-29T20:16:25Z,6,1,en
UgzGbAdylWk4ioZJBEp4AaABAg,@angelabergstrom553,Mary!!!!!! Yes GORL WORLD 🌎 is insane right now.,2025-01-29T20:16:09Z,0,0,en
Ugx0U5wbGNNjWzvu7ut4AaABAg,@JemIsMyName-o,Mary is a gorlworld secret agent 🥸,2025-01-29T20:14:46Z,0,0,en
UgwyzRDUdjWnNm5Tzth4AaABAg,@sketch735,"ALR actually polled the community before she went live, asking if she should go live. Seems very suspect timing.",2025-01-29T20:14:08Z,5,0,en
UgwCVo00X7bjGlvkMnp4AaABAg,@50kittykat,"Mary can should be set up like some pet camera are. Instead of a chair, Mary deserves a human sized dog bed 😂",2025-01-29T20:13:21Z,0,0,en
UgzLcedb5GJPAfYSTBR4AaABAg,@Chad_Elliott,boring :/,2025-01-29T20:10:24Z,0,0,Other
UgybpwDJqR6g_sGgI4d4AaABAg,@maryclemmer1329,"No,to be fair,  airlines don't allow passengers to stand.   She probably had the aisle seat next to the toilet.   😂",2025-01-29T20:09:59Z,0,0,en
UgwSBzwOgIgdGeRU5px4AaABAg,@DaphneSublime,"""well, papi had a heart attack today""",2025-01-29T20:08:59Z,0,0,en
Ugx3eA3IaK89IB2BMEZ4AaABAg,@Sinistermuffin,Yawn.,2025-01-29T20:08:14Z,0,0,Other
Ugx4LrXGfBrc8Vs2Txp4AaABAg,@KB6801,Mary needs a thrown! 👑,2025-01-29T20:07:57Z,0,0,en
Ugw7D6gPRAN_P6vUAVt4AaABAg,@Crescentcl0ud,MARYYY I MISSED HER,2025-01-29T20:07:39Z,0,0,en
UgyzvhOtSrl6eO1tftB4AaABAg,@Oddivia,At least she's got her own microphone. We're making progress.,2025-01-29T20:06:01Z,0,0,en
UgwsqyVZOqlc-0x1qBR4AaABAg,@vic4343,Yall should make her a little booth like they used to have for radio producers. With like a Plexiglas shield and everything.,2025-01-29T20:02:46Z,0,0,en
UgyqbZC0XkXBzRfjLnV4AaABAg,@biz0unc3,"Ken is the penultimate fan, Sean of Steel is her real #1.",2025-01-29T20:02:38Z,0,0,en
UgxTtfEe4KTy2VYZ4Ix4AaABAg,@baileyvlemincx6222,"Shout out for the amazing work from the editor, just awesome 🤣",2025-01-29T20:01:05Z,0,0,en
Ugy0XxDCcKLjwTzAuhV4AaABAg,@creepalalove6913,Hi maryyyyy 👋 🎉🎉🎉🎉,2025-01-29T20:00:53Z,0,0,Other
UgyAX5F6FlPB6amqBbx4AaABAg,@TheElfThemself,Now Mary is acting as the CinnamonToastKen version of Stevie from GMM 😭😭,2025-01-29T20:00:25Z,0,0,en
Ugx0GgfpKv-il7vKhCd4AaABAg,@ohnoangel4078,Tommy also has a daughter and broke up with her after Amber was found to be following an Instagram with creepy pictures of kids,2025-01-29T19:58:28Z,0,0,en
UgzGGvZfTas6Kb9o2FJ4AaABAg,@Posoly_madi,Damn Mary is quick! This tea is brand new,2025-01-29T19:57:50Z,0,0,en
UgzK5IBBw4Y7O3RGE7Z4AaABAg,@sarahrussell3070,"Her eyelids are def not swollen

Also... where are the actual tears?",2025-01-29T19:57:24Z,0,0,en
UgxgkkkDFBfDXeTVzI94AaABAg,@Youknowme1897,Y'all should blur out her face like they do on dateline when they're trying to protect people identity😂😂😂,2025-01-29T19:57:16Z,0,0,en
UgwlMy7rHq0rSgvmb5Z4AaABAg,@GG17n4ever,Mary!!😍 love when she joins with tea!!,2025-01-29T19:55:36Z,0,0,en
UgzQP9Z-zrp4iFkfvx94AaABAg,@emilyzarla724,Your in Australia now kam and yet you still advertise for American companies why advertise for companies you can no longer get where you are it makes no sense,2025-01-29T19:54:33Z,0,0,en
UgxpuJfsRHcFzCNMcXx4AaABAg,@Kay-Kiss,I find it so off putting that I can't see Mary's head.,2025-01-29T19:54:31Z,0,0,en
UgwbqDxmU6UBc8q_o2F4AaABAg,@TheBlueDsc,I love how people here care so much about Amberlynn that most of the main comments down here are about Mary instead XD,2025-01-29T19:53:32Z,0,0,en
UgxzfICYkyd9wghfqWR4AaABAg,@msactor13,"Omg Amberlynn and Big Ed would be perfect for each other, two giant, delusional egos against the world 😂",2025-01-29T19:52:42Z,0,0,en
UgyEPBWyyT_4mvopJGZ4AaABAg,@chellebaldyplays4729,show them the chris hanson video ... lol,2025-01-29T19:52:39Z,0,0,en
UgyKxSiUM61_L6DWJ9V4AaABAg,@finalgothform,8:52 the hand in hand post 😂 The song listed at the top is by Chilled Pig,2025-01-29T19:51:35Z,2,0,en
Ugyz5MdOCvKTqVD7UVR4AaABAg,@hildia5439,Ah. Mary is like the go to for all my juicy gossip updates. Love you MARY!,2025-01-29T19:51:28Z,0,0,en
UgyKayksE4SXl8lMDwt4AaABAg,@BigRiceEnergy,No I would stay away from Becky if I were you guys,2025-01-29T19:51:27Z,0,0,en
UgzwAeij95XSUv4wYAt4AaABAg,@Knolseysfan,Mary should read audio books... wow she has that kind of nice ok the ears kind of just chill like relaxing kind of vibe,2025-01-29T19:48:07Z,2,0,en
Ugz9zSncRx57cqZWH3d4AaABAg,@mrwesmess6715,That must be expensive ash chair then,2025-01-29T19:47:42Z,0,0,en
UgzCqSHxr87RWn4yNwp4AaABAg,@abzturtle9093,"Mary, thank you so much for bringing gorl world to one of my favorite channels! I love when two things I love come together like this",2025-01-29T19:47:35Z,0,0,en
UgykclASQU1iVwbxN254AaABAg,@WickedSweetTea,Shout out to Buff Pro and ken for looking absolutely incredible! He and Ken seem like they're thriving,2025-01-29T19:47:02Z,2,0,en
UgwK1gk81F2L4ChJnIR4AaABAg,@joshjones2497,You don't love me😢,2025-01-29T19:46:51Z,0,0,Other
UgwnaNXkyvWPQTJncJp4AaABAg,@ninapop821,Just give her a pub chair so that she's sitting but still out of frame. 😂,2025-01-29T19:46:48Z,0,0,en
UgzXzbyz8T7RY4t4j414AaABAg,@z3tafps,"Hits 10mil subs and Mary gets a shitty chair Ken found on the side of the road, busted wheel and doesn’t go up or down anymore.",2025-01-29T19:46:28Z,0,0,en
UgzI86sTsOHZlEy3J2l4AaABAg,@SHLYRH,"Allegedly….. she sat on poor Rarity. 

ALLLEEGGGGEDDDLLY lol.",2025-01-29T19:45:49Z,0,0,en
Ugzkhenhzl3HEapm6Rd4AaABAg,@dreamfeatherbolts,If she was TRULY five steps ahead SHE would be running a compilation channel of herself and hiding that she was in charge of the account. She lolcow creates things on her main channel and then her other channel(s) makes compilations of 'big moments' for people to go and watch thinking they aren't giving the views and adsense to her.... meanwhile GOTCHA she is in fact running the accounts and getting the money!,2025-01-29T19:45:46Z,0,0,en
UgyCpP8LA8B0--Hcdcd4AaABAg,@1XSTEALTHTWINTURBOX1,"This is the worst Hobby in existence. I wish nobody follows them. 

They are dumb, get to be fat & make money somehow on it. 

At least Nicacado was funny. The. Trolled US at the end.",2025-01-29T19:45:41Z,0,0,en
UgyiHkgy5HVB73RN3Oh4AaABAg,@zburton9636,Toxic ✨️👁👄👁✨️,2025-01-29T19:45:36Z,0,0,Other
UgzqRWSlbwRH0jLzzLN4AaABAg,@Heather_The_RedRum_IP,20:38 … omg yeeees same!!! She’s soooo smart!!! She’s working it!!!,2025-01-29T19:45:31Z,0,0,en
Ugy309J2U7IydYCHXe54AaABAg,@strangegraviity,Subbed.   You guys are great.,2025-01-29T19:45:22Z,1,0,en
UgysmO8DoOQ4TV86mH54AaABAg,@kolesteele4242,Is Mary on the CALM app? Lol,2025-01-29T19:44:11Z,0,0,en
UgzfksOB2ogDHw7yRD14AaABAg,@toohighstrung,What the hell am I watching... I need to go exercise...,2025-01-29T19:43:36Z,0,0,en
UgzX4TO-5j9y5BFnuXt4AaABAg,@Finduski,im sure many wont mind watching her standing cos of the view :D,2025-01-29T19:43:23Z,0,0,en
UgxV5mYsXKzO9h89-2V4AaABAg,@HaYlEeXx19,Sociopath 25:31,2025-01-29T19:43:22Z,0,0,en
UgzmUMQbXBr6NKXkgH94AaABAg,@vendetta_vx7641,double beard stroke at 7:11,2025-01-29T19:43:06Z,0,0,Other
UgwKwHDdz6n44L8WRJ94AaABAg,@Bodega_Broly,Mary is the mayor’s assistant from the Power Puff Girls,2025-01-29T19:42:29Z,0,0,en
Ugz0maHz_ljSgNAlukR4AaABAg,@JUST_SEAN1,I like how since mary is off cam its like ken and dane are speaking to a narrator,2025-01-29T19:42:29Z,9,0,en
UgwR9RdjmjdF1TtI6_F4AaABAg,@morganbarnickel,PLEASE get Mary to explain the Ash Trevino lore,2025-01-29T19:42:15Z,0,0,en
UgwQcZXp2AJtDjzXlkZ4AaABAg,@HangHackSlashKill,"I don't like Mary on  that videos because Buff ends up talking waaaaaaaaay less. I'm here for Ken and Buff, but Mary's hogging the video 🙄",2025-01-29T19:42:03Z,0,0,en
UgwP5KVKkCUpxE9hc9p4AaABAg,@maganmiller7549,"First of all Mary is looking extra beautiful today 
That ad was hilarious and I love how the crystal ball stayed a part of the whole ad 
And then after the ad, it was just hilarious spitfire 
Well, done  Ken 👏🏼👏🏼👏🏼",2025-01-29T19:41:31Z,0,0,en
UgzRBTrvA17ZbDgj7wp4AaABAg,@olivermaryjane6577,"I like Mary standing she’s at perfect height, you the man Ken!",2025-01-29T19:40:36Z,0,0,en
UgwTJijocuuD4f-J7b54AaABAg,@MrZip420,Mary sounds so American she couldve fooled me being born in the us of a,2025-01-29T19:40:33Z,0,0,en
Ugxcr1UP97TeEcqzvil4AaABAg,@hellokittyl0v3r24,I love Mary! She’s too funny😂🩷,2025-01-29T19:39:59Z,0,0,en
Ugzcd_ENrBRhsMO_Bql4AaABAg,@possum6562,I would LOVE to see Beck interviewed on here!,2025-01-29T19:39:59Z,7,1,en
Ugyrzjk8S5sv3XXpD3d4AaABAg,@levihunzy,The amount of times I hesitated to skip the sponsor segment..... was a lot,2025-01-29T19:39:44Z,0,0,en
UgzQ5S42AyMTIjjJyQl4AaABAg,@HannaMG11_11,"The “she’s all yours dw” comment sent me! 
I felt that 🤣🤣🤣 I would say the same exact thing",2025-01-29T19:39:42Z,23,0,en
UgzN5jgIpRkqKShyN4V4AaABAg,@Orangenkraft,Mary needs a bar chair,2025-01-29T19:38:59Z,0,0,en
UgyREXTvkHYHrz9HLf94AaABAg,@miarogers1019,The videos with Mary are ALWAYS my favorite. I love hearing her explain anything and everything,2025-01-29T19:38:26Z,6,0,en
UgxBGS5RQJ2H49DRe-Z4AaABAg,@yana1961,Omg yall are together In real life,2025-01-29T19:37:43Z,0,0,en
UgxTh8r5WQOFWd6wwfB4AaABAg,@mewntoons,need mary to start a gorlworld reaction channel,2025-01-29T19:37:39Z,0,0,en
UgyeDsaHOsGPNttFp5x4AaABAg,@kylegoyak,I am always on the ball when you guys post a new video. The only way I'd fall behind is if I had no internet for a week,2025-01-29T19:36:31Z,0,0,en
UgwWw12-YFO5aGUisGp4AaABAg,@esp_terra7908,At least let her borrow the chair you had set up for Chris Hansen.,2025-01-29T19:36:20Z,1,0,en
UgyiUB2b0TS7Dt9nmBd4AaABAg,@brisebastiano4974,Ms. Sara Bellum is back!😂,2025-01-29T19:36:08Z,0,0,en
Ugycdmrt_3qKA_gcd8J4AaABAg,@Uh-no-thx,Am I crazy? I feel like this already happened a while ago???,2025-01-29T19:35:01Z,0,0,en
Ugz1OtBGK9Ny5cEFJ_14AaABAg,@Driscoll1997,"7:16 i will be back. Need to watch yugioh. will save this for later thanks ken, dane, and mary",2025-01-29T19:33:49Z,0,0,en
UgycBjz9GjMoQGmHWN14AaABAg,@danthemankhan,Well she's a pretty girl but just seeing her from the neck down ain't bad either.,2025-01-29T19:33:32Z,0,0,en
UgyoXMIndUH_9Fbtuwp4AaABAg,@mothspaghetti,sympathy bone is insaaane 😭😭,2025-01-29T19:30:34Z,0,0,af
Ugx083fzYEApiSn5ACp4AaABAg,@RoeBoats,i seriously love that Ken and Buff are back together 🙂‍↔️ also my favorite videos are TCAP and the one of Mary explaining drama 😭,2025-01-29T19:29:27Z,15,0,en
Ugw1FYwz5W5npxWDXPp4AaABAg,@HOG-029,That “How very dare?” Sounded so American😂,2025-01-29T19:29:02Z,5,0,en
UgxRTORYQR6sRcmM7XZ4AaABAg,@a-man-duh2062,Ask Mary if she knows anything about Ash Trevino,2025-01-29T19:28:26Z,0,0,en
UgwkJEFPSnqt4O80xpB4AaABAg,@madi6284,MARYYYYYY!! 🫶🏻,2025-01-29T19:28:17Z,0,0,Other
Ugw4Q5wn9qUUrF_-kih4AaABAg,@AvoidFish,Man  - right after Bec made the reaction video to Tom Harlock...,2025-01-29T19:28:13Z,0,0,en
Ugy3Gyut3w6eupJ4PsJ4AaABAg,@EatingAtRandom,"Yaaaaaayyyy, new video.😊",2025-01-29T19:28:00Z,0,0,Other
UgyuHaQOOglKybLuQWR4AaABAg,@blahblahtoucan5329,Mary is a woman that stands up for herself,2025-01-29T19:27:45Z,3,0,en
UgzHmvjxOI4fB_ooZS54AaABAg,@itscodyman2075,Gotta love seeing Buff & Ken together in person. Feels more cozy and wholesome for some reason.,2025-01-29T19:26:45Z,22,0,en
UgxDcJW6I8KZBBeZkWN4AaABAg,@barkushart711,"I appreciate the honesty about the youtube and influencer industry. Upon entering the industry, I now get to take extra precaution and Im now educated on the attitudes here. I'll trust no one.... except Ken.",2025-01-29T19:26:06Z,3,0,en
UgzG2i044B5ZcSw686F4AaABAg,@Honey_L3mons,OMG THEYRE TOGETHER!!!!,2025-01-29T19:25:56Z,0,0,Other
UgxWze8Hj1-zMTILtqR4AaABAg,@francesnatividad2100,Mary is the social science teacher while Buff and Ken are her teacher aides who like to roast while she teaches. More of this please ❤ Love you Mary!!!,2025-01-29T19:25:18Z,0,0,en
Ugy89mwfag97maIQM_d4AaABAg,@girlygirlgonebad,Oh goodness I loved her voice she should read books on audible.,2025-01-29T19:24:49Z,0,0,en
UgzEf7IDa9vyeAfKqAp4AaABAg,@Lucas-xg3sq,Lots of people do watch and like her content. Not everyone hates her and watches reaction channels.,2025-01-29T19:23:24Z,30,16,en
UgwrqsMN3HRZlolLaql4AaABAg,@ErrorHuman204,"I definitely want you to hit 10,000 but I really like how Mary rocks the Miss Bellum pose.",2025-01-29T19:23:16Z,0,0,en
Ugwukmqhb-V-RCZJGaF4AaABAg,@illi6378,GOOOOORLS UNITE!,2025-01-29T19:23:08Z,0,0,Other
Ugy6v6QvslXXHXEmVV94AaABAg,@TheOnlyTexasNinja,It wasnt the haters. Emily said it was Amber's BPD and she wont get therapy. She said Amber has done some horrible things,2025-01-29T19:21:45Z,9,0,en
UgxS-pGnZzRmwFuEuEF4AaABAg,@Fictionull,"Legend has it, Mary is a feeder.",2025-01-29T19:20:50Z,0,0,en
UgzqGkInbYKOvb0Vx0J4AaABAg,@trendingup1994,Has this woman ever looked into a mirror? Revolting.,2025-01-29T19:20:08Z,0,0,en
Ugw6Tzresl-yL1WVXKJ4AaABAg,@Zerccies09,"Even when there is 10 million and a chair, its one of those really tall chairs so her face is never seen.",2025-01-29T19:19:25Z,1,0,en
UgyWbWDPwgTIvxdxci54AaABAg,@angstlich247,"I love that Mary is in on Gorlworld, makes me feel seen",2025-01-29T19:18:51Z,1,0,en
UgxNOwKlwEHfLe10pVF4AaABAg,@leilanililgreen5967,"Yes!!! More Mary, she is so awesome!",2025-01-29T19:18:13Z,0,0,en
Ugz4KO6zg04zuOW7oy14AaABAg,@thevelbaetum4118,Can Mary confirm or deny my theory that she is secretly the ALR channel Orange Queen?,2025-01-29T19:18:06Z,0,0,en
Ugx2-ibsBhD4pjPdazh4AaABAg,@audiogarden21,This is my first time seeing/hearing Mary. Do I detect a slight Australian accent there?,2025-01-29T19:18:02Z,0,0,en
Ugx49AIlLyfhG4rD0Gt4AaABAg,@anuhh018,"The way the ad is edited makes me watch the entire thing 😂 it’s so creative and engaging, I usually tend to skip them but not Ken’s! 😁😂",2025-01-29T19:17:37Z,13,2,en
Ugw_9zKBDagpQD0lAnJ4AaABAg,@moss.1547,13:08 I thought that blue background was a blue pill that symbolizes Viagra 😂😂,2025-01-29T19:16:22Z,0,0,en
UgxZgNzq06sdkpahXVx4AaABAg,@prueidki,Ken foot cam when?,2025-01-29T19:15:47Z,0,0,en
UgzQQnhpW_csCfhNfUB4AaABAg,@CallMeJupiter,I always look forward to Mary coming in and explaining gorl world to the guys 🫶🏽,2025-01-29T19:14:32Z,2,0,en
UgxPGjYz2lu0F7Yf0vV4AaABAg,@raulmontr,"No chair, is it cause she’s a woman? 😩",2025-01-29T19:13:55Z,0,0,en
UgyO4pA9xwnhlux6qGZ4AaABAg,@ilovehatecomments4238,You should get a cardboard cutout of a chair for the background as inspiration and a constant reminder in every video,2025-01-29T19:13:24Z,1,0,en
UgxCtNtz6SC-2rlJJq94AaABAg,@danon.7777,27:28 “I’m just a gorrrl😔💅”,2025-01-29T19:13:20Z,12,0,Other
UgxVVJ6Dm04UZaVHfmt4AaABAg,@DreamHeroProductions,gyatttttttttttt,2025-01-29T19:13:08Z,0,0,Other
UgysvUsIaLf0NkRqZ4l4AaABAg,@Cassey928,Mary's hot 🔥,2025-01-29T19:12:31Z,0,0,en
UgyZOHVqwWt_Hhg1GrV4AaABAg,@drunkironclan4924,Mary is going to be Nanny in the live action Muppet Babies movie.,2025-01-29T19:11:49Z,0,0,en
UgwkpKpxtRH4E_azpdl4AaABAg,@ThrallDsD,bro Mary needs a channel to just read things lol her voice is so soothing!,2025-01-29T19:11:40Z,0,0,en
UgyLrWNqs7RrNpStwep4AaABAg,@Lackiiiiii,Ken… we’re fighting.,2025-01-29T19:11:07Z,0,0,Other
Ugzzs6omdaZV1bmmTZN4AaABAg,@thinkgoodthots,[insert reference to Ms. Bellum],2025-01-29T19:10:00Z,0,0,en
UgxrvlkORYbtX-tmSzV4AaABAg,@ReKt_GeckO,they gave me chips even though i asked for an appleeeeeeeee,2025-01-29T19:09:57Z,0,0,en
Ugyk2wLRxo9D8iclT794AaABAg,@goodboi7026,Is Mary British or American? She seems to switch between accents.,2025-01-29T19:09:27Z,0,0,en
Ugxgx_NHHqEfti6I9cF4AaABAg,@violetkalico,Gorlworld blew tf up in the last 48hrs it’s crazy. LezEat gorls,2025-01-29T19:08:56Z,36,1,en
Ugzf3oMjgb8CH1CjfMB4AaABAg,@asafoster7954,"So sorry you are back here 😭 

Please stay safe",2025-01-29T19:08:29Z,0,0,en
UgywNGG_emhIpwMqBAR4AaABAg,@FrostyFeet9724,@shaneiceoutlaw6837 said it for me lmao 😂,2025-01-29T19:07:47Z,0,0,en
UgwxuHFzvkdhPn4ALQR4AaABAg,@Maietsu,Mary with a tall chair with her head was outta frame would be so hilarious,2025-01-29T19:07:38Z,0,0,en
Ugx_Ep2LmdNd1jKtVKV4AaABAg,@wareforcoin5780,ChrisChan is hate watching for boys and ALR is hate watching for girls.,2025-01-29T19:06:06Z,1,0,en
UgzsjuTT8scBzfKyztF4AaABAg,@EatMyStarfish,Mary is giving me power puff girl vibes,2025-01-29T19:06:02Z,0,0,en
UgyWqFQw4zuI_djpLKp4AaABAg,@wumbology6072,"The Haydurs warn her about Tommy.

Amberlynn refuses to believe it 

The breakup happens 

Amber blames the “haydurs” 

rinse and repeat! I wonder who her next feeder will be!",2025-01-29T19:05:56Z,12,0,en
UgxsP1BBx5n916quKrl4AaABAg,@dianaprince6577,Justice for Mary! 😂,2025-01-29T19:05:44Z,0,0,en
Ugz0lRRqZBGB3h5EHYd4AaABAg,@Linssay,I love it when Mary comes on. She's the best 😊,2025-01-29T19:04:33Z,0,0,en
UgwnFymCDi_fNVreSRx4AaABAg,@TattooFix,I need you and dane to make an Amber style breakup post 😂😂😂,2025-01-29T19:04:30Z,0,0,en
Ugxx0svB6wyHLFZzrOV4AaABAg,@Impastobaby,I feel like I would lose my mind having my husband CONSTANTLY “devils advocating” against everything I say. “Well oh well guess that cats gone” when clearly Mary is triggered by someone abandoning a pet in the middle of winter.,2025-01-29T19:03:32Z,0,0,en
UgxiFJ1YIs-pco_58cx4AaABAg,@ashleyheeb-schnell6465,I miss Mary so much! I followed her before I followed Ken 😅❤ Love you three together!,2025-01-29T19:03:24Z,0,0,en
UgyRzzNVaOWUDBFcncV4AaABAg,@madjack730,Bruh. I’ve been subscribed to 😂,2025-01-29T19:03:14Z,0,0,en
UgxjDzxCPU96KxHSemZ4AaABAg,@breonnasmith5051,Lol 😅 you guys need Kay cooking shirts by now 😂,2025-01-29T19:02:50Z,0,0,en
Ugw1zsDaOm5IOjFlupR4AaABAg,@xophyrvaio1123,Ken's face is Mary's chair,2025-01-29T19:01:48Z,0,0,en
Ugzn2ymkT0AkRltrW0l4AaABAg,@roller_waifu,11:40 Ken makes a really good point about amber that many other YouTubers have as well when they watch her videos,2025-01-29T19:00:57Z,1,0,en
UgzqkDXH-0ngRop358t4AaABAg,@anniemorning669,Mary and Ken are actually divorced Mary is back in Australia still. This is just an actress,2025-01-29T19:00:47Z,0,0,en
UgxzJ2buZ96d_WLbReJ4AaABAg,@MrV1r00zz,Its so sad that amberlynn is such a drama filled and manipulative entity by now cuz she's actually really cute,2025-01-29T18:59:41Z,1,0,en
UgwNBzTHkQ9qr3sGKFt4AaABAg,@emoober,Man Im loving tea with Mary sessions. I hope we get these segments more often!,2025-01-29T18:59:35Z,9,0,en
UgyV1v7jW5vsdyOCH7Z4AaABAg,@kbundyy22,Mary explaining Gorlworld to us reminds me of me explaining the plot of Sex and the City to my bf,2025-01-29T18:59:28Z,3,0,en
UgybYrb8zNxueyMOSiB4AaABAg,@4timechosa406,Ken sleeps like a baby on his pillows,2025-01-29T18:59:01Z,0,0,en
UgxEVCroO3_BpPNU_M54AaABAg,@MrStreaty122,"Feeding is not a “preference”, it’s sociopathic behavior and Emily’s has a body count",2025-01-29T18:58:48Z,51,2,en
Ugzb8Wos1CpiFfRMoyF4AaABAg,@RustyTeethx,"Ah Mary, you misspoke... Its ""the camel that broke the straws back"" LMAO",2025-01-29T18:58:47Z,0,0,en
UgxO-rc4g2CIYI1klhR4AaABAg,@TheChocolateSailor,"Aye, Mr. Snowflake sighting! @15:56",2025-01-29T18:58:42Z,1,0,en
UgxLGxtpgKSOCyWykKt4AaABAg,@ApostateAF,A year ago I didn't know what gorl world was. Now I'm a daily watcher of all the channels. I'm deeper than ❄️,2025-01-29T18:58:24Z,0,0,en
Ugx2WW2KfLhb3DOkVHN4AaABAg,@0909em,Love when you dive into gorl world 😂,2025-01-29T18:58:24Z,2,0,en
UgyBUgCNfwDH4PeKWcx4AaABAg,@AkiraAkuma66,I really love that Mary is the one to tell us gorlworld news lmao,2025-01-29T18:58:00Z,3,0,en
UgzBP7EI5UuPAd5OIDN4AaABAg,@Invasion-entertainment,Mary without a chair is like the Mayor's secretary from Powerpuff Girls.,2025-01-29T18:57:46Z,0,0,en
Ugz16qYaOJ9Yo7mAwMd4AaABAg,@kelseymaev,Dude. Your wife is hot,2025-01-29T18:57:45Z,0,0,en
Ugyo6qSqlwRnqDT2oZt4AaABAg,@xTJakeyx,"I know the boys are going to know what I mean when I say this. I'm from the south. I'm from North carolina. My whole freaking family just about hates my husband because he's black. And my mom has convinced everybody that he's a sex trafficking drug dealer because he is black. And so instead of just asking me you know logically they've all decided he's a sex trafficking drug dealer for being black. With that being said though even with this amount of hate from 80 plus people. I have not left my husband. I have cut off my family. Amber, if someone really loves you they dont care about outside opinion.",2025-01-29T18:57:29Z,0,0,en
Ugx1i2Iey3vNyqmB6rB4AaABAg,@dodgemastersama,If I could subscribe 5 million times for Mary I would,2025-01-29T18:56:47Z,0,0,en
UgxedxJh1nhPGpqY4E14AaABAg,@paiiininthebuttt2477,Lie lie lie lie lie lie liarlynn,2025-01-29T18:55:55Z,1,0,Other
UgwGemOAEFFFaSxwJpx4AaABAg,@PorcelainRequiem,"One of the leading theories as to why they broke up is that Hamber was caught ""accidentally"" following a creepy account on Instagram. And Fed Bundy has a daughter, so she may have been worried about her ex finding out about it.",2025-01-29T18:55:21Z,3,0,en
Ugzei0R-yGCeTeYXbpt4AaABAg,@danydevina7246,YESSSSS love when Mary's on!,2025-01-29T18:55:18Z,0,0,en
Ugyxn-5yTdZQZnSS-vJ4AaABAg,@jasminekuehn5133,Poor Mary.. she married a man named cinnamon toast and he doesn’t even give her a chair!?,2025-01-29T18:55:15Z,0,0,en
Ugw8j_RxnNC5WZndnp14AaABAg,@dsouthmonster,The magnifying face has me dying,2025-01-29T18:55:03Z,0,0,en
UgwIsFpvaIUEIcBWa7Z4AaABAg,@barbaragilbert6444,Mary should stay anonymous.  Safer that way.,2025-01-29T18:55:00Z,0,1,en
UgzRyW8gNxzd5w6zIjN4AaABAg,@kbundyy22,"Mary, our Queen.",2025-01-29T18:54:34Z,0,0,en
Ugyw7tO1raVARVWdC0d4AaABAg,@LadyJ--1,"I just can't wrap my head around the whole feeding feti$h. We've heard how ALR got so big that she was bed-bound, couldn't bathe, couldn't wipe... So she admittedly stinks from just complete lack of hygiene 💩 🐟🐠, yet she's talked about how $ex-crazed she is and how she has to have a very $exual partner. 🤢 How can anybody possibly be turned on by a body so big it no longer looks human, stinks, and is physically dirty? 😖😩",2025-01-29T18:54:23Z,1,0,en
Ugz2f0eD1llpz72Re914AaABAg,@Lizardbreath1287,Mary <3,2025-01-29T18:54:03Z,0,0,en
Ugy0k1a2-xkAeGBwBdt4AaABAg,@Karamii04,ayo buffpro when are we gonna get another vid?,2025-01-29T18:53:26Z,0,0,en
UgxJaftzxo99hh3TEZJ4AaABAg,@elliecrew,"Honestly just drop Mary’s YouTube at this point, she’s been really carrying the boys for too long now 😂",2025-01-29T18:53:13Z,0,0,en
UgxMCsROo5Cy71KBYdl4AaABAg,@tanamnx_1,12:41 yes KEN you preach everything is just a job at the end of the day and you get to choose what you invest in and what you enable.,2025-01-29T18:52:32Z,1,0,en
Ugy9GhIfwuUJu96ZTA94AaABAg,@CelinevonFuerstenberg,hello mary,2025-01-29T18:52:21Z,0,0,cy
Ugy2D_w7chP0UFy9JSV4AaABAg,@sarzbeth,"GET A PANEL WITH ALEXIS, EMILY, DESTINY, AND BECK...And that weird couple that ""trolled"" her.  Would be fantastic",2025-01-29T18:52:16Z,1,0,en
Ugz3cos365iHfqfi5kB4AaABAg,@alyssabarnes3004,"someone give these men beard conditioner, good bears need attention too.",2025-01-29T18:52:11Z,0,0,en
UgxjHz9g8eZNgAWoiRh4AaABAg,@Stardew_hoe,I know Mary was lurking in oh Lordy it’s jordys stream 😂,2025-01-29T18:51:56Z,0,0,en
UgyzzRsd_wAZFf_6sft4AaABAg,@Pr1nc3ssKat,me making 6 million accounts just so Mary can get a chair,2025-01-29T18:51:54Z,0,0,en
UgxTEmkSBuZSURFuDzJ4AaABAg,@dcbabe0270,"I love Mary going into mom mode for a moment, ""It was a school night!"" 😂",2025-01-29T18:51:22Z,0,0,en
UgzgwRhbha8oEgfBp4Z4AaABAg,@ZombieSushiOG,"We need Ken and Mary to cosplay as the Mayor and Mayor's assistant from the Power Puff Girls! Everytime I see Mary with her head out of frame, I'm reminded of the Mayor's assistant",2025-01-29T18:51:12Z,0,0,en
UgyeL9sFCzd3oBVb7rh4AaABAg,@S_Jeru,"We see how it is, Ken.  CHRIS HANSEN gets a chair, but your own wife Mary can't have one until you get what you want with your 10 million subscribers!  Youtubers really are toxic, manipulative people that see all relationships as transactional!  j/k your stuff is fun to watch.  :D",2025-01-29T18:50:58Z,0,0,en
UgxwlqTrK1fX50KEkO14AaABAg,@deshaebraun3962,I watch oh Lordy it’s Jordy. There’s an Australian woman in his chat. I always wonder if it’s Mary,2025-01-29T18:50:34Z,0,0,en
UgzF81IQgzc_kLeQZY14AaABAg,@Plax123,"8:51 can we address, for a moment, the fact that the artist in the song tagged on the post is ""Chilled Pig""? No? I'll see myself out.",2025-01-29T18:50:30Z,5,0,en
Ugz-9u4mXZhJQyIcLEp4AaABAg,@roller_waifu,Super Mary no face talking about ALR ❤,2025-01-29T18:50:09Z,0,0,en
UgykqmDtifcPoIqvRLp4AaABAg,@dancingqueen9574,If they ever get a chair for Mary  the camera is going to show everything but the head,2025-01-29T18:49:51Z,0,0,en
Ugwfp1UPXJY-L8skR9x4AaABAg,@blacksailsinthesun,She bloody took her cat somewhere lost her and just left it out in the cold 😢 that's actually awful poor kitty hope she found another home ❤,2025-01-29T18:49:43Z,1,1,en
UgxolDJiADs4HBT4N114AaABAg,@sarzbeth,Chris hanson even took a seat,2025-01-29T18:49:06Z,0,0,en
Ugwl60H1frw_Knx3ReF4AaABAg,@lilystrouse65,Mary got cakessss,2025-01-29T18:48:28Z,0,0,en
UgwBP7HE5Y_qYkRccPl4AaABAg,@ashdanies,Editing in this video was 1000x better and beautiful. Keep this up and I’m sure you’ll get to 10 mil !!,2025-01-29T18:46:54Z,5,0,en
Ugzku6TQqqkR5qXsQRl4AaABAg,@deswheezy,"“Mary am I toxic?”
“um, sometimes”😭😭😭😭",2025-01-29T18:46:53Z,15,1,en
Ugzvko3VIWGTzPCs-8B4AaABAg,@blushaholic13,Mary needs a Throne 👸🏼👸🏼👸🏼,2025-01-29T18:46:52Z,0,0,en
Ugxat_kVKw636GPyURh4AaABAg,@falloutsheppy8823,"10:15 Mary accidentally saying ""livescream"" instead of livestream is genuinely such a more fitting name that I thought she scripted that-",2025-01-29T18:46:52Z,275,1,en
Ugyb0PLZB5F6_vx-kll4AaABAg,@deswheezy,"Ken, you’re the only yt i watch & DONT skip past the sponsorship 🤣😭. your ads remind me of prime time 2000s commercials",2025-01-29T18:46:33Z,0,0,en
UgxNO5u3zWDT_BnNG0N4AaABAg,@OnWednesdaysWeWearPink007,CTKs better half's report on the newest ALR breakup !  Yes !!🎉🎉🎉🎉🎉🎉🎉,2025-01-29T18:45:56Z,0,0,en
UgwMOyzm79J5aO-lUE54AaABAg,@stephaniemiller2615,The Return of the Queen!!!,2025-01-29T18:45:51Z,0,0,en
UgxmLyjHrzkj2tIJM1V4AaABAg,@carrienicholas6317,Please interview the exes! Destiny would have a ball doing it and bec would definitely want to get their voice out and deserves more love on their channel,2025-01-29T18:45:50Z,0,0,en
UgwUYv6y7DPyHOzNJax4AaABAg,@TheChocolateSailor,"A Mary in the wild! 

we missed you and your help comprehending Gorl World, gorl",2025-01-29T18:44:42Z,1,0,en
UgzuEKDCJ2iKTEZaAvF4AaABAg,@corrinec008,Im glad you guys are back i found you all before the new year. then you guys were off and I watched all your pass episodes so I'm all caught up now!!,2025-01-29T18:43:45Z,0,0,en
UgwdUuBgKWE3-cSHNgZ4AaABAg,@carolinesconcertvids860,On the way home me and dad hit a deer. Just ran out in front of us. It's poor little face. So watching this to cheer myself up,2025-01-29T18:43:35Z,0,0,en
UgyFQC6vJZJzamnbkFV4AaABAg,@AZ-vp3ht,Mary is such a good narrator,2025-01-29T18:43:09Z,0,0,en
UgxMF6jNgWN2UrEgx4R4AaABAg,@violetoakwood7727,I love when Ken gets involved in gorlworld,2025-01-29T18:41:50Z,0,0,en
UgwH6IldzQmqMVkfwDJ4AaABAg,@CrowPlume,"21:20 can confirm, I've never watched her content, only people discussing/reacting to it LOL",2025-01-29T18:41:40Z,382,8,en
Ugyo1wyc7vUfI-KNn5J4AaABAg,@arielsierra747,"Again Amberlynn has to be the victim, blame external factors that have no bearings on a relationship, and refuse to take accountability for the truth. Emily said what the issue was and it should be very clear that ALR is in the wrong. ALR enjoys CP content and CP content creators as well as following one in particular CP account. 

This had nothing to do with her audience and everything to do with the fact that she enjoys and takes part in the dissemination of CP content. 

Blaming her audience is a defensive tactic in order to deflect from the real issue. Doesn’t that sound familiar for anyone who has seen anything from To Catch a Predator?",2025-01-29T18:41:32Z,0,0,en
Ugwggv06_sFHBKwJY4F4AaABAg,@VeeRexTeeRex,Ken and Dane both petting their beards 😂,2025-01-29T18:41:28Z,0,0,en
UgynDw-sHc-sYyZwjL94AaABAg,@dramaminedream22,"Losing her cat because of her own stupidity made me so mad. I hope that poor cat found a better home and didn’t get hurt or anything. I can’t stand people who aren’t responsible with their pets. She’s was already annoying and dislikable, but that just made me sick.",2025-01-29T18:41:12Z,1,2,en
Ugzh1ZUj2G5iZqik0tZ4AaABAg,@easton1354,"sorry, also, lets not forget amber has a long history of faking break ups to get the heat off of her and her partners...then appears a couple weeks later with a ""new gf"" ( aka same gf) and says she wont disclose the new girl.",2025-01-29T18:40:55Z,0,0,en
Ugz8t6PWdicFAXUvaGh4AaABAg,@a-nonmouse,She lies like a rug. A very lumpy rug.,2025-01-29T18:40:24Z,0,0,Other
UgynxgTa5EOqUrEqV0t4AaABAg,@chrisanonymous1603,Amberlynn is a tiring trainwreck who's too ignorant and self centered to realize she's been the saboteur in every relationship she's been in. She's like a clingy cat that always invades your privacy and irritates you purposely except a cat would do it for logical reasons lol.,2025-01-29T18:40:15Z,0,0,en
Ugym9qNogptCoMw-JLt4AaABAg,@CourierSixMojaveExpress,Mary is Ms.Bellum now 😂,2025-01-29T18:40:09Z,0,0,en
Ugwk28kFCvcj9Dwvo0d4AaABAg,@GIChiyo,"If she goes members only she will see how little people actually care about her
It will blow her narcissist mind",2025-01-29T18:39:26Z,0,0,en
Ugzj-cosn93gyKUa48h4AaABAg,@starfane7901,Oh come on. A little tiny pink barbie chair,2025-01-29T18:39:11Z,0,0,en
UgxpYu23LfcuFUuHAIV4AaABAg,@MargueriteLoiacono,I'm so sorry Mary 😢 nochairgang,2025-01-29T18:38:33Z,0,0,en
UgxFzrAqbnzPgHPhK_p4AaABAg,@Cujo_Red,"If my dog got lost in another state, that's it, I'm moving to that state till I find him. The anxiety would kill me. Based on all this sounds like she's got a narcissistic personally.",2025-01-29T18:38:21Z,0,0,en
Ugy5oaQeXF0Ti4OYcqR4AaABAg,@pratikvyavhare5773,"Ken is reflecting on her situation and meanwhile Dane in the background is resisting saying ""Tase her"" 🤣🤣🤣",2025-01-29T18:38:14Z,0,0,en
UgyHUw98mWho2eL6LKF4AaABAg,@JenR1215,"Mary remind me of the parental adults in 90s cartoons who we never saw the faces of. I’ve become so used to this, that I look forward to the standing now. 😂",2025-01-29T18:38:14Z,0,0,en
UgyckOUobLhBNByueat4AaABAg,@kaepi3,5th one to like the video…a glorious new record 🥹,2025-01-29T18:38:13Z,0,0,en
UgxbsmxaBXoo_uMlfMh4AaABAg,@NeonToxicity13,No chair for Mary?!?! my goodness.,2025-01-29T18:37:39Z,1,0,en
UgwHVl0GG7Oq-QvDKWF4AaABAg,@andrewweber9930,keep saying for years she needs a penis,2025-01-29T18:37:02Z,0,0,en
UgwQto8bCyFBdyoQL3h4AaABAg,@danon.7777,I love Mary’s lil “hi!😊”,2025-01-29T18:36:45Z,9,1,en
UgzLp5utW0qSuno5GsJ4AaABAg,@SamLawls,Miss Bellum,2025-01-29T18:36:34Z,0,0,Other
UgxQ1v0cSJQChbr5wE54AaABAg,@Wanshkl,How about Mary gets a tiny lil stool when you reach 5M? 😇,2025-01-29T18:36:30Z,0,0,en
UgxJY54va0W6skDSHpx4AaABAg,@dsouthmonster,SuperMaryTorso,2025-01-29T18:35:00Z,0,0,en
Ugx4F4QpxLu8mKHDmuJ4AaABAg,@Buddha_Brainrot,Ken it’s my birthday 🤪,2025-01-29T18:34:37Z,0,0,en
UgxEVHFOfV90BG-50-Z4AaABAg,@Squirrel_Gorl,I was hoping Mary would chime in on this drama! 🤣,2025-01-29T18:34:35Z,0,0,en
Ugz7WXFRjgiiFYBkssB4AaABAg,@aprilmason1616,Poor Kitty :(,2025-01-29T18:33:41Z,0,0,Other
UgyrtlKp-Wb2lpOXWg94AaABAg,@saint-freya,HELLO Mary's Chair Gang!,2025-01-29T18:33:36Z,0,0,en
UgyBvsWechtNqLzboot4AaABAg,@Thynomad-B,"I told my grandma she's the reason Mary isn't allowed a chair, just doing my part.",2025-01-29T18:32:55Z,0,0,en
Ugz302IdcVBDIoroaDN4AaABAg,@2doot,"Holy shit welcome to Gorlworld, Ken. I clicked thinking this was one of the other gorlworld commentary channels and then got jumpscared by Ken 😭",2025-01-29T18:31:54Z,2,0,en
UgwI73rln4bmKwnWRq94AaABAg,@Unknown16537,"LOL, the way she exits @ 0:35 😂 someone said she's like the lady in the power puff girls, and 100% agree",2025-01-29T18:31:48Z,685,2,en
Ugy5EDd6mfGw2qo1e-l4AaABAg,@CelestialSt4rset,"I think is so cute that Ken and Buff make all kinds of ridiculous videos, but if Mary says she thinks they should make a vid abt something, its like they drop the other ideas and theyre like ""Mary youre a genius, tell me everything!""😂",2025-01-29T18:30:59Z,0,0,en
Ugyp7F1Po0jgdRmVfCB4AaABAg,@deswheezy,"Chris Hansen and more content w MARY!!! this channel gives me hope for the future :,)))",2025-01-29T18:30:54Z,0,0,en
Ugxi7UvCa7LbKkd_M2B4AaABAg,@KarliStJohn-on6zu,React to narally and younglo!!!!,2025-01-29T18:30:40Z,0,0,en
Ugzo9_LtywdQBr3mAqF4AaABAg,@maartenbondt9600,Come on people get Mary a chair,2025-01-29T18:29:47Z,0,0,en
UgwbsDhP-c0TN9tbBul4AaABAg,@XxCauzhavokxX,Renovated n still no chair or stool for Mrs. Cinnamon toast skin.,2025-01-29T18:29:42Z,0,0,en
UgwkzwvQ0y0ADI77vTZ4AaABAg,@ajiyong4260,you know it's gonna be a good video when Mary is here,2025-01-29T18:29:26Z,0,0,en
UgwKCDLrvNOMAXdd7GJ4AaABAg,@Elissa_Marie,You should definitely interview beck!,2025-01-29T18:29:13Z,0,0,en
UgwgD2Q7RbLTcc9RGmR4AaABAg,@jessiee2115,Mary is giving Ms. Sara Bellum 😂,2025-01-29T18:28:36Z,0,0,en
UgzmHn-M20NFQ8ZJGxZ4AaABAg,@missmoanypants,Get that girl a stool!,2025-01-29T18:28:33Z,0,0,en
Ugz1z_NixtntOgDGfhJ4AaABAg,@MaMaBoO90,Is Mary happy to be back in the states? ❤,2025-01-29T18:28:13Z,0,0,en
UgxYICKnGyuiRPW4a5h4AaABAg,@aspecialsnwflke5557,Poor Mary came all the way back but instead of a chair Ken packed his DnD books. Priorities.,2025-01-29T18:27:39Z,0,0,en
UgwPWz_VGqNPaMUMrMV4AaABAg,@mstcrow5429,"Well, no one deserves to be fed to death. But it's not like they're trying not to die either.",2025-01-29T18:27:10Z,0,0,en
UgyJXAGeT5E1pRvfFVR4AaABAg,@marcelacortinas1903,"I’m so sorry, Mary i’ve been desperately sharing these videos to try and get you a chair. 🥹😭😭😭",2025-01-29T18:26:55Z,0,0,en
UgyW8d-MO0cYR6eAruJ4AaABAg,@drewgoin8849,Dane is looking like a refined gentleman in this video.,2025-01-29T18:26:50Z,0,0,en
UgwbwDdgBh8Cyql_24t4AaABAg,@J-meCarpenter,I HEAR THAT THE HATERS ARE GONNA HATE HATE HATE HATE HATE😒,2025-01-29T18:26:49Z,0,0,Other
Ugw2GXYz8KWibxJQhuZ4AaABAg,@EB-li3tm,3:24 Okay but how can we get Mary into the narrator scene?!?! I could listen to her read the dictionary & enjoy it 😂,2025-01-29T18:26:44Z,66,2,en
Ugz3SZz5PA8c_d9jZ_x4AaABAg,@ArolzStreams,Mary should have her own channel!!!! ….and never be in this one ever again 😂😂,2025-01-29T18:26:00Z,2,1,en
UgwtoLkw6-gVB6JTozV4AaABAg,@screm7878,Ran so fast my ankle is dangleeen,2025-01-29T18:24:35Z,0,0,en
UgyvOalAV4ZvzqL2VQh4AaABAg,@thequeenpickle2506,"Ken please 😂 Mary needs a chair , I’ll buy her one for you if you don’t have the funds from the move 😂😂",2025-01-29T18:24:28Z,0,0,en
Ugzy8h19gWpObBQ1l-54AaABAg,@RhinestoneEyes-,"Emily has said she made amber well aware of her ""preferences"". Amber denied them to the internet. The internet didn't believe her (she lies allot) so crazy folk went digging to find proof that amber is once again a liar . Nothing is ever her fault. She's so dishonest .",2025-01-29T18:24:09Z,0,0,en
UgwqoiBfbqmjjy-fhrB4AaABAg,@whoopienatkat,KEN PLS TALK ABOUT ASH TREVINO,2025-01-29T18:24:03Z,0,0,Other
UgxKjx5Clkt_R13KGcR4AaABAg,@rykerthetiny7881,Omg I’m so excited to hear the new drama from you guys. My roommate always makes me watch videos and try to understand the Amberverse but no one does it like Mary,2025-01-29T18:23:11Z,11,0,en
UgykjvXFwIjA4feoONV4AaABAg,@Bartfan16,"I’m surprised you guys didn’t bring up that she was caught following a profile on Instagram that posts not very nice things about or involving children. And Amber has been inappropriate towards kids before especially towards one teen girl named Libby back when she was with Destiny. And after she was caught she then started deleting the videos with Libby in them.

So some people think that might’ve been another thing Emily broke up with her over as Emily has a child.",2025-01-29T18:23:00Z,0,0,en
UgyIVp9oyzGA0R5jn794AaABAg,@J-meCarpenter,THIS IS TOTALLY HECTICANNA!!,2025-01-29T18:22:40Z,0,0,en
Ugy2Ah3PpGo35wkqMd14AaABAg,@arieidson7413,Factor meals look like barbie food. Or the plastic toy foods that come with any toy kitchen set. Factor meals look like the most unappealing food ever.,2025-01-29T18:21:13Z,0,0,en
UgwB-JmKApPg1QXSKBN4AaABAg,@calistadillon23,Gorlworld with Mary is my FAVORITE subcategory in this channel,2025-01-29T18:21:09Z,1,0,en
UgwqMraLstJKOTUFRux4AaABAg,@iseeyou2035,Mary sounds like ai when she reads lol I like it. It tickles my brain.,2025-01-29T18:20:59Z,0,0,en
UgybdrIPTFpO8B_DJNd4AaABAg,@hahaquinn,"Rumor has it at 20 million subs Mary can upgrade to a throne. 👸🏻 which she deserves!

Edit - Scott adding in the surprise pikachu face on Ken was top tier editing.",2025-01-29T18:20:58Z,0,0,en
UgwmhJyQjKNxGIKoIYt4AaABAg,@drewdoo1674,HI MARY ANSD DANE Ily,2025-01-29T18:20:40Z,0,0,en
UgxYY7MTObHHnMZaDfJ4AaABAg,@Elissa_Marie,People are also speculating that Emily broke up with her because Amber was following a CP Instagram account. Also the crazy things she’s said and done that have resurfaced about her relationship with Libby who was a minor.  Her comments about child predators have been gaining more attention again as well. Even her comment she made while with destiny about becoming a pedo for Darlene who was 15 in the show (Rosanne)at the time. People are speculating this has something to do with it as well because Emily has a daughter. The daughter’s dad just has her most of the time.,2025-01-29T18:20:18Z,0,0,en
UgxhiRiwzGB7jBWy9uV4AaABAg,@EtrnayDad,Chris Hansen took the seat!,2025-01-29T18:19:32Z,0,0,en
UgyA0sIzfaqdHludQ0d4AaABAg,@EB-li3tm,Mary looking gorgeous as always💁‍♀️,2025-01-29T18:19:30Z,0,0,en
UgzXkRF666OfESw3J-F4AaABAg,@Yonfyvargas8938,There's a lot of German festive beards going on here,2025-01-29T18:19:16Z,1,0,en
UgyTW99RBvZMwN4o0tF4AaABAg,@Scully1800,Does Mary do voice reading for voice machines. This is not an insult she just read that very much like I was listening to a informational vid or sum,2025-01-29T18:18:22Z,0,0,en
UgxC0PPpku5aw6cGVhV4AaABAg,@msdeviantdizzy,"I'd watch tf out of a Mary tea channel...""Headless Mary's Tea""",2025-01-29T18:17:53Z,0,0,en
UgzZwLo3IArGgbfWZz14AaABAg,@WendyPacheco87,"Meh, this is probably the least favorite of the topics. I'll watch it for yall but I don't care for this topic. I read something about the 1000 lbs sisters and jail time!",2025-01-29T18:17:49Z,0,0,en
UgzKS2dd66WK3S84BJR4AaABAg,@rimaraghad,ken you need to check key's recent video where she put fish in a blender 🤢,2025-01-29T18:17:43Z,0,0,en
UgyYxCgyiTtQJ-90dxh4AaABAg,@Dbl4Sllivn,"If your relationship ends in a few days because of a bunch of nasty words that people on the internet post then, that relationship wasn't meant to be.",2025-01-29T18:17:34Z,0,0,en
UgzqMtnwpJ2rHQEN74J4AaABAg,@marshaljedcooper7402,Mary is floor gang for life,2025-01-29T18:17:14Z,0,0,en
Ugz5k5LNqZYdNpiw39l4AaABAg,@cobaltprime9467,25:15 How can you just go home after losing your cat. Maybe it’s just me but I’d be running around the neighborhood looking for my babies. I wouldn’t be able to sleep until I found them.,2025-01-29T18:17:03Z,128,12,en
UgzfQtMn7j3jG38JrsF4AaABAg,@shinyjulez,I live for these gorlworld updates from Mary,2025-01-29T18:16:53Z,5,0,en
UgzvjnSr9SHu_vABqXd4AaABAg,@cgwworldministries83,"come on you monsters SUBSCRIBE so Mary can finally sit down! her feet must be killing her, have a heart!",2025-01-29T18:16:38Z,0,0,en
Ugxl8_R1RtmXYGpBol94AaABAg,@biscuitkeyboard,This chair better be a damn throne with how long you got her waiting.,2025-01-29T18:16:38Z,0,0,en
UgydNsau_A7fS-ghcul4AaABAg,@jonkgaming,I never noticed how many tats ken has,2025-01-29T18:15:38Z,0,0,en
Ugx1G74C0-_oOhJEwh14AaABAg,@KyleighFolwell,"Love the chemistry between you two, feels very genuine. We love Mary!!",2025-01-29T18:15:27Z,3,0,en
Ugwkq-f4M2lJDSKMXNR4AaABAg,@trance3687,"Buff when mary said ""super"" 😂",2025-01-29T18:15:06Z,1,0,en
UgwJ42oBMPMRFTBPbQt4AaABAg,@maartenbondt9600,I would love more Ken Dane Mary content,2025-01-29T18:14:39Z,0,0,en
UgxH9XbCFZdhaJB-VYB4AaABAg,@TheActualFrozenCactus,Yah 2nd in command her,2025-01-29T18:14:15Z,0,0,en
UgxvDGdXUgRUOzSsMn94AaABAg,@howdypartner8326,"I can't believe Ken lied to us about wearing red shoes, those are clearly red sandals.
Such betrayal. Hnnngh *dies*",2025-01-29T18:14:07Z,12,0,en
Ugz2wwBrVzOUNwu4-4d4AaABAg,@TheActualFrozenCactus,Bonny Tyler as cool as me,2025-01-29T18:14:07Z,0,0,en
UgzOGYg6CZY4eb0LIbt4AaABAg,@madelame_,28:55 *reportedly* she went live last night with 20 VIEWERS LMAO,2025-01-29T18:14:03Z,0,0,en
UgzwO8UAYFq0G5b_MCp4AaABAg,@kiera8102,Mary's voice is so calming 🥹,2025-01-29T18:14:02Z,0,0,en
Ugw7tUK03eSstLF58ux4AaABAg,@TheActualFrozenCactus,Bonny Tyler and TheFrozenCactus both win,2025-01-29T18:13:58Z,0,0,en
UgxKBF93XLN59jfTBjR4AaABAg,@TheWrathfulProser,Mary needs her own booth,2025-01-29T18:13:52Z,0,0,en
UgwRq6eAEtPxJ-GRtLV4AaABAg,@josephschminkey5717,Lol.  Mary needs a chair.,2025-01-29T18:13:50Z,0,0,en
UgxIKQJARtvteQnI7fl4AaABAg,@jixxvimmii,10 million subs for her chair but he hasn’t even hit the half way mark yet 😶💀,2025-01-29T18:13:47Z,0,0,en
Ugx-bju2schhYqvG1q94AaABAg,@trance3687,"I love watching you guys so glad you're back threw off my routine lol
I guess I'm gonna have to go premium bc these 45 second unskipable ads are killing me 😵‍💫",2025-01-29T18:13:41Z,1,0,en
UgwzIrjFWREq1F-dKVN4AaABAg,@AveryPyles369,at least get the woman a bar stool lol,2025-01-29T18:13:11Z,0,0,en
UgxDpGLaxwI8ASjn4aR4AaABAg,@kelliemcclure6471,Didn’t realize how parasocial my relationship with you all was until seeing you beside each other again made me squeal with joy.,2025-01-29T18:13:00Z,0,0,en
UgwueYru9Jj38CY-mTV4AaABAg,@TheActualFrozenCactus,"There take your stupid penny 


Fake money I’m in couch gang you used my mirrors in ad pay up",2025-01-29T18:12:35Z,0,0,en
Ugw-RzgJOobDgodzJmx4AaABAg,@Ipaigec,I love Mary,2025-01-29T18:12:32Z,0,0,en
UgwtLY2ruYSRcmQtLpt4AaABAg,@annienewman8312,hence why mary cosplays as ms. bellum?,2025-01-29T18:12:02Z,0,0,en
UgwQs7eQhN1wDZx_-tF4AaABAg,@ThePoettica1973,"The new set-up with Mary as just a voice, and two guys at a desk...y'all giving Rhett and Link vibes!  😂  Mary is your Stevie! 🤣",2025-01-29T18:12:01Z,149,0,en
UgxkbJ6Kz_VbfXc1LSx4AaABAg,@kaitymac,"Also, in the past week or so, ALR ""accidentally"" followed an account  on IG that had pdf memes. And immediately after deleted older videos where she was inappropriate with a 15 year old. Emily has a daughter, btw. I think the drama with that is why Emily broke up with her, or it's a way for them to divert attention from those recent accusations.",2025-01-29T18:11:47Z,107,11,en
Ugxq6apr_7LHJm1kk694AaABAg,@kath3832,Loved your ad lol,2025-01-29T18:11:43Z,0,0,en
UgzaoQqetYSu8o2RyCJ4AaABAg,@FittedSheet2000,The lore is absolutely insane,2025-01-29T18:11:40Z,1,0,en
UgxvFebXxaAWhKz_sX94AaABAg,@babyfouche,"Damn I felt like a gas stove with how much gaslighting was going on in the first minute or two 😂😂😂 I know its all in good fun lol. 😂😂😂 I got roasted, lambasted!, Cooked! Lmao",2025-01-29T18:11:13Z,0,0,en
UgwgZFdQhfFsh5T2uZl4AaABAg,@artisticfruitloops5097,Its like the stevie effect but with my other favorite two dads,2025-01-29T18:10:01Z,0,0,en
UgwmcOPN_UmuAHBebXh4AaABAg,@Badkitty-b3k,Would be awesome having Mary in the video as well .thanx for the vids guys ..keep it coming !!,2025-01-29T18:09:56Z,0,0,en
UgwZIpttX0uLvdwqveB4AaABAg,@TheActualFrozenCactus,Or I’m suing,2025-01-29T18:09:52Z,0,0,Other
UgwysdeYSoMSXbQHrh14AaABAg,@00MzAngel00,"Mary needs a comfy high stool if she’s between you two. That way she’s sitting, which she deserves, and her face is still not shown. Love you guys ❤",2025-01-29T18:09:51Z,0,0,en
UgzdPPXbZTClrA7dIZx4AaABAg,@TheActualFrozenCactus,You pay for your stupid ad say my name,2025-01-29T18:09:43Z,0,0,en
UgwhjnUIjoHjP46fp-t4AaABAg,@RamblerofLands,"If only Mary was there for Chris Hansen to tell her to take a seat, then she'd have a chair",2025-01-29T18:09:38Z,0,0,en
UgwQ3LKXyoEqOsKA68d4AaABAg,@TheActualFrozenCactus,No one says my Fucj I bname,2025-01-29T18:09:28Z,0,0,en
UgxYcjlJi1TsvB9OMv54AaABAg,@TheActualFrozenCactus,Ad for you that’s fake money for my shit idiot,2025-01-29T18:09:17Z,0,0,en
UgxlcOVeBGf3vJ7IF9l4AaABAg,@artisticfruitloops5097,I won't stand for this! But Mary will.,2025-01-29T18:09:04Z,0,0,en
UgzzaA5VU2xQ-m_lIrJ4AaABAg,@EsterJ1999,You know it's going to be a good video when Mary enters the room <3,2025-01-29T18:08:46Z,1,0,en
Ugw9UGjCGngiZmUUm7J4AaABAg,@aprilmason1616,Hahahaha I love the sponsorship parts 😂,2025-01-29T18:08:45Z,0,0,en
Ugx6kv9lo9S9mdStFtp4AaABAg,@TheActualFrozenCactus,You used my mirrrrsnsay my name or pay me fake money,2025-01-29T18:08:44Z,0,0,en
UgywvXq99SuChOj5Bth4AaABAg,@tubbytues6888,THE COUCH IS BACK!!!,2025-01-29T18:08:33Z,0,0,en
UgzqGgTwzs_OV0jDlLJ4AaABAg,@PatsyStone8,"It was a spicy time in the Amberverse! But…r they really broken up,or is it Jade 2.0?",2025-01-29T18:07:54Z,0,0,en
UgyZ64vBiLvRXFUEubN4AaABAg,@dreamfeatherbolts,I know far more about this woman thanks to iNabber's deep dives than I ever want to know and yet... I keep coming back for more content about her from my fav creators including Ken.,2025-01-29T18:07:42Z,0,0,en
UgzHThPrjg3jpYTd64N4AaABAg,@KareyAnn-n7c,Mary on the asmr 🎉😂,2025-01-29T18:07:39Z,7,0,en
UgyDFSDSEUM1dSfqsf94AaABAg,@PinchyKatie,Appreciate the beleaguered super hero mary,2025-01-29T18:07:33Z,0,0,en
UgyLELx_0Qs5XWMCPGx4AaABAg,@zuzumeatball,Is mary by chance a jordy shorty??,2025-01-29T18:07:23Z,0,0,en
UgzpnT3q1p1MTy2qPd94AaABAg,@nightangel9523,"I love these videos not just for the tea ☕ but the fact that it's just a wife telling her husband and his homie about this random thing she's obsessed with and I love that because I do the same thing to my man 😂😂
Love these videos Ken-kun! ❤️",2025-01-29T18:06:27Z,0,0,en
UgycYu_6q1hbj2o9xgJ4AaABAg,@matthewleespencer,"Mayor Ree Needs A THRONE IN BETWEEN U2 Knuckleheads…
Not TIL 10 MILLION…!!!😅❤🎉",2025-01-29T18:06:23Z,0,0,en
UgzhrbXB6VSbhGbiz2F4AaABAg,@saharaamazinglady,Can I get Mary's workout routine? Omg stunnin 👏🏻✨️,2025-01-29T18:06:07Z,0,0,en
UgyBOXoETPX87Hs40kB4AaABAg,@Karamii04,noooo im trying mary!!,2025-01-29T18:05:42Z,0,0,Other
Ugz0rs7VMrta74aW5zp4AaABAg,@Laffsaff,My fiancé said he would subscribe if you guys did COPS videos. He loves watching with me so I’m already subscribed,2025-01-29T18:05:38Z,0,0,en
Ugw0cTvgD_yUu95QC_14AaABAg,@jazpercummings9089,Ive been subbed for like 4yrs 😂 mary not having a chair aint my fault,2025-01-29T18:05:33Z,0,0,en
UgyGHnC7Jmv1jhqJDRF4AaABAg,@audreycollins2676,"This is how your suppose be when filming content on youtube, with Ken and Mary's relationship she only comes on with information she finds that are interesting on a women's point a view, Ken keeping his life private separate form what other subjects Ken and Dane do for other videos. That's how this work otherwise posting everything with your boyfriend/girlfriend causing outrageous comments cause riffs between the couples.",2025-01-29T18:05:30Z,0,0,en
UgxkD4rVlmCLznzKpfB4AaABAg,@Squeaky_Bean,"It's not a ""preference"" it's a fetish.  Let's call a spade a spade.",2025-01-29T18:05:24Z,1,0,en
UgyHPt7UO_Sz8m2I9yd4AaABAg,@jessicajingle8012,Emily was obviously big game hunting internet famous super fatties,2025-01-29T18:05:20Z,0,0,en
UgzRGnieDpUHkVB7UYN4AaABAg,@beyouinyourlife,"I used to watch Mary's videos and vlogs a lot, so happy to ""see"" her again here! <3",2025-01-29T18:05:09Z,0,0,en
UgwV2rW9HmorpGaGF_R4AaABAg,@NoelleBijou,When worlds collide!,2025-01-29T18:05:07Z,0,0,en
UgyraqS-rNuRxynbSpp4AaABAg,@jasminewaakaaaronjackson7661,Mary's mixed accent confuses me haha,2025-01-29T18:04:58Z,0,0,en
UgxpnV7wy2F_JKsCY9x4AaABAg,@MMM_9058,Mary’s Gorl 🌍 videos are the best!!  Can’t wait for the next one!!!  And also when is Dr Phil coming on the show??  Miss seeing u guys commenting on the show 😊,2025-01-29T18:04:35Z,1,0,en
UgydINicOq8tzEjUu5h4AaABAg,@adequatemars237,"Mary is going to get a chair and it's going to be a stool higher than Dane and Ken, so that way her face is still cut off😂",2025-01-29T18:04:22Z,0,0,en
UgxZ26NkP6ckkXpvGil4AaABAg,@lady.persiflage,"Mary has a beautiful,  soothing voice",2025-01-29T18:04:05Z,0,0,en
UgxJEQ48hz0ikV0hfqJ4AaABAg,@dixiewolf5088,"“Mary am I toxic?” 
Her: “WELL YOU WONT GIVE ME A CHAIR SO”",2025-01-29T18:03:56Z,746,0,en
UgwwekCcn-TXXTNOHlR4AaABAg,@Qlvello,The back looks like stay tootsy,2025-01-29T18:03:53Z,0,0,en
UgzwLaIkOxVZjXl8B-N4AaABAg,@FredMcC-r5r,"Come on CTK, just got telling u I would swallow u down on the daily and ure woke?! 😭😭😭😭",2025-01-29T18:03:30Z,0,0,en
UgzbwfKbqgYxu3v0F7h4AaABAg,@VariableSand,She's from tik tok,2025-01-29T18:03:30Z,0,0,en
UgxcYXfDqz0LtX7FluV4AaABAg,@Potatoypotato,"Ken, you guys schould do a colab with Zachary Michael. Hes THE best reaction channel for Amber and has all the tea and history. Amber even recently dmed him trying to manipulate him.",2025-01-29T18:03:19Z,0,0,en
UgwciT0sSwlqLPiY8A14AaABAg,@juststicker25,i’m so happy mary is covering this,2025-01-29T18:03:16Z,3,0,en
UgxJzFxG6JFvlHlRnit4AaABAg,@MrsSmoky,So why does she always stand and not show her face ?,2025-01-29T18:03:06Z,0,0,en
UgzfIlpAa-7iLlk2xzB4AaABAg,@VariableSand,Can you guys do a video on Ashley Trevino plzzzzzzzz 🙏,2025-01-29T18:02:51Z,2,0,Other
UgyM9hvBTXoLcURJpD94AaABAg,@Trash432,"5:18 hey now, don't be so fast to judge. Who hasn't been in a hotel room back in the 90's with a full ball and a whole gaggle of 300lb women???",2025-01-29T18:02:46Z,8,0,en
UgxcH2vwbGZegum2uVF4AaABAg,@FredMcC-r5r,Pls don’t tell me ure woke… “they would be up for that” they? Ure using the dumb pronouns?,2025-01-29T18:02:43Z,0,0,en
Ugy4JSqSWuJsVK4Igrh4AaABAg,@katvoodoo5520,I can't watch when Mary is on. I have a severe issue with S's. And for some reason unless it's fixed by sound board all women sound like snakes. There is nothing sensual about that. I love Mary. Hate the S's,2025-01-29T18:02:40Z,0,0,en
UgzSX_gDRl2H-3-ovcx4AaABAg,@MelaniNomi,MARYYYY!!!🖤🖤,2025-01-29T18:02:14Z,0,0,Other
Ugxm3Rjhm-GGzLNNIh94AaABAg,@Ledémonlittéraire,We all love Mary,2025-01-29T18:01:51Z,0,0,en
Ugz0fqvF0IBntpVuoyR4AaABAg,@Frowndad,I’m glad Ken and Buff understand that Gorl World is a full-time hobby.,2025-01-29T18:01:51Z,0,0,en
UgziEfVPTTZ_j6QFJ554AaABAg,@redlexi1999,I would listen to anything Mary reads. I love her voice ❤️,2025-01-29T18:01:22Z,0,0,en
UgzxTiFzv_IMs_DR4zF4AaABAg,@mikryan6567,Mary on a stool in back,2025-01-29T18:01:08Z,0,0,en
UgxtlPUhjcEyswVJj5B4AaABAg,@dixiewolf5088,If more commercials were laid out like your factor sponsor I’d like commercials more,2025-01-29T18:01:04Z,0,0,en
UgzMm6ufMRUal11LkSZ4AaABAg,@Fun.Guy.Forager,I say Dane needs to get his beard professionally touched up. But keep the length.,2025-01-29T18:01:00Z,13,1,en
Ugz7Lh3cHqCcJjfFVRR4AaABAg,@rachelmurray4923,I can’t wait for Mary to have a corner to continue giving us the tea!! With a chair someday 😅,2025-01-29T18:00:41Z,0,0,en
Ugx9zCTFqzmPwIXUgLl4AaABAg,@TheActualFrozenCactus,Using my mirrors huh talk about me required by law me now I have it in channel,2025-01-29T18:00:23Z,0,0,en
UgzaPqb7jKtoI0D9THh4AaABAg,@pappysheart6710,"I don't care about the drama.
Shaquille O'Neal: 7'1, 324lbs. 
Arnold Schwarzenegger: 6'2, 225lbs.
Ariana Grande: 5'1, 106lbs. 
Taylor Swift: 5'10, 130lbs.
Dainty Gorl: 5'3, 600lbs.
BLACKPINK: 415lbs.
The Red Hot Chili Peppers: 655lbs.",2025-01-29T18:00:03Z,9,0,en
UgxEij7hWVrCpDu_KHh4AaABAg,@SavannahJoii,ooppp anytime ken nd mary come tg yk the amberverse is going bad againnn,2025-01-29T17:59:50Z,1,0,en
UgwdvykM9fpS0y1li9p4AaABAg,@melh1908,Ar Naurrr,2025-01-29T17:59:40Z,0,0,Other
UgyFlzOfXVL_QYZb_GR4AaABAg,@QueenDeeva,@mary I've subbed on 3 accounts just so you can be closer to having a chair!,2025-01-29T17:59:40Z,0,0,en
UgxR69SEPsOg5Y8a97N4AaABAg,@elaynaaubreygonzo3744,Mary got them milk cannons kids def got fed good 😂😂😂,2025-01-29T17:59:23Z,1,0,en
UgybaxxEfrcqddiyzZl4AaABAg,@TheActualFrozenCactus,Crying right now yah important but only if dummy doesn’t take away my rights 🙄,2025-01-29T17:59:10Z,0,0,en
UgwFQtqTpAMtZ_VYNq14AaABAg,@YamofTruth,Willow and oak. Going by pokemon professor rules. Got it😂,2025-01-29T17:58:55Z,0,0,en
Ugwoe-qmNCAG0zzT9tx4AaABAg,@TheActualFrozenCactus,All you citizens if you say it idiot,2025-01-29T17:58:44Z,0,0,Other
UgxKSgywPewJYzgs5Ul4AaABAg,@O_Scud,Ms Mary Bellum??,2025-01-29T17:58:39Z,0,0,en
UgxhDrWegPrtFjXAE714AaABAg,@izzy6131,Ouuu can Mary do audiobooks? She has such a great voice for it. Tell her❤🎙️📚,2025-01-29T17:58:34Z,2,0,en
UgwvvYn7Gfxpa9q35xl4AaABAg,@Lovecrocodile,Glad you are back in the good US of A!,2025-01-29T17:58:21Z,0,0,en
UgzTSxqhvlbjUxkMvJd4AaABAg,@TheActualFrozenCactus,Since 2013 I spotted Greenland uhhhh I perfect it,2025-01-29T17:58:12Z,0,0,en
UgzFD1KHubnf3uyg65l4AaABAg,@TheActualFrozenCactus,Greeenland always been center stage here,2025-01-29T17:57:52Z,0,0,Other
UgwzFHZp4uIpx_I_v794AaABAg,@TheActualFrozenCactus,Dude fuck them we the new celebrities,2025-01-29T17:57:39Z,0,0,en
UgyRs2FWfCWuJqmxb894AaABAg,@ashley3k,"HAYDUR NATION 9
ALR 0",2025-01-29T17:57:34Z,0,0,Other
UgxotzNjzaA1BGugGuR4AaABAg,@gamersonly2866,"Stop letting mary pick these topics😂, kinda boring",2025-01-29T17:57:17Z,0,0,en
UgzqUd7GwU4hdg7Qs6t4AaABAg,@TheActualFrozenCactus,"JD Vance president 

TheFrozenCactus overlord of the Illuminati not because I joined but conquered 

Bonnie Tyler song me

He says this problems solved they argue about nonsense",2025-01-29T17:56:59Z,0,0,en
Ugx8TNxPKueiOVdIHed4AaABAg,@BlackCoffee4Me,"Um, once you have 10m, THEN Mary will bless you with her presence.",2025-01-29T17:56:57Z,0,0,en
Ugw93NGu-6CuCySqHE14AaABAg,@fairysensitive1,"Dane doesn’t not seem not one bit interested in this topic . Why couldn’t Mary just take his seat for this content. 
It’s obvious a “Mary topic”",2025-01-29T17:56:45Z,0,0,en
Ugwqb7feQuzxNvdCtGx4AaABAg,@freshNfrooty515,"😭 poor Mary! Let's get this lady a chair , y'all! ❤😂",2025-01-29T17:56:26Z,3,0,en
Ugz513y4H-mS5ooO82N4AaABAg,@TheActualFrozenCactus,Just tell the dumbass to call it,2025-01-29T17:56:10Z,0,0,en
UgxJnfEL-1oySGIFuDl4AaABAg,@TheActualFrozenCactus,This is on him only independent in government,2025-01-29T17:56:01Z,0,0,en
UgxAgPS9UL8e9PH-ANJ4AaABAg,@soundofmusic8838,I’m so excited this is happening I was waiting for this moment,2025-01-29T17:55:56Z,0,0,en
Ugxaqz-agjWeWTrR-it4AaABAg,@ValyeriasCorner,Yay!! Mrs. Bellum is back! *Can Mary get a raccoon suit? so we can all eat up this trash?? 🤣,2025-01-29T17:55:50Z,0,0,en
Ugw8anw-ebhkLpXckQR4AaABAg,@kimsparks608,"In her defense she can’t find any of her bones, they’re all too well padded.",2025-01-29T17:55:49Z,0,0,en
UgxUpZyhaItPwUyyxod4AaABAg,@Trash432,"Chris Hansen yeah go on an have a seat!!!
Wife naw you stand!!!",2025-01-29T17:55:37Z,0,0,en
Ugy7MieHS0FHpg8YnvN4AaABAg,@TheActualFrozenCactus,They are arguing about nonsense stupid governomwnt,2025-01-29T17:55:36Z,0,0,en
UgwLFRTZ3mqQ1SonEht4AaABAg,@jonathancarlson6127,Mary will lose her accent completely before they get 10M subs.,2025-01-29T17:55:36Z,0,0,en
UgwoG3AXs6C680b3cDh4AaABAg,@TheActualFrozenCactus,They are arguing about nonsense,2025-01-29T17:55:28Z,0,0,en
UgwhaekTB3qe4h5p8yN4AaABAg,@99PowerNation99,I love hearing Mary’s voice she should do more narrations. Also I honestly don’t know why Amberlynn is still around on the internet I thought she like stopped being on YouTube specifically and she always plays the victim I never liked her.,2025-01-29T17:55:18Z,5,0,en
Ugw2hN6EBfDhwQyAxHN4AaABAg,@TheActualFrozenCactus,Cactus hates that,2025-01-29T17:55:12Z,0,0,en
Ugx9K1wJb-huwdr-idR4AaABAg,@TheActualFrozenCactus,Ooooo talkin about me and being a shit not using my name huh,2025-01-29T17:55:05Z,0,0,en
UgzIHwbXFdKZavlfRyl4AaABAg,@TheActualFrozenCactus,This doesn’t make sense cuz no one covers me,2025-01-29T17:54:50Z,0,0,Other
UgxXfzCbQLZXMtNOLmV4AaABAg,@ElAmeriah,Mary should read for audible button —>,2025-01-29T17:54:44Z,20,0,en
Ugx3gf4e2EdArBbLE8Z4AaABAg,@OwGash,Marry is still hella hawt,2025-01-29T17:54:36Z,0,0,en
UgzUdPt2JKSXGJkwEBp4AaABAg,@TheActualFrozenCactus,Yah I just sued both at once 🤣🤣🤣🤣,2025-01-29T17:54:33Z,0,0,en
UgwdmAZ8IGoJcqM6GOR4AaABAg,@melxo4239,"Mary's got a nice neck
..area..? 😂 i want to give her a compliment but I'm used to someone giving me a face first and not just a body, I feel like I'm objectifying her and all I wanna do is give her a compliment.

Ok Mary youre sexy there I said it. Nice pants. 😅😘",2025-01-29T17:54:21Z,0,0,en
Ugy14ls2e_KWTqq-9154AaABAg,@shestolemythunder,"Ooookay, who gave Amber Reid everyone's favourite flavour, hateraid???",2025-01-29T17:54:05Z,0,0,en
Ugxi-kuZxmIPL5HmRQ54AaABAg,@TheActualFrozenCactus,"Ooooo they never saw me at the lowest rank didn’t show my secret identity until


Federal laws

State laws broken


My nation is lawsuit lol",2025-01-29T17:53:53Z,0,0,en
UgwCNgbfrsl0dq1X7lJ4AaABAg,@The_Enabled_Disabled,"You're telling me, this happened on my b-day, AND I MISSED IT!?",2025-01-29T17:53:41Z,0,0,en
UgyXVwFXmYlQgICuORB4AaABAg,@elad_sefarad,I think marry is absolutely fine just the way it is 😂,2025-01-29T17:53:26Z,0,0,en
UgxEeSQ-PptxlOyd1tR4AaABAg,@MommaSkelly,"Ken - ""Am i toxic?""
I was expecting Mary to say ""depends on what you ate"" xD but no, she's too wholesome for that low brow comedy ♥ lol.


As for the content on Amberlynn ... my tiny violin is in the repair shop but ... yeah ... **shrugs**",2025-01-29T17:53:18Z,0,0,en
UgzY5Y0E98gmlw-LgWF4AaABAg,@CL-lx2pm,I keep forgetting Ken is tuned into gorl world and I get excited every time I see these videos pop up,2025-01-29T17:53:13Z,43,0,en
UgwdK_nXYx-5h2u0TAd4AaABAg,@sarahpalmer8789,you used to say she could have a chair at 5 million!!! Will she ever get a chair?!?!,2025-01-29T17:53:07Z,0,0,en
Ugwky0n1QuMKhxfRn3x4AaABAg,@jenniferwebb4628,Will Mary watch the Ex-Rsw large hugger and give. Finally 😅😅,2025-01-29T17:53:04Z,0,0,en
UgwnKo1m7sfJX786YSx4AaABAg,@TheActualFrozenCactus,I’m telling you I have the worst one I want to see if he can fuesss,2025-01-29T17:52:45Z,0,0,en
Ugx6h10gAzOHIzmA1S54AaABAg,@TheActualFrozenCactus,Chris Hanson doesn’t believe me meh another network,2025-01-29T17:52:26Z,0,0,en
Ugz3PeE8Ek_BJbQUdm54AaABAg,@TheActualFrozenCactus,There’s cause for him not harming I believe every word he ever said,2025-01-29T17:52:09Z,0,0,en
UgyYL2UG5pQsmQ6MjA14AaABAg,@pbrock669,Get Mary a chair smh. Geesh,2025-01-29T17:52:09Z,0,0,en
UgyVWy-hcWGni7ljh5V4AaABAg,@saraharo8347,Mary!!!!,2025-01-29T17:51:49Z,0,0,en
UgzIOv_p7lBYK50otBZ4AaABAg,@TheActualFrozenCactus,Fully defend his innicn your pizza one wrong completely do another with a POV of this what’s the documents huh,2025-01-29T17:51:49Z,0,0,en
UgxqdAwZlj0LUxUwvjZ4AaABAg,@TheActualFrozenCactus,Yah meek bitch that guy went through hell master of puppets doesn’t die there,2025-01-29T17:51:16Z,0,0,en
Ugz2gNO0wPfyXysMpMl4AaABAg,@cobaltprime9467,We need to send Mary a chair.,2025-01-29T17:51:04Z,0,0,en
Ugx1gEnbHrZfF32d_hZ4AaABAg,@madelame_,emily knew everything about amberlynn before getting with her and she had the option to not put it online. she doesnt deserve sympathy,2025-01-29T17:51:03Z,0,0,en
UgxFKXOo0J_dMd_wyPV4AaABAg,@kimberlymontoya27,"It's just weird having Mary standing up, Chris Hanson had a chair!",2025-01-29T17:50:56Z,0,0,en
UgzStUxOW1fHb0569ud4AaABAg,@johnconer5114,Mary doesn't need a chair. She needs her own show! THAT is how you get to 10 mill.,2025-01-29T17:50:39Z,5,0,en
UgwShYIQLrOHJCKeMLl4AaABAg,@hayleycolton,I need Mary to go down the Ash Trevino rabbit hole,2025-01-29T17:50:39Z,0,0,en
Ugyiv2BL_jS6tkIWIp14AaABAg,@TheActualFrozenCactus,Chris needs to pardon him to him to the world man only terms I have,2025-01-29T17:50:34Z,0,0,en
UgypewZSRuvKRW3fS_J4AaABAg,@Nannerchan,Amber is a phony.,2025-01-29T17:50:21Z,0,0,en
UgyGBiTfL2GAMi9y44J4AaABAg,@TheActualFrozenCactus,No one else just him,2025-01-29T17:50:01Z,0,0,Other
UgwGfnI4eRy-3XMQ_pt4AaABAg,@TheActualFrozenCactus,"I defend pizza innocent here if I had mental issues like that, I’d bring documents too totally never did that. Smart he didn’t harm her if no Chris I belive him",2025-01-29T17:49:45Z,0,0,en
UgxM66kffNwvCkOKZWh4AaABAg,@HeyItsMeChelseyOnYouTube,Thank you Mary. 🙏,2025-01-29T17:49:38Z,2,0,en
Ugwrmm8C_i1g1mqTe914AaABAg,@meisblonde,I WAS WAITING FOR THIS!!,2025-01-29T17:49:25Z,0,0,Other
Ugxbc2lCv8gRS-shqp14AaABAg,@soadfreak89,Damn you guys look like distinguish gentleman. 🧐 sitting there listening to Ms. Mary,2025-01-29T17:49:19Z,0,0,en
UgzL2ZnX7zN7E9gBVZl4AaABAg,@HC_MK92,What I can't believe is that AmberLynn was centered between Team Toasty and Mary was relegated to just a side Toasty. Sadness,2025-01-29T17:49:09Z,0,0,en
UgyeIec7vUudxSACXPd4AaABAg,@lexynape5573,The way Ken looks at Mary❤,2025-01-29T17:49:04Z,3,0,en
UgwPwouyTic1400j7cZ4AaABAg,@TheActualFrozenCactus,True blue but only with my pardon. That man isn’t guilty,2025-01-29T17:48:59Z,0,0,en
UgwMidVd_ZWpUFaINVp4AaABAg,@noeldeleon2933,Give Mary a green screen with the weather in the back. And just make like a news channel lol,2025-01-29T17:48:34Z,124,0,en
Ugwc82eVNWnY1T9g9AN4AaABAg,@mme_juggernaut,Wondering why it is that Mary doesn't show her face,2025-01-29T17:48:25Z,0,0,en
Ugw4V1caJyvxKlJBLcJ4AaABAg,@TheActualFrozenCactus,2 people dreaming of it and oooo Hanson here Welllll it’s not gonna happen forever you are 3 team 🤣🕊️,2025-01-29T17:48:23Z,0,0,en
Ugze8fTyaV4B2LMlZrV4AaABAg,@lizziec4408,Oh I love when you talk about ALR lol,2025-01-29T17:48:00Z,0,0,en
Ugwevyo-14K6XMNKTkN4AaABAg,@TheActualFrozenCactus,At least in my path,2025-01-29T17:47:54Z,0,0,en
UgyJtq5ldGai7Q0gZNd4AaABAg,@missapeeps3771,"Idk how true it is, but apparently, she only had 20 people show up for her members only live last night 😂",2025-01-29T17:47:41Z,25,3,en
UgynIdNnoORHXzK-Uad4AaABAg,@TheActualFrozenCactus,All them in the real game lolz😊,2025-01-29T17:47:41Z,0,0,en
UgzGS9msF329cVjZ_aR4AaABAg,@dirtywyvern2991,Can't believe ALR dropped 'I'm just a girl' unironically.,2025-01-29T17:47:20Z,0,0,en
Ugzyq7vBYbY8PRn-8DR4AaABAg,@timeandspace6951,"I'm so glad Mary has the same horrible hyperfixation as me. 

It brings me so much joy to see others reacting to the absolute chaos that gorlworld is. 😭",2025-01-29T17:47:20Z,0,0,en
UgxCa1QUaiZ_1aia3T94AaABAg,@TheActualFrozenCactus,Your show kept me stable man trying to tell you that,2025-01-29T17:47:17Z,0,0,en
UgylUeB6LnAasNTXHGd4AaABAg,@ChEEsNo,I enjoyed this part of entertainment,2025-01-29T17:47:10Z,0,0,en
Ugy8YrM2nKKvJKLmb1J4AaABAg,@TheActualFrozenCactus,10M now lol cactus always watching your videos man,2025-01-29T17:46:58Z,0,0,en
Ugx4zsy1XMqBUTQaYlN4AaABAg,@kaitlync4786,This is reminding me of me trying to teach my boyfriend how to properly gossip 😂,2025-01-29T17:46:32Z,54,0,en
Ugx0ajuE61CBqq9nV1p4AaABAg,@SamanthaMRS.Savage,I love Mary ❤,2025-01-29T17:46:29Z,1,0,en
UgzAmG_pvcsXB4MryAp4AaABAg,@UncleBabyBilli,Goal 10mil subscribers? Brother I was surprised to see you with 4 I mean no offense but come on,2025-01-29T17:46:24Z,0,0,en
UgzsCyZZitkc47OIO1J4AaABAg,@janetcallanan7020,YAY Ken and Buff back together and Mary gracing us with her presence 😊 BTW Mary it's not my fault you don't have a chair,2025-01-29T17:46:22Z,0,0,en
UgxrmMOt2MQiaRAiov54AaABAg,@Bacon_Pancakes,I kinda like cartoon network Mary it's a funny gimmick. It doesn't HAVE to be bad lol.,2025-01-29T17:45:50Z,0,0,en
UgyVgfv6XE6kJ6Ymydd4AaABAg,@voidgalaxy3605,"Nah because the way that Mary went back and corrected herself when she misgendered her friend(?) and made explicitly clear they’re nonbinary, as a nonbinary person thank you, this is support and makes us feel loved. Appreciate you Mary!",2025-01-29T17:45:43Z,0,0,en
UgzK2VqBjZQO_8ebsnN4AaABAg,@rebecared2649,Did you call me big big. Lol get her big mad!!! Let go!! Interview Becky please 🙏🏻,2025-01-29T17:45:26Z,0,0,en
UgyRMu5JCnbfHY3oYtB4AaABAg,@MSANTHR0P3,"Um, no, Kermit is Amberlynn's #1 fan",2025-01-29T17:44:54Z,0,0,en
Ugx4uDrfFyETAa8z5-54AaABAg,@eminoodle21,We’re giving her too much credit Ken 😭 I don’t think Amber is smart enough for some of this to be intentional lol,2025-01-29T17:44:14Z,0,1,en
UgwPb6RGpkNq6by7tkB4AaABAg,@Memento_Mori_x_x,I love when Mary comes in to tell us about Gorl World ❤,2025-01-29T17:44:11Z,11,0,en
Ugw7e35pq4OvnLAvYr94AaABAg,@rebecared2649,Interview with Becky would be awesome. Hella watch,2025-01-29T17:43:30Z,5,0,en
UgwfE0ag_NGUthnS_dp4AaABAg,@deathproof8732,"Mary the Australian 
Upgraded to American Mary the milf",2025-01-29T17:43:10Z,0,0,en
Ugwt3ix1v70l3ZgrgiZ4AaABAg,@oreganotv1446,i bet the cam is gonna be of mary standing :D,2025-01-29T17:42:58Z,0,0,en
UgzP5KGq0q1lxhCaTbt4AaABAg,@bloodrecuted,"If you can't stand the heat, get out of the kitchen. It should be a rule-of-thumb to be mentally prepared to deal with internet-culture if you choose to post anything online.",2025-01-29T17:42:37Z,0,0,en
UgxQmbTwu8kR9Yg5axx4AaABAg,@gizm0,I’m sorry for disrespecting you Ken and Mary but GYAAAATT DAMN! 0:36,2025-01-29T17:42:29Z,0,0,en
Ugy29U4eDmJfRYl9QtJ4AaABAg,@Gr8fultobealive,Or vagina,2025-01-29T17:42:16Z,0,1,Other
UgydO0pppntSlX8thPt4AaABAg,@carissagrubbs3841,mary came in like a 90s cartoon adult no one can now her face ever!!!,2025-01-29T17:42:12Z,16,0,en
Ugwh6XqHdCTZzGktfXp4AaABAg,@veronchad7756,Yayyyyy! Mary!!! ❤,2025-01-29T17:42:09Z,0,0,Other
UgzQshmdcswZL8a9gSl4AaABAg,@Gr8fultobealive,Penis,2025-01-29T17:42:06Z,0,0,Other
Ugy9IVmDC8Puk08WY3F4AaABAg,@Paintslashgaming,oh hey this makes me feel better knowing you're 39,2025-01-29T17:42:01Z,0,0,en
Ugx0OtH92o39rAgAfQJ4AaABAg,@CelticLulu,"I’m here within an hr!!! That’s dangerously early. Hi Mary!!!
Guys sub to the channel!!!😊
Mary needs a chair!!!
0:20 do not do that again. You sounded like that Dick Fuentes guy. 😂",2025-01-29T17:42:01Z,0,0,en
Ugye9ms5ZrfvCjvCIv94AaABAg,@shortpettite,O.o Ken is only 3 yrs older than me...I'm getting old lol EDIT: I mean she might have a point if a person puts out her paid content for free. Other example I can think of is people who pay for official manga and post it to the websites you can read for free.,2025-01-29T17:41:13Z,0,0,en
UgykTP11kw547JKOuBF4AaABAg,@ferrankee,Before it was 5 million subscribers for Mary. Now you’re saying 10. Justice for Mary!! 😂,2025-01-29T17:41:08Z,1436,18,en
Ugx0TmXM7O_Y98CLdHB4AaABAg,@thewoolverine4420,Mary is in shape! You go girl,2025-01-29T17:41:05Z,0,0,en
UgwG3zossPQhWtSJGYd4AaABAg,@that_tall_guy_,Ken can't talk about being a YouTuber who came from being poor he has self admitted his family owns a construction co me pant and his dad built him a free house when he was younger.,2025-01-29T17:40:54Z,0,0,en
Ugzi1Za-rugu4Ksevn14AaABAg,@SpysWithAttitude12,"I still say you need to get a barstool for Mary, so she can sit but her face will still be out of frame.",2025-01-29T17:39:55Z,112,3,en
UgyxWCaHKZZwqPRNCyh4AaABAg,@Toxic_Waste92,I swear I’ve never seen Mary’s face lol. She’s just a headless entity 😂,2025-01-29T17:39:36Z,5,1,en
UgzEVBarka5_wzbx7w54AaABAg,@linger6666,I appreciate Mary so much for keeping you up to date with all the latest gossip and gorl world,2025-01-29T17:39:31Z,70,0,en
Ugy2PMuYcJibLHAK2RB4AaABAg,@aminamm3103,I love the episodes with Mary giving y'all the tea,2025-01-29T17:39:31Z,19,0,en
UgxwzsLq0tYn_qlc5xh4AaABAg,@mysteriic,I love Mary's voice so much,2025-01-29T17:39:21Z,4,0,en
Ugwu_xUYMe4UqSJ5zD14AaABAg,@Potatoypotato,"Zach said ""have the day you deserve"" and then she did! Iconic",2025-01-29T17:39:05Z,93,3,en
UgxKhFzJfI6JVGe8J3F4AaABAg,@ImperatorSomnium,What?,2025-01-29T17:39:04Z,0,0,en
UgyvjSZxU7PD30MMzXZ4AaABAg,@LuizBarrosPoa,"In the name of the I.P.A. (Internet Perverts Association), Mary in this shot, showing the best parts, is just...nice. 🧐",2025-01-29T17:39:03Z,1,0,en
UgxBdgLOWG-G93_nm0t4AaABAg,@yotuba9493,MARYYYYYY,2025-01-29T17:39:03Z,0,0,Other
UgySqvNYl3WDiUzYh9l4AaABAg,@Darkshade_01,I will always love this channel ❤,2025-01-29T17:38:41Z,3,0,en
UgyvZJQB0s_IwRB3Xdt4AaABAg,@Potatoypotato,You guys are on it. Was hoping you would cover this,2025-01-29T17:38:30Z,6,0,en
UgwikjXM9XD2CpAy61J4AaABAg,@rimaraghad,oh no! anyway...,2025-01-29T17:38:23Z,1,0,Other
Ugz2-PQ6aYRu4Q6ruEt4AaABAg,@stefaniashefer3096,Getting Ms. Bellum from Powerpuff girls vibe from Mary :'D,2025-01-29T17:38:10Z,1,0,en
UgxgCoBYRFCeVOBHtTN4AaABAg,@SaucyEL,love mary’s hybrid accent and APPRECIATE HER !!! because I could not emotionally handle keeping up with amber lynn myself. mary is on the front lines so we get the info lol,2025-01-29T17:37:53Z,101,3,en
UgwB6RU1kLlKR8f-yzx4AaABAg,@brighteyes962,"I’m just a girl, sitting on a couch, asking you.. to feed me.",2025-01-29T17:37:42Z,1,0,en
UgzIovDlny8rE3tXAj54AaABAg,@shina1399,Crazy theory: Mary is the owner of a big Amberlynn Reid reaction channel like Apathetic Faxx or Bottle,2025-01-29T17:37:29Z,0,1,en
UgxAENrCZQpaVN1LO-94AaABAg,@JamesDittoOG,"Ken, I'm going to help you with the Ego issue.  Ok, here we go....  ""YOU SUCK!!!!  HOW DARE YOU BE TOXIC TO MARY!!!  HOW DARE YOU USE DANE FOR VIEWS!!!""  Oh, it hurts...  But it's for your own good.",2025-01-29T17:37:08Z,1,1,en
Ugxui0l5ooeup6sVIUx4AaABAg,@allisonnicolemouser,I've never been this early. ,2025-01-29T17:37:06Z,56,0,en
Ugzs8BZviFiCd8i3Rnh4AaABAg,@HippieFlip818,"WILLOW!!!
I LOVE that movie. George Lucas‘s second masterpiece. 👌",2025-01-29T17:36:55Z,1,0,en
UgwmL1u43foROQjgpnV4AaABAg,@XHalestorm99x,Very happy for you guys to be able to see family and friends.,2025-01-29T17:36:34Z,8,0,en
UgyqymQ_7Bj_eF_stYJ4AaABAg,@theresamdugan4928,I'm so glad you guys popped up on my feed. You both Crack me up while getting all the info out.,2025-01-29T17:36:15Z,6,0,en
Ugw0O8mdPYUly-Y4JxB4AaABAg,@MSANTHR0P3,"Some of us are speculating it's because Amber was following a pedo on instagram. Emily has a child. Amber claimed she was following that account by ""accident""",2025-01-29T17:35:40Z,29,4,en
UgxxM5ak6SgQOm8KmUB4AaABAg,@everfresh1215,Got her standing like a parent from a old cartoon,2025-01-29T17:34:17Z,14,1,en
UgwwDqkkHrIQTRF2khJ4AaABAg,@Ravenshadow169,I refuse to believe that Ken and buff have legs and mary have a face.,2025-01-29T17:33:50Z,6,0,en
UgzSm1RhTagBfEL25xB4AaABAg,@brinnforthewinn,Our headless Queen is back! 😍🤩 “WE LOVE YOU MARY” we all shout in unison,2025-01-29T17:33:41Z,117,2,en
Ugzja3Z_IqtvkdssDYJ4AaABAg,@BritClippy,"Mary, are you the voice of sexy speaker?

EDIT: Realised I probably needed more context @dankpods on YT

Also: clearly emily is a feeder, with the multiple names, non binary aesthetic, and choice in women, she clearly has a deep sense of self loathing or insecurity. she probably finds it attractive to be around someone who she can finally perceive as lower and less in control than her.",2025-01-29T17:32:52Z,0,0,en
Ugz3K6nBn1cNEEEo6Ed4AaABAg,@SimmyKenz,I love Mary,2025-01-29T17:32:35Z,0,0,en
UgxWQCVA2ZibnZTKHA14AaABAg,@Shin_Alchemist,"Poor Mary was probably standing the entire flight back to Mississippi, because they don't have 10 million subs",2025-01-29T17:32:26Z,4919,18,en
UgxX6D_CpYWIrmB6zJV4AaABAg,@suva707,"How does this Amber chick have ""fans"". I literally would never know who she is if I didnt watch these videos!",2025-01-29T17:31:55Z,2,0,en
Ugx-RUylnP0erMbniax4AaABAg,@SkyeFergus,Wow... Amberlynn sucks,2025-01-29T17:31:54Z,0,0,en
UgwAv4omfeHCsydTX654AaABAg,@NatePossibilities,"Oh my sweet baby christ, somebody doesn't understand gender or the internet or the law.

Here's how it works:

When you date or are a public figure, you open yourself up to commentary which under the law a normal person could consider harassment, but the more famous you are, the more commentary you open yourself up to.

Sooooo...you should expect people to investigste you and harass you to the very limits of the law, which they have, but not beyond.


Sooooo...kind of go fuck yourself Emily Willow-Oak.

For a lesbian, you've had a lot of wood inside you.",2025-01-29T17:31:34Z,0,0,en
Ugy-zdYt_G6zWzkJ52p4AaABAg,@chrisf4473,Yay! Ken finally wished me a Happy Birthday on my actual birthday! 😁 Love your videos!,2025-01-29T17:31:31Z,47,8,en
UgyX60N7lOYiQ3RPhHZ4AaABAg,@lizamccracking5621,"We love you, Mary! ❤ hopefully one day you will be able to sit, you must be exhausted 😆",2025-01-29T17:31:24Z,0,0,en
UgxhzZgfozDcBPYmK514AaABAg,@julianab2,The emojis and additional videos were top tier,2025-01-29T17:31:17Z,0,0,en
Ugwbi21oW9Q5dtnFyuh4AaABAg,@ChannelStowyn,I want someone to look and talk to me the way Ken and Buff do to Mary. Queen 👑,2025-01-29T17:31:02Z,10,0,en
Ugzb9tt2dfl-pmcUfZ14AaABAg,@Aloysius_OHare,Mary can never sit down. It is how we know it is MARY. She is our Ms Secretary.,2025-01-29T17:30:44Z,15,0,en
UgxxiLYMARQY6wuAJMZ4AaABAg,@TheNero97,"Honestly, Mary getting the Miss Bellum treatment is kinda canon now. It'll be strange once it changes",2025-01-29T17:30:17Z,1796,6,en
UgxzbcWmuMArTcCRyDJ4AaABAg,@eggnogalcoholic,I personally think she’s using the breakup to coverup her recent grooming/predatory allegations that have a LOT of merit 😅,2025-01-29T17:29:59Z,444,24,en
UgxNphFPICa-LSg0R594AaABAg,@cassiehartford8997,"I have a sneaking suspicion that Ken forces Mary to stand in the corner of the bedroom at night to sleep like a horse - Poor Mary, living the ""trad life""  or whatever...LOL 😅",2025-01-29T17:29:56Z,0,0,en
UgysvWiMu2a_h0rYwyp4AaABAg,@MaegannRussell,"""I think....the difference..."" Don't worry Ken, we all know what you wanna say XD",2025-01-29T17:29:12Z,0,0,en
UgzgBcpG33IrTZinQO94AaABAg,@afriendorfoe,"Seeing Ken, Buff, and Mary in person is awesome!!!!!",2025-01-29T17:29:06Z,20,0,en
UgzuneE0l_V46Gg2OWF4AaABAg,@Paintslashgaming,WOW MARY LOOKING INCREDIBLE - like you've never had any kids lol,2025-01-29T17:29:05Z,0,0,Other
UgweS2Sa39AOOot30kJ4AaABAg,@Aznonastick,Mary should start her own asmr channel her voice is so soothing,2025-01-29T17:28:21Z,0,0,en
UgwFzz8OugRXaVjYKAR4AaABAg,@itsemilyh,"Chris gets a chair, but not Mary! 😂",2025-01-29T17:28:04Z,18,0,en
UgxW5davR7FXUiVX8254AaABAg,@babybluecheeks,Mary's hair looks so pretty.,2025-01-29T17:27:17Z,1,0,en
UgwALQq3ZI3odaeMj1l4AaABAg,@Vitrious-pie,"The cartoons like Peanuts, Fairy Odd Parents, Powerpuff Girls with era of when they never really see the faces just body, everything else is out of frame. That's Mary, Mary is now a potentially OP cartoon character.",2025-01-29T17:26:42Z,1,0,en
UgxyfGOxZN2Wmkqmoyp4AaABAg,@misscristina255,I like Mary not having a chair 😂😂 it reminds me of the old cartoons where the ADULTS would only be shoulders down ❤❤,2025-01-29T17:26:25Z,29,0,en
Ugw-A863d1ZWqGTiFCl4AaABAg,@SuXiiColdHand,"KEN NO, YOU DONT KNOW WHAT YOURE DOING!!! LEAVE AMBER NOW, YOU BRING VIEWS SHE DOESNT DESERVE!!",2025-01-29T17:26:23Z,2,0,Other
UgxmFixV2EHb-zefWFZ4AaABAg,@nonenone4862,Loving Mary's Ms. Bellum era,2025-01-29T17:26:21Z,1,0,en
Ugy-ExAJAEHRqEyhwVh4AaABAg,@DullyDust,"Love the new setup and I love you guys being able to be in the same space again, but I keep getting gaslit from the brighter light on you vs the soft light on the background into suspecting it must be green screen 😂",2025-01-29T17:26:19Z,2,0,en
Ugy3vmMc6V46vpGM3uh4AaABAg,@lauraellerman9443,7:06 … double beard stroke while pondering “how did we become a honorary reporter on gorlworld?”,2025-01-29T17:26:12Z,82,0,en
UgwCW2yAEQJHNisqkXp4AaABAg,@rhaimusg5785,5 years from now the whole chair thing gets taken out of context in a expose about Ken.,2025-01-29T17:25:58Z,7,0,en
UgziBW4Y0M5w877qwZB4AaABAg,@daisychainsreads,"Another GorlWorld video with Mary, I'm so excited!!",2025-01-29T17:25:45Z,6,0,en
UgwDBXLvWtwXtnleyax4AaABAg,@roxanap314,I'm grateful for every 1/3 of Mary we get.,2025-01-29T17:25:40Z,2,0,en
UgybecHRiSodoD4fyPN4AaABAg,@poppy64662,"😂😂😂the intro the passion in kens face we need to get the grandma's on YouTube and get the to subscribe, mary brings all the info and brougt wonderful life into the world and still no chair😂 if anyone deserves it, its mary 😂. Another great video from the legends it good to see you both so happy filming in the same room🎉",2025-01-29T17:25:40Z,1,0,en
UgzGeT6NBKFh-gi6P814AaABAg,@NatePossibilities,"Tell ya kids, tell ya wife.",2025-01-29T17:25:26Z,0,0,Other
UgwWn916QmaUtB3TOLV4AaABAg,@Kangamoos,"Mary keeps me updated on gorl world and I appreciate her, even if she has to stand!",2025-01-29T17:25:09Z,5,0,en
UgwCdXo0SINd9dLap9p4AaABAg,@msthecommentator2863,"Damn, Ken! You didn't tell us you married Ms. Bellum! What a bombshell 😍",2025-01-29T17:24:45Z,3,0,en
UgydDOxvq6K4NhN2czZ4AaABAg,@hibba4855,I still find it so surreal that they are both in person!!!!! this channel deserves to blow up 😭😭,2025-01-29T17:24:16Z,15,0,en
UgwsyQMLGBFbFQ6S5Ot4AaABAg,@Tatiana-dp1rg,You guys should get Amberlynn on your channel 😌,2025-01-29T17:24:01Z,0,0,en
UgxDorrs9US2EAfWYV14AaABAg,@keeleyduke9494,Mary has a really good speaking voice. She should do voice over work,2025-01-29T17:23:25Z,22,0,en
Ugy7C4GfzUcfD_sXBEh4AaABAg,@tortiz98,“ hello guys I’m CinnamonToastKen and this is Miss Bellum..” ❤,2025-01-29T17:23:17Z,58,0,en
Ugyv7GbA50uZNBqMZ0h4AaABAg,@michaelwardle7633,I’d be just as weirded out if it was a dude who was consistently cruising for anorexic/bulemic women who ended up dying because they were so emaciated.,2025-01-29T17:23:17Z,1,1,en
Ugzrn_LCEeLiUJeMHvB4AaABAg,@piggywiggie3922,Mary's gorlworld updates are the best. 🎉,2025-01-29T17:23:03Z,5,0,en
UgxBaBlKO0QC1Ideh1N4AaABAg,@Totalchatter,Its awesome seeing buff an Ken sitting side by side ..dynamic duo,2025-01-29T17:22:40Z,115,4,en
Ugw5TMCTiYA3RA72f0F4AaABAg,@robbiebrown4533,Kinda sad to see that she keeps getting attention from it too tbh,2025-01-29T17:22:29Z,0,0,en
Ugwadww40k9veXBmG8x4AaABAg,@bripawlsk4767,That ad was so incredibly funny LMAO,2025-01-29T17:21:53Z,1,1,en
Ugwtzfi3UE1BbU2hbpx4AaABAg,@jaguwa4816,"Why does mary say some words in an American accent, but then the rest sounds Australian? 🤣",2025-01-29T17:21:48Z,0,0,en
UgxDZmVV_qFbtyBgIwt4AaABAg,@Yet-another-lisa,"Hey Mary, thanks for caving in and letting Ken move back to the United States❤",2025-01-29T17:21:43Z,0,0,en
UgyZ0Uhl-XUJKP3Z5JB4AaABAg,@RavenxElise,Shout out GORL WORLD! Id like to thank Oh lordy its Jordy and ofc The ankle ✨,2025-01-29T17:21:39Z,27,2,en
UgzBJOUfo-0Ilpqw8G54AaABAg,@notsostellar,MARYYYY!!!! 🎉,2025-01-29T17:21:33Z,1,0,Other
UgwWl-9aqVZXEOqwwSB4AaABAg,@cleverlilminx,"I had to sub, Mary needs her own chair finally!",2025-01-29T17:20:53Z,1,0,en
UgyBsTn6rzl6vsEQOht4AaABAg,@wjcolby,Was Amberlynn not choking on he food fast enough?,2025-01-29T17:20:51Z,0,0,en
Ugx1a_Jdukx147yTBSF4AaABAg,@RaRa-dz1tj,I like how Merry his similar to Ms. Bellum from the PowerPuff Girls,2025-01-29T17:20:33Z,1,0,en
UgwIWcpOxqWm4m1b3GF4AaABAg,@dill366,Mary cam at 5 ml Mary chair at 10 ml,2025-01-29T17:20:24Z,5,0,cy
UgzyZml2r6UUj8HJRzt4AaABAg,@emcxhe9957,Early,2025-01-29T17:20:23Z,0,0,en
Ugz0l_L-fa9w7xB66WF4AaABAg,@JamesDittoOG,What about a workout ball?  Can Mary have a workout ball in lieu of chair?,2025-01-29T17:20:09Z,1,1,en
Ugy7neJOZzDfydQl7wp4AaABAg,@joosts145,Dont blame me for not giving Mary a chair... ive been subscribed for years now dangit!,2025-01-29T17:19:53Z,208,0,en
Ugzt0HpzTyP5-p4s4Nd4AaABAg,@jeffreyqimiriqpik2025,Would you say Mary is FLOOR GANG?,2025-01-29T17:19:49Z,33,1,en
UgyfkroW3OZYrYigq794AaABAg,@Bumblebeerocks23,"3:32 Not when your ""preferences"" literally killed a person Emily. Feeder fetishes are inherently bad, the whole point of the fetish is hurting someone. Yes doxxing is bad and inappropriate but Emily, you are an actual criminal.",2025-01-29T17:19:39Z,0,0,en
UgwesR2HjeL0kvJByrJ4AaABAg,@blackredonyx,11 mins in and I didn’t realise this is a FRESH CTK vid …with Ms.Bellum (Mary) and professor Buff,2025-01-29T17:19:35Z,10,1,en
UgxKBLNDZmAGb50S5_54AaABAg,@Itsfrickinbatsbabe,I love when Ken posts while I’m rewatching his videos bc I miss them 😂,2025-01-29T17:19:34Z,0,0,en
UgywpQsBrzkmy-_v-cd4AaABAg,@Bubbabab,I love Mary’s voice,2025-01-29T17:18:45Z,0,0,en
UgxVP3q338rQmjg198t4AaABAg,@jayfranke,Hell yeah! Mary's back! Shes the main reason I i subbed tbh lol,2025-01-29T17:18:33Z,0,0,en
UgwjzQfMIi3-sEZlPFt4AaABAg,@DullyDust,"I'm tempted to unsubscribe, because I love her standing 😂❤ it's a tradition at this point",2025-01-29T17:18:28Z,1,0,en
UgyQnwbMcQgugW71lGR4AaABAg,@Hippiechick11,"Ken, be a gentleman and give her own chair!",2025-01-29T17:18:26Z,0,0,en
Ugx4OK0voTDr9JrIWpF4AaABAg,@DaBeanieBaby,Waddled here so fast I fell off the sidewalk and my ankles are dangleeeen,2025-01-29T17:18:19Z,0,1,en
UgxjBiAv-j9x5sthCIp4AaABAg,@sheddwellinghermit,Do you think she's looking for the the biggest and least healthiest for the quick inheritance income turnover?,2025-01-29T17:18:19Z,0,0,en
UgwCvEKtu9C65PLbJ0N4AaABAg,@cathare4909,That intro 😂😂😂,2025-01-29T17:18:02Z,0,0,en
UgxM9I5hqOrSQtpbKTV4AaABAg,@Freegrem,one of these times you have to get merry (idk how its spelled) a suit to match the power puff girls lady,2025-01-29T17:17:57Z,4,0,en
UgyWzg2QDUIcaMRZ-yN4AaABAg,@gigaOMEGA,I'm glad Trump made Ken have to work back in the office,2025-01-29T17:17:51Z,0,0,en
UgwVW7xIkrBAejcaO3Z4AaABAg,@Alternerdative,Still no chair Mary 😂,2025-01-29T17:17:34Z,0,0,en
UgwOFV_5TdHzpzfy4FZ4AaABAg,@rachellehensley,it’s good to have the gang back together!,2025-01-29T17:17:19Z,1,0,en
UgyUtJT2YRePjfRNB354AaABAg,@bobbriggs9748,No chair. You bring her back home!!!😂😂😂😂,2025-01-29T17:17:13Z,0,0,en
UgxQXraYxfdHpqJ0h814AaABAg,@alliekattlopez5535,𝐻𝑒𝑟 𝑒𝑦𝑒𝑠 𝑎𝑟𝑒𝑛'𝑡 𝑡ℎ𝑒 𝑜𝑛𝑙𝑦 𝑡ℎ𝑖𝑛𝑔 𝑜𝑛 ℎ𝑒𝑟 𝑡ℎ𝑎𝑡𝑠 𝑠𝑤𝑜𝑙𝑙𝑒𝑛. 😂,2025-01-29T17:17:09Z,0,0,Other
Ugw-lRILl6NFyUPCVC54AaABAg,@pineapplemelly9593,Good day to the best youtubers in the world!!!! Looking good y'all! Grown and sexy! Haha,2025-01-29T17:17:07Z,0,0,en
UgxOL42Kr2F0ugka32R4AaABAg,@passing4normal,Moar Mary,2025-01-29T17:16:56Z,0,0,en
UgxaOmOL5IFj1dhJ-bZ4AaABAg,@mjhouda,"Great we are back to this setup since you moved back to the US, feels like sitting with family when watching :D",2025-01-29T17:16:56Z,10,0,en
UgybxxmOE4Le4RrgcUl4AaABAg,@delleo2555,Mary sounds like the mom on bluey,2025-01-29T17:16:24Z,0,0,en
Ugz1TZdMoqxYtD8YR-N4AaABAg,@richardbooth6626,So glad your back together on the couch so to speak,2025-01-29T17:16:19Z,8,0,en
UgxiCpv8SJngjLRNq-V4AaABAg,@savannavargas5988,"respectfully, Mary’s body is giving everything. she looks absolutely incredible. now we need a chair for her so we can see her face😭😭",2025-01-29T17:16:17Z,0,0,en
UgybWy6r-AA5DJhXsRJ4AaABAg,@Vampknightzerolover,YESSSSSS❤,2025-01-29T17:16:12Z,0,0,Other
UgwHW6OP0ddqrWFi05V4AaABAg,@byronic-heroine,Didn't it start out as a weight loss video diary? Why were we hearing about her girlfriends?,2025-01-29T17:15:57Z,0,1,en
Ugw8lNky4lL_hlwKB0p4AaABAg,@irenebrooke,Yasss i was waiting for this 🎉🎉🎉 hi Mary,2025-01-29T17:15:57Z,0,0,en
UgxivaiqswWPJXZSSMl4AaABAg,@Str8Ace43,Mary needs a permanent spot on the “couch”,2025-01-29T17:15:18Z,0,0,en
UgwsZ5zApM__ujfdyal4AaABAg,@scotslassjenYT,"Youtube you took 10 mins to give me my fix of Ken and buff, and the beautiful Mary. ❤",2025-01-29T17:14:53Z,0,0,en
UgzkVTJ-vvBJ1pJcd3R4AaABAg,@concernedkay,Her viewers probably saved her life. 🤷‍♀️,2025-01-29T17:14:44Z,0,0,en
UgyGwXC6wocFGQ3fJv14AaABAg,@em_be_tired,Never been this early in ma life 😮,2025-01-29T17:14:35Z,0,0,en
UgyrhDafpG14H1LAj3J4AaABAg,@gigaOMEGA,No shirt? No shoes? No chair?  No problem!,2025-01-29T17:14:25Z,0,0,en
UgznuRLHHbMO-mTvPiB4AaABAg,@Pur1st,"She will never have a chair, never have a chair 🎶 (Aladdin melody)",2025-01-29T17:14:25Z,5,0,en
UgyxWnkGciwq_WdK2jh4AaABAg,@cjevans3640,Holy fuck I know that lake. I’m from Wisconsin 😂 amberlynn is in my state 😂,2025-01-29T17:14:25Z,0,6,en
UgyVPd8kbseOehmYTAF4AaABAg,@heckyesjess3394,13 minutes ago AND it's Gorl World?? Nice.,2025-01-29T17:14:23Z,0,0,en
UgzZXYGzbzUFssRK55V4AaABAg,@SavageMinnow,I've been waiting since last night to hear what Mary's take on this. Thank you ( and Ken & Dane) for this.,2025-01-29T17:14:14Z,4,0,en
UgyO0_I-4O7P6wJ0DNB4AaABAg,@bizh4x,"Not gonna lie, she looks like the mayors receptionist from powerful girls 😂",2025-01-29T17:13:55Z,0,0,en
UgxYANOlXgaWDK_3mLp4AaABAg,@MushieB420,Always have to click on a video about my special interest,2025-01-29T17:13:46Z,0,0,en
UgxXb0zDPBJXNrlNcxR4AaABAg,@mambutuomalley2260,MARY! 🥳❤,2025-01-29T17:13:26Z,0,0,Other
Ugy-ZF02ahnaxa7pDA14AaABAg,@xaneslater,I would love for Mary to have her own channel and it's just her standing giving us all the tea,2025-01-29T17:13:17Z,763,15,en
UgzcPoxssIXMbrb9dUx4AaABAg,@hotmessmom6871,DAMMIT GIVE HER A CHAIR ALREADY,2025-01-29T17:13:15Z,0,0,en
Ugx927NvpkquyzdL6Uh4AaABAg,@skylerlott1872,Ive been subed its not my faits everyone else's,2025-01-29T17:13:15Z,0,0,en
UgzCnlNYyi6orDmT3MV4AaABAg,@wegotrosc,"Yo, Chris Hansen interview and Amberlynn coverage in January?! Off to a great year, my friend. 😂🎉",2025-01-29T17:13:06Z,615,7,en
Ugye7vyyBzuU_L5eJGR4AaABAg,@djfrostformation,The Mayor's assistant from The Power Puff Girls is Mary,2025-01-29T17:13:01Z,0,0,en
UgwshFyqQR34fK1Ks5d4AaABAg,@RedHeadMERMAID83,"You said 5 mil for a chair you butt head! 😂😂 I feel like she’s Wilson from home improvement 😂😂

Idk why ppl care about this dumb broad 🙄 love you guys but I’m gonna pass on this video…bring back Hansen! 😂",2025-01-29T17:12:45Z,0,0,en
UgyKOmjL_bFEAif6GVF4AaABAg,@Basically.Bricks,"Was a fan of yours ken, because youre so cool im now an air conditioner; Thank-You.",2025-01-29T17:12:45Z,1,0,en
UgwvuaDNd-ccUY_n3Y14AaABAg,@Goliath_Nugget420,Here 11 minutes when it posted,2025-01-29T17:12:30Z,0,0,en
Ugx_dFB6VhadZzF7Kl54AaABAg,@danibird7269,"You know I’m pretty big let’s be honest like 300lb  and while I do love myself, I could never imagine wanting to be so big that you have trouble breathing that you have trouble walking. I was up to 450 at one point and I couldn’t breathe. I couldn’t get around everyone had to do things for me if it wasn’t for the fact that I got Covid and lost 120 pounds I’d probably still be growing but losing all that weight and breathing so much better made me realize that getting that big was a terrible idea",2025-01-29T17:11:46Z,0,0,en
UgzLe1qrrMnXJOwDkT14AaABAg,@motherpupper,I kinda like incognito Mary. The mystery and accent is fun 😄,2025-01-29T17:11:46Z,53,0,en
UgzATSATqACIhSCYjjh4AaABAg,@mainialee,I love Mary videos! ❤❤,2025-01-29T17:11:45Z,0,0,Other
UgzaZotK8qbKybigk3J4AaABAg,@Demechanize,MARY!!!! <3,2025-01-29T17:11:41Z,0,0,Other
UgzulOkY9qJaUCWjX_d4AaABAg,@moth.society,Feedee Blanchard,2025-01-29T17:11:32Z,2,0,Other
UgxS6Em_MQEbg0FKp2R4AaABAg,@contortionyx,I really want The Chair to be a really tall stool so Mary is still out of frame 😂,2025-01-29T17:11:23Z,5267,50,en
UgwW_Dkkb0XLA09ZoxN4AaABAg,@Olivia_Dreamrider,MARY! YAY!,2025-01-29T17:10:40Z,0,0,Other
Ugw-iUyp7PX6fthnIVx4AaABAg,@naaahbu111,"I'll try to use my ouija board to contact my dead family, so they can subscribe and I can finally see the queen gets the throne she deserves lmao",2025-01-29T17:10:10Z,133,8,en
UgwxuEUKM_G-lDAd3WJ4AaABAg,@kayla_may,I do kinda love Ms Bellum Mary tho,2025-01-29T17:10:07Z,0,0,en
Ugw3jlxdnA6i92FAntx4AaABAg,@fdr2747,Maryyyyyy 🤩💅👸,2025-01-29T17:09:46Z,0,0,Other
UgwRPOJkKCVGidkBA7F4AaABAg,@xanub,Marry has such good narrator/reading voice,2025-01-29T17:09:21Z,380,3,en
Ugwvy7GbFQAxu3lzhFt4AaABAg,@arinaelliott,Poor Mary😂🫶🏼,2025-01-29T17:08:58Z,0,0,en
Ugznse-jNC7By82vwDp4AaABAg,@Mollieblurr,i screenshot the beginning so i can hold the Pic under my chin when i look in the mirror and i get to join the cast,2025-01-29T17:08:47Z,0,0,en
UgyQzuILsKpY_qMuVpF4AaABAg,@Stealth86651,"If we get to 5M subs maybe Mary can get like a cane, or a handrail?",2025-01-29T17:08:44Z,0,0,en
UgxDQudcV5DJWCAROrh4AaABAg,@brycesasser6204,The silence when Mary stops talking is killing me. Y’all need some lo-fi in the background or something lol,2025-01-29T17:08:42Z,0,0,en
UgzwDqaKQrg_Q3AgTLN4AaABAg,@sadvvitch,It's my birthday today!😆✨️,2025-01-29T17:08:39Z,3,1,so
UgwqSjG2Fet2rwbNzc94AaABAg,@Spamthulhu,CTK out kicked his coverage,2025-01-29T17:08:07Z,0,0,en
UgzT_c4IcWEiNNZI7Dt4AaABAg,@maha5august,I just love these vids tbh,2025-01-29T17:08:00Z,0,0,en
UgyZW-n5fPpJB2ZTRvt4AaABAg,@rhetoricalrayne,"Screw post work chores, this is way more important. Maaarrryyyyy!!! Adore you on these, especially gorl world! Thank you!!",2025-01-29T17:07:49Z,85,3,en
UgySZDaEXqKqDi4T4k94AaABAg,@JohnnyNoOnePanic,YES IVE BEEN WAITING FOR MARYS REACTION 😂,2025-01-29T17:07:49Z,0,0,Other
UgyxIzvL0RoOvZEF0ap4AaABAg,@That1jediknight,I love how you have Mary as your Ms. Sara Bellum from PowerPuff Girls 😂 thats awesome.,2025-01-29T17:07:46Z,2,0,en
UgwFYI4i4i4w04Jnq194AaABAg,@babybluecheeks,"The feeder left because of the fact that Amber was following a pe do insta account, and also that years ago Amber was being extremely inappropriate with a 15yr old girl while Amber herself was an adult, and also that Amber is a pe do apologist which is documented.

The feeder has a child.

The feeder told a reaction channel that she broke up with Amber to protect what's most important to her, her child.

These are the facts.

Amber has also committed DV against multiple partners, has lied about being graped and SA as a child the list goes on.",2025-01-29T17:07:47Z,0,0,en
Ugw6TFL2_plnF4y7Jrd4AaABAg,@NubbyNick,I'M LOVING THE GMM VIBES RN LETS GOOOOOOO!,2025-01-29T17:07:37Z,3,0,de
UgzWPi3YWUzZKFizMIl4AaABAg,@Xoxo21a,I seen Mary in the thumbnail I’ve never been more excited,2025-01-29T17:07:21Z,17,0,en
Ugyg_hjTTIJTAvJJzsx4AaABAg,@thejoeman0123,Yay! More Mary!,2025-01-29T17:07:12Z,14,1,en
UgxGL8b9MsXUi2mqYLN4AaABAg,@brandonnuss7165,"I'm just tired of people being dumb and trying to get a embarrassing 15 mins of fame to say the least 😂

Its fun getting videos about ut tho lol!",2025-01-29T17:07:10Z,0,0,en
Ugzc0aYgQem-bXPWMX54AaABAg,@eggnogalcoholic,I obsessively watch Amberverse stuff now BECAUSE of Mary. Thank you Mary. This now takes up like 40% of my daily YouTube Watch time,2025-01-29T17:07:08Z,7,0,en
Ugzlg2m-GQNfdlAEMQZ4AaABAg,@tiffany5301,so happy seeing all three in the same room 🤍,2025-01-29T17:07:03Z,37,1,en
UgzEwe409iSuZ3KLpGp4AaABAg,@MichaelGammon21bravo,you cant be Fat and Crazy/dumb. That is a recipe for a lonely life,2025-01-29T17:06:51Z,0,0,en
UgylzSyeLpkIYlLhvVJ4AaABAg,@TitoRito151,Mary is boring ill wait till the next one,2025-01-29T17:06:49Z,0,0,en
Ugy-06eDLO32DsIcIS54AaABAg,@LoadingJay,Mary give big Miss Sara Bellum vibes,2025-01-29T17:06:48Z,0,0,en
Ugyzrv_b2xX0EXfO0x14AaABAg,@pegasus6960,Hi ken,2025-01-29T17:06:44Z,0,0,Other
Ugzl0Iwl852DE8mSLmB4AaABAg,@eggnogalcoholic,"Please tell me Ken and Buff don’t try to give Amber the benefit of the doubt again that she could change, they’re too nice 😂",2025-01-29T17:06:35Z,1,0,en
UgzcrcegqtZwiRR2QTV4AaABAg,@h0m04H0mu,"I don't believe they broke up, she's done this before. she just wants us to leave her and her feeder gf alone.",2025-01-29T17:06:33Z,150,8,en
Ugx02r9LTAXbkWb-CYh4AaABAg,@JayJayYashevski,Mary will always be my favorite person in this cast,2025-01-29T17:06:27Z,0,0,en
UgytfXV3NvWeK7UcAsx4AaABAg,@Bethlam,I couldn’t click right away on this video because I wanted to finish rewatching one of Cinnamon Toast Ken video.😂,2025-01-29T17:06:23Z,6,0,en
UgwGlB7ov89RplkIt7R4AaABAg,@jefferythibodeaux5573,Mary needs that chair!,2025-01-29T17:06:20Z,0,0,en
UgwOD7i36Yl7hwhG41F4AaABAg,@tylerhathaway7896,Chris needs to start a new show on putting husband's in their places and letting their wives have a seat 😂,2025-01-29T17:06:16Z,0,0,en
UgylVtWKoKJDRgh6DgR4AaABAg,@jasperart1357,Not Ken revisiting Gorlworld! It's been a wild ride over here,2025-01-29T17:06:13Z,0,0,en
UgycBctOjzSHPB3eT3Z4AaABAg,@Str8Ace43,"4 mins 1,000 views bro fell off",2025-01-29T17:06:11Z,0,0,en
UgzTyNHMtwLLe3YUG8F4AaABAg,@Smurferrret,Mary's hair is so long and pretty 😍,2025-01-29T17:06:09Z,13,0,en
UgzxbcZUHlsANkUQ9SB4AaABAg,@JayJayYashevski,Still no chair for Mary!,2025-01-29T17:06:02Z,0,0,en
UgxUohJm-b0xyiUpngp4AaABAg,@amandamoore1187,Yay! Mary is still standing but we know she’s the STAR ⭐️,2025-01-29T17:05:55Z,15,0,en
UgwECrv6RrQKxfnD07x4AaABAg,@sarg184,I love how Mary is presented as miss bellum from powerpuff girls,2025-01-29T17:05:51Z,0,0,en
Ugzry8pcqO5iuODiBcZ4AaABAg,@jessanne427,I can’t wait for the day that Mary has a chair 🪑 😂,2025-01-29T17:05:44Z,0,0,en
UgxcdFk1mxR-EAUWqvZ4AaABAg,@Stoney_Blu,Why is Mary Miss Bellum from the powerpuff girls?? lmao,2025-01-29T17:05:43Z,0,0,en
Ugw-1ZP6Z93TgXz3awB4AaABAg,@kjay7973,"Love your videos, been watching for years💖. So happy to see u guys side by side again🥳",2025-01-29T17:05:43Z,0,0,en
Ugx53-CmYdYNWhCRAKJ4AaABAg,@kw1257,"Omg i just found you a few weeks through TCAP, AND NOW the LOLCOW that brought into the lolcoworld with our gorl and the beast of the Middle East.",2025-01-29T17:05:21Z,0,0,en
UgzLHPxwS86FBa6QQcN4AaABAg,@thecensae,Miss bellum is back!!!! If ken is the mayor who is buff?,2025-01-29T17:05:20Z,0,0,en
UgwmoBf9IGffTZfLgaV4AaABAg,@1handdaze,Dr phil ice Chicago,2025-01-29T17:05:12Z,0,0,en
Ugz3jJpunGh5ekPXlmR4AaABAg,@ellen-ee6tc,Mary cam gonna be a pic of her torso lmao,2025-01-29T17:05:08Z,15,0,en
UgwrduQ36H_UsKMb8Dx4AaABAg,@Justinaaaaaaa,I wonder if Mary watches Mr. Snowflake or jordy for her gorl world news. Love this inception,2025-01-29T17:05:04Z,2,0,en
UgyIS7piFW5Z8ZPuidZ4AaABAg,@coreysurgenor9769,"Mary is like the Tom & Jerry owner hahaha, just out of view. making us all think our TV/Monitor ain't big enough haha. Love you guys, keep up the good work.",2025-01-29T17:04:55Z,0,0,en
Ugxjlnz3428K4Dmj4xB4AaABAg,@Stefaniemarieb,Yesss! You covered ALR. Welcome to GW ken dane and mary 😊,2025-01-29T17:04:31Z,0,0,en
UgxQtqdUPVlawN7JzQp4AaABAg,@BabbySloth,It’s so nice to see Mary in another video!! She’ll have a chair one day😭,2025-01-29T17:04:30Z,2,1,en
UgytQyU9ensWtHj4jSd4AaABAg,@moth.society,"Fed Bundy is looking for her next victim

EDIT: Also, let's not forget how predatorlynn was towards minors. Disgusting",2025-01-29T17:04:25Z,474,15,en
Ugzq1Rfmb6UVxwyiuCN4AaABAg,@desireblackheart6500,"Wow, 2 minutes ago! Yay, good day! 😁😁😁",2025-01-29T17:04:24Z,0,0,Other
UgxK_zcEQBZbJfRrG_F4AaABAg,@dino-saurus-rex2157,You covering amber is like a treat. It's how I know juicy shit is going on,2025-01-29T17:04:23Z,3,0,en
UgweXiBTMYZVTAiZ9FN4AaABAg,@wrenh5046,Gorlworld always has one week where something interesting happens surrounded by months of nothing.,2025-01-29T17:04:19Z,62,3,en
Ugw1kjv4YqPqHeN7jgF4AaABAg,@eggnogalcoholic,I am so delighted this came up in my notifications!!! I was wondering when I’d get to hear you talk about her again!!! Huge thanks to Mary for introducing all of us!,2025-01-29T17:04:05Z,35,0,en
Ugw4DdTfL9KijoVbACp4AaABAg,@dogboydom,2 mins and im still the 500th person to see this video,2025-01-29T17:03:57Z,0,0,en
Ugzj2Ue-VzW9Z-Rerat4AaABAg,@OriginalTruckerBarbie,Morning y'all. Hello to Mary specifically.😂❤,2025-01-29T17:03:54Z,11,0,en
UgxfP5eKQ_IoWLNjJ0Z4AaABAg,@domynikgarza9946,At wrk wit it 😂,2025-01-29T17:03:48Z,0,0,en
UgxlCtIf-ofzloFYeUd4AaABAg,@AlphaFemmeXtine,"OMG Ken, your eyebrow when you said Mary will never have a chair 😂😅😂😅😂😅😂",2025-01-29T17:03:45Z,409,3,en
Ugw-Kmop0ZRMGWr36DR4AaABAg,@SeksBott69,I personally take responsibility for every single one of Amberlynns woes. Stay tuned ive got big plans for 2025.,2025-01-29T17:03:43Z,0,0,en
UgzdTUdLsixZr_rfPJN4AaABAg,@Hawktuah2000,Back with the amberlynn lore continues 💀😂,2025-01-29T17:03:42Z,2,0,en
Ugw6eTkd57O_8g_NpB54AaABAg,@lanyard09,dang this is a nice looking trio! <3,2025-01-29T17:03:41Z,0,0,en
UgyAlcGjXFnZmpBYq4B4AaABAg,@brighteyes962,Bro I clicked so fast.,2025-01-29T17:03:36Z,0,0,en
Ugxqwog-CJoDVMYPnNJ4AaABAg,@eggnogalcoholic,I JOINED THE AMBERVERSE BECAUSE OF YOU!!!,2025-01-29T17:03:36Z,0,0,en
UgxkxWvxyf5Xu-ulQTp4AaABAg,@shaneiceoutlaw6837,Mary is secretly ms. Sara bellum from Powerpuff girls,2025-01-29T17:03:34Z,5302,88,en
UgzrmO9yFkSdlTBNExB4AaABAg,@TheRantiChrist,Mary Bellum and the mayor of Townsville....and.... Buff's there too.,2025-01-29T17:03:22Z,66,1,en
Ugz1UBHiGz3lYCNq5d14AaABAg,@deladee0021,LETS GOOOOOO,2025-01-29T17:03:19Z,0,0,Other
UgyiNrNVImiPpXSWZ-Z4AaABAg,@lindyloohoo,Why dont we hit 5 million first 😭 then strive for 10,2025-01-29T17:03:16Z,0,0,en
UgwJnwNZ2QoJskrNz694AaABAg,@JadenxCore,MARYYYYYY❤❤❤❤❤,2025-01-29T17:02:58Z,0,0,Other
UgzGW8dsDyuHjilIQhB4AaABAg,@LadieKatz,Still no chair for poor Mary. Lol,2025-01-29T17:02:52Z,0,0,en
UgxWDAaEyk9urHqeSJN4AaABAg,@k1tt3z98,one minute ago. ehat the flip,2025-01-29T17:02:48Z,0,0,en
UgwqN0J6zXwA1-_AAZB4AaABAg,@GatorTillman,1 minute whooo!! 🎉🎉🎉🎉,2025-01-29T17:02:37Z,0,0,en
Ugw1nLliutn5HtTNFpp4AaABAg,@ikilledaprostitute,POSTED 1 MINUTE AGO!!!,2025-01-29T17:02:37Z,0,0,Other
Ugw9fiwPc8Bn2VmKq3R4AaABAg,@danibird7269,Hi Mary!! ❤ and guys 😂,2025-01-29T17:02:34Z,3,0,en
UgzEnoQQnh1kqK_OH4x4AaABAg,@lindyloohoo,Yesssss we love our gorlworld reaction,2025-01-29T17:02:35Z,183,2,en
UgyuREVg_lN0ahY1KHB4AaABAg,@brycesasser6204,Rowtide,2025-01-29T17:02:32Z,0,0,en
Ugz572eq8vgvDkRg1tt4AaABAg,@tommyshome,wow !!,2025-01-29T17:02:25Z,0,0,Other
UgxEvFCx8ZKqbMYeuNN4AaABAg,@alondras.1636,😂,2025-01-29T17:02:23Z,0,0,Other
UgzHOIR_kJrP7bnyfHN4AaABAg,@sariluna6142,LEZ GOO NICE TO SEE YOU MARY,2025-01-29T17:02:23Z,13,0,en
UgwR2XQeNKiwmfzHPPp4AaABAg,@aerisvulkan2538,Mary!!✨,2025-01-29T17:02:15Z,1,0,en
UgxbPzpTuj5UawTzJe94AaABAg,@hannahlosethmain7182,Accidentally early,2025-01-29T17:02:09Z,0,0,en
Ugz8tXFtrm2LuModlbJ4AaABAg,@Grimtrex,never ran this fast to a video,2025-01-29T17:02:07Z,1,0,en
UgxPzsR67UZmRq2k88J4AaABAg,@vonvonpilay,GOOOOOOOOOOOOD MORNINGGGGG KEN,2025-01-29T17:02:04Z,3,0,Other
Ugy7ZhAXN2un3_4OagZ4AaABAg,@danibird7269,Oof not another one 😂,2025-01-29T17:02:01Z,0,0,en
UgxP7OrYSE3uRDD4BZl4AaABAg,@Misshelle12,First! Uploaded 47s ago,2025-01-29T17:01:52Z,0,0,en
Ugz4ZUL_T_rRTRXuFY54AaABAg,@alexisd9755,shes plays victim a lot,2025-01-29T17:01:46Z,48,4,en
UgwR_7KcB7_0bX6vGg54AaABAg,@alatussimp420,Last time I was this early I was born,2025-01-29T17:01:44Z,20,0,en
UgxpewoLzekmqAehLxt4AaABAg,@shabbawilkerson,Aye 🎉,2025-01-29T17:01:43Z,0,0,Other
Ugyuj-x9Q1IdyVjot0R4AaABAg,@CM9164imp,"Hwy, fellow Mississippians!",2025-01-29T17:01:40Z,2,0,en
UgzQnz4zGBSk-1VOC0d4AaABAg,@Ginger_penguin,Whoo! First comment! Also Every time Mary is on we know the tea will be strong 😂,2025-01-29T17:01:33Z,1,0,en
Ugze1bohhjfOs1NPy3l4AaABAg,@Cfowlerx,First,2025-01-29T17:01:31Z,0,0,de
UgyFi7rFjPr-ZBb_Zxt4AaABAg,@annie27ful,Morning! ✨,2025-01-29T17:01:22Z,1,0,en
