Comment ID,Author,Content,Publish Date,Like Count,Reply Count,Detected Language
UgwNSAqdPU7x6ixBrpd4AaABAg,@atozy,If you want another way to support the channel: Grab a Christmas Present for yourself or a loved one here! https://mat.city/,2024-12-14T02:04:57Z,227,23,en
Ugy6CoQF4rL_ujL9z4R4AaABAg,@Asgard-1,this is no different than yelling fire in a crowded theater   these are college students how dumb are you   makes me sick that these people have ability to go to such a good college and blew it,2025-11-24T11:13:29Z,0,0,en
Ugwxy7JVYhGosfHkzLl4AaABAg,@NemNess1125,"EVERYONE ON THE GROUND, GIVE YOUR MONEY! GIVE YOUR MONEY! …this is walk the prank and you guys…a just walked the prank 😏",2025-11-23T23:27:49Z,0,0,en
Ugx-i_Rdhy9-BtGnnx94AaABAg,@danseymore3893,You can't make this up.,2025-11-17T15:21:06Z,0,0,en
UgwI-_o_DVdWuZsQ2kp4AaABAg,@windowwasherfpv3485,Viral TikTok video lol dude this generation is screwed😂🤦‍♂️,2025-11-08T19:48:59Z,0,0,en
Ugyi_0Sf-CPMEXuYh-94AaABAg,@irandude1655,I love TikTok pranks. It either ends up in prison or death.,2025-11-06T16:40:24Z,0,0,en
Ugy9vkCM-NjturgLyWx4AaABAg,@בועזאיזנשטט,TWO MONTHS UNTIL THE PHD!!!,2025-10-29T13:15:22Z,0,0,en
Ugz8eatXcw3-3n6LdHF4AaABAg,@Inthroughtheoutdoor-x2m,"These two nerds be like ""everyone's finally taking notice of us, awesome!!"".",2025-10-26T08:13:26Z,0,0,en
Ugz7uEokclzd5suTGiJ4AaABAg,@derschwule,There were some kids at my highschool that bribed a homeless man with McDonalds so that hed walk into the school naked in the crowded hallway. He did. Dont know whatever happened to those kids.,2025-10-24T16:18:11Z,0,0,en
UgxrlekfFh_p_vMg5Tt4AaABAg,@igorchives24,"""can't share if disciplinary action ARE being taken against the students""

nails on a chalkboard lol",2025-10-16T07:00:49Z,0,0,en
UgxgaxJo-jVOEMR57vB4AaABAg,@semperhighley4500,When I was a kid there was a parable “the boy who cried wolf” which we saw in all the 80s- 90s cartoons,2025-10-13T15:37:16Z,0,0,en
UgzSgWaDQJYX6BNaxYZ4AaABAg,@malka1762,"""hundreds of students were eating"" these two are beyond lucky they didn't cause a crowd crush and become murderers",2025-10-12T10:34:49Z,0,0,en
Ugy7Hn1tYxtcwVf72aR4AaABAg,@thetreekeeper143,I'm surprised no one had a carry conceal with them to shoot back.,2025-10-01T02:07:01Z,1,0,en
Ugx08HeJJKqq9Sz_Old4AaABAg,@RandalReid,"1:38 ɟɒ⑁ɟ bɒɘɿ ɟ'nɒɔ I ɟud ,γɿɿoƧ",2025-09-28T02:28:26Z,0,0,Other
UgzWGGhmfbGr1YCZt3l4AaABAg,@MONKEYDZETS,Ugh they should get they ass whooped,2025-09-26T00:50:25Z,0,0,en
UgxD_DcLSUXKa9T17dB4AaABAg,@shelbybabcock8779,"“It doesn’t mean they should be marked for the rest of their life”.
I disagree.  I want every future employer to know that these two guys are idiots with poor judgement.",2025-09-24T17:21:51Z,0,0,en
UgyDF0AL8gA3OTNZhxl4AaABAg,@Gamesmarts194,"Given that I’ve heard more than a few jokes about making bomb threats during school, I can genuinely believe that these guys thought this was funny.",2025-09-23T04:37:00Z,0,0,en
UgyD0J8pkbf_qDHoohl4AaABAg,@KyGremlin,Where is the plaque?,2025-09-21T00:05:52Z,0,0,en
Ugz8lAHjXkqi1pI5tGt4AaABAg,@AD-yk7mf,It’s the guy on the left’s fault,2025-09-20T03:18:14Z,0,0,en
UgyHPmQeHEfeSJ9bKqh4AaABAg,@AnthonyDelvalle-w1c,Yes they should be marked for the rest of their lives. You do some s$$# like this you deserve it,2025-09-19T18:49:36Z,0,0,en
Ugxs27SpIU34P7Q1MI94AaABAg,@AnthonyDelvalle-w1c,What video? I would like to see the proof,2025-09-19T18:46:08Z,0,0,en
UgzuoGIAAyfPT7SXMpt4AaABAg,@duckinducks8706,can i please see this legendary viral video so we can get them 2. lol,2025-09-16T16:56:05Z,0,0,en
Ugzg2UgrgyBkSJYkToN4AaABAg,@resplndnt,"inciting panic isn't funny, it's dangerous.  it's why you can't make a bomb threat as a joke",2025-09-16T07:32:30Z,0,0,en
Ugw5St_QKQa2-zzHGRx4AaABAg,@4-8-4Northern,Oh great another case from Connecticut. As a resident of CT and a UConn student I don't claim these fools.,2025-09-07T11:48:32Z,0,0,en
Ugz4t8x6y8UaUaRS59N4AaABAg,@lorenzi97,"My Alma Mater had a Humans vs Zombies club. You couldn't use the words ""gun"" or ""bullet"". It had to be ""blaster"" or ""dart"". One player made the mistake of saying ""gun"" out loud in an open area, and got tackled by campus security. That's how seriously they take that shit.",2025-09-07T04:12:10Z,0,0,en
UgzCVPcLmaLlD3TM2gx4AaABAg,@do9138,"I am a college professor. We take threats to student lives very seriously because we've seen too many students slaughtered in the classroom. He's lucky a prof didn't physically attack him to try to get the gun. Yes, we will risk our lives to save students' lives.",2025-08-17T19:07:57Z,0,0,en
UgyJrPH02RZmON-qme94AaABAg,@TalesOfLies,2:35 bro is looking everywhere 😂,2025-08-16T16:41:48Z,0,0,en
UgyaSKZJ99wJsc3Ytbp4AaABAg,@LĮĮoyd,😂😂😂😂😂😂,2025-08-16T01:32:43Z,0,0,Other
Ugxt29f1884fG3EtGVd4AaABAg,@williamwilton7254,"Ever see a movie called Final Exam? It's an early 80's teen movie set at a college campus which features a scene in which a group of students stage a prank in which they pull up in a van wearing ski masks and start firing off guns at unsuspecting students in the school yard. Then they gather up the bodies of the guys they shot and load them into their van and drive off, it's revealed to be a prank when someone points out that the van belonged to a well known fraternity house, and when school officials and the police show up, there's nothing there.
 This just makes me think of that movie just for that particular scene. Not saying that the original TikToker (if there even is one) got the idea from this movie, but man 1981 was a completely different world, considering how the movie played out how such a prank as just another Tuesday afternoon.",2025-08-07T18:26:50Z,2,0,en
UgxaVmDrCdcumkCHYMN4AaABAg,@Beforeigo-x9v,"No prank was made here, was. Aliteral fucking crime STOP CALLING IT A PRANK RJABHEUEU39SIE",2025-08-05T13:39:08Z,0,0,en
UgzSv982KQ7h1GKdXqV4AaABAg,@twilightgardenspresentatio6384,Lock them up!,2025-08-04T11:11:16Z,0,0,en
UgzPOR7s_IzKm6iBewN4AaABAg,@Naku-n4ku,"Sorry man, if we're not worth you flipping the video so the text is running the right way, you're not worth watching.",2025-08-02T03:06:43Z,0,0,en
UgwGCh1RWIlFJr8p8Dd4AaABAg,@StonedtotheBones13,"Y'know our pranks were like ""haha you lost the game"" not trying to speed run PTSD. I know I sound old but like wtf. We also grew up with 9/11 happening and sandy hook and unfortunately countless other school shootings. So maybe that's the difference, idk. But this is not ok",2025-07-25T00:53:15Z,1,0,en
Ugzi2LZo0bwnAlBr0pd4AaABAg,@KAmd3nN3Ws0m3,Name of the song background?,2025-07-24T07:11:50Z,0,0,en
UgwPecb2b7iY8rpD-Jx4AaABAg,@ShaunaJamese,"As a southerner, I can confirm we all have weapons.",2025-07-22T23:51:13Z,0,0,en
Ugz3aLFu4_AtI7bC7T14AaABAg,@jcfra420,"The should make an example of them, give them 10 years. Let anyone realize there is consequences to this idiocy.",2025-07-21T18:41:12Z,2,0,en
UgxhkuSjuxMVMWHM3gx4AaABAg,@nicholiacerventez1991,"I think these idiots who watch these stupid Tic Tok videos and actually attempt to recreate Tic Tok videos should really bring back the Tide Pod Eating Challenge or they should try mixing bleach and drain cleaner together in the toilet bowl while locking themselves in the bathroom with the fumes!! They should really bring back those Tic Tok Challenge videos for the idiots to try out!! 😂😂
That would help eliminate a bunch of these idiots who watch Tic Tok videos and think the pranks or Challenges are smart ideas and funny!! Let's help eliminate these idiots by convincing them to eat Tide Pods and mixing bleach and drain cleaner together while mixing them in a small room and see how long they can breathe in the fumes!!😂😂
Call it funny fume Challenge for Tic Tok!!🤣🤣",2025-07-16T20:59:54Z,0,0,en
UgwF_krAG4Q8FQmPppJ4AaABAg,@JohnSmith-2001,Even Johnny Somali is rolling his eyes at this.😮,2025-07-08T18:00:21Z,0,0,en
UgxXMbth1gbiRvLzKAt4AaABAg,@Niche.S,"Atozy failed to consider this from a Norwegian perspective.  People wouldn't bat an eye at this in Norway, because active shooter situations really doesn't happen here. This is more an indictment of the USA's gun culture, than anything else",2025-07-01T12:49:15Z,1,0,en
Ugx5AC-h2_cWJj0YWlp4AaABAg,@ChristianATemple,"I, for one, am glad you didn't complete the state schooling jack-off, you might consider picking up some form of legal assistance cert as a side hustle. 15 years ago I made $75/hr as a courier - no experience needed (well, gotta be a decent driver and professional) Atozy Esquire is a possible path (imagine raking lawyer dollars as a hobby😂🤣😂 - you've got the mind for it!).",2025-06-23T10:31:11Z,0,0,en
UgwPa3rhak39-crvKhN4AaABAg,@digisalamander2726,remember when Pranks where something everyone can laugh along with and not just a word to hide behind when someone does something stupid and most likely illegal,2025-06-16T23:13:13Z,1,0,en
Ugya8JUvsQz5ksZ39Jl4AaABAg,@RD-py9sv,"Thinking about consequences is a bit much for the ""bro replaces every third word"" generation.",2025-06-15T18:43:41Z,0,0,en
Ugx_h2QTxr2Iri9JvDx4AaABAg,@veronicababy7959,When my nephew was that age he got a felony for stealing $300 from a car. It’s affected his entire life.  He’s doing fine now but a felony is no joke.,2025-06-13T22:53:17Z,1,0,en
UgydUAgmg9kEJA4f10Z4AaABAg,@Dman-u4d,social media is cancer. But tiktok and twitter are the worst versions of it,2025-06-11T22:40:58Z,1,0,en
UgxFuKMO-t8LVNNn0Dp4AaABAg,@kitthecat6543,I thought pranks were supposed to be funny??,2025-06-10T18:56:48Z,0,0,en
Ugw-UlH_PNRZ1K6VC-d4AaABAg,@speedycpu,I can imagine in Texas they'd get dropped in about 5 seconds or less.,2025-06-09T22:51:51Z,0,0,en
UgzO37CrYXoRzDxwHQp4AaABAg,@goldbaron357,Ummm... why couldn't they just go to an airport and shout aloha snackbar... the problem woulda solved itself by way of darwinism.,2025-06-06T10:42:36Z,0,0,en
UgwiRHPw6afFVYbXPXJ4AaABAg,@Hempzter,"This reminds me of Columbine 😢

Replaying an act of terror is disgraceful they should be expelled.",2025-06-03T04:56:04Z,0,0,en
UgzMGhr1Gi_QapgMOjJ4AaABAg,@benpogi4ever,A shoot-out prank is NOT funny. It causes a lot of stress and possible bodily harm.,2025-06-02T00:57:27Z,0,0,en
Ugz6j1PJdQshRFHapaB4AaABAg,@SuperOodaify,The idea that young adults need re-parenting so they dont essentially yell death threats in a public place is just insane,2025-05-30T06:32:05Z,0,0,en
UgwRmto4CW-5JcksrUJ4AaABAg,@raymurphy5235,A couple of condoms would of prevented this,2025-05-29T14:57:29Z,1,0,en
Ugz3bHrdRbP20n8ZeTN4AaABAg,@scottholloway2516,"Yelling ""FIRE!"" In a theater?",2025-05-28T01:06:53Z,0,0,en
UgzlAC8vqjk5fEwXikt4AaABAg,@mjb-od6tr,I do not feel sorry for their parents. You reap what you sow.,2025-05-27T15:07:59Z,0,0,en
Ugzc4m516FCAwVZj2wR4AaABAg,@bassdojo1788,"It's terrorism.  People were terrified for their lives. Real or not, its still terrorism.",2025-05-27T01:13:23Z,0,0,en
UgyzB05Wws7GgBSKCNR4AaABAg,@woodslisa4529,"The level of stupidity is off the charts with so many young adults.  Imagine them as business people, in politics, doctors etc....i certainly cant!",2025-05-26T04:15:40Z,0,0,en
UgwQZQkzeZY0owezZxh4AaABAg,@cockyautan1789,Stupidity challenge.,2025-05-25T07:21:54Z,0,0,en
Ugx1ccEbLpTiBYVWOFF4AaABAg,@jordanjoestar08,They want to be famous and they are all looking good.😂,2025-05-22T03:36:57Z,0,0,en
UgxsVbdl1z435E3qvFd4AaABAg,@Canniba11er,Anybody know what happened in court?,2025-05-21T16:58:43Z,0,0,en
Ugy9Zd1ldsG0Wd-928h4AaABAg,@krystalk386,"Kids can’t tell the difference between games and reality these days. They could have been taken out by police, it’s a serious offense. They’d get a permanent solution for a “trend”",2025-05-21T05:27:14Z,0,0,en
Ugw9nFMFbwpg4T4KR2J4AaABAg,@JC-ps2zq,"""We live in a time where there is zero tolerance for violence on school campuses"" 

Bro most surely is making a massive assumption he is massively wrong about. Even the smallest example would be something like, ok here we are at a rural high school, now if big john the QB beats the shite out of some nerd and is reported to the principal, he will get a slap on the wrist and the nerd will get suspended. 

There is a LOT of tolerance for violence at schools, it all depends on who the violent one is.",2025-05-15T09:05:31Z,0,0,en
UgxFAmUmzTBJHB3Dr2d4AaABAg,@TexanMilitia,"“ we were recreating a viral tik tok “


LIFE IN PRISON

I literally have quit associating with people for just using that stupid ass app",2025-05-13T11:43:38Z,0,0,en
UgxlMJ09WEqBstm7Jk14AaABAg,@Christian-h8b,Nice for them 🎉,2025-05-12T11:57:44Z,0,0,en
UgzTqZERN1ZGjOClvMh4AaABAg,@ppevader-u2t,Kids today are braindead,2025-05-11T15:56:58Z,0,0,en
Ugy8WSoJ-iwi9I6QSbh4AaABAg,@CapJoshDalton,Shouldn't be marked for life? The fuck they shouldn't.,2025-05-11T00:57:43Z,0,0,en
UgxgsxFL25IZTZLLNrR4AaABAg,@birkinsmith,"They'd probably justified it to themselves by saying 'anyone offended by this is woke' because ive noticed a lot of late that 'woke' is being increasingly used by idiots as shorthand to justify and celebrate their idiocy whilst discrediting anyone who turns around and says 'think' as being too sensitive. 

(also anyone else find it a bit contradictory that anti-woke types call themselves redpills, even though taking the red pill 'wakes' you?? That pisses me off more than a lot of real things to get pissed off about, lol)",2025-05-09T22:33:17Z,1,0,en
UgwS6Wa_N9RRGYxZbBh4AaABAg,@LestatLST,Doing that in the school shooting capital of the world is fucking insane. I don't understand how everyone in the us is armed at all times and still people do shit like that. Truly amazing.,2025-05-09T21:37:31Z,1,0,en
UgzVQaf-7vJZPCtaO_t4AaABAg,@wash7045,"3:30 atozy made a good point that had there been a “good guy with a gun” there, there could have been serious injuries and even death not only to the “pranksters” but also bystanders in the line of fire",2025-05-06T17:17:22Z,1,1,en
Ugznl4hhXokuqS9T_-54AaABAg,@thomaswillis1569,Imagine that you want to rob a bank just video tape it if you get caught can say it’s a prank!!! Sound logic!!,2025-05-05T15:20:32Z,0,0,en
UgxX_M156uefZFYVUX54AaABAg,@dusttoh8927,TLDR they are not facing 10 years in prison.,2025-05-05T12:27:52Z,0,0,en
UgzPtIbox-e4_YGKc4F4AaABAg,@skinwalkers1516,I never expected this from Timothy chamamalet,2025-04-30T17:24:26Z,3,0,en
UgxhhHpeOURr2FNJe9t4AaABAg,@anthonyj.adventures9736,"I got suspended from school my senior year (and held back a year) because as a graduation prank my friends and I released about 20 thousand cricket's and grass hoppers in the whole school.
And it took 2 days for them to pass an air quality control test, they essentially had to seal off and then spray the entire school, first to get rid of the bugs and then to sterilize and air out the building.",2025-04-29T06:13:28Z,0,0,en
UgyTkG6nFPsb4xEl8iJ4AaABAg,@AnarchistPoop,"The director is disturbing, though. He's talking like it's silly. It is not. He's as bad as those two idiots. Then again, the parents were able to pay 50 thousand doiilar on bond. Rich people have different laws, I guess.",2025-04-27T12:41:20Z,2,0,en
UgyjKt5prkvgkOKWLnd4AaABAg,@sandra.l.15,3:19 or people can panic and cause an stampede where people may get injured or even killed.,2025-04-26T01:33:53Z,0,0,en
Ugwa_PxoV_cGQhwsbZB4AaABAg,@powwowtrip5748,Just look at them. They look stupid.,2025-04-25T22:39:07Z,0,0,en
UgxWqoGjra_uvNRPttx4AaABAg,@jbird167,I miss the old Superman trend where you lay stomach first on something and have your friends take a photo of you acting like you're flying as Superman,2025-04-25T20:38:24Z,0,1,en
UgzN_-FdWonDAfPlZP54AaABAg,@jakecassidy1015,Why do they think because it's TikTok that it would have Consequences?,2025-04-25T03:35:06Z,0,0,en
Ugy73o3vh8qlMgyZt7J4AaABAg,@steel8231,"""Trend"" says this isn't the first time it's happened. But this is the first time it's happened. Someone's got a boomer parent/lawyer who doesn't know what trend means and is in ass cover mode.",2025-04-24T03:14:19Z,0,0,en
Ugx3tXJ6oHOvMyRJOmZ4AaABAg,@quasarsurge9098,They succeeded….they went viral,2025-04-22T12:44:02Z,0,0,en
UgzoyrpY25nEPIRr1Y14AaABAg,@jerseyjoyride1316,"At 1:39 was there a reason the text was backwards??
Watching the rest of the video I realized all text was backwards.",2025-04-21T21:41:03Z,0,1,en
UgwsYavGUjKEnw0fzAR4AaABAg,@SM-McKraken,"I'm starting to wonder if Covid messed with a lot of people's ability to see the likely outcome of their actions and the consequences they'll face for it. And not just in these ""pranks"" these TikTok idiots do to be a part of the herd, but in the plethora of daily road rage incidents, the people throwing huge tantrums (""Karens"") over remarkably stupid things, and all the rest of the never-ending daily flow of insanity that we can watch about on YT and other places. It's not just TikTokers, it's everywhere at every level.",2025-04-21T16:50:26Z,1,0,en
UgyyafakZrX0K_JOwRJ4AaABAg,@MAcJMac123,I’m sure their “parents” will defend them and support their actions…,2025-04-21T09:01:17Z,0,0,en
UgzBNkejoEvUwDlXEXh4AaABAg,@MAcJMac123,There is no viral tik tok video… this is just criminal behavior.,2025-04-21T08:59:38Z,0,0,en
UgzBAIj50BbbIZ7A7954AaABAg,@MAcJMac123,"Guess UConn isn’t a good school after all… college students thinking an active shooter “prank” is funny… mentally challenged. Mandatory prison time. THEY WONT EVEN EXPELL THEM! As a former police officer and University Police Officer, these kids are lucky they’re still alive.",2025-04-21T08:58:04Z,1,0,en
UgwDfjhFsrbFibA-q8x4AaABAg,@GhettoGeek-tv4mz,"When you speak of these charges and say he can do life in prison doesn't mean that he will. They can go to court and the charges can be amended. A lawyer will speak on their behalf and theyll get probation except for that one chage that carrys a mandatory minimum sentence of one year. Thats sticking. 

When people dont know the system and speak on it all theyre doing is fear mongering others.",2025-04-21T08:47:01Z,0,0,en
UgywpIQCRKXIoB22kL94AaABAg,@JohnnyRoastBeef_556,Social media brain rot at its finest.,2025-04-20T20:23:47Z,0,0,en
Ugz62vaSTyYsui8u3Zl4AaABAg,@danielwright7044,"What's next ""Fake Bank Robberies""?!",2025-04-19T17:17:47Z,0,0,en
UgyazzEPrSo3WBBmfvx4AaABAg,@danielwright7044,Someone's going to get killed over these Stupid pranks!,2025-04-19T17:15:58Z,0,0,en
Ugy7iUTMGc_phrWAej94AaABAg,@gseybold,Has there been an update to these two?  I looked earlier and wasn't able to find one.,2025-04-18T15:00:21Z,1,0,en
UgyBXFHF8hWFm6dRfQF4AaABAg,@donnietermaat,Dammn i make that money in a year 43000 euro dammn they trashed theyr life,2025-04-18T09:59:16Z,1,0,en
Ugz0h4YsfHIIG6A91Qx4AaABAg,@TheZipperDragon,"That guy that said they shouldn't be marked for the rest of their lives is a fucking moron who has zero clue what he's talking about.

They absolutely should have a mark until they die of old age because they have shown that they are a danger to themselves & others around them.

Im not saying lock them up & throw away the key, but i think they need to have some kind of limit to social media & they need some kind of registry similar to a sex offender registry, but for dumbass content brained children.",2025-04-18T01:01:47Z,1,0,en
UgxgOCtCCSMwAg_sxX54AaABAg,@KarriKoivusalo,"Pleading to some bullcrap MyFaceTube clout chase as the motivator for stupid shit should count as aggravated circumstances,  not a reason for clemency.",2025-04-17T15:09:41Z,0,0,en
UgyAcjGjVRNwa2mPQK54AaABAg,@Bear-Knight,Not happening is constitutional carry states,2025-04-17T12:30:01Z,0,0,en
Ugy4w4t1TewlDKqCflt4AaABAg,@razoblicavanje4231,No one wants to work anymore.,2025-04-17T11:45:44Z,0,0,en
UgzW4CX5a73FHh6p9cZ4AaABAg,@josephdelp87,Give them the ten yrs. But like usual a pansy judge will give them a slap on the wrist. Make examples out of them. Take a lesson from the Philippines.,2025-04-17T05:35:42Z,0,0,en
UgzfAxJ9PvUh0B7uAWJ4AaABAg,@ameirgamble7859,"I live in Connecticut n yes people here , Predominantly white state very stupid , like they have no culture just entitlement , segregated communities just have people that act the same n look the same n smell the same all these people r so low minded not surprised at all my state had people running into Uconn they let anyone into that school with money",2025-04-17T03:35:44Z,0,0,en
Ugx_LWfronvEYN7YC-R4AaABAg,@ameirgamble7859,First of all all these fake gun pranks at schools seem to be asian n yts or am i wrong,2025-04-17T03:28:53Z,0,0,en
UgxogBXiXItd_3YXL-Z4AaABAg,@russell2910,"I feel like if they come up with some cool pranks in jail, they could probably redeam themselves. Never give up.🚬👶🕺🇺🇸",2025-04-16T23:39:14Z,1,0,en
UgxCzllmoPmLZ84r8fN4AaABAg,@ElectricCult,Look at their link-ed-ins and how they try to sell themselves as adults : thanhhbao & nate-ghez,2025-04-16T20:09:14Z,1,0,en
UgyXKil9OZTrzW3-Xfd4AaABAg,@Bleu_shines,The only way the generations after Gen X are going to learn is the hard way. It's amazing how one of these dingalings gets busted then two more pop up. It's okay to learn from someone else's mistakes 🙄,2025-04-16T18:54:13Z,0,0,en
UgzIKwsnZQWka365L2B4AaABAg,@HarleysDucks,Def would’ve been a different outcome if they tried this in the south.,2025-04-16T12:13:37Z,0,0,en
Ugy2oF874LFi-UHO8fR4AaABAg,@robertnunn3015,Tik tok should ban so many people on the platform . Sure hope nobody buys it so they can shut it down. These kids don’t care about parents telling them what to do,2025-04-16T01:15:28Z,1,0,en
UgwbuegZbGPSVj2Z7_14AaABAg,@canadajane7993,I immediately thought of the Columbine tragedy when you said it was in the cafeteria that's disgusting.  Make them watch videos on Columbine and listen to survivor stories,2025-04-15T21:19:30Z,0,0,en
UgyaNTyxLnDqyDbFQWN4AaABAg,@crescentx3,"Out of all the states to do that in, CT is literally the worst possible choice. We have the strictest gun laws in the country because the state govt actually acted after Sandy Hook and no school shootings have occurred here since. CT should be a model for the rest of the country because of its success.",2025-04-15T21:18:45Z,0,0,en
UgwYo_REymOC_dVsbKJ4AaABAg,@claudelewis5026,"college kids want to tell others how the world should work , yet this sounds like one of their many good ideas they put out there",2025-04-15T19:54:31Z,0,0,en
UgxkIT2fGNqbz-tUjDN4AaABAg,@InsiderBoy,They’re most likely going to be doing a real one now because they ruined their lives and going to be blaming everyone else.,2025-04-15T17:31:45Z,0,0,en
UgyK7Z7E5Vux60WLOH94AaABAg,@michaelx6185,This is like hollering fire in the theater ..,2025-04-15T13:59:12Z,0,0,en
UgxrPG9ArORziMpyhjF4AaABAg,@MasterLond,"apparently FA is trending on TikTok, we need the other half, FO to trend for each FA... ohhh you want to FA, well here is the FO from the last fools that FAed",2025-04-15T12:52:11Z,0,0,en
UgzK7jYEulSqK_ZgrSF4AaABAg,@BlackFlagOperation,"That Superman video was 1 million % fake .
But then again they could even put fake in the video and 🤡 would still copy it.",2025-04-15T10:20:11Z,0,0,en
Ugz5qu9X2_1JH_tXVph4AaABAg,@BlackFlagOperation,"What about that kid who got shot because he wanted to do a ""Prank"" robbery with a kitchen knife.
He pulled the blade and the ""Victim"" pulled his 9 and sorted it out 😂",2025-04-15T10:17:22Z,1,0,en
UgyiRaqRTR1TXhIslEB4AaABAg,@BlackFlagOperation,They only get repeated because no one gets punished.,2025-04-15T10:06:15Z,0,0,en
UgwU_x6oaFs1Y6EN8Et4AaABAg,@mitchellrossa2674,ugh backwards text so annoying,2025-04-15T07:12:51Z,0,0,en
UgxwLfPl-aWTS9OD3CN4AaABAg,@Hamajaang,The De-evolution of mankind happening right before our eyes. 😂😂😂,2025-04-14T23:46:51Z,0,0,en
UgwcIBNw8dWV9lBMCaN4AaABAg,@MonikaJakubiak-hn6ee,"Morons 😂 10 years fugickles and popsickles 
How dumb can you get",2025-04-13T14:11:02Z,0,0,en
Ugz_KCFBkdquT_7DdGl4AaABAg,@danjacques77,I can only imagine how much more moronic the next generation will be.,2025-04-12T23:59:33Z,0,0,en
UgxchmRvOekugt4oSHp4AaABAg,@luckycharm3490,"I've been a daily Atozy content consumer for quite some time now. But I about snapped my neck when he said UCONN, just to look at the TV and see the headline from my local news station. Absolutely wild. For the record, we don't claim these Huskies. We lived through Sandy Hook here. NOBODY thought this""prank"" was funny. We also are heavily protective of our immigrant population in Connecticut so this really went over like a lead balloon. I don't know who raised these punks but it clearly wasn't done right.",2025-04-12T12:03:18Z,0,0,en
Ugx_UnMvobydX7K3qAx4AaABAg,@capt.bart.roberts4975,"I did some quite exceptionally foolhardy and bloody dangerous things at eighteen. Even back then, before all the idiots started shooting all and sundry, even I'd think this was a really, really bad idea.",2025-04-11T08:12:08Z,0,0,en
UgyRZnc2-vt-Dqz_qSJ4AaABAg,@capt.bart.roberts4975,"The human race seems to be getting dumber, another two in The Darwin Awards waiting room.",2025-04-11T07:59:50Z,0,0,en
UgzB1ZTmmcOfnf5UGbR4AaABAg,@Skubasteph,I think a mandatory IQ test is needed.,2025-04-10T19:46:56Z,0,0,en
Ugzp9qSA4jFf88Lj3q54AaABAg,@cowboybuzz5533,Tamir Rice was killed for a toy gun and was called a threat and these dumbasses saying prank,2025-04-10T18:40:49Z,0,0,en
UgwmG8hEwO26lxjX_bd4AaABAg,@EddieHawkinsII,"“Does the defense have an opening statement?”

“Yes, your honor… it’s just a prank, bro! Gah!”",2025-04-10T11:35:52Z,0,0,en
UgylnUy-PSq1kol1JFN4AaABAg,@seanphurley,"18-25 year olds are not adults, need a different justice system",2025-04-08T03:55:26Z,0,0,en
Ugy8GILpXCvEdJ7vE2B4AaABAg,@last2nkow,"The ""pretend to be a school shooter"" prank is a new one for me. And one of the dumbest ones. 
I genuinely think these muppets should have the book thrown at them since the other students didnt beat the hell out of them before the prank ended.",2025-04-07T06:58:13Z,0,0,en
Ugyo-wp5vpjsJ8rHo1V4AaABAg,@gehtdianschasau8372,"I like the superman challange. If the kid hasn't learned, that falling hurts, it better learns it fast. When he is heavier and older, it is much more damageing. It is strange, that he didn't learn it as a toddler, but better now, than later.",2025-04-05T03:53:37Z,0,0,en
UgyOaFaIGdo47dAfrXB4AaABAg,@SkitZHitZ,wait when did i go viral for kicking a door in,2025-04-04T09:23:20Z,0,0,en
UgwYRMzCVESRKcqq3yd4AaABAg,@higherstandard710,New Haven right by Yale U. Smh not so smart 😂 I hated that city.  But the first pizza and burger is close,2025-04-03T21:04:07Z,1,0,en
UgwvTYON1C7BoEl4JF14AaABAg,@davidtaylor5204,"If they did this in Arizona, Texas, Idaho, Nevada, the kid would have been ventilated, and all the defense shooters wouldn't even be detained, the cops would shrug, the University Admin would admonish the students' for breaking the Gun Free policy while adjusting their shoulder holsters.",2025-04-02T11:42:59Z,0,0,en
Ugzt5SN-usdiTQT6pJd4AaABAg,@davidtaylor5204,"If you let them get away with this, they will be enabled and move on to something more outrageous.",2025-04-02T11:38:04Z,0,0,en
Ugy3qOYbucVL1y2Hpwl4AaABAg,@Miggeddy,"7:40
Well .... Maybe you muricans then dont cry about a tiktok ban and get your lifes sorted xD
The CCP is laughing so hard about you ppl right now ✌️😅",2025-04-02T09:27:14Z,0,0,en
UgyIBKEZi7u3HqWXstR4AaABAg,@ericeric363,Dude calling a fellow student a kid. 😂,2025-04-02T01:37:38Z,0,0,en
UgwWat5mKaBryRQ8eFB4AaABAg,@RatKirby,"Can we make the next trend going to China and trying to ""prank"" the government by inciting protests against the CCCP? It really seems like all of these ""pranks"" will sort themselves out pretty quickly that way.",2025-04-01T11:26:46Z,0,0,en
UgwJO1EE31lbktbr8Yh4AaABAg,@tomnoziglia8385,Stupid is as Stupid does.,2025-03-31T06:29:13Z,0,0,Other
Ugz1hpe5Qv4fX0k_z654AaABAg,@Scragger347,All these trends started back with the Ice Bucket challenge on Insta..............,2025-03-30T22:55:59Z,0,0,en
UgwlIN55qpnP4M1ulhZ4AaABAg,@treborjospeh9059,They are not going to like being passed around in jail.,2025-03-30T21:20:38Z,0,0,en
UgwKeS3sOtvWgTmISkJ4AaABAg,@debbiestevens6312,"Although SM is partially responsible for people doing stupid sh1t, the main issue is a lack of critical thinking &/ intelligence of the perpetrators.",2025-03-29T09:26:46Z,0,0,en
Ugz3UsD1eRnC1hmB8gJ4AaABAg,@cagefreeowl843,People like those two are Proof that Human evolution Can go in reverse,2025-03-28T04:44:32Z,0,0,en
UgyWPWzKtGsjqR7TJAp4AaABAg,@kilobravo449,"I hope you really do that, Dr. Atozy. Please wear a cap and gown from Atozy U. You don't have to wear them every day.",2025-03-28T04:18:15Z,0,0,en
UgzUs7BuHLTxn8ky22x4AaABAg,@ilikecake683,It's kind of impressive that they're stupid enough to do this but smart enough to get into university. They must be right on the line for that.,2025-03-27T15:16:54Z,0,1,en
UgytqGhNym-II37yQFB4AaABAg,@DarkZodiacZZ,"About as smart as attaching your smartphone to something that looks like gun grip. And yes, in a country where law enforcement is chronically afraid for their dear life, that is a bad idea.",2025-03-27T03:48:07Z,0,0,en
UgzmKdoc_z5N6uB4MM14AaABAg,@rylanpape285,Not even Bevis and Butthead would do that shit….and that to me speaks volumes,2025-03-27T03:13:39Z,0,0,en
UgwX5qwvVZiH008-4Oh4AaABAg,@Halo44327,This is how our 2nd amendment gets taken away. Losers like these people freak out people. Let alone internet censorship.,2025-03-26T23:49:52Z,0,0,en
Ugzlzy1CuexNRMzkYq14AaABAg,@AlexanderLeonardi,they need  life sentence at a minimum.,2025-03-26T10:24:31Z,0,0,en
UgyQtIgO5A5zjLFMiXp4AaABAg,@jakerydont,1:09 5 years in Connecticut sounds way worse than prison,2025-03-25T01:32:12Z,1,0,en
Ugy06OSdWhS73a-RGOl4AaABAg,@MrTomWolfy,Just ban TikTok so less idiots on internet ,2025-03-24T11:55:27Z,0,0,en
Ugwy3QmQQd993OyNQqp4AaABAg,@inthedarkanonymous5625,"It’s more pathetic still, if that’s possible, that this IDIOTIC stunt wasn’t even THEIR idea.",2025-03-24T07:19:47Z,0,0,en
UgysjSAWd00aRaCGE994AaABAg,@michelehanson9214,They planned it!!! And nowhere in that preparation did a lightbulb 💡 go off?,2025-03-24T04:31:37Z,0,0,en
Ugwdf1raQhrW0UNIQO54AaABAg,@k4743j,00:45 ew why tf she breathe like that,2025-03-23T01:50:09Z,0,1,en
UgzgbMIPI0FEoyiowkx4AaABAg,@hayleypbop,You’ve got to be a bit sadistic to do this to your schoolmates,2025-03-21T08:28:11Z,0,0,en
UgxNvnYLz8lAVmrbE-N4AaABAg,@Aix_Plainer,As a famous chinese politician from the 20th century once said: 殺一儆百,2025-03-20T20:47:51Z,0,0,en
UgxqzaWCnoLGoVgjyGx4AaABAg,@Machistmo,"Dude, everyone is armed in the United States and if someone had shot them, they would have walked away. As far as a Tik-Tok ban goes, the people voting on banning it, own its competitors stock. And yet no one will utter a PEEP about maybe making it harder to get guns. I can already hear, THEY didn't actually have a gun bro.... I hear it... WHEN PEOPLE DO DIE IN ACTUAL ATTACKS NO ONE EVER EVEN TALKS ABOUT CHANGING THE LAW.",2025-03-19T17:10:55Z,0,2,en
UgygH6Hos5IfiLz4OV54AaABAg,@garyfinley9457,They are lucky they didn't get shot.,2025-03-19T16:37:04Z,0,0,en
UgwY3aOMZ5cT7pk78ph4AaABAg,@mekylieme,"I live in Oklahoma....those kids would definitely be fired upon here, even inside a college caf.",2025-03-19T02:13:17Z,0,0,en
UgymZc-RyPtwaVXmdFJ4AaABAg,@sarahsilverlight2064,"Should be a 25 yr sentence.  Harsh, but that would be the only true way to set an example for future nimrods like these two.",2025-03-18T19:54:20Z,1,0,en
Ugwkju7Bs6FHES9ufjd4AaABAg,@nostoneunturned7641,Our idea for our senior prank was like 10 of us got on the roof of the gym and had a speaker blaring 90s rave music. It was built into a hill so you could just walk up the hill and step on to the roof.,2025-03-18T01:28:55Z,3,0,en
UgwlQFy7HwURZ0_ueod4AaABAg,@No_Transitory,These kids need to leave these TikTok challenges alone. This isn’t the only case of TikTok challenges ruining kids lives.,2025-03-17T13:25:04Z,0,0,en
UgyBNqb-UKpWuZul44l4AaABAg,@xoof89,Bao you an embarrassment of the asian community. Shame on you and your family.,2025-03-15T12:36:54Z,0,0,en
UgxsKYfsYJ52oLa-PWF4AaABAg,@TheFrogInYourClosetWatchingYou,5 years in Connecticut? Jeez is Connecticut that bad of a place? 🤣🤣,2025-03-15T07:02:11Z,0,0,en
UgwRqiJ3AEd9V1ubx1t4AaABAg,@TheFrogInYourClosetWatchingYou,Idk why they didnt just try their luck with a bank...,2025-03-15T06:59:14Z,0,0,en
Ugy3Nb4YG1X31vKI7hd4AaABAg,@TheFrogInYourClosetWatchingYou,Let them go viral and spend their 15 min in jail,2025-03-15T06:50:47Z,0,0,en
Ugy2cBMAYjSaFzoIDgd4AaABAg,@jeremypifer,If only they pulled this prank in Texas...,2025-03-15T01:05:56Z,0,0,en
UgxrJSpYxEs_xvIPlj14AaABAg,@DeathGod66,"This feels like watching the Joker 1 & 2 movies. The first was dark and chaotic, reminiscent of something truly disturbing like the Columbine HS. The sequel, however, was pointless and a complete waste of time like this. Now, those idiots will have to face the consequences of even trying this.",2025-03-13T18:39:06Z,0,0,en
Ugyr88hZ0aSd6UFjabp4AaABAg,@MichaelFlood-i9s,When they go to jail. They will learn what fear real means. That's the funny part. REGRET,2025-03-08T23:32:08Z,0,0,en
UgxI7yDOznhG0yiGQYB4AaABAg,@MrSubsound90,"Notice how they did this in a ""pew pew free zone"" instead of somewhere like a Cracker Barrel.",2025-03-08T17:45:05Z,1,0,en
Ugxm_uFzM1f2pHQZtWF4AaABAg,@BornagainKev,Parents? No way these kids have fathers.,2025-03-08T17:18:08Z,0,0,en
Ugwivmh9IQ3ndvGcEmt4AaABAg,@boyaka100,"College these days are the biggest waste of money. Nowadays information is free on the Internet why spend $100,000 just to get it.",2025-03-06T11:21:25Z,0,0,en
Ugw0-aAdF51Mqe5k8pF4AaABAg,@Bicyclesbeware,The kid with glasses looks like a slightly more Asian Michael reeves.,2025-03-05T13:06:03Z,0,0,en
UgxRs2BksSxRViE2s8V4AaABAg,@SIX.Sph3re,"I have never seen this “TikTok trend” atp 

Prank and tiktok is an excuse for chaos",2025-02-27T22:09:42Z,0,0,en
Ugya60QWXDNHpam23IB4AaABAg,@stayfaded69,"This has a big ""boy who cried wolf"" energy. Idiots doing pranks about shooting, will one day coincides with a real one. They will and many many others have a sad game over",2025-02-27T17:21:41Z,0,0,en
UgyDsq4loB7lhJKX2BB4AaABAg,@CornCans,Thought that was 2set violin in the thumb,2025-02-23T20:26:22Z,0,0,en
UgxJCjoNdcnoBKOQIu14AaABAg,@lilhedgehog8576,I used to love the dingdong ditch thing until I saw a cartoon where somebody dingdong ditched an old person and really inconvenienced them and then that opened up my eyes too even though it’s really fun it could really inconvenience or even hurt somebody else if they’re like elderly and have trouble moving Because you don’t know who’s in there plus nowadays with how scary people act you’d probably get shot for dingdong ditching. But that’s just a very recent theory.,2025-02-23T12:13:54Z,0,0,en
UgxLsQD30ylq2YkxOPx4AaABAg,@lilhedgehog8576,"Bro, on the right looks like an anime protagonist 😂😂",2025-02-23T11:59:48Z,0,0,en
Ugy-cjOkMT_TZZV0KIR4AaABAg,@tealnoise,"I missed it when we had trends like the ""water bottle flip"" challenge. Can we have challenges like those again? 😭",2025-02-23T02:34:39Z,0,0,en
Ugxd1mX0jVB4s5PmLrp4AaABAg,@Deviljho123,How is that a trend? School Shooting. Bro that is a serious matter not a joke. Parents has lost their kids from that.,2025-02-18T13:27:43Z,1,0,en
UgxaVcwTdmGifNABpUt4AaABAg,@Ad-Lo,What idiots!,2025-02-16T23:07:35Z,0,0,en
UgzB5ESJjRhk6FPYR2B4AaABAg,@savagekitchino,"People like this beeing able to go to ""colleges"" just showed us all how pathetic and nonsensical your schoolsystem is.",2025-02-16T10:50:51Z,1,0,en
UgxcEGRR4pOtXKxOZmh4AaABAg,@rosethorne9155,"Yeah, staging an active shooting, in a country where those are COMMON, is a recipe for disaster.",2025-02-15T01:03:38Z,1,0,en
UgycmXxMgEq1dFDAEXd4AaABAg,@ellaelliott4415,Don’t matter how young someone is. A crime is a crime. Plenty of people their ages don’t do this. Age can’t be a factor.,2025-02-14T21:22:58Z,1,0,en
Ugwl2uzZyJHDYRbo01h4AaABAg,@dbergerac9632,When college is too boring so you choose prison.,2025-02-14T14:52:08Z,1,0,en
UgxkJqWINPeLfucKQXt4AaABAg,@LisaMarie042,These 2 are lucky to be alive. Unbelievable!!,2025-02-08T17:53:32Z,0,0,en
Ugy6GjMT8kI466kdbnF4AaABAg,@jodyharnish9104,"There was a multiple shooting where I worked several years ago, and I almost walked right into it.  If someone hadn't asked me to to take a phone call before I went to the water fountain, the shooter would have killed me, too.  This is not a prank.  It's an act of terrorism.",2025-02-08T06:05:26Z,0,0,en
UgzRLHRzECv1pssTzNV4AaABAg,@Bell2323,Social media is ruining.our society.,2025-02-06T16:19:22Z,1,0,en
Ugy3P8LkEAiSzEou_fd4AaABAg,@carolcarol9982,"They were saying ""UCONN"", I was thinking it was ""Yukon"".",2025-02-05T16:21:22Z,0,0,en
Ugw8dHJ2hjCi0aeSBKJ4AaABAg,@phillip2465,Imagine if security seen them and reacted to they stupid prank,2025-02-05T15:55:17Z,1,0,en
UgwdlsbP8PMDK1HUpnl4AaABAg,@phillip2465,Naww mf grown 😂,2025-02-05T15:53:39Z,0,0,Other
Ugwh2IJz7OD6LmumaiN4AaABAg,@MartiErtel,TikTok should be shut down and much more severe punishments should be implemented.,2025-02-04T19:35:52Z,1,0,en
Ugy2xA4AgWxMRpQXiEJ4AaABAg,@forickgrimaldus8301,"""Oh yeah Cloumbine thats just a Prank bro""
-these Kids",2025-02-04T09:27:24Z,0,0,en
UgzQ9Z2lkSWW84yIpWx4AaABAg,@Janet-e2b,Think before you act. Commonsense.,2025-02-04T05:19:02Z,0,0,en
Ugw5pc35MeSp7lIb_K54AaABAg,@petercooper456,I’m mostly just sad that these shenanigans don’t surprise me anymore.,2025-02-03T12:47:16Z,1,0,en
UgxubwZA6W-D-44E7ht4AaABAg,@Lee-iv7sn,"U Con tuition for in state students $20,366 per year and $40,034 for out of state students. The Tuition is none refundable if the students are Expelled😢😢😢 Daddy is going to be pissed they FAFO 😂😂😂",2025-02-02T08:48:19Z,0,0,en
UgwBLO0B3QoD0AHXRlB4AaABAg,@phantompheno,"They should be marked for life,the big take away is if this becomes normal kids in schools will mistake the real thing for a prank or vice versa",2025-01-29T21:07:02Z,0,0,en
UgzDo9-zIaxzlmSouo94AaABAg,@flufferpupper7726,I miss when pranks were just basically embarrassing yourself in public to make everyone laugh,2025-01-28T21:26:30Z,0,0,en
UgzRQvOUCF_Jtgm7b-d4AaABAg,@richarddaem4572,That is another thing that Trump should ban is pranks,2025-01-27T22:13:14Z,0,0,en
UgxKNYDsuS4xEypcazx4AaABAg,@MayleneMadman,"We almost had TikTok banned.  But alas, we get to suffer some more.",2025-01-26T22:41:03Z,1,0,en
UgybOteUAhNoCRWrUGd4AaABAg,@gregf4416,That wasn't a prank. It was a terroristic threat.,2025-01-26T16:34:32Z,1,0,en
UgzQIDNIvd2r7lifh9F4AaABAg,@Remima13,"It's disturbing seeing how people are reacting to this. Saying ""this prank was taken the wrong way"" and ""They shouldn't be marked for life over this""
YES. THEY. SHOULD.
If people keep going easy on these people, it's just showing others that you can do it and not suffer serious consequences. 
Stop babying these people, throw the book at them!",2025-01-25T00:50:50Z,1,0,en
UgwTro3YEodjSEagDtB4AaABAg,@maxoutyoutlife5261,"You deserve the PHD in TikTok stupidity, so much material to cover 😂",2025-01-24T08:50:22Z,2,0,en
UgwEa8Ono7Jb9dObP5F4AaABAg,@Ducklito,They're lucky there wasn't any armed security there because that could have seriously ended bad,2025-01-22T23:23:23Z,0,0,en
UgzEFwZWrmrAbVe5h1d4AaABAg,@Harriet1822,Do not do this in any US State that allows concealed carry.,2025-01-22T21:33:21Z,1,0,en
UgxFLrutKvphbOGqnyd4AaABAg,@kgizzle92,Tik Tok brainrot…ban that shit man!,2025-01-22T21:25:04Z,1,0,id
Ugwr_5GB6zPaDFifIbV4AaABAg,@patrickbarry7711,"If you have to tell your college age child to not do that, there’s definitely an issue.",2025-01-22T14:37:12Z,1,0,en
UgzvEVkz3xXXIBuxhL14AaABAg,@machetekid07,It’s 2025 the trash is now taking itself out,2025-01-21T23:32:03Z,0,0,en
UgwLZmx6W4Z4-mzl5nZ4AaABAg,@micbroc6435,"“Doesn’t mean they should be marked for the rest of their lives”. Yes, yes it does.",2025-01-21T21:35:44Z,1,0,en
UgyuRPbMnDbXLJyoJoV4AaABAg,@S71-71,And why did we un band f****** TikTok,2025-01-21T18:39:31Z,0,0,en
UgwJzAAN-ZF9yKfZGsh4AaABAg,@rubbersoulgirl84,"This is why you can't yell ""fire"" in a theater. 🤦🏻‍♀️",2025-01-21T00:20:26Z,0,0,en
UgwBpd_8QwlyY4t4PA14AaABAg,@PierceRosario,"I got one for you @Atozy back in NY where I use to live there was a student at another school, in another town over from me. Long story short this student tried asking his gf out to prom but instead makes a smoke bomb and tried to make a surprise entrance but got expelled, his scholarships, his gf left and yea didn't end well from him. His name was Constantine by the way.",2025-01-20T20:54:35Z,0,0,en
Ugx3WNRYH_j94Ek8Cmh4AaABAg,@ralphleland1955,why do you show videos reversed? what is the point?,2025-01-20T16:34:29Z,0,0,en
UgzFlRJRPO1bdueoXpp4AaABAg,@igotstayzen,I really miss when the worst trend that went around school was the bottle flip challenge. I remember when it got banned because staff had to clear off sooo many high areas where kids would flip their bottles and get them stuck. Then came other things like shoes and books because kids were using other things to knock them down.,2025-01-20T06:40:48Z,2,1,en
UgyTX6Oq5TizknX0WHZ4AaABAg,@cindervee478,Remember when our parents used to teach us right from wrong?,2025-01-20T00:31:00Z,0,0,en
Ugxz2uMGCZqCg433w6p4AaABAg,@testfire3000,"I think there is a federal crime called ""Terroristic Threat"" or something like that.  
I really hope these two get the book thrown at them.  People need to learn that they don't get a free pass just because ""It was a prank"".",2025-01-19T07:38:31Z,14,0,en
UgyuQfyGAQNwXdQOaQF4AaABAg,@Marc-l6h1j,"The juvenilizing of America men. Who says 18 is ""young'?",2025-01-19T06:46:44Z,0,1,en
UgzzB5kNQR61FM8TtNt4AaABAg,@pi-sx3mb,"When I was a kid, a typical prank began with the words, ""Pull my finger"".",2025-01-18T15:48:34Z,1,0,en
UgwnBrqHbRzX40S22kZ4AaABAg,@madelinemay3052,Please please please change your background music. All I can hear is high pitched ringing constantly when you’re talking. Good lord,2025-01-18T13:23:31Z,0,0,en
UgxjTiCWWKLrpwqC7OR4AaABAg,@cgaff8119,absolute morons,2025-01-16T13:44:34Z,0,0,Other
UgwFdY6eirR7nisVn0l4AaABAg,@cgaff8119,Bri it's just a crime bro!! There's a camera right there!,2025-01-16T13:38:22Z,0,0,en
UgywFGoMkjmO7EzyYYh4AaABAg,@msc2u1,Attention and clout-chasing is the new mental illness.,2025-01-16T10:01:32Z,1,0,en
UgzXphiR4NpwqiNtW054AaABAg,@StripperPhysics,One or two of these idiots doing a prank getting 5 to 10 years in prison would solve decades of copycats trying to do the same thing. The reason the shit keeps happening is because nobody gives them a punishment for their brazen acts of stupidity.,2025-01-16T09:07:58Z,0,0,en
UgxlmzT2U-2sm8Zs7ut4AaABAg,@witebatman,"To be fair, the president can call for national violence, so they probably thought they could too.",2025-01-15T17:17:25Z,0,0,en
UgyglCdpPSaoMAa6a5R4AaABAg,@Ed19601,They were luvky they weren't  'offed' by an armed guard,2025-01-15T11:25:52Z,1,0,en
UgxjOpjsJaCphqNl4354AaABAg,@Ed19601,"On top of it, sue them for emotional distress",2025-01-15T11:24:15Z,0,0,en
UgwXLU9NZ-KX7bVszWJ4AaABAg,@mattsoca1,"Besides criminal charges and incarceration, the sheer stupidity of this reprehensible act should automatically result in immediate ejection from the university.  They clearly demonstrated that they are not ""university material"".  UConn administrators should have acted swiftly.",2025-01-15T08:46:49Z,0,0,en
Ugwhy46GBEwCQVeNC-B4AaABAg,@rd22.rd22,"Im sick of hearing ""zero-tolerance"" when kids like this exist and get away with shit. Sick of shitty people having shitty kids and raising em shitty so we all have to deal with them. 

""Recreating a tiktok"" should be criminalized at this point. What monkey watches a video like that and goes ""We should do that here!""
Its lowering IQ and i couldnt be happier about the ban.",2025-01-14T22:28:42Z,0,0,en
UgxKCDLoQBHXr1nqmrN4AaABAg,@apr6337,And people say we don’t have a mental health crisis in this country. Not to mention imbeciles in our universities,2025-01-14T17:45:13Z,0,0,en
UgyHqNX5gRabvNhK8C14AaABAg,@666skyshadow,Why are so many of the students wearing those ugly tan slipper things?,2025-01-14T17:26:10Z,0,0,en
UgxSJD2m5_xEi8qr-3V4AaABAg,@EbonAvatar,A prank is something you do to your friends. When you are doing stuff like this to random strangers it's just harassment and assault,2025-01-14T17:10:26Z,0,0,en
UgygpvPGS5QIaKVrKUd4AaABAg,@meomy29,Why show the backwards lettering?,2025-01-14T02:13:32Z,0,0,en
UgwapEJlcMS-hUVI6GR4AaABAg,@radracing3370,Did they get any likes? I’d like to know what jackasses encourage this crap,2025-01-13T20:38:12Z,0,0,en
UgwGkB78QBwxMt_k8Dh4AaABAg,@zombaebby,"back in my day kids would just yell ""fruit salad"" and everyone would just drop to the ground to prank the teachers... what happened to the good ol' days.",2025-01-13T14:20:21Z,0,0,en
UgxyEpHtNFjtwEwjwqx4AaABAg,@K0nt4kt,"CHINA starts these ""prank trends"" to destroy AMERICA!!! BAN TIKTOK TRUMP2025!!!",2025-01-13T04:40:20Z,0,1,en
UgwmR2GKudnYIgP9ElR4AaABAg,@deslocc124,Poorly educated young people and they are suffering from it.. Just sad..,2025-01-12T20:13:16Z,0,0,en
Ugw189lf5esb5A2RsjR4AaABAg,@enpi-me,Average american IQ,2025-01-12T11:55:15Z,0,0,en
UgxA3PNoVJ92v3WF1Uh4AaABAg,@raymondcaylor6292,A prank is where you unscrew the lid off a salt shaker.,2025-01-12T02:32:09Z,0,0,en
UgyJoQmV0TwX5rnTnsF4AaABAg,@joelwilson8867,Still alive? Too bad.,2025-01-11T22:49:04Z,0,0,en
UgwS8CgGDD72R2w_wFV4AaABAg,@ryanwyrick6947,"Make sure they get at least 5 years that way theyll do at least two of them. How much you wanna bet they will get this ""illusion time"" where all the loud mad people are fine with the sentence but then they just get right out a year later with good time. Kind of like the NASA shuttle shuffle...",2025-01-11T19:15:33Z,0,0,en
UgwU4kkNDMZsyTV8gUt4AaABAg,@tmontgomery7592,How funny wouldnt it have been if someone had a ccw ? FAFO.,2025-01-11T17:35:07Z,0,0,en
UgwWAYzAmJWRf_HughJ4AaABAg,@Tommywal-ker,"Why is there such an intelligence drop in this generation, They are so stupid.",2025-01-11T08:44:56Z,0,0,en
UgzCpgF84C1wsxHZOxt4AaABAg,@junglehusky1453,"Dude respect with this comment but you gotta lose the child play  mat behind  you I get the marketing of it but it’s not an impressive backdrop and I personally feel  it  affects your credibility and professionalism when reporting topical events.   

Challenge: lose the carpet behind you for 1 month and see if your sub rate increases.   

P.s .  I’m a subscriber I love your channel no hate here",2025-01-11T07:36:43Z,0,0,en
UgwqYnSgJl8FnzauKE14AaABAg,@_ifrit,i was against tik tok ban but tbh moron kids like this are gonna be fuel to have it banned more.,2025-01-11T02:14:50Z,0,0,en
Ugzf5CfPAmQui6O43dt4AaABAg,@nyctolia,I'd love you read your dissertation!,2025-01-10T23:18:08Z,0,0,Other
UgynusfEQ_QyWrnc6L54AaABAg,@gap949,Tiktok is a ticking time bomb  !,2025-01-10T21:31:05Z,0,0,en
UgxoDEH6mVUbebXS-ER4AaABAg,@charlescox290,"0:28 wait, why is the text backwards?  At the logo?",2025-01-10T19:52:07Z,0,0,en
UgxSe3DtOXkwFf2DfrJ4AaABAg,@McMillanScottish,This is what happens when you let an iPad raise your child.,2025-01-10T16:03:45Z,0,0,en
UgwC3lBBR_YuJV_283B4AaABAg,@paulswickard7488,"If it isn't punished, more idiots will keep doing it. No excuses.",2025-01-10T15:12:42Z,0,0,en
UgzlwNiIBOUJeBUzZ9Z4AaABAg,@wxmyjnsn,In some places they could have been 2a by someone thinking it was real. SMH,2025-01-10T15:00:01Z,0,0,en
Ugx3r7hw38AfgwuhT1p4AaABAg,@pleasy13,"""Melissa"" the journalist on the scene looks like she is about 13 years old. So bizarre!",2025-01-10T14:56:27Z,0,0,en
UgwM6vHkpkbaVs-fnSN4AaABAg,@22Chad_Reed22,it's just a prank bro,2025-01-10T13:22:30Z,0,0,Other
Ugw_qXwMQVf6P5Mt9ax4AaABAg,@cloudjin893,send them to prison pls. need to have consequences for these things.,2025-01-10T01:28:50Z,0,0,en
UgwbjifpQtFaBrZkUAp4AaABAg,@BraveGosam,"USA fact. close to 600 school shootings in 2024. And yet kids doing pranks like this. USA, what is going on with your people",2025-01-10T00:20:09Z,1,0,en
Ugy9W7RPpT8nW2_Z4uR4AaABAg,@doppelminds1040,"The most stupidest thing I did when I was a kid was destroying the neighbor's flower pots and burn my toy cars in the shower thinking it would look cool, mind you this was before social media ever existed... of course, the internet is amazing but man, it's also dangerous asf in the wrong hands",2025-01-09T23:18:24Z,0,0,en
Ugxb7pq9-z2Ek9wEm5N4AaABAg,@UncleDadB0d,Holy moly. I work at Uconn and did not hear about this.,2025-01-09T19:42:58Z,0,0,en
UgzzrqE4nwakC-uJPVB4AaABAg,@BM-di9wz,"I need tiktok to be banned seriously, people pranking people at others expense, brainrot generations, misinformation consumption",2025-01-09T03:05:59Z,1,0,en
UgzfziVlX7b8TrfqGP54AaABAg,@deeg8182,"""We were recreating a trend"" Ok, what account? Where did you see it? When? Tards, you think ppl cant verify this stupid bs?",2025-01-08T19:51:35Z,2,0,en
UgwwN2XDd8R2dpYBGFt4AaABAg,@ianmiller8222,"Why did they doo it? Clout,baby! I'm goin' to jail,but i got a suitcase full of clout!
(Btw,can you buy cigs in jail with clout?)",2025-01-08T18:30:22Z,1,0,en
UgwFXKWnmurDWPLy_Up4AaABAg,@batchbiz5433,I went to UConn. This is nuts.,2025-01-08T17:24:15Z,0,0,en
UgzN6kby4LW6KzmYjlF4AaABAg,@wesleymiller6674,"I was just thinking that if they wanted to arrange a “skit“ like this, they would’ve been fine and still gotten their stupid clout. 

You know, renting a warehouse or sound stage, having their friends volunteer to play their roles of students, then they could’ve had their stupid little skit, and it would not have been a real school.",2025-01-08T11:57:14Z,0,0,en
UgyNEIdyJIDpHb-O3-94AaABAg,@skibidirizzlerzc02,it's just a prank bro,2025-01-08T04:27:17Z,0,0,Other
UgyZeoNZ2886OAxihUB4AaABAg,@rsitch1,"They must be punished. It’s similar to shouting fire in a movie theater.. similar to a robbery in a bank..
    They must be fined and punished in jail…",2025-01-08T00:55:17Z,0,0,en
UgwQPFplby7DrpXgzgV4AaABAg,@MrTwotimess,Not funny. It's terrorism.,2025-01-07T18:51:09Z,1,0,en
Ugwc50C7nandnTHNxRN4AaABAg,@ByeFelicia-ho3mm,Next - Don’t pay rent prank,2025-01-07T16:57:42Z,0,0,en
UgyYzkVlEevAkY4mTgl4AaABAg,@RootTheLucario,Oh and btw cops don’t shoot unarmed men i think one of the cops that were there didn’t see them holding a real gun,2025-01-07T16:54:13Z,0,0,en
Ugytlu0IEWebJJaU3Rh4AaABAg,@RootTheLucario,What those 2 did is something i wouldn’t do,2025-01-07T16:51:08Z,0,0,en
Ugydjii7oTICxlvAPWZ4AaABAg,@RootTheLucario,Well they kinda had it coming,2025-01-07T16:48:15Z,0,0,en
Ugx_M4-N2hab6dU4qFh4AaABAg,@excaliburofgachagames9241,When I was a kid the little hang gun you make with your fingers was an expelable offense. Also these two 100% look like school shooters. My campus had a shooting range so yea they got off lucky.,2025-01-07T15:15:05Z,0,0,en
UgxI61mRt7KnVN-xXJx4AaABAg,@ghxstess,"Yeaaaah these guys are just adding onto the list of why I'm scared to do in-person learning in American universities. Been fully online since 2023 because it's cheaper, and because it reduces the stress of things like this. I'm glad there are MAs I can do online, because atp I'm just continuing online education as much as I can.",2025-01-06T17:54:36Z,0,0,en
UgyhSFWTpJGdKvi4sxx4AaABAg,@Artemisaobscura,Yeah all they could do was to shout. its a prank! its a prank!,2025-01-06T13:31:33Z,0,0,en
Ugxbd7uALzygQwfDtC94AaABAg,@krchatira,"An idea takes a thought process and in this instance theres no evidence of any forethought, scary part this was done by university students 🤦!",2025-01-06T09:59:52Z,0,0,en
UgzOYocn6g-zNxqG-7R4AaABAg,@alestane2,"We played Steve Jackson's ""Killer"" game on campus when I was much younger. Our rules were clear about guns and other weapons having to be *very* unrealistic, like plastic orange water guns and minimizing involvement of non-players, and we warned everybody in advance through posters. And this was France decades ago, before the heightening of the terrorist threat. 
Still, it might have gone bad even then... Doing what *they* did sounds stupid indeed. I hope this teaches them a lesson but doesn't destroy their lives, exaggerated punishment is rather stupid too.",2025-01-06T06:23:44Z,0,0,en
UgzxH8ndBdYEpWC5H6V4AaABAg,@Rytonic69,Imagine if there was a Marine veteran there on the GI Bill and jumped them,2025-01-05T23:04:51Z,1,0,en
UgwgqmWielp6K0vRevx4AaABAg,@cyrus909,"my senior class' only ""senior prank"" (first year back in person after covid) was bringing poppits to school and stepping on them to try to fake a school shooting. it was a small group of ppl i didn't know. idk why ppl think these things are funny. they never got in trouble LMAO",2025-01-05T04:33:29Z,0,0,en
Ugw2p2ZR37C1ujCzbDN4AaABAg,@charlenembarga3239,Oops “prank” 🙄,2025-01-04T21:40:17Z,0,0,Other
UgzfQ-vQbZLCR-66iL54AaABAg,@ChillyWillyJr,Social media is the means to discover that there's always someone dumber than you can imagine.,2025-01-04T18:50:35Z,0,0,en
UgxgKhMKJKMkrnBIQ-B4AaABAg,@ronnieleonard8444,This is what happens when college is made only High School Part 2. There was a time that only the intellectually competent would graduate high school; diplomas today mean nothing. College should not be possible for everyone.,2025-01-03T18:28:27Z,1,0,en
UgzDfZYedJzDZjzH37x4AaABAg,@Alan7997,4:27 Nathaniel has an unfortunate Boston bomber look about him.,2025-01-03T09:45:25Z,0,0,en
UgxkqSUqKUUidVKzIHl4AaABAg,@victoriavonheals2384,Whatever happened to common sense?,2025-01-03T01:57:38Z,0,0,en
UgxOL-1NaNu4aHwl1hx4AaABAg,@Tomwat1912,Is it me why is the text backwards on the news broadcast,2025-01-02T19:11:36Z,0,0,en
UgwYX8Qar3vx69P0qi14AaABAg,@jeffd2931,"""its not my fault its the internets fault""",2025-01-02T01:37:38Z,0,0,en
UgyvRy61A04XCD-NUUZ4AaABAg,@diamondnova4227,"Tik Tok needs to be banned, as far as I see it that stupid platform has done more harm than anything.",2025-01-02T00:02:08Z,0,0,en
UgzyEt04l2qdA71HqiR4AaABAg,@prayfawind,Make them examples for the other would-be pranksters,2025-01-01T20:58:47Z,0,0,en
UgybOk4cL921GCie8-l4AaABAg,@johnj8664,This thick tock needs to be closed down immediately,2025-01-01T19:54:36Z,0,0,en
UgzZitK9ssNEi7M8wVZ4AaABAg,@JavierRamirez-lx4ev,"But, it’s prank bro… omg 😱",2025-01-01T07:20:22Z,0,1,en
Ugz1pky9UTFAAZ3xj7N4AaABAg,@IPODsify,Michael Reeves nooooo,2024-12-31T22:04:51Z,0,0,Other
UgzBV_4bfO0zr-nnaF14AaABAg,@steffiphill,"Inciting panic is illegal.

Shout fire when there isn’t one incites panic… one will be arrested.

Pretending to holdup a cafeteria is no different.

Idiots.",2024-12-31T12:47:38Z,0,0,en
Ugy7u1lGb7Ox5uJroq94AaABAg,@robertallison7311,What if a good guy had a gun and shot them would the good guy face any charges or could he say it was just prank?,2024-12-30T16:03:39Z,0,0,en
UgwJ1a3xRbX03F1uG7d4AaABAg,@joewhitt2073,Lucky they didn’t get hurt.,2024-12-30T15:56:51Z,0,0,en
Ugxa5wqvbZ1D_f89Rkx4AaABAg,@michaelallen3395,"""Everybody on the ground now, hand over your Dinner Money,"" which went down like a lead balloon. I was young once but my 20yr old Son and his friends would never consider doing that because they're not stupid plus not trying desperately to become the next member of Sidemen etc..(don't blame me if I spelt that wrong) My son as I said a few weeks back still has his Town Play Mat from 2005 on his bedroom floor, before I said ""forgive me I know it's seriously bad parenting"" LOL. Then someone replied ""it's not"" and they wished they still had theirs.",2024-12-30T01:31:19Z,0,0,en
UgzuyO4srtXg0gMPhLt4AaABAg,@neondragon121,I thought pranks were something everyone involved can laugh about and not cause mental/physical scarring,2024-12-29T20:16:15Z,0,0,en
UgwIuMLt158nlDpPBd14AaABAg,@futurecartoonist6884,"I think they should be charged. Fully. Be an example. 

Because that's fucking stupid and a cop out answer. It's the equivalent of doing or saying ""it's a prank bro"" or ""it's a social experiment"" after you kick somebody in the knees.",2024-12-29T18:40:47Z,0,0,en
UgzG6WzutXlxTWQNsz54AaABAg,@jameswalsh5023,why is all the video reversed?,2024-12-29T01:55:03Z,0,0,en
Ugzq3zmYinwkcqJn7294AaABAg,@Cuz_lufc,Hopefully they get jail and it'll start a trend of these pranksters getting jail time 🤣,2024-12-29T01:05:09Z,0,0,en
UgxIrc95QGnFp2XNtyZ4AaABAg,@TheBakerBoi98,It’s true I’ve seen your videos this is wild,2024-12-28T18:36:49Z,0,0,en
Ugz_vDA-dfCBlRZhq3h4AaABAg,@fredrickfarmer3762,"To all the stupid pranksters out there, WTF is so funny about this s*&^? Please explain yourselves because us normal people of decent society would just love to know what's going thru your minds!",2024-12-28T17:57:08Z,0,0,en
Ugz8URAEoaoW8i0C2oV4AaABAg,@fredrickfarmer3762,WTF? THEY WERE LUCKY THERE WERE NO ARMED OFFICERS THERE OR THOSE TWO WOULD HAVE BEEN SHOT DEAD ON SIGHT! SO SO STUPID!,2024-12-28T17:48:54Z,0,0,en
UgxomCjttd7wQgoti394AaABAg,@paulstarnes417,Maximum punishment should be required..,2024-12-28T13:20:59Z,0,0,en
UgzMiz8Pt1uruc8OBOx4AaABAg,@paulstarnes417,"In Texas they may have got shot, at the least they would've been hurt on a hard take down.",2024-12-28T13:20:01Z,0,0,en
UgysHpSRka8wTFd-W1R4AaABAg,@ProfoundAnalytics,"There mug shots look like there totally capable of actually committing this ""prank""",2024-12-28T06:43:53Z,0,0,en
UgyrVfsvCIlztUQp-Hd4AaABAg,@kikiday5250,These kids are getting dumber every moment.  Please take away internet access.,2024-12-28T06:22:13Z,0,0,en
UgylNfAoq6EvT9LGqAJ4AaABAg,@bombcheeto4153,According to you everyone ruined they’re lives but everyone always comes back,2024-12-28T00:37:43Z,0,0,en
UgwhhDzEgBrD56TfWPN4AaABAg,@littlejoka,I carried while I was in college just in case,2024-12-28T00:33:41Z,0,0,en
UgwKPIea6dIbSCSqkaV4AaABAg,@RogeNight,From the devil made me do it to ticktock made me do it,2024-12-27T23:20:02Z,0,0,Other
Ugyq9_we8hPYG01w1Dx4AaABAg,@drztopgun,"What a bunch of dummies people have lost their kids to school shootings, and they thought that was a funny thing to do incredible 🤨",2024-12-27T22:08:45Z,0,0,en
UgxB2cPHmc-Y6tm-MWx4AaABAg,@kiaayo33,Them blaming XiTok is hilarious but in some dumb way I can believe it.,2024-12-27T19:44:25Z,0,0,en
Ugzb3sF79cpfZPZ8LOd4AaABAg,@adamwehri,As a teen back in the day. We got pulled over for shooting squirt guns at other cars. They charged us with inciting a riot.  So completely understand why this would be a no no.,2024-12-27T17:44:38Z,0,0,en
Ugx5mKLKS_aCnnYRbk94AaABAg,@gregorybrian,What’s with the reversed images in the video? Backwards words and such?,2024-12-27T04:21:12Z,0,0,en
Ugw65ps6x0ps3kT3GXB4AaABAg,@TheSutanian,"Social media apps already look through stuff like users threatening violent terrorist acts and the police crack down *quickly* on that, because they have a backdoor to everything, by law.

So the idea of two students doing that as loudly as possible in a lunchroom. You’re beyond stupid for even suggesting that *to anyone.* Especially in the state of Connecticut!",2024-12-27T03:10:36Z,0,0,en
Ugx_s6lH29oqZ6yD81l4AaABAg,@jackkinney283,There’s definitely not students who “risk” it for self defense when you’re talking carrying a firearm on campus. Even if they did use it for self defense they would be in very serious shit,2024-12-27T01:33:15Z,0,0,en
Ugw7T6wzOdIrogIMsqJ4AaABAg,@t.r.luxx1311,"Never thought I would see the day that someone would use the Columbine School Shooting Massacre as inspiration for a tiktok trend, I can only imagine how outraged parents and family of school shooting victims are with this incident.",2024-12-27T01:29:22Z,0,0,en
Ugwosb5dFNQezxXBQC94AaABAg,@Stackwood105,"That's the brains of our ""educated"" future😵",2024-12-26T23:07:42Z,0,0,en
Ugzbk_kjpCuk-QgAcEl4AaABAg,@robbuery1341,The parents did a great job. What are the odds of these two becoming meaningful contributors to society?,2024-12-26T22:31:46Z,1,0,en
UgxfxA4gkJIa-CPvT5p4AaABAg,@c0rnd0gs,Ur microphone sorta looks like a headlight bulb,2024-12-26T22:21:20Z,0,0,en
UgyGr1bv8umj8ZP2bPd4AaABAg,@leemastro9904,"An example needs to be made, of these idiots.",2024-12-26T20:08:11Z,0,0,en
UgyxXtnk2kLedQiMg6J4AaABAg,@SilentPriest,This....This is why Tik Tok is getting banned in America,2024-12-26T19:52:02Z,0,0,en
Ugy4E2NA8WI_lwc9HT94AaABAg,@brayhill,"Officer, I was just following the ""punch a Tik Tokker in the face"" challenge.",2024-12-26T19:38:02Z,10,0,en
UgyzCqiOhlSBfrG3cE94AaABAg,@GarrettLedwick,All these kid on drugs too much galaxy gas,2024-12-26T19:34:25Z,0,1,en
Ugzc20d5HyZotEgy6UB4AaABAg,@GarrettLedwick,They better be glad day or not blck,2024-12-26T19:25:42Z,0,0,en
UgwOUQxSjN5y-9kYtfx4AaABAg,@GarrettLedwick,And this  y tiktok it's getting band,2024-12-26T19:22:40Z,0,0,en
UgyU-P-xqfDdpr-kD_h4AaABAg,@ItzzCommon,They are definitely gonna ban tiktok,2024-12-26T15:46:58Z,0,0,en
UgzR5zS01OU4Q8Q1F1l4AaABAg,@DedicatedSpirit8,"Just cause atoz doesn't know the video they referenced, doesn't mean it doesn't exist ..

Some students claim to know what video they were referring to",2024-12-26T15:35:46Z,0,0,en
UgwtU3T0tuW2w8uZ0yt4AaABAg,@bc52023,A couple of tough-looking thugs like these two will feel be asking where their personal safe space is.,2024-12-26T12:47:52Z,0,0,en
Ugyf3cDrUaWI6mIuqIt4AaABAg,@jeremysherrod737,Stop being STUPID!!! 🤦🏾‍♂️🤦🏾‍♂️,2024-12-26T11:35:47Z,0,0,Other
UgybQoKstGBM3K4wLSh4AaABAg,@Vince20242,Tiktok going to get might banned after a few months because of this. 😅,2024-12-26T04:48:24Z,0,1,en
UgykIXqgnz8kQd5rEEB4AaABAg,@VAnotes2,Remember when pranks were funny?,2024-12-26T04:43:17Z,1,0,en
Ugxp22n4VBZscCJiTXF4AaABAg,@Winter_lover_4_ever,"This is unfunny gosh this ""prankster"" should get banned from the internet 😒",2024-12-26T03:31:38Z,0,0,en
UgxNRWn7PjGPJIp11fl4AaABAg,@HoldOffHunger,"1:40 ""yelda selda wet"" SUPERB reporting here, my friend.",2024-12-26T02:45:15Z,0,0,en
UgxAbCEah1fC_1q0Lmx4AaABAg,@GodzillaPowerPuffFan,I hope these teenagers do learn a lesson since they’re spending 10 years in jail And thank God TikTok is getting banned in January 2025 Because these trends seriously need to stop,2024-12-25T21:44:51Z,0,0,en
Ugx1ar0CYqcopImNUTR4AaABAg,@oldfogey4679,Making threats that u are armed can get u really shot!,2024-12-25T08:03:25Z,0,0,en
Ugy4eC-gRqcAqbOHAzJ4AaABAg,@clydecash5659,"Why do you censor out such basic words?  Jesus, even Nani-Nazi YT isn’t gonna boot you for saying “shooter”.  Grow up",2024-12-25T00:28:47Z,0,1,en
UgyCnNur7TqWKrvHLTx4AaABAg,@richardkinley8872,There is some good things on tic tok but my lord there is A LOT of bad/stupid on that god forsaken platform.,2024-12-25T00:12:33Z,0,0,en
UgxxTyg624uv1XycQgd4AaABAg,@unscannable88,TikTok has propelled darwinism magnificently 👌,2024-12-24T21:27:49Z,0,0,en
UgxadWyYyAxDfsZm36l4AaABAg,@OceanandStars1178,"As I tell my kids, a prank should be harmless and end with all parties (including the prankee) laughing. Otherwise, what you're doing is wrong. I am so sick of ""prank"" being used to describe what is actually just criminal assault and/or harassment.",2024-12-24T21:15:21Z,1,0,en
UgxcuVrwUHOep9Rxy194AaABAg,@Kristøf_Kristøfson,Kids get dumber every generation,2024-12-24T20:32:45Z,0,0,Other
UgyWcDnIlTVyv_b7CaN4AaABAg,@pamparker4047,Should’ve got 60yrs🥺🥺🥺,2024-12-24T19:49:08Z,0,0,en
UgzpEpZg7HLzNEEE3ht4AaABAg,@SteelDragon1986-i8k,Luckily this didn’t take place in Florida,2024-12-24T18:06:54Z,0,0,en
Ugw9VCYz4vZ-Cv591iZ4AaABAg,@RCT335,"At this point, i hate to say it, let the stupid ones get what they deserve.",2024-12-24T16:50:31Z,0,0,en
Ugzlpdcyujhsj5sDjxV4AaABAg,@RedshiftRiderrs,i like the backwards words,2024-12-24T16:37:02Z,1,0,en
UgxMNVtXenuT5DnVFcx4AaABAg,@aikhis,Wonder if they think the judges prank of a decade in prison is going to be funny,2024-12-24T16:11:58Z,0,0,en
UgwQ2ZjpG8Etpl_dIiB4AaABAg,@jeveloz47,Why does the Nathaniel guy look like the Boston marathon bomber and the Asian guy looks like the hostage that run away from them at the gas station. The movie version of them. Hmm....,2024-12-24T15:45:01Z,0,0,en
UgyC02mnJvo3JxmraVt4AaABAg,@kimmycupreacts,"The future leaders, ladies and gentlemen. We're all doomed.",2024-12-24T15:22:44Z,0,0,en
UgyUO2nmOdHfd1dcYth4AaABAg,@jasonjarrett9454,They should give max sentences for all pranks to make examples out of them.,2024-12-24T05:33:00Z,0,0,en
UgyYPpFdAoL4Gh9j8sh4AaABAg,@alexhess1163,Could this have been a death-by-cop suicide attempt?,2024-12-23T22:53:55Z,0,0,en
UgwTT-WqtEeJ0Dhblyp4AaABAg,@nobodyspecial115,At this point we might as well say any crime is a prank as long as you film yourself doing it,2024-12-23T21:53:50Z,0,0,en
UgxntDjMMt4VOAWS0jx4AaABAg,@rsl6767,Let's be clear.. no one should feel sorry for the parents.. period. This is the result of bad  DNA and bad parenting.,2024-12-23T21:50:36Z,4,0,en
Ugy_L_yKMCWqi0AQehB4AaABAg,@1_therealcreatedjam-ph8pv,what is “tik tik”,2024-12-23T21:19:06Z,0,0,Other
UgwUhvVguSHOSS5SFtp4AaABAg,@Tuck7326,5k to bond out ... why did they even arrest them at all?,2024-12-23T20:05:12Z,2,0,en
UgyfhyKZELtl_yal9394AaABAg,@Tomken8d2,"I think China dropped a ""stupid b---"" on us.",2024-12-23T20:02:15Z,1,0,en
UgyDbGkVoDZYiniXib94AaABAg,@Popcorn-uv4bx,Ever notice they are always punks,2024-12-23T19:41:43Z,1,0,en
UgzNMsEG4cP-5JsI7DR4AaABAg,@kevinkohlman9884,They will make awesome toothless Hoover Vacuums for Tyrone and the boyz. Vroom vroom,2024-12-23T19:33:13Z,1,0,en
UgygC5WBOP2FN86wCPJ4AaABAg,@ryancharles4031,I hope they are laughing their assess off all the way to their jail cells. Ha ha sooo funny!,2024-12-23T18:03:28Z,1,0,en
UgzWuVdi8n7zuv3EWSR4AaABAg,@alfredpaquin3563,"I was young once also,but I never knew anyone THAT STUPID!!😂",2024-12-23T17:37:40Z,4,0,en
UgyTHjmevdv8sAwsEWl4AaABAg,@shawnt5205,"Dude, EVERY campus has a no gun policy lol. You wouldnt believe the level of felony that comes with bringing a gun to school. They are a prime hunting ground for Sh**ers because it is well known that no one in a school can fight back.",2024-12-23T15:05:37Z,1,0,en
UgwOkZXZpFffOYDKyrx4AaABAg,@pvp1813,I go to UCONN and that tuition is not correct at all. I pay $63k a year for out of state. Before scholarships and financial aid that is.,2024-12-23T14:56:11Z,1,0,en
Ugx1dhbS0jtM5PEV7f14AaABAg,@flynnfarron,"""We live in a time of zero tolerance for any violence on campus."" Yeah? You should probably tell your state officials that.",2024-12-23T14:52:45Z,22,0,en
UgwSNWxzCvtcK_5TwKh4AaABAg,@ken481959,"Remember Flight 93. Those people took down highjackers KNOWING they were going to die.
Lock these two up.",2024-12-23T14:14:16Z,1,0,en
UgxiXbs8ZJYmdJwtcXx4AaABAg,@Raneboh,"Banning TikTok because of Chinese Spying: 🚫
Banning TikTok because kids are stupid: ✅️",2024-12-23T11:12:46Z,1,0,en
Ugx1TEmW2fXISQl0oCt4AaABAg,@ShutTheFuckUp1987,"I like it that this kid does not know the difference between prison and county jail. They have absolutely 0 chance of going to a state prison, None at all whatsoever. Mabey possibly some county jail time. But let's be real, they're gonna get probation.",2024-12-23T06:11:42Z,1,0,en
UgxVfh5B0Hk8_8p7TT14AaABAg,@ShutTheFuckUp1987,"Did this kid really just say that he could do five years for breach of peace, which is a misdemeanor crime. The maximum you could do is 2 1/2 years. And that would be, if you've been in trouble like nine hundred times for the same thing. These kids are literally gonna get a slap on the wrist. Some fines and possibly community service and probation. I don't know where this kid comes up with these, jail sentence times. Breach of peace is literally the lowest misdemeanor there is. Connecticut is also very extremely lenient on crime.",2024-12-23T06:03:47Z,1,0,en
Ugzuxak62aGGOA1wQi14AaABAg,@alexnaughton8024,Giggles n smiles maybe,2024-12-23T04:00:46Z,1,0,Other
UgyqjsAjx59Z7urTU294AaABAg,@alexnaughton8024,Bing bong when you see these dogs in your yard just know upstairs I’m going HARDDDDDDDDDDDDDDDDD,2024-12-23T03:58:11Z,1,0,en
UgxbUW_gLlMp4SNqlYl4AaABAg,@justinecooper9575,"6:32 - ""and not in the South.""
Exactly what I was thinking.",2024-12-23T01:08:25Z,1,0,en
UgxjmnjXJ4Qo57JKjd14AaABAg,@youdontneedtoknow106,Tik Tok needs to be banned at this point like one of the biggest things that i find funny is china made it and they dont allow their people to have a social media and the whole stupid kids doing stupid crap that feels almost as if they are being brainwashed into it,2024-12-22T23:18:46Z,1,0,en
Ugy5JQEYyatz__Toad14AaABAg,@TheGruffchickJournal,They're lucky they didn't get shot.,2024-12-22T21:18:22Z,1,0,en
Ugx41IAbriB1ZFaPNHt4AaABAg,@VisitingVyxie,Some very proud parents XD,2024-12-22T19:25:42Z,1,0,Other
Ugx2fMjTC8-yHlPk0x54AaABAg,@derekrichards5600,they should have used squirt guns instead?,2024-12-22T19:22:02Z,1,0,en
UgzNgGT96I9Uipj90VR4AaABAg,@morganthem,"pure karma, unless it's a banana a shooting ""prank"" is not funny and even then... pure karma",2024-12-22T19:06:30Z,1,0,en
UgxDBCWSi2cz_6oU6y94AaABAg,@mitchg796,"American teens are getting stupid everyday,",2024-12-22T18:41:03Z,1,0,en
UgyEC-jNUtAEU7B_9ZZ4AaABAg,@magical8013,"Wow, these two are freaking idiots",2024-12-22T18:08:54Z,1,0,en
UgwaeWcZnlPt32ExLqN4AaABAg,@lisamaitland157,"The media needs it to be a trend, so they can have news.",2024-12-22T17:45:01Z,0,0,en
UgxEHNXw0QBAQIuqBwp4AaABAg,@GamesStuff-d9g,"Lock up ALL internet ""pranksters"" with maximum penalties! Stop it b4 it spreads any further than it already has.",2024-12-22T16:27:14Z,0,0,en
UgyTEbJSNVHzRNY6oOl4AaABAg,@steverlfs,try this in Texas.,2024-12-22T16:07:19Z,0,0,en
Ugx1txIOJrI0mBhmu554AaABAg,@MatthewsSloan,These guys are so lucky they weren't stupid enough to do this somewhere people are actually allowed to carry firearms to defend themselves. They always pick somewhere people are disarmed.,2024-12-22T15:53:18Z,0,0,en
Ugy1bpLDIaOvb94NZ_Z4AaABAg,@FrankHeuvelman,Educated people call  this unfortunate behavior evolution at work.,2024-12-22T15:39:34Z,0,0,en
UgwVp6sB-q94VkdKUMJ4AaABAg,@thomasbyrne4116,"As someone who married into an Asian family, I can tell you I wouldn't want to he that one dude when his parents learned he's probably getting kicked out of university lol",2024-12-22T15:17:14Z,0,0,en
Ugy4HqzFLL7IXNWp0_l4AaABAg,@dsl32,Tik tok needs to be banned,2024-12-22T15:12:24Z,0,0,Other
UgwpUTuy5bxmgyNtQtl4AaABAg,@RiotforPeacePlz,Some guy passes by and actually has a piece and takes them down lol,2024-12-22T15:06:37Z,0,0,en
UgzU8yFXGiaMedgFBlB4AaABAg,@Misscoco4346,30 seconds in the video my mouth is to the floor.,2024-12-22T15:05:22Z,0,0,en
Ugwn1cMQ4Ledss2Jdd94AaABAg,@Zenithx622,Stupid people paying the Idiot tax,2024-12-22T14:25:59Z,0,0,en
UgzMp6uTX8aHRBUAdcx4AaABAg,@msstarlight4770,"Why are there still some people out there who can't figure out that stuff like that gets faked on Tiktok, all the time.",2024-12-22T12:50:33Z,0,0,en
Ugw2VmvDoko3cVhdpSV4AaABAg,@TibiConstantine,They should be featured in the new GTA game.,2024-12-22T09:04:04Z,0,1,en
Ugw4pC8rH9jezPBrU014AaABAg,@assistivetechchick,I was in high school when Columbine happened. Some of my classmates we're popping paper bags in the cafeteria. It was really f***** up. I know how these students felt. Those guys got arrested too.,2024-12-22T08:36:05Z,0,0,en
Ugz-ch5i7r3LI3IGvI54AaABAg,@ShiraBlove,"Zero tolerance for violence on campuses except when it comes to Jews, SO PLZZZ all education institutions are a joke now!",2024-12-22T07:47:36Z,2,0,en
UgwR_Etfk3ftJOnqG394AaABAg,@dengitpeter,This should be Domestic terrorism...like wtf,2024-12-22T07:40:02Z,1,0,en
UgwYJA6KKPxbjhFLQ0N4AaABAg,@melissakennedy5897,They will get probation,2024-12-22T07:22:04Z,0,0,en
UgxAuxvuOmFz0SkQkpV4AaABAg,@swordimpulse07,And then TikTok is getting banned so whatever clout they got is short-lived,2024-12-22T05:01:29Z,1,0,en
UgzISiWj0bXQa8wHNZp4AaABAg,@aidinis50,Ah yes the terrorist attack tiktok trend,2024-12-22T01:26:12Z,1,0,en
UgxoCM1CZFGTJPifDjJ4AaABAg,@grt1769,"I don't get, this sort of crap hasn't been funny in decades, if it ever was.",2024-12-21T17:42:15Z,1,0,en
UgwU6toeavU81ekErY94AaABAg,@BillyBajaBlast,Hell yeah,2024-12-21T16:12:17Z,0,0,en
UgwvNk3JWxV6VLUD59V4AaABAg,@Appel1989,"Tbh the door kicking is just as bad as this ""prank"". Yes, it's on a smaller scale. But people will be scared of being at home while that should be their safe place.",2024-12-21T15:58:42Z,2,0,en
UgyYOjV1lUonu017qBt4AaABAg,@Appel1989,NA education 😂,2024-12-21T15:47:54Z,0,0,en
UgwGChvwDOaMsbivh9R4AaABAg,@shelliepsyd,Why is the news footage reversed?,2024-12-21T11:31:47Z,0,0,en
Ugzgx8czQBVNqstYG-N4AaABAg,@stinks7065,"This would be stupid, scary and dangerous anywhere, even in countries with very little gun violence at schools, but in a country that has a severe problem with school shootings and a trigger-happy police force? A completely different level. I feel so bad for the students who were in that room and thought their lives were in danger.",2024-12-21T09:22:19Z,0,0,en
UgzNQsg4OXXMCuNiPrp4AaABAg,@akalia_07,They should really ban TikTok as it's turning kids and people into brainless things.,2024-12-21T05:59:18Z,1,0,en
UgyB18Zllo1TwaTLqUR4AaABAg,@miss_princess_lily,*Wow! You look like you could be actor Jason Bateman's son! lol*,2024-12-21T00:32:01Z,0,0,en
UgwQDJsdksgfhNtxUQ54AaABAg,@Kate0Len0Ricky,"Seriously, they could have been shot by someone with a concealed carry. I don’t know if they have a police academy on their campus, but at my college- those guys would have been tackled and or tazed.",2024-12-20T22:33:06Z,0,0,en
UgxirKngl4MeF6sta5B4AaABAg,@BearPiggy,aw they didnt get  the darwin award,2024-12-20T21:59:57Z,0,0,en
Ugw5xl8cs67f4QL6fSt4AaABAg,@MercyxRain,"This Is why most states can benefit from a robust understanding of self-defense and self-defense laws. 

This likely would not have happened in a state like Florida or Texas",2024-12-20T18:26:19Z,0,0,en
UgxErTZ8hqgYuRaWbol4AaABAg,@Theduke1999,If it was a prank why did they have a real gun or was it a fake one 😅,2024-12-20T12:35:15Z,0,0,en
UgxpioxZ1JnSuXWpTA14AaABAg,@TheGoldNinja101,Now I wondering if the CCP ghostly told them to do such a thing... I can already recognize that as a manipulation tactic,2024-12-20T12:03:31Z,0,0,en
Ugwj-P898vzb0lcF7r94AaABAg,@kristenkidd3982,Oh right— the new Columbine challenge 🤦🏼‍♀️,2024-12-20T11:26:18Z,0,0,en
UgzSIEp1sIp1EtdfoV94AaABAg,@deadeyes4626,Someone didn’t get enough attention growing up⚡️🪑,2024-12-20T10:57:56Z,0,0,en
Ugz15wdXrC6r-zsTZQx4AaABAg,@Groundlord,"3:22 - Uh, no? They're old enough to fucking know better. They should absolutely be ""marked for life"" for this.",2024-12-20T08:46:57Z,0,0,en
Ugyv67OTlOrd_luvfDd4AaABAg,@Anch54321,They could just shut up and act like Mr Bean and his fake gun.,2024-12-20T05:54:45Z,0,0,en
Ugztyma909KFAF5IznF4AaABAg,@Ducky9976,Just BAN Tik Tok already.   It is making people stupid.  Also this is why im not for student loan forgiveness.,2024-12-20T04:40:38Z,0,0,en
UgziLicyrgIQk4Fbd0Z4AaABAg,@wonderlandmystic448,Good riddance for TikTok ban… so many dumb ass kids doing dumb ass challenges,2024-12-20T03:37:50Z,0,0,en
Ugw2IOjWVJLFvARlJyp4AaABAg,@No_Fuse8771,"Bath salts? I have no other explanation for this one, or theory. Oh, wait, that crap you can buy in Wal-Mart to huff. Sorry, I don't know the name of it, and if I did, I would not say it anyway.",2024-12-20T03:24:20Z,0,0,en
UgyffJUG7Iab_5DVyrd4AaABAg,@ShadowLordxsx,"Seeing all these kids imitating tiktok and and whatever else criminal activities or killing themselves, makes me wonder if the world needs to follow Australia's lead and ban social media for anyone under 16",2024-12-20T02:17:46Z,0,0,en
UgxE4RHAMPFk9SY2By54AaABAg,@Jesus.X,"Your honor we would like to use the ""it's a prank,bro"" defense😂",2024-12-20T00:34:37Z,0,0,en
Ugzjeb_eVblQ9kDtQIt4AaABAg,@leroyusa935,FAFO,2024-12-19T23:53:32Z,0,0,Other
Ugz3Z5MuHXA523MX03d4AaABAg,@lisaharter8087,🤦‍♀️,2024-12-19T22:01:14Z,0,0,Other
UgxBN8B1QXyhArTcx294AaABAg,@PokeShadow77,Too bad i ate at McMahon that day,2024-12-19T18:46:44Z,0,0,en
UgyRkAiuAjxgYw5z7C14AaABAg,@simplelangperorock,"Atozy, have you covered ‘My House is Dirty and Red?” You should see how they assaulted hundreds of people using social media prank @Home Depot, Loews, Walmart etc. pretending they’re pranking.",2024-12-19T18:19:38Z,0,0,en
Ugw4Ngop3GdiF8OlXlZ4AaABAg,@kennethprice5628,One of the stupidest things Ive ever heard...lock them up!!!,2024-12-19T17:58:18Z,0,0,en
UgweAM-uQ0AEAebFcMt4AaABAg,@Introvera,How do you make it to college and do that 💀,2024-12-19T16:24:09Z,0,0,en
UgyurygyNOgpmjtFIgh4AaABAg,@Bongwater33,"""re-creating a viral SCHOOL SHOOTING"" prob just as well people so stupid are taken out of society for awhile. Maybe they should ban tiktok if this is the sort of thing they encourage young people to do.",2024-12-19T16:05:25Z,0,0,en
UgxVFyZp-z8Tg8cCGUV4AaABAg,@Greenteabook,"In 1998, a teen named Kip started this trend. The trend was semi-auotimatics in the cafeteria and they didn't ""Let it end here"" in Springfield.",2024-12-19T15:58:24Z,0,0,en
UgyeD7IadaXhRAhO9494AaABAg,@katherinejoseph1416,"Give them the 10 years, make an example out of them",2024-12-19T15:54:30Z,0,0,en
Ugwx_mTq0NiCYmYWooF4AaABAg,@CurtisWhitehead-wn5bs,"Intelligence and Good Sense don't often kick it with each other, do they? 🤨 Morons.",2024-12-19T15:48:16Z,0,0,en
UgxUOho0gkcDH9zwDRt4AaABAg,@LilFireFox,"Wait, UConn? This happened in my State?! Why am I just hearing about this now? And not only that, they pulled this stunt when Sandy Hook Happened?! *face desk*",2024-12-19T15:41:48Z,0,0,en
UgzLCKHFJPegq95tDg94AaABAg,@heehaw8401,This is why TikTok needs to go away.,2024-12-19T15:24:13Z,0,0,en
UgzLcJNjXbzTGqAxg0t4AaABAg,@Leifreon,Tik Tok and Social Media are just.. A brain rot on society at this point... People are doing stupider and stupider shit like this for clicks and views.,2024-12-19T14:46:55Z,0,0,en
UgzIJ0tl5vYE6nROvs14AaABAg,@fshgjguhergbertyuihg,"Calm down, its just a prank bro",2024-12-19T12:55:21Z,0,0,en
UgwREj4bX7SKBuHBCpR4AaABAg,@TheMightyN,"I can see the 1970s hasn't left.


Because only from the Boomer-Early Millennial era would expect tomfoolery of this magnitude. You all know why *Lazer Tag is only secluded to arcades restaurants these days.*",2024-12-19T12:45:46Z,0,0,en
Ugx6SkTxZJEf4as0F754AaABAg,@303junglist7,Tik Tok is trash and these kids should be made example of!,2024-12-19T12:28:41Z,0,0,en
UgwtAlBU-XaNvs2epCh4AaABAg,@Salicat99,"I did a ""prank"" in my University cafeteria in the 90s. There was a live band playing, so i started a conga line. THAT was fun.",2024-12-19T11:26:13Z,0,0,en
Ugz-dFMxEp_7s6XzW4h4AaABAg,@zoniken,"TikTok trend us like ""hurting people is so funny."" So inhuman.",2024-12-19T10:42:49Z,1,0,en
UgyGbm_zD2XZeZWpu9N4AaABAg,@silentmoon6804,Shout out to CT,2024-12-19T09:43:59Z,0,0,en
UgwyFmFtGNKz-6PRVyV4AaABAg,@lostinveda,lucky they were arrested and not shot...,2024-12-19T06:06:08Z,0,0,en
UgzPHkrxqUBmVZOCABh4AaABAg,@LaotianLibra,Pranks are funny but if you are nor careful you could really hurt someone.,2024-12-19T03:41:56Z,0,0,en
UgwBqPvg7-S2aNcELlx4AaABAg,@AE1OU,"Tiktok really needs to be banned, truly the most brainrot app since vine.",2024-12-19T03:30:09Z,1,0,en
Ugw_LCz4SJJTRBbqnad4AaABAg,@AE1OU,Highly doubt these two chucklefugs got in thru scholarship...,2024-12-19T03:24:35Z,1,0,en
Ugwdwx4KHHR2bn7q9kh4AaABAg,@gustavoortizdiaz7265,"Yup, education is not what it used to be.",2024-12-19T01:36:33Z,2,0,en
Ugx_RcWzTAC1xxHK5Td4AaABAg,@NovaTone5,"“The South” that’s funny. 
Hillbilly ain’t going to do ish",2024-12-19T01:05:35Z,1,0,en
Ugx10AQzCgbQx1jSxOt4AaABAg,@paleknight1,"Back in my day, people just did minor stupid pranks to scare people. Now we go from tipods, and now terrorist pranks.",2024-12-19T00:54:12Z,0,0,en
UgysMD--N7vse6ZoabR4AaABAg,@pinksloooge,And people are still trying to save tiktok like look what its doing to people who want attention. Not everyone is smart so we cant be making shit like this a trend 💀,2024-12-19T00:33:37Z,0,0,en
Ugy8ZcHvMNrUNiNnB094AaABAg,@DJcyberslash,Why recreate something that was bad enough the first time,2024-12-19T00:12:21Z,0,0,en
UgxYGz1nrEwSQ678GMN4AaABAg,@genedieball,In today’s world of school shootings. Ten years is not long enough. With all of the real school shooting going on today.,2024-12-18T23:34:26Z,0,0,en
UgxlNdjVSzHTIww3lU94AaABAg,@ladellg267,"What ever social media this was on it needs to be pulled and the poster account be locked. This is the only way to stop this nonsense. The mods should be doing their jobs for any trends. Eating Tide pods, cinnamon eating, etc. There have been 'trends' where kids are tricked into getting into a tub of water in their clothes by peds. 
Do better social media mods",2024-12-18T23:27:03Z,0,0,en
UgywNUNpF_aPUI5Mbf14AaABAg,@frigidchick5682,"They're supposed to be in college, not running around doing childish pranks copied from an app.",2024-12-18T22:39:45Z,0,0,en
UgxAkboIbAFRyAKA2594AaABAg,@oaklandmax,"I suspect youre joking about getting a PhD in TikTok stupidity, but honestly you prob could leverage what youve learned doing this channel into some kind of media studies, social studies, communication, or some kind of interdisciplinary degree if you wanted to formalize your findings at an accredited university. 

That could be kind of great.",2024-12-18T22:39:36Z,0,0,en
UgyuElfevLyp7btKlNR4AaABAg,@herbertfawcett7213,"If you are old enough to VOTE, you are old enough to do HARD TIME!",2024-12-18T22:31:09Z,0,0,en
Ugxdz-F0UkyDejh_urV4AaABAg,@donoth2bloggo1629,"Probably watch that ""Gary the no trash cougar."" From Family Guy",2024-12-18T22:14:23Z,0,0,en
Ugxwv6RzsDfnCKANHmp4AaABAg,@mistybreeze205,tfw tiktok gets banned one year before your PHD in tiktok stupidity,2024-12-18T20:41:37Z,0,0,Other
UgxB48Y_0dOYlpgv-Px4AaABAg,@S_9829,they should recreate this trend at a Police department! 😊,2024-12-18T19:32:42Z,0,0,en
UgyOLUnqi06eTBH2tUh4AaABAg,@djprecio,"Grew up right near Penn Valley, very wealthy area. Kids are so spoiled there, parents rarely say no.",2024-12-18T18:50:58Z,0,0,en
Ugwq9c6PUOaOIbU5icZ4AaABAg,@cybertalkwithdevin,gen z is becoming so radically stupid lmao. social media is really rotting their brains into the ground,2024-12-18T17:50:12Z,0,0,en
Ugz1xfHVLUyQ6nbBWlN4AaABAg,@alyssaedwards6938,TikTok is not gotta last the end of the month why would you do that,2024-12-18T17:45:12Z,0,0,en
UgxAHXB6rHbOy0BgEo94AaABAg,@TheMaiaDriscol,"I'm a public school teacher, and I legitimately have nightmares about SS's. It's not even a rare thing. I have at least three a month. This is a very real danger that we face in public schools and to hear someone making it a joke... disgusting.",2024-12-18T16:56:45Z,0,0,en
UgxnNEjcyIgSmqb9CJB4AaABAg,@itsAlzatron,This is not the Harry Potter and Frodo Baggins crossover we were hoping for,2024-12-18T16:23:34Z,1,0,en
Ugzhg_jjXL3qgsFujWp4AaABAg,@JacobBunea84,“Hey guys today I’m doing the put a chunk of polonium in my roommates backpack prank! Like & Subscribe!”,2024-12-18T15:35:08Z,0,0,en
UgxGjHoIXCG3QN-LceJ4AaABAg,@SliceySlicer,I'm surprised one of the shooters was asian.,2024-12-18T15:25:58Z,0,0,en
UgzehmWZIkEQy-c_IPh4AaABAg,@zenfriend3260,Of course its CT. We didn’t have enough trauma from Sandy Hook huh? 😤,2024-12-18T15:22:02Z,0,0,en
UgxILhYfcjFSyq35wmN4AaABAg,@theycallmeashe,Can't wait til they do it in a 2A friendly place and fafo.,2024-12-18T13:51:13Z,0,0,en
UgwmElbsgbnnQbXZuRJ4AaABAg,@Dude-etiquette,"Stop making age as an excuse, they aren’t children, they are adults",2024-12-18T13:32:22Z,0,0,en
Ugzr3eJTaZO-7AXFDOF4AaABAg,@Dude-etiquette,Absolutely stupid after what happens in the US. Deserved to be locked up,2024-12-18T13:28:22Z,0,0,en
Ugy55hcY2C4goT54sLl4AaABAg,@xtheflabeox8813,They're lucky that school didn't have armed security guards they would be dead right now,2024-12-18T12:37:39Z,0,0,en
UgwiS7tmgGOV43pwRy54AaABAg,@joltjolt5060,Prank/challenge means no.,2024-12-18T12:34:00Z,0,0,en
UgyT0y67cFlmlzG0TTN4AaABAg,@turk914,"Why shouldn't they be marked for the rest of their lives for this?  It's so unbelievably stupid that people need to have information that these two people are mentally defective to the point that they are dangers to society.  I'm not saying give them life in prison, but they should be marked with a warning sign.",2024-12-18T12:31:36Z,0,0,en
UgxVSxl_bJExiXgzm4B4AaABAg,@theclonefromcleveland23,I just had a stroke hearing about this new Tik Tok trend,2024-12-18T12:14:06Z,0,0,en
UgxtkmndjPHtfeaP1Ht4AaABAg,@Mississippicommunistparty,Maybe they were right to raise awareness of TikTok’s algorithm feeding harmful content to unsuspecting users. It is Chinese made,2024-12-18T12:05:09Z,0,0,en
Ugwom62Kv7eakqgsEGd4AaABAg,@saddestcat,"Imagine being 18, getting kicked outta school after a TikTok school shooter prank, then also costing your parents $50,000 in bail",2024-12-18T10:04:41Z,0,0,en
UgxB2LWEPgw1nO-5qqV4AaABAg,@taniele84,"Wild what happened soon after this video was posted. 

Exactly why anyone doing this and calling it a prank is full of absolute sht

And they’re in Connecticut 

A state deeply affected by one of the worst school shootings ever. 

Ridiculous",2024-12-18T10:03:19Z,0,0,en
Ugw9Yr5oRhFmQJsJfs94AaABAg,@taniele84,"Wild what happened soon after this video was posted. 

Exactly why anyone doing this and calling it a prank is full of absolute sht",2024-12-18T10:01:30Z,0,0,en
Ugxwem7P3dvbBd68Sz94AaABAg,@georgeL56426,Immature and the most idiotic scary thing you can do 😢😢😢,2024-12-18T09:34:44Z,0,0,en
UgxHTSdJQW-80S95yIl4AaABAg,@kmmb8266,"BS.    Bull💩 
MS.   More 💩
PhD. Piled Higher & Deeper
😎",2024-12-18T08:36:03Z,0,0,en
UgwBX9JKTdSZB5nzKRh4AaABAg,@discontinuedxxx,People still use tiktok? 💀,2024-12-18T08:07:37Z,0,0,Other
UgzTYpFkzoPiWF2Qhjp4AaABAg,@ericajennings031,"Atozy showing clips from a local news network in my home state was not on my 2024 bingo card. Can't believe these kids would think that ""prank"" would be funny especially given proximity to sandy hook. I hope they're ashamed of themselves",2024-12-18T06:43:15Z,0,0,en
UgwD0sHQ01ewN9tQXbp4AaABAg,@noname-rc2jx,This stunt gives critics another legitimate reason to ban tik tok,2024-12-18T06:04:55Z,0,0,en
UgztCPe6Y8JsSmq8Nbt4AaABAg,@Hikari7178,"I’m a junior in college right now and all I can say is that I’m disappointed… this is also exactly why tiktok is going to, and should, be banned in the US.",2024-12-18T05:57:57Z,1,0,en
UgxGdVFHcc0O6_KCfIV4AaABAg,@Empter,Idiots. How is that going to be funny?,2024-12-18T05:52:01Z,1,0,en
UgwWMB6IRh34dbIO9VF4AaABAg,@blanchedevereaux5403,I'm concerned about your hair.,2024-12-18T05:50:51Z,0,0,en
UgzqN6pkORpRoslT0h54AaABAg,@rorbot_SMF,"It's all a ""prank"" until someone pulls a real gun on them, and shoots in response cos they don't know it's a ""prank"". Some of these youngins don't understand what a prank actually is.",2024-12-18T05:13:49Z,0,0,en
UgzFgPtUG3qMsMGP8xh4AaABAg,@teresahiggs4896,I REALLY wish they woukd ban TikTok !,2024-12-18T05:02:28Z,0,0,en
UgyD4-wdR9dVXcfNYcJ4AaABAg,@deniseyoung3625,"Kick them out of school.this is not FUNNY
... PRIVATE HOME S HOOL THEM",2024-12-18T04:52:11Z,0,0,en
UgyVjJ8sAxDfEEtSSXV4AaABAg,@athensmajnoo3661,It   is  time  PRANKS on  strangers  is considered   crime,2024-12-18T04:37:36Z,0,0,en
UgxbHr9b1FO7-oKnBGR4AaABAg,@feija0zinh0,Another reason to ban tik Tok,2024-12-18T04:13:02Z,1,0,en
UgxOS5mqzFMFRhluI254AaABAg,@xnotmylegalinfox8753,"The words “prank” and “active shooter shouldn’t be used in the same sentence- EVER. Aren’t people worried about kids being desensitized to shooters and god forbid a real emergency happens and kids aren’t alert or cautious? 
Not to mention a false alarm could cause a stampede or crushing incident. All schools across the USA should warn if a student does this, they will be punished.",2024-12-18T03:39:10Z,0,0,en
Ugyu2eD9FB-sUrG7yuN4AaABAg,@MitchGiv,"That’s not a prank,  that’s idiots deserving jail",2024-12-18T03:35:53Z,0,0,en
Ugxlw9DePwWSX2kRrTh4AaABAg,@acetechnical6574,"Didnt we get over this ""prank"" BS around 2012 or so? 

Oh well, less competition for jobs LMAO",2024-12-18T02:58:55Z,0,0,en
Ugxv4QbkteWEQh6TLph4AaABAg,@Cena-d1h,These imbeciles need to be taught a lesson. No less than 20 years for that,2024-12-18T02:50:21Z,0,0,en
UgxAJI109o6tYtYrwOV4AaABAg,@Cena-d1h,10 years is nothing.,2024-12-18T02:49:58Z,0,0,en
UgxqkZeSNNUSlJOJ7GV4AaABAg,@darkachegemony,Normal day in the land of freedom,2024-12-18T02:36:12Z,0,0,en
Ugzv3yGrW7bxHkz01814AaABAg,@sallem5844,Yeah sorry they may have gone to University but clearly they are too stupid to stay there,2024-12-18T02:35:26Z,0,0,en
UgxjKfqDBGKGYESV-dJ4AaABAg,@gnrvgbrl,"Can’t stand gen z… half of yall think yall are a god send, and the other half are degenerate self seeking wannabe clout chasers",2024-12-18T02:15:39Z,0,0,en
Ugz7FRf21qA_K6xZXmx4AaABAg,@schectermeister,More proof that college actually makes you dumber.,2024-12-18T02:13:36Z,1,0,en
UgzhEZI6W_0wUH2iK6h4AaABAg,@JonasClark,"I'd bet some of these trends are started specifically to see who'll copy them and get injured and/or arrested. Trolling, basically.",2024-12-18T02:12:58Z,0,0,en
UgzAOeGp_TvG5Mn12pZ4AaABAg,@BrianAddington-ic4jz,"What if maggots got their way and the teachers would have been packin? 
Think about it idiots.",2024-12-18T01:22:11Z,0,0,en
Ugx-Nt88Ko3h4ellnzV4AaABAg,@simonKagree,What's up with the blurred and backwards text?,2024-12-18T01:14:09Z,0,1,en
UgxLeYthLooxXu6oRnp4AaABAg,@AlistairKiwi,"How awful that TikTok could make idiot kids threaten others in the era of student shootings. Politics in one party says you should have a gun. So, crap for them.",2024-12-18T00:00:50Z,0,0,en
UgwOEfPIBpUgbZGId7B4AaABAg,@michealwatts7469,20 seconds in: Fucking why?? Why would you do that?,2024-12-17T23:47:02Z,0,0,en
UgyQynCJnbx1fWRNArp4AaABAg,@JustMomHere,"It is a cliché to say: “ You can’t cry ‘FIRE!’ in a movie theater!”

What do they think THIS is?
Worse",2024-12-17T23:37:50Z,0,0,en
UgzopZu6eeO4zJhakyB4AaABAg,@joeodell6077,Put Them In JAIL FOR A COUPLE OF YEARS,2024-12-17T23:22:26Z,0,0,en
UgwCh0fboUOyNSZFQ154AaABAg,@marccote5494,"Really?? I’m not trying to be negative, but the young generation of today and what they think is funny is insane.” Hey dude let’s go into public area with tons of people and make them think we have a firearm and that their lives are at risk.” …” no one will possibly think were serious although every year hundreds of mass shootings happen in our country that torment people… right?.”",2024-12-17T23:17:38Z,0,0,en
UgxsHO6RXkLa0XhInGd4AaABAg,@Travel_w_Bubba,Wow what a mess hope those guys get the proverbial book thrown at them!,2024-12-17T22:47:17Z,0,0,en
Ugz3pC6Aqbvw158Nh0l4AaABAg,@lunaoak6741,I feel like as a college student you should know better,2024-12-17T22:18:05Z,0,0,en
UgwdMTIWjn7k1qaf_LV4AaABAg,@MAC-tv6zq,And we give teens the right to vote...smh.,2024-12-17T22:03:48Z,0,0,en
Ugx9SojIjau0mgtAYCx4AaABAg,@MAC-tv6zq,How did these two maroons get into college to begin with?,2024-12-17T22:01:12Z,0,0,en
Ugz5c1vfHtbymtNWEJ94AaABAg,@A-holeCTDrivers,"CT is full of peak stupidity lately. I have hundreds of videos just of that on the road. BTW - you don't have to worry about ""heroes"" in CT. So many anti-gun laws, all law abiding people are basically considered criminals if they carry in the ""wrong place"". Even if you have the proper conceal carry license.",2024-12-17T21:59:19Z,0,0,en
UgzwV588j4Gq_Ndzo3V4AaABAg,@unicornmilk6158,Wait you said this is a viral trend? What video did this trend go viral from?,2024-12-17T21:48:04Z,0,0,en
UgwB3kEBZYp4M7hbpcZ4AaABAg,@unicornmilk6158,It's great to know Tik Tok and college students are destroying our future for fun and clout. *Sigh*,2024-12-17T21:42:22Z,0,0,en
UgwxgP8Xj3p56SPVLE54AaABAg,@bozzgaming3653,"It's pretty much common sense to not pull something like that, but hey, we lost common sense a long time ago haha my honest opinion ban tik tok.. the app does zero good in this world but feeds  brain rot ""pranks"" to this already degenerate generation haha",2024-12-17T21:22:57Z,0,0,en
UgwJVPp5TPhk4EO_uF14AaABAg,@RashaadGenie,Is there tik tok in jail?,2024-12-17T21:19:41Z,0,0,en
UgztMg_DwEQQt0cJGup4AaABAg,@EastBaltimore-z1w,"Back in the day, streakers ran across the dining hall. Traumatizing.",2024-12-17T21:02:48Z,0,0,en
UgxbpwtINSbYJAWHHjB4AaABAg,@mimi_chanqwq7850,Some girls in my school said they did the Superman trend without catching the girl and she lagit broke her neck,2024-12-17T20:48:49Z,0,0,en
Ugw2DRan5D9ORONXYP14AaABAg,@nathanmeece9794,Tik Tok needs to ban videos that may be harmful or dangerous,2024-12-17T20:48:42Z,0,0,en
UgzxaUSkPRapXcejX_x4AaABAg,@tylorsmith6678,This is why ticktock needs to be BANNED,2024-12-17T20:35:52Z,0,0,en
Ugz-uNbTqKcZv3V3vI54AaABAg,@GreatOvation,That's another reason That TikTok is being taken down Too many people getting hurt this isn't j****** you know.  The algorithm on YouTube is less forgiving so most of the dangerous stunts would be taken down pretty quickly.,2024-12-17T20:34:25Z,1,0,en
Ugy1eTPDGrAwSloRhdJ4AaABAg,@GordonPortice-py5zt,"A Trumpian prank, no thought just into the moment of freaking everyone out. 
Critical thinking is not taught in schools. 
 Where's the good guy with a gun?
Trump will have a deal with Tic Tok.
 It's what has always made America great.
 Lobbyist 😂😂😂",2024-12-17T20:09:07Z,0,0,en
UgzlTnKZYRV8zuEUb-h4AaABAg,@madmattmaniaman,"Not too long before we'll hit the ""Shouting 'I Have A Bomb's in a Crowded Airport Challenge"" level of stupid",2024-12-17T19:58:40Z,1,0,en
UgyTbdmONA0KNhwekGJ4AaABAg,@Slamdunk094,Common sense isn't so common,2024-12-17T19:29:58Z,0,0,en
UgzqsUmgDd69od1Xz7d4AaABAg,@dawnharper632,Prison for them.,2024-12-17T19:22:38Z,0,0,en
Ugxvc6uSqjAoNEFeHkd4AaABAg,@sheldonb2022,And this why TikTok should be shutdown… stupid trend = arrest or even death -_-,2024-12-17T19:22:00Z,1,0,en
Ugyj-oQa39O7pv4Pwm94AaABAg,@barrymarootner504,What next?   The 9-11 challenge?,2024-12-17T19:20:45Z,1,0,en
UgzR83-vnW7e0GTK2Et4AaABAg,@jovanteg9099,I feel like people are desensitized,2024-12-17T19:01:44Z,0,0,Other
UgyY75CGMcZNd2bEM5N4AaABAg,@mapl3mage,maybe banning Tiktok isn't such a bad idea after all.,2024-12-17T18:55:03Z,0,0,en
UgwTeoRuZtPErnF8oKZ4AaABAg,@esterrios3998,"Atozy, what is still stupid is you and others like you still in the "" woke mode""!",2024-12-17T18:47:30Z,0,0,en
UgxqpA4mwKojFMAAek14AaABAg,@bomberboyz1308,We got to a point that these idiots are making the Expendables in the final destination movies look smart by comparison,2024-12-17T18:39:58Z,0,0,en
UgwTX2t9Am70vw8Ckkt4AaABAg,@nightblue4679,Rebels without a cause.,2024-12-17T18:23:11Z,0,0,en
Ugzo6EEJysHNxkQB9fB4AaABAg,@jpizel1070,Dumb and Dumber 😂,2024-12-17T18:13:42Z,0,0,Other
UgwvyD9QVwL4zSA6H9J4AaABAg,@bend.2726,"you don't even have to ""risk it"" in the south. Georgia passed legislation so if you can legally own a gun, you can legally conceal carry on university campus.",2024-12-17T18:09:52Z,0,0,en
UgwSRxQh2IRmRgIuETJ4AaABAg,@natecruz7114,"Literally brain dead. You don’t need to do trendy things, be yourself.",2024-12-17T18:04:59Z,0,0,en
UgxQHtIPvQpJ3GTQ13B4AaABAg,@not.so.luscious.d,"It's almost as if their parents said they have to go to college, but they didn't want to go to college. Any college. Anywhere. So they devised a plan that would make it so they can't get into any college and then their parents can't make them go?",2024-12-17T17:58:30Z,0,0,en
Ugx8u5gZLOt8VlK-Crt4AaABAg,@jeffjames4064,Who's responsible for letting two 7 yrs old into college?,2024-12-17T17:44:29Z,0,0,en
UgxZ9XlGzL49TYrCpLJ4AaABAg,@kyletucker3811,3:18 People have been talking about allowing veterans or police to carry guns on campus to combat school shootings. Personally? I don't like the idea. But these two are extremely lucky it hasn't happened yet because they'd have been taken out like Atozy suggested.,2024-12-17T17:37:19Z,0,0,en
Ugzhoua5PM4CnO87rMB4AaABAg,@joshvaclavik4003,I mean......look at them 😂😂😂😂,2024-12-17T17:36:12Z,0,0,en
UgzFsg0-yAIDyYy8ovd4AaABAg,@MarlinWilliams-ts5ul,"I live in Ct., this wasnt widely reported.",2024-12-17T16:43:25Z,0,0,en
Ugy07nQNy2EODqxGXK94AaABAg,@williambiggs9752,They deserve jail. If it really was a prank it’s the dumbest prank ever. They deserve 5 years in prison minimum.,2024-12-17T16:38:48Z,0,0,en
UgzkVo_6X5zvURrqXLJ4AaABAg,@areyoulying4937,So sad for these two guys. NOT! Consequences for actions.,2024-12-17T16:33:44Z,0,0,en
UgxVihlEytROGpCdtMt4AaABAg,@ikmnification5737,"Feel happy for the parents if they're expelled, at least someone taught them a valuable lesson.",2024-12-17T16:12:56Z,1,0,en
UgzddFVECnxKWM_nnIt4AaABAg,@Ocrilat,"Well, most people seem to agree they deserve to be in prison for that.",2024-12-17T15:56:39Z,0,0,en
Ugz4NI_3e5GNT_v3PbR4AaABAg,@Gen.X.O.G,And there people who think Collage kids should vote in the Schools city and country elections.,2024-12-17T15:41:44Z,0,0,en
UgwMyPMEFgtE98VlS5N4AaABAg,@coolgirl312,"Soo can we bring back the dumb challenges like the cinnamon challenge or tide pod challenge? Because as ridiculous as those were, at least they weren't harming bystanders",2024-12-17T15:38:42Z,0,0,en
UgyAnhI9jU0E5BOz4tp4AaABAg,@Ulvetann,"Great example of no social intelligence, lack of self-awareness and incredibly lack of understanding how the mechanics of humor works.
They can work on their pranks and humor in gen-pop.",2024-12-17T15:22:58Z,0,0,en
Ugy20H9Ix9Zr3bh7fsx4AaABAg,@mystierium,I’m so surprised that this happened in CT considering the general vibe around guns and the how seriously school shootings are taken here,2024-12-17T15:07:00Z,3,0,en
UgwPNqRftO3y7w0KB194AaABAg,@kaybeetoyz1968,still waiting for someone to get 'scott' through the door due to a door kick challenge.,2024-12-17T14:58:07Z,0,0,en
UgzSnTRz8JDob7ZNkSt4AaABAg,@LITTLE1994,TikTok needs to be banned,2024-12-17T14:29:45Z,1,0,en
UgxY9kSDJ6yt36UjXD14AaABAg,@NicoleMarie.,"This is beyond dumb for an adult child. Maybe a 7 year old would find this funny, but I am guessing, probably not. They need to go for insanity or low IQ plea. There is no way these two geniuses are in college at 43k/ yr on a scholarship. You need to have a perfect GPA and score. If they are expelled and didn’t finish any courses to transfer, they are just left with a 43k bill.",2024-12-17T14:05:05Z,0,0,en
UgxWHZw2WMM0LWtrsep4AaABAg,@again5162,Kids today are so intelligent,2024-12-17T13:56:20Z,0,0,da
UgxuCoJlk0pxhP6K0NJ4AaABAg,@SethUnwell,"The only prank kinds I enjoy is ""pranksters"" making the onlookers either confused or laugh.
Example: the old lady that entered a lake and then a young girl came out as if she was her. That was so funny!
Or an identical twin walks one way and says something to someone and then the other twin comes out from somewhere else, that is funny!!

No fear, no horror, just literal harmless pranks.",2024-12-17T13:54:09Z,1,0,en
Ugwah47nN8eO3uXEL0d4AaABAg,@r01d2,try reenacting that one legendary robber who threatening a gun shop then made all the customers and police outside fire at each other,2024-12-17T13:46:19Z,1,0,en
UgxFs2iyUQIHjqFQhL14AaABAg,@trashinator4135,Insert saying about playing stupid games…,2024-12-17T13:00:25Z,0,0,Other
UgzrvRWMhawjTVPtnCt4AaABAg,@ammcd2012,Sounds like 2 psychopaths found eachother and were terrorizing their campus. Throw them under the jail for 5 years.,2024-12-17T12:51:16Z,1,0,en
UgxngAWGrZvqHKtQk1B4AaABAg,@jamestommy8942,Tiktok should be deleted off the app stores,2024-12-17T12:49:19Z,1,0,en
UgygSip9jZcBwSFrr_14AaABAg,@helvete983,I just hope the US go ahead with the TikTok ban.,2024-12-17T12:09:48Z,2,0,en
UgxOkIbhsHTXiC0xEy14AaABAg,@MishaDalila,Just a prank 🤪🤪,2024-12-17T11:06:06Z,0,0,en
UgwQG5voBy_TjthTzyZ4AaABAg,@skittlessquad6031,"Okay. Other pranks I can see what the joke is. Going into public saying weird things for reactions, dancing in public, staging weird arguments.

What I don't get, are all of these violent threat pranks, or pranks where they assault people. What even is the joke supposed to be? People are afraid for their lives in a time of high violence and tense political tension? What exactly is the joke?",2024-12-17T10:14:46Z,0,0,en
Ugwtq1frOM-glnOZwyB4AaABAg,@GermLoc,"is he talking about the FOOOOOOOOOOOOOOOD FIIIIIIIIIIIIIIIIIIIIIIIIIIIGHT  - jim belushi tiktok challenge? they throw food in that.....not anything with guns. geez. they really need to increase the lengths of these tik tok videos so morons can get the full context. HAH (no, this isn't a serious comment)",2024-12-17T09:53:23Z,0,0,en
UgzRbedN6KPkDnV6gXp4AaABAg,@gringles,"-Thanh Bao
His ancestors are going to be very, very upset.",2024-12-17T09:39:28Z,0,0,en
UgzRIHdH76yyt77RZmB4AaABAg,@xandertrotter3504,"What kind of prank is that!?!?!? In a time when people are scared to go out in public because of all the unnecessary gun violence in America, they decide thats a good idea!? We deserve the apocalypse...",2024-12-17T09:23:30Z,0,0,en
UgwYRlP3goU4U9VFXPJ4AaABAg,@Kenyas,Lim needs stop hanging with Brad Jacobs 😔,2024-12-17T09:22:41Z,0,0,en
UgzL7g7kVFJ6IIozNCF4AaABAg,@whoshod,We see how tiktok destroys lives,2024-12-17T08:08:17Z,0,0,Other
Ugx7T8UdEXdmjrMZwFl4AaABAg,@BudhagRizzo,"Remember when we used to say ""TV rots your brain""? 
TV's got nothing on TikTok!",2024-12-17T07:52:09Z,276,15,en
UgyaI-dRBb2OlaPJOlN4AaABAg,@xl000,"The internet ""pranksters"" are back apparently, after the strong 2010 2012 wave or something.",2024-12-17T07:22:26Z,0,0,en
UgxLbplGkzZ1GHZJKrx4AaABAg,@JefferyShealy,"Throw them in jail. If not, no school for you this year. Either way, in jail for a year, out of school for a year under supervision. Enough of these “pranks” that are not funny.",2024-12-17T07:02:00Z,0,0,en
UgyRS043ZWGX-lxGw1p4AaABAg,@SilverSpectre266,"""We live in a time where there is zero tolerance for violence in schools""

Meanwhile, VP JD Vance: School sh***ings are a 'fact of life'",2024-12-17T05:54:28Z,0,0,en
UgxriGIk1ED07bl66794AaABAg,@AnklepantsSkateZine,In the 1981 slasher movie _Final Exam_ a group of students basically do that exact same type of prank (but worse) and very little happens to them as a result.,2024-12-17T05:48:59Z,0,0,en
UgzSDpUq-EuokMi4c3x4AaABAg,@peterking8586,"I remember in Northern Ireland, during The Troubles that anything that looked like a bang stick was banned. And doing this “prank” in front of a soldier would get you unalived.",2024-12-17T05:35:31Z,97,6,en
UgxWwe7NEwv7yG8mSt94AaABAg,@Dyan2847,It’s the same as yelling “fire” in a crowded theater. There is a reason it’s illegal. Prank is another word for an action no one finds entertaining or funny.,2024-12-17T05:16:29Z,1,0,en
UgzgQ-InQnEgDi0az9N4AaABAg,@joannlarson6386,The trend when I was a kid was to strip naked and run and they called it the strike.,2024-12-17T04:56:33Z,0,1,en
UgzlOvlNx1Yr_6l411F4AaABAg,@Wolfer13579,"My stepdad’s idea of a prank is to slow the car down quickly when I’m taking a drink, making me spill it on me a bit. That seems far better than this illegal bulls**t.",2024-12-17T04:46:07Z,0,1,en
UgwPlCUDskEqq6ziw894AaABAg,@Sulfen,I'm getting old when I saw the pictures I thought that they were like 12-15 years old. But they go to University. They should know better. They definitely deserve to see some harsh consequences.,2024-12-17T03:25:59Z,0,0,en
UgycBSVB0P7E9rdXWah4AaABAg,@WilDBeestMF,"Woah. That's... so disappointing and mind numbingly insensitive.
On a positive note, I'd love to know what mic you're using there. It sounds great!",2024-12-17T03:14:21Z,0,0,en
UgxswF4vmc0MgeGJ6054AaABAg,@SouthPawXion,Tiktok ban cant come soon enough,2024-12-17T02:53:29Z,0,0,en
UgzjI7xrYiFAEzXMgnR4AaABAg,@shadowviscane1,They made an adult decision and should pay the appropriate price for that decision,2024-12-17T02:23:11Z,36,0,en
Ugz7GTpsQ9mfkaFNJDd4AaABAg,@frankbones8349,how about the dont be a moron challenge?,2024-12-17T01:37:44Z,0,0,en
UgyMGCDp3mgGKUyG7Xx4AaABAg,@ChristPherCaNk714,"""I just want to say it was a horrible thing what those kids did. And the whole incident points up a fundamental moral breakdown in our society""R.E",2024-12-17T01:28:53Z,1,0,en
UgxN4sborOGBNVcuk1J4AaABAg,@Paul-zf8ob,"Today’s kids are immature, entitled and immoral. Unbelievable!",2024-12-17T00:58:39Z,1,0,en
UgzfJ6ihkLxvXOCJRCR4AaABAg,@irandude1655,Law makers are letting this go on with a slap in the wrist.,2024-12-17T00:51:56Z,0,0,en
UgzTxPMKMaMBPoPIAJd4AaABAg,@irandude1655,Oh yes. They are recreating that TikTok video that never happened. Their parents needs to be sued to oblivion. It doesn’t matter if it’s fake or not. They need to pay.,2024-12-17T00:47:43Z,0,0,en
UgzCl8K1EkQoA6NMtyt4AaABAg,@HurricaneJesus69,"This is not a “prank”. Ding, dong, ditch is a prank, this is just fucking stupid and disgusting! These kids need to actually be punished, that’s the ONLY way to stop this type of stupidity!",2024-12-17T00:42:01Z,0,0,en
UgxgJ7cP9Q0YzUTAHRR4AaABAg,@schmutz1g,"So, hows that "" Gentle parenting "" thing workin out for ya'll?",2024-12-17T00:41:49Z,0,0,en
UgzMfGDf6Fzriufm89Z4AaABAg,@EDU4RD0ofc,You know what they say about guys who spent 10 years in the joint.,2024-12-17T00:41:47Z,0,0,en
Ugz2Y7f_lOA5obTrWKp4AaABAg,@barnabasmurphy2271,"Banned tik-tok, it would us Americans a favor.",2024-12-17T00:39:35Z,0,0,en
UgznNDICUPdCdkU85Jl4AaABAg,@barnabasmurphy2271,"I think tik-tok pranks should be a felony in the court of law, yes, tik-tok pranks should be felonies even YouTube pranks should be felonies too, in the court of law, this would make these young adults think twice, before trying to pull these misbehavioral pranks, a prison sentence will suite them fine.",2024-12-17T00:38:34Z,0,0,en
UgwQve0PzPoBL9wgzkp4AaABAg,@barnabasmurphy2271,"Every parent has pays for their teenagers cellphones right, start deleting tik-tok accounts off of your teenagers cellphones, and put a block on the app so your teenagers will be unable to use it, they really need to get their homework done to study, the learning process starts at home not just at school.",2024-12-17T00:23:42Z,0,0,en
UgwlX_Eor0YAIT20OXV4AaABAg,@barnabasmurphy2271,"tik-tok needs to be banned here in America, teenagers are suppose to be studying their homework to get their grades up not paying with tik-tok or playing with video games, these need to stop making tik-tok videos dancing like monkeys, and put their talent on their homework by studying.",2024-12-17T00:17:45Z,0,0,en
UgzL8zZZHrmpzXI0ryp4AaABAg,@jpmnky,Bomb threats were “a prank” when I was in high school.,2024-12-16T23:48:46Z,0,0,en
UgyiabIYqnPRZdhj0it4AaABAg,@jpmnky,At first I thought their age should be taken into consideration.  Then I heard about what they did.,2024-12-16T23:47:43Z,0,0,en
UgwlCanqTF1qp6LGDzl4AaABAg,@LinksBetweenDrinks,"And to think, there was an actual school shooting in Madison today. That's how common it is for our children to be gunned down; now you can pretend to do it as a prank and expect a slap on the wrist.

I love how that prick from the Youth Justice Institute says ""We live in a time of zero tolerance..."" when we live in a nation where we are completely tolerant of our children being slaughtered.",2024-12-16T23:37:53Z,0,0,en
Ugwu3eW4wh8_A5grahh4AaABAg,@michealmathers1061,"oh yeah, it would've been funny as hell if the gym teacher just got his CCW permit over the weekend came and took them out before they got time to say ""it's a prank"" 😂😂😂",2024-12-16T23:23:37Z,0,0,en
UgyfOIfv8dkkPZCb6dR4AaABAg,@blahblahblah6668,The level of stupidity is worth at least five years,2024-12-16T23:08:27Z,0,0,en
UgyuTQPJPIqC7GSafxJ4AaABAg,@hma237,"To the news channel: increasingly common, not increasingly MORE common. That sounds so so ignorant.  Common correct alternatives: ever more common. Or more & more common.

BTW, ""going to get what's coming to them"" not ""for them"".  Tho the law certainly did end up coming for them...  Little idiots.",2024-12-16T23:07:06Z,0,0,en
Ugwhzt-SCfNoOwAxs394AaABAg,@rudebodega,"TikTok loves to remind me that the human capacity to be stupid af really has no limits

This ranks right up there with yelling “bomb” on an airplane and at this point I’m surprised that hasn’t become a trend too",2024-12-16T22:58:50Z,0,0,en
Ugw5sMCAQ-2rITaTTZ94AaABAg,@VatoDeLeon,"""Trying to re-create  a trending video""  sound to me they were trying to make a new trending  video",2024-12-16T22:43:18Z,0,0,en
Ugw4pRfuWlkndEcWlZR4AaABAg,@paperless4485,"This is why tiktok need to be banned, kids are becoming to dull",2024-12-16T22:36:16Z,0,0,en
UgweiKusuvvpjfpvDq54AaABAg,@michaelhargus4316,"This is almost as stupid as: Catching a cab to rob a bank and trying to steal a car from the car dealership after the cab driver left him. BTW, i knew someone who did do just that just days after his 18th birthday and he faced a whole list of charging including but not limited to> Bank robbery, attempted kidnapping and using a firearm while in commission of a felony as a result.",2024-12-16T22:32:31Z,0,0,en
UgzTK0Ly9Kmhso5R8T54AaABAg,@TESORO-b1x,"I'm sure they'll find prison time to be a whole new adventure,
after they make friends with names like Bubbah & Jingles.",2024-12-16T22:10:44Z,0,0,en
Ugwy-Yw9ru_Lx7vr5U14AaABAg,@RetrøGeist99444,“It was just a prank bruuuu”,2024-12-16T22:09:06Z,1,0,Other
Ugyt2HkmV9IClUXYy_h4AaABAg,@justpinkcandy,"18 and can't figure out some things are too stupid to engage in? How is ""an active shooter"" a good subject for prank? An active shooter, in general, involves loss of life. What part of that is funny?

People need to learn the definitions of prank:
1. A mischievous trick or practical joke.
2. A gay or sportive action; a ludicrous, merry, or mischievous trick; a caper; a frolic.
3. An evil deed; a malicious trick, an act of cruel deception.

Which one were these eejits engaging in? 3 guesses, first 2 don't count is appropos, don't you think? smh",2024-12-16T21:54:41Z,0,0,en
UgxvqgGpyCFJkR8sDGd4AaABAg,@culley8841,It's Asian Bubbles,2024-12-16T21:54:33Z,0,0,en
Ugz1LuzvplCjdnc0snF4AaABAg,@Bub625,They won’t think it is funny when they end up in prison idiots,2024-12-16T21:29:20Z,0,0,en
UgzCh8QdrmJwY5-K5Fh4AaABAg,@ralphrepo,Both these students need to be expelled and jailed. There has to be zero tolerance for these kinds of stupidity.,2024-12-16T21:21:49Z,0,0,en
UgxHWndXKnEyUSN_dIp4AaABAg,@jetstreamdefalpha5411,"Parents to talk to their young adults


The Parents-",2024-12-16T21:10:28Z,0,0,en
UgyU8cyedExAeH1OEXF4AaABAg,@MothLovurJay,"People who do this kinda shit are dumb AF, you can go to jail for making jokes about it too close to a school so going this far is just another level of stupid",2024-12-16T21:07:55Z,0,0,en
UgzzY5pXcC7ZrHIgE1t4AaABAg,@lonestar1637,"Lucky they didn’t do it in Texas, they would be dead.",2024-12-16T20:54:30Z,0,0,en
UgyET04VtSVwS19UgZJ4AaABAg,@janusabernathy7366,"It's tiktok, enough said.",2024-12-16T20:50:19Z,0,0,en
UgwhB--J1Z7I-szSS_V4AaABAg,@meidawei,LMAO.  Good.,2024-12-16T20:48:37Z,0,0,Other
Ugxs_6dOG5soeZ6uXFN4AaABAg,@Frenchick,We have the dumbest youth these days,2024-12-16T20:41:59Z,0,0,en
UgyLCSpWXY0Stj9tMZR4AaABAg,@TopherOKeefe,Just wait until the individual civil lawsuits start rolling in!,2024-12-16T20:41:58Z,0,0,en
Ugw006DpTMiAqReokgB4AaABAg,@jamesgullo8240,"About time they treat these idiots seriously. This one ""prank"" could get you shot.",2024-12-16T20:41:03Z,0,0,en
UgyYzd4UbnHHSW4_jSp4AaABAg,@tenthshadow3764,That what happen when you fuck around and find out,2024-12-16T20:26:06Z,0,0,en
UgzihnpeAQuoDI3cmyZ4AaABAg,@lb9770,Clearly these idiots don’t belong in school.,2024-12-16T20:17:07Z,0,0,en
UgzfQpYM2w8xzun9bDl4AaABAg,@BambooBackbone,I think they wanted to see what it would be like to be a shooter and hoped theyvwould get off lightly by calling it a prank.,2024-12-16T19:48:55Z,0,0,en
UgxnQKJzlAyEBGo1hWN4AaABAg,@sweetnkookie6959,"At this point, there needs to be a rule of thumb that using the “it’s just a prank” or “it for a trend” excuse could land you a harsher sentence. I’m so tired of people doing actions that are so dumb that it hurts then acting like it’s a joke.",2024-12-16T19:47:50Z,36,0,en
Ugy_6s_AMvLqKh_g8Z94AaABAg,@chrishewitt5621,Being on Tik Tok should be a crime in itself,2024-12-16T19:33:58Z,0,0,en
UgyBXiZ3mITBIlGawHl4AaABAg,@alexwyler4570,"YouTube is recommending this video a few hours after the Wisconsin school shooting. 5 kids dead, many injured for life, many first responders will be affected forever. thoseacts destroy a community forever",2024-12-16T19:33:39Z,0,0,en
Ugw_GDxPXwITgbKqV0B4AaABAg,@BelindaLawson-u3q,That is so stupid just when you think these younger generations can't get any worse they prove me wrong,2024-12-16T19:23:48Z,0,0,en
UgzacvdbVs02eOpn2gl4AaABAg,@zrofuksgvn,Bye Felicias,2024-12-16T19:20:30Z,0,0,Other
UgyKrO0-rbACPsGAItJ4AaABAg,@mkevicus1755,"Ten years , people have committed worst crimes,  come to NY , they should be punished, but not ten years.",2024-12-16T19:11:55Z,0,0,en
Ugxco_UGkvohiVvrYLR4AaABAg,@rhscubadiver4379,10  sounds about right.,2024-12-16T19:05:38Z,0,0,en
UgzSrHIABcd_S5z8DBB4AaABAg,@vicpetrishak7705,Every students worst nightmare is losing their social media account !,2024-12-16T19:03:48Z,0,0,en
UgyiwLjEKkYbMm0BZ114AaABAg,@trava4156,They were practicing is what it is,2024-12-16T19:03:42Z,0,0,en
Ugyec48dD23gVTpi8lN4AaABAg,@classicclassi6146,"Remember when doing a cool trend was supporting a good cause cus toxic masculinity didn't make people question kind actions, and now incentives only exist for attention-seeking actions",2024-12-16T18:57:17Z,0,0,en
UgyOF1n0PANIPGVGrh94AaABAg,@BentWiik-w2y,They got trolled by some boomers,2024-12-16T18:57:06Z,0,0,en
UgzX7zKzPHDT6XK4WKx4AaABAg,@jackskywalker8086,These type of people are a part of the reaaon tiktok is getting banned.,2024-12-16T18:50:49Z,0,0,en
UgwTGuwcIw8oaKqEdzN4AaABAg,@DarthRenn935,"It was a small prank done by 2 dudes going into a gas station and they both go in saying something like ""Everybody put your hands together now!"" Gave a quick second pause and they both said ""And pray!"" But even that is pretty dangerous cuz of all the shootings thats been done and ppl out there are ready to use their fire arm.",2024-12-16T18:49:42Z,0,0,en
UgyYCyhGDOOXK1bfnV54AaABAg,@daorignaldumbucket,"A prank shouldn't cause terror, harm, or humiliation",2024-12-16T18:49:35Z,0,0,en
UgyVXJ4eO6f4LTfONtJ4AaABAg,@BOOGERking007,How stupid you have to be to threaten a school shooting in your school in todays society lol,2024-12-16T18:43:35Z,0,0,en
UgwIYhJkNAQw2oxrkoF4AaABAg,@toomanybears_,Setting bail at $50k means someone only has to come up with $5k to get them out. They are treating it as if it was no big deal.,2024-12-16T18:43:30Z,0,0,en
UgzLv03iya54L_sBlER4AaABAg,@Fred-vy1hm,Stupid is as stupid does. 🤔,2024-12-16T18:31:02Z,0,0,Other
UgxUq3IkVZLnEjOZYkZ4AaABAg,@burnout_2017,"No mercy and no plea deal, an example needs to made so that the moronic youth of today get the message. They are both old enough to know this was 100% wrong to do and need punished and marked for life so society is aware of their stupidity.",2024-12-16T18:30:58Z,0,0,en
Ugwy_lk5KYLOqErjwZx4AaABAg,@stevenatkinson1228,"The fact that he can't say ""shooter"" without being censored is stupid.",2024-12-16T18:30:51Z,0,0,en
Ugw3lz24XxwYrAobPxV4AaABAg,@robertmcnally9305,They’re lucky it’s only prison and not 6 feet under,2024-12-16T18:22:18Z,0,0,en
Ugxvikajkw4rzEAlSbZ4AaABAg,@BlkKing84,Cancel TikTok. It’ll help everyone in the long run,2024-12-16T18:21:55Z,0,0,en
Ugz5q8dA0M5PmvevybV4AaABAg,@rhaeasoul8531,Tik tok needs to die. Come on trump dont let this stupid app survive.,2024-12-16T18:20:39Z,0,0,en
UgyEqlVsmKK-fJ-WVut4AaABAg,@d.a.dupree7484,"Generation Dumb should cool it with the ""pRaNkS"" 🥴👍",2024-12-16T18:16:43Z,0,0,en
UgznnPe9JFsrIgUVP7V4AaABAg,@loomtasticrainbowloom1305,Agree.. so stupid,2024-12-16T18:15:21Z,0,0,Other
UgzQowiSAO1ccpaySEN4AaABAg,@ericgautreaux1752,Public flogging to avoid prison.,2024-12-16T18:13:09Z,0,0,en
Ugztyp9t3_jz4QZ-DCN4AaABAg,@timothytenney825,Tik tok is garbage😊😊😊😊,2024-12-16T18:03:52Z,0,0,Other
Ugx5sLsrtrfuqOOWh6h4AaABAg,@vorpalbite4745,"the prank is HILLARIOUS - - all those but hurt students, very entertaining",2024-12-16T18:03:24Z,0,1,en
UgxWcFv_mpOAL7qrwgd4AaABAg,@RedragonReviews,"I bet the jail time a "" prank "" too huh
.. lol",2024-12-16T17:58:41Z,0,0,en
UgxB_NC-gArV79-UkXx4AaABAg,@brendolbreadwar2671,Jonny Samoli levels of stupidity,2024-12-16T17:57:24Z,0,0,en
UgznK5L5bIr_f3u0D4p4AaABAg,@INfeRnoKronos,Bro I wish I could see how many people actually found this humorous or amusing💯,2024-12-16T17:52:44Z,0,0,en
UgzvLPBkCQLn78gqZ9x4AaABAg,@idontsignin,"Wouldn't that be classed as an act of terror which carries a heavy prison sentence, because not only did they endanger lives. They also created a serious risk to health and safety for the people that where there.",2024-12-16T17:49:37Z,0,0,en
UgxFMoNtd2wKe0gObRN4AaABAg,@BobPelot-v9x,"Instead of bullshitting children in grade school and pushing the ""you're special"" narcissism  agenda, how about teaching them some common sense.",2024-12-16T17:41:11Z,0,0,en
UgyVfO1eGx-Y92i2Wmh4AaABAg,@donut3946,Hope they brought their locking underwear.,2024-12-16T17:38:50Z,0,0,en
Ugx40VjBxr1dNDeI1UV4AaABAg,@BobPelot-v9x,These young idiots have obviously never suffered real consequences for their probable life long stupidity. Spare the rod spoil the child. This is what it gets you.,2024-12-16T17:37:02Z,0,0,en
UgxFP5D7QukpKrQzuxR4AaABAg,@BobPelot-v9x,Whatever their names are would be highly appropriate words for how stupigd this was,2024-12-16T17:34:22Z,0,0,en
Ugzwzw_7xR9wVRldJ_V4AaABAg,@suhtangwong,"As a former Asian, he has brought dishonor to us all 🤦🏼‍♂️",2024-12-16T17:30:50Z,0,0,en
UgyS4Fmxd76A77gsmCB4AaABAg,@KITTHALL,Proof that idiots can attend college.😊 Do not be impressed by a diploma.,2024-12-16T17:22:17Z,0,0,en
UgxA1OV2FdHyY_bqWih4AaABAg,@tinkthestrange,Book smart doesn’t mean intelligent or having common sense. Let’s remember these boys graduated someone’s school with high enough grades to go straight into university. Let’s bring back common sense,2024-12-16T17:21:50Z,0,0,en
UgwSRazSbqOFiI-XnOt4AaABAg,@VexedEgg,Does this mean we all get to graduate from ACSU(Atozy Common Sense University) with our PhD on TikTok stupidity as well?,2024-12-16T17:13:11Z,0,0,en
UgxNrMXev5f-1uhtvmN4AaABAg,@peepoking1994,10 years ... NICE!,2024-12-16T17:12:50Z,0,0,en
UgxexJ4r-aD-ACDXkx54AaABAg,@Ria-xl7kz,"Idk why gen z are so stupid.
Beyond stupid?
Or mental health problems?
Or sociopaths?
Wtf.",2024-12-16T17:12:21Z,0,0,en
UgzoZOTDV-aWyDJAMb94AaABAg,@gameramun5370,Nathanael lookin like a pre-UFC Sean O'Malley,2024-12-16T17:06:58Z,0,0,en
Ugwar_bUWSA-vRKZQjx4AaABAg,@genevabrantner365,Good way FAFO.,2024-12-16T17:05:22Z,0,0,Other
UgySJtey5oDlDFyLf4N4AaABAg,@french.25princess,Race to the bottom.,2024-12-16T16:48:33Z,0,0,en
UgxNs-jHFG15LJSXl-R4AaABAg,@PUNKMYVIDEO,Avoid public education at all costs. It's brainwashing,2024-12-16T16:46:27Z,0,0,en
UgyeUqZwn0GhGMfZ7vt4AaABAg,@JesiahThePinkGirl,This is why I don't follow trends on TikTok💀,2024-12-16T16:46:07Z,0,0,en
Ugx-ncL3VbK-zIrd_8Z4AaABAg,@SB-ez3dw,Has Atozy always been a destroyed lives channel?,2024-12-16T16:45:52Z,0,0,en
UgydTs9Xh_YjJjpZtMt4AaABAg,@Chef-t9r,Social media has rotted brains,2024-12-16T16:42:55Z,0,0,en
UgzITU5oM4OSX3sH0-J4AaABAg,@Crash88,"Here's the thing, their parents are going to say ""hey, it was a prank so why take any actions at all""? The old guy from the College said parents need to talk to their kids about what they see as funny. Everyone has a different opinion on what's funny so talking to them wouldn't do any good. These 2 are over 18, you are labeled as an adult at 18 so they shouldn't need a parent to tell them right or wrong by that age. Parents leave it up to everyone else to teach their kids because raising them was ""to hard"" already. Part of raising your children is teaching the right and wrong. If there was a Security Guard or a real Police Officer there and shot them, you know the ""left"" would be crying for the defender to be criminally charged to the max even though those students were afraid for their lives.",2024-12-16T16:38:39Z,0,0,en
Ugz6-2OaRAkYebMJK9t4AaABAg,@sramredd9856,They're lucky they didn't get shot themselves. How stupid can you be?,2024-12-16T16:26:25Z,0,0,en
Ugyw3ZwkUlYTkfvO8z14AaABAg,@teh_MBA,"In my state (Georgia), college students are allowed to carry concealed weapons on campus. Here, they could have legally had their off button pressed.",2024-12-16T16:25:17Z,0,0,en
Ugwucj1kxPwM6ztD6d94AaABAg,@lordsinister707,How about Society bring back the old viral trend of have some common sense and act like a decent human being,2024-12-16T16:11:49Z,0,0,en
UgwzJnita13m4uNHHB14AaABAg,@robertcooke4989,Good live and learn,2024-12-16T16:07:52Z,0,0,en
Ugy_MziUcrWQC0awagJ4AaABAg,@Roseylovesgaming,Finally good news in 2024 for once. Haven’t even watched the video yet and I’m happy,2024-12-16T16:06:06Z,0,0,en
Ugzz1LuUPBEUz4PGmnd4AaABAg,@stevenbeshures6962,"Kids have just shown that they’ve gotten dumber and dumber and dumber throughout the generations. This kind of act with the state of the United States with school gun violence absolutely diabolical, and  incredibly stupid you have to be smarter than this. I hope they get the maximum amount of jail time possible to set an example that this kind of act is unacceptable especially in a school.",2024-12-16T16:02:24Z,0,0,en
UgzkIfE5UMMW52ZJVOd4AaABAg,@Mystik4U,They're called children for a reason.,2024-12-16T15:49:02Z,0,0,en
Ugyw3vnY8caB3wdzrUx4AaABAg,@TheSeriousDadAbides,"I attended to two major colleges (in the NE) and can confirm there were a percentage of students of all walks of life that carried protection. 

Not all of us grow up in the best environments and I also knew a “country” frat house that shot squirrels to eat on campus. They had rifles on campus and never caused issues.",2024-12-16T15:41:44Z,0,0,en
UgyIC07s9WZMEg8ANwB4AaABAg,@brimmed,Holding a cell phone in a two handed shooter stance? What the heck does that even mean? This prank just gets dumber,2024-12-16T15:36:21Z,0,0,en
UgyMRsYYHUgVtiCp97d4AaABAg,@kathenson606,Australia just passed a law that no one under 16 is allowed to have social media. Sounds smart to me.,2024-12-16T15:33:30Z,0,0,en
Ugw_kjw8zV-TAYtTNJB4AaABAg,@kayequinn7146,"Why can't they ""share"" any punishment? If a student is falsely (& proven) sexual abuse,that person is destroyed. And stop w/the privacy idea...since wheen does a college care about your privacy.",2024-12-16T15:29:01Z,0,0,en
UgwKZHTF5XZ1WCqyTYN4AaABAg,@AlexiAcosta-o6w,They brought it upon themselves.,2024-12-16T15:27:43Z,0,0,en
UgyAT5qi6NLcC3yUqzR4AaABAg,@TheBORG580,And people wonder why they wanna ban TikTok because of stupid idiot like this.,2024-12-16T15:24:40Z,1,0,en
UgzjbzJrzN012NQpRLp4AaABAg,@MorningRose370,This is why TikTok shouldn't be banned. It lets the fools reveal themaelves so they can be contained. The problem is there are too many fools.,2024-12-16T15:18:55Z,0,0,en
Ugwdn1sV2JxCAXYoA594AaABAg,@581BigBoi,Ricky Rubio done found the fountain of youth now he wildin,2024-12-16T15:17:05Z,0,0,en
UgxgqM1tzn_YFm8xGDN4AaABAg,@BrettonFerguson,Stupid is as stupid does.,2024-12-16T15:02:24Z,1,0,Other
UgyH4ayGdM0l3ZgJX4N4AaABAg,@Creaturesofcreations,"These people and thier 0% braincells  are the reason tiktok is gonna go bye bye 

Aliens take me now !!!",2024-12-16T14:52:28Z,0,0,en
UgyvU2S3V9fUAz7dKEt4AaABAg,@Yeah-i2f,This is just dumb on both ends,2024-12-16T14:49:13Z,0,0,en
UgwC11s3HTK0OjjMu3h4AaABAg,@LeJulesHi,"The word 'prank' has become so very skewed, it's horrific.",2024-12-16T14:36:50Z,0,0,en
Ugyg_vDynYJIsNR9R6F4AaABAg,@tristandunn4628,"F**kwits have got some serious growing up to do. At 18 years old, they should know a lot better than this. They need to do time to think about the severity of what they did",2024-12-16T14:28:23Z,0,0,en
Ugybp9-n2CnYERLxnrB4AaABAg,@somwjsjsj88,What happened the days where pranks just slamming people faces with cream. Why is it either being a whole creep or traumatizing people,2024-12-16T14:27:17Z,0,0,en
UgyJTvuQRsRWXAcYUXN4AaABAg,@Jdogblingbling,"in a perfect world, there would have been armed security officers that would have made them both take the room temperature challenge",2024-12-16T14:25:01Z,0,0,en
UgysLuAZ0rebP6Nh1qB4AaABAg,@rastus666,"Two things are infinite, the universe and human stupidity, and I’m not sure about the universe….Albert Einstein",2024-12-16T14:23:59Z,0,0,en
Ugy-EzMEmbB_uN53HWV4AaABAg,@raintree3383,Asian parents dont play Dude is safer in jail LMFAO,2024-12-16T14:18:22Z,0,0,en
Ugwye7CEFrgl9wXrwHx4AaABAg,@josephmessina3587,They did it to meet girls.,2024-12-16T13:58:11Z,0,0,en
UgwNQdCMCnUp5cWGL0x4AaABAg,@hon3ygr4m,Wow that kid looks a little like tsarnaev too,2024-12-16T13:48:24Z,0,0,Other
UgyU8ifSbI0sdt2_ysJ4AaABAg,@InkedCarpenter1776,Why are the screens backwards? Um...,2024-12-16T13:48:07Z,0,0,en
UgxRoLTyG9nFRh7zP5B4AaABAg,@michaelvarble4392,My Dad always called college students educated IDIOTS and he was so so right,2024-12-16T13:43:06Z,0,0,en
UgzK6hY73P3EFqSu0VJ4AaABAg,@vilerabbit,TikTok will probably be banned on January 19th.,2024-12-16T13:37:38Z,0,0,en
UgyRSdYntj6Qh8U1eR94AaABAg,@jackmatthews312,This is not a safe place to send your children. It should be Closed. They didn't cause this but it sounds like they dont care.,2024-12-16T13:36:57Z,0,0,en
UgzQlmnLhirM6qS_lpl4AaABAg,@hopefultraveler3543,"In some parts of the country the 2 might not have survived their ""prank"".",2024-12-16T13:33:45Z,4,1,en
UgxmkLlHMP__tbbRGwB4AaABAg,@alato8057,I always concealed carried in college. I was older 😂,2024-12-16T13:28:49Z,0,0,en
Ugyq2R4_id2TrA-Po0h4AaABAg,@jackmatthews312,Those children are lucky the two of them did not get fired upon. That would have been hilarious.,2024-12-16T13:27:59Z,0,0,en
UgyRGAYA4kgms-YVI3p4AaABAg,@KaminGetIt,People are just usning tic toc as a excuse for doing stupid shit is funny and sad all at the same time,2024-12-16T13:24:16Z,0,0,en
UgzY-yy1RdCZj4bH3Ut4AaABAg,@bobbytrevino2066,Arrest those ignorant adults because there not kids and keep them for 15 to 20 years,2024-12-16T13:20:31Z,0,0,en
UgzEPze-TIGBDCMxQw94AaABAg,@Dajuhan2u,They deserve some jail time,2024-12-16T13:18:00Z,0,0,en
Ugyj4XOqSr0GicIvO3V4AaABAg,@did_I_hurt_your_fee_fees,My father taught me never to do stuff like that because you might get ended by the police. He was very adamant about it. He wouldn't even let me go out with something that resembled a pistol even if it was just a piece of wood because he said the cops don't know that and they might end you by accident. Their parents should have taught them not to emulate School Enders,2024-12-16T13:09:38Z,0,0,en
UgwfZqpsegVqIcnnA194AaABAg,@commander1982,And why hasn’t Tik tok been banned yet?,2024-12-16T13:06:21Z,0,0,en
Ugwm9M6AlFPq0E19XOZ4AaABAg,@alastor8091,You'd think Asians would be smarter than this.,2024-12-16T13:00:13Z,0,0,en
UgzUwgqbgyJl_VdgqX94AaABAg,@nitsuguaaa,6:00 I don't think they have scholarships because most of the time they're granted to people that excel at somethine e.g. straight A students which means high IQ students... High IQ isn't something that comes into mind when seeing those two.,2024-12-16T12:59:58Z,0,0,en
UgyvACG_AX39iKSW5G14AaABAg,@pamchandler1867,I'D HATE TO KNOW MY KID WAS THAT STUPID!,2024-12-16T12:46:14Z,0,0,Other
UgzU6Dah3P-Ji1OmYXB4AaABAg,@Zulu2020,"No I don’t want to hear their young. College kids are telling me at 60 years old they are smarter than me and I’m stupid for voting for Trump. You can’t have it both ways, I’d say treat these people as adults and put them in prison.",2024-12-16T12:38:16Z,0,0,en
UgyruKxbjoAQzxSQPiZ4AaABAg,@drm3259,Check out Shane Girris,2024-12-16T12:33:24Z,0,0,en
UgzyABoYoOyuXFZh6PR4AaABAg,@theantiadult,Stuff like that has occurred in  many  ways without social media even boomers did reckless pranks decades ago drag racing to their deaths etc. The blaming social media and restricting it has no legitimate purpose at all.  Myspace was fine along time ago without restrictions and with people if all ages on it alot.  Tik tok is not to blame Everytime 1 of the millions of users dies something wrong.,2024-12-16T12:22:38Z,0,0,en
UgybA0QdhcY5eb8pHxV4AaABAg,@theantiadult,They made a mistake they don't belong in prison,2024-12-16T12:15:06Z,0,0,en
UgxYSzzc1HhRFLh-yf94AaABAg,@andrewvelonis5940,"They will get probation, fines and community service.",2024-12-16T12:09:44Z,0,0,en
UgzcWe1AQT3fxK3HKwh4AaABAg,@AbysmalSeasoning,thess idiots are why this brain rot app will be banned next year and Im all for it,2024-12-16T12:00:06Z,0,0,en
Ugx5b9VgA5xdzg6LVZt4AaABAg,@jennayoung99,Darwin awards. The parents are the issue.,2024-12-16T11:45:41Z,0,0,en
UgztJ4FXbKbD_a2a6-94AaABAg,@rizzcs6018,Asian bubbles lmao,2024-12-16T11:17:57Z,0,0,tl
UgxbKvrOkup5H-muMA54AaABAg,@CrystalEvans-Madden,Ban Tiktok Now! Save the stupid hot girls 😆,2024-12-16T10:30:09Z,0,0,en
Ugy_vjQr3-kw0K9TzMt4AaABAg,@azurestrike6551,tiktok is making americans more and more stupid everyday,2024-12-16T09:47:15Z,1,0,en
Ugx9dHBuPGAE4jogzkp4AaABAg,@MarieAntoinetteandherlittlesis,"Are they serious?? What did they expect would happen after everyone realized they didn’t have a gun. Did they think people would laugh and say “good one, you got me”. 
Did they think the cops wouldn’t get called, did they think like “they can’t lock us up for a prank”. 
Like what exactly was the goal here?",2024-12-16T08:41:01Z,0,0,en
UgzENtiAFI8di1pV9Ph4AaABAg,@alantheinquirer7658,"Doing a stupid thing that only you think would be funny (to upload to TikTok) then, when arrested, claim it was a 'trend' which doesn't exist.",2024-12-16T08:34:52Z,0,0,en
UgzFsfDI4GIsI1DyoJB4AaABAg,@brianseibert3080,If you put them in jail for 40 years or so they will not do it again.  Not being here anymore wouldn’t be a bad thing. You talk about that like it would be a bad thing.,2024-12-16T08:34:18Z,0,0,en
Ugw9wUsWXxuCYVS-3594AaABAg,@iamyoung4eva21,Whats with this weird generation not understanding what a prank is.,2024-12-16T07:48:21Z,0,0,en
UgyoWI3CZ4I1mZpL1PR4AaABAg,@Momcat_maggiefelinefan,"Tic Tok needs to disappear. With no platform for their actions and videos, hopefully these potentially fatal situations will eventually disappear. They’re not funny nor harmless! 🇨🇦🖖🏻🇨🇦",2024-12-16T07:42:31Z,0,0,en
UgxhCggnOHAUT2YM8up4AaABAg,@ixhiro,American TikTok is a cesspool of stupid pranks for clout.,2024-12-16T06:12:52Z,0,0,en
UgxoSwF30PI0feYjRZt4AaABAg,@phillegacy5136,I saw three kids start train surfing. They came back down quickly because of the speed of the train and the cold. One of them was laughing about nearly slipping off and how it wasn't the first time they almost slipped off. How is almost dying twice something to laugh about? Why would you repeat doing something that nearly got you killed? I used to laugh when my old teacher said tiktok would ruin people. Quickly saw he was right.,2024-12-16T05:41:19Z,0,0,en
UgzYlJKQC3WJLNBtLWN4AaABAg,@iHateTech,"A jax, fl woman tried to sue tik tok bc her young daughter died during the “hold your breath challenge” i cant",2024-12-16T05:38:21Z,0,0,en
UgwQLq91fcy86BeDq7h4AaABAg,@CottagecoreBihexual,Darwin Award nominees of the year.,2024-12-16T05:36:52Z,0,0,en
UgzyN_rtpIOWjPZ_Hbt4AaABAg,@mymalesecret,“I think it was misunderstood” st…ffffuuu. It was well understood.,2024-12-16T05:10:04Z,1,0,en
Ugxd6Ve-wtMysq8JMZd4AaABAg,@jooliagoolias,"Well, first of all....
We need quality parents teaching/disciplining children. 
Emphasis on quality parents.",2024-12-16T05:02:46Z,0,0,en
UgwJ8eKTDFM-BX3UDcp4AaABAg,@brianklauder3865,"Does the future have flying cars?
 No we have dumb viral tiktok idiots. 


Oh......",2024-12-16T04:59:07Z,1,0,en
UgyudIjWonPUYojSJYR4AaABAg,@charlottesometimes1278,Reality is pretty wild man,2024-12-16T04:11:37Z,0,0,en
UgzG4lXwfvuRZZtWyP94AaABAg,@diligentone-six2688,Imagine being a law abiding gun owner and see this kind of shit giving Gun Control politicans and organizations more excuses to attack the Second Amendment.,2024-12-16T03:50:42Z,0,0,en
UgxdmFFPVWKto-eiL554AaABAg,@GunF0x,"5:51 that face says it all, what kind of lunatics 😂",2024-12-16T03:31:26Z,0,0,en
UgzcYu-yGcQ3ml3KiFR4AaABAg,@tonypickles8279,Good way to get popped by an armed good Samaritan. What's next a prank bank heist?,2024-12-16T03:26:50Z,0,0,en
Ugxby5M_Bp75IxNMmFh4AaABAg,@JohnDoe-mp1zk,They were student at the University .  They might want to raise there standards. I thought UConn was a smart school.,2024-12-16T03:23:45Z,0,0,en
UgzHl9PDKKn10NVlxaJ4AaABAg,@AuntieNise,Idiots,2024-12-16T03:20:04Z,0,0,Other
Ugx9GxyPoHM2au3Sqtp4AaABAg,@MKEntertain,This is the worst prank I’ve ever seen! Why would they commit an act that involves guns and threats?! Not to mention they even reenact this from a TikTok trend! Where was the strict policy for these users who commit such heinous acts?! This whole situation is BEYOND abysmal!,2024-12-16T02:25:18Z,0,0,en
UgygVgFVBCn70FFcLEB4AaABAg,@sollyxdoomyx7905,"Play stupid games, Win stupid Prizes.",2024-12-16T02:15:30Z,0,0,en
Ugz5DuROMV4UNqBFWsJ4AaABAg,@ferrarienzo6544,A hostage situation is a prank? It doesn’t sound very funny to me,2024-12-16T02:10:50Z,0,0,en
UgzmJ5hF55W_TPfkos14AaABAg,@cassidykaye6543,We had something like this happen at my little brothers high school. It was all fake but parents were showing up with guns to get their kids out of school. Nothing this dangerous for so many people should ever be called a “prank”,2024-12-16T01:50:36Z,0,0,en
UgyWYi7qKPXZcWg_2454AaABAg,@RabidSnarf,The way I gasped outloud when you said what these two idiots did....mind blown,2024-12-16T01:30:15Z,0,0,en
Ugw-lMZRrbrMiFLBlvZ4AaABAg,@AshleighDeeble,Most times people commit crimes eith fake guns or pretending to have one under their shirt. I don't see the difference...,2024-12-16T01:26:12Z,0,0,en
UgyS0hDh8acAjhqoIeJ4AaABAg,@MsLoneyeu,Banned TickTook and shut it down for good.,2024-12-16T01:24:24Z,0,0,en
UgwXftGNUhX55MZymWl4AaABAg,@jamesfeltman3300,FAFO 😂,2024-12-16T01:05:51Z,0,0,Other
UgwSbL-7xQXTTNMQh3Z4AaABAg,@buttersmommy415,"Bs! These are grown adults. Not adolescents. Full measure of the law is needed here. But for Connecticut, it’s a slap on the wrist. Social media is the worst thing to happen to our world. Liberal scum.",2024-12-16T01:05:47Z,0,0,en
UgxGC4VfsiDfZIFAkBN4AaABAg,@lelandlewis7207,"I would call the ""superman"" thing a prank, but not imitating a shooter.",2024-12-16T00:57:23Z,0,0,en
UgwsQiiR3iCgIbhQR_d4AaABAg,@kingofmexico6290,It's people doing things like this why I really don't mind TikTok being bannef next year,2024-12-16T00:55:13Z,0,0,en
UgxHg9I5Ia3ROZDY4ah4AaABAg,@FroToe2,"Your theory that ""most campuses have no gun policies"" is kinda outdated. Kansas is not ""southern"", but it is very republican.  From the State Board of Regents policies:  ""i.  Each individual who lawfully possesses a handgun on any state university campus shall be wholly and solely responsible for carrying, storing and using that handgun in a safe manner and in accordance with the law, Board policy and university policy. Nothing in this policy shall be interpreted to require individuals who lawfully possess a handgun to use it in defense of others.""   Concealed carry just about anywhere is legal on state university campuses.   

Yeah, these two clowns are lucky they were at UConn.",2024-12-16T00:47:35Z,0,0,en
UgwIO6tGI5-AksErXp94AaABAg,@elf150hz,"GenX here, I know we can't use the “R” word anymore, but are these kids on the LOW part of the spectrum? They are lucky they were not shot. See you in 20. ✌",2024-12-16T00:29:43Z,0,0,en
UgxLOYMDbddegPFpGyp4AaABAg,@vanessamckenzie9179,They be fine,2024-12-16T00:18:37Z,0,0,en
UgyghaSispTF6Iek0WZ4AaABAg,@erickkisreal9398,teenagers? University students are normally adults. Stop infantilizing adults,2024-12-16T00:11:32Z,0,0,en
UgyAdPmSbtcYKWl3NBh4AaABAg,@asgaiyawaya3973,"There is a reason that you don't want to pull pranks like this. One of 2 things are going to happen 1. You're going to get shot, 2. A real shooting incident is going to happen the victims are going to make it easy for the shooter making it worse than it already is. Whoopy cushion, prank, walking into surane wrap, prank, jumping out of a box in a werewolf getup, prank, this crap absolute beyond belief i don't even think there is a word for it stupidity.",2024-12-16T00:01:55Z,0,0,en
Ugx3b7wNxaQ1eMUpjzF4AaABAg,@mrt77wv,Anybody that damn stupid deserves to spend the rest of their lives in prison.,2024-12-15T23:52:35Z,0,0,en
Ugxs7eMYZHd2Ow_n7XJ4AaABAg,@strixt,"Well, their lives being ruined is a win/win for everyone else. 2 clowns that can no longer propogate stupidity on tiktok, and just maybe the next clown will think twice before a crime prank",2024-12-15T23:34:57Z,0,0,en
UgwfMk9U1dZVXBt6_j54AaABAg,@bobotte3084,"5:33 out of topic but wtf, just because you were born in another part of America you have to pay double??",2024-12-15T23:28:49Z,0,1,en
Ugy3K_j1LaNeskrYd114AaABAg,@NB42087,"Kids r really getting stupider and stupider and tiktok and shit like it needs to either go away or they need to censor content more and not allow video's of these people doing these dumbass ""pranks"" to the general public cuz lots of the stupid ""pranks"" they do r not funny and r often illegal and them doing them is a good way for them to at very least get shit beat out of em or possibly get shot or stabbed to death!!?? Its just completely stupid!!? And the fact these kids r that dumb that they dont think that what theyre doing is A)probably illegal and B) could possibly get them killed is just crazy!? Common sense is not common enough anymore!!?",2024-12-15T23:25:11Z,0,0,en
UgzNr1JSSNOrHaRSTYJ4AaABAg,@Mordraneth,"How about not doing any TikTok trends, period? What  is this need now for people to copy others doing dumb shit?",2024-12-15T22:55:15Z,0,0,en
UgykpJjg_nNratrKlkF4AaABAg,@Cindy-jy1lv,"They are in university, and they have grown up with the increasing gun violence in schools. So they would know the concerns about these types of instances.  They should know better, there should be absolutely no tolerance for this.",2024-12-15T22:40:47Z,0,0,en
UgwwilXpPRmmp67jCKh4AaABAg,@GleeChan,"All the students being interviewed had smiles on their faces while saying ""it wasn't funny, it was scary!""",2024-12-15T22:37:20Z,6,3,en
UgwhP4FE3J1SbdosIlB4AaABAg,@greendogit3843,Who’s laughing when trump gets his way & teacher are armed and they end up on the ground bleeding out it definitely won’t be them,2024-12-15T22:35:55Z,0,0,en
UgwL7YOLchtV1FpGLqR4AaABAg,@jamesbarisitz4794,Idiots.,2024-12-15T22:30:29Z,0,0,Other
UgwUHR9b7PnQLrQGV1V4AaABAg,@supermario7739,Another example of how Tik Tok has done nothing for society but degrade the minds of impressionable and attention starved brats,2024-12-15T22:23:50Z,0,0,en
UgybgFStzfSjNyzRLyZ4AaABAg,@tylerhergott3893,"Kids in every country are dumb, but kids in America are by are the dumbest of all.",2024-12-15T22:16:34Z,1,0,en
UgyQ1-RucVvpMVKWvdx4AaABAg,@cogs7777,"these jokers have the mindset that the prank must be completed for their ego to be boosted. when the prank goes badly, they blame the victims for being so lame and such downers. it's all about narcissism. the jokers won't listen to warnings until the consequences come around.
on the other hand, if they have bad intentions, keep them away from the public.",2024-12-15T22:06:33Z,0,0,en
UgyCxnZAO3y1MZeNhAR4AaABAg,@Mariah9_,Some teenagers are so insanely stupid and embarrassing 😭,2024-12-15T22:01:28Z,0,0,en
UgwM5kGc3PyR75cr3ZB4AaABAg,@ZuriSmooth,Criminal community college 😂😂😂,2024-12-15T21:43:11Z,0,0,Other
Ugzv9mSmd-9fm-dl6LB4AaABAg,@dianecollins9640,American schools didn't pass the vibe check ❌,2024-12-15T21:40:13Z,0,0,en
UgymbCpf8SnHh0_3P_h4AaABAg,@nicklindsay3418,Jan 20th baby...goodbye tiktok,2024-12-15T21:39:51Z,0,0,en
Ugw5Nd3pWtB5hUf1aER4AaABAg,@dianecollins9640,Doing this in America is beyond braindead,2024-12-15T21:36:04Z,0,0,en
UgyS-ZuZ0Rdd3RSsVXF4AaABAg,@benjaminperez1149,The Everything I Do Is Cute Generation.,2024-12-15T21:26:53Z,0,0,en
UgwiXbpaxtlTDZrN_EB4AaABAg,@funyun,"Should have given them 30 years each, set an example not to be stupid.",2024-12-15T21:26:01Z,0,0,en
UgziKJ7MWp4TjA19XNd4AaABAg,@skittlemenow,I wonder if Johnny Somali is taking notes?,2024-12-15T21:09:13Z,0,0,en
UgxzmsvFemSRJ0L_WeF4AaABAg,@scooterbob1408,They are lucky to still be breathing. Dummies 😮,2024-12-15T20:51:48Z,0,0,en
Ugyr-0mqewZTciF2ZcR4AaABAg,@miatamike206,that app is cancer,2024-12-15T20:51:21Z,0,0,en
UgzVCn1bTBd5KFhYohx4AaABAg,@martincvitkovich724,"and these kids are 'old enough"" to decide to 'change' their sex?",2024-12-15T20:49:45Z,3,1,en
UgyyjSKwQCIRrNbfPHp4AaABAg,@mr.penguin7732,"As an every day gun carrier, your no guns plate or sticker mean nothing to me. This is a terribly dangerous thing to do but I don’t agree with the prison time",2024-12-15T20:32:22Z,0,0,en
Ugx61dLMRAtwXyILj4B4AaABAg,@peterkelley7160,"Somewhere there are two sets of parents examining a ledger listing all the sacrifices they made sending these two cretins to college . In all fairness , I hope that the warden doesn't make those unfortunate parents pay for their offsprings' caps and gowns .",2024-12-15T20:14:05Z,0,0,en
UgwM32oxgNZ7BLDyOsx4AaABAg,@nixie_moon,"There is no excuse for this, with all the school shooting they are either to cowardly to go thru with a real one and hate their peers enough to do this, they def thought about going thru with the real thing tho and thats bad enough in my eyes.",2024-12-15T20:12:05Z,0,0,en
Ugw0LJ4fG9br-RoK20Z4AaABAg,@nixie_moon,"I never got into tiktok, but whatever happeb to it getting banned? I was all for that, obviously these newer generations are too entitled spoiled and outta touch with reality to do any good its just a cesspool for your brain.",2024-12-15T20:10:16Z,0,0,en
UgxqlcCS9uN-sT3xeEN4AaABAg,@BB-tt6fl,"As the saying goes, “Play stupid games, win stupid prizes.” Is it just me or does that Nathaniel dude look very similar to one of the Boston Marathon Bombers?",2024-12-15T20:01:14Z,0,0,en
Ugwe-wgRfEvTBylAdGN4AaABAg,@squishy3775,"RIP
TikTok  01/19/25",2024-12-15T19:55:42Z,0,0,Other
UgwOy_F0waRJ9n7y-w54AaABAg,@bug5244,"I remember a few years ago in High school, three guys in my grade did this and also got arrested",2024-12-15T19:53:17Z,0,0,en
UgzfQ4d-wTpHyMa3a-94AaABAg,@mastercricket7626,"Both 18 , bith adults , but should fully be punished .. people need to know this is not funny or ok , and there is consequences for stupid actions ... smfh they lucky someone real did not room temperature challenge them ... students... they need to go back and restart school , cuz this was dumb af",2024-12-15T19:46:37Z,0,0,en
UgwcvRYFCbB5gaoga4Z4AaABAg,@capt.jtspaulding7682,They're more suited to community college.,2024-12-15T19:42:50Z,0,0,en
UgzxG4OgyTK7PulQb654AaABAg,@olgakravchuk5228,Yeah that need be jails for stupid jokes !! One min it’s a joke other min u can be shot!! There been shooting in schools ??!!! U need to know what u joke about it!! Let them get feeling of real jail time!  Then tell them u joked !,2024-12-15T19:41:16Z,0,0,en
UgwTga1BUR3NvKD40114AaABAg,@kragor420,College is not a right.  Its a privilege.  Not everyone should go to college.  Not every high paying job should require college.   This idea that everyone should go to college is why certain people want illegals to do the labor for them.  Entitlement.,2024-12-15T19:31:51Z,0,0,en
UgxL5vS1j-8BlzXcNFF4AaABAg,@centipedekisses,OMG! People acting DUMB with a GUN?? in AMERICA??? nooooooooo 🙄,2024-12-15T19:28:18Z,0,0,en
Ugx8uaYRqTXcuEsJ-fR4AaABAg,@sidneyvandykeii3169,"To quote these boys future cellmates. ""You sure do have a purdy little mouth""....lol",2024-12-15T19:26:00Z,0,0,en
Ugz9pRYuWtoWexLiFJR4AaABAg,@centipedekisses,Seems like being an idiot must be the only requirement for American citizenship… why are people mad at these kids and not the ridiculous American gun policies?? They are doing what you morons raised them to do.,2024-12-15T19:25:48Z,0,0,en
UgxG61CFeYEuduZ-L8F4AaABAg,@mechanic6682,That's what they get for toking tiks.,2024-12-15T19:21:11Z,0,0,en
UgwUuNLHmImoq-rT0_94AaABAg,@charlesbullghost5491,Very ironic?? The second guy looks exactly like the very dangerous prisoner still in prison today. The only alive Boston Olympics bomber suspect killer!! My great inspiring message for today!! Have a very impressive beautiful 🎃😍❤ day.🎃😍❤,2024-12-15T19:19:18Z,1,0,en
Ugzzi30hJY33fPs8Y_Z4AaABAg,@MyBlackPumpkinSoup,"""Bro, its just a prank"" and then proceeds to commit an actual crime....",2024-12-15T19:18:29Z,1,0,en
UgwAd_Gnq759TgWCDsZ4AaABAg,@kisulya2999,Their parents must be so proud 😂😂😂. Now they have to pay 5K each on bond. Way to invest in their kids 😂😂😂,2024-12-15T19:13:08Z,1,1,en
UgwuOBNBo2Q0XQnKmNx4AaABAg,@kisulya2999,"People don’t learn… play stupid games, win stupid prizes… 😂😂😂 
The only pranks I like, are just for laughs gags 😂😂😂 innocent, well thought out. Hilarious. 
But people nowadays, are desperate for clicks and likes… doing stupid shiiiieeeddd. And this happens. What did they think, was gonna happen? People are gonna laugh? When mass shootings in schools is happening all the time. In what world, this is considered funny? I guess, can’t help brain 🧠 dead ☠️… 
Now, not only they won’t finish their degrees, they might end up in jail. Oh, so funny… to me 😂😂😂",2024-12-15T19:07:52Z,1,0,en
UgysrQutx3uFr6cdJod4AaABAg,@jtocguy,Why is everything backward 🤔,2024-12-15T19:04:26Z,0,0,en
Ugx0FbNl7Wvzw5aoMLZ4AaABAg,@darkenmarr_arts,They're in college... they can't use young as an excuse.,2024-12-15T19:02:53Z,0,0,en
Ugwbt17OVfd6PXxcuAZ4AaABAg,@catt8401,If they would've got shot they are the ppl who'd sure the police department and shit,2024-12-15T18:54:05Z,0,0,en
UgwisZl3eKql5PtXgl94AaABAg,@cosmos5866,"Ban TikTok, this APP is dangerous to young kids.",2024-12-15T18:43:43Z,0,0,en
Ugw4zlri_gMJ3tFEWCx4AaABAg,@noah5941,Maybe it was better when YouTube pranks were being faked,2024-12-15T18:34:15Z,0,0,en
UgzM4zo8DCMsk15mTNR4AaABAg,@rhinehardt1,"Hopefully, the parents, of these two idiots, will tell them that their legal fees will be on them.",2024-12-15T18:21:25Z,0,0,en
UgyvKjnhFwEbGj09xEB4AaABAg,@kingmackattack42,"They need to start teaching courses in common sense at colleges. Of course, the students would probably get their feelings hurt and have the teacher run off on the first day.",2024-12-15T18:12:55Z,0,0,en
UgzM35KKekEYGQBTk5F4AaABAg,@SleepyManatee954,They look like the kind of kids that would find this funny,2024-12-15T18:03:14Z,0,0,en
UgymxOsLqflteWVegwF4AaABAg,@baseballsux2,"The Superman trend? Well, that’s what you get for trusting a couple of women to catch you.",2024-12-15T17:58:30Z,0,0,en
UgxqluFLsBExkiU6S6p4AaABAg,@sakurakittynoir1400,Those idiots are lucky they weren't shot down by cops!!!!!! How stupid do you have to be to think this is a hilarious idea???!!!!!!😱😱😱 Lord help us. 😓😮‍💨🤦🏼‍♀️,2024-12-15T17:53:23Z,0,0,en
UgyVexKAd9rChF3so314AaABAg,@iseewhatyoudidthere1245,Try that in prison: a prank riot.,2024-12-15T17:36:27Z,0,0,en
UgxTxeZrDlTCQzfjsgp4AaABAg,@philliplopez8745,Trump is pranking America. Arrest the POS !,2024-12-15T17:29:51Z,0,0,en
UgxEbFgtYndhNIQ264l4AaABAg,@germaxicus6670,"Excuses in 1940’s: I was just following commands
Excuses in 2020’s: I was just doing a TikTok trend",2024-12-15T17:25:30Z,0,0,en
Ugwdex64QJYB15JSKPV4AaABAg,@baṭo_saṅsārin,Your Eyes 👀👀🤯,2024-12-15T17:21:26Z,0,0,Other
UgyTclbSfbt2CJcg4KN4AaABAg,@j23532,"If I were one of their parents and I was paying for their education, I’d make him pay every cent of their tuition back to me no matter how long it takes him",2024-12-15T17:13:24Z,0,0,en
UgzLNyehAV3cjObT5-Z4AaABAg,@Ruggedystim,"4:14 look, i was 19 and was selling white powder, i got raided and did 3 years in prison and then never caused trouble again, but i never got a job i wanted, i lost out on opportunities lots if kids my age were openly welcomed into, and it yook until my 30s to get treated human again (in situations where my record was on the table) 
Being at the age learning things the hard way ... Sucks. But much like these two fellas, my life went on and now its like it never happened. But, i lost out on opportunities, i worked five times as hard for half the life of my contemporaries. I dont think they should get off easy, that's something that needs a tough example set, before someone gets killed",2024-12-15T17:03:57Z,0,0,en
Ugw01XoLmn9nURmRJY54AaABAg,@fredpotts3126,This is why I fully support TikTok being permanently banned in this country 🇺🇸,2024-12-15T16:58:52Z,0,0,en
Ugx5vDWgqVRrdd0qd8x4AaABAg,@lorihamlin3604,"At very least they should be expelled. In a lot of states open carry gun laws could have turned this into a deadly situation, all for stupid prank.",2024-12-15T16:42:46Z,0,0,en
Ugw8MzrGLFsc7WSRpq14AaABAg,@mirrrbot,Sooooooo funny.,2024-12-15T16:41:09Z,0,0,Other
UgxxCt_8i5he3IF8xil4AaABAg,@kendon81,so that's where that has come from.......kids here in Ireland have been doing the running up and kicking doors at night.,2024-12-15T16:28:13Z,0,0,en
UgwhYODu5ng1CKgsWJV4AaABAg,@DarkPoetDCLXVI,I a month tik tok will mo longer be LiVe,2024-12-15T16:12:57Z,0,0,en
UgwE63t-TBKA3jfr0bB4AaABAg,@wackingjack,"Zero tolerance for violence unless you're protesting for Palestine, that's ok,",2024-12-15T16:10:25Z,0,0,en
UgzF1q462Pp28D_5Eet4AaABAg,@waterninjaturtle420,"Yo Atozy! Now you HAVE to get PHD of TikTok stupidy, that would just be the cherry on top!!
I love your content, keep the good work up!",2024-12-15T15:57:46Z,0,0,en
Ugy6v4Pdl6-qyTfUnxp4AaABAg,@GhettoGeek-tv4mz,"Tick tock should be held responsible too for not building a policy are such antics and videos. 

The internet made society even worse than what it is. Everyone is sensitive and everyone is seeking attention",2024-12-15T15:51:32Z,0,0,en
UgxfJqSCJ-rcrF8WKl94AaABAg,@lisasellers2839,"I always told my kids if they were arrested because of their own stupidity then I would come in with curtains for their cell and a wreath for their cell door. Kids that age know right from wrong. There is no excuse for any ""prank"" of this kind....ever. Let their asses sit in jail.",2024-12-15T15:42:46Z,0,0,en
Ugx5OWUW1X6-otY4Tah4AaABAg,@pf8988,20 somethings act like pre teens and are universally as ignorant...imagine the collective stupidity in 20 years that will be in positions of economic or political power😮,2024-12-15T15:42:37Z,0,0,en
UgwRr4SjfpI15UdIE194AaABAg,@keonissongacousticoriginal6986,"Another Channel 
Dedicated to Fake
Bad Whitey Stories 
Amazing 😊

Demonizing for Prank School Shootings 
Is a new one, however 😅",2024-12-15T15:42:18Z,0,0,en
UgxVgR1BfLZid0IDX1V4AaABAg,@michaelpike2596,Actions have consequences! Life is that way. No need to feel bad for these individuals!,2024-12-15T15:38:11Z,0,0,en
UgwhuI9dkO1Vpm3SC6h4AaABAg,@riskey6788,YOOOOOO‼️‼️‼️   DUMMY‼️,2024-12-15T15:32:33Z,0,0,Other
UgxT71BZ5yJGmqWYM4t4AaABAg,@readdyrose,Maybe tik tog getting banned in America is a good thing…,2024-12-15T15:23:46Z,0,0,en
UgwWwgQWSx4gyWzTv2J4AaABAg,@chriskellison3468,When is natural selection going to make a come back.,2024-12-15T15:15:12Z,0,0,en
Ugz8usckisjM2hyxeeZ4AaABAg,@NunyaNomi,We used to have firearms in our vehicles at school in Montana when I was in high school and after Columbine my principal made a rule that firearms must be brought INSIDE the school where he would put them in a safe until the end of the day. Nobody ever followed it because omg how dumb of a “solution” to something that had  literally NEVER been an issue in the state.,2024-12-15T15:12:08Z,0,0,en
UgxQpxWwlNg8OFTMjVl4AaABAg,@Pa-we1lw,Very immature.,2024-12-15T15:08:26Z,0,0,en
Ugwf1cD0FfU36OfCfzt4AaABAg,@davidscott9572,Stupidity should be illegal.,2024-12-15T15:04:21Z,0,0,en
UgwkIVL5soKlO9tFpmF4AaABAg,@danwhitehurst6293,It’s not a prank if it’s a felony,2024-12-15T14:57:12Z,0,0,en
UgxtxAfFz75LBPzNTwl4AaABAg,@TheTrueBobDole,Bet they would've been trump voters,2024-12-15T14:55:37Z,1,0,Other
Ugysf5YW0zigTvJKHXt4AaABAg,@silentdawn21,"whenever they finsh servering their time and got out of prison, the judge should tell them that it was a prank",2024-12-15T14:50:49Z,0,0,en
Ugyufm2us3X1wYrMWl94AaABAg,@michelangelo5903,when i was in high school we poured ice water on our heads for cancer or something like that then nominated our other friends to do it,2024-12-15T14:48:38Z,0,0,en
UgxPhL004GZsPtdMteV4AaABAg,@galenicalhoover6508,"45 years ago, when I was in Temple University Medical Center housing (Jones Hall), I was placed on residential probation because a female claimed I threatened to break her legs. A friend and I were blowing off steam tossing candy corn to each other and trying to catch it in our mouths. I tossed, he missed and it hit the female in her ankle. She lost it an started screaming at us and then filed an official complaint that I threatened to break her legs. What I sarcastically said was, ""Oh, is a piece of candy corn going to break your leg?"" I got the hearing date wrong and never appeared. Saw the female in the elevator a week later. She wasn't afraid to be in the elevator with me because she lied and knew I never said what she said I said. I asked her why she would lie like that against somebody. Silence. She was a physical therapy student. Maybe she will read this. LIAR! You could have destroyed my life!

The system likes making examples of innocent people and the system has no problem finding liars to help them out. I trust none of this report by Atozy. Everyone lies.",2024-12-15T14:44:04Z,0,0,en
UgwnFG8EvVy0OOm1Dm54AaABAg,@ILLUMINATETunedIt,A prank is switching all of the Mouse and Keyboard wires in the computer lab before leaving so everyone controls everyone elses computer. You cant break the law and call it a prank. Lmfao,2024-12-15T14:38:07Z,0,0,en
Ugy8vJgcY3X7kDM5VBl4AaABAg,@deed421,Get rid of  tik tok..,2024-12-15T14:35:57Z,0,0,Other
UgzHY4bepHXxpfcIyP14AaABAg,@timberry4709,"02:52 - - ""...this is a good time for parents to talk to their young adults...""

If you have to explain these things to your 18 year-old child you have already failed as a parent.",2024-12-15T14:32:57Z,1,0,en
UgwwZd1CtJiizNrZttB4AaABAg,@paulhernandez2081,The parents should consider abortion. (Its not too late),2024-12-15T14:31:43Z,1,0,en
Ugx1HeAfga2VlQtUxLp4AaABAg,@justincase4708,I find it so difficult to believe anyone with an ounce of common sense would think this was a good idea!,2024-12-15T14:30:04Z,0,0,en
UgzauE5R43prxeF0hat4AaABAg,@PekoAnimePage,Damn they really making TikTok bann,2024-12-15T14:26:38Z,0,0,en
Ugyqe2EsSbq9O8Z8TPl4AaABAg,@Wisdm714,"Galatians 6:7-8 (KJV) Be not deceived; God is not mocked: for whatsoever a man soweth, that he shall also reap. Here is the Bible way to Heaven. Dear Jesus I know that I am a Sinner, I deserve to go to HELL, please forgive me of all my SIN and give me ETERNAL LIFE. I'm not TRUSTING in my WORKS, I'm not TRUSTING in my RELIGION. I'm only TRUSTING in my FAITH and BELIEF in you JESUS CHRIST. Thank you for SAVING ME. Amen: Grace through Faith by Salvation it's the only way. ONCE SAVED ALWAYS SAVED! No matter what!",2024-12-15T14:24:03Z,0,0,en
UgwZQ-L9nkSwVXYl7aN4AaABAg,@3RDLeggedRSPorductions,Look in the mirror and you can see dumbest person alive,2024-12-15T14:22:29Z,0,0,en
UgyhVUE2AgAaYv3AtdV4AaABAg,@cynthiashaw45,Menacing is a chargeable crime.  Thinking you have a right to say anything you want to needs to be removed from our thought process.  It was never legal to yell fire in crowded theaters if there was no fire.  It isn’t funny to inspire people crawl all over each other to save their lives.  It has always been a crime.  Stop being a bully.,2024-12-15T14:21:20Z,0,0,en
UgwEQXVIjhPPL7-_nOx4AaABAg,@ThatsMrzB2u,They need to be expelled.,2024-12-15T14:14:49Z,0,0,en
UgyQ401tUoi7Ge0pHIt4AaABAg,@edwardjensen1049,FAFO...,2024-12-15T14:12:47Z,0,0,Other
UgwQlO54a6M8XO9-mtV4AaABAg,@whittkatt,"Maybe it’s time to put this kind of “content creation” to bed. If no one watches, and they get actual consequences for bullshit like this, it will end.",2024-12-15T14:11:55Z,0,0,en
UgzJva1eiyUIlaCeH794AaABAg,@DeathChild7,when trends are crime and people don't understand it's crime? IQ really has gone down hasn't it?,2024-12-15T14:10:54Z,0,0,en
UgzFszqX3Ip9GOx-o6d4AaABAg,@willahelmpowers4835,"It's just a prank bro ... do you even prank bro?
From a University perspective it reminds me of that Trump saying of They're not sending their best.
I can see this type, minus the years in prison, getting their masters at university in tiktok studies and looking down on everyone as uneducated.
Everything about now-a-days is ridiculous.",2024-12-15T14:10:19Z,0,0,en
UgyDQVnYrCf915KzbF54AaABAg,@AlbatrossWhisper,Tick tock brain rot,2024-12-15T14:04:46Z,0,0,en
Ugy_aDLCjA-5NuA0PQt4AaABAg,@johndavid8815,The devil lives on TikTok😂,2024-12-15T14:02:14Z,0,0,en
UgzeXuhcpExH_BuYild4AaABAg,@carolwilliams8281,The FULL ten years for being that stupid.,2024-12-15T14:00:04Z,0,0,en
UgzvTk5Nsy4uD6spCL54AaABAg,@bahahaha8416,"So just a totaly rhetorical question, if a bystander who has the best intentions sees this going by, thinks it's a real threat, responds with the Murican right and defends the kids and kills these pranksters, what then? Obviously I chalk it up to the pranksters fault but you just know the potential good samaritan will be imprisoned.",2024-12-15T13:56:14Z,0,0,en
Ugw5mvOivsG51364-7F4AaABAg,@hidesan7794,lmfao TIK TIK,2024-12-15T13:52:16Z,0,0,Other
UgwcS6I1lK0eYFpkXoB4AaABAg,@FarlesNCharge,This is why Tiktok should be banned,2024-12-15T13:50:10Z,0,0,en
UgxypH9xX3j1r6E2U9p4AaABAg,@anthonymansell6716,Students should file a class action against these two for causing distress,2024-12-15T13:47:25Z,0,0,en
UgzmXnJcqGq1fC0yGE54AaABAg,@jay-dubb.dubb.68,"Was it a community college, by chance?",2024-12-15T13:45:49Z,0,0,en
UgxxCuvhwiu_MqCs6Zl4AaABAg,@josueveguilla9069,Play stupid games win prizes. 'Nuff said.,2024-12-15T13:42:10Z,0,0,en
Ugzj2rQd5MeGSqlEKtx4AaABAg,@TheKrug3000,"What the fuck is becoming of TikTok and these ""pranks."" Half of them are serious crimes and the other half is straight up harassment. When I was younger, friends and I did shit kinda like Jackass, put bottle rockets on a shopping cart and ride it down a stupidly tall staircase or something. Kids are allowed to be stupid but not this stupid.",2024-12-15T13:42:10Z,1,1,en
UgxILhGAOSzMUSzBmPV4AaABAg,@josueveguilla9069,LOL. OUCH!!!!,2024-12-15T13:41:53Z,0,0,Other
Ugzbkj75Wp0zOkChBAV4AaABAg,@bostonClove,Idiots.. ban TikTok,2024-12-15T13:41:27Z,0,0,Other
UgwSbSoPEDIY1O0hpy14AaABAg,@christryon6904,Yelling fire in crowded movie theater is 😁,2024-12-15T13:41:05Z,0,0,en
UgzJEsN5bdujP_gFz1F4AaABAg,@dez6278,"Sheriff Grady Judd & lawmakers in Florida are now charging parents for the man hours it takes to find the source of online and phoned in school shooter/bomb threats. The first one was publicized recently, a $30k bill when it happened soon after a nearby school shooting (NC?). They have to bring in FBI and other specialists, pay overtime.. I'm for it, to get parents talking to their kids, but think there should be a cap on the amount.",2024-12-15T13:40:46Z,0,0,en
UgwcjmVkQrDQE-_VQax4AaABAg,@fitzpoopoo,Morons.,2024-12-15T13:38:56Z,0,0,en
Ugz-QEf5h9G5C40YTLB4AaABAg,@imthedude7009,"as always, i have zero faith in the system and nothing will happen to them.",2024-12-15T13:34:32Z,0,0,en
UgwEWQ7jraXE-aKOWpZ4AaABAg,@cdrone4066,Someone didn’t learn about cause and effect.,2024-12-15T13:32:10Z,1,0,en
UgxdC_-PZxk1N8e2-JZ4AaABAg,@saulgoode1218,My senior year of high school a group of mysterious students lit an ounce of smoke in the ac air handler for the school on senior skip day. That was a prank. This shit is going to get kids killed.,2024-12-15T13:30:01Z,0,0,en
UgwnRyJWI4Mf8gBnN_p4AaABAg,@jayb6900,Common sense is becoming less and less common,2024-12-15T13:25:11Z,0,0,en
Ugwmw3c8mZpAjkFF1LN4AaABAg,@dez6278,"Kids get dumber every year. TikTok needs to ban this shit. What if a security guard was in there eating, jacket on the back of the chair, and reached into his holster, under the table, and came up with a gun and..? It's happened to other dummies before.",2024-12-15T13:22:23Z,0,0,en
UgwoJbp168VGSLfDFzB4AaABAg,@nancydaley9646,Don't do that in Texas. Everyone else will have a real gun.,2024-12-15T13:19:50Z,1,0,en
UgyK3jcTtjcjbm8rGAB4AaABAg,@jimmynguyen4398,Should have been arrested for being college students using TikTok,2024-12-15T12:57:19Z,0,0,en
Ugxtsibj4jQZAf_d24Z4AaABAg,@dondonato5228,"Give them the full 10 years, enough is enough with these so called pranksters.",2024-12-15T12:46:01Z,1,0,en
Ugw0vFLCIvWZBF6bC7R4AaABAg,@johnwillison6483,Let's hope these two idiots end up expelled and have some hefty fines and have to do jail time!! I bet these two idiots are NOT making thier parents proud right now!!,2024-12-15T12:45:32Z,0,0,en
UgwODcFuPi4g8yBD3FN4AaABAg,@pollypocket2282,Don’t do that in Florida! We carry!!!,2024-12-15T12:44:22Z,1,0,en
UgxN80LZBRC5XgCPOlN4AaABAg,@carlamartin4783,Poor stupid fools,2024-12-15T12:42:18Z,0,0,Other
Ugzhs6TmGR6Goa5jHYN4AaABAg,@DanOWar55,"If your defense is ""I was recreating a tiktok trend"" or ""it was a prank for social media"" you should have additional fines added to your charges. 

And what did they expect to happen? That everyone would turn and laugh and go ""ahaha classic Dan and Nathaniel.""",2024-12-15T12:34:45Z,0,0,en
Ugx0_yMlqsNLsMxe4iB4AaABAg,@conscientiousobjector5988,"The usual subspecies. (Yes, that's what we say now. Let's be honest.)",2024-12-15T12:29:44Z,1,0,en
UgyeYVfn3ZEg3CjDvQ14AaABAg,@facultativeAlpaca,"This is the sign of a deeper root... Parents don't know how to parent, and our society promotes godlessness and foolishness",2024-12-15T12:29:23Z,0,0,en
UgzLYpAiDeO1lyNmX-t4AaABAg,@jspolarbear2,Sorry but not sorry the guy that's wearing glasses he reminds me of Harry Potter I don't know why he just got that look,2024-12-15T12:28:00Z,0,0,en
UgzamQmwcphe5n89r0N4AaABAg,@leliablackwell5141,So much for the term “higher learning”. How stupid do you have to be to think this is a god idea? 😑,2024-12-15T12:25:19Z,0,0,en
UgwYHF0cGk1pETkoepJ4AaABAg,@aryella7107,"thank fucking god.... in a few weeks, this tik tok shit will be gone",2024-12-15T12:24:35Z,0,0,en
UgzfNqxe9S2_KwpmCi94AaABAg,@Earthisflatbro,This is like youtube prank channels all over again. Didn't ppl decide those were stupid and cringe af,2024-12-15T12:19:13Z,0,0,en
Ugw3lU7EPbgrPKW66wJ4AaABAg,@RainyyDevil,There's SOO many other things they could've done and gotten away with doing  but they could've done something that they may have gotten them killed over,2024-12-15T12:12:47Z,0,0,en
UgyrGE-bpgCzQbIpz1l4AaABAg,@TheOKkittyfarm,These kids should not be in college. If you are too stupid to understand the gravity of your actions you are obviously an idiot. If you are in HR remember these names and faces this “educational” facility was going to give a degree to. Realize ANYONE Can get a degree from UCONN.,2024-12-15T12:12:21Z,0,0,en
UgyIkaQZxnCrPTGkTjl4AaABAg,@ReneSchickbauer,They might also be facing civil lawsuits and have a good chance of paying for years or decades of someones PTSD trauma therapy.,2024-12-15T12:08:05Z,0,0,en
UgwVIzwfNE-6YJfdz894AaABAg,@colossusofhate2277,that PHD will look great next to your childrens playmat,2024-12-15T11:53:10Z,0,0,en
UgzM1c3gIGDcbf0HH494AaABAg,@gotta-date-with-hate,"This ""they're young"" is BS....I know 18 year old ""kids"" who have been in combat. I have a close friend who was 19 and lost both legs from an IED... ""they are not young"" they are childish and immature. They should serve prison. 

They look like real school shooters TBH.",2024-12-15T11:51:10Z,0,0,en
Ugzw723WF_XoW3sqsON4AaABAg,@elan1418,"These kids went to university. Honestly, if they are stupid enough to pull this shit they do not belong. Those are not the kind of people you want to put in positions of power in the future.",2024-12-15T11:48:05Z,0,0,en
UgyLwczuy-_gSHQa6b14AaABAg,@loganjohnson9073,TikTok will be the downfall of our country,2024-12-15T11:47:56Z,0,0,en
Ugyzm_we3kBx8CY5dlN4AaABAg,@Jeff-qf3em,No one in that cafeteria would have had a gun.,2024-12-15T11:42:01Z,0,0,en
UgznzpiCV6ja5clliwx4AaABAg,@ELF_Productions,"the might be innocent until proven guilty, but they for sure are stupid until proven otherwise",2024-12-15T11:38:50Z,0,0,en
Ugwt5ZWDJkdiC5M4IaZ4AaABAg,@Jeff-qf3em,How can that guy say it was misunderstood?,2024-12-15T11:37:31Z,0,0,en
Ugw0WYtK9ctrCwAJcxl4AaABAg,@Jeff-qf3em,Tik tok is a cancer. Stupid and ridiculous people doing Stupid and ridiculous things.,2024-12-15T11:35:58Z,0,0,en
UgzKH4WqZfn8LzaTGG94AaABAg,@youngmasterzhi,Is there a TikTok trend of people staging hits on societal dregs as sü1<1d35?,2024-12-15T11:35:52Z,0,0,en
UgxvAnKcz53cJ20aEyZ4AaABAg,@MattMatt77,This is so stupid its funny,2024-12-15T11:32:38Z,0,0,en
UgyrlvGJZ0HoIf2-AjF4AaABAg,@RobertWWD,I wish Biden was serious about banning TikTok.,2024-12-15T11:30:02Z,0,0,en
UgznSW95c8hrlzxQJTN4AaABAg,@jasonbragg8414,Another reason to ban tit tok,2024-12-15T11:22:56Z,1,0,en
Ugw3nmfB52dv24lLxot4AaABAg,@ChristopherSwearinginTech,"Why did you put those videos reversed? You can't read the text. Um, hello...",2024-12-15T11:14:05Z,0,0,en
UgzMcur0QC5Z2gUCoCx4AaABAg,@lisaa7011,The “🔫man” literally looks like he’s gonna come back and re-create it with the🔫,2024-12-15T11:09:52Z,5,0,en
UgwVB8caBxu4kEk5lON4AaABAg,@RealLifeSnowWhite,"They knew the consequences of their actions. Idgaf their age, they knew better! Play stupid games, you win stupid prizes and they deserve everything coming to them. They should be sitting in jail just like anyone else would!!",2024-12-15T11:01:10Z,0,0,en
UgymicmPz9Zm16u5zcp4AaABAg,@robincasey1700,That white guy looks like Timothy chalemaid 😂,2024-12-15T10:50:28Z,0,0,en
UgyTitN6s27EAF5oiIh4AaABAg,@martinaasandersen3775,2:35 I dont know if i would call it zero tolerance. Americans' tolerance for it seems pretty high or they would do something about it other than thoughts & prayers..,2024-12-15T10:48:31Z,0,0,en
UgzXo93iqV_d3jyj5bJ4AaABAg,@Chavez1995-,Breach of peace 😂😂😂😂😂,2024-12-15T10:47:57Z,0,0,en
UgzrhxE_5uUmsn0rItF4AaABAg,@artdonovandesign,"Wait....dweeb interview guy thinks maybe it ""was misunderstood"".
_MISUNDERSTOOD???_ Really?
What exactly did those poor students in the cafeteria misunderstand?
Also: There was never any ""viral TicTok video!""",2024-12-15T10:47:54Z,1,0,en
UgyVpwHsYrl1LI5IwWd4AaABAg,@robincasey1700,"By November 30th, America has had 575 mass shootings in 2024. But idiots like this still think it's appropriate to joke about",2024-12-15T10:45:40Z,0,0,en
UgwhYjJ3we5bcFAlVmt4AaABAg,@BastianVedek,"Was there an actual original post? When was it released and when did they commit domestic terrorism. Which is what this is! Where there grades bad? Did anyone they love need money for medical care? If they had been dealt with as most of these scenarios would be, wrongful death suits?",2024-12-15T10:45:31Z,0,0,en
UgxxGQL9hb_F3BdVoml4AaABAg,@robincasey1700,I know we're worried about the younger intelligence but I'm really worried about you gers intelligence now 😢,2024-12-15T10:40:37Z,0,0,en
UgwKLYM_2RJ5x5sHN3h4AaABAg,@artdonovandesign,"The guy on the left looks identical to:
Dzhokhar Tsarnaev",2024-12-15T10:39:19Z,0,0,en
UgwZXppuZiTEezATUpF4AaABAg,@leo6109-q5t,"Even by a tik toker standard, it was a very stupid idea.",2024-12-15T10:21:23Z,0,0,en
Ugy1gkmnzx6CWbBr1j94AaABAg,@alexcottrell6094,Ya they have several felonies from assault to threats to making terroristic threats. It gets even worse especially if there are sveral people.,2024-12-15T10:12:29Z,0,0,en
Ugye2o6KKBZyQgMvS-p4AaABAg,@avgrim7729,Like yelling fire in a crowded theater!!!,2024-12-15T10:10:50Z,0,0,en
UgzXce8qaXAcHK79E9Z4AaABAg,@JohnWayneStraightcy,"Is it wierd of me WANTING to know, who they voted for? 😂",2024-12-15T10:08:42Z,0,0,en
UgxBZJ6FX6_BvsT8fWN4AaABAg,@DarkownerMinimalist,only kiddies play pranks,2024-12-15T09:38:07Z,0,0,Other
Ugw6eBCEp4EBhZwhMW94AaABAg,@agardener3621,"When are platforms like You Tube & Tik Toc going to be held accountable for ""Pranks"" like these?  These two too stupid to come up with an original idea piggy back off some other idiots.  IF the original TikToc had been taken down immediately they would not have been able to try to recreate it.  There is censorship, in this video, things were blurred out, he wasn't able to play music , other videos, you cannot use the F word or ""triggering"" words so why are videos of stupid people attacking innocents allowed?  Joey Swoll says ""Tic Tok, You Tube You have to do better"".",2024-12-15T09:30:41Z,0,0,en
UgwnZtuO4xgorluKreF4AaABAg,@matthewmcmaster2731,"Anytime someone gets arrested and the term ""Tik Tok"" is brought up it should be an automatic 2yr prison sentence!",2024-12-15T09:09:38Z,0,0,en
UgzuTzBBwI1Wdwr-ISh4AaABAg,@finnsmom773,My husband is retiring from teaching as a result of school violence. He's been in several schools where shootings have occurred. Living with this threat as a family member is terrifying and I'll be damned if I'll lose my spouse as a result of this sh*t.,2024-12-15T08:21:38Z,73,3,en
UgwgxXHCnd2drj5xsJZ4AaABAg,@Titus873,No mercy with prankers.,2024-12-15T08:21:04Z,0,0,en
UgwW-1sQ2tUY7HzKWlx4AaABAg,@Lolsure666,I’m starting to think some of these people are real life NPCs,2024-12-15T08:18:06Z,0,0,en
UgxSr2ycFOdPWkbkVeh4AaABAg,@andymcmillan2193,BAN TIK TOK,2024-12-15T08:08:57Z,1,0,Other
UgwtbJ5X2GvfDuhZpp54AaABAg,@ihatecabbage7270,"HARD WAY IS FINE, we need LESS PRANKSTERS. I don't feel bad for them.",2024-12-15T08:01:05Z,0,0,en
UgwREL9PlN2voLDFm114AaABAg,@Donkeybrainz5,"My teacher gave me and my friend a bag of dead cats to expose of in high school. Probably meant the dumpster.  We went around and put them in unlocked lockers.

Edit: we dissected them in A&P or Biology 2. She took my dissecting privilege away when i cut the cats tongue out and said ""Cat's got your tongue? Well i got it's."" Good times",2024-12-15T07:57:09Z,0,0,en
UgyD8kQlC3aaBlHrApJ4AaABAg,@IamGrootOG,Dumb🫏,2024-12-15T07:53:57Z,0,0,Other
Ugz3WyqYPNA3ZotkN714AaABAg,@Cameron-m5p,"I don't think there's so much as a single millisecond of my time in college where I wasn't intoxicated on at least some level - and yet, somehow I made it out without a single decision even half this bad... I really wonder how someone comes up with such a bad idea and not only follows through on it but ALSO GETS OTHER PEOPLE TO DO IT TOO! Like, that's just impressive at that point. Whoever came up with this idea and got someone else to go along could have been the world's greatest used car saleman, or maybe, thinking bigger, possibly even the world's sleaziest fortune teller! I mean, this guy could have even become a televangelist! And he threw all that away for clout. Sad.

This man could have been the world's slimiest con artist and retired happily in a Las Vegas penthouse apartment, passing away in the arms of an ""adult specialist"" at the ripe old age of 69.",2024-12-15T07:48:11Z,0,0,en
UgxLlEv0pp1Kys-ir2d4AaABAg,@hawk1515,"Some people at my school stomped on milk cartons, balloons, and chip bags on a day where some guy on Instagram threatened to sh**t up the school… haven’t seen them since then",2024-12-15T07:17:05Z,1,0,en
Ugw1C4iin2k1caYkS-J4AaABAg,@infernyxfire,"Honestly, they're lucky they weren't shot. If you pretend to be an active shooter, expect to be responded to like one.",2024-12-15T07:14:45Z,0,0,en
UgxJyla9wxxzQyhMMjR4AaABAg,@tickleishpickle9269,is NO ONE seeing the weird language and symbols on the signs .....wtf is this video ?,2024-12-15T07:14:24Z,0,0,en
Ugx7w9evKQC7SbqGkU94AaABAg,@tickleishpickle9269,why are the signs ....not making sense...is no one seeing the language thing ?,2024-12-15T07:13:29Z,0,0,en
UgxrS31I1yGGqDJ9XVN4AaABAg,@ChasingDeathbeds,The only thing I know they could of been “recreating” MIGHT of been a video that was originally posted to YouTube of a documentary/recreation of the Columbine Shooter vids that will never be publicly shared after they were found & scrubbed from the internet way back when,2024-12-15T06:46:03Z,0,0,en
UgzPgapRePuXef0LirJ4AaABAg,@raeishimura,"This kind of ""prank"" has seen lives ended before. Having your last words be ""it was just a prank bro"" is just pathetic to think about. These two fully knew what they were doing. Their age is not an excuse. It's not worth it for the little bit of clout",2024-12-15T06:45:11Z,0,0,en
UgzpKvWhBw-fy0bAksJ4AaABAg,@DoubleG7793,I mean that one lady was just charged with terroristic threats and crazy shit she got 15 yrs these kids better get atleast that,2024-12-15T06:42:09Z,0,0,en
Ugx8nKldG4KKurzRNgZ4AaABAg,@MyRhythmRoom,They must be too young to remember Sandy Hook. CT is not playing about this type of stuff.,2024-12-15T06:13:14Z,0,0,en
UgypvCOrNLtV6C_S56l4AaABAg,@Nelsea7190,"arent school gun ""incidents"" common enough as it is? heck they happen in the streets and shopping malls already...",2024-12-15T06:01:23Z,0,0,en
UgwAe3RbmqRQoEDQ6Nl4AaABAg,@vinzegcs,At least criminals are filming themselves in the act making it easier for police,2024-12-15T05:53:05Z,1,0,en
UgznlhZ3_HHJQgz42zh4AaABAg,@TrulyTwztidG,Viral tok Tok challenge is code for there wasn't one. Everything is ok blame GTA or tik Tok prank. Lies all fucking lies.,2024-12-15T05:43:44Z,0,0,en
UgzaKVW5OE8Ouq2fp954AaABAg,@arden-chan,"""Tiktoker"" should be an insult.",2024-12-15T05:35:39Z,0,0,en
UgwcLTK4CzJjYe-UNol4AaABAg,@faith.colello,"i was in the dining hall when that happened, like 4 tables away. it was terrifying",2024-12-15T05:21:28Z,0,0,en
Ugwzv3DT8LXRZxQ9HYJ4AaABAg,@BitcoinBitz,Their Parents are a disastrous Failure!!!,2024-12-15T05:11:25Z,0,0,en
UgyDcyrsz0L2Ga2R3C14AaABAg,@Ingolfurvalur,Cant believe harry potter and edward would do this.,2024-12-15T05:10:12Z,0,0,en
UgyM7JsBQ6fh4_XpOXJ4AaABAg,@syncategorematically,"""American school"" prank...",2024-12-15T05:05:57Z,0,0,en
UgxbcELknaKQhnva6IB4AaABAg,@el_sapo123,1:55 kid is just as brainless as them.. saying it was misunderstood.,2024-12-15T05:02:56Z,0,0,en
UgyZiMCtzQN8fGDAYfF4AaABAg,@suchlame_,Bruh,2024-12-15T04:47:28Z,0,0,Other
UgxJegRDVvwz6VntPu54AaABAg,@RavenMenel,"Kids will see ONE video and think it is a trend. Im guessing one other group of dumb kids, who probably also got in trouble just didnt end up in the news, made a video that these two goofs saw and thought, ""hey let's copy this brainrot"". Crimes are not pranks, stop calling them that, kids! Also one video is not a trend. I have half a mind to think they made up the video as an excuse thinking it'd somehow get them in less trouble when NOPE! You still get jail.",2024-12-15T04:44:17Z,0,0,en
UgxogmUYapkMOUzM5XV4AaABAg,@usonohoshi6165,When common sense is non existent to some people.,2024-12-15T04:34:52Z,0,0,en
UgxhJFyUeT08kgh5Twp4AaABAg,@Golden_Ghoul,"These aren't ""pranks"" anymore, I hope they both get everything taken from them.",2024-12-15T04:31:09Z,0,0,en
UgwRMn5tPfaPeawxNr94AaABAg,@walkingchopsticks6731,"Who did they think would find this ""prank"" funny other than themselves",2024-12-15T04:11:47Z,0,0,en
UgwBx-0t8CG2z_XaAHl4AaABAg,@刹那-q9h,people doesnt have sense of humor now. 😂,2024-12-15T04:10:10Z,1,0,en
UgzC0cWdsSAYQVgl2b94AaABAg,@yeetymcneety,"My most harrowing memory from high school was during my sophomore year when a balloon popped in the cafeteria during breakfast one day. I will *never* forget the dead silence that filled the entire room, it was like all of our hearts stopped in unison. Every single one of us froze in the exact same fear, there was no question as to what we all thought that sound was and what was about to happen to us. All of us faced our mortality in that moment and had possibly only a few seconds to decide what do with it. I don't know if this stuck with anyone else as much as it did me, but it shook me to my core. It made me realize how easily I could become another number, how easily I could be snuffed out without a second thought just for being a kid in the wrong place at the wrong time, how insignificant I was in the grand scheme of it all. It definitely didn't make my globophobia any better, that's for damn sure (you can laugh). If I felt real terror from a latex sphere holding air breaking, I can only imagine what they felt when they could see and hear the actual ""gunman""",2024-12-15T04:04:22Z,0,0,en
UgxYfzoftwm56FgePwd4AaABAg,@jjfarrell9349,My first thought was 'how can people this stupid get to be university students?'. Are the university's standards really this low?,2024-12-15T03:47:53Z,0,0,en
UgwXAV-TwIjhELT9nON4AaABAg,@Playernumbernull,TikTok is such a cancer on society.,2024-12-15T03:45:13Z,0,0,en
UgyrzxtaB6AgGaFG9fV4AaABAg,@liopol3,"The real crime here is that's chrismas tree brother, please get some lights bro 😭",2024-12-15T03:28:09Z,0,0,en
UgzKP2qOSg64iI0axmF4AaABAg,@josephn364,Make an example of them so that no one dares to do it again.,2024-12-15T03:02:13Z,0,0,en
UgzxPNBicQKVsRvyXgZ4AaABAg,@ezegoodness8804,"Back when i was in middle school (7th grade) one of my friends did a  shooting threat on instagram and got put on house arrest for like 1.5 months. Back when i was in 8th grade, one of my friends let this kid use his phone and he called the cops saying he was gonna bomb the school along with this other kid and all 3 of them got in trouble. My friend got suspended for 2 weeks while the other two got taken by the cops and idk what happened to them, they never came back",2024-12-15T03:00:55Z,0,0,en
UgwQ_xjUuZwa_z-SFUN4AaABAg,@somathegamer4933,"Charge them with  ""terroristic threat,"" and  these idiots would stop.... dont even need to give them time just show the courts are willing also why is my comments getting deleted",2024-12-15T02:49:31Z,0,0,en
UgykaCqFG5onFeadUnR4AaABAg,@ashurad_fox5991,"At these point people that do these ""challenges"" are all just potential Darwin awardees...

Like c'mon, atleast think for a moment if what you're doing is safe and right.",2024-12-15T02:48:53Z,0,0,en
Ugzu4TpVSg5-YxvL3m54AaABAg,@felisha5507,They aren't built for prison good lort...smh,2024-12-15T02:45:39Z,0,0,en
UgzPRTyV7_ADWeXqfUd4AaABAg,@Cherokeeseeker,That’ll get you ‘dearly departed’ in Oklahoma,2024-12-15T02:42:04Z,0,0,en
Ugx3KDHwcCOV3hmKZb94AaABAg,@mrsmith5114,Schools need to include common sense.,2024-12-15T02:36:56Z,0,0,en
Ugy52x0kUUPxrvOhIlV4AaABAg,@visioneerone,doubtful that the (potential!) pennies brought in from their tiktok video will cover their tens of thousands in student loans,2024-12-15T02:36:16Z,0,0,en
UgxR0T673d7_8w1ygFl4AaABAg,@James-n6o9e,When i was a teen in the ealry 2000s the internet was a gift ...now its a damn curse,2024-12-15T02:36:06Z,0,0,en
UgyLqhU-wzB0C8dICi14AaABAg,@jamesbulldogmiller,"@0:54 ' L I V E "" spelled backwards is "" E V I L """,2024-12-15T02:17:44Z,0,0,en
UgxdNBRaZeh9xCtqPHZ4AaABAg,@jamesbulldogmiller,"In my town , Three ""pranksters"" videoed themselves robbing a store. Then , they posted it on line.  When the police arrested them ,  they said it was a joke, they were only kidding.",2024-12-15T02:15:10Z,0,0,en
UgzeG1d3Xz_fkFJBW814AaABAg,@mariefremlin7536,How could anyone think thats funny? This is the level of intelligence of college students?,2024-12-15T02:13:15Z,0,0,en
UgyPXMFKj9ja4W5k6TN4AaABAg,@Anthem76,Prison and lifetime ban for owning firearms. Doesnt matter how fun they are. They arent a joke,2024-12-15T02:12:06Z,0,0,en
Ugw2_vSKXtLNfW_Pxcd4AaABAg,@machetedonttweet1343,"Humm. I didn't go to a ""University"". I went to a public college for my senior year. ""John Jay College of Criminal Justice"". We had a Cafeteria, not a ""Dining hall"". Many of the students were active Law enforcement officers(the city paid our tuition.) This was before NYPD required college or Military for the job Most of us were completing degrees for advancement or to qualify for higher-paying departments that required degrees. If those assholes would have pulled that shit, John Jay, they would have gotten ""Lit Up"".If they pulled it at ""Brooklyn Law School"" , they would have gotten ""lit up"".If they pulled it at Queens College, they would have gotten ""lit up"".They thought they could get away with it because they were enrolled at an overpriced ""university"". Now they will end up managing a Walmart if they have enough credits. Come to think of it, most non-S.T.E.M degrees will land you at Walmart anyway.",2024-12-15T02:05:45Z,0,0,en
UgwGUnW0_Vrk9VFPi-p4AaABAg,@TheAverageMountainMan,“Its just a prank bro” Yeah well this SWAT team and negotiator aren’t,2024-12-15T02:03:57Z,0,0,en
UgydCoIb6-Wmkv4X1Fh4AaABAg,@kellsrich,I hope they throw the book at them. I’m so tired of people using the “age” excuse. When I was 8 I knew the difference between right/wrong and that my actions have consequences. It doesn’t take a fuckin rocket scientist to know that.,2024-12-15T02:02:38Z,0,0,en
Ugy5XOIVcWgHo1ILAjd4AaABAg,@jayroosgaming3007,Really need to ban tiktok lmao,2024-12-15T02:02:22Z,0,0,en
UgyVtt4wfy1iBBEBX7F4AaABAg,@maenad1231,Idk what they were expecting to happen … like what was the best case scenario in their head?,2024-12-15T01:57:23Z,0,0,en
Ugxw90B2xeOUSOEUUq14AaABAg,@LLEWION,"In Philippines some idiot did a kidnapping prank but to their surprise there is an off-duty police that almost shot them.
and what's more when they got interview a news tv they say they will do it again since they get money doing pranks.",2024-12-15T01:52:32Z,0,0,en
UgwbPkfud5bqIn5FJlB4AaABAg,@jacksputrid,Alyssa can get it,2024-12-15T01:50:17Z,0,0,ca
Ugy9Q6KtlPBJolNtBOh4AaABAg,@sheldonhall4572,I feel like they could have done a mass prank that would have been both funny and not illegal. This is the dumbest thing anyone could do.,2024-12-15T01:45:59Z,0,0,en
UgyVO94fkTHzEr9QDqF4AaABAg,@Naptural85,If there were bullets in those firearms… this was not a “prank.”,2024-12-15T01:29:27Z,0,0,en
Ugx6MIZEotqSNnyi9Xp4AaABAg,@TiaGems,I think the cops are misunderstanding and saying that it's a viral trend but clearly the objective was to *create* a viral trend and it failed miserably,2024-12-15T01:28:04Z,0,0,en
UgygZy97imaJXZrhs754AaABAg,@jlr1569,the parents must feel so glad to pay for their university...so they could pretend to be 'active shooters' at a school...seems like they aren't smart enough for university. disgraceful humans.,2024-12-15T01:05:18Z,0,0,en
Ugw8wll8wVcZFpuU-7t4AaABAg,@Samizouza,Tiktok sure is making it so easy for people to get arrested out of social media stupidity to entertain their clout fix.,2024-12-15T00:57:14Z,0,0,en
UgzpSheqUPX7anWo52B4AaABAg,@mannygomez7980,We should've ban TikTok long ago,2024-12-15T00:50:46Z,0,0,en
Ugx5GobkcMHHTa2AUoZ4AaABAg,@jackyvalencia77,What a couple of idiots. I hope the app gets banned next year.,2024-12-15T00:41:02Z,0,0,en
Ugz1oxCLtgIikB03Zzt4AaABAg,@lucasstephens5003,I'm actually for the ban of Tik Tok...,2024-12-15T00:39:25Z,0,0,en
UgwYR55odP_xpM6rzk94AaABAg,@thepunisher191,ban tiktok,2024-12-15T00:38:41Z,0,0,Other
UgyrzbB1Ot46E5as0D94AaABAg,@sulkoma,wheres the condensed news clip for this? cbf spending 10 mins with talking between to see it all,2024-12-15T00:36:06Z,0,0,en
UgwLakcHrav9gf_QInN4AaABAg,@OnGodFrFr0987,That is the definition of tard of the re variety...hard Re,2024-12-15T00:34:31Z,0,0,en
Ugy61jT6I7eYEyJcWxV4AaABAg,@ChiBoomyBoom,Let’s be real Atozy these guys weren’t going to go to college anyway…,2024-12-15T00:33:57Z,1,0,en
Ugx-Hiqjy1Pr4Oa0JEp4AaABAg,@Sitania,"Lol ""we live in a time of zero tolerance for any kind of violence in schools and campuses""
Bitch please, the strongest reaction is thoughts and prayers",2024-12-15T00:29:42Z,1,0,en
UgzQuv29ddZWPTjInfN4AaABAg,@TheImageCreates,I’m ready for tiktok to be banned it truly needs to happen. Idgaf what anyone says.,2024-12-15T00:26:13Z,0,0,en
Ugwz_LCC2X6WU8Ji-Xl4AaABAg,@Finn4thewinn,"When I was in Uni there was 3 active shooter threats/lockdowns. Within 1 month. They never arrested the guy cuz he had a “promising future”. I knew classmates who started carrying “sharp stuff” bc the mindset was, if a guy intended to shoot them anyway, they might as well attack him. If it had been a prank in an open space… well no charges would’ve been pressed against the prankster at our school I guess…",2024-12-15T00:25:48Z,0,0,en
UgwjDq8DvwsSjSZPGrx4AaABAg,@yakojjy,New Tiktok Prank: Point gun at cop.,2024-12-15T00:22:05Z,0,0,Other
UgynG587B_83cbzRaF14AaABAg,@nicholaswilkerson501,omg tic tok needs to be destroyed NOW. bring the good old VINE days please.these are college students lol we are so cookd for our upcoming generation. OMG they have to be the dumbest yet.,2024-12-15T00:01:40Z,0,0,en
UgyTYdT4G4xED1h6g7l4AaABAg,@littlerepera79,A few weeks ago there were a few shooting threats posted on tik tok. My old middle school was one of them. And it turned out to be teens copying tik tok trends and a few school did shut down and were guarded by police. I don't know what happened to them but they were underage so probably not much.,2024-12-14T23:54:44Z,0,0,en
UgwyEYS_7LuA7hG1djt4AaABAg,@maumee22,"I got curious and nosy and decided to look up  any combination of words I can think of and I couldn't find a single video of this supposed ""trend."". So I'm gonna err on the side that they made up the idea of the trend of prank to try to cover themselves.",2024-12-14T23:50:05Z,0,0,en
Ugwzrl2Llosksx7pQfB4AaABAg,@serdip,Did they consult with Johnny Somail for ideas? :),2024-12-14T23:44:26Z,0,0,en
UgznZhcIopTpazqBFD54AaABAg,@vsbaretummysugastonguetech1540,"3:58 huh?! They’re not young, they’re over 18 years of age. It’s not like they’re elementary kids who don’t know any better. 🙄🙄🙄",2024-12-14T23:42:08Z,0,0,en
Ugxm3DIqqpcrGKO6GHV4AaABAg,@MisterKatz,Stop calling this harrasment pranks. These are not pranks. This is just stupidity,2024-12-14T23:41:33Z,0,0,en
UgzrLDiFpDDuzYQTIwN4AaABAg,@vsbaretummysugastonguetech1540,"🤣🤣🤣 This has got to be the most morbid, and moronic thing ever! Charge them for the real thing too.",2024-12-14T23:39:00Z,0,0,en
UgyDsq7HrYJfwLwWzh94AaABAg,@clippx8345,Sometimes u gotta give really really strong punishments to stop others from replicating these acts,2024-12-14T23:33:51Z,1,0,en
Ugy5f4vvymLtAs1dOXl4AaABAg,@supportyourself,How dumb can you be?,2024-12-14T23:30:58Z,0,0,en
Ugwc21cLaLgvsao_6rZ4AaABAg,@kitno1,10 years being someone's girlfriend's. Good luck boys.,2024-12-14T23:24:30Z,0,0,en
Ugy229l0VSa-2bW_q5d4AaABAg,@spiderliliez,"I prefer the old pranks from 'PUNK'D""
Pranks today are so stupid.",2024-12-14T23:21:22Z,1,0,en
UgxxC0H0oFhcJUYassd4AaABAg,@VoidDragon82,"Gen Z, the definition of idiocracy.",2024-12-14T23:20:11Z,0,0,en
Ugy6uu9FN9kGclyRzDh4AaABAg,@MrSnakenoob,Very easily could've ended fatally if someone responded appropriately to being threatened with a firearm.,2024-12-14T23:18:57Z,0,0,en
Ugww4KL1h3E1HM6IVPB4AaABAg,@janavenue650,why are the video clips backwards?,2024-12-14T23:14:41Z,0,0,en
Ugww6nOXVIkY54iyFeB4AaABAg,@WaxBoss44,Can we just get TIK TOK banned and move on with life,2024-12-14T23:06:58Z,0,0,en
UgyHdqCJPa2PW5vix5Z4AaABAg,@paulmahoney6313,10 years prison ia appropriate as a deterrent.,2024-12-14T23:03:17Z,0,0,en
UgyTEI8kUqysXXslD0F4AaABAg,@TheMightymolar,"Yeah, young shmong. These morons aren't children.",2024-12-14T23:02:02Z,0,0,en
UgxwPuWl-Ciis8a4pdN4AaABAg,@digitalcarnage441,"It's wild how college is supposedly for ""smart"" people, yet most of them are braindead. I guess it makes sense when you realize how useless college is for most people",2024-12-14T23:01:21Z,0,0,en
UgxEOCSwU28fbQs8Okx4AaABAg,@curlyobops6835,"Connecticut mentioned, ouch",2024-12-14T23:00:01Z,0,0,en
UgzsMOVqD5mLf7_0E0l4AaABAg,@JustinTime2Smoak,The next bank robber is gonna say this it was just a TikTok trend. Don’t give me all the years you could give me.GTFOH,2024-12-14T22:55:17Z,0,0,en
Ugwh_g06s4hSAA5JcUN4AaABAg,@Ratzfourtyfour,This is probably the first time in their lives that they're held accountable for anything.,2024-12-14T22:45:46Z,1,0,en
UgxqAQBYeZ1pD7RSBEh4AaABAg,@kylekilgore291,When I was a teenager. Back in the early 2000’s me and a friend had the bright idea (really stupid) to take our airsoft guns to the high school and wait for our buddy to get out of school so we could shoot him with airsoft plastic bb’s when he was walking home. We’ll long story short the cops were there just in time to be searching us and putting my friend in cuffs just as school let out so everyone could see how stupid we were. We had a fake m16 airsoft and a shotgun airsoft. Looking back I feel dumb but this was also way before school shootings were a big thing. The only one at the time was columbine and it was a decade or so ago. It was a different time socially. Never got my airsoft toys back but that was probably for the best haha. Also went to a friends house once to borrow his BB gun and had some nosy neighbor call the cops and they did a felony stop on me and my dad and drew guns on us and used the loud speaker to say “hands out the window” glad I didn’t get shot over a BB gun.,2024-12-14T22:39:25Z,0,0,en
Ugys6yQmllXDarIIHyh4AaABAg,@djacidcypher,Next tik tok trend will be murder. WTF is wrong with people thinking shit like this is ok to do or even something anything close to a joke?,2024-12-14T22:38:26Z,0,0,en
Ugz8Aq6KuiTf2r_66Mp4AaABAg,@IsleofJaya,"Whatever happened to good wholesome old school pranks, like whoopie cushions and fake dog poop. Stuff like this is not funny.",2024-12-14T22:37:34Z,0,0,en
Ugyva131EahI1HC-hal4AaABAg,@danielmarquez4935,This is why I don’t even have TikTok it’s just a brain-rot APP…. Morons …This is 10 levels worse than the Chase money Glitch >>.,2024-12-14T22:36:21Z,1,0,en
UgyMvzg-Eu4T4_uFEJp4AaABAg,@SPMask,All for clout? Smh.,2024-12-14T22:33:06Z,0,0,en
UgwdBrybVBXMupJJryp4AaABAg,@graham5990,"Play dumb games, win dumb prizes. Hopefully they make an example out of them.",2024-12-14T22:29:59Z,1,0,en
Ugzy7fD0uwJcVJU9s_V4AaABAg,@dennisv3972,And people wonder why TikTok will be banned,2024-12-14T22:15:16Z,0,0,en
UgzR30l6JLJ5CBAZKtd4AaABAg,@ThisChangeIsAwful,i like like 15 miles from that campus 😭,2024-12-14T22:15:03Z,0,0,en
UgyjuE9hXYvqtFdiHox4AaABAg,@cassandracook5271,I live in Ct and this is not funny at all. I grew up in Newtown Ct where the Sandy Hook shooting was. I hope these boys go to jail for a long time.,2024-12-14T22:11:43Z,0,0,en
UgwN9UpqACt2iBpMIxh4AaABAg,@thomas5666,"That old dude is flat out wrong, they do deserve to be marked for the rest of their life. Their is no excuse for their stupidity.",2024-12-14T22:11:37Z,0,0,en
Ugw6MJoX2Yme80Pr4i14AaABAg,@thomas5666,Need to start putting people away with maximum prison sentences for this type of shit. No more slap on the wrists for these idiots.,2024-12-14T22:09:33Z,0,0,en
UgwHpTK7m6svDDGRUaR4AaABAg,@o0oo0o70,Still a stupid joke but still crazy that more time than a pedo gets,2024-12-14T22:02:02Z,0,0,en
Ugwi0bo6z8r1tvzzFQ94AaABAg,@silentgaming1197,"The word ""Prank"" needs to be banned. Haha",2024-12-14T22:01:34Z,0,0,en
UgxXZEaqbRts-3-iyat4AaABAg,@KarmaDarkly,"if it was a viral trend then it's definitely a trend overseas, kids there love making fun of american school turned gun range. 💀",2024-12-14T22:00:25Z,0,0,en
UgzgrBjo3hX6gv2lfAx4AaABAg,@LAPCGames,"you need to make a plaque ""TikTok PHD""",2024-12-14T21:55:21Z,0,0,en
UgzFF3usXsINsoSuXvh4AaABAg,@Ramsey276one,"3:23 YES THEY DO
So they don't try anything worse!",2024-12-14T21:48:22Z,0,0,en
UgyUzP3oku9850BUQ514AaABAg,@mstcrow5429,"Eh, typical college kid intelligence.",2024-12-14T21:45:55Z,0,0,en
Ugw0VAoGIGUhv5LjE814AaABAg,@NoahKolo,PHD in tik tok Stupidity 🤣,2024-12-14T21:42:51Z,0,0,Other
Ugwv2lwSQvtrf6Ir4Yx4AaABAg,@louiskennedy9065,Play Stupid Games get Stupid Rewards,2024-12-14T21:41:46Z,0,0,en
UgyS9Yyb9eoCZlUzKNV4AaABAg,@ziyizhang3047,ZERO Critical thinking,2024-12-14T21:40:32Z,0,0,en
UgzmM1BNgEvboz5nrPF4AaABAg,@Profoundegg,"For some added context:

The horrific tragedy at Sandy Hook Elementary School was in CT. Conneticut has literally no patience for this kind of dumbshit ""prank""

Not sure if Atozy covered it and i missed it. But yeah this is not a place to fuck around with that",2024-12-14T21:39:56Z,0,0,en
UgxSzQ6_IIZZZ3QATuN4AaABAg,@SoerenM,"TikTok (or Youtube) ""prank"" = the new darwin awards...",2024-12-14T21:37:48Z,2,0,en
UgziY9NlA2i8Y5NrOjZ4AaABAg,@bobbriggs9748,The real world has come to expect this behaviour from americans. No one else would be that stupid.,2024-12-14T21:37:31Z,0,0,en
Ugzoe2sXeWNTQOVLCfV4AaABAg,@NathXXX69,This is the unfortunate consequence of not just accepting the tide pod event.,2024-12-14T21:36:27Z,0,0,en
UgydEjIizbQlJfvo0Kt4AaABAg,@DannyJr79,What the hell is wrong with this generation. Their extremely lucky there wasn't armed security there because they most likely would've been killed or at the very least shot.,2024-12-14T21:33:23Z,0,0,en
UgxLrAUaRHSlikMNi8l4AaABAg,@Brian-E-Spilner,You have to set an exampke eventually. 25 without parole or the chair.,2024-12-14T21:28:57Z,0,0,en
UgzHjYI8UEzkxaxp-F14AaABAg,@sanin805,People must really want tiktok to be banned,2024-12-14T21:28:16Z,0,0,en
UgxcoHDHpKpWIHRBF2F4AaABAg,@portlavacaboy,It would have ended differently in a concealed carry state(like where i live).,2024-12-14T21:28:14Z,0,0,en
Ugxg_WVcBuSPK3mT6EZ4AaABAg,@pheniks0,that is just .... i have no words,2024-12-14T21:25:32Z,0,0,en
UgzVr6pTJmaiMcigZKZ4AaABAg,@johnnysilver5866,Why are they not being charged with terrorism???,2024-12-14T21:25:12Z,0,0,en
UgzrDn5wGNVfkXhnpUZ4AaABAg,@twisterman4184,"Pranks then: whoopie cushions and fake spiders in hair

Pranks now: traumatizing people and putting lives at risk",2024-12-14T21:24:45Z,0,0,en
UgyM4OhlmNZnh3-UEjl4AaABAg,@johnnysilver5866,They are terrorists - call them what they are. They inflicted legitimate terror on everyone in that cafeteria,2024-12-14T21:20:42Z,0,0,en
Ugy3Q6PFS8muTUbdGLN4AaABAg,@chuyeeyang9881,"The quote I like to use a lot is ""We live in the most advance and dumbest time in our history"".",2024-12-14T21:12:36Z,0,0,en
UgwnHPzl4l0Uz7QAH8t4AaABAg,@thebklynprophet,Let it had been black doing this no one was going to say they are young. They are adults snd over 17.,2024-12-14T21:12:04Z,0,0,en
UgwsEtTFOt3_goWomPh4AaABAg,@sayakp2571,Just ban TikTok already,2024-12-14T21:09:47Z,0,0,Other
UgwuuNSAiZkJMuOOFYJ4AaABAg,@Quasimodo1957,"Nah...this is Connecticut so what happens here is these two will be thrown out of the university and any other state university will ban them as well. It's even questionable if they'll get into a community college. But jail time? Nope. Probation and community service because it's taken into consideration that even though you are now attending a center of higher education, you're still given a pass to be downright stupid.",2024-12-14T21:05:29Z,0,0,en
UgztNDeYibISs3XPxqp4AaABAg,@Reporting_for_duty,Id argue these dumdums are worse for society if they did this as an attempt for a viral video. Respect women black fist bump,2024-12-14T21:05:02Z,0,0,en
UgyGqGU7AYhU-Cd1y4J4AaABAg,@chadbishop-sr,"This is literally a textbook case of the ""yelling fire in a crowded theatre"" Supreme Court Free Speech test. If they had only had a civics course in high school. This isn't a trend, they're hoping it will be a trend, but it won't become one.",2024-12-14T21:03:08Z,86,4,en
UgzF1GN33m31DScBCQJ4AaABAg,@mbuck253,Yeah thank goodness it happened in the north and not the south! It it was the south they would’ve had 200+ cops standing outside for hours while soaking up the overtime dollars.,2024-12-14T21:02:10Z,0,0,en
Ugxtvsad4o1ctBzzzfh4AaABAg,@Heyitdave,Til tok should be banned in the USA,2024-12-14T20:53:41Z,0,0,en
Ugxwd3y_42klOLk3hWN4AaABAg,@nathcar696,Let them face the consequences 😊😊,2024-12-14T20:52:12Z,0,0,en
Ugz4_dt0IC7ohMsTv7h4AaABAg,@ColemanCanna,"2:51 no this is a good time to regulate your childs online activity. If folks do not figure this out now, it will only leed to each person having to verify their identity in order to log online. The control thats going to come will be far beyond what tolks b*tcb about now.",2024-12-14T20:52:10Z,0,0,en
Ugxk7QkmzRk1fhgMH5V4AaABAg,@SuperEmin,"1:10 - if you take a gun into a school's grounds, unless you're police or someone who has authority from the school to have a fire arm, you should get an instant mandatory 10 years in jail before parole, no reductions, no leniency, no time off for good behaviour. Zero Tolerance.",2024-12-14T20:51:49Z,0,0,en
Ugwtu4kMNg3_zLoJlV14AaABAg,@VivaRevolucionDGS,"We've gone from pulling the fire alarm as a school prank to pretending to brandish a gun and threatening violence in a full college cafeteria as a ""prank""",2024-12-14T20:49:01Z,0,0,en
Ugzu0LRJ6pczk3YMGNd4AaABAg,@Purrrrrrsia,"They gonna be receiving knuckle sandwiches for breakfast, lunch, and dinner by the inmates.",2024-12-14T20:47:23Z,0,0,en
UgwWJTgZRbiG2tj82ZJ4AaABAg,@Mr.inky213,"Jesus, with the alarming rate schOol $H00T!NG$ happen in the USA, HOW in the right mind did they think this was a ""prank""????

They are from America, they know schools and ANY type of violence is usually delt with by using lethal force. They just did it to see how everyone would get upset to the max. 


What a bunch of pieces of sh1t.",2024-12-14T20:45:07Z,0,0,en
UgzKqUqpj1iFTpSKgYZ4AaABAg,@andrewho18,"To do this in a country known for shooting first and asking questions later, they are lucky to come out alive.",2024-12-14T20:44:12Z,0,0,en
UgzOqTdsxW9AWNbGBLB4AaABAg,@antonioforpresident,Hey remember the movie Nerve where they tried to warn us about social media and the dangers of internet challenges? Yeah wish it was more mainstream because it’s more relevant today than ever,2024-12-14T20:40:48Z,0,0,en
UgzaNaMfma8ZRXAD6wd4AaABAg,@kicksandswords,"Prank when I was young was something stupid like ding dong door ditching. Prank now HAHA I'M COMMITTING TERRORISM. Yeah the level of brain rot thanks to kids constantly being exposed to ""influencers"" ""pranks"" and or people who think they're ""funny"" is really starting to get out of hand. Like I've said so many times before there's no reason a kid should have a cellphone, trust me nothing good will ever come out of it.",2024-12-14T20:39:24Z,62,2,en
UgyPfpUh5oFuCMCHqtV4AaABAg,@ebw16256,Make an example out of them. These two look like future criminals anyway. I hate this shit. They probably still think it was funny. People like this need mental help. The kind you have to be locked up to get.,2024-12-14T20:39:20Z,0,0,en
UgyQBNWD4iKwuQa4ccV4AaABAg,@poofyjedi,Parents will probably defend them..,2024-12-14T20:27:02Z,0,0,en
UgzfHP0Lrrxoj18xD1V4AaABAg,@lavenderkitheth,"i am also glad it didnt happen in the south. i live in atlanta, and they definitely wouldnt have made it home safely",2024-12-14T20:25:43Z,0,0,en
UgyncrnqVCDl-8WJrcJ4AaABAg,@lrae9519,"Tiktok is the bridge you see everyone else jump off of and don't think twice about following. It isn't an excuse, it's a reason for stupidity sure but not an excuse",2024-12-14T20:23:11Z,0,0,en
UgxRYO3sf0xDjEcf3EB4AaABAg,@Dominic-gd1gc,This is dumber than deliberately provoking a sea bear.,2024-12-14T20:22:49Z,0,0,en
UgyewOQ_vOwkz_MdZZt4AaABAg,@Fantic156,"Stoopid mofo's.  Penal time doesn't seem enough ... Maybe cleaning the dining hall for a year, or more, wearing a large notice shaming them might help.",2024-12-14T20:16:09Z,0,0,en
UgxrfU3RhQbTAH7VpRF4AaABAg,@TwilightKeon,"You know I'm starting to think that tiktok band isn't so bad... 

And I actually like tiktok",2024-12-14T20:11:34Z,0,0,en
UgzyGpSPLpFmyp48yyx4AaABAg,@thepilgrim1842,Parents be like “he’s just a boy!” 😂,2024-12-14T20:11:07Z,0,0,en
Ugwq9N_ET2sX-Uv7dFR4AaABAg,@BIGJONNN559,Good Job Atozy 🍊,2024-12-14T20:09:49Z,0,0,Other
UgzvHuaYvRvb9wI4YfF4AaABAg,@Steir12,How somebody this stupid get to study at uni anyway? What the point? Universities should have at least some entrance exams.,2024-12-14T20:09:38Z,0,0,en
UgwFKh00kL_mPnjvGSp4AaABAg,@Ryanosaurr,The intelligence of the public school system and college system...,2024-12-14T20:04:41Z,0,0,en
Ugw60qRKNt3mCLwWCH54AaABAg,@altere-go,that’s my college lets goooo it was such a waste of moneeeey,2024-12-14T20:04:05Z,0,0,en
UgzNXchcIegGL3IQedt4AaABAg,@DavorBa,"This is a lame prank. The one where you enter a bus or train, put on a gasmask and throw a small canister full of dry ice is a much better prank.",2024-12-14T20:04:00Z,0,1,en
UgxOcJTjwz46sP0bTVZ4AaABAg,@franktaylor7617,"They should add a charge of being an embarrassment to the country.
 Throw the book at these kids with jail time, fines and massive public service hours.
Restricting their social media should also be on the table. They can communicate with pencil and paper.
The penalties for this sort of nonsense should be stiff.
Harsh penalties may not ""fix"" stupid but it might help to slow it down a bit.",2024-12-14T19:59:33Z,0,0,en
UgyKriRCLcYz8zEPA2h4AaABAg,@deaconfrost4744,Awesome,2024-12-14T19:59:13Z,1,0,Other
Ugx0vrzKo4Ndf1KrA6J4AaABAg,@LAPCGames,"Let's create ""I made soup for homeless challenge""
the goal is to preparer the best nutritive soup and the number of homeless you give soup is your score
the challenge is to do it every day and beat your previous score
Not the best morally but at least it's useful",2024-12-14T19:53:06Z,0,0,en
Ugw0TPPrdk8AsNqmADp4AaABAg,@joshualandry3160,I remember when a good prank was stacking a few hundred minecraft boats in one place. This kind of prank is the kind that gets someone like me to gift small pieces copper at supersonic speeds. And to be perfectly honest I'd have no trouble sleeping afterwards.,2024-12-14T19:49:56Z,0,0,en
UgySz3cP_lqDmT0-j214AaABAg,@Xepent,The way the 9mm enters my face at 2100 feet/sec,2024-12-14T19:47:47Z,0,0,en
UgyUPTsbbFdHhzjIh3N4AaABAg,@Mr99dm,"These two are 100 percent, no parts missing, morons!!",2024-12-14T19:47:43Z,0,0,en
UgwY27BuDB-P6JBhxc94AaABAg,@carmenmartinez2882,"As someone who used to be a teacher’s aide, do you have any idea how terrifying this is? For students as well as educators. When you have to take mandatory training every year for real situations like this and watch the news it becomes something that’s on your mind often. Social media and bad parenting combined with teenage stupidity is not a good mix.",2024-12-14T19:40:57Z,639,21,en
UgyFOt1XJIKCgKa8fyl4AaABAg,@007KrausBean,"I wonder if the university thought, ""Hey, maybe we should do a much better job of vetting possible students because these are some really domb students we have here."" I doubt it, but they should.  LOL",2024-12-14T19:38:12Z,0,0,en
Ugykibpwc0_C5_PUZIB4AaABAg,@robertplatt1693,Not all out of state at Uconn pay full rate. There is an in state rate for other New England states. Uconn Storrs however is probably more competitive tho.,2024-12-14T19:35:07Z,0,0,en
Ugy2mQG1e8n_q51y7mF4AaABAg,@tonybucca5667,"Yeah, but the Republicans are going to give teachers guns...Mrs. Krabobble will take care of those pesky shooters if trained police officers cant! /s",2024-12-14T19:34:04Z,0,0,en
Ugyc86tqgU6fCkwg2it4AaABAg,@jaymeVos,"""we have zero tolerance for violence in schools""
I wouldn't say that. Because many Americans care more about their privilege to buy & possess semiautomatic firearms and other military grade weapons over the literal safety of preschool-senior kids in schools all around America.

But I get what he meant. We care about it *after* the tragedy occurs.
But others just don't care at all because it isn't happening to their kids.
Yet.

And that is disgusting.
This is one of my biggest fears as a parent.

And this ""prank"" epidemic needs to change, these people have no concept of actual humor.",2024-12-14T19:32:32Z,0,1,en
UgzWLoaj914sOuaAb3x4AaABAg,@robertplatt1693,"This is the same school where we got ""@##%in jalaepeno mac n cheese.""",2024-12-14T19:30:09Z,0,0,en
Ugy_VBoC_08dyrSha6V4AaABAg,@connorsmith1280,THE FUNNY PART IS THAT THEY WONT SPEND A DAY IN JAIL YAY LIBERAL CRIMINAL JUSTICE SYSTEM,2024-12-14T19:29:47Z,0,0,en
Ugz8OOp59Zizy5cHN-l4AaABAg,@Havenforhistory,That in and of itself was an act of terrorism.  Those students were terrorized…,2024-12-14T19:25:10Z,0,0,en
Ugy1auYO6SmCuqhDKK54AaABAg,@amandaking4654,"Fuck yeah my college mentioned. Yeah those freshmen were stupid, I wasn’t at that dining hall when it happened but people were scared for their lives",2024-12-14T19:17:22Z,0,0,en
Ugz7TL3iKbaQabkxPNd4AaABAg,@robertshields2066,"Dumb and Dumber = Dumbest moment, beyond stupid a whole new level of stupidity. New subject in school these days, how to ruin your life 101. Lucky for them there was no armed security guard or cop nearby or it could have been suicide 101.",2024-12-14T19:15:44Z,0,0,en
UgzYiAbhBwL85DbRjit4AaABAg,@LelynnsSquirrels,"this is their idea of trying to numb ppl up to the sight of a weapon.. (the ""2nd amendment FRAUDitors"" are to blame) .. i'd bet my bottom dollar that their Dad's a ""FRAUDitor""..  there's a reason ppl like ""Chille DeCastro"" & ""Direct-D"" have landed themselves on the list, for The Grifties Award..",2024-12-14T19:13:28Z,0,0,en
Ugxfe3Wnk2PC7e41HeZ4AaABAg,@atsylor5549,"What they don’t consider is that these are considered violent crimes and if convicted will follow you for life. You won’t be able to get jobs working near children, in health care and many other jobs that either have volunarble people or security concerns",2024-12-14T19:13:24Z,0,0,en
Ugw7B0YayPx9Fcz1RGh4AaABAg,@marylee32,Tik tok pranks sound like a recipe for disaster,2024-12-14T19:11:51Z,0,0,Other
UgzqHZOlg2YKyvZ8hlF4AaABAg,@keithramsey5637,I’m starting to think TikTok was specifically created to turn Americans into criminals… I mean… there’s SO MANY CASES.,2024-12-14T19:10:40Z,0,0,en
UgxMs70toFFfhppzlYJ4AaABAg,@matthewcrim7853,Just a prank bro,2024-12-14T19:09:41Z,0,0,hr
Ugx5ubaEi_u-yOG5aY54AaABAg,@Devils_Cowboy,"School shooting prank?!

Yeah Atozy. Dumbest thing you covered by far",2024-12-14T19:05:44Z,1,0,en
UgxVK1r4ZiTcCzPXDT54AaABAg,@enokaguilar833,"All for a tiktok?! Whoever these kids parents are, great work teaching YOUR morons common sense. GREAT WORK!",2024-12-14T19:03:57Z,0,0,en
UgyRGwgp2WZBMaXa5Tl4AaABAg,@zackfowler8613,"I hate to be the ""old head"" here, but tik toc needs to be banned in America.",2024-12-14T18:56:38Z,0,0,en
Ugxl0g1yMJaS8nuCXOl4AaABAg,@USMC_1991,Darwin Award candidates.,2024-12-14T18:56:11Z,0,0,en
UgyGtQn9oDR1nbXLvzV4AaABAg,@Robert-pw6cv,And this is why tiktok needs to be banned e..e,2024-12-14T18:55:24Z,0,0,en
Ugw9_VoBTvAtVy2fcXp4AaABAg,@Ruo1136,tax money wasted,2024-12-14T18:53:36Z,0,0,en
UgxFCfSLtb5BAb3yzxh4AaABAg,@brnrecluse2946,Why are there no laws governing videos on social media platforms? Remember: They wouldn't do it if it weren't monetized!,2024-12-14T18:50:33Z,0,0,en
UgymzdaLtQzgz7_qYMl4AaABAg,@merlinh100,This a dumb idea this is not prank and we should remember that post colmbine mad people scared of schoo shootings,2024-12-14T18:49:53Z,0,0,en
UgxDIja3hhckouNnCGB4AaABAg,@MAHARAJA_DK,"“It’s just a prank, bro!” ~ Filthy Frank MD (Internet Retardation)",2024-12-14T18:46:26Z,0,0,en
UgwmkErb42A5t9z2n094AaABAg,@danielmaske9946,Trump will probably pardon them,2024-12-14T18:45:48Z,0,0,en
Ugwe2o8p0b5N-fTlM8F4AaABAg,@thirtynine3955,You can get a PhD in Internet Stupidity from YouTube University...😂,2024-12-14T18:42:43Z,0,0,en
UgzTpLWeAC_ZfC0uqS54AaABAg,@brnrecluse2946,This is what they're learning in college?😂 How to be a lifelong inmate-101? Great.,2024-12-14T18:36:27Z,0,0,en
Ugw5ApwF1E422YotGbh4AaABAg,@ronaldoago-go5907,Omg the definition of prank has gone too far. Crime is not a prank.,2024-12-14T18:34:38Z,0,0,en
Ugzrgj7HVuwSj5CKYQd4AaABAg,@AndreaHollinger-sm5gj,This sounds like my college in Colorado just a couple of days ago a 20 year old came into the dining hall waving a gun around but doesn’t hurt anyone and surrendered to police immediately,2024-12-14T18:33:44Z,0,0,en
UgwqXYSO5MlTOJQP3ht4AaABAg,@Wheezy1,CT MENTIONED 🗣️🗣️🗣️ WTF IS   A NORMAL LIFE⁉️⁉️⁉️,2024-12-14T18:33:07Z,0,0,en
UgwEMlffQxH9DalnoIF4AaABAg,@paul6925,I can always count on you to find the biggest idiots,2024-12-14T18:31:30Z,0,0,en
UgxQjNgOYuCSa9SQrDV4AaABAg,@KuyaEoj,even Satan was amazed to this guys due to how stupid things they commit😂,2024-12-14T18:29:31Z,0,0,en
UgxtzHnSor8WHYmjgRR4AaABAg,@CraziTitan,Good thing one of those other students wasn't ready to give them the hero treatment .,2024-12-14T18:29:04Z,0,0,en
Ugwjp5kIEr00Sq_UKDN4AaABAg,@danchow6155,never go full stupid,2024-12-14T18:27:29Z,0,0,Other
UgxG3X_UN7gZZ4kfryZ4AaABAg,@ameliamae9227,"We live in a time of ZERO INTELLIGENCE!!!!! Social media has 100% ruined humanity......think I'm over exaggerating, this is the #1 prime example",2024-12-14T18:27:24Z,0,0,en
UgwVMzODh1xZyJ6LDuh4AaABAg,@PigFeetPete,10 yrs my ass. They won't even get 6 months. Which is why the prank was worth it for them.,2024-12-14T18:26:14Z,0,0,en
UgyYzvWK2LcxyUrwv4p4AaABAg,@GingerNorseman,"My parents explained to me over 30 years ago, that Tom hiiting Jerry was bad, and doing that to someone else would be be horrible. Yes do better parents, you are liable... Muppets.",2024-12-14T18:26:02Z,0,0,en
UgxKOnthWvP0vXIky_N4AaABAg,@sj3695,Complete eediat ting 🤦‍♀️🤦‍♀️🤦‍♀️🤦‍♀️😭😭😭I can’t,2024-12-14T18:26:00Z,0,0,en
UgwyzPxhS0uKOlOug9V4AaABAg,@CrAzYGaMeRs61,It makes no sense to me UConn is not that great it’s in Hartford why would people wanna come here from other states it sucks here last night there was 3 car chases by trinity college it’s the worst here,2024-12-14T18:25:30Z,0,0,en
UgwTy2hLr3x-nTrIArZ4AaABAg,@cheynesmitherman7973,I don’t feel bad for their parents at all. They failed society.,2024-12-14T18:23:51Z,0,0,en
UgyXGq764Yz0S3NL21F4AaABAg,@Hiker_who_Sews,FAFO,2024-12-14T18:22:50Z,0,0,Other
UgzPLuJZrmyXNgW1GSN4AaABAg,@crazymarkiplierfan,They need to make an example of these tik tok kids.,2024-12-14T18:20:33Z,0,0,en
UgwBNE0XE2ONdMM8vbt4AaABAg,@jeremiekonegni4957,"I love how much more stupid people that go to college are versus those that didn't. Seriously. I'm 45 and 90% of the people I know with degrees are morons. They don't think, they just throw spaghetti at the wall and hope for the best, meanwhile I'm trying to figure out why they haven't put water in the pot let alone turn the stove top on.",2024-12-14T18:20:32Z,2,0,en
UgzxnBbwLp2zuacS9a14AaABAg,@OhFFS,"They are not smart enough or mature enough to be at college. Yes, the consequences should be severe. We need to start holding these idiots accountable and make examples out of them.",2024-12-14T18:16:25Z,0,0,en
Ugx9tD4cUUvA4-PRVDV4AaABAg,@Angela-pm4nd,Dumb and dumber,2024-12-14T18:13:24Z,0,0,Other
UgwridCiWOctehE74iN4AaABAg,@_photonx6017,I'm starting to think that our legislators need to enact a social media enhancement for sentencing these morons. Double their sentences.,2024-12-14T18:13:17Z,2,0,en
UgywQQkjxilIVX2OVM14AaABAg,@ameirgamble7859,"Yes for everyone here there is a tiktok prank involving being a fake shooter to schools, its trying to Not be publicized when people get arrested so no one copy cats, its on YouTube at another college in the US two white boys who didn't go to the school or were just browsing around campus ran up into a class started making homophobic remarks and made threats had class shut down called the cops on em, said it was for tiktok they both had previous arrests , it was hilarious to see Riris going to jail like what did i do",2024-12-14T18:11:43Z,0,0,en
Ugz4FyUSvA73yfLLlo14AaABAg,@mrjeff2396,Backward text!!!  Mistake or avoiding copyright?,2024-12-14T18:11:33Z,1,0,en
Ugzb9UIUUI3ICZ7V7RB4AaABAg,@danielswart5168,How are police going to find criminals once they ban tik tok?,2024-12-14T18:09:05Z,6,1,en
UgxwJauHRvN_XPqX7zB4AaABAg,@ameirgamble7859,Why do we act like citizens of America are so perfect and educated when they legit are so dumb a hamster could Do better,2024-12-14T18:08:12Z,0,0,en
Ugw_Nx-7ztwwGB1pNhN4AaABAg,@lakcajwarrior,"TT Morons: It's just a prank, bro! Stop trippin'! Why you actin' all scared and cryin' and stuff? Y'all ain't never heard of a prank? Like c'mon, bro. Y'all be trippin'.

Judge: You gave them PTSD and traumatized some of them for the rest of their lives. You pretended like you held guns and threatened your fellow students in your cafeteria. You both could go to prison for a long time. What do you havw to say for yourselves?

TT Morons: Pfft! Act like y'all ain't never heard of a prank before. This shit stupid, bro. Bro. Bro. Bro. *says ""bro"" about a thousand more times*",2024-12-14T18:02:05Z,0,0,en
UgwBmprgplXHBU5qjsN4AaABAg,@dfoster6469,They can’t be this dense…. Hired by the government to get rid of TikTok faster…. Jk 😅,2024-12-14T18:01:17Z,0,0,en
UgzjBQi8ljEEDymHwnV4AaABAg,@OmegaZyion,"Every time I hear about one of these TikTok trends, the more receptive I become to banning the app. I honestly think the brain rot caused by it is a major health risk.",2024-12-14T18:01:11Z,1,0,en
UgyThe8qkU5XGmXDoIV4AaABAg,@ashanator1991,"18 is old enough to know not to do ""pranks"" such as these.",2024-12-14T18:00:26Z,0,0,en
Ugzx-p3Xjdc25XrYmm14AaABAg,@1chuck23,"Parent failure. Keep these kids away from tide-pods, unless you're shooting for a really, really late abortion, which I am sure if liberal Democrats were kept in power would be a viable option, especially if they are white straight males",2024-12-14T17:59:34Z,0,0,en
UgziGEXRU5HJkIFKMe94AaABAg,@ThatHoosierKid17,How attention starved do you have to be i mean jesus christ,2024-12-14T17:58:44Z,0,0,en
UgwWF_lH8aG8T118t3x4AaABAg,@grandmasterjig2433,Ban tik Tok already shit is worthless,2024-12-14T17:58:21Z,0,0,en
Ugy2ZTAoGi81qR6a6fV4AaABAg,@zuzax1656,"Gee, maybe they should watch the cafeteria scene from ""Dirty Harry"", and figure if that is worth a little bit of clout.",2024-12-14T17:56:52Z,0,0,en
UgyUWtu_rES1_eafe-N4AaABAg,@RodFerroIGB,Ah yes… the ol’ TikTok defense.,2024-12-14T17:56:46Z,0,0,en
UgwpxIzXk6trgHg4C7h4AaABAg,@DeziferDash,Are you Maxmoefoe? You look very similar 😮,2024-12-14T17:56:34Z,0,0,Other
UgwjjCZ3QrLNe30LSpR4AaABAg,@FTF8114,Let those who can get a ccw while in college carry.,2024-12-14T17:56:31Z,0,0,en
Ugw6d5gzOaMpdG3QVUd4AaABAg,@ericlondon2663,"They're so young....prison will not be kind.
I guarantee you they'll hear an inmate say, ""You got a pretty mouth.""",2024-12-14T17:56:27Z,1,0,en
Ugzq63fQ7mLHxk3dNE54AaABAg,@DrSimpleBeauty,"Money is the root of evil.

Social media clout is a close 2nd 🥈",2024-12-14T17:55:16Z,0,0,en
UgzDuLKtbDyo9V-rzQB4AaABAg,@BaxiVR,"3:27 no they sshould be marked for the rest of their lives, gen z and alpha should be marked from birth and monitored by athoritys forever  in the west",2024-12-14T17:54:02Z,0,0,en
UgzvmPF9HsmGoIaLXAp4AaABAg,@leonardestes4732,I wish they actually did ban tik tok in the U.S. because this is ridiculous.,2024-12-14T17:53:29Z,0,0,en
Ugx7sZ4rT8_qSQshshV4AaABAg,@SigmoidGalaxy4,We won’t even have to worry much longer cause tiktok will be gone soon,2024-12-14T17:53:19Z,0,0,en
UgwCRhV_VooVOP0cDRx4AaABAg,@FTF8114,We need a reset,2024-12-14T17:51:22Z,0,0,en
Ugx1DD0HndLI_4n0KVV4AaABAg,@BaxiVR,there is no good gen Z fullstop   not a  single one,2024-12-14T17:50:44Z,0,0,en
Ugyw297aIE_khPOUHlx4AaABAg,@RealDrakeFan,ban tik tok watch the world be a better place,2024-12-14T17:49:38Z,0,0,en
Ugx6zg8iG6YOj2LQzgB4AaABAg,@PAULMATA1,"They are not taking it serious if there bond is $50,000",2024-12-14T17:49:30Z,0,0,en
UgxBzafjfVchJto6Ci54AaABAg,@txkingg,Harry potter downfall,2024-12-14T17:49:16Z,0,0,en
UgzT-Q9wtqf2KdAtG9R4AaABAg,@realDose,Not a single person outside the US is surprised.,2024-12-14T17:46:23Z,0,0,en
Ugzn974z3D1x6CyvQxJ4AaABAg,@laine333,"I called my 17-year-old son into my room while I was watching this and asked him ""You don't think something like this is funny, right?"" He looked at me like I was crazy and said, ""Why would I EVER do something like that?"" 

Good boy.

Then again, I'm sure the parents of these two morons thought their sons were smarter than that, too. Holy hell.",2024-12-14T17:41:57Z,0,0,en
UgzKJwqbYzxsewHV-jh4AaABAg,@HGG131,Thats not being young and dumb. Thats just being down right fucking numb. Boy how social media has become such a poison in the world.,2024-12-14T17:40:47Z,0,0,en
UgzC5CMlHL0v2CmpM-B4AaABAg,@Bandit2033,"0:50 ah yes, my favorite news segment. When they cover EVIL.
As it says at the top right.",2024-12-14T17:39:14Z,0,0,en
UgyTybQbJChALAseS9h4AaABAg,@matthewedwards9423,"If the cops ever bust down my door and find my 50 large ""tomato"" plants I'm just gonna play my ""nah prank"" card to avoid any consequences.",2024-12-14T17:36:14Z,0,0,en
Ugxi--5O8K_8AxDWNDp4AaABAg,@skellingtonjack2326,"That's not a prank. Do idiots not know what he definition of ""prank"" is anymore?",2024-12-14T17:35:43Z,0,0,en
UgxfjcPHAU10RnJ3jb14AaABAg,@will.green.,these kids actually look like they would be sh00ters. they shouldve done the tide pod challenge instead,2024-12-14T17:35:05Z,0,0,en
UgwavZJYQoOl8Qagvop4AaABAg,@miantava,Parents shouldn't be expected to teach their kid that *_threatening to murder people_* is fucking stupid.,2024-12-14T17:34:58Z,1,2,en
Ugykj-rV0EyY3IddYGh4AaABAg,@dovaro2377,"Honestly, considering the very serious and tragic problem of school shooters in the US, this is a very cruel joke. Its absurd to even try to understand their thought process.",2024-12-14T17:30:59Z,0,0,en
UgyjCF1YGfKd0Iwefb14AaABAg,@davinder5669,"""misunderstood"" lol ok bro.",2024-12-14T17:30:55Z,0,0,Other
Ugwh9sQgpMXbwes6Cxh4AaABAg,@Cantskankinjackboots,You need to make a mat to sell that looks like a doctorate and says PHD in TikTok stupidity.,2024-12-14T17:30:43Z,0,0,en
UgyOfsqrLayOzuzDRRl4AaABAg,@WolfHeartMedia,"Reminds me of a guy who was having a mental health crisis and ran at the cops with a knife and they shot him and his last words before going unconscious and dying was ""that was a really stupid idea""",2024-12-14T17:27:11Z,3,0,en
Ugzjz_HGoF4sESyeztx4AaABAg,@ShadyShiba_,"Should make them have to pay the tuition of every student that was in the area where they pulled off this ""prank""",2024-12-14T17:26:22Z,0,0,en
UgyKQLe2qt9DVjWDqOt4AaABAg,@allenedwards2940,And they want to get rid of the department of education?  Can't wait to see what kind of mouth breathers that produces.,2024-12-14T17:24:17Z,5,1,en
UgwustcREPaXtKxC-a14AaABAg,@seekittycat,Yeah no I never heard of this IMO this isn't even a trend they're just stupid,2024-12-14T17:21:34Z,0,0,en
Ugzma-bXoq_-W3rnTC14AaABAg,@GoldGlizzyGang,Wait..... yall got parents that pay for college???? Share pls😅😢,2024-12-14T17:19:32Z,0,0,en
UgwdDWDhgXmwrGR3Zd94AaABAg,@KarlAKarl,nothing will happen to these priviligded as soon as they cry infront the judge.,2024-12-14T17:19:11Z,0,0,en
Ugz4yniDWqHduXhgmKZ4AaABAg,@Vinlaell,I just hope that whenever they sell off tik Tok it is going to be for the benefit of our society not just because some American companies one in on the big bucks that tick tock makes,2024-12-14T17:18:51Z,0,0,en
Ugydd8XT9oJTIvOGeJp4AaABAg,@Vinlaell,The fact that even the news seem to be thinking that if there was a trend that would downplay this? No just no no,2024-12-14T17:17:49Z,0,0,en
UgyifeJEhctjBBee6h54AaABAg,@FillyK80,"Did they really think people would laugh this off and they wouldn't face any charges?? This is not a ""prank"", and calling it one doesn't make it so. This is a crime.",2024-12-14T17:16:54Z,0,0,en
UgymcpLEpUPk340_j0l4AaABAg,@gostreiver8036,Is that Showmaker??,2024-12-14T17:15:51Z,0,0,en
Ugz-7rK22oKh8UvJeI14AaABAg,@coreywagar3890,"Idiots.

Just darwinism.",2024-12-14T17:15:35Z,0,0,en
UgwH43eonbCdRkIsjFt4AaABAg,@eaglesbaybay,With all the shootings that have happened in schools you can't call this a prank no matter what their intentions were. Thats a terrorist threat.,2024-12-14T17:14:08Z,0,0,en
UgwTy65m_UXAvwT5EB14AaABAg,@Razer5542,"Ahh yes, stupid people with below room temperature IQ.. A phenomenon that will never ever change...",2024-12-14T17:13:05Z,0,0,en
Ugx9y05jC8CN70vLebx4AaABAg,@adamotto7019,"If one of them had been killed during the prank, it is possible for the second one to be charged with homicide... that would have been the worst outcome for them.",2024-12-14T17:12:18Z,0,0,en
Ugy-nxMLksiUNY3giJB4AaABAg,@aliciagreen5411,Maaaan the seniors at my school just ran through campus in banana hammocks for their prank (albeit a million years ago). I thought that way pretty funny and also no one thought they might die. Just a thought.,2024-12-14T17:12:13Z,0,0,en
UgzEqXO6ajzi1uzT7LF4AaABAg,@slickrick412,"I go to university, I'm smart.",2024-12-14T17:11:13Z,0,0,en
UgzsDrcZPbDE6i1ueKR4AaABAg,@camojoe83,Technically *you* should be charged as well for giving them more attention.,2024-12-14T17:09:00Z,0,0,en
UgxE9LwMB3SFMlsXP7l4AaABAg,@blackheartxx1,"I’m literally on tiktok more than I should be and I’ve never ever heard of this “trend”, every single dangerous trend I’ve ever heard about I’ve never ever seen on tiktok",2024-12-14T17:08:06Z,0,0,en
UgzsOu95OesHuYchgMl4AaABAg,@Chris-vu2ot,Man that’s dumb. You’re right glad they didn’t do it down here.,2024-12-14T17:07:09Z,0,0,en
Ugy7ZzDNCKpQq2Bdef94AaABAg,@Norrsky,You'll have to write a thesis to get your diploma,2024-12-14T17:06:27Z,1,0,en
UgyLzl517P-1mp75_FV4AaABAg,@Ovonx,This is how dumb you have to be,2024-12-14T17:06:06Z,0,0,en
Ugymt62pweTRuC3sleB4AaABAg,@Rigby2332,"I have no idea why we need to deal with this. Put them in jail, and have it on their criminal record. This isn’t a mistake, they knew what they were doing.",2024-12-14T17:05:48Z,0,0,en
UgwZYd-voxXa2DAys5l4AaABAg,@thestimp1,"If you didn't preplan your ""prank,"" it's not a prank. Pranking anything with a GUN is not a prank, its terroristic threats in today America, so fuck this idea its just a ""Prank"". If you wanna prank someone you make sure people are in on it, and you have a mark and its in good fun/harmless for a little frustration or shock, but not FEAR. This is clearly a felony, and I hope they get the maximum because this is incredibly stupid.",2024-12-14T17:04:54Z,0,0,en
Ugw58zxmL8r2ekhEQU14AaABAg,@9liveslie-cat-lie129,"""Don't be stupid, stupid"" good words to live by",2024-12-14T17:04:18Z,0,0,en
UgyNJXFbsinwnh--UhJ4AaABAg,@yhunter59,"Do we not read ""the boy who cried wolf"" stories to kids anymore?",2024-12-14T17:04:05Z,0,0,en
Ugx9mU6A9KJlFhxS8NZ4AaABAg,@gitwilma4286,"If they convinced a relative to co-sign on a student loan, they just screwed them over big time. 😬",2024-12-14T17:03:07Z,0,0,en
UgxSWs6OVIvCtnHjXWR4AaABAg,@davidz2016,That is a very stupid reason.  It's totally stupid.,2024-12-14T17:02:36Z,0,0,en
UgzK5GkNc_erA9x5UGx4AaABAg,@phoebe5715,Aww loving the Christmas decorations 😭 get some baubles for the tree,2024-12-14T17:01:54Z,1,0,en
UgxxhRvo-KlK7hD40xN4AaABAg,@abrahama2643,"If you walk into a store with a gun in order to rob it, it doesn't matter if you actually walk out of the place with money or not. You're still commiting a crime. 
In fact, the crime of terrorism is about terrifying people. You might be charged with the dozen people you killed, but commiting an act with the intention of spreading fear amongst a community is terrorism. If these kids had some political message with their prank, it would be 100% terrorism.",2024-12-14T17:00:03Z,0,0,en
UgxbDwFQV3urSOQPsV94AaABAg,@BeeStBowie,I need that bear so badly,2024-12-14T16:57:58Z,0,0,en
UgzRxxoNAxWCBN3qxkN4AaABAg,@reinasherman8009,"How many people are going to end up in prison for stupid ""pranks""",2024-12-14T16:57:47Z,0,0,en
UgzunlStwNux_RlkY0J4AaABAg,@chocol8milk,Social media enabling newer generations into pumping out a bit more stupid.,2024-12-14T16:55:20Z,0,0,en
UgzVBvs4KPLEOstvM1R4AaABAg,@urimeshi1993,Never seen that viral prank before,2024-12-14T16:52:54Z,0,0,Other
UgzIdEyU0TJZZ5I6hYR4AaABAg,@rufusmedrano2962,They should start fining the streaming services,2024-12-14T16:52:33Z,0,0,en
UgzoFRwVaDloDGM_vu94AaABAg,@kevynanderson4711,A teen had his friend record him sucker-punching older men as a prank and posted it. They were shocked when arrested at their homes. They thought everyone should understand it was a prank,2024-12-14T16:48:57Z,0,0,en
UgwXQhzXENzK_IPPb9N4AaABAg,@abaddon8933,"tbf, if my name was Nathanael, i'd have done the same thing 😂",2024-12-14T16:48:45Z,0,0,en
UgxyGb9etfcN3ul33ht4AaABAg,@DEATH-THE-GOAT,"0:50 top right - hell yeah, that's EVIL",2024-12-14T16:48:38Z,0,0,en
UgwYmR1426rIU76Axq94AaABAg,@antbelicheck6339,No wonder they are forcing tik tok to be sold to an American company. These Tok Tok trends are going to get people killed. If the chinese company owners dont sell it itll be banned in te US. MFers think that blaming something you saw on the internet absolves you of guilt. Nah you gong to jail for a few months anyway. Should be worse then that too. This $hit aint even funny. Social media is the bane of human existence. Smart phones have made dumb people.,2024-12-14T16:46:47Z,0,0,en
Ugx-AKTxJp5MqONytQt4AaABAg,@xxreal_gamerxx,we wiv in a socoety,2024-12-14T16:44:26Z,0,0,en
UgwYehWxaeOPHPoShAZ4AaABAg,@azbag1906,Doesn’t help that they totally look like the types,2024-12-14T16:44:20Z,0,0,en
Ugwlglb-vyGnVhCZeC94AaABAg,@rafaelojeda2777,"Its not a prank its a ""social experiment""",2024-12-14T16:44:00Z,0,0,Other
UgwcXOJZIPjNl58yfeR4AaABAg,@theucheao,"FilthyFrank literally warned the entire internet a long time ago about “IT’s JuST a PraNk BrO” and *people took it seriously.* Literally the opposite of what the point of the video was. I have no sympathy for these kids or anyone person that thinks violence, annoyance and disruption is a “prank”. America has become insanely fucking stupid in the last decade and I will staying in my smart, intelligent world.",2024-12-14T16:43:56Z,0,0,en
UgyxjFCJ7v9f-roXd_p4AaABAg,@amandaowens8458,So stupid.,2024-12-14T16:41:27Z,0,0,Other
Ugya2dBJ8pHEFBSmt9h4AaABAg,@fxckittho999,Next thing you know someone gonna call a murder or any type of crime they are gonna call it prank. This society is fucking stupid ugh,2024-12-14T16:41:23Z,0,1,en
UgxwGYvMoFW1rXc7Hgh4AaABAg,@SaphoxxFTW,Pretending to convey the news and then censoring it is one of the dumbest things I can think of.,2024-12-14T16:40:37Z,0,0,en
UgxTmJWO1h8w8XkLTEx4AaABAg,@creativechef25,"What shocks me more is that these kids didn't take into consideration of what happened in their state 12 years ago, The Sandy Hook Shooting. Not a good idea to pull a ""prank"" with something that is very serious that happened in the past. Social Media at this point has become a parasite and a cancerous tumor that needs to be treated before it gets more insane and worse.",2024-12-14T16:38:15Z,0,0,en
UgzwSU3BNQ8PiIZ3et14AaABAg,@joshuadavis9216,That's not a prank. That's terrorism. The two of them need jail for being stupid,2024-12-14T16:38:08Z,0,0,en
UgxR0qTPYWFRz3X26W14AaABAg,@AliciaReeseComedy,"Uconn is the same school the drunk mac and cheese kid luke Gatti went to. EVERYONE still makes fun of it, why would they try and one up it??",2024-12-14T16:34:47Z,0,0,en
UgzF7gpFenwe0Hco7Ix4AaABAg,@LADYMONA,Are they stupid or are they stupid?,2024-12-14T16:32:23Z,0,0,en
Ugzo8PRUSLrWE8DAeAl4AaABAg,@gabrielfleetwood6374,"Remember kids, absolutely NOTHING good has come from TikTok. TikTok has only managed to produce the most degenerate-zombies I’ve ever seen in my life. 

I downloaded that app when it first dropped and started picking up steam, and it’s horrible. (I ended up stopping use of the app within 2 weeks and fully deleted it within 4.) 

At this point it’s healthier to be on Reddit. 😭😭😭",2024-12-14T16:28:46Z,0,0,en
UgzfAeMVNsNAhBU2sG94AaABAg,@carlgoff1,They should have received a Darwin Award.,2024-12-14T16:28:08Z,0,0,en
UgxXo9SEu35Fq9bi7914AaABAg,@helpyourcattodrive,Gd.,2024-12-14T16:27:28Z,0,0,Other
UgzW2-hyVL8TY17Gmit4AaABAg,@thechaddingo2677,how is this not straight domestic terrorism?,2024-12-14T16:27:01Z,0,0,en
UgxY_VoTscnTDvD7Nnx4AaABAg,@Aardwolf3000,"Back in the 90's my buddy and I were apprehended for having a gun in the mall...

...it was a bright orange Star Wars  Rebel Assault Pistol toy

FAFO",2024-12-14T16:26:47Z,0,0,en
Ugy49AvJDdokSpY8mNl4AaABAg,@MrDavebeemer,'Merica,2024-12-14T16:25:32Z,0,0,Other
Ugzc7vhmhOFvIYZM9W94AaABAg,@JamesKonzek-xr5zy,Well bless their hearts!,2024-12-14T16:24:48Z,0,0,en
UgyrpmTt0qsIOL4IRFh4AaABAg,@ChaosInCali,Omg how are people this stupid?!?!?,2024-12-14T16:24:11Z,0,0,en
UgxWqX-jo4EyVEizmHh4AaABAg,@sethbenjamin9326,Too late for cop to eliminate the threat right?😂,2024-12-14T16:23:15Z,0,0,en
UgwIlqdmWPo0pZdC_gZ4AaABAg,@liljam92,TikTok makes people stupid it’s literally the brain rot app,2024-12-14T16:20:57Z,0,0,en
Ugx048jrocPAeXotwtF4AaABAg,@thebigiron2950,"I feel like ""tiktok trend"" is just something they say to try and escape the blame",2024-12-14T16:19:31Z,0,0,en
UgwSBFxt_TzdccLqsIR4AaABAg,@rhyssleary6944,The one that looks like the guy from Dune should get double punishment for looking like the guy from Dune.  😂,2024-12-14T16:16:00Z,0,0,en
UgxRDsBqcz10dqeg1UJ4AaABAg,@Paul-eb9qj,WTF were these idiots thinking.,2024-12-14T16:15:59Z,0,0,en
UgxuRi2pX_3VFMBwPoh4AaABAg,@Jurunabada,Yo should teally do a top 5 most stupid tiktok trends,2024-12-14T16:15:50Z,0,0,en
UgzknxWlo9OcOhG5LQF4AaABAg,@doclewis8927,They SHOULD be expelled.,2024-12-14T16:14:33Z,0,0,en
UgzhaHFvmu4WrjaWCCR4AaABAg,@BNezzy,"8:22 police taking it seriously but courts not. $50,000 bond means only $5000 needs to be posted. I’m betting families who send their kids to a $40,000/yr tuition university can easily afford that without much strain lol",2024-12-14T16:14:26Z,0,0,en
UgyuAXGUOe7q-rsi0J54AaABAg,@nadasurf9009,BUT THE 400 POLICE OFFICERS OF UVALDE TEXAS GET ZERO CHARGES FOR STANDING AROUND IN ELEMENTARY SCHOOL FOR 77 MINUTES WHILE CHILDREN ARE BEING EXECUTED IN FRONT OF THEIR PARENTS? WHAT ARE WE DOING HERE PEOPLE,2024-12-14T16:11:15Z,0,0,Other
UgyTSnThiVghp5rv7i94AaABAg,@damenwhelan3236,"""Prank"" and ""hack"" can still be a ""crime""..",2024-12-14T16:10:19Z,0,0,en
Ugz_EGuoFXAMQVn6SmF4AaABAg,@caretakercat7176,Teenagers... At their University? Huh? What university accept Teenager?,2024-12-14T16:08:52Z,0,0,en
Ugx7n6v2gDuU1_Q58jl4AaABAg,@42words,"""it was a prank, bro""",2024-12-14T16:07:56Z,0,0,en
Ugz9tZ3W60t6IMfk1Ch4AaABAg,@lindsayvictor7662,What's even more f-ed up is that UCONN is the biggest state school in Connecticut. Many of the Sandy Hook survivors would be attending UCONN today.,2024-12-14T16:07:25Z,0,0,en
UgyVeQ0mh1iEZTdRiSB4AaABAg,@aronoc3599,"""A good time for parents to talk with their young adults.""  Nah, if you're having to explain why this kind of behavior is stupid, you still have a kid.",2024-12-14T16:05:44Z,144,4,en
UgzwvR3qvQO_8AOU4A14AaABAg,@Chew_bacca1138,I can't wait for Jan 19 so TikTok will be banned,2024-12-14T16:03:21Z,0,0,en
Ugx7kXWnzPvPDd7RY194AaABAg,@Ahahahhaaah,"Does anybody remember when “booking” was a thing in school, good ole days 😂",2024-12-14T15:58:03Z,0,0,en
Ugwx1XPRkEQyEdIwEv14AaABAg,@ChelleLlewes,A half-decent prosecutor could make a really good case for terrorism charges.  Maybe that will bet some tiktoking attention focused on this kind of problem?,2024-12-14T15:56:28Z,0,0,en
UgyQqHOamQbEzV_U8BB4AaABAg,@scramblz5053,Doing this in an open carry state would be stupid. Thats why it happens more in gun strict states. Stay safe y'all,2024-12-14T15:55:44Z,0,0,en
UgxJp4IDKqhNZ9H05pZ4AaABAg,@mr.j8356,The ammountof tiktokers in jail will soon allow them to form their own tiktok prison gang xD,2024-12-14T15:54:19Z,0,0,en
UgyOV4XtFe04CcizpuJ4AaABAg,@lightningmcseed7303,Yo wtf they got Jimmy and Shinji,2024-12-14T15:54:02Z,0,0,en
UgzC2KQ_MxpNm1ul_ul4AaABAg,@michaelthomey8379,These pranksters need jail time..If you let them off it will continue to happen..PRANKS ARE NOT FUNNY...,2024-12-14T15:50:33Z,0,0,en
Ugws9lS9PhvTwIi1QJB4AaABAg,@smolbleat,I'm personally 20 minutes from there. Ive been inside that dining hall a few times and to see and hear something like this happened is terrifying.. poor students and CT huskies having to deal with this...,2024-12-14T15:49:41Z,0,0,en
Ugw6l-P-2JsT-pjPtrZ4AaABAg,@BaxterandTwilight,"Cause and Manner of Death: Accident, Homicide, Suicide, ""TikTok Trend"".. 

Their Coroner's Report will read; Cause and Manner of death, TikTok Trend, multiple gunshot wounds"".",2024-12-14T15:49:29Z,0,0,en
Ugwh_lUbfZOCWSEQavd4AaABAg,@jokersgirll,"""Lucky it's in Connecticut and not the south"" if it had happened in Maine my dude. We are still jumpy from Lewiston and carry at will. People in the big box i used to work at came in strapped😂",2024-12-14T15:45:54Z,0,0,en
UgwlaKa_4ZvKSDRGxsV4AaABAg,@abouttime2569,What is the next trend for pranks? kidnapping an airplane and flying toward tall buildings?,2024-12-14T15:44:52Z,0,0,en
UgxniC8JdXfFxni6sC94AaABAg,@madisonlongley5082,"I'm from (and still live in) Connecticut.  This is the FIRST time I'm hearing about this (and on the 12th anniversary of the Sandy Hook massacre no less).  Thank you for highlightening this BS, but jeez.  

Also as someone from CT, the only thing keeping them alive isn't because they were in CT (enough people have guns/concealed carry even though we have stricter gun laws), it's the fact that the other students weren't armed.  As for how the police didn't shoot them, that's divine intervention keepinh them alive.",2024-12-14T15:44:28Z,0,0,en
Ugzn4AuKKr6eEeSFbBp4AaABAg,@kabby29,Dr. Atozy,2024-12-14T15:43:26Z,0,0,Other
UgwptKVLlch3Gsgn1a54AaABAg,@ty9736,It’s just a prank bro 😂,2024-12-14T15:43:21Z,0,0,en
UgzNBc_txSrXQGwUs2V4AaABAg,@tinocojohn1,Stupid is stupid does!,2024-12-14T15:42:45Z,0,0,Other
Ugyv5J6aBRfGz_Q8DkF4AaABAg,@heathb2182,imagine this nonsense happening and scaring you right before/during finals on top of everything else 🙁,2024-12-14T15:41:56Z,0,0,en
Ugw_xnHMHdMZCHjGkjZ4AaABAg,@jeffprice6421,"You needed to stop at ""Don't do tiktok trends""",2024-12-14T15:41:16Z,0,0,Other
UgwyvjYRQg5r-7hUk294AaABAg,@cathyramos4849,LOVE your Christmas tree! It needs 1 small red bulb and a light blue blanket to put around the base and it will be a Charlie Brown Christmas tree🤣🤣,2024-12-14T15:40:55Z,32,0,en
Ugw0T6mZJujrmuP6Hvd4AaABAg,@reginaheck5720,"That is the worst ""prank"" you could do in our community!! We've had so many school shootings the past few years. I don't know what was going through their minds.... 🫤",2024-12-14T15:40:33Z,0,0,en
Ugynjaq4-HHkxSZIchN4AaABAg,@Glaugan,"OMG a bunch of kids wanted to reenact a shooting... Oh, another one in America? Guess that's just another day.
Sarcasm aside, America has a gun store like 2 blocks apart from one another, there's no shortage of ways they could have had a gun if they actually wanted and it's not like they could ban guns altogether. Needless to say they both deserve what's coming to them.",2024-12-14T15:40:29Z,0,0,en
UgwlWnuGp_Waiy2hDPd4AaABAg,@keithhampton9700,Pranks are not funny. Especially if it can get you 10yrs.Peoples need for attention has gone way wrong.Shut Down those sights who put these (pranks) on line.,2024-12-14T15:39:58Z,0,0,en
Ugxqb1NOeQ_gKlKLE9B4AaABAg,@rollerdragon,"ahhh.. shit.. this is my state.. but they are students.. so not from  CT, then...",2024-12-14T15:39:44Z,0,0,en
Ugw7BmuwaqpQUEMZWrp4AaABAg,@johnthomas1422,"To be clear, the Supreme Court found that it IS legal to yell fire in a crowded theatre, and it has been that way for over 60 years. So, these charges are flimsy at best.",2024-12-14T15:39:16Z,0,0,en
UgzgWsKYQn2oBe82V1h4AaABAg,@SusanWray-m8d,"Ticktok needs banning deliberately screwing with immature minds ,if you say a wrong word on other platforms you get banned ,jonj sloppy gob somali a prime example.",2024-12-14T15:38:14Z,0,0,en
Ugzbq6r8SXdxoa_3fTh4AaABAg,@SuzetteG316,"Yes they are innocent until proven guilty, but apparently they have over a hundred witnesses to their stupidity plus they videoed it. So I'm guessing even a first year law student could win this case prosecuting them - lol.",2024-12-14T15:37:29Z,0,0,en
UgxV6uYAif3fo_Nj6GF4AaABAg,@jeffprice6421,"Both of those look like rich kids.  I imagine their Christmas dinner at home will be very unpleasant...  What idiots. 😂🤣😜 Maybe if their parents are rich enough, they can buy their way into UVA like Ted Kennedy...",2024-12-14T15:37:06Z,0,0,en
UgyaWP36rHiu3XQD96F4AaABAg,@kabby29,"Thats not even a ""prank"". I doubt its even a ""tiktok prank"".",2024-12-14T15:36:23Z,0,0,nl
UgxwW6vu3lC4wTHVwyh4AaABAg,@Tig_Bitz,As a person from Connecticut (actively seeking to move out) this really doesn’t surprise me to hear,2024-12-14T15:35:27Z,0,0,en
UgyLsMswvl-VzMN6X-V4AaABAg,@RadioForYahweh,"Off topic real quick because of what this journalist said. 

2:52 My teenage son would make sexist jokes all the time. And I had to continuously snap on him about it. Humor is relative to one’s beliefs and expiernces. It’s why I get upset when ppl make diddy jokes. There is nothing funny about human trafficking children, women and men. There is nothing funny about drugging people r@ping them and recording it and blackmailing them with it. There is nothing funny about the thousands of people who knew this was going on and still bringing their families around this man and no one reporting him. 

This generation has no morals. And no one is teaching them right from wrong, except the internet who has it mostly wrong.",2024-12-14T15:35:18Z,0,0,en
UgxV_-szEbZ6ucTRRWh4AaABAg,@Sailrjup12nh,Is that the guy from Lizzie Maguire TV show?,2024-12-14T15:34:57Z,0,0,en
UgwxduT9i1446UQgPA94AaABAg,@transsnack,"They're lucky they didn't cause a crush. Panicking people are dangerous, and more than one person has died because of getting trampled or suffocated in incidents like this. This of the equivalent to yelling ""bomb"" in an airport or ""fire"" in a theater.",2024-12-14T15:33:53Z,0,0,en
Ugz50ITeKn7UfXSrp6l4AaABAg,@jeffprice6421,They are lucky to be alive.,2024-12-14T15:33:43Z,0,0,en
UgyoEeJAOCx5HsM7PrZ4AaABAg,@vixensun,"While I am all about forgiving people for their mistakes, this one... seems like a potential darwin award winner.",2024-12-14T15:33:06Z,0,0,en
UgxreYcljnJJkGlVX_Z4AaABAg,@Freesavh1776,Common sense is a flower that doesn't bloom in everyone's garden anymore.,2024-12-14T15:32:47Z,0,0,en
Ugxw4TlycEiMtnJ9Xzx4AaABAg,@jb6042,"""It was hella scary i was a few tables away. It wasn’t the 'this is for my safety' trend; they genuinely were making a stick-up video. People aren’t soft; we are just scared for our lives. Grew up in Newtown, and I’m scared for life.""",2024-12-14T15:31:40Z,0,0,en
UgxeUjUcIhfTNqtoOfV4AaABAg,@sandrasvsa,tiktok stupidity? you should cover inmate hopper Ash Trevino next!!!😳🤣🤣🤣,2024-12-14T15:30:13Z,0,0,en
Ugxuj8ggRvR2t2E4C2R4AaABAg,@randomrobin7773,The ban can't come quick enough.,2024-12-14T15:29:31Z,0,0,en
Ugz_CFOIr3J-NDVcXEN4AaABAg,@TheConstitutionState,"So i live in CT, Uconn is 5 minutes from me. Tons of my family, and my kids will be going to E.O. Smith, which is on the campus. I mean, this isn't funny or cool. Idk why anyone would do that? I wish they would have charged the cop who whopped a 16 year old out there right in front of E.O. Smith. Or held the fire department accountable for running over a drunk girl sleeping in front of the fire department. But CT is soft on real crime just like they are on pedo's and s## crimes. 50k bond? They arrested a dude at a polling station for asking questions and being annoying, not actually breaking a law, and his first court date. They jacked his bond up above this, which is crazy. Ppl get a 50k bond here for drug charges, but not this apparently",2024-12-14T15:26:22Z,0,0,en
UgzctBcH-Qfeso9gJNB4AaABAg,@Genethagenius,They are VERY lucky they didn’t get shot or hurt.,2024-12-14T15:25:18Z,0,1,en
Ugz3wTRrp-n8iRYNU5N4AaABAg,@Taytates-lr6kg,What a pair of bozos such a terrible idea what was they thinking the end result would be did they think everyone would laugh and pat them on the back like great prank brah awesome...Now their looking at real prison time and the parents have to pay thousands of dollars for their dumb actions..,2024-12-14T15:23:09Z,0,0,en
Ugw3xJzzcHqa253vLXp4AaABAg,@michelangelo6983,Even though this is f ing stupid. This looks more like propaganda. The people that got interviewed even know there’s not trend involving this “prank” also they seem pretty chill. Except the last guy he seems concerned.,2024-12-14T15:23:01Z,0,0,en
UgyZyFdSk04wupBLGMt4AaABAg,@ImaClutz,"These morons treat ""its a prank bro!"" like it's the get out of jail card in a monopoly game. 
It's not funny and it should have real world consequences.",2024-12-14T15:19:56Z,0,0,en
Ugzh0pBsNfBUWV-v5ht4AaABAg,@jordyrawww,Its baffling just how stupid the people that inhabit our world are,2024-12-14T15:18:00Z,0,0,en
UgzfPZDOPuNj23mUisN4AaABAg,@galarxa,The worse is yet to come,2024-12-14T15:17:56Z,0,0,en
UgxEuiTdR1VchDVa2FF4AaABAg,@joekrause6382,They just threw there education away,2024-12-14T15:17:10Z,0,0,en
UgxzVRr0VhK8botc0D54AaABAg,@hathynhighley8548,Thank god this stupid app will be removed from the US,2024-12-14T15:16:11Z,0,0,en
UgxSLy5ycBQXsDKcMZt4AaABAg,@angelashortall9778,The news keeps saying that these things are actually TikTok viral trends because theyre trying to make TikTok look bad.,2024-12-14T15:14:34Z,0,0,en
UgyETXInF1TB4DXm7HN4AaABAg,@Thegr8MC,"When the tide pod challenge first started, I was tempted to make a Tiktok account just to make a parody video called the zip tie challenge where I'd pretend to tie a zip tie tightly around my neck for a couple of minutes just to see if anybody would try and do it themselves.  But I decided not to since making a one off meme video wasn't worth wasting my time getting on Tiktok for.  But now?  With all these stupid ass challenges everyone's trying?  I'm tempted again.",2024-12-14T15:12:21Z,0,1,en
UgzFwtn-LLa36fa-euV4AaABAg,@davidturner4987,TikTok is just a place for idiots to congregate and reinforce each other's supidity. It's become a societal cancer. I gaurantee neither of these idiots would have graduated anyway so let them go to community college with an ankle monitor and maybe they will finally learn something worthwhile.,2024-12-14T15:10:43Z,0,0,en
UgyvmeaM0o601bvhR6R4AaABAg,@Nah_no_thanks,Referring to them as young adults is genuinely a twist of language that should result in dumb journo losing a job.,2024-12-14T15:10:42Z,0,0,en
Ugziy_7OS7VU96CfJpl4AaABAg,@robertmatthews2009,They're lucky they weren't killed.,2024-12-14T15:09:59Z,0,1,en
UgwBfywTXFSY3uZP8dx4AaABAg,@MynameisDUmass,"That's the u.s. of A for ya, freedom to do whatever you want. Destroying your life & future at the same time is also included 😂",2024-12-14T15:09:19Z,1,0,en
UgxNUEasuGmoOEqCGo94AaABAg,@toddsilverman3252,Since parents are no longer interested in keeping close tabs on their kids Society is going to need to do it going forward and it's going to be harsh and there's going to be a shitload of pain and just remember it was because they think they're going to get a pass because it was a joke. Criminal charges are obviously not a deterrent. Immediate repercussions that happened on the spot is the only thing that's going to fix this problem! Cuddling kids has brought us to this point.... when is society going to wake up and realize being a libtard is a disease on society? Sounds to me like we need some harsh examples ASAP!,2024-12-14T15:08:06Z,0,0,en
UgyrY72tHK51WETjySB4AaABAg,@johnliller,Guess nobody told them not to yell fire in a theater or bomb on a plane.,2024-12-14T15:07:11Z,0,0,en
UgxXrm_S_RNP51dLw1Z4AaABAg,@enamelred,TikTok is really a pox on society. A disease which needs to be cut out.,2024-12-14T15:07:07Z,0,0,en
UgzitbunnmuX7SSINWd4AaABAg,@Randomonium66,Nothing good has ever come from TikTok. It's like brainrot hq.,2024-12-14T15:06:47Z,0,0,en
Ugyy65SSKALw3pOAeo14AaABAg,@techienate,Is this the dumbest thing I've ever heard?,2024-12-14T15:05:07Z,0,0,en
UgwCKd-jZIadcF0DUmt4AaABAg,@Loveandflowers,I remember when pranks used to actually be funny,2024-12-14T15:04:55Z,0,0,en
Ugx-Rbu9Cu-MT4J9YbJ4AaABAg,@casparcoaster1936,All felonies are a bad idea,2024-12-14T15:04:30Z,0,0,Other
UgwaI4SYiNmonbgRmPt4AaABAg,@kcarano7858,I hate social media...i hate it even more when something like this happens😑,2024-12-14T15:03:59Z,0,0,en
UgyOFWJDeD2Ocaylc1Z4AaABAg,@Odskee,"Ha, I don't think Americans understand what zero tolerance means.. The rest of the developed world has zero tolerance for violence in schools.. Americans have a 'what's the big deal' policy",2024-12-14T15:03:24Z,0,0,en
UgzFsi2eY6Sd1zF4I5F4AaABAg,@jarjarbinks3360,"PhD in TikTok Stupidity, your Thesis is ""How FAFO Actions Affect Immitators.""",2024-12-14T15:02:31Z,0,0,en
Ugy5HqKD-u-dT_AEbHN4AaABAg,@Kunfucious577,Can’t get over how university students sound like high school kids now. It’s sad.,2024-12-14T15:02:22Z,5,0,en
UgxWXvm2BgFQwd_46m14AaABAg,@3ftninja132,Your Honour... It was just a prank bro.,2024-12-14T15:01:47Z,0,0,en
Ugy3w-O92URJF-XKEqN4AaABAg,@johnboi44,Usual suspects,2024-12-14T15:00:05Z,0,0,Other
UgzACkTs1BhNb8nyBt54AaABAg,@womanfromthenorth1,"So dumb, they deserve the 10 yr sentence.",2024-12-14T14:58:14Z,0,0,en
Ugzw7Aisnu6iXhqITil4AaABAg,@iainjohnston788,The most stupid stupid kids- ever .,2024-12-14T14:57:58Z,0,0,en
Ugza2PZXB0qSEvHpkyR4AaABAg,@safsaf99,Knowing how f'ed up the justice system is they'll face no consequences,2024-12-14T14:57:15Z,0,0,en
UgwLijCcvJxOT8iQrDN4AaABAg,@gjaxx,"I have to ask... If you're that dumb, what are you doing attending university in the first place? America is deteriorating rapidly in the 'smarts' department",2024-12-14T14:56:49Z,0,0,en
UgzJfbXptLhcD0OyBjN4AaABAg,@Metalman200xdamnit,TikTok needs to be banned.,2024-12-14T14:55:31Z,0,0,en
UgxP0vRYQavkmWESYhN4AaABAg,@irkalla100,"So, can they show the videos in question of this alleged ""viral tiktok""?  I call absolute bullshit.  No viral tend of the sort exists.  They just blame tiktok for their braindead attention-seeking behavior.",2024-12-14T14:54:12Z,0,0,en
UgwetkqUcddfK-PLgxV4AaABAg,@saintmartin188,"I think I should start a Tiktok trend. ""Give me money for likes"" trend.",2024-12-14T14:53:26Z,0,0,en
Ugy7nmaTHSFrEkwhykh4AaABAg,@vaporeonnn,or better yet just don’t be an asshole. let people eat their lunch in peace. school is stressful enough as it is,2024-12-14T14:52:52Z,0,0,en
UgwsKI6ihXTzXniDsSV4AaABAg,@Sleepsleep1998,They already agreed their life’s were over…people life’s end every day while they still walk and breath for decades after but why this ?stupid,2024-12-14T14:51:06Z,0,0,en
Ugw5iNy_SB0zsARiXM14AaABAg,@Snipedout209,They're grown adults who should know better. This should absolutely follow them.,2024-12-14T14:50:37Z,0,0,en
UgwhdHQWANK2osKCXE54AaABAg,@Jilbertb,"We NEED to get rid of TikTok.
  You don't get that these ""trending"" activities are planted by Chyna for stoooopid people to do?! Then YOU'RE stupid!?",2024-12-14T14:50:17Z,0,0,en
Ugxok-sejFltEd1VTvx4AaABAg,@ThomasTheTankEngine-t5l,Tiktok will be the downfall of the human race...,2024-12-14T14:49:49Z,0,0,en
UgwuUfc5DcJQ9eBwPKV4AaABAg,@morallyambiguousnet,"Back when I was in college the SWAT team got called out for someone being seen with a gun on campus. My class was in a particularly good vantage point to see when the person with the gun was taken down and relieved of his pink plastic sticker dart gun. If anyone had asked around they would have found out that there was a massive game of TAG (The Assassination Game) playing out on campus. This was about 40 years ago and occurred in the same Canadian city where a school shooting incident, that resulted in the complete revamping of Canadian gun laws, took place maybe 12 years before that.",2024-12-14T14:49:41Z,0,0,en
UgwYnd49EXOpqdaCn3h4AaABAg,@juanbanzai,"Please, President Trump. Add this to your list to help make America great again. BAN TIKTOK!!!  SHUT IT DOWN and save this country from the dumb F#$KS under the age of 25.",2024-12-14T14:49:22Z,0,0,en
UgzRYtqS0AKRCNvYcK94AaABAg,@halla9538,"I feel like modern day social media is like a new, slightly possibly maybe less lethal, version of darwinism. 
These two removed themselfes from society and put themselfes into a concrete motel.",2024-12-14T14:48:45Z,0,0,en
UgwnBeRxw5_kqT9qVNF4AaABAg,@user-uy5py5ih2t,"“Someone could misunderstand the situation”. Criminals rob people ALL THE TIME by pretending to have a firearm. There is no misunderstand this situation, if two people do this and someone decides to defend themselves they should be within every right to react with self defense measures.",2024-12-14T14:47:49Z,330,6,en
UgxBYWmceSky8L6GXJN4AaABAg,@R0binah00d,Calling your crimes “pranks” is just as childish as calling your adult dress up games “cosplay”,2024-12-14T14:46:12Z,0,0,en
Ugw3R0RGfgTxYGQg2Wh4AaABAg,@senseicorey9979,These guys will get a slap on the wrists......,2024-12-14T14:45:33Z,0,0,en
UgwsHp-2fLrNBeJMqGF4AaABAg,@RickyRicardoMJF,There's no way they are in normal paced classes,2024-12-14T14:45:33Z,0,0,en
UgwIT7oUZGuxQw7H_4p4AaABAg,@jeremydavis308,This is just one of thousands of reasons why TikTok should be permanently banned in the United States. Americans are too stupid to handle it there I said it Americans are too stupid to be able to handle it.,2024-12-14T14:45:09Z,0,0,en
Ugz4Vbw9vb-_xzDd1HJ4AaABAg,@NYHeeb,"Also there are a lot of legally armed citizens like myself who wouldnt think its a prank,and would defend their and the lives of other innocents. Stupid way to loose your life.",2024-12-14T14:44:47Z,0,0,en
Ugy0dOLHbjm70TzX8RR4AaABAg,@seannash4695,That is terrorism. 😢,2024-12-14T14:44:03Z,0,0,en
UgxlhPhb1X53amFxqdN4AaABAg,@neongloom4570,Anyone who went to school since the mid 90's knows full well that there is zero tolerance for this kind of stuff.  I get I did some really stupid things when I was 18. But I mean this is a new level of stupid.,2024-12-14T14:42:44Z,0,0,en
UgwkFzzsTzIR77CkRh94AaABAg,@NYHeeb,"Beyond tired if useless,talentless,losers doing hurtful, dangerous, disrespectful stuff to people,film it then try to call ot a prank thinking that is a get out of being a human card. Karma is real, treat people how u want to be treated. Get a job and stop with the get rich quick bull",2024-12-14T14:41:52Z,0,0,en
UgxcWuwhGHf2ANeP-614AaABAg,@wteverisgud,You mean this is a university? I thought this was a high school. They are so screwed.,2024-12-14T14:41:51Z,0,0,en
UgwBS2M9pA6bVtSxXpt4AaABAg,@sarah_anne888,They wounder why TikTok is being banned,2024-12-14T14:41:42Z,0,0,en
UgylShNIpmAzc69lsgt4AaABAg,@zbelair7218,"""I feel bad for their parents.""

For what? The parents raised these regards....",2024-12-14T14:38:00Z,0,0,en
Ugxdoqlhpb9KKyopRyh4AaABAg,@tylerkinley268,"Prank use to mean some sort of joke on a friend. Now its a catchall term for harassment, stupidity, theft or assault and its often done towards strangers.",2024-12-14T14:37:08Z,0,0,en
UgxRikS3xybuhv5nf0N4AaABAg,@gamingdaniel5281,My brain can not comprihend with the word mirrored and video😅,2024-12-14T14:36:22Z,0,0,en
UgzshLWjJY1RI86QMSd4AaABAg,@xSylveRSpydeRx,"What's the problem? I'm laughing, nobody got hurt, 2 useless things going to jail, parents out a lot of money (that is the best lmfao), society is better off without them in society for hopefully 10 years",2024-12-14T14:35:46Z,0,0,en
UgwLueVhcR-uTPTSDF54AaABAg,@DantePaxton113,"Dont feel bad for their parents
Theyre kids
Theyre parents shouldve eaised them better
(If you disagree with this please never have a child)",2024-12-14T14:35:13Z,0,0,en
UgyOb_heEJ7q4fdKFyR4AaABAg,@zbelair7218,"3:24 
No. They most certainly should be ""marked for the rest of their life"", this shit is reprehensible.",2024-12-14T14:34:42Z,0,0,en
UgwZt1A91BdKpgt78Ht4AaABAg,@longlegcraig,"""Dude, calm down it's just a prank bro""
the prank: I have a gun everybody get down",2024-12-14T14:34:34Z,0,0,en
Ugy_Uo-AK_qufMZXa6V4AaABAg,@m1xxx3r,"Tiktok really should be banned as platform of promotion of ""intentionally"" harmful content",2024-12-14T14:32:40Z,1,0,en
Ugz2eK5_OO-VmfsD7Tp4AaABAg,@bojjold,good,2024-12-14T14:30:07Z,0,0,Other
Ugw3CQIRT3TwUM9xKZx4AaABAg,@LolWetBrainCobesIsDead,Why do you post your videos so late always? You must be on California time.,2024-12-14T14:29:24Z,0,0,en
Ugz-A2bomlblWZBL58F4AaABAg,@chris3325,Sounds like terrorism to me,2024-12-14T14:27:47Z,0,0,Other
Ugw1bixOEpIUq5Xx1Ml4AaABAg,@kianeko2120,"The ""upside"" in their minds is vitality.",2024-12-14T14:27:05Z,0,0,en
Ugw7Hia366Aa9_n0Qcp4AaABAg,@mariella2884,"I sincerely hope all parents involved have already paid for tuition and won’t be refunded following expulsion. 

Not a drop of sympathy. Kids like that don’t exist in a vacuum, there is a clear parenting issue here. 

People love to say “don’t blame the parents” nope. You chose to have this person. You are responsible for what you have BURDENED society with. 

That mindset is how cyclical emotional dysfunction invades society. 

I feel all parents should be charged the same criminal charges for any juvenile crimes. 
Nothing else will stop irresponsible people from carelessly having more - until it affects them.",2024-12-14T14:26:57Z,0,0,en
UgxfW4FVu7MOxKsR_Tx4AaABAg,@igi-risu,"I’ve got a better idea for a TikTok trend, I’m thinking, “Let’s find a job and do something worthwhile to be a productive member of society” as a trend. A lot of people should hop on it since they seem to have way too much time on their hands doing stupid stuff like this",2024-12-14T14:25:43Z,0,0,en
UgyirW08yM25U9LDtcd4AaABAg,@blahh8936,The “but it’s for TikTok” mentality is insane 🤦🏽‍♂️,2024-12-14T14:25:41Z,0,0,en
Ugw1nGVQz8c-V9WKRGB4AaABAg,@MalenKM,"I'll bet if things got deadly (like security putting one in their legs for ex), the parents of these idiots would sue the university",2024-12-14T14:25:16Z,0,0,en
Ugw8nhMonGf6p0hli8N4AaABAg,@timb8970,Why? I feel there is a rapid decline of common sense.,2024-12-14T14:25:09Z,0,0,en
UgwpBB11Yrvn87ir1aN4AaABAg,@rb5078,I hope they throw the book at these kids. This is NOT a prank. This could cause actual PTSD in the victims.,2024-12-14T14:23:48Z,0,0,en
UgxTAWzPb5ugU7HXBOx4AaABAg,@mbach003,It wasn't a prank it was a drill.,2024-12-14T14:22:06Z,0,0,en
UgwrXAeCgGAv74W6mll4AaABAg,@Ciborium,"Fortunately, CT is a ""Gun Free Zone"" so everybody can be safe in the knowledge that there are absolutely no chance of anyone having a gun. Imagine you're doing a TikTok ""Prank"" where you *simulate* a Felony, but suddenly find yourself looking down a barrel of someone's Constitutional Carry firearm?  That would have ended their TikTok career real quick.  

IDGAF that they didn't have a ""real"" gun.  I've seen enough LEO BWC video of someone behaving as if they had a gun, but after they got unalived it turned out it was not a real gun or not a gun at all.  Simulating a deadly weapon is just as deadly as having a real one.

Hopefully they are at least expelled from UCONN.  If they aren't, the students need to mass protest.  They probably won't get Jail time because ""it was just a prank, bro"".  Since CT is a Dystopian Blue State, the D.A. will drop the worst charges and reduce the rest to simple ""disturbing the peace"".  They'll be convicted of a misdemeanor, pay a fine, do a few hours of community service, and get off scot-free.",2024-12-14T14:20:34Z,0,0,en
UgxuHurDv58U4vzOL3l4AaABAg,@boris2835,simpletons get what simpletons do,2024-12-14T14:19:27Z,0,0,en
UgzDKqAtppohILlMTrV4AaABAg,@WDNCclubmember,Somebody needs to bring keg parties back. We had real fun once! Today’s kids don’t have a clue!,2024-12-14T14:18:47Z,0,0,en
UgwUiSE03AWe5GyIeHZ4AaABAg,@sachmo0196,"Wait till the targets of said ""pranks"" go to a doctor, get diagnosed with PTSD, now take meds! Total cost to prankster(s)...Up to $millions after Civil suit won, let alone the criminal charges. Pranksters beware!...you may get pranked by your prank & no one will care. Oh, the PSA's coming!!!",2024-12-14T14:17:43Z,0,0,en
UgyGE_g0lCBqwtuiJX14AaABAg,@RadioForYahweh,I’m happy TikTok is getting banned bro,2024-12-14T14:16:56Z,0,0,Other
UgzbaSYCxZOCU-8KoUB4AaABAg,@frankcurley,"I call this ""domestic terrorism"" and Homeland Security should treat it as such.",2024-12-14T14:15:39Z,0,0,en
Ugx1RQzYcX5XoOow6u14AaABAg,@juancortes5274,Dumb dumb dumb dumb 🎶,2024-12-14T14:15:18Z,1,0,Other
Ugxjg1V941M2BgDu93N4AaABAg,@MilesMario,god i hope they go to jail for decadesgod i hope they go to jail for decades,2024-12-14T14:14:47Z,0,0,en
Ugxg9DbjrzsXQl1deIt4AaABAg,@GiveMeMyNameBackYoutube,"1:10 you can't say more charges ""drop"" if you're wanting to say MORE charges showed up. In legal terms, charges ""drop"" means they have been dismissed so the D.A. will no longer pursue charges.",2024-12-14T14:11:28Z,0,0,en
Ugy1ZVxLDwwywy1M_VV4AaABAg,@wiznik88,"They basically did the equivalent of yelling ""Fire"" in a crowded theater",2024-12-14T14:09:34Z,0,0,en
UgwDaBFjLVT2XR4-GXd4AaABAg,@yodafour,Get luigi,2024-12-14T14:08:41Z,0,0,Other
UgyRlG9eS8HeOqCG2lt4AaABAg,@debbiehoyt9018,If it was in other colleges in Connecticut it could have been worse. UCONN is in the middle of no where and the only thing you have to contend with is cows. If you say did this at the University of Bridgeport it could have been very different.,2024-12-14T14:06:24Z,0,0,en
UgwwWbiIUxJUh0ROG0V4AaABAg,@RedDawn141,In Georgia we actually have college carry for guns.,2024-12-14T14:03:14Z,0,0,en
Ugw1QqPNLJBIOkaXqg14AaABAg,@sammyseguin2978,"Not unlike the so called 2A supporters who, dressed in tactical gear, with a long gun and a sidearm, while carrying a fishing pole, parade down a public beach, claiming it's their right to do so.",2024-12-14T13:58:57Z,0,0,en
UgyoM5BWG3Ol5wzelwt4AaABAg,@debbiehoyt9018,I will have to talk to my niece about this one as she goes to UCONN. What a bunch of idiots,2024-12-14T13:58:12Z,0,0,en
UgyCixnGUdaQUVr7xMN4AaABAg,@ladylegion93-,"I'm so sick and tired of these ""prank"" crimes; quit being stupid 👏",2024-12-14T13:56:04Z,0,0,en
UgwBc3MtDTle0nHHXP54AaABAg,@TheTrollTrollyYeti,I dont feel sorry for their parents. This screams parenting by tech,2024-12-14T13:56:01Z,0,0,en
UgxGjEeHHWXAZVb2dRV4AaABAg,@Corkfish1,College make you smaat.😂,2024-12-14T13:55:56Z,0,0,Other
UgysItPzDhQHz15UlWx4AaABAg,@whateeverable,"Theyre lucky. Idk if it's cus of the state or the new generation or what, but when/where I went to school a good % either hunted themselves or their parents hunted. Meaning almost everyone could tell a gun from a phone at a glance. Not saying they can't now. Just saying these two guys wouldn't have fooled hardly anyone. And more than likely a large group would have dog piled them.

All this to say they're lucky the cops showed up before all the students beat the poo outta them.",2024-12-14T13:55:37Z,0,0,en
Ugy3EX7edCgvaYhCH954AaABAg,@vigilantowl5312,"""It doesn't mean they need to be mark for the rest of their life"" 

Actually is called making an example",2024-12-14T13:53:31Z,0,0,en
UgyNW4g0Y3QzWCbwOh14AaABAg,@jerrylong1079,"Whatever happened to posting funny ""Redneck"" antics.",2024-12-14T13:52:57Z,0,0,en
UgxgsAIJrtwlHHhQvGJ4AaABAg,@FlowerMama23,"Dr. Atozy, (Unofficial) PhD in Social Media Stupidity Studies, with a Minor in Cringe Theory.",2024-12-14T13:51:02Z,52,0,en
UgyUu2OIkUQubg9Bhfd4AaABAg,@traffic411,The situation situation is a situation.,2024-12-14T13:50:31Z,0,0,en
Ugx-n2fHuWKp_aH6iUF4AaABAg,@robynwolph3836,Now you know why I support the banning of Tik-Tok. These pranks/challenges need to stop,2024-12-14T13:49:55Z,0,0,en
Ugx4vSgnv3Q5W5z4_3h4AaABAg,@dwight8090,Five years in prison will help them realize it was a bad idea.,2024-12-14T13:49:38Z,0,0,en
Ugz4H3xvfrNS9sxAi194AaABAg,@varloc7582,ban tiktok,2024-12-14T13:48:25Z,0,0,Other
Ugxnb7KjhV4tfZsS_8B4AaABAg,@jamster1100,Further proof tiktok was a mistake,2024-12-14T13:47:32Z,0,1,en
Ugz-cYocGfLxYXsVkSd4AaABAg,@Miokomata,Ban TikTok,2024-12-14T13:47:12Z,0,0,Other
UgwiXCAP7dU1CTidIe14AaABAg,@Schizniit,Lol their mugshots look as if they JUST left the magic tournament and committed a crime otw home 😂 what happened to the days when dorks like that just stayed on internet forums!?,2024-12-14T13:46:03Z,0,0,en
UgzvsnJkk2SJXT6Cjj54AaABAg,@sophiewagner5770,"pls get the shild for your table, your room needs more dekoration and character",2024-12-14T13:45:10Z,0,0,en
UgzObfRHMPlzEN57UIh4AaABAg,@Dirtyz1234,"Abolish ""gun free zones""",2024-12-14T13:44:41Z,0,0,en
Ugxd6MVbhA5w0QAbc_J4AaABAg,@TheGrimGary,Yep.  There are stupid people in my own back yard. =(,2024-12-14T13:43:11Z,0,0,en
Ugwe3bq9TL4-a7FoP3x4AaABAg,@Ryan-T92,@Atozy waiting for a Toronto map,2024-12-14T13:42:05Z,0,0,en
UgxP8vIOIXTIQAfA3dZ4AaABAg,@SusantheNerdy,"What viral trend, indeed.  Find a video that has that as a ""prank""",2024-12-14T13:39:40Z,0,0,en
UgwY5I0djNImDM-WAhp4AaABAg,@RichardBaran,"What an awesome prank yo. They'll get 3 years mostly suspended, maybe a year in jail and they are so expelled. 

We're all doomed if this is what the next generation has in store for us.",2024-12-14T13:37:53Z,0,0,en
Ugyj3uEci9bZW2ar7Wt4AaABAg,@duwaynehoun8153,this is a tie with the KIDS who ate TIDE PODZ!!!!,2024-12-14T13:37:28Z,0,0,en
Ugy3SuKd0baU65q9sSN4AaABAg,@underthaorion,Social media is a trap. One of many snares.,2024-12-14T13:37:26Z,0,0,en
Ugy9E0vn4o9O3XyIzdJ4AaABAg,@TylerWard541,"Happy Friday the 13th, Atozy!",2024-12-14T13:36:54Z,1,0,en
UgyTAmki-8Z-TMQ5lJ94AaABAg,@ckgun1,"""lity prank bro how did you get to hell?"" ""don't really remember it was all a flash""",2024-12-14T13:36:14Z,0,0,en
Ugyo1YjX555EeYkxPLN4AaABAg,@danescott4347,"Absolutely it does mean they should be marked for the rest of their lives, why wouldn't it?!?",2024-12-14T13:34:59Z,0,0,en
UgysY17kCuiWheYkeql4AaABAg,@rhondatrout1360,Why is the narrative mirrored? MISUNDERSTOOD??? PHOOEY!!!,2024-12-14T13:31:48Z,0,0,en
Ugwn3AcdOi5i2eONBwx4AaABAg,@H0LL0WHearteD,"One day someone willl do a ""prank"" about i have cancer or i gave someone a std",2024-12-14T13:30:56Z,0,0,en
UgzMuZek36HirBNj8kJ4AaABAg,@welshwizard55,Anyone using pranks to get viewers and causing problems get what they deserve,2024-12-14T13:30:32Z,0,0,en
UgxqViNF6fB3Q2ycpXN4AaABAg,@Lt-_-Wafflz,It's sad police do faster n more work with this then actually school shootings,2024-12-14T13:29:38Z,0,0,en
Ugx71nAnbs3C-ElXBON4AaABAg,@HitNRun6131,Makes me wonder what the f were  they thinking when they wake up in the morning.,2024-12-14T13:28:56Z,0,0,en
UgxujRUeGcM6YdBKK114AaABAg,@evan_evans,Lol why WOULD it be a trend?,2024-12-14T13:28:14Z,0,0,en
UgxcBXIVmbhwP9XQmLx4AaABAg,@SouthsideBRGLR,The fact people still on TikTok is wild,2024-12-14T13:26:13Z,0,1,en
UgwDuuzD5MYVbRg8UaZ4AaABAg,@theoryofinfinity3271,Is that Harry Potter?,2024-12-14T13:25:09Z,0,0,en
UgyKkhhFzMsuWG2Ebp94AaABAg,@DoomedRequiem,I can’t believe Michael Reeves would do this,2024-12-14T13:25:04Z,1,0,en
UgyQ_HSclpg5eXKLrl54AaABAg,@lonestarrk9308,This could have been a test run. Scary times we live in.,2024-12-14T13:24:15Z,0,0,en
UgxGZnAIvQIoxSlt4EN4AaABAg,@tomc9453,Good thing neither of them were black...,2024-12-14T13:22:45Z,0,0,en
UgzfhSBfUpwiwr6hWSd4AaABAg,@joeygarcia6647,They deserve 15 years for there stupidity,2024-12-14T13:22:17Z,0,0,en
UgymopExqSRDomuHGjt4AaABAg,@Feynix4,This is the same state where Sandy Hook happened. How f-ing stupid and sadistic do you have to be to do that to people who probably experienced the lockdowns that happened when that happened?,2024-12-14T13:21:30Z,1,0,en
UgycB-xU6TvOUzQelYx4AaABAg,@juancarlosvelasquez9172,15 years please,2024-12-14T13:19:46Z,0,0,en
UgzZ47JfoDUluWSwFq14AaABAg,@informationOD,Bare in mind that these idiots are allowed to vote. Stop treating them like kids. I was in the military at 18 training with live ammunition along with other 18 year olds.,2024-12-14T13:17:30Z,1,0,en
UgwmVoOqn67Nh_nfOdh4AaABAg,@zomputerxero6256,"Dude they’re NOT  “ at the age” to do stupid things like this, it’s COLLEGE not high school. 

They’re old enough to drive, live alone, get a credit card, join the military, etc.",2024-12-14T13:17:23Z,4,0,en
UgwuO5OEmWjYucDVCv94AaABAg,@breezywinter4646,Imagine threatening a school shooting and thinking people wouldn’t take that seriously in this day and age.,2024-12-14T13:17:03Z,0,0,en
UgxK_9nrssxCdg45axh4AaABAg,@mrshiny6821,LOL Parents needs to talk to their young adults 🤣WTF.,2024-12-14T13:16:53Z,0,0,en
UgyZ9C3zoXBa0uIpLNB4AaABAg,@ludantikata,"act out and make your firends(an important detail) think you got stabbed or something, sure why not, make a lot of people think you're about to shoot them, very bad and how you may end up dead",2024-12-14T13:15:10Z,0,0,en
UgyLT9bOPGXr5mWiVaJ4AaABAg,@shredct3118,"Remember that Tide Challenge, that was fun…..",2024-12-14T13:14:18Z,0,0,en
UgytoSf1N-8wrwFZihV4AaABAg,@camingor6252,cancer exists for people like this,2024-12-14T13:13:56Z,0,0,en
UgyoSOWfitxtr-AlZ454AaABAg,@PasqualItizzz,Soulja Boy must be awesome at Superman now ... he been practicing for years,2024-12-14T13:13:37Z,0,0,en
UgyaUeb4JUBb4x7HFU54AaABAg,@stevenewsome9185,It's a proven fact that college makes you even dumber.,2024-12-14T13:13:35Z,1,0,en
UgydB-b_9ubOWjstmKh4AaABAg,@ruah057,"They're doing all of us a favor,  these two are too dumb to be allowed out and about 😂",2024-12-14T13:10:30Z,0,0,en
UgyD0E97RyhBoSy54dN4AaABAg,@FUGP72,"TikTok could end this right away. And one of the th9ings the US should mandate for TikTok to stay available in the US is that they SHOULD end this right away. Any account that puts up a video like this (breaking the law, harassing other people not part of the joke, or performing dangerous stunts not done by a trained professional) should be banned. Total account ban. Total facial recognition ban so they can't create another account.

Since TikTok is all these failures have to live for, they wouldn't do this. It would stop overnight.",2024-12-14T13:10:07Z,0,0,en
Ugz79oRgn7TB2tojHmB4AaABAg,@3LDINO,"In my times, a prank was covering someone in eggs and flour when we exit the school beacuse it was their birthday, and im just 19 years old",2024-12-14T13:09:37Z,5,1,en
UgyR6VESCi2kTriUbK54AaABAg,@Deluna_arts_studio,"This story should be used for a condom commercial, your kids bail is 50 grand, but you know whats not 50 grand? Our condoms",2024-12-14T13:08:49Z,0,0,en
Ugw2Dn4YHNPhLKmoyEF4AaABAg,@jobanajoestar435,"If idiots can fly, tiktok will be the biggest airport",2024-12-14T13:08:33Z,0,0,en
UgwsrqnT5lVwm-dhNkR4AaABAg,@VanamaliDas482,I'm glad this is happening. Pranksters need to *STOP!*,2024-12-14T13:07:28Z,0,0,en
UgzPhk8EKnCiWTZgQCV4AaABAg,@DH2point3,NOT Uconn :(,2024-12-14T13:06:18Z,0,0,Other
UgxGN1LRxMekZuEYcC14AaABAg,@hellotp2959,He(Asian)was adopted by white peoples 😂😂😂😂😂 sry,2024-12-14T13:05:42Z,0,0,en
UgxMiMkrwVgKcbjjkU14AaABAg,@JAW-i5z,"Let's see how inmates play ""pranks"" at their a*ses.",2024-12-14T13:05:11Z,0,0,en
UgxguWnjUeEjsp8ocid4AaABAg,@goza18,"ah. tik tok, you did it again...  🤦‍♂",2024-12-14T13:03:57Z,0,0,Other
Ugxy76PXqN4S0xsSW3Z4AaABAg,@simon_969,Why people mimic the dumb phone video baffles me what do you gain doing the dumb thing on the cringe app again,2024-12-14T13:03:47Z,0,0,en
Ugzrxfsf8miQUKGS3E94AaABAg,@hollowbutcher,"yeah... no. i have anxiety and paranoia, i would've dropped dead anyway",2024-12-14T13:03:30Z,0,0,en
UgxD_uuZutPEesaPT7l4AaABAg,@Jack-wf9kg,"Any normal person ever:

Tiktoker: Runs up doing a “robbery” prank, get shot and yell it was just a prank bro lol 🙄",2024-12-14T13:02:59Z,0,0,en
UgzNRY37PEw2eGq8-Q14AaABAg,@EvisceratingDoubts,"That's not a prank. That's quite literally holding a cafeteria hostage with threat of a weapon. Just because you call it a prank, doesn't mean it is lol",2024-12-14T13:02:40Z,0,0,en
Ugx3-dn4Lkx-ckWPg0F4AaABAg,@Pimpdadymasterfly,"Could you imagine getting rejected by UConn and you tell yourself ""well, I aimed too high, the kids who get accepted there are all obviously very intelligent""",2024-12-14T13:02:17Z,0,0,en
UgyGXZIQ8ICan0b9OIl4AaABAg,@BajiKorvisamo,Whats with Andy?,2024-12-14T13:01:03Z,1,0,en
UgyyNGrLl-rHWWoLXz14AaABAg,@lorenclarke7815,"Parents need to talk to their young adults? That is the problem, they are old children, not young adults.",2024-12-14T12:58:25Z,0,0,en
Ugxk92DEdZ7brdFQQ_Z4AaABAg,@DTailorUK,"""Crossing the line"" or ""taking this too far"" is an under-statement for what they did!",2024-12-14T12:57:04Z,0,0,en
UgxftMDmKeG_5dqJg914AaABAg,@UnicornstarLight,I kinda miss the days when kids were just stuffing a full spoon of cinnamon down their throat.....,2024-12-14T12:56:24Z,0,0,en
Ugx_8QbUHdgJOwh9ntl4AaABAg,@RatfinksMethinks,"My step brother has served in Iraq, and frontline in Afghanistan. Some of the worst Veteran's PTSD you'd be lucky never to see. Should someone pull a ""prank"" like this, he'd definitely react in a way that would leave the ""prankster"" in much less than ideal conditions, if they're lucky, and would also definitely blame himself and feel awful for doing so afterwards because he is an angel and blames himself when his condition causes him to behave in ways he doesn't like (behaving violently being a big one that I've been proud to watch him fight and overcome over the years, assuming no-one pulls some dumb sh*t like this he's got it pretty under control for the past year or two).",2024-12-14T12:54:40Z,53,6,en
Ugz1-Hpx3KUxYOGhfQB4AaABAg,@papadaxly,goddammit why is it whenever my state is mentioned its bc someone did something fucking dumb,2024-12-14T12:53:39Z,0,0,en
Ugxgn_9Ml-6sx4z-qM54AaABAg,@RossVanderbilt,The worst part being this isn't the least bit surprising & expected behavior from anyone with a TikTok account or influencer-type personality. Meet the future leaders of America right here...🤠,2024-12-14T12:52:18Z,0,0,en
UgyZKRL1ulkQYjsyQOt4AaABAg,@KINGBUCK360,"Next, it's gonna be the "" I have a bomb"" prank on a plane or train. And when they get hurt, they say, "" it's a prank. It's a video"". Like that's supposed to save them from the repercussions of their actions.",2024-12-14T12:50:24Z,0,0,en
Ugyvm_hFMXqwbt0zZrx4AaABAg,@platty9237,They should try that prank in a bank.,2024-12-14T12:50:10Z,0,0,en
Ugy24XukDFR0R4a02s14AaABAg,@despairnephilim,TikTok trends keeps making immature people fall into a life changing experiences. It seems that a lot of those “trends” and stupid things these kids are doing there’s jail time behind it or prison time behind it. And what sucks is that all these kids are eating their life away for what exactly? It’s disappointing to see this happening.,2024-12-14T12:47:08Z,1,0,en
UgzUvjK7qmHWTC2mvyp4AaABAg,@gnipacave,Thanks ShitTok,2024-12-14T12:45:51Z,0,0,en
UgxWx8lYvRQigDF8RCt4AaABAg,@platty9237,"The threat is just as dangerous as the act. It’s imposing their will on other people. It’s a serious ass crime. It’s like those criminals who tie people up and say “just comply and you won’t get hurt” — but sometimes they do get hurt and worse. 

Had these not been gun free zones (I’m assuming), self defense applies.",2024-12-14T12:45:10Z,0,0,en
UgxiyLmscVRSmA5jUpV4AaABAg,@sharihazlett3774,"This isn't a prank, it is a crime. I guarantee students were scared as heck",2024-12-14T12:45:02Z,0,0,en
Ugw7nRddj3jTO8GEOcB4AaABAg,@feeterican,"lol, a prank is getting to school hours before the teachers come in and letting the janitor in on filling hundreds of dixie cups full of water and placing them inside the building in front of every entrance to the building. Harmless yet annoying and takes up time. A prank isn't life threatening to a degree of sorts.",2024-12-14T12:44:42Z,0,0,en
UgyyAR06ppF9LAhHUk94AaABAg,@gatorbait9385,"Please report on the demon called Crystal Magnum. This liar and murderer will probably be out of jail in no time, but she needs to stay in prison for the rest of her life for her lie 18 years ago.",2024-12-14T12:42:27Z,0,0,en
Ugzkfvo74EkEagomtvZ4AaABAg,@FotoFarmPFE,Stupid is as stupid does.,2024-12-14T12:42:18Z,0,0,Other
UgyZsnrCwDuoWxse1FN4AaABAg,@RS250Squid,"As soon as Tiktok is banned, I expect the collective IQ of its former users to jump by 20 points.",2024-12-14T12:41:23Z,0,0,en
UgydrWm7l1jaVRYNtYl4AaABAg,@adarkangelproject,So this is what a college education puts out. Made it that far and still dumb. Did the double agent get the sheep to do this stunt. 😂,2024-12-14T12:39:44Z,0,0,en
UgxIbNt575BNu7DHp_h4AaABAg,@kingkev6338,Dumbies didn’t even take a pellet gun and spray paint it black to do this???? This world gone soft……,2024-12-14T12:39:32Z,0,0,en
UgznvJjSbZziw_rULsl4AaABAg,@aromaladyellie,A mass shooter prank is incredibly dangerous. It desensitises people to them and makes them think it might not be real.,2024-12-14T12:39:02Z,0,0,en
Ugxu-BbTt8PNi84Dx3J4AaABAg,@tristan3028,"2:51 ""This is a good time for parents to talk with their young adults."" These are adult college students...... why the fuck would they need mom to tell them ""hey 22-year-old son, that's not a good idea.""",2024-12-14T12:37:28Z,0,0,en
UgyTxn6sybLHvfF6WSR4AaABAg,@Mr_NB628,"Unfortunately, we do not live in a world of zero tolerance. We live in a world of 100% tolerance.

A world of 0% tolerance would mean that as soon as the first school shooting happened laws would be changed nationally so that it could never happen again but all we get our “thoughts and prayers” that’s 100% tolerance",2024-12-14T12:37:14Z,0,0,en
UgxUTC0KPB-yK2ggsRx4AaABAg,@shabazz717,Common sense isn’t to common in 2024,2024-12-14T12:35:10Z,1,0,en
UgyMkpFa5GhcsoxAv2R4AaABAg,@Chupi_783,Please do a follow up on the 21fst,2024-12-14T12:33:43Z,0,0,en
UgxECxja3J6Lv5zNiHF4AaABAg,@MrZombieUK,"Play stupid games, win stupid prizes.",2024-12-14T12:32:45Z,0,0,en
UgzkMfM-sUvAJjzJFYZ4AaABAg,@Tentacl,"Teenagers at the university? Nah, adults.",2024-12-14T12:31:54Z,0,0,en
Ugxy5T0Rh38ioPkaWcl4AaABAg,@GlassesnMouthplates,"""Try not to get shot by the authorities and have your injury/demise celebrated by the Internet"" challenge.",2024-12-14T12:29:54Z,0,0,en
Ugx9DFfkUkrkAedx3st4AaABAg,@Prplpassions,These people to learn what a prank is. This is not it.,2024-12-14T12:29:31Z,0,0,en
UgxeIKoPKzOWXx9LPHB4AaABAg,@Rhae-s9f,"Éso no es una broma y lo que abran sentido las personas ahí,  tampoco es gracioso. Las Acciones, tienen que tener conciencias.",2024-12-14T12:28:21Z,0,0,Other
Ugy6-EcGxLIIRsKKsk14AaABAg,@Steve-ou8nw,"There's little to analyze, it's basic monkey see,  monkey do.",2024-12-14T12:28:05Z,0,0,en
Ugys6WKs86LlzyyXPbp4AaABAg,@T____W____7777,"I’m going to sound like a boomer, but I’ve seen a rise of tip toeing around punishment and accountability snd a rise of whatever the hell this is. And I’m starting to think that people don’t think about the consequences to their actions and this is the result.",2024-12-14T12:28:03Z,0,0,en
UgyQW-sqwuCEne6SANJ4AaABAg,@Runethe,"*Looks back to days of planking*

Perhaps I treated you too harshly",2024-12-14T12:27:57Z,0,0,en
UgzV_uktH2BrFDR1BZp4AaABAg,@fartinthewind933,This is a display of the immaturity of our society.,2024-12-14T12:27:34Z,0,0,en
UgzyELba_ylLouO_pXF4AaABAg,@jimmon89,"""Wait! My actions have consequences? Since when!?""",2024-12-14T12:27:07Z,0,0,en
Ugx2YnCa9_uPM7SnMaN4AaABAg,@derBenIsPlaying,"This is peak brainrot, actually. Kids committing crimes, advocating and instigating crimes and injuring and bullying each other for views, what a cooked generation indeed.",2024-12-14T12:23:45Z,0,0,en
Ugyxoyuv3LVbVaFFfzV4AaABAg,@cinemoriahFPV,Go to jail hack.,2024-12-14T12:22:22Z,0,0,Other
UgydrqdL5DjLuHQVf3R4AaABAg,@Moefongoe,Mug shot looks authentic like real psycho,2024-12-14T12:21:57Z,0,0,en
UgxVAu5UwMJ4rHR135R4AaABAg,@fartinthewind933,"""And a hero can take you out"".  Damn fucking right!   Most powerful sentence said in this whole video right there my friend. We need more of those heroes.",2024-12-14T12:21:43Z,0,0,en
Ugz7KSBftlOZW1tDub14AaABAg,@agmcroom2374,"Monkey see, monkey do.",2024-12-14T12:21:07Z,0,0,Other
Ugx7KfP9_0mIRoMJO7F4AaABAg,@trevorpearlharbor5171,"These pranks happeb because we live in a society thats gotten used to being rewarded for it. If more people called out these pranks as idiotic, you'd see far less of them.",2024-12-14T12:20:01Z,0,0,en
UgzVVd0pl52BCcEXlft4AaABAg,@dan_kay,"Just ONCE I want to read a title like ""TikTokers convicted to 10 Years in Prison For This ""Prank""..

""Facing"" means nothing. Slap on the wrist, fine, just like it is anywhere in the world. First offense: Not a big deal.
Furthermore, there is no follow-up later when they actually get their fine of 30 bucks instead of ""10 years in prison"". But ""30 dollars fine for prank"" just doesn't sound that cool, I get it.

Journalism is dead.",2024-12-14T12:19:55Z,0,0,en
Ugy5hEjanw6d57LaXhl4AaABAg,@fartinthewind933,Bye-bye tick tock,2024-12-14T12:18:48Z,0,0,en
Ugxu327IZ27VwEr1EQp4AaABAg,@patrickvelazquez3419,"look i think its cool that a chinese developer managed to make a great game, but the ccp has a golden share meaning they can see all of the internet interactions between people have and arrest said people, i find it near imposssible to believe ccp does not control tencents content even internationally, remember how kung fu panda was a better representation of chinese culture than the ccp could make because of their censorship.",2024-12-14T12:17:17Z,0,0,en
Ugx_M2DpiKJAACkDMeR4AaABAg,@patriciau6277,The goal was to keep kids in a state of terror,2024-12-14T12:15:03Z,0,0,en
UgxkO9jbwIyd766nVkV4AaABAg,@dc6233,"I was a teenager in the 80's, we never did the stupid ass shit people do these days. Maybe it's because we didn't have phones and apps...",2024-12-14T12:14:42Z,0,0,en
Ugz1U4hAYSrr4dVb1xN4AaABAg,@jeankitten3685,"Yeah , they think that pulling a bad joke or crime saying it’s a “prank “ will save them . 💀 this is why People like Trump and Biden are leading the USA.",2024-12-14T12:13:47Z,0,0,en
Ugy4yyAfdDp1DChAgfN4AaABAg,@ikeaira8701,"It's time to raise the age limit on access to the internet. Idgaf, this is getting out of hand. Make it 21 years old and place the parents responsible if the law is broken.",2024-12-14T12:13:00Z,0,0,en
UgwJEhg0UYmRfDsfkE94AaABAg,@jeffkeim5865,Have them clean gutters and human waste for five years.,2024-12-14T12:12:05Z,0,0,en
UgxG6vOx3BSVc86ZKyJ4AaABAg,@techtiger217,"Unfortunately 😢 I have heard of kids pretending their cell phone 📱 is a gun 🔫 🤯🤯
Love 😍 from Canada 🇨🇦",2024-12-14T12:11:14Z,0,0,en
UgyS58LlHOzGv3R0Tmd4AaABAg,@trophen7240,So they effectively yelled fire…. How long before the other students present at the event sue them……,2024-12-14T12:10:39Z,0,0,en
Ugz_RBdBXj-HSr5JkI94AaABAg,@mrcommonsense9074,Everybody get on ground !!!!!  Swat crashes through the wall  !!!!   Wait it’s just a prank !!!!    Swat falls on ground cracking up !!!  Ok you guys can go .  You so funny !!!  Haha we know,2024-12-14T12:07:40Z,0,0,en
Ugx9jog7fUU75qSECIF4AaABAg,@matt92hun,I just realized that pretend school shootings happen less often in that country than actual school shootings.,2024-12-14T12:06:48Z,0,0,en
UgwL6eyhuC9If3Vao894AaABAg,@jonosterman2878,I remember when I lived in Colorado this kid did a similar prank but staged it with actual blanks and blood squibs amd people really thought a murder happened.,2024-12-14T12:05:58Z,0,0,en
Ugxy6b0elYRvN56D5Cx4AaABAg,@NotaFrom99,Eventually someone is going to start a “unalive challenge” where they just die for content and these influencers will eat it up,2024-12-14T12:05:07Z,0,0,en
UgyHCXlCNjrjgzalrVx4AaABAg,@malkavian6,How could you think that is funny or a good thing or funny thing to do. With the gun culture down there and how many school shootings you guys have - i cannot believe that they would do this. How insensitive and absolutely disgusting.,2024-12-14T12:05:05Z,0,0,en
Ugw8rv1MVrKGDCjzsrF4AaABAg,@jarrodschaller5963,Humankind is very clearly not ready for technology like the Internet...,2024-12-14T12:04:34Z,1,0,en
Ugx4hNVjNAT12xBH73J4AaABAg,@SleepySloth2705,"TikTok should just be banned worldwide, it has done nothing but enable pdfiles and idiots, it has nothing of cultural or societal value.",2024-12-14T12:03:36Z,0,0,en
UgzJ8inrS_ZOzYav28p4AaABAg,@ILoveRedPandas95,"One teenager was arrested for slapping her teacher 
Who said she only did it because of a tiktok",2024-12-14T12:00:23Z,0,0,en
UgykTG3AOr9_RczASvp4AaABAg,@YaBoiJern757,"Guarantee, there will be new legislation in the coming year or, so about stuff like this That will hopefully result in jail Penalties for people who participate in this type of bs",2024-12-14T12:00:06Z,0,0,en
UgzAMWTfjmd2V-iBiih4AaABAg,@YaBoiJern757,This clout culture is something that's way out of control.And to be honest i've seen it coming years ago,2024-12-14T11:59:37Z,0,0,en
Ugy7MtDr8VtAqiqHsiJ4AaABAg,@SavageSewage,if the adults aren't going to take gun laws and school shootings seriously then how can you expect the kids? For a country that would rather teach kids how to hide from a school shooter rather than tighten gun laws coz of the small dick energy you reap what you sow,2024-12-14T11:58:43Z,0,0,en
UgxGiY98enk0Arl_dZl4AaABAg,@fastcactus,Yeah nah this not cool as someone wit ptsd I can see this very well leading to many students wit trauma to have panic attacks and mentally shutdown for weeks triggering thier trauma so nah these kids brain dead,2024-12-14T11:58:33Z,0,0,en
UgzsQiCsZzvN68XXzB54AaABAg,@RonnieStanley-tc6vi,Now they get to see about the prank they do in prison that involves dropping the soap.,2024-12-14T11:58:05Z,0,0,en
UgxMZul4vF4Sv_0W6yp4AaABAg,@MultifandomNerd69,Its not a “trend” the news considers one viral video a trend 😭😂Theyre just usuing tiktok as a excuse for their own masterful dumbassery,2024-12-14T11:57:52Z,0,0,en
Ugy2QME910WGO7BL3Cx4AaABAg,@wildr.nature,"Jeder der die jungs am ende kennt bitte macht zu den clowns der schule, doe sollen mall klar komm",2024-12-14T11:54:37Z,0,0,Other
UgwkmVyqhz4doHYB3-h4AaABAg,@feirinn,"🤦‍♀️ oh my god, when I heard they ordered people on the ground…how STUPID can you be?? Dumb youth is only an excuse for so long, these kids grew up in the era of school shootings, they should be aware of how horrifying the reality of their “prank” is",2024-12-14T11:54:32Z,0,0,en
UgzEXmqjzzeIMQDSh9F4AaABAg,@Importol,Noway timothe shalamoe is going to jail,2024-12-14T11:54:20Z,0,0,en
UgyuL7VGesomFJX5Sph4AaABAg,@DroneStrike1776,These progressive liberal students don't understand actions have consequences.,2024-12-14T11:53:57Z,0,0,en
UgwgfuKbkrfkePYPV6t4AaABAg,@SunTzuMedia,*death penalty,2024-12-14T11:52:04Z,0,0,en
UgzkNPmXZPsSIHB3wcx4AaABAg,@NorfTec,"Reminds me of my favourite quotes, “never underestimate the predictability of stupidity”",2024-12-14T11:50:43Z,0,0,en
UgzMofCfDlBSD2lCEuB4AaABAg,@theplayzpaidoff,This is why I stay to myself most the time. [^_^],2024-12-14T11:50:40Z,0,0,en
Ugz2bsBUDiSknBbD3E14AaABAg,@DaMoniable,"""This is a good time for parents to talk to these young adults about the-"" HOW?!
How is this the good time? Why is there ANYone saying that *now* is the good time to do it? These are adults. They are in university. There is no other country where any of this would EVER be acceptable, even if it happened in a highschool setting. This is ridiculous! If you have to sit down with your adult offspring to teach them something that they should have learned TEN YEARS AGO, then MAYBE you should also consider that youve failed as a parent while youre at it.",2024-12-14T11:49:08Z,0,0,en
Ugz7jCZ49L6HgmXd3uZ4AaABAg,@FederalOverlord,These are the same people who think TikTok is being banned for no reason 😂,2024-12-14T11:48:36Z,0,0,en
Ugz8IOp97QFt7SIe-CR4AaABAg,@alderoth01,Thats what some people think is funny. Hope they enjoy jail.,2024-12-14T11:43:49Z,0,0,en
Ugz04s0qFsZMc7CGWMd4AaABAg,@stevengreenstock6095,"Play silly games, win silly prizes",2024-12-14T11:42:56Z,0,0,en
UgyqVRwiLXjFL6cj3Rh4AaABAg,@mykeymic7934,Besides being expelled. I hope these two are punished to the full extent of the law. They need to be made an example of.,2024-12-14T11:41:10Z,0,0,en
Ugw6HS3CcBzYsKceu0t4AaABAg,@Pokey686,Professor Atozy sounds good,2024-12-14T11:40:00Z,0,0,en
UgyxfGOntQmlUKzL5cF4AaABAg,@killak2death,"I still have yet to see proof of sandy hook, nothing but videos of smiling, laughing parents who supposedly just lost their kid, it was all thrown under the rug, nobody investigated anything, theb you have the charleston church, and again, smiling, laughing and saying they forgive the shooter  A DAY LATER, after their mother was just killed, but nope, no tears, no actual emotion, does noone remember this??",2024-12-14T11:38:44Z,0,0,en
Ugw_Qf96uyYnsslOojJ4AaABAg,@blickiminjaj9162,Keep arresting. When I was in hs I had a threat at my private school in freshman year. He has arrested and was a foreign exchange student who was bullied. Joe ride bike. I’ll never forget the nickname. Bc his name was Joe & everyday he rode a bike. But I also was in school too when Nick was apart of the many many shootings that year. There were so many. Home or not tiktok or not this type of thing ISNT a joke & shoould get harsh punishment bc theese ppl KNOW & are so stupid,2024-12-14T11:38:34Z,0,0,en
Ugyx_LUBJ2JMsuu73J94AaABAg,@AndrewTheVikings,There goes their 20s if convicted.,2024-12-14T11:38:02Z,0,0,en
UgzPU4kIrxfsPY_QHdZ4AaABAg,@ninavale.,"Ah, yes doing this prank in today's US of A...where these kinds of things happen on regular. Brilliant idea! Like..how does someone think that this would go over well and people wouldn't treat it seriously?",2024-12-14T11:37:52Z,0,0,en
UgzVLrckEHLDhgVhF3R4AaABAg,@sptony2718,"It's quite simple: If you ask yourself: ""Would an idiot do that?"" and the answer is yes, then don't do that thing.",2024-12-14T11:34:43Z,0,0,en
UgyhtSCPf5LRb1QU_o94AaABAg,@colinmoore7460,They could have gotten themselves killed!,2024-12-14T11:34:28Z,0,0,en
UgyX_7MSPNEjPAzAF6B4AaABAg,@NatePossibilities,"How do you pretend to hold a gun?

To quote Yoda or Mr. Miyagi maybe, ""there is no try; there is only do or do not do.""",2024-12-14T11:33:51Z,0,0,en
Ugx_-PezWbCaBFqwYX94AaABAg,@Controlaltdesign_6,Dude this is so old ''prank'' Neg Urban Sports from balls of steel done it on TV in the 2000's,2024-12-14T11:33:27Z,0,0,en
UgwxwDvGZTKn9-RJYPF4AaABAg,@retiredcolonel6492,"“We live in a time of zero violence on school campuses…” I’m in my 60’s and I can’t recall a time where some violence was okay. People should think before they speak especially a spokesperson for a university. TikTok, Chinese owned, is a major factor in undermining our society. I oppose banning a media source due to my respect for 1A but TikTok needs to stop these harmful videos. Perhaps large fines from the FCC would help.",2024-12-14T11:32:45Z,0,0,en
UgwEh2uoWTb7MFRHEKR4AaABAg,@rain_man330,Putting “prank” at the ends of crimes doesn’t void the crime you committed,2024-12-14T11:31:10Z,0,0,en
UgyU5NY9wYRGO6VUxQ94AaABAg,@Bayne78,Are you wearing a wig?,2024-12-14T11:30:17Z,0,0,Other
Ugz4WF56heltKJfNH_N4AaABAg,@youngbrutus4901,common sense has left the building,2024-12-14T11:29:49Z,0,0,en
UgyXjLxyY1e4dQZN6R14AaABAg,@nickknight5543,No sympathy for these punks.,2024-12-14T11:29:21Z,1,0,en
UgxkzQGvh7y1wkgFBqR4AaABAg,@nyg1984,Enough of these pranksters that try to make a living out of causing distress and terror on unsuspected people just to rack up views for their social media platforms.,2024-12-14T11:29:20Z,0,0,en
Ugz164q0n6CDI-y1E-l4AaABAg,@chicosticks,All the poon-poon they're getting now is worth way more than 50k ,2024-12-14T11:28:46Z,0,0,en
Ugx-4zOXDh6Ui4mP1dh4AaABAg,@highestcreations276,I’m so incredibly happy that TikTok is getting sold to an American company or just outright being banned it’s absolute brain rot for ignorant idiots. I can’t believe there’s actually school shooting “trends” on TikTok now.,2024-12-14T11:28:34Z,0,0,en
Ugw-txlpDeq1hn_fiyh4AaABAg,@adamsaenzjr.8181,"Call losers Losers again, please",2024-12-14T11:26:41Z,0,0,en
UgwoTsUI0YD8GGSQSUJ4AaABAg,@hlvr123,"Something similar happened here in the Czech Republic a few weeks ago. Two students in an university simulated a shooting at the university while shouting ""Allahu Akbar""",2024-12-14T11:25:03Z,0,0,en
Ugwns-GAoqwCZuHLS5J4AaABAg,@Lykanthrop11,"i dont get it: how can you wake up in the morning and think: HEY DUDE!!! LETS DO THAT PRANK WHERE PEOPLE COULD HAVE REAL FIREARMS!!!! SOUNDSLIKE A GREAT IDEA!!!""",2024-12-14T11:23:57Z,0,0,en
UgxGXZkO-zIDs7OYz3V4AaABAg,@Charles36.,This should be a automatic 10 years in prison,2024-12-14T11:23:01Z,0,0,en
UgyKLW0WuqBvoLUjgIZ4AaABAg,@4rch0711,Maybe they say Tiktok is for kids because things they do there are only for kids that can't be jailed yet,2024-12-14T11:20:21Z,0,0,en
UgyAGE2Hj6CFRmpTXC14AaABAg,@MrPoppshot,College is turning into highscool.,2024-12-14T11:19:50Z,0,0,en
UgxnWF5vtq-ljXXmItp4AaABAg,@EonNite,"""Misunderstand the situation"" is such a funny phrase when the intent of this kind of ""prank"" IS to make the victims feel shock, fear, and panic. They got the exact, desired effect they were looking for, and had they been hurt and killed over this, that too would have been the expected result.",2024-12-14T11:19:43Z,0,0,en
UgzTWYv7vmsNVXa01Kx4AaABAg,@Arodriquez,I just love seeing morons ruining there Lives it brings a warm joy to my heart 🤣🤣🤣 you can tell it was Nathanael’s idea the Asian dude brought shame on his family and ancestors 💀🤣🤣 I hope they keep these idiots locked up to teach the other dumbasses to think before doing a “prank”,2024-12-14T11:19:40Z,0,0,en
UgyBqohBFErUvLspyYJ4AaABAg,@cdnrednek1027,The higher educated show they're IQ scores once again.,2024-12-14T11:19:20Z,0,0,en
UgzaGI7LXrbLiJe3XlF4AaABAg,@1momof03,I’m new to your channel.  I’m enjoying your videos.  Keep it up!,2024-12-14T11:17:24Z,0,0,en
UgydETLNwf_KbEs8YK54AaABAg,@kawaigentzler1473,Yall white people need to figure it tf out,2024-12-14T11:16:07Z,0,0,en
UgzgdorEYlgl7lZvM9t4AaABAg,@Ms.K305,I can’t wait for that app to be banned,2024-12-14T11:15:14Z,0,0,en
Ugwl1BwcfMKnZviNPZR4AaABAg,@burtringo7100,"Even children in elementary school knows that ""my friend told me to do it"" doesn't cut it",2024-12-14T11:14:25Z,0,0,en
UgzpSuIWsssdf_aPakB4AaABAg,@gaaraofthefunk2011,And people wonder why tiktok getting banned,2024-12-14T11:13:43Z,0,0,Other
UgyXtJLabiOL1Fiy9ER4AaABAg,@kickingfatality,No. They should face ramifications for this for the rest of thier lives. No forgiveness for crap like this.,2024-12-14T11:13:38Z,0,0,en
Ugxt36ng259OxArk6GF4AaABAg,@minortoterona2947,"no no no. not criminal repercussions
more like COULD SOMEONE KILL\HARM you JUSTIFIABLY for what you gonna do...",2024-12-14T11:12:17Z,0,0,en
UgwC240GZvnM8CGi6KZ4AaABAg,@im7254,darwins award,2024-12-14T11:11:59Z,0,0,Other
UgxSu8xOIKF0xMPJrIZ4AaABAg,@RobFeldbauer-qt3bm,"At Langley High School, we had kids selling guns from the lockers, and no one ever got in trouble, even when found on premise, and our metal detectors were not hard to get around(both literally just walk around it, or slide the gun in parts under your shoe and pass it to your 1st buddy while they check and pull you out) and there you go! You get the guns through lol",2024-12-14T11:11:51Z,0,0,en
Ugwk4Q6qf7k-sQ7meUd4AaABAg,@KingofFlukes,It makes me wonder though that they are just using TikTok as an excuse then why not just say that they were staging gun viloance as a form of protest to bring about gun viloance awareness? At least *some* people would get behind them.,2024-12-14T11:09:45Z,0,0,en
UgxjAKwcH79jTHZUTp54AaABAg,@CtrlAltFinito,6 months in jail and 100K fine would be a nice start to shake them up.,2024-12-14T11:07:42Z,0,0,en
UgzDh49ZUnOnjaQB3Uh4AaABAg,@ewarwoowar9938,They should count themselves lucky they're not being charge with terrorism offences honestly.,2024-12-14T11:07:18Z,0,0,en
Ugx1frIsQ-YMeQ9fcIl4AaABAg,@Oliver-jg8og,"University education, you can't beat it.",2024-12-14T11:06:22Z,0,0,en
Ugx3d24YxfJpx76IAQ94AaABAg,@andreaswehrmann365,Time to finally ban this shitty platform for the entire western world,2024-12-14T11:04:43Z,0,0,en
Ugz_TvS9c2-M7pDOAR54AaABAg,@michaelvandelden563,"at this point i say: do these dumba$$   ""pranks"" go to jail for 10 years, lets see how long these  ""challenges"" last....",2024-12-14T11:04:09Z,0,0,en
UgwTuBn0Xmvb8uORFcR4AaABAg,@tripleh327,The level of blatant stupidity involved into pretending to do  a School shooting in America of all places is beyond What I can imagine,2024-12-14T11:02:53Z,0,0,en
Ugzl2uA9bWcj26E2Xnt4AaABAg,@hoilaiken,I remember when kids did planking or the harlem shake. How the f did we get to shooting trend?,2024-12-14T11:01:55Z,0,0,en
UgyUysq4TGwJDfnqdJt4AaABAg,@Tsukasa1929,Tik tok the paradise of id10ts,2024-12-14T11:00:42Z,0,0,en
UgxREmQBX8OuRVcGHV14AaABAg,@bumheadfilmreviews,It's funny watching young folk realise that actions have consequences 😂,2024-12-14T10:59:16Z,0,0,en
UgxxXqcjvOXrK877g8J4AaABAg,@ibc5520,Ban tiktok...,2024-12-14T10:58:58Z,0,0,Other
UgzZpsWtsAkGHgHl7pd4AaABAg,@JMcMac4t,"Revenge of the nerds… pathetic and dangerous.. No excuses, but I ask who raises such juvenile young men, clearly not ready for college, let alone life.",2024-12-14T10:58:57Z,0,0,en
UgzxGXxaTv53H8B4zV54AaABAg,@berner,"What did they get, $25 bucks for it?",2024-12-14T10:58:17Z,0,0,en
UgzV1b0TlsaOK7uLyAR4AaABAg,@trixxiedixie6800,"I remember when pranks were harmless fun things you can do with friends, but no now people use it has an excuse to harass, humiliate, bully, and threaten people",2024-12-14T10:58:13Z,0,0,en
UgzCiwtzw86WwGW7kHp4AaABAg,@mildot6.5,"What's next, hitting someone in the face with a shovel? IT'S JUST A PRANK!!!",2024-12-14T10:57:38Z,0,0,en
UgwR5sVPo7_t36TOOO94AaABAg,@merepekar,"They fuck around, they found out. Fair.",2024-12-14T10:56:46Z,0,0,en
Ugy5sknKiKxSf8Mjb7F4AaABAg,@TheRealCalypso,Remember when they wanted to ban TikTok. Remember all the docu videos claiming TikTok outside china just promotes degeneracy. Remember how people protested the ban. These kids are cooked. Anyone that loves their kids won’t allow them online until the frontal lobe fully develops,2024-12-14T10:55:49Z,0,0,en
UgxlPrCf4eMe-67oOb54AaABAg,@lordofchaosinc.261,"Where I am from university access is limited by what's also called a maturity certificate. Meaning it's assumed people who take up studies in earnest have an entry level of self control and intellectual responsibility. Sometimes it seems students just extend their childhood, throwing tantrums, playing with guns etc and are surprised they're treated as adults.",2024-12-14T10:55:23Z,2,1,en
Ugy8JtZbLxjYvP6cd1p4AaABAg,@tommyl7549,😁 Cool.. that'll  teach them...,2024-12-14T10:55:00Z,0,0,en
Ugzc6U-_FgprBneq7Fd4AaABAg,@MissInformer,"I say this on any video reacting to these ""pranksters"": prank and abuse are NOT synonyms.",2024-12-14T10:52:50Z,0,0,en
Ugw0joVl6gHatQ40VAR4AaABAg,@Mega866,Full penalty. Shouldn’t even be a debate. These two virgins for life knew what they were doing and should be used as an example to not f around.,2024-12-14T10:52:29Z,0,0,en
Ugy8Y6FoX1RCEuuXK594AaABAg,@cesaravegah3787,"Tik Tok is a Chinese company which is banned by the CCP to operate in their country and yet is encouraged to do as they wish on the USA, is not conspiracy theory any longer, America enemies are using social media to undermine society.",2024-12-14T10:50:54Z,0,0,en
Ugw4tqhpIzQieF32j4R4AaABAg,@lineage254,Iam amazed that in usa they did not get shot,2024-12-14T10:49:39Z,0,0,en
UgwM-MfawqX1vyWNp714AaABAg,@coreyzek,"Honestly I'm sick of all these ""pranksters"" and ill-behaved punks ruining school and society for the rest of us - having to be smacked back into reality, I'm ready to just stop sharing condolences for the idiots that win the Darwin awards. Honestly, bye Edgar's. 😅",2024-12-14T10:48:52Z,0,0,en
UgyjjtBbuYY7x-1YSJR4AaABAg,@GReLLz2497,2:10 followers bro.,2024-12-14T10:47:00Z,0,0,en
Ugz2215GQ1Niuk8X_zJ4AaABAg,@bingsterc7621,Young adults?…They’re still F-ING KIDS.,2024-12-14T10:46:19Z,0,0,en
Ugx1jkTtJbYNrGxkisd4AaABAg,@n.r.8719,We just drove through drive throughs in reverse back in my day. Crazy.,2024-12-14T10:45:37Z,0,0,en
UgyJ7rPK0T5pT4wVKrd4AaABAg,@cesaravegah3787,Good.,2024-12-14T10:44:05Z,0,0,Other
Ugw6vfF3ki-E-GrEnUV4AaABAg,@DepthWish,"Storrs, CT is even more bored than it was before.  Unreal.  In my day, someone or multiple would have jumped on those guys and it wouldn't have been pretty.",2024-12-14T10:43:10Z,0,0,en
UgxH-RpiSnKrXENkNxR4AaABAg,@SqBGhost,"In the past, you would have dedicated facilities for nutjobs like those, but alas they were deemed offefnsive and closed down across the board.",2024-12-14T10:41:50Z,0,0,en
Ugy2vMhZcU_Gl1ahDex4AaABAg,@iori1303,Doing any kind of weapon prank is literally a death wish in a country that has more fire arms than citizens...,2024-12-14T10:40:39Z,1,0,en
UgwsyeBkqmOt_yx7QrF4AaABAg,@pigebear,Haha you lost your parents money  hope you get jail justice,2024-12-14T10:40:15Z,0,0,Other
UgzUOLolCDAyoltvuKR4AaABAg,@pigebear,Obviously  you do not need a brain to go to college,2024-12-14T10:39:06Z,0,0,en
UgyRnqwf6Lxb683r2ad4AaABAg,@perry92964,the superman thing is akin to lucy pulling the football away right before charlie brown kicks it,2024-12-14T10:39:00Z,0,0,en
UgzOAwxyD-eXZC-ZiMl4AaABAg,@jakospades7184,No way your audience is under 30 at all. We arent doing these trends lol,2024-12-14T10:36:02Z,0,0,en
UgzAZfH67MztXWCG_hF4AaABAg,@SaltyFCraker,"If someone did a prank like that on me, I definitely be doing a little bit of community service on them 🙃",2024-12-14T10:35:05Z,0,0,en
Ugw3nAcABudUQ3QTQMN4AaABAg,@alexburgos9765,Banning tic tok it’s best,2024-12-14T10:34:57Z,0,0,en
UgxY7QByjsjTI-koNU54AaABAg,@cipherzx1,"Anytime someone says who commits a crime and says it's a prank should be put straight to jail if they are of age, or do couple of years of community services.",2024-12-14T10:34:34Z,0,0,en
UgwRXBQuWA-ONY-HVzh4AaABAg,@oluskloc,"Prank is when something is funny for both sides of it (might be surpising at the beggening but at the end everyone laugh). Maybe little bit annoying to someone but that's it. Maybe silly or scared for a moment. And unharmful at the end. 

Like blasting song ""by accident"" in library or show pic of broken tv when tv is not broken to owner, putting something embarassing on the screen etc. just simple examples. Not aggrivated assault or other crime. Especialy with violence and weapons. Not destroying property. Not injuring someone.",2024-12-14T10:34:30Z,0,0,en
UgynAPtiQ0GdYjfsGvN4AaABAg,@MagnaRyuuDesigns,Are these two dumb.  Do they not know that the videos on TikTok are set up and controlled so no one thinks it's real?,2024-12-14T10:33:07Z,0,0,en
UgyNtR2FB7KXI_wQpRt4AaABAg,@imScottIronmonger,"Social media really does make people idiotic! 🤦‍♀️

imScott
🤓🤓",2024-12-14T10:32:12Z,0,0,en
UgwrtgAnl-qZRjJVdCl4AaABAg,@therealajnelson,"Hm. Was it a ""prank"" or a dry-run?",2024-12-14T10:31:49Z,0,0,en
UgwYAugQcMFWfj8UZzN4AaABAg,@agent_smith...,This is the dumbest generation I have ever seen. Their parents or whomever is paying for their schooling should get their money back and ship them off to the military.,2024-12-14T10:30:52Z,0,0,en
Ugwj1D7ZZ9MD4M0Stqt4AaABAg,@dudefree6240,If you are a guy and do a tiktok you are not a guy you are a gay,2024-12-14T10:30:05Z,0,0,en
UgwGwweQ9kY4VjmFW-N4AaABAg,@visentfalcon2192,7:10 dude teleported mid interview,2024-12-14T10:27:42Z,0,0,Other
Ugz3McI2Ao5LwETJgnF4AaABAg,@MasterOfViewership,That isn't a trend. That's the ONLY video I know of with a false flag domestic terrorist act,2024-12-14T10:25:37Z,0,0,en
UgxRDgwXktgAMdj4ph94AaABAg,@DarknessDust,"Oh, you want an example of the Superman trend? A kid in Belgium is in hospital because of a head injury because of that thing, and I doubt they're the only one.",2024-12-14T10:24:39Z,0,0,en
Ugx66fTaVq1o8iS8PhZ4AaABAg,@MasterOfViewership,"But it was just a prank, bro",2024-12-14T10:24:37Z,0,0,en
UgxtQJbDkvZq3LI5AW14AaABAg,@knightalot,Put them in jail so they learn a hard lesson 😂,2024-12-14T10:22:59Z,0,0,en
Ugy28RoDXbUgNOD_rzx4AaABAg,@dnahubs,"They're still lucky.  It could have been a lot worse if there was some in the dining hall whether staff, or student who has a medical condition triggered by stress/anxiety or if someone decided to fight back.  It truly boggles the mind just how foolish and stupid so many people are these days.",2024-12-14T10:22:44Z,0,0,en
Ugx1G2gzC-3SXgutqWh4AaABAg,@NoggintheNog37,A prank used to be something that made everyone laugh. The big problem is pretending prank means using other people for your own content. That is just being adick.,2024-12-14T10:22:29Z,0,0,en
Ugz7MLEB6jwGukdrcet4AaABAg,@bigcat99100,"Redditors, for sure😂",2024-12-14T10:21:49Z,0,0,en
Ugxh1dtl8FEHI08AC394AaABAg,@Poison_narcotic2,Proves all social media is a disease on society,2024-12-14T10:21:18Z,0,0,en
UgxvqoihiFXaxr8fUap4AaABAg,@Troint,Australia has the right idea… brain rot app,2024-12-14T10:21:18Z,0,0,en
UgyCcdUT-lHKHpcvgId4AaABAg,@WobblesandBean,This is why women outlive men.,2024-12-14T10:19:46Z,0,0,en
UgxobLnk3QvLcRkopp94AaABAg,@Johnny-eh3if,Good reason to ban Tic Toc,2024-12-14T10:19:23Z,0,0,en
UgwAj9LcZGkLLUozDAp4AaABAg,@Yesnog05,"I remember being a freshman in college at the dumb age of 18 and the dumbest thing I've ever done was go to a house party, get stupid drunk, and call my parents to pick me up. But this is such a new level of stupidity that the writers of Idiocracy would be jealous.",2024-12-14T10:18:38Z,0,0,en
UgxWaU6g61fIDRa7BYF4AaABAg,@Brian-Cherry,"We as mankind have to recognise, the USA has home serious mental health issues. That as well as treating young adults as children.",2024-12-14T10:16:47Z,0,0,en
UgzldjcA-OqM25nydJx4AaABAg,@pussheen3597,"Can this not be a ""prank"" or ""trend"" please?",2024-12-14T10:13:03Z,0,0,en
UgyHnqBWXVmcGRQoond4AaABAg,@Resident_Legal,I'd give them life without parole!,2024-12-14T10:12:19Z,0,0,en
UgywrmgM36segpSuf-d4AaABAg,@ravenlockhart0925,Idiots like this are going to be the final push that gets tiktok banned,2024-12-14T10:12:00Z,0,0,en
Ugw4ZdqxHI8udUSlYud4AaABAg,@hurleyboy9334,"""you can't hold me responsible for my actions, it's trending on TikTok""!!",2024-12-14T10:10:31Z,0,0,en
UgzcXvN3F2BW5UYL2E94AaABAg,@jimg5669,"Max Stupidity. It occurs in every genre, I thought Tide Pods hit that mark with the TikTok.   😡
But it's like swatting, these offenses need to be charged and punished much more severely before they become worse, nd mainstream.
Or... they hoped to become the next Johnny Somali. Which is patently stupid in its own right.   😡",2024-12-14T10:10:04Z,0,0,en
Ugx5lo6Oo8U3Dh4nPXF4AaABAg,@wowbaggertheinfinitelyprol6262,"Tik Tok is a little gift from China to the West, to enable us to destroy our own civilisation.",2024-12-14T10:07:02Z,0,0,en
UgwgXJF3d5M180GMTFZ4AaABAg,@ForTheFLOL,Cooked on arrival.,2024-12-14T10:06:47Z,0,0,en
Ugw59dP5oQ_Pu3CAJz14AaABAg,@David_Last_Name,"""....please put in five seconds worth of thought before doing a tiktok challenge""  Ok, so i found the flaw in your plan there.",2024-12-14T10:06:17Z,0,0,en
UgwVQ2c92ZIzGT-SjuV4AaABAg,@jessemacleod8636,"I.Am.So.Surprised.This.happened.In.America.

🙄🙄🙄🙄🙄",2024-12-14T10:05:44Z,0,0,en
UgyuKnLhw9kO83UqSUd4AaABAg,@SUBJ3CT_M4YH3M,Social media for children is brain rot! This generation is proving it.... Unbelievable!!!!!,2024-12-14T10:05:06Z,0,0,en
UgwXL8DEyBropWQvtvR4AaABAg,@informitas0117,I honestly want to hear their line of thinking. How can you possibly be so stupid.,2024-12-14T10:04:55Z,0,0,en
UgzB0vDV2zvAC5M4_tN4AaABAg,@UCXnzA,Thanh Bao destroying the stereotype that Asians are all smart and hard working,2024-12-14T10:04:38Z,0,0,en
UgxlEhkbjpn8LtOv9bV4AaABAg,@noneya7492,I mean you can call it a prank but the prosecuting attorney is gonna call it terroristic threat with intent to cause mayhem or panic and the judge will convict you on those charges in front of a jury but you could call it a prank if you want….  They’re gonna be called the wallet boys in prison.,2024-12-14T10:04:34Z,0,0,en
UgzQB406ufoYMs5dzh94AaABAg,@an_Orange_under_a_Capybara,Fresh tight meat like that in prison? The lads are gonna have a field day,2024-12-14T10:00:15Z,1,0,en
UgyNQw4bSYnyljI8v0x4AaABAg,@Thepapperman,I hate genz,2024-12-14T09:58:45Z,0,0,Other
UgyOoTavk62EHJ_hmLF4AaABAg,@WasabiCalamari,"I think the problem is how easy we go on the youth. all these tiktok trends etc prove to me that the youth of today barely have functioning brains thus they are a hazard to everyone around them. so if they do stuff like this they should be punished to the full extent, or if that's too harsh [it shouldn't be] then the parents should be charged as if THEY did the crime. we can't just not punish people for this stuff when they are literally being a burden to society and being a risk to it also. They are in a country where school shooting are a thing and they are treating it as a joke, that alone should be a worry to everyone in that school.",2024-12-14T09:57:52Z,0,0,en
UgyJamlQR-IPLuFvALp4AaABAg,@momchilandonov,"How did they managed to get 50k $ for the bond? They are just kids, so I guess they have spoiled parents!",2024-12-14T09:56:18Z,0,0,en
UgxLPZ-o4nBd_-EbzDR4AaABAg,@antonydrossos5719,"Daniel Larson was completely unaware when he yelled his online threats months ago, and is still behind bars, and will be staying there at least until his trial",2024-12-14T09:54:37Z,0,0,en
UgwcrAjEmG3FiEn1Ajx4AaABAg,@Steve-k4f5z,"How could anyone, especially a college student be this stupid? Wow",2024-12-14T09:51:55Z,0,0,en
Ugyp5CbGJWu-fD05seV4AaABAg,@LunaticLime1136,A normal day in the US of A 🎉🎉🎉,2024-12-14T09:51:55Z,0,0,en
UgwNyleZHsFMrnjkywd4AaABAg,@Odium_Rex,"Merry Christmas, here’s your prison sentence.",2024-12-14T09:51:02Z,0,0,en
Ugynw_WbSX-0C50hwXF4AaABAg,@anonamus604,"Oh wow...cool how they didn't get shot, what goofy pranksters...way to make fun of those that respect being civil.",2024-12-14T09:50:17Z,0,0,en
UgyGEnyXSOoM6qIZryJ4AaABAg,@cyborgmetropolis7652,The Tick Tok teens are sad now so their tears will provide the sympathy needed to get a lenient sentence.,2024-12-14T09:49:39Z,0,0,en
UgyUH8t1fDSSQAtKv6t4AaABAg,@Northwestrob,They receive no attention and were training before doing the real thing. 5-6 years minimum so they can understand,2024-12-14T09:48:33Z,0,0,en
Ugz0XpsReFZdEWmxXy14AaABAg,@chimyshark,The second one looks like Atozy.,2024-12-14T09:45:05Z,0,0,en
UgylVj_sGSesLLe56JV4AaABAg,@shenanitims4006,"Ehh, that one guy was arrested balls-deep in his victim and he got three-days served and the victim had to pay his lawyer’s fees so that he didn’t feel shame during his first swim meet. So these kids will likely be the Right/Left’s two favorite Youtube stars.",2024-12-14T09:44:01Z,0,0,en
UgxHEGU8fowErqAF7Z54AaABAg,@zeraora2607,Love how their names are obvious 5th generation north american.,2024-12-14T09:43:56Z,0,0,en
UgzngUaLSk4-27lXkVd4AaABAg,@MrMr31ful,"worst prank I ever did was 
egg a car and house when I was 17 lmfao I could never do something that hurt someone mentally or physically",2024-12-14T09:41:28Z,0,0,en
UgwdhEMcDzbYpLwPLTl4AaABAg,@braindead8899,'murica baby youessay,2024-12-14T09:40:34Z,0,0,Other
UgxxAgVR82EQzyHDOYd4AaABAg,@MrMr31ful,"for reference of Tiktok prank was two people went to "" Staged job with their friends and Acted a silly"" context they USED their friends. - not random people who have no idea what the hell is going on - I don't say this to make it right or justify it at all - but one that was Staged at least they did it safely with FAKE gun - the school Uconn incident - real gun, 100 of people lives in danger , no one knew but pranksters - sorry but that's Crimes against humanity",2024-12-14T09:38:48Z,0,0,en
UgzYxoF191YqXPT3M7F4AaABAg,@coybackus7665,if that's your idea of a prank you might be a sadist. that's enjoying the psychological torture of hundreds of people. you need to have a chat with someone.,2024-12-14T09:38:38Z,0,0,en
UgwShPlehOJtbNWYrYB4AaABAg,@lylemcdermott2566,"1:54 . That mofo right there, he would totally do it.",2024-12-14T09:36:39Z,0,0,en
UgxMnmNYJfeWIs8U-hZ4AaABAg,@sonnywoods6846,I don't think this was a Tik tok Trend They did this thinking it would be funny and when they got in trouble they blamed it on tik tok,2024-12-14T09:36:37Z,0,0,en
UgzvBTDcKe5Jia_ZdL54AaABAg,@richardellis4583,I can see this becoming a trend using stupid items like a banana 🙄,2024-12-14T09:36:00Z,0,0,en
UgzLBGY7w7iXH5qbDPR4AaABAg,@jhamps4806,I could understand to a certain degree if they were 14-15 but this was college…! They are 18…! They aren’t kids…!,2024-12-14T09:35:31Z,0,0,en
UgyJtUMu6Y795f9jdvZ4AaABAg,@maxklein7952,So weird that edjucation in the us isnt free,2024-12-14T09:34:56Z,0,0,en
Ugz-m3K65exgwBgEbDR4AaABAg,@Alexwhatisit,"Hot damn, imagine paying 40k just for confirmation that your son’s a moron.",2024-12-14T09:31:58Z,0,0,en
UgxofRFHQBak5PUWLSx4AaABAg,@xtrafunk,"""it was misunderstood"" - bro is clearly paranoid about looking like a narc on the news but wtf have some spine. it's ok to call out horrible ideas for what they are",2024-12-14T09:27:24Z,0,0,en
Ugz4QFvUcEdlpINhCcp4AaABAg,@Alexwhatisit,University?,2024-12-14T09:26:31Z,0,0,en
UgyaiSWjTesolKxfll94AaABAg,@ryansnow1766,"Ah yes the American Stupidization program the Chinese launched 10 years ago is working well. RIP America, you guys had a good run",2024-12-14T09:26:23Z,0,0,en
UgxIrgAUSmegLrqt1d14AaABAg,@tobywonkinoby8916,Absolute idiots.,2024-12-14T09:26:17Z,0,0,Other
Ugy2Xp7WU4SHNPcjnCx4AaABAg,@owomushi_vr,Hopefully Joe Biden pardons them so they can do it again,2024-12-14T09:23:49Z,0,0,en
UgylW_3lr2jQONwbqUV4AaABAg,@StefanHillier,"TikTok continues to do its job - cull the stupid from the herd.

Next up, the running head first into a wall challenge.",2024-12-14T09:23:43Z,0,0,en
UgwCILHB_A-VVJlrmgV4AaABAg,@squidyboy7188,ordinary american kid,2024-12-14T09:23:33Z,0,0,en
UgwzsElrE7eUxnRQmxh4AaABAg,@agnesfruto7686,If they do that in black community. They will get clapped in no time,2024-12-14T09:23:17Z,0,0,en
UgxXt2KAWBwamHUYOXV4AaABAg,@Blue-ht4oq,"Being young isn’t a valid excuse here. You’d have to be mentally unhinged, sociopathic, or both to want and try to pull this terrorizing “prank” off",2024-12-14T09:21:46Z,0,0,en
UgyE_yHEj5wyA-_KVdp4AaABAg,@nancyvillines4552,Where's the school that has zero tolerance? They don't even have zero tolerance for bullies 😂 Especially if it's a football player. Even more so if it's the quarterback.,2024-12-14T09:21:38Z,6,2,en
Ugz45li9U22gihO6wP14AaABAg,@kurtisstutzman7056,"I really miss common sense and common decency in America...! Education, too...!!!",2024-12-14T09:21:14Z,0,0,en
UgxFdlm2gn7DZtTZZ5t4AaABAg,@chicocannon,"Sorry parents need to talk about these things with their kids, weren't these college students?",2024-12-14T09:21:02Z,0,0,en
UgxDmLL_j3eZpAjCLV94AaABAg,@Bobbymaccys,Hearing the phrase “TikTok prank” you know it’s going to be biblically dumb,2024-12-14T09:20:49Z,0,0,en
UgxrmoMOZkxymlpxZ2h4AaABAg,@porkcracklins630,My man double majored in Tik Tok stupidity and mat making. Legend.,2024-12-14T09:20:44Z,0,0,en
UgwNS3x0f0tM_QwoSZt4AaABAg,@eric-x9m1c,"""they shouldn't be marked for the rest of their lives""

No... they absolutely should. People are made examples of, they are lucky they didn't get stpped by force or worse. This is why firearm safety is important, so idiots don't do this.",2024-12-14T09:19:33Z,0,0,en
UgzFHLVqLqAlW0bZYK94AaABAg,@CuriousMouseExploration,"Really stupid. With so many school-shootings, this is a really bad idea. They are lucky they didn't get taken down and beaten. Bet you in the south they would have been. They should be charged even if it was a joke. And at 18, they should be smart enough to not do such a prank.",2024-12-14T09:19:32Z,0,0,en
UgzPXkb17WUuaIgZtKx4AaABAg,@BigSisterNeko,Start making examples out of these morons. Get them to stop and be consistent.,2024-12-14T09:17:09Z,0,0,en
UgxEzDBIXtGXNKWVHSB4AaABAg,@olit4063,They're just making an example of them,2024-12-14T09:17:07Z,0,0,en
UgxuCRVElMYrOoDlB8J4AaABAg,@retrosc88,Is this a result of being taught what to think instead of how to think ?,2024-12-14T09:15:01Z,0,0,en
Ugw1u28hPU6luvDOC9h4AaABAg,@LinktotheLegend1337,Just wow! I have no words.,2024-12-14T09:14:46Z,0,0,en
Ugw8fhuQFCRpVbfjBZ54AaABAg,@pejoto0696,Don´t act dumb; FAFO is a universal law.,2024-12-14T09:13:05Z,0,0,en
Ugwwf_UcGN0k6kY9_dB4AaABAg,@tetsi0815,I mean... In 2024 the only month without a school shooting in the US was July - I guess that's summer break where nobody is at school. So that prank was more than stupid.,2024-12-14T09:11:20Z,0,0,en
UgxchdWOf9huvlLbxp94AaABAg,@BirdLeavesNoEggs,"They should've said they were bringing awareness to it as activists, instead of being pranksters. Maybe the result would be different for them.",2024-12-14T09:11:05Z,0,0,en
Ugx9oZVedxndNxtDGsJ4AaABAg,@bahamabartokmajestikassbis5240,they are 18 not 10 years old wtf,2024-12-14T09:11:00Z,0,0,en
Ugzi5X5jPsQP7Cgr3NZ4AaABAg,@kristineb473,Yes it's about time . Dumb ass behavior,2024-12-14T09:10:10Z,0,0,en
UgzbaNYCMbeEqO-irJh4AaABAg,@sakatababa,"yo, you need to make a new discovery to get a doctorate
it is not a function of time but a function of quality",2024-12-14T09:09:47Z,0,0,en
UgwAL6amLVpU6gJDCpF4AaABAg,@jetlox,TikTok where Darwin Award winners are made,2024-12-14T09:08:57Z,0,0,en
Ugy6OJYuAps0tX5qOEJ4AaABAg,@lina9535,"Atozy, can we please stop with the ""they're young"" thing for 18 year olds?
At that age, you know better than to do this.
Maybe it's all the hormones in the food in the US, but they know better.
One could ""excuse"" a 12 year old for doing this. But not an 18 year old.",2024-12-14T09:08:09Z,0,0,en
UgwP6a9qzo2qdoxCL5x4AaABAg,@alex-ur3pu,As a child I used to Superman down muddy hillsides at school. Great times,2024-12-14T09:07:56Z,0,0,en
UgzreRlA00NziMqK4NB4AaABAg,@donkarnage6986,"tam that stupid, its even more tupid to give them 10 years in jail,, thats gonna be really expensiv to keep those to guys alive for the rest of there lives.

when those guys get out of jail, they got now skill so the will look to the americans pockets..!",2024-12-14T09:06:33Z,0,0,en
UgwvxeQOENd6Wk_O42R4AaABAg,@RAKED360,"dude you gotta change the background music, i always think theres some weird shit going on outside of my headphones but its just some super quiet carnival music or some shit wtf is goin on here.",2024-12-14T09:04:50Z,0,0,en
UgzAJNOF3QJMeMO9HA14AaABAg,@lina9535,"3:42 ""if""? ""If""?!
There should 100% be disciplinary actions against those two!",2024-12-14T09:04:49Z,0,0,en
UgyRhAZRyWI4UdVjQ6l4AaABAg,@jetgreymach1,tik tok is just a brain rot app that just. it needs to be banned and disappear at this point. its like every year this generation gets dumber and dumber.,2024-12-14T09:04:33Z,0,0,en
UgzXIjktISwVrtt5an14AaABAg,@lina9535,"This'll sound harsh, but I don't really care at this point.
But how much brain do you have to lack in thinking ""this will be a good prank""?
Like seriously, are they both [r-word]?
Teens or not, if they are over 12, they know better.
Edit: Oh, so they're both 18?
Yeah the ""they're young"" thing isn't a valid excuse.
They're both adults now, and they 100% know better.",2024-12-14T09:01:45Z,0,0,en
Ugxg8eGvgjBNBK5VXvZ4AaABAg,@vanadot,"7:26 ""Some students shrug it off."" Yeah, this is what makes these kinds of pranks even more dangerous. We're shutting off our survival response because we can no longer differentiate what's real threat from what's not.",2024-12-14T09:01:12Z,125,3,en
UgwuUIjEHo8g53KFjaN4AaABAg,@Dependencycourtsellschildren,"Man, I’m so glad I didn’t grow up in this.",2024-12-14T08:59:02Z,0,0,en
UgzNL0wcuKy8dzkLmtZ4AaABAg,@yukimisouzou3036,This kinda 'prank' is just going to make it difficult for everyone to differentiate ACTUAL THREAT. Like r these ppl r just THAT STUPID?! Unfortunately they r. Unfortunately.,2024-12-14T08:58:03Z,0,0,en
UgwtuT_xWaJxBBe6r7Z4AaABAg,@krosnoludek3795,"Undoubtedly, the USA is one big set for the movie Idiocracy 2.",2024-12-14T08:57:26Z,0,0,en
UgyEk_yVF9xBw6mdh8h4AaABAg,@Gdub33,EXTREME PDF file vibes at 2:25. Anyone else?,2024-12-14T08:56:47Z,0,0,Other
UgySRIQLWoP31MHzu814AaABAg,@Project_2501,That‘s just one more reason why TikTok should indeed be banned.,2024-12-14T08:53:15Z,0,0,en
UgzjqyoR8JINGWWeBs94AaABAg,@allthatsheiz,😑,2024-12-14T08:53:06Z,0,0,Other
UgxLfbf1eq9yk8CLaJZ4AaABAg,@robh8814,If they go back to that University then their life wont be worth living as the other students will make sure they pay for being so stupid.,2024-12-14T08:51:43Z,0,0,en
UgxShrHoCu6b4-3iUbV4AaABAg,@kaveen6020,Darwinism,2024-12-14T08:50:00Z,0,0,Other
UgzQjmPdsj0v8xLuyzZ4AaABAg,@Forever_Soul,Cant they sue Tiktok for the accountability?,2024-12-14T08:49:34Z,0,0,en
UgySkT2PeNlEsBawXjZ4AaABAg,@cjblaze83,"As horrible and stupid as this is and could of been I will not be surprised in the current state that these two get higher bail and possibly harsher sentences than actual violent offenders/sa.
There are illegall migrants committing sa who got released the same day with no bail at all. Make it make sense.",2024-12-14T08:49:27Z,0,0,en
UgxFJ_aykz0T1-0yxXl4AaABAg,@ValiantGoat,clearly not the brightest students at the University.,2024-12-14T08:48:26Z,0,0,en
UgwQaq_8n071aKSWm654AaABAg,@DevinSymone,Not happening to me at my university actually crazy could not imagine that happening,2024-12-14T08:47:37Z,0,0,en
UgycrPrnbmTIKucVe4F4AaABAg,@isaackim7675,This is the sort of reason why I approve of TikTok being banned. It’s poisoning the next generation,2024-12-14T08:47:35Z,0,0,en
Ugz9YqX8avhwvqx9J2V4AaABAg,@escothegoatt,Expel them. Make an example.,2024-12-14T08:46:14Z,1,0,en
UgwIP5-k2q4gBYWudf54AaABAg,@girlfriendofnone,Young adults? I highly doubt that. This is a perfect example of the fact that mens brains aren't developed untill they are 25 and should only have the same rights as toddlers until then. ~ Imagien if someone had been pregnant amongst the 'pranked' students and had miscarried. F***ing braindead.,2024-12-14T08:46:08Z,0,0,en
UgztFVwis-Xg3If33ph4AaABAg,@tussk.,The court should prank them with 10 years in jail.,2024-12-14T08:44:31Z,0,0,en
Ugxt0FFFJ1YP8cSorkN4AaABAg,@marshmallowcello7528,"It doesn't help that the ""shooter"" was Asian",2024-12-14T08:41:18Z,0,0,en
Ugx61tkrvy6flojSaaB4AaABAg,@samuelcarlson1012,“Parents should talk to their young adults” if your grown ass children do something stupid like this then you can’t fix them.,2024-12-14T08:41:10Z,0,0,en
UgwlXfFbiTkI17DK3I54AaABAg,@Zunedoodle77,"Hot take. Why are we not looking at the parents? I know they (the parents) didn't do it, I know they (the parents) didn't encourage it (that we know of), I know they (the students) are 18+ and are 'adults'; but why kind of parents do you have to be to raise children that think this type of behavior is acceptable in any situation!? Why do we live in a society where no one is willing to look at how parents and guardians raise their children and how that affects the child's behavior?",2024-12-14T08:40:23Z,0,0,en
UgwSs5_vdzHk_r77HIt4AaABAg,@AnimeRoot,"Can't Wait for the tikTok shutdown, brain rot gotta stop.",2024-12-14T08:40:02Z,0,0,en
Ugydbl0o_awwmTapv-p4AaABAg,@noahfecks7598,"A trend? Yeah, in the US, coming up with that idea is probably one of the absolute worst ideas you could come up with for a prank. This is so dumb, that hearing this news almost sounded like a prank.",2024-12-14T08:39:33Z,0,0,en
UgyI90WH4DeA_h1buHJ4AaABAg,@Maddin1313,"It's the school to prison pipeline, but now the students are doing it themselves.",2024-12-14T08:38:50Z,1,0,en
UgzKMEVxHNhk1n-NSTZ4AaABAg,@samaeltheundying,"I had someone tell me that ""a joke everyone laughs at is a good joke. A joke that only one person laughs at is likely them being a bully or committing a crime."" 

Aged like wine.",2024-12-14T08:37:03Z,1,0,en
UgxhIwaBqpDDBEvXA8N4AaABAg,@cjblaze83,"I feel like this is tik tok brain mentality. Becoming desensitized and doing anything for ""views"".
Either way this was dumb. School shootings are horrible occurences.
Last thing I will say is
Our world is not getting better.",2024-12-14T08:36:51Z,0,0,en
Ugy-mIF34C_qlEI7Xq54AaABAg,@jdgoesham5381,Dude I could just imagine some father like me who is always carrying is visiting their kid or family member or something and these guys pull this and get their asses pew pew-ed. I'd have not even thought about it once they pulled this.,2024-12-14T08:36:17Z,0,0,en
UgxXloz6eQGGyx3vDgt4AaABAg,@Jokoko2828,I knew the whale was up to no good.,2024-12-14T08:35:42Z,0,0,en
UgyTMWa4E1dLjxtwaf54AaABAg,@MRblazedBEANS,"Prison is for vilolent offenders, killers and repeat offenders. Not stupid kids. You all have clearly never been to prison or jail if you think thats going to solve anything. Punishment doesnt help for minor crimes it just makes harden criminals",2024-12-14T08:35:32Z,0,0,en
Ugz1y-Nq3Hn_VxKisVl4AaABAg,@ItsABowdalishsays,How are they in university if they're this stupid,2024-12-14T08:34:39Z,0,1,en
UgyxofA9HUfdspFrG954AaABAg,@prod.extema.da.sickomane,And what do we learn from all this. Tiktok makes people stupid. Tiktok makes people do stupid things that they regret.,2024-12-14T08:33:54Z,0,0,en
Ugw9LquOGEngYmT9b2d4AaABAg,@bhriannphilip,"My biggest question is, HOW IN THE HELL IS THIS CONSIDERED FUNNY?!? 

I hate social media and clout so much!",2024-12-14T08:33:19Z,0,0,en
UgxRYlz6H8zZfDtsuCR4AaABAg,@HellSkater19,"ONLY people with One brain cell use tiktok, that and kids",2024-12-14T08:33:14Z,0,0,en
UgzPlq-BiG7tYSGap0Z4AaABAg,@TheIN4CER,This is why we are going to lose are freedoms on the internet.,2024-12-14T08:32:50Z,0,0,en
UgwPi0gOztRPxomLSpJ4AaABAg,@quanghuynguyenang8455,Who is that Harry Potter boy,2024-12-14T08:30:26Z,0,0,en
Ugwp8hgWIKr2b7JmaXt4AaABAg,@DX2069,I REALLY REALLY hate tactic like why tf would you be this stupid,2024-12-14T08:29:26Z,0,0,en
UgyoB0lPC_Uf0TtHGrJ4AaABAg,@shan8245,"Maaan i remember when me and my friends at 3rd year high school we used to do this prank at the mall where we will shout ""b*mb"" many a couple of time for us its funny but boooooy in reality its really not its really really bad ""prank"" and thank god we didnt end up in jail 🤦‍♂️",2024-12-14T08:28:41Z,0,0,en
Ugz9knPBeiOTzgCC6aJ4AaABAg,@baskoning9896,"""TikTokers Facing 10 Years in Prison For This Prank"" -- Nothing of value was lost.",2024-12-14T08:28:31Z,0,0,en
Ugwrp9kEYZ-3ibcznDV4AaABAg,@andrewkoster6506,you could get terr*rism charges for this and you'd deserve it,2024-12-14T08:26:51Z,0,0,en
Ugzo2FnLrjuW-9IZr8x4AaABAg,@taketomo6520,Aren’t you supposed to have some brains to get admitted to an university?,2024-12-14T08:22:53Z,0,1,en
UgytRGS9ZndeAi87iM14AaABAg,@NetflixForeign,"They did win something, 10 years of free room and board and having to piss when a guard directs you.",2024-12-14T08:22:27Z,0,0,en
Ugy4xDSsiSXUGlvTXTR4AaABAg,@arbCannons3395,I guess im not as stupid as i thought and I could have made it into college if these guys did.,2024-12-14T08:22:23Z,0,0,en
UgxXPrctJ9mDy5EfIA14AaABAg,@Slypooch,Yup. Put em away,2024-12-14T08:22:19Z,0,0,Other
Ugy05LwI9aHJ_JrEiQZ4AaABAg,@skunknblunt,"As a Texan who just went to college in DFW, no carry campus, still carried. I live by “I got bail money, not Hell money”",2024-12-14T08:21:56Z,0,0,en
UgxjrcO14uZutEMY_Vp4AaABAg,@purplepixie274,"As a parent, if one of mine did that, I don't think I'd look at them the same way again. It would affect our relationship. I'd wonder who dropped them on their head as a baby cos I know it wasn't me? I'd be so ashamed. Don't even think I could be near them.",2024-12-14T08:21:05Z,0,0,en
UgzK42tWtL0QFJ5yF5R4AaABAg,@TheEudaemonicPlague,"I wish people would quit reversing images used in videos. Are that fucking stupid, that you think it'll keep an image search from finding it? It won't, they figured that one out years ago. So, instead, you flip the clips, not being bright enough to understand people read text they see onscreen...but you're too dull-witted to realize that. I think the reason you don't understand it, is because you aren't someone who reads everything; it never crosses your mind just how annoying it is to have text appear too briefly to read, mirror-imaged, or otherwise made illegible. Don't do that shit--it's frustrating and annoying, and there was never a reason to do it in the first place.",2024-12-14T08:20:30Z,0,0,en
UgzdGwiy1CCWKCIViOF4AaABAg,@captaincharlie_,Fingers crossed they make an example out of these two idiots and get the book thrown at them. Bc that shit isn't funny or cool....,2024-12-14T08:20:06Z,0,0,en
UgzTydFWGBObvUNYHVd4AaABAg,@nikolaykatsarov4084,"Great case for the TikTon ban, it will improve the lives of so many young people",2024-12-14T08:19:57Z,0,0,en
UgxT2hnQMR59_96gvAh4AaABAg,@dwex39,bring back bullying when i was a kid during the winter i was very lazy then i would wore my pajama pants below my jean to stay warm but its because i was lazy one day i forgot that i had sports class i was laughed at in the locker room so yeah made know that lazy doesn't work in appearance or in public places,2024-12-14T08:19:52Z,0,0,en
UgyC-oRjR1GbFO7Q-5l4AaABAg,@wmdkitty,That... isn't a prank.,2024-12-14T08:19:28Z,0,0,en
Ugzd-qdQxp1gDkf2fa94AaABAg,@user-pm5mw8zs8s,It’s going to be 2025 you can easily ask google if what you’re thinking of doing in your location is illegal. Most people would use common sense but my point is there is no excuse for this behavior,2024-12-14T08:17:17Z,0,0,en
Ugwl8fXPlOfSII73aQh4AaABAg,@abigail1974,when i was in college there was this kid that had the “brilliant” idea of doing a photoshoot in one of the public campus studios with a fake gun that had the orange tip painted over. like 15 cop cars were lined up down the street. people are so stupid 💀,2024-12-14T08:17:09Z,0,0,en
UgwE_B_iYh8CP5ZlBnF4AaABAg,@Bounce-Mafia,"Tiktok, kick , rumble etc all need banning as kids these days are getting more and more effing stupid fml",2024-12-14T08:15:30Z,2,0,en
UgzaWJFuBkSVysNbJGd4AaABAg,@jooliagoolias,"You've never attended a classroom that was held in a trailer?
You've never attended a ""class"" where the teacher cussed nonstop to show leadership?
Have you never attended a classroom where the biggest mouth ruled the room?
And everyone else was afraid?😢😢
Have you ever went to school and the majority wins?
Welcome to my highschool.",2024-12-14T08:14:52Z,0,0,en
UgyAmD3zwD1ngE-r4QR4AaABAg,@AnnacolleenEtters,"That's pretty stupid, for sure. They're how old?",2024-12-14T08:14:40Z,0,0,en
UgxVLjGdHuH36vMai8F4AaABAg,@LaCommentaire,One of the main drivers in the downfall of our culture is this insane belief that everyone should go to college despite the fact that only a small percentage are actually cut out for it.,2024-12-14T08:13:39Z,0,0,en
UgxIh8VtcCdcKOfll2l4AaABAg,@Arcelux,"Play stupid games, win stupid prizes! Also "" Nathaniel"" haha, I've heard enough 😂",2024-12-14T08:12:59Z,0,0,en
Ugxwi7HETGXm7YqoJ9h4AaABAg,@akrid1233,"am mean its like this tid pode challenge if you are dum enough to do it  pay with the result, man those new generation doing all those dum prank - trend for some  couple sec of fame 😅😂🤣doing a school shooting as a prank is soo fricking dum , they should do some jail time that would teach them a lesson for being soo stupid😅🤣",2024-12-14T08:09:31Z,0,0,en
UgwvZa7ieHD7Imsn6Sl4AaABAg,@NIHON115experience,"So..let me get this straight. In your country, kids yelling words for a prank can get up to 5 years in jail, but people who commit crimes can go to any shop and steal anything without consequences ? What a weird country you got there pale...",2024-12-14T08:07:09Z,0,0,en
UgwuxxAZKUSVfFsWRgN4AaABAg,@danbaron2561,WHY ARE ALL THE FACES BACKWARDS ?? !!!!,2024-12-14T08:06:47Z,0,0,en
UgwbM7QmACao_M1gk-d4AaABAg,@JasonYon-be3cg,They deserve jail time,2024-12-14T08:06:00Z,0,0,en
UgwR_5AvnHgbl3nz4Xl4AaABAg,@arielb5317,Social media is the modern day plague on youth.,2024-12-14T08:04:24Z,0,0,en
UgzD7oTl-FfcQBGS_o14AaABAg,@Meatball2022,Wish a student was interviewed and said “I’m glad they were expelled because we need them removed as their presence is “dumbing down” our prestigious school”,2024-12-14T08:04:16Z,0,0,en
UgxUh5GQPlOlbKxOoV14AaABAg,@SuperFanboy101,"Nowadays, Pranks aren’t funny, just harassment at best.",2024-12-14T08:02:13Z,0,0,en
UgwuwOGBUyjs5_dJs954AaABAg,@Meatball2022,One day I’m gonna count how many video titles contain the words “ruined their lives”…,2024-12-14T08:01:16Z,0,0,en
UgwytaeTbc2x_-n7O_B4AaABAg,@acpmedicine,they get expulsion and now have a criminal record good luck afterwards idiots,2024-12-14T08:00:54Z,0,0,en
UgydVBRZF9ZgFge8exV4AaABAg,@jonlee2217,"It's a well known fact that shouting ""it's a prank"" makes you immune from any repercussions.",2024-12-14T08:00:00Z,0,0,en
UgyJ4A7VG_jz7_KcDRN4AaABAg,@ahmani23,"In Nigeria, they would be expelled that very day from school",2024-12-14T07:59:43Z,0,0,en
UgwPVWyIxuXWC50b5Jt4AaABAg,@jindo8098,we are so cooked man these guys are university students!?,2024-12-14T07:59:28Z,0,0,en
UgwSWr5ChV0qxJ4vG9N4AaABAg,@billythecrayon983,Certified “bruh” moment,2024-12-14T07:59:26Z,0,0,en
UgzFoqVKkbaIzQiutmV4AaABAg,@daveybeuy,TikTok is the worst thing to happen thank you Chiiinnaa😂,2024-12-14T07:58:44Z,0,0,en
UgxHoEK0Qr9W_c27HIp4AaABAg,@occamsrazor9183,"Listen, I'm a gen x kid, I remember the first computers put in schools, they were basically glorified calculator Trapper-Keepers with being able to draw graphs, and play pong-level games. Since the internet, and informaton age, people are dumber than ever in all history...",2024-12-14T07:56:46Z,0,0,en
UgyuyTufwRnZrUpDI0N4AaABAg,@osmium6832,The dumbest part is that this wasn't even to create an original video or start a TikTok trend. They were going to jail for potentially years just to try to get some secondhand clout by imitating something that was probably staged.,2024-12-14T07:55:16Z,0,0,en
UgydQHZgdPHyTufC_k94AaABAg,@albertkneedledick9508,"Are you sure it’s not the “put the phone down!”, “this is for my protection!” Trend? Because that could easily be mistaken for a shooting and the last news clip suggested the witness saw them yelling at each other not everyone in the dining hall.",2024-12-14T07:54:49Z,0,1,en
UgzuhXknEahWxnglA6l4AaABAg,@22Epic,"If mass shooting weren't so common in the US, maybe there would not be TikTok pranks on the subject. Fix the root cause ;-)",2024-12-14T07:53:59Z,0,0,en
Ugzu-XGncRihlhpaLKZ4AaABAg,@adobeblack,"I've seen these two in another clip from a police bodycam when they are in a class room yelling obscenities and threatening to fight but are taken by the police afterwards when they ""evacuate"" the school and their excuse was that it was bored and wanted to make a ""funny"" video to upload on social media to go viral, the black haired one with glasses was wearing an ugly wig Thought it had learned from that time but apparently not.. what tragically embarrassing people there are who live such failed lives that their greatest desire is to ""go viral on TikTok"" But they got what they wanted now, they went viral but for the wrong reason 🤯🤣🤣",2024-12-14T07:52:05Z,3,0,en
Ugwn0KqSPkd1ry-NenJ4AaABAg,@hironakamura5737,"you have fuck around this much, to get to this point of find out.",2024-12-14T07:51:02Z,0,0,en
UgzZWVgKYFaobWWjgw94AaABAg,@jethawk9941,I’m glad Canada finally banned this shit app,2024-12-14T07:49:16Z,0,0,en
Ugyhqq1KUKxlywiMsvp4AaABAg,@ScatterGun_User,My parents & their parents are lucky they didn’t have to grow up with this type of bullshit…,2024-12-14T07:48:39Z,1,1,en
Ugz4_1eGpwQVJW1Kwvd4AaABAg,@btr333,And this is why TikTok needs to be banned.,2024-12-14T07:48:04Z,0,0,en
UgyOO_HBh-XrKxb6KGN4AaABAg,@samantha8701,Play stupid games win stupid prizes🥳,2024-12-14T07:47:55Z,0,0,en
UgzoJytE2ghxypQl9Z14AaABAg,@scarbunny10,bruh... so now we have to make people learn what's funny and what's actually have consequences? it's just so stupid😆,2024-12-14T07:45:24Z,0,0,en
Ugyx04hSnUMHsibJVp94AaABAg,@taha2010ification,dumb kids,2024-12-14T07:45:19Z,0,0,Other
Ugx1Ri4O5DTUaWZDdjd4AaABAg,@Reikotsu,This truly is the braindead generation.,2024-12-14T07:45:14Z,0,0,en
UgyDqRfJVkAIx9CV56x4AaABAg,@Smaug-p4c,Young???? They are whole ass grown men!!!!! I thought they where going to be like 14 or something. YOUNG????? PFFFT,2024-12-14T07:44:26Z,0,0,en
Ugz-WbwUOu5mbZ03Wml4AaABAg,@democracybacksliding,They did it for - $$$$ - fame - bullying,2024-12-14T07:44:07Z,0,0,en
UgxbL4BJtjikmrQ09994AaABAg,@skeletor6697,Another reason to banning tik tok it's pure cancer and contributing to the degeneracy of society,2024-12-14T07:42:45Z,0,0,en
UgzM0Zdgt66B86oEIVd4AaABAg,@bryandecluette9274,How did they even get into college being that stupid and what are the standards of admission for this school.,2024-12-14T07:42:43Z,0,0,en
Ugy40JLxFolA-SIiZTN4AaABAg,@JimNormal,Just how stupid are teenagers these days they can’t ban TikTok soon enough,2024-12-14T07:41:38Z,0,0,en
UgzyDpxMmMYP0gKsgsF4AaABAg,@Tbugfish,"I grew up with pranks like some kids playing those high frequency tones on their phones that only the kids could hear, or imitating the water drop sounds with your mouth and acting like something was leaking in the room. Oh, how we've fallen from grace",2024-12-14T07:41:14Z,0,0,en
Ugyj9zBP3ohYFGif3F94AaABAg,@Atlas92936,The Asian guy brought great dishonor to his family 😅,2024-12-14T07:41:08Z,0,0,en
Ugzn3LgsT9qiwWukfrV4AaABAg,@MagicEZvil,China is rolling with laughter at the Western Tic Toc Behavioural Programming.,2024-12-14T07:40:38Z,1,0,en
UgwGy2QIXBR2iWEVrH14AaABAg,@monkeygirl1894,"At this point, critical thinking and common sense should be taught in school as their own class.",2024-12-14T07:39:40Z,0,0,en
UgxwTEj0gN39o4sZhLV4AaABAg,@cameronwilliams6772,Brain rot,2024-12-14T07:39:29Z,0,0,en
Ugy2bPBy-Aph5dXAU114AaABAg,@Shaunmjallen,"Pretty fucked up how Americans refer to people carrying guns as ""Potential Hero's"" as an incentive to get more people to walk around carrying guns.",2024-12-14T07:38:51Z,0,0,en
UgySl-kh4eZfIKzpFtl4AaABAg,@IITheProfessorII,"When I was in school, our prank was putting a recliner in the middle of the gym floor before first bell. Not reenacting Columbine.",2024-12-14T07:38:42Z,0,0,en
UgxjfGXP9vdoQFm_Rjt4AaABAg,@RonDiggityDawg,"Verbatim argument as they were getting handcuffed “dude it’s a prank, are you kidding me right now.”",2024-12-14T07:38:06Z,0,0,en
UgxN5hDI29ELQYYfnhF4AaABAg,@OregonMike,Are schools making them dumber these days?🤔,2024-12-14T07:37:31Z,0,0,en
Ugwou1d8ON_Brf-xaER4AaABAg,@Time_Line_Archive_Project,Inspired from TikTok? An App run by the Nation State of China? H O W _ S T R A N G E,2024-12-14T07:37:11Z,0,0,en
UgywHa6YMF35GN8h_YZ4AaABAg,@mountainexploration2435,"10 years should ne the minimum for this, the parents of these two should feel like trash they faild as parents",2024-12-14T07:34:00Z,0,0,en
UgwnVtr0hH47TsRczPF4AaABAg,@James-px3om,VR is getting out of control,2024-12-14T07:33:59Z,0,0,en
UgxN9wg7n2i7carsWEV4AaABAg,@tillybug_pug4180,"After they serve their several years in jail, the judge should be like “bro it was just a prank”",2024-12-14T07:33:42Z,0,0,en
Ugygdu-uJAvEYeESCa94AaABAg,@Curtis3DWebb,And people wonder why TikTok needs to be banned. It has created too many brain worms,2024-12-14T07:32:46Z,0,0,en
UgyY6k8KRazfZHIWxEp4AaABAg,@TrollerTyrone,Next people will do this in an airports 😵😵,2024-12-14T07:32:35Z,0,0,en
UgwcGTM7KP8vV_2l4P14AaABAg,@sarah_k_o,I’m chronically online and have never heard of this bs,2024-12-14T07:32:17Z,0,0,en
UgxwE_nDGIFLahh9yRZ4AaABAg,@beartube1984,"wait, this was done by college students?! The tiny grain of pity I had just turned into antimatter",2024-12-14T07:31:49Z,0,0,en
UgwoL12_lOB1MGKKkL14AaABAg,@DREMONEYSNIPER,Atozy kind of a baddie tho ngl 👀👀,2024-12-14T07:31:45Z,0,0,en
UgyNdWLIij0DFJptuL54AaABAg,@AngelBlade69,Ban tiktok already,2024-12-14T07:30:54Z,0,0,Other
UgzO-kBZScHbhgKRCj94AaABAg,@xMrjamjam,Ah yes the classic ruin your life any% speedrun,2024-12-14T07:30:52Z,0,0,en
Ugy2btZaqnRT8oELn2p4AaABAg,@1988dragoncom,TikTok makes a lot of problems in USA,2024-12-14T07:30:11Z,0,0,en
UgyMIBiwcAlf1-ebAwh4AaABAg,@kristywilliams4906,This is why I don’t let my teenagers have social media! It’s crazy!,2024-12-14T07:29:22Z,0,0,en
UgyJhYxEtw1-9-COJEd4AaABAg,@sam1am568,bet those two follow Johnny salami.,2024-12-14T07:29:13Z,0,0,en
UgzFPQO-hIvsyiZvnml4AaABAg,@kevinkun,And that's why I never watch or use TikTok,2024-12-14T07:29:04Z,1,0,en
Ugz_pnGps-FlIP2iV094AaABAg,@DREMONEYSNIPER,Textbook example of play stupid games win stupid prizes,2024-12-14T07:27:58Z,0,0,en
Ugyn7fkJztmCAucC0Cd4AaABAg,@aironiversen9214,"Jesus, Mary and Joseph I CAN NOT understand the complete lack of common sense!! 🙄",2024-12-14T07:27:47Z,0,0,en
UgzPr42J1qhJTG-V0g14AaABAg,@humanskull182,Stupidity at it's finest.,2024-12-14T07:25:46Z,0,0,en
UgzDsvedMYn7DnoVD9B4AaABAg,@sausagemcnutty,"atozy I cant think of a more non journalist thing than to sensor words of your video to appeal to monetization. if you want to be seen as a child, this is the best way you to do it.. I love the work you do for.. children",2024-12-14T07:24:17Z,0,0,en
Ugz5hrgGkffP5gQ7xid4AaABAg,@MystikkAura,"here we got again with the ""prank"" i swearthis generation doesnt know what words mean anymore",2024-12-14T07:22:48Z,0,0,en
Ugxkrt2Mo4Zp13tchPN4AaABAg,@galupas,Try doing that in an Airport?,2024-12-14T07:22:23Z,0,0,en
UgzEhnb1qYZoajrwZGd4AaABAg,@ayslynnkelley5152,As a survivor of a shooting the level of stress/terror this triggers is not ok.,2024-12-14T07:20:52Z,0,0,en
Ugx13wFzQkSr_T_O4XF4AaABAg,@galupas,What else do expect from American Students?,2024-12-14T07:20:46Z,0,0,en
UgyqgiQ1cgN4P8FO_fN4AaABAg,@ak99uk,"Not ""every student's worst nightmare"", just every US student's worst nightmare. It is very rare in the civilised world.",2024-12-14T07:20:28Z,0,0,en
Ugw10DBf4wXo8Wt2jcF4AaABAg,@ZaWrldo,PhD in Tiktokology,2024-12-14T07:17:36Z,0,0,Other
Ugxmk2hTbz4FgXhTL4R4AaABAg,@kencarpenter1363,"I have perimeter cameras that chime whenever someone comes on my property.  If I look at my security cam and see you running at my front door like you're going to kick it in, you might get a load of buckshot for your trouble.  Just saying.  And yes, I'm a paranoid old man.",2024-12-14T07:17:15Z,0,0,en
UgxBzLIVuqURcvsdEwV4AaABAg,@SkunkApe407,"The more I hear about TikTok, the more I think it should be banned. The utter lack of intellect on that app is criminal.",2024-12-14T07:16:54Z,0,0,en
UgwfTAMZbAfrwVezzAV4AaABAg,@Castillohometv,"If ur gonna attempt a ""prank"" like this, EVERYBODY in the cafeteria has to be in on it.🙄",2024-12-14T07:16:51Z,0,0,en
UgxEtRkZX9yL9GytZAN4AaABAg,@tinaarko6625,Ignorance is not bliss. It's dangerous.,2024-12-14T07:16:01Z,3,0,en
UgwwdIVg_8w-PDka-E94AaABAg,@kaputasri,Jail them young and dumb ain't no excuse for disturbing social harmony.,2024-12-14T07:15:30Z,0,0,en
Ugz2RoUT2l-yPKPJfcx4AaABAg,@noneck3099,"I'm disappointed they're 18 and watching TikToks...
do they get charged as adults?",2024-12-14T07:13:52Z,0,0,en
UgxWxqslSbtE2Ogm28h4AaABAg,@mark7s980,Threats are NOT pranks!,2024-12-14T07:13:18Z,2,1,en
UgyupyCnfTIyMKZHgFd4AaABAg,@XBluDiamondX,Goes to show universities don't necessarily pick the best and brightrest.,2024-12-14T07:13:10Z,0,0,en
Ugw2G_zcEekXJyHbOpx4AaABAg,@idahomike4254,"If the US bans Tic Toc next month, you won't be able to complete your studies and get your doctorate. Perhaps you'll have to change your major to Instagram or YT Shorts.",2024-12-14T07:11:05Z,0,0,en
UgzwsXCgloVwOTwHAzl4AaABAg,@weknowhisvoice9296,"❤❤Turn to Jesus people, he died for your sins. Repent of what the New testament describes as sin. Believe the gospel get baptized and obey the teachings of Jesus. The gospel and the teachings of Jesus are documented in Matthew Mark Luke and John. Jesus is the only way to be saved, if you have faith in Jesus through your faith you will live by his teachings. God bless 🙏🙏 you all in Jesus name praise God",2024-12-14T07:10:53Z,0,1,en
UgwEVQwZhDQAf5HLZSd4AaABAg,@JSkyGemini,"Before Tik Tok, and the rest of them, when people wanted attention, they had to run across the football field, buck ass naked.",2024-12-14T07:10:20Z,0,0,en
UgwtWYOFh9pbgc3WNal4AaABAg,@blu4533,"3:18 *MAJOR NOTE*  ""A hero will take you out""   You are not the victim if this goes wrong. The person scarred for life after a false flag  SHOULD BE a hero for reacting and saving lives *if it was real* hence the trauma and scarred for life",2024-12-14T07:10:16Z,28,0,en
UgwKdq-TfFmfuuDQG514AaABAg,@jessicaann3818,"I work on a school campus, lwt ne just say Active shooter shit is NOT a fucking joke. EVER. As staff, we are trained to take things like this very VERY seriously, doing something stupid like this can result in death!",2024-12-14T07:10:11Z,0,0,en
UgyEjfJJCf0UQZaPWDt4AaABAg,@PhatPazzo,This isn’t accidental. TikTok is a cyber weapon.,2024-12-14T07:09:41Z,0,1,en
Ugx4m3GuaJIvQtvKoA94AaABAg,@Babybrayne,Ya and all you who click this is fueling meme coin mania. So don't click on things u don't want people to profit off of,2024-12-14T07:09:05Z,0,0,en
UgyRy5XX2z2-oITdZz54AaABAg,@mediumbeetle9964,"You act as if you’re adding to the discussion yet you didn’t show us the video that they were allegedly imitating. If other students know about the ‘original prank video’ they’re talking about, then don’t you think the problem may end up extending beyond these 2 bozos? You, as the scholar of ‘Tik Tok stupidity’, should be providing this context to your audience.",2024-12-14T07:09:00Z,0,0,en
UgyfJmZipLsg6YB_01h4AaABAg,@MarshallNatedog,"If they did this in Boulder, Colorado the chance of them being six feet under would be high.",2024-12-14T07:08:41Z,0,0,en
Ugwk_lbjGko084WLOcV4AaABAg,@thinkingserpent,"Wow🤯 That was so f@kkin stupid. They deserve to do time in jail and expelled from school, also blacklisted to attend any school in the U.S. Make an example of them, so people won't copy them ever again.",2024-12-14T07:07:45Z,0,0,en
UgxLRqh71Lc1WMB63rx4AaABAg,@The-Man-On-The-Mountain,"Did social media make people stupid, or did already existing stupid people just find a platform to expose themselves?
🤔",2024-12-14T07:07:18Z,0,0,en
UgxzyKSHokeQiFNX8Tt4AaABAg,@chrisgionti2766,It's pranks like these are the reason Tiktok is getting banned.,2024-12-14T07:06:49Z,0,0,en
UgxuIeSUPGw-BRjo8g94AaABAg,@ShawaebTee,lmao,2024-12-14T07:06:40Z,0,0,Other
UgxC0SvNTJb6xMQSMrR4AaABAg,@nymetsfan912,IMO deadly force could have been justified here had there been an armed security guard or campus police officer there.,2024-12-14T07:06:18Z,1,0,en
UgzSKf4xqd-HdOgWGS14AaABAg,@BloodySwede,"sounds like the old ""Russian"" (was actually Ukrainian) schoool prank video.",2024-12-14T07:06:10Z,0,0,en
UgyBVKHSXl_WVqvSfAB4AaABAg,@thegreatone1703,The word prank does not excuse you from consequences and doesn’t make anything you do right. The parents should teach…… then again.. I saw so many videos of parents throwing cheese at babies heads and faces and It’s making me lose hope for the youth…😅,2024-12-14T07:05:16Z,1,0,en
UgybXO8oP9JVbF0Z3tx4AaABAg,@EmptyxVoid,All those money spent for education and will just be getting ruined by one stupid shit. The jokes really write themselves.,2024-12-14T07:05:07Z,0,0,en
UgxmvQxaFYFy2nu6tfN4AaABAg,@BeMcgee23,"The dean forgave them once they explaind that it was....""just a prank bro.""",2024-12-14T07:03:11Z,0,0,en
Ugx772vWwd07-KDrcNJ4AaABAg,@BigRizzy77,Phd or you mean player haters degree?,2024-12-14T07:02:50Z,0,0,en
Ugzd9Pnr6IdUt-rnMjV4AaABAg,@nedrane297,"ok so all the stories of people doing these stupid things on ticktock and getting shot or hurt and someone in college thought it was a good idea to do this... charlie kirk is right, college is a scam they let just anyone in because these guys are stupid",2024-12-14T07:02:37Z,1,1,en
UgyL9YDXRvqeqIPy3vZ4AaABAg,@matthewp8857,LOL USA,2024-12-14T07:02:37Z,0,0,Other
Ugzs80A-s-x4ry4YPPx4AaABAg,@33Monkeys33,Good they need to make an example of these geniuses! 😂,2024-12-14T07:01:35Z,0,0,en
UgwN7XH--bUAcCisibp4AaABAg,@aquillaism,"usa really do need to ban guns , i know this was a prank but still , the uk banned guns within 1 year of the dunblane school shooting here , then a couple of years later columbine happened since then there have been well over 400 shooting but you never learn , you would rather keep your right to bear arms than keep your kids alive , it astounds me that you can buy a rifle or shotgun at 18 years of age but the legal drinking age is 21, some guns are still legal in the uk but its usually people like farmer and armed police or for sports , over here it is a privilege and not a right and thorough checks are made , im nearly 50 and have only ever seen guns on the farm i once worked on",2024-12-14T07:01:15Z,0,0,en
UgxbQ-VeNHwMJmWQbEZ4AaABAg,@neo_child,"There should be a ""Go to Prison"" TikTok prank to filter the population",2024-12-14T07:00:44Z,108,3,en
UgzmNrTPDw8m8atHFwJ4AaABAg,@KennyAI.61,natural selection,2024-12-14T07:00:15Z,1,0,en
Ugx8LGGj6imj9BiNqOF4AaABAg,@butcherofblaviken327,"I remember being their age and I had enough common sense to realize that just because others are doing it doesn’t mean you should 😂 the ol’ “if your friends jumped off a bridge, would you?”",2024-12-14T06:59:31Z,0,0,en
Ugx1v-eWU_AJNcoO76R4AaABAg,@NoNonsense316,"I dunno... I made it through my entire educational time and ""learned lots the hard way,"" but I never racked up criminal charges doing it!",2024-12-14T06:59:18Z,0,0,en
Ugw6WL_dhQk2MlHet2x4AaABAg,@trickedouttech321,"These guys look like the real things to me. I would say,  the school just got lucky.",2024-12-14T06:58:57Z,0,0,en
UgwqNfXvNK_jCZDUNjt4AaABAg,@YoojinKim-gt5fj,THIS IS THE EXACT REASON WHY AMERICA 🇺🇸 NEEDS TO BAN TIKTOK!!! IT'S POSIONING OUR YOUTH & MAKING PPL MORE STUPID!!! THERE NEEDS TO BE LAWS FOR THESE PLATFORMS. THIS IS SO TRIGGERING 🤬 🤬 🤬 🤬.,2024-12-14T06:58:01Z,0,0,en
Ugz9o18UJgK2Lv7azh54AaABAg,@IRDeady,"You almost feel bad for the guys for actually being this dumb. Almost. Get ready for the ""ban tik tok"" l people bring this up constantly from now on.",2024-12-14T06:58:01Z,0,0,en
UgxWYZ2Jyt1OeZr9WF14AaABAg,@xenostim,8:35 if you think these 2 reflect what their generation thinks is cool then you are getting old,2024-12-14T06:57:47Z,0,0,en
UgyzwTgu1qsV-wZquPV4AaABAg,@garykelly6669,It could have been worse someone could have believed that they were a genuine threat and shot them especially in a time when there's been so many school shootings.,2024-12-14T06:57:26Z,0,0,en
UgzHdgXFY6l55_4uH-h4AaABAg,@thegreenmanofnorwich,I think that they're more than old enough to understand right from wrong and the consequences of their acts.,2024-12-14T06:57:25Z,0,0,en
UgzhwAQEdyvRg1JNp9B4AaABAg,@danoslifestyle,Please make a STRONG EXAMPLE of these kids,2024-12-14T06:57:22Z,0,0,en
UgyOo5A2Y-_zGWjl3Vd4AaABAg,@ALLCXPS,I thought eating tide pods was the low point in TikTok trends.,2024-12-14T06:57:04Z,0,0,en
UgxtI--JXyuN63fow5V4AaABAg,@stevewright6632,"Gonna rob a bank, if I get caught ""Its a prank bro"" should work fine",2024-12-14T06:57:03Z,0,0,en
Ugx_DHRe3ZkASGMlKRB4AaABAg,@trickedouttech321,18 they are both adults. These are not kids they are young adults.,2024-12-14T06:56:21Z,0,0,en
UgwuLexpijBM0acoGTp4AaABAg,@nymetsfan912,If you use TikTok that should be a mandatory life sentence.,2024-12-14T06:55:54Z,0,0,en
Ugx2zW2RKCNHP4icBlZ4AaABAg,@sandybeach737,"I have little faith this department and the BULLY THUGS will get what they have coming.
But, I do have some faith so I'll lean on that!",2024-12-14T06:55:02Z,0,0,en
UgxZ_tR1G2LBB98q7ZB4AaABAg,@trickedouttech321,so why does your clickbait say 10 years when it's more like 1 year or probation. I'm not too fond of lies.,2024-12-14T06:54:48Z,0,0,en
UgzHDd2zxIeLOxhRnIx4AaABAg,@ung427,"0:46 did she just suck-say ""shit""??",2024-12-14T06:54:31Z,0,0,en
UgwK5zFZCZFC9xY49sV4AaABAg,@supercluster,It's a prank bro!!!,2024-12-14T06:54:00Z,0,0,en
UgxIf0_hDLzTQY6kV3Z4AaABAg,@dralord1307,"So kids that ""fake"" get 50k bond, but we have actual killers that get out on no bond or minimal bond.
Nope the country isnt fooked at all",2024-12-14T06:52:07Z,0,0,en
UgyyJ8jgC8koCVguczN4AaABAg,@lordfezerellii,Idk my guy its all fine to keep I think u haven't had the right drugs,2024-12-14T06:51:50Z,1,1,en
UgyD-zRi_gxnxHak6nN4AaABAg,@Phfwraeiyngckq,Discipline starts at home,2024-12-14T06:51:10Z,0,0,en
UgwBG2FouomIxKWqefd4AaABAg,@MrJoshy,Is kind of stuff Is why I'm glad tiktoc is getting banned in a few weeks,2024-12-14T06:48:51Z,0,0,en
UgzChS8vecDf8lZBwpd4AaABAg,@ATMUSA2000,"I feel like this old guy is part of the problem. I don't know when the last time he was in the school, but I graduated in two thousand and nine. When he says there is 0 tolerance for violence in school. Today that is a complete lie, fights talking back to teachers, and then getting violent when they do it all of these things, our basically normalize. There is absolute tolerance. For these kind of behaviors in schools and literally punitive or no punishments at all. That is why they did this, that is why. And it's the same way outside of schools, two, that's why the average sentence for somebody that commits first degree murder is just ten years, though they took in a life. When he says we should not judge them. Based on this, and they should kind of have a mark on them forever, for this, I happen to humbly disagree. The one thing we need to do is look at the psychology criminals in the opposite way we do now. Those guys objectively find it funny to scare people. Make them suffer and make them feel that they're going to die. They find that funny. That's not gonna change because I go to jail. That's who they are. They like to watch people suffer, and they like to make the world watch it. This doctor is really part of the problem. At the very least, people with his viewpoint is that's why we've gone to the point we have today.",2024-12-14T06:48:40Z,0,0,en
Ugwo6pRZhbdxU0AofQV4AaABAg,@amsofakingcool,just another reason why I banned tiktok from my home,2024-12-14T06:48:17Z,0,0,en
Ugz-zMwvXXcUVjTzG4l4AaABAg,@BigDaddyJinx,"""It doesn't mean they have to be marked for the rest of their life.""

Um yes, yes it does.

They're old enough to know better and did this for the smallest drip of internet clout, which is about as valuable as a $3 bill. Yes, they need to be made examples of. This type of ""prank"" bullshit needs o come to a grinding halt. The more you take this serious, and the harsher the consequences provided, the sooner these bullshit ""pranks"" stop. When you know you're going to be chilling in jail for 15 years for 15 minutes of fame...you'll reconsider your stupidity.

Not to mention, they will be lucky to get jobs as dishwashers or gas jockeys after this. For the rest of their lives. All for that tiny tiny drip of internet clout.",2024-12-14T06:47:55Z,101,6,en
Ugzd77G2G9kno8nbz2Z4AaABAg,@shadowcaptaincain,"Not even someone carrying a concealed weapon reading the situation wrong. If police get an active shooter call, they are showing up with ARs, safety's off, locked and loaded. And if they breach that cafeteria, they are completely justified in use of deadly force if they see what they believe to be a gun in your hands. Plus there won't be any confusion on who the ""shooters"" are since everybody else is lying on the ground, and you and your friend are the only two standing. This really falls under the category of ""play stupid games, win stupid prizes.""",2024-12-14T06:47:55Z,0,0,en
UgxZSncWCVZb_vxP1ZV4AaABAg,@Patrious_WoW,"so these two had time to think about how they would plan this all out, how and when to set up, and ect.... but they didnt think for 1 second, dude maybe this is a really stupid idea.",2024-12-14T06:47:18Z,0,0,en
UgzC6FFaERd6hmny3U54AaABAg,@albertlwj,They're lucky if they get 10 years.  They could've been shot dead.,2024-12-14T06:47:11Z,0,0,en
UgzC_lmicdAnhlFwpBx4AaABAg,@Goblinduchess,Normally I'm on the fence with young pepole going to prison. But they need to go to prison for a time and be made an example..There has been to many times where pepole like them dose something illegal and just gets a slap on the wrist.,2024-12-14T06:47:00Z,0,0,en
UgxSbus1287zi2mPOY14AaABAg,@alexwatson-w,"You literally just stole this story from the news... like half your video was clips from the news channel, which investigated and reported on the story. You added nothing to the reporting of this story",2024-12-14T06:46:18Z,0,0,en
UgxG9sXOmTtALlkiOuF4AaABAg,@albertlwj,"The problem is there's too many staged pranks on YouTube being passed off  as real, and these clowns think it's ok to do it for real.

you see channels with millions of subscribers making staged pranks like robbing people, groping women, etc.  These social media sites need to start banning ""prank"" videos that show a crime, regardless of whether they are staged or not.",2024-12-14T06:45:16Z,1,0,en
Ugz1gAQ_BuoJ7GXmGMN4AaABAg,@danielhoward755,"Usual cry of innocence is “it’s a prank, bro, just a prank…”",2024-12-14T06:44:59Z,0,0,en
Ugy37KmVM9FGCYGvsXt4AaABAg,@nnitro527,Besides getting banned from the university for a long time. Literally throwing your carreer down the drain Lets remember these are not teenagers anymore they are adults.,2024-12-14T06:43:45Z,0,0,en
UgxtrmVMxkionR0cQM94AaABAg,@jacobp.2024,"I pray for them to get better, and hope that this was a sobering experience that they can improve from. I don't want their lives ruined, but I hope they will face some consequences and learn from them. I do.",2024-12-14T06:43:06Z,0,0,en
UgxLEufHMu7gviTT4hZ4AaABAg,@Musical_Kook,"Was new ,  and im picking up what your putting down 😂 u got yaself another subscriber 😂",2024-12-14T06:42:05Z,0,0,en
UgxuNBzKrUYIurYb3CZ4AaABAg,@alexwatson-w,Why did he blur and flip the clips from the news?,2024-12-14T06:41:54Z,0,0,en
UgxOVWA3xBeoWEvjBwh4AaABAg,@TheKiribansan,"As someone that witnessed this similar 'it was a joke' threat scenerio in school before the age of tiktok and vine, it's wholely not funny and it's terrifing for everyone involved (which more ppl than ppl really think about) but kids do stupid shit. But as they say, play stupid games, win stupid prizes. I'm glad that at least people were mostly safe.",2024-12-14T06:41:39Z,0,0,en
UgxmF7MK5VvKr1UMfTB4AaABAg,@UMadUCauseBad,Any title like this i welcome with open arms.,2024-12-14T06:39:46Z,0,0,en
UgwwziSDu1K7EKCJWB54AaABAg,@ZeroFilterVillan,"You need to stop with the BS click bait...FACING 10 YEARS!!!... its like saying  ""Man faces death for crossing the street!!"" because he jaywalked. smfh",2024-12-14T06:39:13Z,0,0,en
UgymE9FOp7M_QiARciF4AaABAg,@GamerXDaringDoX,"The only trend i noticed in the highschool i attended was flushing various stolen school office supplies down the toilets. Chalk, staplers, chalkboard erasers, EXPO markers, paperclips, pencils, staples, etc.

There was a PSA on the school's CCTV News channel about it, which was how i learned how bad it was.",2024-12-14T06:38:45Z,0,0,en
UgyecxuwZveXL_cfc9p4AaABAg,@Gurupimp10,"Kids today are very ""smart""...",2024-12-14T06:36:10Z,0,0,en
UgyisLFO3IcWfiuWwQB4AaABAg,@shanehunt7700,Lol idiots are gonna idiot,2024-12-14T06:35:45Z,0,0,Other
UgwGA3Yznl6yW7E-VUB4AaABAg,@CFH.RANDOM,"I agree with most of this video, except one thing. Feeling bad for their parents. These are still kids and while they are old enough that they should face the consequences of their actions, it's their parents who failed to raise them properly. They should see this as the price of being shitty parents.",2024-12-14T06:35:18Z,0,0,en
UgyRsOGBKvstbxQP8FN4AaABAg,@Dudeitzmimi,"My freshman year, an international student part of a frat made a joke bomb threat and he ended up getting deported. It's so stupid that people throw away their future for stupid stunts like that.",2024-12-14T06:35:15Z,417,6,en
UgxAiQME-TShTajptuV4AaABAg,@scherzva,I have the same bear from Target,2024-12-14T06:35:08Z,0,0,en
UgyjmPA_E4WVTTpXDIp4AaABAg,@LeadSlinger_,And they will get a slap on the wrist cause they said it was a tiktok video. Ban tiktok.,2024-12-14T06:34:34Z,0,0,en
Ugwu73-FCF0AwTMvDZF4AaABAg,@bobthebuilder2797-b1i,"""What are you in for"" 

""I'm...a tick tocker""",2024-12-14T06:34:07Z,0,0,en
Ugx6ipQwoMJ_RsialIR4AaABAg,@Neverblade911,Ce înseamnă text invers și imagini în oglindă?,2024-12-14T06:33:58Z,0,0,Other
UgxJgFX7Hpp4MPzxPwB4AaABAg,@bdr113080,"Between these two and that one guy that went over to Korea and got arrested I’m actually happy about it. You have a whole generation that is obsessed with trying to get famous over social media by just doing the stupidest things possible. If you’re that desperate for attention, you need mental help.",2024-12-14T06:33:27Z,0,0,en
UgzrcBrQagX0v04sCpt4AaABAg,@ThePinkBlowfish,A prank in college is streaking through a football game. Innocent,2024-12-14T06:33:19Z,0,0,en
UgzwOBzm07bwfP8YHU54AaABAg,@aberration3869,Did he say misunderstudent?,2024-12-14T06:32:27Z,0,0,Other
UgzJmPRecA91Qr6sr5B4AaABAg,@bunnyfufu9933,Is this still a prank? Sounds like some terrorists stuff,2024-12-14T06:31:33Z,0,0,en
UgzgBA-U2p6o0yemAr54AaABAg,@thepax2621,Social media brain-rot is real 😅,2024-12-14T06:30:52Z,0,0,en
UgzvqI2fF27Q6EszeRx4AaABAg,@bRabbitHabit,"Pre Gen Z Parental Saying:

“If your friends jumped off a bridge, would you jump, too?”

Post Gen Z Parental Saying:

“If the people you follow on social media made tik tok videos that could get them arrested and/or killed, would you make them, too?”

The answer to the post Gen Z question seems to be “yes” for an overwhelming number of them.",2024-12-14T06:30:25Z,1,0,en
UgxIVd9sEtrcSvMMt_V4AaABAg,@AmityvilleFan,What's Tik Tik?,2024-12-14T06:30:19Z,0,0,Other
UgzuxzIJ1J8UK1gYsiJ4AaABAg,@D.von.N,"At that age you are supposed to have a level of intelligence and knowledge to know right from wrong. Do stupid things, win stupid prizes. I said tiktok was made by Chinese to bring the western society down from within. It literally encourage folks doing stupid stuff and it was confirmed by investigation and comparison to other social media that tiktok significantly suppresses negative content about CCP. There you have it.",2024-12-14T06:29:56Z,0,0,en
UgyBmEq-0SgvXha87RV4AaABAg,@casperknudsen7086,So where are the parents?,2024-12-14T06:29:12Z,0,0,en
UgwpDBN_f5F8RWnyljR4AaABAg,@markharrisllb,Don't American colleges and university have their own police forces? People who carry real guns and are liable to shoot thinking they’re saving lives?,2024-12-14T06:28:47Z,0,0,en
UgwcI506fy7pmn55zMR4AaABAg,@davidsfoxes,Well done for almost live. You'll get there - keep up the good work.,2024-12-14T06:28:23Z,0,0,en
Ugwyz_Z21cY2V0t2G_Z4AaABAg,@DavidYbarra-c4u,"Probably got a Chinese mind opp  to there device, tik toks only they saw  🤔",2024-12-14T06:28:14Z,0,0,en
UgzZN8NZlPJvi6WZwr14AaABAg,@Running-in-90s,You know whats more worse ? Some of kids thought it was trend and were casual. Imagine if such  thing really happend then what ?,2024-12-14T06:27:35Z,0,0,en
UgwpfWMzbdMJ_5TM7cB4AaABAg,@DavidYbarra-c4u,"It's obvious with  the current crimes are pranks mentality is our educational systems fault.  Haven't been taught  problem solving, or they would have  figured out that taking  a gun to school will cut their life short",2024-12-14T06:26:43Z,0,0,en
UgyeXQN6gbhRp6PVTZN4AaABAg,@davemccage7918,"06:33 Your assumption is correct. I was living on campus right after Virginia Tech, and I weighed the risk of getting expelled from school against getting my soul expelled from my body and decided that it’s better to stay strapped than to get clapped.",2024-12-14T06:26:20Z,0,0,en
UgzuLOinf7NuUD3MvzV4AaABAg,@Dylan_x64,"“Put in the 5 seconds.”
That’s not long enough. Maybe…minutes? Hours? Weeks?",2024-12-14T06:25:22Z,0,0,en
UgyLbH3oGU0aK_VhgMR4AaABAg,@x1xBryanx1x,"New TikTok trend:
Commit a felony and go to prison.",2024-12-14T06:24:45Z,0,0,en
UgyETfAOBOHWmMfxtYl4AaABAg,@BigEarnMcCracken55,I fucking hate Tik Tok and only fans.  Destroying humanity.,2024-12-14T06:24:42Z,0,0,en
UgzFcqDhmUtAd8mV21d4AaABAg,@a.nhonig3311,Just shows how vulnerable our kids are in any school.  Food p common sense gun control?,2024-12-14T06:24:34Z,0,0,en
UgxaGAeYI3o8lcOiHN54AaABAg,@xXUnrulyXx,lol.. why is the video flipped?,2024-12-14T06:22:58Z,0,0,en
Ugx3JOwpd8TGHFDLgR54AaABAg,@creatinjustin,F**k 10 years. I would of given them 30 years,2024-12-14T06:22:44Z,0,0,en
Ugzttpi_l3Wt7xxjG3J4AaABAg,@FD2003Abc,I don't feel bad for the parents. They raised these brats.,2024-12-14T06:22:08Z,0,0,en
UgyCaG3VQpAlBJuUnil4AaABAg,@banshee_queen9,"There is NO such trend on TikTok currently. There IS a need for the government to make banning TikTok make sense, though.

And if you think our government wouldn't, yes they would. Research MK Ultra or the Tuskegee Experiment.",2024-12-14T06:21:58Z,0,0,en
Ugz0W66LrCVKoK5ANPx4AaABAg,@pinecone6,Darwin Survival of the FITTEST at work again.,2024-12-14T06:21:20Z,0,0,en
Ugz9D0e4RjDDrmDvXuF4AaABAg,@SecondBestArtMuseum,"Can we stop calling assault, property damage, and actual terrorism “pranks”? It just reminds me of that Mall incident where every news channel referred to a “prank” but never explained what it was, just that there was a prank and a guy shot the “prankster”. A prank is pointing at someone’s shoes and saying they’re untied. A prank is drawing a realistic coin on the ground and watching people try to lick it up and realize it’s fake. A prank is something small and often insignificant, that usually doesn’t just make the prankster laugh but also makes the person getting pranked crack a smile.",2024-12-14T06:20:55Z,0,0,en
Ugxm5DV-ZR1D_4WENf54AaABAg,@juniisenpai3777,they got 1 braincell and they share it. hahahahaha,2024-12-14T06:20:17Z,0,0,en
Ugw1BdUU_M6s-KE3Cvl4AaABAg,@quanttumflare7659,if there was any doubt that tik tok will be banned. This is a prime example of why it should.,2024-12-14T06:20:11Z,0,0,en
UgxTFsoi9gB7i84Qj454AaABAg,@KikiDiki,There are so many stories of these pranks ending in arrests. How do these people go into it thinking they won't get in huge trouble?,2024-12-14T06:19:55Z,0,0,en
UgwL6JsI2zlkAKdetCR4AaABAg,@TchSktch,"kid at my school reposted a ""dont come to school tomorrow"" with an ifunny watermark on it in 2017, and the next day he was arrested and had to do mental evaluations and shit for like 6 months before he was allowed to come back to school. That was insane to me at the time, this shit I can't even imagine man wtf",2024-12-14T06:19:40Z,1,0,en
Ugzju4vP5MWGynJ1hZF4AaABAg,@kickinghorse2405,This moment brought to you by TikTok.,2024-12-14T06:19:38Z,0,0,en
Ugzry8_30Wfaw9pdnIN4AaABAg,@farqueue001,How about parents don’t let your immature children on TikTok because you don’t want to parent them right into not doing this moronic s**t,2024-12-14T06:19:15Z,0,0,en
Ugz-q-CQhvtmsO7Z4hh4AaABAg,@openranks4519,They definitely deserve a few years of prison time and they’re lucky to be alive!,2024-12-14T06:18:09Z,1,0,en
Ugy6CUR5OgHcHRSLkP14AaABAg,@bluefang162,"Help I think ny braincells died.... wha- 

Make it make sense! How in the world did they think such a prank wouldnt have consequences?! 

Please! Make it make sense!!",2024-12-14T06:16:45Z,0,0,en
Ugz0UR462X4plb3ensR4AaABAg,@roguedm6523,Huh!  These are adults. They are 18.,2024-12-14T06:16:14Z,0,0,en
UgyyrKTnmUaOECLyY_x4AaABAg,@johnathansaegal3156,They're lucky there wasn't an undercover cop in that dining hall. They would have been plugged instantly.,2024-12-14T06:16:11Z,0,0,en
UgzWy4pvtyMAvDe9xFt4AaABAg,@raphaelandrews3617,"Students or stupid criminals  idiots, I think they were crazy. They are lucky the cops did not schoot them dead.",2024-12-14T06:14:51Z,0,0,en
UgwVp0BnE9wkQoZDPNR4AaABAg,@YoyoOSRS,This was not a good prank.,2024-12-14T06:14:47Z,0,0,en
Ugw9HWklWYClDq-R4pJ4AaABAg,@RitzyBusiness,"They should face consequences, but I don't think it should ruin their lives.",2024-12-14T06:12:52Z,0,0,en
UgwF-jGUT5DlZCY2QX94AaABAg,@besxgoddess,I don't see how anybody born after Cloumbine or even Sandy Hook would think something like this was funny😒,2024-12-14T06:12:39Z,0,0,en
Ugyy9jl99ULlEXRIyOJ4AaABAg,@hjv7121,"To do a “prank” so dumb that it makes something like the idea of the government being the ones behind it as a type of false flag to justify TikTok being shut down more reasonable, you have seriously made bad decisions 😂",2024-12-14T06:12:37Z,0,0,en
Ugy1M5RSQGDeru3i_RZ4AaABAg,@shimtest,hmm it turns out t3rr0rism is illegal,2024-12-14T06:12:37Z,0,0,en
UgygfY5tFlf8S9_buyZ4AaABAg,@joeshmoe1436,"The Internet has ruined our youth in today s society , half a generation of duds 😮",2024-12-14T06:12:09Z,0,0,en
UgwzCuP2y7RFglW-BGV4AaABAg,@bigboyepic8598,Isn't this literally a terroristic act?,2024-12-14T06:12:07Z,0,0,en
Ugy9mhpCInJn8voPGCV4AaABAg,@LordNexusTheFir,Take a second to note their skin color 👀🤷🏿‍♂️,2024-12-14T06:11:49Z,0,0,en
UgzDPyuFWz86PeldYU14AaABAg,@BernieForMayor,Bring back the stocks in the town square,2024-12-14T06:10:51Z,0,0,en
UgzBq3vuwZZlHW1TJwR4AaABAg,@Nikyourse1f,"Been watching you for years, great content. Keep it up",2024-12-14T06:10:30Z,0,0,en
UgyThnlkO0uRqERQR7l4AaABAg,@raymondschwartz119,Make examples of them. Hard examples.,2024-12-14T06:10:24Z,0,0,en
UgxW5-8FhWvNXjLuj4Z4AaABAg,@ZimCrusher,Can't they just go back to eating Tide-Pods?,2024-12-14T06:10:12Z,0,0,en
UgxHUj502XTiF5mvEex4AaABAg,@robertparker6280,"No this is not a prank. To me I consider this: Conspiracy to commit domestic terror-ism. Also these punks know better. Stop blaming something, and actually blame the person.",2024-12-14T06:09:51Z,0,0,en
UgwejCrj61nXG7zzaU94AaABAg,@MundMoriginal,"Thanks to tiktok, stupid kiows no bounds.",2024-12-14T06:08:47Z,0,0,en
UgyPY-CAdqz_H8QeKC14AaABAg,@raymondschwartz119,Its a movie on dialy wire.,2024-12-14T06:08:37Z,0,0,en
UgzD1Xv_NS3_3a63xVx4AaABAg,@everfreebrumby8385,Where’s the footage?,2024-12-14T06:07:01Z,0,0,en
Ugy5u3g4r_Lds2-eBy54AaABAg,@bladewolf39,"That's not a prank, that's a threat. Threats aren't pranks. No one points a gun at people and start shouting at everyone violently and then as soon as they get caught theyre like ""Its just a prank, bro."" No, its not a prank.",2024-12-14T06:06:55Z,0,0,en
UgzBnS2m37BIV_fszXd4AaABAg,@hermitcard4654,🤔...?,2024-12-14T06:06:34Z,0,0,Other
UgyCAWxrtVdzOEm1ERl4AaABAg,@geraldzaplawa6390,"Someone needs to be the example, or this shit will destroy our future generations! They need help, not sympathy!!!

Let their parents deal with the results of their kids...",2024-12-14T06:05:13Z,0,0,en
UgycmCBZrLgIwlvhHyF4AaABAg,@marianbuduroi6463,Their brains are on fire and is fueled by stupidity which is burning much worse than kerosene,2024-12-14T06:04:58Z,0,0,en
UgxHHfs-07EiOTXW4Ex4AaABAg,@souless4200,ban them from owning a gun.. EVER!,2024-12-14T06:04:49Z,0,0,en
UgzzsXHjMDLcN0iPux94AaABAg,@ZimCrusher,"NAh... it's cool. ""It's a prank, bro! You see the camera?""
It is legal in the US to do anything you want, as long as you film it..... so I'm told.",2024-12-14T06:04:23Z,0,0,en
UgwR1MaL2Qc4gDPZ1mR4AaABAg,@selenachan4230,Clout is one helluva drug - Ric James 2024,2024-12-14T06:04:18Z,0,0,en
UgxNdkAsq9Bhns65u4R4AaABAg,@killerballs,if these guys were cops you could definitely convince them to do a desk pop easily,2024-12-14T06:03:43Z,0,0,en
UgwOhgcynVyBIfuAULN4AaABAg,@hieithefox,They are 18 they are technically adults and also way beyond the age that they didn’t know this was beyond stupid,2024-12-14T06:02:16Z,0,0,en
UgySMFuYc8uLq_tH-vp4AaABAg,@Dbl4Sllivn,"Look, I know that a lot of people talk tough but, I 100% would have [unalived] them if given the opportunity had I have been there while they were pulling this, ""prank"" at my school. Im not much of a risk taker. Pose yourself to be a threat and im making sure you dont get an opportunity to perform a dangerous action.
All this to say that they REALLY gambled their physical lives with this. All it would have taken would have been that one, ""heroic"" individual and an opportunity. Why these idiots dont understand that, especially after one moron WAS SHOT like a year ago, baffles me.",2024-12-14T06:02:14Z,0,0,en
Ugw_dV2s4z8lVio9ALV4AaABAg,@Sturdywitda30,"It’s just a prank bro
The prank in itself",2024-12-14T06:02:12Z,0,0,en
UgzH-e0JGNbW--NDyo54AaABAg,@NonStopRandom430,glad TikTok getting banned in January,2024-12-14T06:01:44Z,1,0,Other
UgwdLf8plEy9HiPQbqh4AaABAg,@MelisRolten,These guys arent teens if they go to university. They are adults!!!,2024-12-14T06:00:57Z,2,0,en
Ugw7mCg58cFWHm5rgRR4AaABAg,@МихайлоСєльський,"So they should get ""recreated"" prison sentence as a ""prank"".",2024-12-14T06:00:55Z,0,0,en
UgzVzAKEKx0rnS1SPut4AaABAg,@cx11x343,streaming platforms need to stop but maybe soon . about 80 of them just get removed from the mobile app store,2024-12-14T06:00:52Z,0,0,en
Ugyn_I-LDt03VgrVVy14AaABAg,@NomadicSutter,Nobody remembers the 2010s of YouTube..,2024-12-14T06:00:28Z,0,0,en
UgypJ8Yem5MMn51MPOd4AaABAg,@Qub3rs,I have no sympathy for these two morons.  They deserve whatever they get.,2024-12-14T06:00:17Z,0,0,en
UgzGwRS7tj13EGxPNIF4AaABAg,@PapaJoe-c1b,What if a cop or guard or vigilant took them out?  😂,2024-12-14T05:59:29Z,0,0,en
UgzVkSijOk1dmykqUaR4AaABAg,@SlapM3SillyTTV,"also when i was a kid we were that stupid to do that sort of stuff!, we atleast had some common sense dont pull the oh they are just kids card",2024-12-14T05:59:15Z,0,0,en
UgxkQJdrGoV0FXeD6Rl4AaABAg,@JacobSchmitt-j8p,Racist,2024-12-14T05:58:10Z,0,0,Other
UgxeMdLuP1Lh9sFc3vN4AaABAg,@lifestooshorttostress519,"knowledge = knowing scratching your arse fixes an itch

intelligence = knowing you should wash your hand after. before you eat a sandwich.",2024-12-14T05:57:37Z,0,0,en
Ugync7OdmZ-It294V_J4AaABAg,@chocolatechip12,"There’s no “misunderstanding” here. They did the crime. If you punch someone “as a prank”, you still punched someone. If you drive the wrong way “as a prank”, you still drive the wrong way. If you threaten your school “as a prank”, you still threatened your school.",2024-12-14T05:56:22Z,2,0,en
Ugx7GbWRp3K0XbhjQ0F4AaABAg,@geraldzaplawa6390,"I think this ""trend"" was started to see how many people would fall for a ""trend."" So pathetic! They deserve jail time!!!",2024-12-14T05:56:21Z,1,1,en
Ugwoe_QQLnVbB2xXsNF4AaABAg,@AXISpresident,"They are lucky to still be breathing,
and don't deserve to be.",2024-12-14T05:56:06Z,1,0,en
Ugwht69WV6vn10IPufl4AaABAg,@a.........1._.2..__..._.....__,"Growing up we had a kid get expelled for eating a pop tart to ""look"" gun shaped and going pew-pew with it.",2024-12-14T05:55:24Z,0,0,en
Ugw8oLWGLUEOxft3Zb54AaABAg,@Zee_1003,Why are some students in America this dumb???,2024-12-14T05:55:16Z,0,0,en
Ugyn9--MrQwQ3IFnSKR4AaABAg,@Zombie_Snax_420,How there isn't a zero tolerance rule and the authorities are treating this like a goofy prank is ridiculous.,2024-12-14T05:54:46Z,1,0,en
UgywKA0PSoU535Lhn9p4AaABAg,@mtgpackrat7945,"This definitely ranks up there with the dumbest Tik Tok pranks I have seen.  I was checking out your channel and I did not see if you covered the Chase ""money glitch"" which I thought was infinitely more stupid because of the amount of people who tried it.",2024-12-14T05:53:17Z,0,0,en
UgxQwYJCh_DOkcgEYNd4AaABAg,@spencerb4294,"Seems like a similar mindset to the guy doing the punching strangers “prank” story from awhile back. Like mentioned in the video, obviously this would have been a story covered plenty of places before if other people were doing this same prank they are claiming was a trend they copied. Not sure what is worse to do but either way it never ceases to amaze me the type of things people on this earth think they should go do to record it and post somewhere. Every case like this they should get the absolute max sentence. Hopefully that starts to send a message to enough of these people that it actually isn’t a good idea to pull “pranks” and other reckless stuff like this. If they still do it anyway, then at least it is longer before someone with decision making skills like that is back on the street, potentially harming or making random strangers lives more difficult if they get the max sentence.",2024-12-14T05:53:07Z,0,0,en
UgwLQOyeB3_dZAv4xGl4AaABAg,@yxorr,Fresh out of highschool why am i not surprised,2024-12-14T05:50:57Z,0,0,en
UgwBwtQmvTPmFvYS66R4AaABAg,@DigimontamerB,Absolute twerps,2024-12-14T05:49:17Z,0,0,en
UgwR5k4B9ooG7FVpKLB4AaABAg,@nld8985,"Every student's worst nightmare... I'm going to have to correct you on that one, it's every American students worst nightmare",2024-12-14T05:48:58Z,0,0,en
Ugzr2dw30pzbnsFgrqF4AaABAg,@floza87,socialmedia will be the downfall of society....🤦‍♂️,2024-12-14T05:48:28Z,0,0,en
UgzP1F87pdnTrgRQovp4AaABAg,@briandoss9232,Dear god. I'm sorry. WHAT!? How can anyone be that stupid?,2024-12-14T05:47:53Z,0,0,en
Ugz8OmSiZMZhd9jy10R4AaABAg,@keevd1,Theyll only do a year.,2024-12-14T05:47:16Z,0,0,en
Ugx3EVpKxnLmLP3OYoF4AaABAg,@Hotelsoap6911,Honestly i think Trump should've banned TikTok,2024-12-14T05:47:10Z,0,0,en
Ugzh8Oj7WV5B4hJWKbp4AaABAg,@TheLordtaiko,People are going to prison for listening to bots programed by foreign ops?,2024-12-14T05:46:32Z,0,0,en
UgygvSfed2SkiYuePdp4AaABAg,@xandrix,"The most terrifying thing happening right now in this generation is the loss of ""common sense"" and the rise of ""stupidity"".",2024-12-14T05:45:59Z,0,0,en
Ugyktr-11wmhtjuJdDt4AaABAg,@coolgirl312,"Clicked on this expecting to hear about some idiot doing something dumb, was totally not expecting to see something actually threatening and for it to be happening in my state and covered by my local news station",2024-12-14T05:45:35Z,0,0,en
UgxDH1qSlPvffgQZsK14AaABAg,@akarna69,You know what would be funny? Them picking up soap in prison. 😂,2024-12-14T05:45:22Z,3,1,en
UgzVMkY5jo06OlgP1I14AaABAg,@aremoreequal,"This is exactly like shouting ""Fire"" in a crowded theater or ""Bomb"" in an airport. You can not joke about things that people, especially law enforcement, have to take seriously. You cannot joke about things that would cause a panic.",2024-12-14T05:45:17Z,254,1,en
UgypUrhQ55a8nAMd-AZ4AaABAg,@Elpepito1,"ATOZI let me tell you something oh girl young man, the purpose of what he did Is guess what ???? Lol. Lol lol. TOO MAKE ❤OBE MONEY.  $$ $$$ duh. Use your head son.",2024-12-14T05:45:04Z,0,0,en
UgzmAHOs69Gu4hV_RFt4AaABAg,@mozariahrain8363,Wow I am surprised Canada is being actually being tough. Usually something like that is a slap on the wrist.,2024-12-14T05:44:37Z,0,0,en
UgzsIfvBkxlDg3h2LzJ4AaABAg,@entronics,Detention for 5 years,2024-12-14T05:44:23Z,0,0,en
Ugy-z-IAY8y3j6IFZEV4AaABAg,@stephenshadenough,"I hate if when I rob a bank as a prank, and people end up taking it seriously.",2024-12-14T05:44:14Z,58,2,en
Ugyj6mIFJc2TQjvDxq54AaABAg,@harutos8708,"This type of prank can't and won't happen in my country, and I am very grateful for it.",2024-12-14T05:43:53Z,1,0,en
UgwVCexMkeqlIuP5mEx4AaABAg,@ANYHOO0,I'm guessing they'll plead to the least serious charge and get probation/fine/community service.,2024-12-14T05:43:08Z,0,0,en
UgwyzL0K0NyQXEZClx14AaABAg,@criticalsmoker,That's definitely a class f prank punishable up to 10 years in prison,2024-12-14T05:42:19Z,0,0,en
UgyCGhMuzCZ1dzmpYcR4AaABAg,@Graaf27,tiktok is cancer,2024-12-14T05:41:59Z,0,0,en
UgzIJ-ZsUiCGuFW6chJ4AaABAg,@bud6961,"Also, half of America hates heroes like Daniel Penny so not only did they risk themselves getting smoked they would've also damned another student for trying to safe people.",2024-12-14T05:41:41Z,0,0,en
UgxTZPw-UuT1-b1ba494AaABAg,@blackcat7k,Get rid of Tik Tok. The platform allows this because the CCP wants this stupidity.,2024-12-14T05:41:31Z,0,0,en
Ugw9tNENBYXBgKoy2pd4AaABAg,@alsmith9853,What a pair of dingleberries,2024-12-14T05:40:47Z,1,0,en
Ugx0tDmrdkquAdsMvxN4AaABAg,@Lordskelecat,Deserved for them to be expelled,2024-12-14T05:40:18Z,0,0,en
UgwkdDdTBFEq3Ng_jPV4AaABAg,@beckystarrski,"I’m curious to hear about these imbeciles inter web footprints, what they watch, draw, have they any type of fake manifestos and REALLY are the same types who usually do this. The outcasts bullied ones in school etc.  Perhaps they chickened out this time, & decided to say it was a “Prank” even just because they wanted to do a practice run sort of thing.🤨 You NEVER know!  They DEFINITELY need to be investigated BIG time.  It would be very tragic to see these two’s  mugshots via the News in the future for a non “prank!”",2024-12-14T05:40:10Z,0,0,en
UgzNPayveGqYoJTimet4AaABAg,@SensiProductionzBlindDogVideos,UCONN has really gone downhill these days.,2024-12-14T05:38:45Z,1,0,en
UgwE5V9vpDp7We1Zr4d4AaABAg,@DavidPabon-e8d,"These bozos have no common sense !! Make an example out these illegal immigrates breaking the law too !!! Taking residents apartments , spaces , ect  !!!!",2024-12-14T05:37:47Z,2,0,en
UgxmLP2j1eh4q0IkSNp4AaABAg,@Explosion-,It should be mandatory to force this grown up kids to learn that they are qualified to be in prison if they do very very dumb stupid shit after they reach the age of 18.,2024-12-14T05:37:16Z,3,0,en
UgzEdyfG3H429I_RZlJ4AaABAg,@fcukyou2_,"By ""viral"" they mean they saw it on the internet once.",2024-12-14T05:37:13Z,2,0,en
UgzX-B1RGrhxKSo_xPR4AaABAg,@illuminatidestroyerbear2231,It's the US trying to propagate this as if it's a real girl trend. They want to take out tic Tok for Israel because their military is literally filming themselves commit war crimes.,2024-12-14T05:36:43Z,1,0,en
Ugz1WGPQO1k_GSkh8WZ4AaABAg,@Badlckshleprock,This crap is why I hate TIKTOK,2024-12-14T05:36:22Z,1,0,en
UgyH1wrwBhAJSIfNihZ4AaABAg,@JamesPond93,and this is why tiktok needs to be banned in the uk aswell. these called pranks are not even funny its causing terrorism and its a serious threat in the whole of the united states right now. yes im british and know this isnt even close to being funny. im very dark humoured but this heres isnt even dark humour its disgusting i hope the law says hold my beer for this one and makes an example of these not funny pranks also they prove a point theres a limit you should not cross.,2024-12-14T05:35:41Z,1,0,en
Ugzhl0YdYeUHUYZGVSN4AaABAg,@ricklee7171,It's a blue state...what you expect,2024-12-14T05:35:15Z,1,0,en
UgzSZqO4R0kiv_iySVx4AaABAg,@SensiProductionzBlindDogVideos,"I think they made up a “viral trend” excuse to try to get out of a joke they made up themselves.
How’d they make it to college is my question… I mean, as far as brains are concerned… How?",2024-12-14T05:34:57Z,2,0,en
UgxjvNTt6o8yMEixHrp4AaABAg,@Santouryu3,"Johnny Somali: They did it for money and clout, and I am proud of them!
*Drops soap*
Internet: Idiots these days...",2024-12-14T05:34:42Z,18,0,en
UgzdBjHWyyS7EQfGxmt4AaABAg,@fcukyou2_,"""Viral"" is the 2nd most overused word in america after ""racist""... they both have lost any and sll meaning.",2024-12-14T05:34:21Z,1,0,en
Ugw08PDgTkgZ-BSuUeN4AaABAg,@blainesworld6404,Like they say play stupid games win stupid prizes. 😂,2024-12-14T05:33:59Z,0,0,en
UgzMGgops5ltIsB8RHZ4AaABAg,@alrighty6898,This is why TikTok should be banned. Its creator doesn’t care what is posted on it,2024-12-14T05:33:10Z,0,0,en
UgzpaS92pqm9IrxtQW54AaABAg,@2steps1ceps38,Some states allow carrying on university property... and some people carry anyway. They're lucky they didn't get lit up.,2024-12-14T05:33:03Z,0,0,en
UgxSbHYlzG8iJq02NhB4AaABAg,@TheEleventhDoctor,This is why tiktok is getting banned for good,2024-12-14T05:33:01Z,0,0,en
UgwOX7gENW3ERIWCqgh4AaABAg,@lulu4085,How traumatising for the students in the cafeteria. The stupidity of these two is astounding.,2024-12-14T05:32:39Z,22,0,en
UgzdkG-asCEcMr7ydUp4AaABAg,@0svvan0,"this kind of thing is why they're gonna ban tiktok

....well no... they're banning tiktok because it's chinese....but I'm shocked they didn't use this kind of shit as the excuse",2024-12-14T05:32:04Z,0,0,en
Ugx9Hym1i5rs-JLFd-94AaABAg,@nikot.9920,"I didn't think anyone could top the ""Bank Robbery Prank"" but this officially the worst case of darwinism I've ever seen. Hope they get the book thrown at them.",2024-12-14T05:31:58Z,0,0,en
UgwT4iYerl4TPuG22st4AaABAg,@Richard.Dawson,"""ex-samples""",2024-12-14T05:31:37Z,1,0,Other
UgzdGxtP1oigchSAssN4AaABAg,@MrPapageorgio,"""Today I'm doing the running at police with a knife prank!"" Social media is cancer.",2024-12-14T05:31:36Z,1156,24,en
UgwUBTAp5rc4oBOsrQR4AaABAg,@Oneleaf99,If human kind wants to survive for next 3 genration all govt in the world has to ban social media till they turn 18.,2024-12-14T05:30:49Z,0,0,en
UgzXMTEWovNQytqaoFJ4AaABAg,@slayer7682,youth is wasted on the young,2024-12-14T05:30:41Z,0,0,en
UgysOeB6aDkZsp3B4hl4AaABAg,@Chibi_Mercury,"these pranks arent just terrible in that moment. what if someone actually does it, and people think its a joke?!",2024-12-14T05:29:23Z,0,0,en
UgwW7TO5fWPoFyajvMF4AaABAg,@Ligerscout,"To me it looks like a bunch of teen wannabes who want to re-create that mid 2010’s “It’s just a prank bruh!” trend. I am a college student personally, and last semester in the library I witnessed some random teen trying to pull some sort of ‘damaged book return’ prank while his friend ten feet away failed to subtly film it. The librarian had enough after some prodding, and she firmly told him to leave and security was called. Turns out they were not even students at the university.",2024-12-14T05:29:16Z,0,0,en
UgzkJA1R7tzsRs3IIEp4AaABAg,@MichaelMelko-l1l,Gee I can’t wait to see how dad and mom feel about this,2024-12-14T05:28:45Z,1,1,en
Ugxtu_PoxxW0DbZeYmB4AaABAg,@phatpapaj,Sandy Hook happened in Connecticut,2024-12-14T05:27:33Z,1,0,en
UgznrR2FE-rqtPEb1194AaABAg,@MichaelMelko-l1l,Stupid,2024-12-14T05:27:12Z,0,0,Other
UgwFBB_f2pgJbYo7wrZ4AaABAg,@hotwheels_1993,CT resident here they're idiots. Ever since Sandy Hook they don't play with this,2024-12-14T05:27:04Z,1,0,en
Ugz07Uz9_j5VWc--_ON4AaABAg,@mustangdude1629,Thank goodness this cancer is getting banned,2024-12-14T05:26:26Z,0,0,en
Ugy-tMvqwRmtDhXM-414AaABAg,@elllhefe,I hope they make an example outta these idiots,2024-12-14T05:26:09Z,0,0,en
UgybwYqjG4e02cs8zmh4AaABAg,@XxSuperLeexX94,Georgia State University allows Firearms to be carried in the classrooms. I’m a Veterans and I concealed carry with my CCW permit everyday to school. I did not trust anything in Atlanta.,2024-12-14T05:25:58Z,0,0,en
Ugzn1e4wVT2jCqkaFfB4AaABAg,@ablebaker8664,"Tragedy erupted when a group of students reenacted the seige of Entebbe Airport...
While a second group was reenacting a hidden level in Duke Nukem.

Outside, the reenactment of a Call of Duty campaign was uneffected by a GTA prank to blow up the administrator's new car.",2024-12-14T05:25:27Z,0,0,en
Ugx_jICkLiL-trXu28F4AaABAg,@IZZYTM,1:38 MAN AM I TRIPPING HOW TF AM I SUPPOSED TO READ THAT SHI 😂,2024-12-14T05:25:00Z,0,0,en
UgwpK1Q_auuuTY0lBel4AaABAg,@burnttoaster4165,Love how our generation is so desensitized we just sit there and eat when there’s a “shooter” in the building lol really fuck up their self esteem with that one,2024-12-14T05:24:34Z,0,0,en
Ugw2O6QBZy3QqLUBmzh4AaABAg,@kimokim9398,"How did they even get accepted to a university,  that was dumb 😂",2024-12-14T05:24:22Z,0,0,en
Ugwoqp93U-repiwWPPN4AaABAg,@nachoconazodiablo1234,"How in the world have pranks evolved into ""terrorism funny""?",2024-12-14T05:24:16Z,0,0,en
UgxNFFTpYmmSe9g3Ir94AaABAg,@StamperzChannel,Whenever you think humanity has reach its peak stupidity. Universe always seem to surprise us😂,2024-12-14T05:23:28Z,0,0,en
Ugy2qBSlfSjhLwnN9N54AaABAg,@benjaminaswad6486,I love tiktok. Sheep. Stupid people. Slaves to the need to be like everyone else. They deserve everything.,2024-12-14T05:22:47Z,0,0,en
UgwT7rBLmjSEt8Oo2OV4AaABAg,@ButteredToits-,"Wow, Bao",2024-12-14T05:22:47Z,0,0,Other
UgwheCRPeQ_AmJWZjQh4AaABAg,@blackpiranaha525,the asian kid probably would prefer the jail sentence rather than take the beating from his parents after getting expelled from college 😂,2024-12-14T05:21:38Z,0,0,en
UgwCORhBpbrHrCzoBvd4AaABAg,@jooei2810,"There is now words to describe how stupid this is…
Yes there is, TikTok prank.
That’s it, those are the words.",2024-12-14T05:20:13Z,1,0,en
UgzIPD-xhsDsAnSR2s54AaABAg,@Sofia-Stella-n-Luna,I’m ashamed to live in the same state as these geniuses smh 🤦🏻‍♀️,2024-12-14T05:19:52Z,0,0,en
UgyBaRKpbuj7wy8XEeN4AaABAg,@grcfrank,Parents will at times pay for four years upfront because of the massive discount…ouch!,2024-12-14T05:19:17Z,0,0,en
Ugx3S_dBWahI__VBsH94AaABAg,@stephenfiler3204,These are adults going to a university. They should know better,2024-12-14T05:17:57Z,0,0,en
UgxRbQciIvouRVRh1-p4AaABAg,@nickmoney,"""It's just a prank bro!"" Is the defense? Fake ""pranks"" were dumb but at least just brainrot not federal crimes",2024-12-14T05:17:34Z,0,0,en
UgyDii5s6vZ3GJpE7Nl4AaABAg,@natesnotahero,Is ite or atozy feels really off in this video?,2024-12-14T05:17:24Z,0,0,en
UgzRgVQ3OpGVvOphhVx4AaABAg,@petesolo70,At what point did they think this was a good idea?,2024-12-14T05:17:14Z,0,0,en
UgwUu1x2d_yXyBCYBnJ4AaABAg,@Monkor002,"Open the door, get on the floor. Everybody walk the dinosaur 🦕 🤣 🙄",2024-12-14T05:16:39Z,0,0,en
UgwSLxVlNicNqZbNnFR4AaABAg,@Bdear1,"They're very lucky to have only faced legal issues. It sounds like they told students they were a threat, causing students & others to believe their threat. The actual danger doesn't change what they believed was a real threat, & response to serious threat. It's an instinct or reflex in response, & even if students are unarmed, they could seriously hurt or kill the ""shooters.""",2024-12-14T05:16:37Z,0,0,en
Ugx9Lrn4Er5XrGRB8Kp4AaABAg,@jeffwalker9486,"A year in jail and expelled, I guess mom and dad?will take care of the rest",2024-12-14T05:16:33Z,0,0,en
UgzKQzA22Dcvecuw7LN4AaABAg,@digadigado,"It's more than no gun policies, it's a federal crime iirc",2024-12-14T05:15:50Z,0,0,en
UgwgK32LVDOcnHQCmCd4AaABAg,@KimimaroYenPup,"The only thing I NEVER get is that its like a ""prank"" but if the pank is to get a certain reaction, why do they not expect the consequences of the reaction? Like... did they expect everyone to be so chill that no one would even report to a teacher? Like the point was to get a very real reaction right? Sooooo were calling the cops in response to gun. Period.",2024-12-14T05:15:27Z,2,0,en
Ugwv27CH69FULF-71qV4AaABAg,@free4fire,"Why is it so hard for some people to understand that committing a crime and then yelling ""It's a prank bro"" right after does in fact not magically not make it a crime anymore.
A prank is something were afterwards everyone can laugh about it even the target for the prank.",2024-12-14T05:15:21Z,307,1,en
UgyggdpkgZUdOGZ8MSR4AaABAg,@IceQueen3253,Did these morons think they could get the dining hall to do the cha cha slide or what?,2024-12-14T05:13:11Z,0,0,en
UgzSvLahXhJJ_Ci5sp54AaABAg,@JoannaEve,TikTok more like brainrot 🤢,2024-12-14T05:12:23Z,0,0,Other
Ugx2H7b1UM464FaAwbR4AaABAg,@RickArnone-f1n,Common sense is gone,2024-12-14T05:11:36Z,0,0,Other
UgzL_YRlpqjeykn7OU54AaABAg,@RickArnone-f1n,Tic Tok is dangerous ... baiting you to get killed,2024-12-14T05:11:03Z,0,0,en
Ugxpjla0cOAYa9Az1il4AaABAg,@Dracodeumonis,I'm beginning to think this wasn't a tiktok,2024-12-14T05:10:41Z,0,0,en
UgxHjUsjy0lCIiFOaid4AaABAg,@Sillydk-ot6dk,When did harrassing people suddently changed name to prank?,2024-12-14T05:10:22Z,1,0,en
Ugw8MgVkims1dGtMrcp4AaABAg,@RyanChand-c5b,"you finna lose your job in January when Tik Tok's gone , lol",2024-12-14T05:10:06Z,0,0,en
UgxeOc96p6su94kiyAt4AaABAg,@gazzas123,They were lucky that they weren't shot.,2024-12-14T05:09:55Z,0,0,en
UgwdGv2zDsPnZG2Bbp54AaABAg,@shweyashweya,"Lucky they weren't neutralized on the spot by their ""threat.""",2024-12-14T05:08:01Z,0,0,en
Ugz2wZaidhxZiRH2y3R4AaABAg,@violetakers4595,tik tik video.,2024-12-14T05:07:26Z,0,0,Other
UgxJ0WyFAfqPfrW02Ed4AaABAg,@SyntheticHuman01,The 2 knuckle draggers needs to be kicked out. Florida woman got prison time for t re lling a health insurance company will repeat the ceo with marios brother,2024-12-14T05:06:59Z,0,0,en
UgzALJ3nTnLTGx-G5Lx4AaABAg,@ssfbob456,"I remember back in the day a buddy of mine did a prank he reffered to as ""mild vandalism"" where he would wait for someone to leave, be it the teacher or another student, and then he would quickly rearrage all their stuff. They ended up very confused for a few minutes, we all got a good laugh  everyone had fun. What none of us ever thought to do was pretend to have a gun and threaten to shoot people becaus that seemed less fun for everyone.",2024-12-14T05:06:53Z,120,13,en
UgwcsPqwhMSwbX7joDN4AaABAg,@cydneyd6368,If they’re old enough to be in college then they should have known this was dumb🤷🏽‍♀️ Recreating a school shooting is not a prank…,2024-12-14T05:06:29Z,0,0,en
UgyM3j-jr380M8AQ7f14AaABAg,@RGT941,"Good point about not trying this in the south. Besides the campus police, I could see someone concealed carrying on campus even though it is illegal at the moment.",2024-12-14T05:06:05Z,0,0,en
UgyxOAbBLMjoyB8UZ254AaABAg,@PoenariMoon,"As a resident of CT, there are still plenty of gun totin friends who would do something :| Yikes",2024-12-14T05:05:20Z,0,0,en
UgwjvTTA66Q2XIxy-z94AaABAg,@bubbalo3388,"TikTok is for people with short attention spans. Not everyone that watches videos on there are idiots, but there are sure a lot of idiots do.",2024-12-14T05:04:40Z,0,0,en
Ugz74ZYgRsiCC-aQoxN4AaABAg,@Spahki,"... how is this even a ""trend""? Why do people think they can actively commit crimes as long as they play the ""prank"" card?",2024-12-14T05:04:37Z,0,0,en
UgyPy3HBPJWj07EmUiN4AaABAg,@dagazrune6453,"@Atozy regarding your comment at 06:20 you are correct. In the State of Arizona while most (if not all) our State and Community Campuses have rules against both open and conceal carry while on campus I know several current students that at least have the weapons available in their vehicles near the campus if they aren't just carrying their weapons concealed. For those that know there are plenty of legal holsters, messenger bags, backpacks, and purses that allow for safe conceal carry w/o giving any hint that a pistol is carried. People better not think about doing ""pranks"" like these in States that allow / encourage conceal carry much less open carry.",2024-12-14T05:04:35Z,0,0,en
Ugx475NpT6wmn-HjIsx4AaABAg,@SyntheticHuman01,Give the game to moders and let them iron out the game,2024-12-14T05:04:33Z,0,0,en
Ugyk-_G4Q7-Oq6opJap4AaABAg,@WeAllPlayBall,"_Clout addiction_ is _detrimental_ to one's *health*
Tread lightly on _notoriety_",2024-12-14T05:04:10Z,0,0,en
Ugw4B5YgyRAcH_7l3J54AaABAg,@Syphon13,They are now going to recreate a court session and a prison term.,2024-12-14T05:03:54Z,1,0,en
UgwltX2WqoQ2QRByBlF4AaABAg,@carlytan3202,Listen idk wtf kinda “trend” this is…. But this is also why TT NEEDS to be banned… the sooner the better…. I don’t even think this would’ve been “funny” 30 years ago?! wtf?! 😩,2024-12-14T05:03:06Z,0,0,en
Ugxbj0tim5Ta9zjj5EZ4AaABAg,@definitelynotaroach,There is nothing funny or silly or cool about school shootings. If you think this is okay you are very sick and need to be mentally evaluated.,2024-12-14T05:02:14Z,0,0,en
UgzYKONMUmIPTR0X5X54AaABAg,@LOON3Y2OONS,"I get being a stupid kid, but our dumb shit was trying to jump a bike over my mates dads shed. Only person I hurt was myself 😂.",2024-12-14T05:01:01Z,1,0,en
UgzDKBlS898seSt79fB4AaABAg,@Caexkepesk,If you claim PhD then I wanna read that dissertation,2024-12-14T05:00:49Z,0,0,en
Ugx2mNuSCBT63lsAW8N4AaABAg,@carlytan3202,Are pranks not supposed to be funny anymore?? 😩 wtf is wrong with ppl?!,2024-12-14T05:00:25Z,2,0,en
UgzG_JsUkFgU7Ri-S7x4AaABAg,@ViciousCryo,"I'm sure if it's a ""trend"" we would hear more about it xD",2024-12-14T04:59:56Z,1,0,en
UgxSB5PeuUGOAAvyTHd4AaABAg,@SilverWolf-cs7ju,A prank I did in high school was I dressed up as a teacher I had/everyone liked. THAT was a prank. I walked in and started the class acting like him and he followed shortly afterwards and laughed. He called the principal and she got a laugh as well. Pictures were taken and I got back to class. It was my senior prank.,2024-12-14T04:58:32Z,0,0,en
Ugz7xWgfVLwISCoJWA94AaABAg,@Snarktrovert,How to get shot by the cops.,2024-12-14T04:58:20Z,1,0,en
UgxQ1fmiFHJH70nkLip4AaABAg,@TheWizardOfEgo,I thought 'Stranger Rodeo' was bad,2024-12-14T04:58:18Z,0,0,en
UgxGDQDyWH3h9sWs4014AaABAg,@overtheairbroadcast,"Oh, hilarious!  Those two braintrusts should try the prank at a police station next.",2024-12-14T04:58:10Z,2,0,en
UgxO2_bJrMARe3Dmvz94AaABAg,@Circee11,Someone should remind these streamers that theres no streaming in prison. Its like they have this fantasy of streaming live from jail. Thats not happening,2024-12-14T04:58:09Z,0,0,en
Ugydcd1wfyu_aTouO_J4AaABAg,@Ronnierocket06,you are my favorite internet lesbian,2024-12-14T04:57:48Z,0,0,Other
UgxFNa4DwUJP0uMWZnJ4AaABAg,@Ride-With-Me-69,For once i agree with Kamala. College students are stooopid.,2024-12-14T04:57:37Z,0,0,en
UgwmtFhLW_RCJFDpOll4AaABAg,@ninianggan7345,"How about starting a trend call ""pass an exam with flying colors"" challenge.",2024-12-14T04:57:21Z,0,0,en
UgxMBlOnrf0gYhUEuYd4AaABAg,@ChengTeoh,"Whoever would find doing things like this ""funny"" needs some serious counseling.",2024-12-14T04:55:58Z,0,1,en
Ugxe76W_-lcJMnUTVjh4AaABAg,@Post.nut_Clarity,jan 19th can't come fast enough...,2024-12-14T04:55:56Z,0,0,en
UgylP60_XVouu9r3Q7p4AaABAg,@Ray-df1zu,another prove tiktok user have no brain,2024-12-14T04:55:26Z,0,0,Other
UgxtSYSMh-sQKv6yBCh4AaABAg,@h-osullivan,Ct takes school gun threats seriously. Sandy hook changed everything.,2024-12-14T04:55:02Z,0,0,en
UgwQI70EZ_aDazmDaB94AaABAg,@SpenstarUndercover,"""We live in a time of zero tolerance for any kind of violence in schools or on campuses.""
That is absolutely not true. Just depends on the color of the victims skin, or if a gun was involved.",2024-12-14T04:54:40Z,0,0,en
UgxBDE5zdodsEGC-qWJ4AaABAg,@sir_beatdown1015,"If there was a cop present at the time and responded accordingly, you know the media as well as the parents of the 2 idiots would've been all over that.

""Cop open fired on social media infuencers""",2024-12-14T04:54:25Z,0,0,en
Ugw09tJXCyiU6_iVtUR4AaABAg,@JedoRPG,Next they should try that viral trend of spending 10 years in jail,2024-12-14T04:54:24Z,0,0,en
UgxieMBHF25myv9NwLF4AaABAg,@pacsmile,yeah if anyone needed one more reason to ban tiktok,2024-12-14T04:54:23Z,0,0,en
UgwFr6xCnBRxMSmCYLt4AaABAg,@badgercdlyons,"""...this is a good time for parents to talk with their young adults about...""   Nope.  A good time to do that was 5-10 years earlier.  Now it's a good time for the justice system to make an example of the 'trend followers' breaking the law to recreate something from TikTok.  Adults go to jail, not the time out corner.",2024-12-14T04:53:50Z,0,0,en
UgzRSJJz2XuE6UiXZGV4AaABAg,@StaytrueStayyou,They are old enough to know what respect is sadly they decided to play f*ck around and find out.,2024-12-14T04:53:34Z,0,0,en
UgwRvutzOmZp6GWz1Zp4AaABAg,@CandymanSays,"They should be given life in prison. At the 5 year mark, offer them release to parole, if they agree to have their index fingers removed.",2024-12-14T04:52:23Z,0,0,en
Ugxaus0cFBgwtIgFBjN4AaABAg,@StevetheLynx,"2:50 at this point, media literacy needs to be thought to 2nd graders. Can't trust parent to do it.",2024-12-14T04:52:18Z,0,0,en
UgyjZ0ZUPIDFUDUMU6l4AaABAg,@BluesShouter,The supermarket a n tik tok trend seems easy to duplicate the video with no danger. I would imagine the first video used some kind of mattress out of the shot for his landing.,2024-12-14T04:52:13Z,0,0,en
UgyNDIK0TjeWTxJSaq14AaABAg,@alfiewillis4893,You look like a cross between EgoRaptor and Trevor Moore. So handsome.,2024-12-14T04:50:27Z,0,0,en
Ugx1LYck2HBDU0hlvHB4AaABAg,@Psychenik,"more and more proof that Tiktok needs to be banned, you cant convince me otherwise.",2024-12-14T04:49:58Z,0,0,en
UgyOnUXC6lMWo8Ay7TV4AaABAg,@BoonyH,Put them on a 🪢,2024-12-14T04:49:27Z,0,0,en
UgwVUFfKYDJHh6Vd_y94AaABAg,@cgill4269,This happened not far from Sandy Hook too!! Morons!!,2024-12-14T04:49:23Z,0,0,en
Ugy7XwxlW0MSCWJGfJ94AaABAg,@MissMistressNerd,Could the kids who were yelled at sue for emotional damage? If it were me I wouldn't be able to return to school for a bit thus missing out on school I paid for. I'd 100% make them pay for that at the least. I've seen wins for millions for much less.,2024-12-14T04:49:22Z,0,0,en
Ugy_Y9o77nsuf9h7rDJ4AaABAg,@Comment_Hand,"Breach of peace?
Where them damn oil protestors at, someone tell the nearest cop!",2024-12-14T04:48:59Z,1,0,en
UgyNd89E0Af8GSu3zA94AaABAg,@TogekissKate,further proof tiktok needs to be banned,2024-12-14T04:48:53Z,0,0,en
UgwJaN4yoOC_I7rHWRh4AaABAg,@thesnowman7590,"""This is a good time for parents to talk with their YOUNG ADULTS....""

Yeah, im pretty sure if you have to check  the common sense levels of your kid that can legally drink, smoke, drive, f***, and get tattoos, then you've failed a long time ago",2024-12-14T04:47:51Z,0,0,en
UgwwGbnyL7Y0SflYjOB4AaABAg,@BadAssSykO,They could be charged with kidnapping as well.,2024-12-14T04:47:22Z,0,0,en
Ugwyi6UIwaN1xaaixuR4AaABAg,@JavierLorenzoLimonRuiz,"The Industrial Revolution and its consequences have been a disaster for the human race. They have greatly increased the life-expectancy of those of us who live in “advanced” countries, but they have destabilized society, have made life unfulfilling, have subjected human beings to indignities, have led to widespread psychological suffering (in the Third World to physical suffering as well) and have inflicted severe damage on the natural world. The continued development of technology will worsen the situation. It will certainly subject human beings to greater indignities and inflict greater damage on the natural world, it will probably lead to greater social disruption and psychological suffering, and it may lead to increased physical suffering even in “advanced” countries.",2024-12-14T04:46:58Z,0,0,en
UgzLygLs_6M6xq9_2JN4AaABAg,@jimmyfrench4722,"Think the door kicking is worse…more possibility of an old person having a heart attack, a homeowner responding with deadly force, damage to property/cost to victim…",2024-12-14T04:46:02Z,0,0,en
UgwjQOKaGVXNoOsUULF4AaABAg,@Chodaboy65,How do people this incredibly dumb get into a university?,2024-12-14T04:45:56Z,0,0,en
UgyQrMFUVkgAnvCAvVJ4AaABAg,@cal593,"0:21 oh, come now. You covered that lady who shot her boyfriend through a book with a .50 caliber hand gun. This is a close second, but that's definitely dumber.",2024-12-14T04:45:49Z,0,0,en
UgzIrrg1IZfIQBIZ3KJ4AaABAg,@JayR-jo9,Social media and streaming is going to be the downfall of humanity. There isn’t enough good things that come from it to out weigh the bad.,2024-12-14T04:45:23Z,17,0,en
Ugwlf9dryYuqehxd2pp4AaABAg,@Daisy-sc6tm,"If they had done that where I live, this would have ended badly for them. So stupid.",2024-12-14T04:44:40Z,0,0,en
UgxbyyrhcDEoFyai99h4AaABAg,@jimmyscott5144,Why does the kid on the left look like a bad Michael reeves,2024-12-14T04:44:07Z,0,0,en
UgzHlwlElPJlFpcvKW14AaABAg,@TwistedWVaGrin,Not all judges will be sympathetic and let it slide. Some will make an example of this kinda foolishness,2024-12-14T04:43:59Z,0,0,en
Ugx9SHRncwom_EyIzjh4AaABAg,@BD-or5yh,Detective in interrogation room: “ oh it was a tik tok prank? Say no more. Y’all are free to go. Just send me the link before you leave. Merry Christmas you jokesters! “,2024-12-14T04:43:54Z,0,0,en
Ugy_FlbkmWlV0A154Bp4AaABAg,@karlcarlsburg9641,"Not an american. Just curious, is the price of tuition for a semester, a year, or an entire program?",2024-12-14T04:43:10Z,0,0,en
UgwTV3LAcaBmh3rMI5R4AaABAg,@moonj605,lord if those happened in tennessee they wouldn’t even be able to finish a single threatening sentence before someone took them out first😂,2024-12-14T04:42:48Z,0,0,en
UgzqG-0zr8_OBnqwxYp4AaABAg,@mindripperful,1 min of what actually happended 9mins of Atozy in utter disbelief,2024-12-14T04:41:53Z,0,0,en
UgxMkTJwAXKgzBRmzZ94AaABAg,@sdenison3463,"Hmmm. We were young and never managed to FAFO, we were actually smart enough to FA, not threaten anyone ever and always have a whole lot of fun!  I think we, back then, must have been a BUNCH smarter than these ninnies.",2024-12-14T04:41:36Z,0,0,en
Ugxztk6wCbePlrKZqyN4AaABAg,@moneymaker1986,"Yall gotta chill 😂 yea Trump is back in office and we got a ton more freedoms back, but we’re not quite there yet boys 🤣",2024-12-14T04:41:33Z,1,0,en
Ugw9SOoJr8OStzDe9LB4AaABAg,@clydedraconazha,"""Prank"" is hastily becoming a calling code for ""crime"" at this point",2024-12-14T04:41:32Z,3779,38,en
Ugw6PAqnyaz2Zvh_rep4AaABAg,@lonewolfe2502,"There's something  really wrong with American people's mind, especially wh*t€s.",2024-12-14T04:41:22Z,0,0,en
Ugx8eSv8gfZRmySu8e54AaABAg,@nevduv9990,No way!!!! I live super close to this campus! This is the first I’ve heard of this 🤦‍♂️🤦‍♂️🤦‍♂️🤦‍♂️🤦‍♂️🤦‍♂️,2024-12-14T04:41:14Z,0,0,en
UgyFWW4GQwkBGaklPMR4AaABAg,@ZantariEXE,"Don’t worry, when they get their cheeks clapped in prison it’ll just be a prank",2024-12-14T04:39:17Z,0,0,en
UgwXpyn5ZMmhM2MZi7V4AaABAg,@matthewb8229,They even look like idiots.,2024-12-14T04:38:57Z,0,0,Other
UgyZXTINWctEr_eGEYN4AaABAg,@Starfleet8555,In one move these ruined their lives. They now got a criminal record and are expelled from their school. No other school is going want to have these guys and they're going have a hard time finding a job.,2024-12-14T04:38:56Z,0,0,en
UgyZjZZU-HtbI38o7eV4AaABAg,@FishFlop_The_CatSlap,"in the video: they maybe possible could face 10 years in they get the max sentence
the title for clickbait: they ARE facing 10 years",2024-12-14T04:38:16Z,0,0,en
UgzKtUBirM1EAnB7hch4AaABAg,@Straight2daPoint0,They watch si many tiktok but the ones that have consequences apparently dont appear on their fyp,2024-12-14T04:37:38Z,0,0,en
UgxxSkkwV73iOPuBv354AaABAg,@amypanddirtytoo1926,I live in CT. Way to go dumbasses. The same state that had to deal with Sandyhook and That's the prank you pull?,2024-12-14T04:36:44Z,0,0,en
UgxmlgA3iT5wunP0Hp14AaABAg,@N0D0hNuts,"They got arrested because they didn't say ""it's just a prank bro!""",2024-12-14T04:35:19Z,0,0,en
UgzqpU7ujnVagh7YYzR4AaABAg,@TheLastRivian,Connecticut? Where comedy goes to die and even Dave Chapelle can’t get a laugh?,2024-12-14T04:35:01Z,0,0,en
UgzaENu1_yC4qyW9VCt4AaABAg,@jimbolaya65,Next level Einsteins right there 👍🏼😬🫣😝,2024-12-14T04:34:57Z,0,0,en
Ugz_qMKbewVZTYU7bNF4AaABAg,@armymoaengene9181,Idiocracy is happening. It's become real life. We just need Terry Crews as president and the prophecy will be fulfilled,2024-12-14T04:34:05Z,0,0,en
UgzUbyaB59TTX9NpOV54AaABAg,@PoppyKreslina,It’s Robert Hawkins and Seung-Hui Cho,2024-12-14T04:34:03Z,0,0,en
UgzH4lCjL2lKy3WMbcZ4AaABAg,@Manbat420,"I've never used tik toc but I honestly feel this had nothing to do with tik tok, kids just be doing dumb stuff then think saying ""duhhh, tik toc told me to do it"" is a viable excuse.",2024-12-14T04:33:29Z,3,0,en
Ugyf96z66LCwXglUzvh4AaABAg,@JordanLikesOfficial,"Don’t call them teens, 18 is legally an adult and they should be treated as such by the law",2024-12-14T04:32:30Z,0,0,en
UgxXHuiklsK1YgsZxjR4AaABAg,@moonmoonfoxo,Glad tiktok getting banned,2024-12-14T04:31:57Z,0,0,Other
Ugxmbn2EvWCD-Gq4B-N4AaABAg,@madethistocomment727,"The thing about them calling it a ""viral"" trend when we haven't heard of it. The media does that. They hear that it was a copy of something and just run with it since it sounds better than ""some idiot copied some stupid video."" This ironically will often CAUSE the thing to go viral because they're giving it more attention. The same thing happened with the tide pods thing. It was just a few idiots at first, then the news reported on it and claimed it was a new ""trend"" and then the masses copied because, ""if it's trending, i have to try it to stay relevant.""",2024-12-14T04:30:38Z,0,0,en
UgzKDSDEpq-OTjZPI3J4AaABAg,@tqlla,"Was that really a viral tiktok video?  Isnt UConn a pretty good school, I am surprised that these two have no sense.",2024-12-14T04:30:21Z,0,0,en
Ugz82ax426mkXxe6N4R4AaABAg,@joeldyer6925,"Dudes mugshot looks like asian Bubbles, lol",2024-12-14T04:29:53Z,0,0,Other
UgwetaH_s0cXTyvKc9t4AaABAg,@davidbendall7919,They're lucky that they are still alive.,2024-12-14T04:29:33Z,0,0,en
Ugzc92ocq55blvK5Qxd4AaABAg,@hahagames214,“TikTok trend” seems like a good excuse to ban TikTok if you ask me 😂,2024-12-14T04:29:27Z,0,0,af
UgzD7eNhEIOGI_Z2OOZ4AaABAg,@HonestWatchReviewsHWR,"If you're the kind of person who copies TikTok ""trends"" then I'm automatically going to assume that you are a moron.",2024-12-14T04:27:57Z,1,0,en
UgwyjNgiD8LzliDxJb94AaABAg,@aarontillery26,Wasn't me it was peppermint schnapps and Tic Tok,2024-12-14T04:27:43Z,0,0,en
UgxCj7pEXGyJhQvYkhp4AaABAg,@marcmata5574,Classic case of f*cking around and finding out.,2024-12-14T04:27:26Z,0,0,en
Ugxx2aX5QU0A90M_W1d4AaABAg,@randomgreyalien4835,"now that they did become viral, they can enjoy their fame in prison 🤣",2024-12-14T04:26:26Z,0,0,en
UgwWBkvJllB-wRsm2uR4AaABAg,@justintime9133,"They are truly lucky no one was carrying concealed in that cafeteria. I know on our campus there are a lot of people with conceal carry permits (including myself), it more then likely would have ended horribly. I have been back to College multiple times to get different degrees and certifications and during one of those periods we had a young man threaten people while suggesting he had a gun and two former MP's put him on the ground at gun point. They were not f-ing around with him in the least.",2024-12-14T04:26:18Z,0,0,en
UgwWkFfAcWbzoJGSr0Z4AaABAg,@carltons.campbellcampbell6096,Boo-Hoo.,2024-12-14T04:25:58Z,0,0,Other
UgyCYqx9wO1eqEjIfIF4AaABAg,@raaby7236,"We need to ban TikTok. The amount of stupidity and insanity it causes negates ""good"" it has ever done.",2024-12-14T04:25:49Z,18,1,en
Ugzdl8eqikjby4VUwht4AaABAg,@Sketchcook81,This generation are a bunch of morons.,2024-12-14T04:25:44Z,0,0,en
Ugx1mS7dE3XjGNPGN0N4AaABAg,@blacksuite1,YouTubers did something like this in Nashville and one got shot.,2024-12-14T04:24:27Z,0,0,en
UgzqSnyOKvYtlivNE6B4AaABAg,@inCawHoots,"Holds entire dining hall hostage
""It's just a prank bro!""",2024-12-14T04:23:18Z,0,0,en
UgzhOby24UzKOBeswpN4AaABAg,@dankenstien420,"i was in 5th grade when colobine popped off, i was in a hallway doing a tornado drill when all those kids died. I cant believe i live if a world were kids not only murder kids but also prank things like this is just crazy. what a sad world. Gl to all the youth out there, sorry its so fucked.",2024-12-14T04:23:07Z,0,0,en
UgwLiywlIT-SrczqmhR4AaABAg,@maximpestsolutions3696,Yup...Idiots.,2024-12-14T04:22:33Z,0,0,en
Ugyxf3aiQ6QWknIvLQR4AaABAg,@frederickblackston,This was 100% a test run,2024-12-14T04:22:04Z,0,0,en
UgzKK_rVF3DlmXBYia54AaABAg,@ivanangeli,"6:00 why would you laugh at this? I bet, when you read the news, you were excited by the number of clicks and dollars you will make out of it. Makes you evil also, dude, just in a diferent way. But evil is evil.",2024-12-14T04:21:52Z,0,0,en
UgxStHqreF95eAJPlpp4AaABAg,@EnjoyLifeSilly,What the actual F*** 🙄  🤡s,2024-12-14T04:21:24Z,0,0,en
UgxxlDSb1kXqvbQ3dIp4AaABAg,@ryelor123,Hope the case gets thrown out. All they did was scare a handful of people. Now they're probably going to get into actual criminal stuff thanks to their lives being ruined due to laws that exist for actual criminals. This is why we need to legalize corporal punishment for small-time offenses like this.,2024-12-14T04:21:13Z,0,1,en
UgxSPgDuFm42ZdKQi2J4AaABAg,@Foxwolfred,They way atozy and people are looking at it is the problem you guys are still making excuses bc the y’all’s younger generation is dumb and think you should always be told not to do something like this that’s privileged thinking right there they 100% should be expelled and charged bc there was no reason for it and they knew it beforehand but still chose to do it there’s literally no excuse for that the problem is society enabling pranks like these by making any excuse for it,2024-12-14T04:21:11Z,0,0,en
UgxMY2n2lU219xINSwl4AaABAg,@kevincarter6001,These two walking jugs of blood should get the maximum. How did they not get lead poisoning?,2024-12-14T04:19:42Z,1,0,en
Ugz_keKS7Z6RXfDW0k14AaABAg,@robinshull6510,If they did that here in Kansas there is a chance that they could have been shot. As we have a campus carry law.,2024-12-14T04:18:05Z,0,0,en
UgyXdtQQn5h_qsFOa194AaABAg,@johngiaquinto8705,Serve s them right another couple of morons who think they are above the law,2024-12-14T04:17:29Z,0,0,en
UgxsquS-oT7rWTQ5aQZ4AaABAg,@Daybit97,"That’s not an Asian! That’s an F-sian! He shouldn’t be doing TikTok, be doctor first!",2024-12-14T04:16:58Z,0,0,en
UgxxCyvA1mi1_UKY-6l4AaABAg,@Shiroee22,BAN TIKTOK!,2024-12-14T04:16:57Z,1,0,Other
UgwF6jbXKULbLxntvPF4AaABAg,@quickstep2408,"gen z and younger are the dumbest, most brain rotted people on the planet right now. especially if they’re from north america 🤦‍♂️",2024-12-14T04:16:46Z,1,0,en
UgzZcZS6-ZK9eYxLKBp4AaABAg,@HypocritesExposd,"Doesn’t matter if it’s a prank. Breaking the law is breaking the law and they broke multiple laws. Play stupid games, win stupid prizes.",2024-12-14T04:16:39Z,0,0,en
Ugx1HNf9AQspVqxHfY14AaABAg,@JigmeDorji-o6y,Stupidity is one hell of a drug 🤡,2024-12-14T04:16:18Z,0,0,en
UgxlEAOVwj7oQ-HsItR4AaABAg,@ganker24,This is where a social media score would work great.,2024-12-14T04:16:07Z,0,0,en
UgzT-ytXRUWq9a5iGoh4AaABAg,@Zz-nq7gc,Please Atozy put your PHD in a frame we don’t want it to wrinkle,2024-12-14T04:15:10Z,0,0,en
Ugz-5BzYVZfpPrViDhR4AaABAg,@chrisancola,"If you continue doing any tiktok trends and you end up losing your life, then one less stupid people in the world",2024-12-14T04:15:02Z,1,0,en
UgyLdhD8poMPJ-tBPeh4AaABAg,@Yourmanjeff,Where will people go to get bad ideas when TikTok goes away?,2024-12-14T04:14:29Z,0,0,en
UgwrwPlOTcZk-ed4lwR4AaABAg,@DocP91B,We are at the point where criminal stupidity needs to be a statute.,2024-12-14T04:13:20Z,0,0,en
Ugx86YpTryNfsOPApEJ4AaABAg,@lunarmoon9501,"Stupid is stupid,no excuses. And in a school ,no way. They have to be disciplined ,or your saying this is alright,you're inviting it. Nip it in the bud,",2024-12-14T04:12:57Z,0,0,en
UgyyWxohlwWFpz7U0Tx4AaABAg,@Endurian_Darko,"Sometimes im glad this people exist so that I won't have to do the ""What Ifs"" in my mind.",2024-12-14T04:12:36Z,0,0,en
UgwEjzKHmPOK0IfWrAd4AaABAg,@bobbentz5993,At what point is a person somehow responsibile for misunderstanding a prank? Are people supposed to assume now every encounter is a potential prank?,2024-12-14T04:12:14Z,0,0,en
Ugxh4Qm4Gs2QqoRouNF4AaABAg,@johnpp21,america is cooked,2024-12-14T04:11:34Z,0,0,en
UgyW8qYKliyaSjTOZph4AaABAg,@Malopz,This gettin too local,2024-12-14T04:10:50Z,0,0,en
Ugx7EylmLApqZpYjKyh4AaABAg,@yewhanlim8916,"Since they threathen with firearm, they could have got themselves shot. 😅",2024-12-14T04:10:46Z,0,0,en
UgyhpWdZOCdL_Rb5jT54AaABAg,@TheJtyork420,Even of they were trying to copy a tik tok. How the hell does that make it any better or make them and less responsible?,2024-12-14T04:10:36Z,0,0,en
UgzTHSJd7cm-gUyIA6x4AaABAg,@madmadmal,Stuff is back assward,2024-12-14T04:10:26Z,0,0,en
UgxaMxlejUqy7yYfUOl4AaABAg,@jimwhitehead230,What absolute morons.,2024-12-14T04:10:26Z,0,0,en
UgzaZGEkCRR646FFfy14AaABAg,@16gauge90,"At many places in the USA, they could have gotten shot.",2024-12-14T04:09:40Z,0,0,en
UgwIM32gqsBNV1Sn_mV4AaABAg,@sheenalauj8441,"Whyin my days, a prank was someone took your book bag tot he front of the room that moment you weren't looking and as you panick the teacher says, JOHN, did you forget something? Then your eyes gze to the front of the room to see your bag with a Lost&found note and a PS5 Console game box anchored to the your bag. And the classroom screams GOTCHA! and you walkaway with our doorprize . And that was what a prank was. To put them in an unconfortable position and to return with a overwhelming opposite emotion completely embarassing them having contemplated murder for that split second only to walk away the happiest person at that moment on the planet. That's what a prank was..

The pranks these days, are the cut and past pre-requisite rules  for ""Dumbest Chriminals that were caught""  Subreddit forum.",2024-12-14T04:09:32Z,1,0,en
UgzUbk0sj1mo9LIYYGN4AaABAg,@celticlightning9703,"The problem is when stupidity does something and reality steps in you have stupidity relatives screaming "" my boy wouldn't hurt no one"".  And the "" he didn't deserve to be ended for a prank"".  And your now government supports the stupidity relatives and those protecting themselves are punished.  That's what a communist society looks like people.",2024-12-14T04:09:24Z,0,0,en
UgzfKeEmGfMCET9CQQt4AaABAg,@r3gret2079,"Lol hey nice hat. Ironically, D.A.R.E. is what got me into drugs. Nice.",2024-12-14T04:08:44Z,0,0,en
UgyvnRhYVdmU-6S00hR4AaABAg,@KnotNoxus,"connecticut mentioned, please take it back 😭",2024-12-14T04:07:53Z,0,0,en
UgzB9N6j3lXezWvBRrZ4AaABAg,@kkuczak0001,Their mugshots are disturbing. This stunt could be a red flag of them being into things like this enough to commit the real thing one day.,2024-12-14T04:07:50Z,0,0,en
Ugw0YG-JwJOdhp2Job94AaABAg,@jessetreadway5249,I don't feel bad for their parents. They raised these idiots.,2024-12-14T04:07:09Z,0,0,en
UgxEhmk2t2ps0mYBt5R4AaABAg,@JamesHerman-u3y,"3D printer here, we can make ANYTHING with motivation, used to work .mil for for somethings, we can build it.",2024-12-14T04:06:46Z,0,0,en
UgzDo2g1YKBpBd_Vk-B4AaABAg,@appatula,"Being a CT native and growing up in New Haven, Bridgeport, West Haven it's obvious these kids grew up in a small town in the sticks and have a complete lack of street smarts or common sense. They have no respect or regard for the rampant ongoing gun & gang violence in CT's city's. Beyond this they lack any semblance of maturity which is alarming considering they are college students. I mean talk about being out of touch with modern day reality, Sandy Hook was only a little over 10 years ago. You don't joke around about having a gun...anywhere anymore. You better have one, have a good reason to use it, and most importantly be willing and able to use it. Especially (god forbid) they were in New Haven, Bridgeport....forget about Hartford. Very lucky they were at UCONN, otherwise these kids would have become another statistic. Its terrifying that these are the kinds of kids that are getting accepted into colleges these days....",2024-12-14T04:06:19Z,0,0,en
Ugwf06JC_Sg_ps3VlEl4AaABAg,@Zanathal,I KNOW THE KID BWAHAHAHAH. Never thought id see my home town being covered by Atozy,2024-12-14T04:06:16Z,0,0,en
UgywVITLlF6MKtzpuUF4AaABAg,@pcgw741,Can there be a rule stating that pranks breaking rules or pranks at the expense of others is strongly prohibited and will be taken seriously. Bring back or reinforce zero-tolerance,2024-12-14T04:04:45Z,0,0,en
UgyPlSipqfADC_R7TvV4AaABAg,@monkey7707,Haha .... its a pwank brwoh,2024-12-14T04:04:40Z,0,0,en
UgwUB-kpjhFKhvx1tvR4AaABAg,@DourMessor,"What are they re-enacting Columbine?  Seriously, There is no excuse for this kind of behavior.",2024-12-14T04:03:56Z,0,0,en
UgydiIbhsTIkDTpZUDp4AaABAg,@h4lia,i was imagining a fake bomb threat or some shit this is equally as bad maybe even worse,2024-12-14T04:03:50Z,0,0,en
UgxVuOU71dtgVKwCANx4AaABAg,@trippykatg,Im on crack,2024-12-14T04:03:20Z,1,0,en
UgySI3A4es1d-y6Fvj94AaABAg,@louiseviau9586,Obviously critical thinking was not a part of the curriculum for these two pranksters. They are lucky that lethal action wasn’t taken against them by people in the dining hall. What a mindless act!,2024-12-14T04:03:13Z,0,0,en
UgyoFa5xvw9xVgKHjIN4AaABAg,@TrapDaddyJose,1.4k likes to 7k+ in literally 0.5 seconds is wild,2024-12-14T04:03:02Z,0,0,en
UgzdWwej2BVtz_OSbVl4AaABAg,@SuperDragonWagon,Well let them (pretend ) to live in prison for 10  years !!!! What a trend!!!,2024-12-14T04:02:51Z,0,0,en
UgwVpuMc2o8F6ZBgv6R4AaABAg,@abalrog42,This is a HORRIBLE IDEA to advertise this on the news you dolts!! 🤣🤣,2024-12-14T04:02:31Z,0,0,en
Ugy1ia0qQlOY6gwbDPJ4AaABAg,@patnope6344,You know I'm wondering if it was more of a test tbh. Do the prank and if they get away without being caught by police maybe they ramp it up into an attack on the school. But also I doubt that if they were recording...,2024-12-14T04:02:26Z,0,0,en
UgyYbtm6ATA69tczxtx4AaABAg,@GlassesJacketShirtMan,"Nothing surprises me anymore. I just know if there is something stupid for someone to do, it will happen.",2024-12-14T04:01:59Z,0,0,en
UgzRv3-3MmPfqpH2h1F4AaABAg,@backpackingtony1779,7:47 ill be looking forward to your lectures on TikTok stupidity professor 👨‍🏫,2024-12-14T04:01:52Z,0,0,en
UgwgL2TVYBW5Wk7PlWF4AaABAg,@TheDarkmagus421,"They more than likely just decided to blame it on Tik Tok prior to the act. Yuck. ""Video games made me do it"". Smh.",2024-12-14T04:01:21Z,0,0,en
Ugw_8lt2tyYVS6tL3KV4AaABAg,@seansmith4880,Timothee Chalamet and Bowen Yang decide to do a collaboration and THIS is what they choose to do?,2024-12-14T04:01:02Z,0,0,en
UgygWIFqzoNlvvWgr4l4AaABAg,@monkey-man7430,Technically it is the same trend. It’s called the “ruin your life” trend where you start are do something you seen other dumbasses do and get your life ruined,2024-12-14T04:00:59Z,0,0,en
Ugy_RYqAZemx9_IdIHt4AaABAg,@MarquisLeary34,Social. Media. Was. A. Mistake.,2024-12-14T04:00:52Z,0,0,en
UgxUp5Djd-cBvzdhZ7N4AaABAg,@maryford3243,They aren't smart enough to attend college,2024-12-14T04:00:50Z,0,0,en
UgwVmA3tzgBnYSdBfEF4AaABAg,@matthewchristian9591,The upside to this prank is that they weren't killed for their stupidity seriously what the fuck were these 2 thinking.,2024-12-14T04:00:37Z,0,0,en
UgzieBmPUaTaRz9MDJB4AaABAg,@mauricelopes6472,Judge will prolly give them both probation for 2 months,2024-12-14T04:00:28Z,0,0,en
UgzgYpzVKejwMcL_rQZ4AaABAg,@Sylv3onYT,Hopefully they don't just slap them on the wrist.,2024-12-14T03:59:48Z,0,0,en
UgyPjwb5z1ZtSZE7lH14AaABAg,@Jack-jw3rd,"I'm from CT and in 3rd year of college, i remember getting the notification on my phone from NBC lol 
I cant fathom how idiotic these bozo's are, especially bc this type of thing is a sensitive topic in CT (Sandy Hook) - the state isnt that big.",2024-12-14T03:59:20Z,0,0,en
UgyNYHvi9uKGNAXYLFh4AaABAg,@eriktout5084,Proof that going to college has nothing to do with intelligence.,2024-12-14T03:59:00Z,0,0,en
UgzGOMf7pRZZpZICKst4AaABAg,@b0nez89,I really cant understand why tiktok is going to be banned......................,2024-12-14T03:58:57Z,0,0,en
UgxbUdCZ9YR9udwfyQ94AaABAg,@Donteatmossimsensitive,"Say it with me kids, just because you label it a prank doesn’t actually make it one",2024-12-14T03:58:35Z,0,0,en
UgxMOaMx2Le-j1hv8Pt4AaABAg,@xlbthedemigod5662,University?! Jesus Christ I’m not in college but jokes on them. They gotta pay up not only fines but them loans too,2024-12-14T03:58:19Z,0,0,en
Ugwg-14YoaVkpFGvuSh4AaABAg,@lout3921,"I love TikTok challenges, trends and pranks for showing who the future idiot's are.",2024-12-14T03:58:08Z,0,0,en
Ugz0QnIRqZwf3raD2wV4AaABAg,@Rowscreets,Kids really shouldn’t be on social media…,2024-12-14T03:56:54Z,0,0,en
UgxTWEOFDDJLoI1eBlB4AaABAg,@thejourneytomypurpose,"Yeah, I remember that ""prank"" at the trampoline park. Some guy thought it was a real robbery and unalived the youtube who did it.",2024-12-14T03:56:52Z,0,0,en
UgwNcUXnZC3mtUiCw6V4AaABAg,@aarontyler69,The sooner TikTok is banned the better. It's fkn cancer!,2024-12-14T03:56:06Z,1,0,en
UgwE6y1r-SVONCIeb1V4AaABAg,@GSUS-fc6ss,But they went viral didn't they?,2024-12-14T03:56:05Z,0,0,en
UgzOtCdo2TZIA15mzOl4AaABAg,@songflower1111,Can you please talk about the billy Carson and wess debate,2024-12-14T03:55:59Z,0,0,en
UgxKf9W1RjyCtdaNSu14AaABAg,@ninjabearpress2574,I'm glad I can read backwards and upside down text.,2024-12-14T03:55:36Z,0,0,en
UgzVY2kJ4F8hEyZime54AaABAg,@katla_phc,"Just a reminder that this occurred at the University of CONNECTICUT - the same state as the Sandy Hook massacre, and the Sandy Hook survivors are old enough to be attending college. There is a non-zero chance that they retraumatized kids who have already been through a school shouting before.",2024-12-14T03:55:19Z,0,0,en
UgyMAIyA5jngFxZ4WZR4AaABAg,@AussieElricFangirl,"Can we stop labelling these absolute morons as 'just young'. When I was the same age, there were a bunch of 'trends'/'challenges' many of which were dangerous, and exactly zero people at my high school and zero people at my uni did these pranks.
Yes, the brain isn't finished developing until around 22-25yrs old but you are way old enough to understand risk/reward and where to draw the line.
Pulling a fake gun and claiming it is really is the same in the eyes of the law as pulling the real thing. These morons have grown up their whole lives with the threat of mass and school shootings, they understood their actions, the courts should throw the book at them and the media should stop parroting the excuse of they're young.
As with all pranks 'confuse not abuse'!",2024-12-14T03:55:18Z,1,0,en
UgztEV_pIC_1-ruccIh4AaABAg,@pandafox94,"10:14 or take the time to think ""can I get shot for this"".",2024-12-14T03:53:53Z,0,0,en
Ugw-7yGJjKjWcN4aMQZ4AaABAg,@sain678,At first from the thumbnail I thought Michael Reeves finally threatened national security,2024-12-14T03:53:37Z,0,0,en
UgyKNa3lfWAsac7vR1R4AaABAg,@eliasaltenberg,"Are ""young people"" (I'm in my thirties) these days way more stupid than when I was in my teens and twenties, or is it just me imagining things?",2024-12-14T03:53:34Z,0,0,en
UgzlX8jRPtGorwXxqpt4AaABAg,@NoStoppin2_Tv,This is why I deleted TikTok it gives idiots bright ideas like this…,2024-12-14T03:53:25Z,0,0,en
UgxBICRhCyyxnjt_33R4AaABAg,@oblivious8868,"Not defending these two idiots, but if someone told me that reenacting a school shooting was a TikTok trend, I wouldn't really be surprised. That has more to do with how out of control ""pranks"" and IRL streaming has gotten more so than it being a TikTok thing, though.",2024-12-14T03:53:16Z,0,0,en
UgxXGBkFFt-8yom_-OJ4AaABAg,@WizelBalan,"What do these jokers think is going to happen?  That they were gonna say psych!! and everybody would get up and start laughing/clapping, giving them handshakes and pats on the back saying how awesome they are for such a prank and that they got them good?  Seriously is that what they thought was going to happen?",2024-12-14T03:53:04Z,0,0,en
UgyuSKf5ssH2fDj_KoN4AaABAg,@madfoxgaming2493,"Let these young kids get locked up
 Make an example out of them",2024-12-14T03:52:36Z,0,0,en
Ugx_0sOUeuhMaqttLrV4AaABAg,@fragslap5229,"To me a BIGGER ""prank"" is the U. of Connecticut charging 21 grand for tuition to resident students.",2024-12-14T03:52:32Z,0,0,en
UgylV5yVSVqJF7Jo_Wh4AaABAg,@CurriedFavor,"Yeeeeeah, lucky to get arrested instead of shot.",2024-12-14T03:52:29Z,0,0,en
UgxaZajRF40kabc1Sjh4AaABAg,@OveToranger,“Re-enacting a viral TikTok trend” is the new “it’s only a prank bro”…and equally stupid,2024-12-14T03:52:21Z,0,0,en
UgzmbZCkl1zOmLTUq4l4AaABAg,@JoyDavidson,"Americans, are you mad about our countries circumstances? Get in to your local politics and vote these rich people out. Show them what real power looks like. No more splitting sides between us. We're all in this together. If who we vote for doesn't do what they say we vote them out. This isn't a short term solution but this will work. No more rich people in politics.",2024-12-14T03:52:18Z,0,0,en
Ugz11jL6fVkkF8JFi1h4AaABAg,@micktaylor9332,The amount of stupidity in young people is utterly staggering.,2024-12-14T03:51:47Z,0,0,en
UgxgYfRREmWGjWjQQ1R4AaABAg,@peanutcolada621,This wont stop unless a deterrence is placed. Someone will bite the bullet and a tiktok trened like this should get at least 15 years in prison. Make an example out of them and stop future morons.,2024-12-14T03:51:45Z,0,0,en
UgzKvrJ8QMdWjWTaWnV4AaABAg,@peltiereric6497,"Not too long ago a guy was “Helping” Undocumented Immigrants stay in the US by staging fake armed robberies of these migrants who could then be eligible for a special status that permits victims of crimes remain inside of the United States even if they already had a Deportation Order signed by a Immigration Judge. 

Needless to say this fool who was staging these fake robberies wasn’t doing it for the goodness of his heart he was charging the victims a fee when they pre-planned everything but they couldn’t actually pre-plan everything as it turns out. See an innocent bystander going into the gas station saw what he believed to be a real armed robbery of someone else at the gas station and shot that “Robber” who was then granted his Darwin Award at the pearly gates of heaven when they said sorry we don’t let fools like you in.

That kind of scenario is exactly what could have happened to these kids but yeah it’s New England and a BB Gun is a weapon of mass destruction up there",2024-12-14T03:51:41Z,0,0,en
UgzD8NoMdBM-TiQu1tx4AaABAg,@sakurakitana3087,You can't yell Fire In A Theater!!,2024-12-14T03:51:27Z,0,0,en
UgwNHjeB7B_mHWUhZBd4AaABAg,@Somebodythatyouneverknew,How are stupid little kids still doing trends? I was popular in high and never did such things so why you?,2024-12-14T03:51:16Z,0,0,en
Ugx8AZHsPhFGS5cUSpJ4AaABAg,@raisedstray4947,What happened to planking? Dude that shit was harmless and entertaining,2024-12-14T03:51:08Z,0,0,en
UgzPRWan9cQoUO486MZ4AaABAg,@questionblock8949,18 is not young. By then you know what is wrong or right. They are adults.,2024-12-14T03:50:29Z,0,0,en
UgwZO52HCKJ-Fk989r94AaABAg,@kidbuu9894,What 🤨,2024-12-14T03:50:05Z,0,0,en
UgxdKq-_RBHBTiysDGl4AaABAg,@xraysjbxraysjb2452,If a student had a permit to carry a gun these 2 guys could have been shot and killed. These guys need jail time to prove a point to the pranksters.,2024-12-14T03:49:51Z,0,0,en
UgyWtzXKt3fQzsP-0mF4AaABAg,@squarestar326,"Misunderstoof???? Is that guy s brain just fungi or what? We all got what it was about! There was no 2nd degree, it was not something u can only understand if u re subtle enough!! They ruined their education, brought shame upon themselves and their families. That s what happens when u re a talentless greedy worm with dreams of fame but absolutely zero idea or skills.",2024-12-14T03:49:07Z,0,0,en
Ugzwqvqqtsj7bi-G47V4AaABAg,@King_Tny,"I swear to god I only just heard this. CT is normally chill guys we barely do anything crazy. We have sandy hook incident. Trust me, its taken seriously.",2024-12-14T03:49:04Z,0,0,en
UgxeW0BQa-m1h4tBh8F4AaABAg,@kyzercube,""" This is a good time for parents to talk to their young adults to differentiate what is funny ""  That conversation and lesson was suppose to take place when they were toddlers doll.",2024-12-14T03:48:48Z,21,2,en
Ugym-QQUoTa-YRX3OpR4AaABAg,@LochAndLoad95,"As a Canadian it took me a while to realize they were saying UCONN, not like Yukon here in the north. I was thinking this happened in Canada for a good 2 minutes 😂",2024-12-14T03:48:39Z,1,1,en
UgyMDTfQ5mqkxDdb2zl4AaABAg,@AFChase,"I as well have a PHD. Ask your mom, she saw it and was really impressed.",2024-12-14T03:48:22Z,0,0,en
Ugx-jkTmOujpTjSRY3d4AaABAg,@azerosblank5036,That's properly stupid. One more reason why TikTok is getting banned in the US.,2024-12-14T03:47:40Z,0,0,en
Ugw5fi3tNYh3UWx-z314AaABAg,@ItsReidgd,These trends kinda make me think tiktok needs to go,2024-12-14T03:47:02Z,0,0,af
UgxwSRIwRD9iV7aUAsZ4AaABAg,@TheBlackGunslinger,"Hey Atozy, i was watching your last video on my lunch break at work, and it turns out one of my coworkers watches you too!

Shoutout to you if youre reading the comments, Madi!",2024-12-14T03:46:56Z,0,0,en
UgxqR5oLvEHkclHMjNx4AaABAg,@ScarletMarie0007,"I don't mind dark humor but in America where mass shootings are all too common (especially at school/campuses) this isn't a prank but terrorism in the sense that the ""prank"" is making orders fearful that they are going to die (which is never a prank/joke btw)",2024-12-14T03:46:53Z,0,0,en
Ugzscf6Lf7pXRjE7Ed14AaABAg,@CrashBandiii,Something is seriously wrong with america at this point.,2024-12-14T03:46:47Z,0,0,en
UgwuCTZXoe1lYAm2pdV4AaABAg,@dammitjohnny,"How to get expelled from school, speed running edition.

But seriously, social media has reached a point that it just makes people stupider, and it shows a lot in young teenagers these days with stupid tiktok trends. Just imagine this was being done to the wrong person.

Being young doesn't mean you should be spared from any consequence. If your parents didn't educate you right, let society do it for them.",2024-12-14T03:46:45Z,0,0,en
UgzpQFD2GXaFGxAHD3N4AaABAg,@UnusuallyGirthy,Makes you miss when these idiots would just eat tide pods...,2024-12-14T03:46:30Z,0,0,en
Ugw2zzWC5IjP9xRjfk14AaABAg,@ChimeraX0401,"How can parents guide their kids on differentiating what's funny and what to take seriously when parents today doesnt act like one. They dont even supervise what their kids are watching, so how are they supposed to do that....",2024-12-14T03:46:27Z,0,0,en
UgxSlsiE3oeJ8nK8ESF4AaABAg,@pandafox94,How do you get to the point in your life where acting mentally disabled is your everyday mode???,2024-12-14T03:46:25Z,0,0,en
UgwhoFsYpb0RRvjJcyB4AaABAg,@redeyejedi68,Two smooth brained walking sharts.,2024-12-14T03:46:23Z,0,0,en
Ugws2-6BywtJVAuz3QN4AaABAg,@AFishThatCantSwim,Am I stupid or why is all the news clips in reverse/ mirror?,2024-12-14T03:46:18Z,0,0,en
Ugw7l4aikkVh-gl2b_p4AaABAg,@ChefPew,"9:14 to be honest we used to kick people's metal screen door hard as fuck and run like 25 years ago when i was like 8yrs old living in the projects, but we never filmed it or told anyone, and we stopped when we seen some old lady Ukranian grandmother come out with the longest double barrel we'd ever seen, she didn't see us and come to find out it wasn't loaded either but we learned our lesson 😂",2024-12-14T03:46:03Z,0,0,en
UgxtxVCIz3bFn9lOf3R4AaABAg,@Mama_Bear524,There was a kid who was fighting another kid with a knife at my boys’ school yesterday. This is so scary.,2024-12-14T03:46:01Z,0,0,en
Ugw1EKFqGg62KWxDxj54AaABAg,@lauxmyth,The Academic was saying 'zero tolerance for school shootings' given how little came out of many school shootings.,2024-12-14T03:45:56Z,0,0,en
UgyUglh91_-4sjQ7jDh4AaABAg,@Ginanyela,"Im in CT and even middle schoolers know better not to even play due to what happened at Sandy Hook Elementary. 
CT is zero tolerance when it comes to school safety.",2024-12-14T03:45:51Z,0,0,en
UgxTnCfJfUq8vH1Bcdt4AaABAg,@KPrent82,Surprised they didn't get charged with using a firearm to taking hostages especially as the other would be in fear for they're life. These 2 guys are so stupid as they have just made they're own lives a lot harder in future. I can't believe how the world has went as it seems these youngsters brains have been cooked from to much social media,2024-12-14T03:45:50Z,0,0,en
UgytkcMlVO7D0z79jKd4AaABAg,@eugenelayton5231,"""Alleged"" my azz, they are guilty.  So what if it messes up the rest of their lives.  They deserve the max punishment.",2024-12-14T03:45:45Z,0,0,en
UgwxXCA88WhQOyIJ4mN4AaABAg,@KCsFunHouse,These kids have grown up from kindergarten through high school learning active shooter drills. It makes sense they wouldn’t take something like this seriously. I’m not saying what they did was ok or that they shouldn’t face consequences but it definitely makes sense that they were desensitized,2024-12-14T03:45:39Z,0,0,en
UgzT4TSFHmFal2t7sGV4AaABAg,@LucyJaneCruz,Children should not grow up unsupervised on the internet.,2024-12-14T03:45:38Z,0,0,en
Ugz5jAxyv6y8FAA1goR4AaABAg,@joshuaiable,When you have a yt friend XD,2024-12-14T03:45:23Z,0,0,en
UgzVVGDwslGraoiATjF4AaABAg,@LordTomoyoshi,"BAN ""PRANKSTERS"" ACROSS ALL PLATFORMS.",2024-12-14T03:44:59Z,0,0,Other
UgzipTe2_4hLEwV6K_B4AaABAg,@briansalce2808,This is getting ridiculous. These kids from CT trying to put themselves on the map lately for the dumbest reasons. All Clout. From the 'Kia Boys' to 'Squeeze Benz' coming down here to this nonsense. So sick of my state being involved in the biggest cloutchasing dummies of the year this year.,2024-12-14T03:44:56Z,0,0,en
UgyWxVqyqPXPswAv-8d4AaABAg,@norodzubara8888,tiktok should be banned already its making people dumb and brainwashed,2024-12-14T03:44:49Z,0,0,en
UgzAwNSeTQKHjD-srmZ4AaABAg,@mikl12354,"The phrase “Social experiment” has lost AAAALLLLLL meaning…

Also, isnt what they did considered a terrorist threat? Sjnce they did what they did to INCITE THE TERROR!",2024-12-14T03:43:58Z,0,0,en
UgxyvBOTrMZW1tUTVpl4AaABAg,@edgaralanfrog,"School shootings happen too often that no one ever thinks it’s a joke. What the heck were these two dingbats thinking? That they wouldn’t get in trouble? Did they not grow up with zero tolerance BS in grade school? College is the same, only you’re an adult and you will go to jail or possibly prison.",2024-12-14T03:43:30Z,0,0,en
UgwiyHlGzNzh3OMFiNV4AaABAg,@richrock455,thats your generation. Generation garbage,2024-12-14T03:43:12Z,0,0,en
Ugxrs8JLSsfNV9owV4x4AaABAg,@plnko,"As an asian, we don't claim him",2024-12-14T03:43:03Z,0,0,en
Ugz6po5J7vd9rlouGYJ4AaABAg,@JordysTomatoGarden,So dumb.,2024-12-14T03:42:38Z,0,0,Other
UgxvQ8lt3wxxiOZGYSh4AaABAg,@artemisia4718,This is something you can’t cry wolf about without severe consequences.,2024-12-14T03:42:03Z,0,0,en
UgyMpchJG4ih3lE1a694AaABAg,@melodyconte,"Doing this ""prank"" in general is horrifying but in CT? Really? That's so disrespectful to the victims of Sandy Hook",2024-12-14T03:41:56Z,0,0,en
UgwNQVKp3RbPlWBl24V4AaABAg,@christinesinclair6938,@6:06 I sincerely doubt that either of these guys have scholarships,2024-12-14T03:41:43Z,0,0,en
Ugw67phSGnSdwzRh_Vp4AaABAg,@rh840,Can’t wait til that app gets banned lol,2024-12-14T03:41:40Z,0,0,en
UgxBEsQSxoYVL4qlpq94AaABAg,@God-ec8ni,people are so woke nowadays that they cant take a joke,2024-12-14T03:40:44Z,0,0,en
Ugww4hhP2cysIGpyV3N4AaABAg,@Carlover-q5k,At least tiktok wont be here for a long time☠️,2024-12-14T03:40:17Z,0,0,en
UgyHGK8lB3SSFozeFbl4AaABAg,@marcosavila8215,7:40 🤣🤣🤣  well they are going viral not in tik tak but on the news...lol,2024-12-14T03:39:51Z,0,0,en
UgyUpi9301l6LXmwKiZ4AaABAg,@softa1mbot594,Parents should pay a fine for raising such a dumb ass,2024-12-14T03:39:21Z,0,0,en
UgzQhbnOcnUSwyaUqux4AaABAg,@michaelmateo2399,gun free zone is not law in the south you will get shot  if you do something stupid like that lol,2024-12-14T03:38:58Z,0,0,en
UgxHpNjybceEECAtxpV4AaABAg,@kangthao5121,Maybe they should try to prove they are in the matrix is real by trying to respawn themselves.,2024-12-14T03:38:35Z,0,0,en
UgwoCaOqoripxhuey5Z4AaABAg,@saltypotato42,"Sometimes I would ask myself how dumb these teenagers are to not know the difference between ""pranks"" and committing crimes. If they don't know what's right and wrong, jail should be their new school.",2024-12-14T03:38:04Z,0,0,en
UgxD6xC8eJdgelGPhOl4AaABAg,@danielphelps4540,This is why TikTok is being force to sell to a united state's company or face being banned. Because none of the trends are being spread threwout China. Because the CCP would shut them down in a heartbeat if this kind of content was allowed on TikTok in china.,2024-12-14T03:37:38Z,0,0,en
UgzCZbyf1bpjJTu51IN4AaABAg,@mikestand714,what if by some chance someone like me being in there.conceal carry over 20 years somebody screams they got a gun could turn bad for them,2024-12-14T03:37:30Z,0,0,en
Ugzc-70CPidPlamblB14AaABAg,@allisonbrady1364,China is winning,2024-12-14T03:37:15Z,0,0,en
UgzCwCf3zRltBYYNjpx4AaABAg,@pranaliupadhyay3603,What is that on the left side of your wall...the one on white wall.. I kept thinking i have a hair on screen the entire video,2024-12-14T03:36:52Z,0,0,en
Ugw1Jup1yjNv_nelgbB4AaABAg,@maestromike91971,It’s a good thing they didn’t bring toy guns!,2024-12-14T03:36:50Z,0,0,en
UgxllVDKlIuhn66aVjJ4AaABAg,@RoxxaneDuck007,Merry Christmas 🎅 🎄 ❤️  yall,2024-12-14T03:36:01Z,1,0,en
UgyLmopocdXELPl7X9h4AaABAg,@bgtv9024,What did they think was gonna happen?,2024-12-14T03:35:53Z,1,0,en
UgxOs_UKI3eI1g-kzsV4AaABAg,@Firebolt4,1:37 Atozy please flip that shit for us lol,2024-12-14T03:35:01Z,3,0,en
UgzQnSoe0RqdXzcLUoN4AaABAg,@uunyxs,When that TikTok brain rot kicks in 💀,2024-12-14T03:34:51Z,0,0,en
Ugxqwu6ap-nFwfmc1vN4AaABAg,@memy66,How dumb do you have to be to watch multiple viral pranks that have gone bad and still decided to try a bad viral prank.,2024-12-14T03:34:36Z,0,0,en
UgyYLGPCgltnmQ_OK_94AaABAg,@atsra659,damn it feels good being 34 and not having a smart phone until i was like in my 20's ..new generation is sad,2024-12-14T03:34:11Z,0,0,en
UgyvTgLbaVlMZmfW2dR4AaABAg,@bettysperber7011,Problem is criminal behavior is being  called pranks period !!,2024-12-14T03:33:59Z,0,0,en
Ugx8eT6VTHFbTZN1bah4AaABAg,@Guyonnn,"With somethings, it doesn’t matter why you do them, the consequences are the same.",2024-12-14T03:33:57Z,0,0,en
Ugzx6DnALHeZd4jTOs54AaABAg,@Dr_Mantis_Toboggan,I wouldn’t be surprised if someone’s parents end up suing those 2 assholes on behalf of their children who were traumatized.,2024-12-14T03:33:21Z,268,6,en
UgwKwGErbAV4b5nKZV54AaABAg,@Shane-ry6fr,Prank ok why not use a super soaker so eveyone can tell its a prank,2024-12-14T03:32:53Z,0,0,en
UgzE2lBl4EMvjjFEgdN4AaABAg,@NORATECHNOLOGIES,"No body move
No body get bured",2024-12-14T03:31:55Z,0,0,Other
UgzDieHrH_W9CK_8XEp4AaABAg,@bettysperber7011,I think at this point social media needs to be paused,2024-12-14T03:31:22Z,0,0,en
UgzqB0xnUQqMq_HF4eB4AaABAg,@GummyBearWA,They're called a Diploma and Name Plate.,2024-12-14T03:31:12Z,0,0,en
UgxjNjfNpPOyhFKAQUV4AaABAg,@ShutYourMouthBeeech,Did they forget to say “it’s just a prank bro” afterwards? If so this is on them.,2024-12-14T03:31:08Z,0,0,en
UgzP9E8PNdlWBtwLGdF4AaABAg,@gettingbetterdaily1221,What the hell is wrong with my YouTube?! I can't like any videos. I can like comments. And my options for video speed is just gone! How do I undo and update I don't like this,2024-12-14T03:31:08Z,0,0,en
Ugyat1fSyUWSgpl72JZ4AaABAg,@baladi921,Get rid of Tik Tok. Please.,2024-12-14T03:30:28Z,0,0,en
UgzpRKX69FyFavhwL8x4AaABAg,@SilentSooYun,Harry and Ron have really let themselves go :P,2024-12-14T03:30:25Z,0,0,en
UgxOz61mHPf8z74Vy7F4AaABAg,@maestromike91971,They are talking about teachers carrying guns. They would be shot . They would have to try to protect the school !,2024-12-14T03:30:21Z,0,0,en
Ugx9X5VgTlMtan2Ny-h4AaABAg,@carloswater7,Thank God I don't use Tik Tok. Tik Tok is making people become stupider.,2024-12-14T03:29:59Z,0,0,en
UgyNvkCkmKO2OQVLNLx4AaABAg,@AsmodeusMictian,"You know, I bet if the Romans had the internet and social media the last 10 years in 'Murika would look QUITE familiar.

Anyone got a fiddle? There's a living cheeto that needs it so he can play after Jan. 20th.",2024-12-14T03:29:46Z,0,0,en
Ugx5YVR5UIu2YBle_Xt4AaABAg,@katievarnum,Is anyone else sad for the days of the Tide Pod and Milk Crate Challenge? I feel like that’s when it really turned sideways with this shit. I think I’m gonna watch people fail at the milk crate challenge and remember when we were all so young and less dumb.,2024-12-14T03:29:45Z,0,0,en
Ugz_otTtIG5HxPA0X5F4AaABAg,@brownwrench,Great college material there...🙄,2024-12-14T03:29:39Z,0,0,en
UgxpW3p3LdlFfSY2kdB4AaABAg,@birdOfswords,"Woah. Been watching your channel forever and never imagined seeing you cover something right by where I’ve always lived. Idk, after sandy hook, people really don’t fck around. most schools around here have armed police that patrol around",2024-12-14T03:29:22Z,0,0,en
Ugxkl7PS6DDAWNTsrMV4AaABAg,@Irishman5,What is wrong with America😂,2024-12-14T03:28:41Z,1,2,en
UgwsSJN1HBZcGrgqxDx4AaABAg,@robtop4358,Not the sharpest tools in the shed but tools nonetheless,2024-12-14T03:27:51Z,2,1,en
UgzTLolHlgn24bzJyMJ4AaABAg,@mattdamon6381,Bao the whale with a gun? Where's the jiggle jiggle?,2024-12-14T03:27:07Z,0,0,en
UgyBrbWfYlL6OIJUsYR4AaABAg,@geogmz8277,"My fellow Millennials! We had Vine! Were we this stupid? It's hard to believe what these kids are doing... 

Yes! I know... We're responsible for Logan Paul and we're sorry!",2024-12-14T03:27:01Z,0,0,en
UgyTbM1fZF7Na2cBjTx4AaABAg,@CutzMcOnions,Nah thats just t*rrorism,2024-12-14T03:27:00Z,0,0,en
UgyMnVdBixb7yQlkRHB4AaABAg,@HoneyRyderThree,I really think that's it. TikTok needs to be shut down. We're seeing way more downsides than the good things this app brings.,2024-12-14T03:26:41Z,0,0,en
UgwKt6kQpyaq1-5g-jF4AaABAg,@ivandragomiloff2356,I think we need to bring back Frontal Lobotomies for TikTokers,2024-12-14T03:26:26Z,0,0,en
Ugxsdtwkai37k_qppWl4AaABAg,@SuperChaoticus,Time to push a TikTok trend of influencers and pranksters jumping out of planes minus a parachute. Hilarious!,2024-12-14T03:26:15Z,0,0,en
UgycPjllp_1_mz0w6xl4AaABAg,@mysliktm,Bring back bullying 2025,2024-12-14T03:25:49Z,0,0,Other
UgwQVA0CtvBYvFvTlDp4AaABAg,@Josh-sw4pp,Well add that to why tik tok is getting banned 😑,2024-12-14T03:25:38Z,0,0,en
UgxwhnOuZMC3-MwU_sF4AaABAg,@jayschoenhaaar5369,"That’s not a prank. That’s a terroristic threat. Who thought this was a good idea as a “prank.” I’m surprised they weren’t shot by law enforcement or at least tased. What part of this made this a good idea? The state of Connecticut does bond like Wisconsin so if it’s $50,000  in bond there you pay that in cash not a percentage.",2024-12-14T03:25:22Z,0,0,en
UgxH14IZjCzCO1EgtMN4AaABAg,@ampulsion,Quit reversing the news what the hell is that about??,2024-12-14T03:25:03Z,0,0,en
UgxLWQgCOfp8MekHPnF4AaABAg,@LostHope1982,"I don't get it, when did parents stop telling their kids that everything you do in life has consequences?
Or is Generation Tik-Tok just too stupid/lacking a concentration span larger than 5 milliseconds to realize those things?",2024-12-14T03:24:16Z,0,0,en
Ugx9RBKT34WQrTuicZJ4AaABAg,@realZyphyr,Another reason I can't wait until TikTok is banned next month. So what are you going to do after that?,2024-12-14T03:23:57Z,0,0,en
UgxheZR9GXeURTdQLIF4AaABAg,@kayty6673,If they were black....,2024-12-14T03:23:56Z,0,0,en
UgzsQ1ZzDa8zF5J_Gwp4AaABAg,@miketan4803,If nothing else tik tok or other social media that encourages or even does not penalize accounts that promote criminal behaviors should be banned globally. Hope Trump understands this and take action instead if trying to save something which spread criminality,2024-12-14T03:23:31Z,0,0,en
UgydU229q3ewIXfb6_B4AaABAg,@chrisburnett1638,Remember when pranks were actually funny?,2024-12-14T03:22:34Z,1,1,en
Ugw9OV4ZWYCNSQnDx_R4AaABAg,@usalax76,TikTok is a disease,2024-12-14T03:22:33Z,0,0,en
Ugw9MolF0YEnUwFR-Hp4AaABAg,@JTReynolds,"""Hey man what do you want to do today?"" 
""Not sure let's go commit an act of terror and film it""
--- Sometime Later 
""ITS JUST A PRANK BRO!!!""
WTF these guys are f***in dumb😂😂😂",2024-12-14T03:22:32Z,1,0,en
UgxxM8aM0ZUelaftLxh4AaABAg,@DACrowley,I miss the days of ding doing ditch....,2024-12-14T03:22:29Z,0,0,en
UgwcVjyD8bLBy4zaD3V4AaABAg,@CallMeKhari,I’ve had my experience with an intruder on my college campus and lemme tell you…probably one of the scariest moments of my life. I was walking through my campus on my way out of class when I got a notification about an active shooter on campus. I was stranded outside with no way in because they locked the doors and there were no buses running because police blocked the streets off. IT’S NOT A JOKE. THIS IS REAL LIFE. Traumatizing people for a TikTok prank is brain rot activity.,2024-12-14T03:21:53Z,2,0,en
UgycF3D6BQX_bB_cefp4AaABAg,@Peylix,"""Guys guys guys, it's OK. TikTok made us do it guys. Just a prank... just  a prank!!11!""

smh",2024-12-14T03:21:39Z,0,0,Other
UgwGJAxzYJ2K59Ste3t4AaABAg,@A75MComics,"In 2021 a 20 YO Tennessee man ran around with a butcher knife pretending to rob people for YouTube prank video (Open carry state) Someone shot him and he lost his life (the shooter was NOT charged) You can't pretend to rob a bank or threaten people with a weapon and then say its a prank, you can still be arrested or lose your life - college students should know better, their age is no excuse - they will never live this down and should be grateful a cop or someone with a weapon was not nearby....",2024-12-14T03:20:40Z,0,0,en
Ugw0vQX2BE3DOGr-RwV4AaABAg,@lifeisa.smalllesson333,Crashing out frfr,2024-12-14T03:20:18Z,0,0,en
UgwuIP-Gcyfi9BZhIm14AaABAg,@raptor2265,"It baffles me that there are people in UNIVERSITY who are pulling this shit. You could have asked me back when I was in elementary school over a decade ago whether or not it was a good idea and I'd immediately say that it's a fucking horrible idea! Jesus, how much has TikTok LEGITIMATELY rotted the brains of people!?",2024-12-14T03:20:10Z,1,0,en
UgzPhX1VjApX4VyW-LZ4AaABAg,@13thD-Mon,As soon as I heard “cafeteria” I knew precisely what this was about to be. Basing a prank off of Columbine is absolutely a new low.,2024-12-14T03:20:07Z,0,0,en
UgwLQ9ry5-RAJf8GTct4AaABAg,@paulievespucci6867,Inmates gonna love his asian arse,2024-12-14T03:19:21Z,0,0,en
UgxxN_D81mqaT2Otmpd4AaABAg,@gdnickel92,Growing up I tried not to do really stupid stuff and that was before smartphones became more high tech now than back in the mid 2000s. Now people doing stuff for Clout like this are some of the reasons I’m glad I’m not in school anymore and not in college right now cause of stupid people like these 2,2024-12-14T03:19:06Z,0,0,en
UgxWG4eVMH7UXGkFwrd4AaABAg,@chadman4697,Should be in prison for life!!,2024-12-14T03:18:57Z,0,0,en
UgxbH42EDGJ9tWIe9O14AaABAg,@reginaldfluffington5142,Good. These stupid people need to reach the find out stage of their bullshit.,2024-12-14T03:17:54Z,0,0,en
UgwDr5VlsdP84sXB3_x4AaABAg,@vicenteignacioromero-corsa6162,"""Bu-but your Honor, it was just a TikTok challenge""",2024-12-14T03:15:57Z,0,0,en
UgxTsjxqJZwRoUV87bR4AaABAg,@miketan4803,Gene pool will be better if Darwin's award catches up to idiots like this ... they need to be charged as adults as an example otherwise there will be more copy cats ...,2024-12-14T03:15:40Z,0,0,en
UgyWU1VZeTo1QNHyT-54AaABAg,@foreverprime6255,Dumb. So very dumb.,2024-12-14T03:15:29Z,0,0,Other
UgyqJ2C5oLl0si-7l-l4AaABAg,@joenedbalek4647,"If they didn't really have a gun, I'm not sure brandishing a firearm without a firearm probably gets thrown out.",2024-12-14T03:15:12Z,0,0,en
Ugws79r5ehPf0DGZkV54AaABAg,@roberthuffer6591,"They failed every class, except for “Be Stupid 101”.
A+ for both idiots.",2024-12-14T03:15:03Z,1,0,en
Ugx_TC0dnezFqIi8NlB4AaABAg,@senorowlando,"Charles Darwin couldn’t have possibly conceived of how stupid humanity would be in the future, but George Carlin most certainly did. 🇺🇸🤡💩",2024-12-14T03:14:47Z,0,0,en
UgxAmbK2Pi1WdJ2CoYV4AaABAg,@serv-on,Russia was just recreating a viral tiktok when they invaded Ukraine,2024-12-14T03:14:16Z,0,0,en
UgzdgbKKQxpRKewYR8B4AaABAg,@FerddieFlores,Their lives were going to be ruined anyway. Both of them are just too stupid and students this dumb don't actually graduate. They're just hiding from work. We all did it except the prank part where we ruined our lives,2024-12-14T03:14:11Z,0,0,en
Ugxe1Jt6LLR1O-AU3FR4AaABAg,@TheCommanderTaco,"1. I wouldn't say this is ""definitely way worse then the door kicking trend"", but definitely had worse consequences and both are extremely dumb and terrible. This one for obvious reasons with sadly the state our world is in. Words a professor of mine once said have always stuck with me.

I wasn't around at the time, but was in my dorm room with my roommate when an announcement came on to make sure we didn't leave our rooms and had the doors locked. My roommate started getting worried that there might be a shooter, so we called one of his friends who did happen to be on campus. He did confirm the school was on lock down as the police were doing a sweep to make sure there was no danger. Apparently from what I heard an Atheist and Christian got into a argument. The Atheist left and came back later with a gun he shot into the air. Luckily that is all that happened. We were talking about it the following day in class and our professor was apparently working out in the gym when it happened. He was kinda deadpan. Not a strict person but also was stuck with classes having to teach people a subject they had no interest in since it was a core curriculum class. A student had asked him if he was scared and he turned and said ""it's ridiculous to go out now in days and not expect a shooting to occur"".  It saddens me to think like that, but having that in the back of your mind I also like to think it will help if such a situation is to ever arise. I always keep that possibility now in the back of my mind. Should a threat come out is there an escape route I can take or should I hope for the best.

Door one i think is worse because if the person doesn't have the money and / or materials needed to fix their door that is then both a physical and security risk to them.  Would make it easier for people to trespass into their property and steal.",2024-12-14T03:14:07Z,0,0,en
Ugy9RNHMCTQMoaRTxaV4AaABAg,@TabbyLavalamp,"I was held up by what turned out to be a realistic looking pellet gun (as I found out after they caught him). The gun may not have been lethally real, but the PTSD was.",2024-12-14T03:13:56Z,0,0,en
UgywprcRGGYTOSkE4lt4AaABAg,@Ice-Rich,TikTok generation is cooked,2024-12-14T03:13:48Z,1,0,Other
Ugy49De-VaXxTskpicJ4AaABAg,@sanelemaseko9623,"Stop the Earth, I wanna get off 😑",2024-12-14T03:13:06Z,0,0,en
UgxeRLmE_oKrC3PzK6p4AaABAg,@sakadatek3635,That the reason why US need to ban TikTok,2024-12-14T03:12:51Z,0,0,en
UgwyNQrEln3DFZr6zvB4AaABAg,@coyster530,Parents need to be tougher and stricter make sure they know the difference between right and wrong. I would have never thought to have done something like this when I was a kid or in college my parents would have disowned me and it would have been an embarrassment social media is going to be the death of society its sad,2024-12-14T03:12:39Z,0,0,en
UgyGYOBRduhe9dPnnKh4AaABAg,@ms_cartographer,What happened to people doing the cinnamon challenge? Can we go back to that instead?,2024-12-14T03:12:34Z,0,0,en
UgwPDWDTcKqihSaYfB94AaABAg,@mybestfriendisamonkey173,And I'm certain my friend that doing what you do as long as you have you seen a lot of dumb crap that people do and break it down on your videos and if you said this one is a doozy I'm going to believe you and I'm constantly surfing through all the social media and I've not heard about it either,2024-12-14T03:12:07Z,0,0,en
UgydIO9pg8woicyDT1l4AaABAg,@Warlord-dc5un,"Can't even think of that as a prank, it's like if someone went into a shop with a fake gun and order the cashier to give whatever they got. That person is still robbing the shop and holding the cashier/shop owner at gun point. 

Doesn't matter if it's a fake gun or bluff about having one, they intended to threaten bodily harm and strike utter fear into the masses. To get them to follow any order or command the scumbag wanted.",2024-12-14T03:12:00Z,0,0,en
Ugx-8yHSEmPVavdqtJR4AaABAg,@ribbonduckling1314,"I go to Virginia Tech, which has had a fatal shooting, and if this went down here, they would get multiple years",2024-12-14T03:11:00Z,0,0,en
Ugww08jVZyfRvnGWiQ14AaABAg,@SuperLallypop,The stupidity will continue and i dont understand why the youth is loosing more than usual common sense and awareness,2024-12-14T03:10:46Z,0,0,en
UgwTMzG4uTeHBzrckih4AaABAg,@steveurkel9097,Clear kids get away with anything. Get those thugs off the street.,2024-12-14T03:10:35Z,0,0,en
Ugx3KZ1W0KmB54T_TEt4AaABAg,@CompelledFungus,"Dumber than the train detailer & the airport ""bomber"" put together",2024-12-14T03:10:31Z,0,0,en
UgyJ-qOZbwN_WmZVNOF4AaABAg,@noranradmusic,Whatever happened to simple Ding Dong Ditch? 🤷‍♂️,2024-12-14T03:10:13Z,0,0,en
UgyIZETRJdLBRTRnV4B4AaABAg,@jamesstaley5611,They need to hurry up and ban Tik Tok .  That place is a sewer.,2024-12-14T03:10:04Z,0,0,en
UgzdFkIZg4hbfE4a_2l4AaABAg,@jasa_TheRealOne,"I don't know about UCONN but my college had very real police with very real guns. They are sooo lucky, but yeah, probably going to face some months in jail, if not prison time",2024-12-14T03:09:57Z,0,0,en
Ugx7oapnvILLM66KMGV4AaABAg,@braydend9582,I you rob a bank with a fake gun you are going to get charged the same if it was real. What makes this any different?,2024-12-14T03:09:44Z,0,0,en
Ugy8o-BxEbeQ-va8aG54AaABAg,@-Tanger_ine-,"There’s no way these kids didn’t go through bomb threats or shooting threats at schools. We had one at ours and we didn’t even know it was that, everyone thought it was a school shooter. It was terrifying. It happened like every year in our district to at least one school, and I’m only like 3 yrs older than them. They probably still do it now",2024-12-14T03:09:43Z,0,0,en
Ugyz2lzB5JkpXot3f8B4AaABAg,@envyno.69.,1 hour ago,2024-12-14T03:09:37Z,0,0,en
UgzLaDfXnWfhFnKyajB4AaABAg,@Pocket_Sized_Satan,Growing up i was told not to do the shit people do on tv or i would hurt myself or get into trouble how do people not also apply this to the internet. Gen z learned from the stupid millennials and this is the result. I hate to imagine what gen alpha will get into if we dont find a way to mitigate these issues.,2024-12-14T03:09:36Z,0,0,en
Ugy7TXSdCYeHkj73LhV4AaABAg,@locke180,Insane,2024-12-14T03:09:31Z,0,0,Other
Ugw8mrbbSS0dnsUJMUp4AaABAg,@j2simpso,I'm just waiting for a collab between them and Johnny Somalia,2024-12-14T03:08:04Z,0,0,en
UgwRG90zist8zxPy4gR4AaABAg,@angelsinthewindow,"How much of this is 'It's a TikTok trend' is because some youth is doing it and how much of it is 'its a tiktok trend' because its actually one? Cause I remember the damn tide pods thing way back in the day and if I remember that one right, it wasn't a thing until the news kept on pushing that it was a trend.",2024-12-14T03:07:56Z,0,0,en
UgwKpey-qlIPETSGsPZ4AaABAg,@alysonm1289,Ummm young/age isn't a reason. My 15yr old heck when she was 5 she knew hey there are somethings you just don't do/say. I've always told her to think before u act/speak. Some things you can't undo and can't hide or fake or get out of. Even when I was a teacher and coach I told all of those kids too from preschool up to high school.,2024-12-14T03:07:41Z,0,0,en
Ugwhh_R9LOo6nSUZWZx4AaABAg,@tbetyf7047,No excuse,2024-12-14T03:07:40Z,0,0,Other
UgxRXA7UBHBMbDyPWtd4AaABAg,@kaneikaika,Dumb kids,2024-12-14T03:07:28Z,0,0,Other
UgxGtsMAEnAfrrC9ppV4AaABAg,@KnockedupNout,"They knew exactly what they were doing. Theyre just playing ""dumb"" for sympathy and leniency.
Full extent of the law should be dished out, this stupid shite needs to end!!",2024-12-14T03:07:25Z,0,0,en
UgzetiWDdYVHGpLdGdR4AaABAg,@burtmacklin6443,"Nature will find a way.  We can use all the bubblewrap, helmets, and kneepads we want but Darwin was right and these people will remove themselves from society.",2024-12-14T03:07:14Z,0,0,en
UgzPHNOuoTjuoong88x4AaABAg,@gmnotyet,"In China, TikTok videos encourage learning. In the US, TikTok encourages school vi*lence.",2024-12-14T03:06:59Z,0,0,en
UgykKBeZSAybIaqSayd4AaABAg,@CatsOverBrats,The human race was a mistake.,2024-12-14T03:06:47Z,0,0,en
UgxaROIk9NtOqzl5Wsd4AaABAg,@HWC91,More like they wanted to start a trend but backed fired horribly and now back peddling to try and get a softer sentencing.,2024-12-14T03:06:11Z,0,0,en
UgzhdXfQgD-vjNFI9qF4AaABAg,@GenericBrand-TM,What a legitimately heinous prank to pull. In what way is reenacting horrible tragedies funny?,2024-12-14T03:05:09Z,0,0,en
Ugw2gd4e_LPsdlx2-kZ4AaABAg,@returntosender8389,"Heck the second kid even looked like one of the Columbine shooters.  What can you say, play stupid games win stupid prizes",2024-12-14T03:04:56Z,0,0,en
UgxinGTNHHxmj-5QjB54AaABAg,@queen_nat4586,Being stupid is not a criminal defense.,2024-12-14T03:04:38Z,0,0,en
UgyCemVBZp5dNadThYB4AaABAg,@Smngorin,"They should be looking for girls to date instead, isn’t that what you want when you are in college? 😅",2024-12-14T03:03:52Z,0,0,en
UgyMflPq5JVAWW2owyd4AaABAg,@conscientiousobserver8772,Some Doofus father/daughter duo tried to convince the cops that the robbery/murder at a fast food place was a prank gone wrong.,2024-12-14T03:03:06Z,0,0,en
UgxMdPauTq0I1XLoGdx4AaABAg,@taipan8021,"Incapable of Self thought has Consequences. Remind of that ,""When you're Dumb you're Dangerous"".",2024-12-14T03:03:00Z,0,0,en
UgyHRSkK7xPRW8BX1jF4AaABAg,@chaoswarmaster2566,Maybe banning tictok was a good idea.,2024-12-14T03:02:10Z,0,0,en
UgxhH15yrS6U4jzzevJ4AaABAg,@jasoncard620,That’s definite Expulsion lol,2024-12-14T03:02:04Z,0,0,en
UgzXIn4-JaySiAhIhhR4AaABAg,@michaelhowell2809,Which tik tok are they copying? Srupid defense,2024-12-14T03:02:03Z,0,0,en
UgzfcbDBAJP6cFcNjeZ4AaABAg,@danflorcyk3189,"Their parents raised them, don't feel sorry for them.",2024-12-14T03:01:46Z,0,0,en
UgwUG8dq_hwZfoWX2R54AaABAg,@creepyrobsta5509,TikTok will then face zero financial consequences for this becasue they are TikTok not Alex Jones.,2024-12-14T03:01:40Z,0,0,en
UgwgW72TYlMy8PthL8p4AaABAg,@TheKeefeStone,So they proved that higher education is wasted on them? They proved they are tarded squared!,2024-12-14T03:01:20Z,0,0,en
UgwXyHA4c_bOu90u8dd4AaABAg,@yaqbulyakkerbat4190,Thank god tiktok is getting banned.,2024-12-14T03:01:20Z,0,0,Other
Ugx9dJfR4l0Q92iM_hJ4AaABAg,@sheogorath-the-incrazy,The TikTok ban isn't a bad thing.... bUt tHe DeMoCraTs Keep CrYing,2024-12-14T03:01:04Z,0,0,en
Ugz3vATCimzTWuX2ER54AaABAg,@marcelfab7551,Give them more reason to ban TikTok!,2024-12-14T03:00:52Z,0,0,en
Ugw039kx9P_eyoCy5A14AaABAg,@UnhingedFridge,"Teehee, we did a terrorism! Gonna get so many reactions!",2024-12-14T03:00:46Z,0,0,en
UgzPSh2kGKL3GxN91nJ4AaABAg,@thunderrain789,Yet another reason to hate TikTok. Not that I needed or wanted one 🙄,2024-12-14T03:00:02Z,0,0,en
UgxCnfxGtI53-QVPSh54AaABAg,@booknerd5600,Never thought in my life I would watch a video that you made about something that happened from my home state. 🫠,2024-12-14T02:59:57Z,0,0,en
UgxhfW42bHgovotA_Sh4AaABAg,@colettemccoy2921,Acting like it’s a sc*ool pew pew shows how moronic this idea is!! 😮,2024-12-14T02:59:36Z,0,0,en
Ugw99qJNywpeS5UCgvJ4AaABAg,@ivanzalac9374,"Hey, guess what?
Shit like this never happens here in Europe.
You know why?
Because we have brains.",2024-12-14T02:59:33Z,0,0,en
UgznAeVngtHFW5fS0Bd4AaABAg,@Just-Some-Milk,Everyday banning Tik Tok seems more like a good idea,2024-12-14T02:59:33Z,0,0,Other
Ugx0XPITy7xxXpYIYaR4AaABAg,@Randy-tu6sd,"About a year out from having a ""PhD in TikTok Stupidity,"" and TikTok might be going away in less than that... 😵‍💫",2024-12-14T02:59:28Z,0,0,en
UgwBp9LVduQYDQoyuU14AaABAg,@markt8086,they should face 1 count for each person in there,2024-12-14T02:59:26Z,0,0,en
Ugx7jw8r4CcxP5WdXKd4AaABAg,@SnuSnuDungeon,"""It's just a prank bro"" 
And a jail is just a room, enjoy it you two absolute clowns",2024-12-14T02:59:12Z,0,0,en
UgxaD_3fRjNRZIBCV8Z4AaABAg,@le_chirurjoint,"You've been reporting news about Johnny Somali for a year and this would be the ""post stupid"" thing that you report? Nah, that's stupid alright, but Somali is stupid and mean, he's still on top",2024-12-14T02:59:03Z,0,0,en
UgzPT8IFHR5cGrBPVxt4AaABAg,@shy404usernotfound,"Did they do finger pistols? 
::**pew pew**::",2024-12-14T02:58:50Z,0,0,en
Ugy9xdoEE3sA4sPHSmR4AaABAg,@PT-fr7cq,THEY ARE ADULTS. THEY DONT NEED PARENTS TO EXPLAIN HOW MORONIC THEY ARE.,2024-12-14T02:58:44Z,0,0,en
Ugx0vIOr7NxKCH7LK_94AaABAg,@johnmagnotta8401,"That Superman (yes, I capitalize the revered ones name) prank has a 'damned if you do, damned if you dont"" aspect to it.  Don't catch,  the flyer gets hurt.  Catch the flyer and the 2 catchers most likely bang their heads together.  Funny either way - win win",2024-12-14T02:58:12Z,0,0,en
UgyhQw4ZzKi_JcDDIud4AaABAg,@Mattropolis97,I think the best part of all of this is the fact that these 2 will have the bitchiest stories when people ask “so what are you in for?” 🤣,2024-12-14T02:58:09Z,0,0,en
Ugw1Z0Q5BAJURBEJ6HN4AaABAg,@Renbabe37,Idiots. They deserve being arrested and expelled.,2024-12-14T02:57:58Z,0,0,en
Ugzn0mv4USB6GxnjHOB4AaABAg,@annlastname8139,If you are that stupid. You'll learn the hard way. That's complete ignorance.,2024-12-14T02:57:34Z,0,0,en
Ugwyr55s6T2tMyYcGrZ4AaABAg,@uasakura,"US law is a joke, they won't face any prison time, they would just get a slap on the waist. That's why hats off to South Korea man.....",2024-12-14T02:57:19Z,0,0,en
Ugzt9Bjxw3AsatrXFJd4AaABAg,@avikfett1551,tiktok made me do it,2024-12-14T02:57:18Z,0,0,Other
UgwC-L08CXIv0FszRFt4AaABAg,@OldWomanfromtheMountains,Another good reason to ban tik tok completely in the the US. Young people today are just too weak. For the stupid games comments… stupid games can get you stupid dead.,2024-12-14T02:56:42Z,1,0,en
UgyJVUKrgtBCO6MDfU54AaABAg,@richardclaus4751,Hoping the Supreme Court ignores Tik Tok trial andnthey are banned in 1/25,2024-12-14T02:56:39Z,0,0,en
UgzLQQB33H9lnuJG1g94AaABAg,@sky7004,Tiktok brain has become a real epidemic of stupidity of Gen Zers in America.. smh,2024-12-14T02:56:14Z,0,0,en
UgwyXlB9tJ_gy16z-CJ4AaABAg,@robertobrien4799,College...yeah really smaht.,2024-12-14T02:55:59Z,0,0,en
Ugw8lVKg3qKLIPqYmah4AaABAg,@otisred7848,Remember when a prank in school was letting off a stink bomb in the cafeteria?,2024-12-14T02:55:41Z,0,0,en
UgzlB5CF9boOwFuW-at4AaABAg,@SlytherinReviews,they can kiss any job goodbye as they'll only be able to get the lowest of the lowest jobs,2024-12-14T02:55:27Z,0,0,en
Ugx-eTHJvime55euIc94AaABAg,@writheagainsoon,"This is going to keep happening more and more here in the US. Even wealthy parents are so disconnected from their children that kids these days seek higher and higher levels of attention from their peers and strangers online. And they feel the need to keep upping the ante. We have an entire generation of kids who are raised by parents who are never there, in classes with teachers who can't give them 1-1 attention when they need it, who *really* raises these kids? The internet. And what is American-centric internet like? I rest my case.",2024-12-14T02:55:22Z,0,0,en
UgzgqcaJ6MWgxu46-7p4AaABAg,@MichaelRodriguez-g1e,"""if all your friends are jumping off a cliff...are you gonna too?""
Such an outlandish thing to hear when you are growing up but is becoming more accurate than ever every single day",2024-12-14T02:54:59Z,2,0,en
UgyVgrnwEdB1NtlLR0N4AaABAg,@kimberlyhood4095,"Couldn't imagine why people are seeking to ban TikTok in January 2025, kids and young adults brains are melting using it.",2024-12-14T02:54:51Z,0,0,en
Ugzo1T2TaJlwknNyh5J4AaABAg,@person35790,They are lucky they aren’t dead.,2024-12-14T02:54:37Z,0,0,en
Ugy0kuZTuDY2a2yZa1N4AaABAg,@phantomjoint,They are going to be real popular in prison.,2024-12-14T02:54:33Z,0,0,en
UgyTKcq_qJWdLEnk_-V4AaABAg,@richardclaus4751,"Not just tuition. Housing is as expensive as tuitiin. Then books, meal plans, etc. Now their parents have had to xome up with 50k bond.",2024-12-14T02:54:23Z,0,0,en
UgyuSmW3LftPWxts6hZ4AaABAg,@MJ-rl7pj,Spoiled rich kids. Im shocked.,2024-12-14T02:54:05Z,0,0,en
UgwqL3ThTX1PV0qO2i14AaABAg,@TorchicNidoran1994,Maybe the US government should have banned Tiktok after all,2024-12-14T02:54:00Z,0,0,en
UgxTjUIljEXjVfLVm-J4AaABAg,@Steeveen-k1r,Prank of the century,2024-12-14T02:53:52Z,0,0,en
UgxMXDWHjHw2lccQyW54AaABAg,@hisokamorow8388,"That white boy is gonna be very popular in prison…..sigh, wish i was locked up in the same prison :)",2024-12-14T02:53:43Z,1,0,en
UgzOHAr8DEvQ7U1HloJ4AaABAg,@bryantbravo9363,"As a child of an immigrant, I’d be shitting my colon if my parents saw my mugshot on evening news.",2024-12-14T02:52:58Z,0,0,en
UgytNeH4HDftU4N2S9x4AaABAg,@Noah_Thanks,"I live in CT, this is embarrassing🙄",2024-12-14T02:52:52Z,0,0,en
Ugy1wNdjk6CCndysTe94AaABAg,@Dayman598,"Damn one of them was Asian, def brought great dishonor to the fam 😔",2024-12-14T02:52:49Z,0,0,en
UgyvKpS-O9Mkzn8XpY54AaABAg,@skateAlot,"If you honestly think they're going to jail let alone prison for this, the fact that they aren't currently and are going to and from court should tell you something.  They'll be on probation for a few years, might have to do 30 days imo.",2024-12-14T02:52:36Z,0,0,en
UgwYuK8BKzuVCK6dLg94AaABAg,@laurahooper7609,"It would have been funny if they had said ""everyone freeze, i have a .... cat (for example or any other non lethal item) and i know how to use it.""",2024-12-14T02:52:34Z,0,0,en
Ugy3BBuHhVAEuNVJT9N4AaABAg,@mig15alves,Ban tiktok,2024-12-14T02:52:24Z,0,0,Other
UgwGZaagkD2vxQUYi614AaABAg,@DeVill3007,“Social Media” makes people stupid. ✅,2024-12-14T02:52:22Z,0,0,en
UgwcSogn-rgvl7959e94AaABAg,@elzach0,You know one of the dudes parents were extremely ashamed 😅,2024-12-14T02:52:03Z,0,0,en
UgyvgN_B96ieO7_rVYx4AaABAg,@scottlauren3145,If this supposed Tik Tok ban happens at the beginning of the year I will be so happy but I am doubtful it will actually happen,2024-12-14T02:52:01Z,0,0,en
Ugxw8r0BTSD5V7aUUoF4AaABAg,@dammitjim9131,I hope they get at least one long year each. 🙏🙏🙏,2024-12-14T02:51:47Z,0,0,en
UgxgbEl5Y9yK8eyTRAZ4AaABAg,@minimeatball253,"that’s sad, they didn’t get to experience the “getting gunned downed into a fine paste by cops” prank",2024-12-14T02:51:41Z,0,0,en
Ugw7PP-CUauW4n-XSjJ4AaABAg,@JamesJeong-d6m,I mean i assume its like yelling fire in a crowded space. It should be prosecuted as such.,2024-12-14T02:51:09Z,0,0,en
UgxRtW-TfBrAopOmwtV4AaABAg,@waltereuchler2257,"When you say you have a weapon, you can expect anything, even death. Be gracious if death looks the other way.",2024-12-14T02:51:07Z,0,0,en
UgyQTd2JU4sdTRcHhyF4AaABAg,@Fiskeflett1,"tik tok makes young stupid kids, even more stupid.",2024-12-14T02:50:54Z,0,0,Other
UgyD9oQr5erK3HRuHnV4AaABAg,@richardclaus4751,Horrifying for parents as well.,2024-12-14T02:50:07Z,0,0,en
UgxVrgGdrvAM0Ezb8RF4AaABAg,@gojosatoru__,that’s not even a trend,2024-12-14T02:50:07Z,0,0,en
UgxrMt7cRymlGjXaKdJ4AaABAg,@LickTheToad,Are you recovering cancer patient? Serious question.,2024-12-14T02:50:04Z,0,0,Other
Ugxtcg7KCIV-59NR--Z4AaABAg,@johnmagnotta8401,"On a side note, I recently watch a video posted by the YouTube channel [ Fisk ] involving a 'Backrooms' type game.  Upon enterering a specific room my thoughts instantly popped to this channel.  If anyone bothers to investigate this comment you should easily see what I mean.",2024-12-14T02:49:54Z,0,0,en
UgwR9VvC3UEdKY0kQ514AaABAg,@mackinacisland3825,This is absolutely ridiculous. How can anyone be this stupid?  They r lucky they didn't get shot,2024-12-14T02:49:35Z,0,0,en
UgwN83FqBh_LNljFUMp4AaABAg,@SalemikTUBE,These are America's brightest.  Or have they in fact lowered the bar?,2024-12-14T02:49:35Z,0,0,en
Ugz_BPdCLZbKv3w-PIl4AaABAg,@whyme7996,why do the college students all look so unhealthy?,2024-12-14T02:49:22Z,0,0,en
UgxbkzVMZybUVGLy9jJ4AaABAg,@carlychichester5271,"If you can't be brilliant, do something stupid; if you can't be creative, create chaos. Problem is, consequences won't be harsh enough to prevent future parasites from continuing to act like these morons.",2024-12-14T02:49:07Z,0,0,en
UgyzRtB-K9To1k7V3O14AaABAg,@kmiller6500,These events just continue to show that TikTok is a dangerous platform and continues to make the case to ban it from the US.,2024-12-14T02:49:06Z,1,0,en
UgxHw39NnR2A4625zbN4AaABAg,@shaicat,"Do we need to add the charge of ""Criminal TikToking"" so kids will _finally_ understand that this shit has *actual* consequences? And I don't know if I agree that this is worse than the door kicking thing. If you kick in the wrong person's door that could very well be the last thing you do.",2024-12-14T02:48:40Z,2,0,en
UgwV3k65JpnNcSI6vNB4AaABAg,@FranchiseSIX5,"Man, you gotta turn off that audio in the background. It’s so slight it’s really annoying and it doesn’t add to your broadcast. Just saying.",2024-12-14T02:48:13Z,0,0,en
UgwFtyKc1X6HLHho6b94AaABAg,@adriennemeyer3408,I had 3 pediatric patients who doused their clothes with lighter fluid and lit them on fire while they were wearing them. Apparently that was a TikTok skit too. 2 had to get skin grafts and they all had to get repeate debridements which are fairly painful. The 2 with the skin grafts will no doubt need additional surgeries down the road because since they're kids they haven't finished growing so they'll probably get contractures since grafted skin can be less elastic than non grafted skin.,2024-12-14T02:47:35Z,0,0,en
UgyYaKKE2ESJQzAxQEN4AaABAg,@Mr.iceman83,make an example of them to maybe deter others!!!  Minimum 20 yrs in jail!!! they don't belong to be amongst others in society doing stupid crap like this!,2024-12-14T02:47:33Z,0,0,en
UgzrZ9rYpfq365bwxQN4AaABAg,@danw5996,Need a law that if you intentionally film yourself commiting a crime = mandatory sentencing.,2024-12-14T02:47:28Z,29,2,en
Ugwajgeh6ljXezysXlJ4AaABAg,@archielopez7879,Make an example out of this idiots.,2024-12-14T02:47:27Z,0,0,en
UgzJ6xbgeszuu_cwWIV4AaABAg,@drifter139,"if there is 1 thing to take away from Columbine, it's to never go into a cafeteria shouting things and acting like you're holding a gun because it causes serious problems for the ones doing it and the students just going about their lives. what happened to just running into a cafeteria dressed as a super hero and chasing someone dressed as a villain?",2024-12-14T02:46:56Z,6,0,en
Ugzeafbp3li79SFc6ZB4AaABAg,@khatdubell,"""Don't do any tiktok trends without -""

Let me stop you there, you've already gone one word too far.

Don't do any stupid tiktok trends.",2024-12-14T02:46:48Z,1,0,en
Ugw_pqwk-uMVwzoz1wt4AaABAg,@Havoc1019,Humans are getting dumber!,2024-12-14T02:46:40Z,0,0,Other
UgygTPY-LjVCW9Jl5K54AaABAg,@kazekai8,I am glad Tiktok is getting banned,2024-12-14T02:46:35Z,0,0,Other
UgzdQ59SUMuiBw_ucBJ4AaABAg,@johnmagnotta8401,"I keep imagining all the laughs & giggles these 2 were going through, from the inception of the idea thru to the moment the 1st law enforcement officials showed up.  The high-5s they gave to each other.. the phone calls or texts with innovative ideas one or the other would come up with.   Barely able to keep the enthusiasm from spilling out and ruining their grand plans for a viral video.  They worshipped their idea and themselves profusely throughout the days, hours & minutes leading up to the pull of the trigger, so to speak. As a lifelong CT resident I dearly hope these 2 are from out of State",2024-12-14T02:46:16Z,22,0,en
Ugw2P_EpvIPBpiD0wPp4AaABAg,@nasowenjo5641,"😂 no wonder why they want 
to banned TikTok.",2024-12-14T02:46:10Z,0,0,en
Ugx5F5yCX4m4yrQKDRd4AaABAg,@bigb18807,I’m just saying it’s not good to do this but…. Why would you do it at your own school? That is the dumbest thing I’ve ever heard. Don’t shit where you eat.,2024-12-14T02:46:10Z,0,0,en
Ugwo0UX3w_7qKRY8WW14AaABAg,@weslabrash8593,I hear Yukon when you say UConn.,2024-12-14T02:45:58Z,0,0,en
UgwavnqxLC2dySMGNlZ4AaABAg,@GhoulGirlNat,18 is not 'young' for the dumb excuse. When I was 18 I was caring for my Grandad.,2024-12-14T02:45:51Z,1,0,en
Ugwu44PGTC8r8KrDTpV4AaABAg,@evanhizon8112,"When I see people online who are against banning TikTok, things like this are why I want TikTok to be banned.",2024-12-14T02:45:30Z,2,1,en
UgyKYd4rI8F0aZc4jTZ4AaABAg,@FoNgThOnG,Dude dishonored his famiry and his cow.,2024-12-14T02:45:22Z,5,1,en
UgyBXbFoLFN5HkfEZJZ4AaABAg,@ed4wg380,i would say something but i was just seeing how far i could go on a frozen lake testing my luck XD,2024-12-14T02:45:15Z,0,0,en
UgyXzQltn_9-I-0XnkF4AaABAg,@tansywelsh1636,My kids at the age 10 wouldn't have done something this stupid.  Anything involving gun violence is such a traumatic thing to do.  Whether it is meant as a joke or not.  Bet their parents are super proud.,2024-12-14T02:44:57Z,0,0,en
UgwDMYx4eAKz_9V414h4AaABAg,@stevedavis2473,You can see why they want to ban tiktok.,2024-12-14T02:44:27Z,0,0,en
UgwN-r3f158LBidCmKd4AaABAg,@fredmonroe6042,Viral stupidity.,2024-12-14T02:44:18Z,0,0,en
UgynQw22fwVsOkWzo2t4AaABAg,@garykoh3421,I have a question…. How did those two idiots even get accepted into college? Have the requirements really been lowered that much that anyone can now go to college now?,2024-12-14T02:44:10Z,0,0,en
Ugyc5Scg4PpShWMd7YZ4AaABAg,@saubie,this is something you would expect from middle schoolers,2024-12-14T02:44:00Z,0,1,en
UgwNpmwVyKepeFvpp894AaABAg,@kevinetheredge2826,Thank god Tik tok is getting banned,2024-12-14T02:43:52Z,0,0,Other
UgwcHc_1G5l9JEqjiKB4AaABAg,@danor6812,Stupidity of people never surprises me anymore.,2024-12-14T02:43:49Z,0,0,en
UgzhNOJMBM0t0rPMzWd4AaABAg,@triggerhappy8872,They won’t go to prison,2024-12-14T02:43:34Z,0,0,en
UgzQe8Bgzd_9vyeWXch4AaABAg,@rogerandmegh5575,"The speaker saying we live in a time of zero tolerance for any kind of violence in schools or on campus is sadly incorrect. If this was a time of zero tolerance in the US, guns would be banned there.",2024-12-14T02:43:34Z,0,0,en
UgxYIJnc90qhQr_4wz14AaABAg,@findingpebble8615,5:53 imagine their parents watching like 👁️👄👁️,2024-12-14T02:43:20Z,0,0,en
UgxmE3u5tQ1Dmcy5Ym14AaABAg,@chongsfury4358,"IT'S JUST A PRANK BRO!!!
Give me money I wanna be rich, and get hot chicks",2024-12-14T02:43:18Z,0,0,en
UgzG2-fB06xAQtqg6OV4AaABAg,@yuki97kira,"Can the punishment for this be showing vid of that guy doing a mugging ""prank"" and got shot",2024-12-14T02:43:17Z,0,0,en
UgwRMsw2Xulg0OQqH594AaABAg,@visualartsbyjr2464,"While attending the local university (2017-ish), I heard of a guy being threatening etc towards staff and students in the library. He ended up being expelled and a four year nationwide academic probation. 

Hope these two get at least that.",2024-12-14T02:43:12Z,1,0,en
UgzEz2mVOfs9Hx2NZTZ4AaABAg,@candi4202,That aint no damn trend,2024-12-14T02:42:40Z,0,0,en
Ugw6H12ayGSlpcSqkEF4AaABAg,@Zvrra,NO WAY BRO,2024-12-14T02:42:38Z,0,0,Other
UgwjH_dRfDG_lNWkMpt4AaABAg,@morgana_vr,"as a person that lives in Connecticut, this is really cringe bro. come on Connecticut",2024-12-14T02:42:20Z,0,0,en
UgyFomA4BDjDoE7oZ2B4AaABAg,@tcannon2269,"😊what would happen if a student texted home and a parent came with a firearm, ""it's just a prank"" as they lay on the ground, bleeding . smh",2024-12-14T02:42:14Z,0,0,en
Ugypq2YK8x6TYuohN5l4AaABAg,@FriedBob,"They are lucky they did this in a ""gun free zone"" or they likely wouldn't be facing charges... or would have massive hospital bills along side their criminal charges.",2024-12-14T02:42:06Z,0,0,en
Ugw70AV3ftUo0nc_d9h4AaABAg,@Fate263,"No... merely doing a prank for SM clout is stupid... this COULD have veen GAME OVER for the prankers.

But I HAVE to know... for all these ""trends"", who started this shit?!",2024-12-14T02:42:02Z,0,0,en
UgyNfxFTEqgvJbOveNB4AaABAg,@JaythyJazz,"good, this will reinforce the tt ban, the supreme court will reject the appeal.",2024-12-14T02:41:47Z,0,0,en
UgyI_lj5H1V6oDTY36F4AaABAg,@tomrob609,These two idiots are lucky they pulled this stunt in Connecticut...  If it happened in Georgia they might have been shot.,2024-12-14T02:41:45Z,0,0,en
Ugx-QxTFRndau3yq2LV4AaABAg,@RickyMaveety,Why does everything have to be backwards?,2024-12-14T02:41:45Z,0,0,en
Ugwu-Z0QxwrJd6Kh3ct4AaABAg,@ericstaples7220,They wanted to get tiktok famous and now they are...,2024-12-14T02:41:13Z,0,0,en
Ugyuu8Mm-WKSeDRpJAt4AaABAg,@joes7028,That's gen z for you,2024-12-14T02:41:10Z,1,0,en
UgwiTRfZVh50B-AbkNN4AaABAg,@williamschaeffer5606,they are adults. they deserve to be prosecuted and expelled from the university. they shouldnt be allowed into any other school. let that ruin their lives over a prank. someone could have been hurt or killed people like them will not learn unless the consequences are severe to show what will happen if anyone does this same prank,2024-12-14T02:41:06Z,0,0,en
UgxYAP2RumiHaukk_bN4AaABAg,@motelghost-AC,0:07 And that ended badly?,2024-12-14T02:40:40Z,0,0,en
UgwvZlKXKpw27tp2WRN4AaABAg,@EarthboundMisfit1274,"Just more proof of ""Idiocracy"" being a preview of America's future. The dumbing down of America started with smart phones and social media and is only going to get worse. Oh, the irony.",2024-12-14T02:40:04Z,0,0,en
UgyJ2bNvdf6DNsvzNoV4AaABAg,@masterxiong7368,Jajaja,2024-12-14T02:39:56Z,0,0,Other
UgzGD_C4ZGEEML-9G9V4AaABAg,@Zminator1986,Tiktok needs to be banned,2024-12-14T02:39:44Z,0,0,Other
UgynD1sam4fu_z-In_d4AaABAg,@onerandomguy.2794,its about time these pranksters facing consequences,2024-12-14T02:39:39Z,0,0,en
UgxNI4ZpapU_b3y1and4AaABAg,@Altrag_,43k a year is way too much for the home of the huskies. It's a party school. Furthermore it's within a half hour of 3 military bases. It wasn't rare for the car we came in to have an actual gun in the trunk. They may as well have kicked in the door of the local police department. So damn lucky they're alive to be prosecuted.,2024-12-14T02:39:39Z,0,0,en
Ugz-lBuHXgGtHLCDrkJ4AaABAg,@Ms_Motown,Go ahead and give them another reason to cancel tik tok,2024-12-14T02:39:14Z,0,0,en
UgzDf0V09pA1swh6WOF4AaABAg,@jeremydale4548,Again. TikTok has facilitated so many of these “pranks” that it’s time to start going after these platforms for aiding and abetting these things.,2024-12-14T02:39:12Z,1,0,en
UgwN7P35Pnxj28oLg-h4AaABAg,@6Catz,its not like school shooting happen all the time in the USA its so brain dead to do this,2024-12-14T02:38:59Z,0,0,en
UgyJh64NrONyprYKx694AaABAg,@Jay_edwin,"Hey, Connecticut is on the channel! People get to finally see what kinds of shenanigans happen at UConn every time it hits finals week! 🗣️🗣️🗣️",2024-12-14T02:38:56Z,0,0,en
UgxZnvykrNmfgegO9Zx4AaABAg,@nwerd7584,Tbf most people as the victim of the prank dont find it funny. But it is funny and getting arrested is even funnier. The people playing victim would never survive the real deal either.,2024-12-14T02:38:52Z,0,0,en
Ugx9hSkHIUD89RNdt8B4AaABAg,@teehee9079,Its my first year in one of the top engineering universities in my country and omg the amount of people who are ONLY book smart i met is crazy like damn it feels like they dont know how to communicate with humans,2024-12-14T02:38:48Z,2,0,en
UgymaZSz5A3lyP2D9Mh4AaABAg,@homicon,"do not use language that encourages ppl to take their guns to school. what on earth.
it's so very american to call them ""hero""s because they MIGHT stop a shooter. a more likely scenario to adding more gunfire into the mix is mass chaos, endangering other people (hope these ""heroes"" are good shots in high stress situations, especially if people are panicking and trying to flee) and confusing ppl to who the actual shooter is. what if another ""hero"" mistakes you as the shooter?
already been many cases of these ""self defense"" firearms going off in schools, injuring students and teachers alike. more guns do not equal a safer environment. shock horror",2024-12-14T02:38:26Z,1,0,en
UgyreBilSOApEtuxhMN4AaABAg,@duanemansel5704,College will not fix stupid.,2024-12-14T02:37:55Z,1,1,en
UgxIqswuXYMlxBKCWTB4AaABAg,@Arkham-86,"Whats the next tik tok challenge? The go to the zoo, climb into the lion enclosure, and try to hug and french kiss a lion challenge?",2024-12-14T02:37:38Z,0,0,en
Ugzd-qOr09oMWkzilkZ4AaABAg,@stevencolor3389,"Holy hell, Im not that old but god damn the kids are stupid.

I was at a school when it had a lockdown because 3 teens have a bag with a couple of long guns.

I remember being shoved into a book storage room in the library and sitting in a dark room for what felt like forever with no cell service so I couldn't check on my friends or family.

I am not sure but I am thinking if the COPs didn't take these guys out of there paramedics might have been.",2024-12-14T02:37:12Z,0,0,en
UgzNffmzSNI-SiuKhWh4AaABAg,@stay.in.school.,bottom bunk salad tossing for cup   o noods for life gflhf,2024-12-14T02:37:07Z,0,0,en
UgzN2DxfoJBNaJVlidh4AaABAg,@bobbadham261,Yeahh but I'm sure every1 fell about laughing wen they realised it woz a prank..  NOT!!,2024-12-14T02:37:05Z,0,0,en
UgxseLVZhRG_k89FW654AaABAg,@Youtubesucks777,These are who we have in higher learning institutions.  Easily ones who follow trends and become our future seal clappers and sheep.,2024-12-14T02:36:56Z,0,0,en
Ugwkw9W4bTzjDKmMlf94AaABAg,@Lifeontheroad123,"I bet you these two are the gamer, indoor guys.",2024-12-14T02:36:56Z,0,0,en
UgzStk23U6QiOWTlpON4AaABAg,@misslora3896,Whatever happened to silly trends in college like streaking? Harmless and hilarious to witness.,2024-12-14T02:36:33Z,0,0,en
UgxIQzQLkuJiedgTMMJ4AaABAg,@freddysgi,Morons,2024-12-14T02:36:31Z,0,0,en
UgykRjLKwHeRGrtCbFx4AaABAg,@Godric_71,"Tik Tok trend or not, this is terrorism.",2024-12-14T02:36:09Z,0,0,en
Ugy6SfzVy9Y2c16tZKd4AaABAg,@ORO323,“A good time for parents to talk to their young adults”. This is embarrassing that it has to be suggested at all.,2024-12-14T02:35:53Z,0,0,en
UgxEhnjYeozpMN8TFbF4AaABAg,@yeehehehhe38494,they better not drop the soap in the shower jail lol,2024-12-14T02:35:52Z,1,0,en
UgyodmY0phZMxJA_cwJ4AaABAg,@MonoMan187,Isn’t that the perfect example for f*** around and find out?,2024-12-14T02:35:41Z,0,0,en
Ugwc_2eUCeuAGbGXFJV4AaABAg,@Pitkänen22,Sounds like some Kik streamer nonsense. They about to find out.,2024-12-14T02:35:40Z,0,0,en
Ugyoa_4PfPnoxPiZUSV4AaABAg,@JoonieJuice,Teens? They're university students. They absolutely know better. Sorry but middle school students have gone to juvie for 6 months+ for the same offenses.,2024-12-14T02:35:30Z,0,0,en
UgwF_0SUfVnAe9_45TV4AaABAg,@jeremydale4548,They deserve student debt,2024-12-14T02:35:29Z,1,0,en
UgyfeoioVFrhFmGK-2Z4AaABAg,@Kurothekitty5,Hey atozy I was wondering if you could talk about the mystery drone sightings in my state of new jersey!,2024-12-14T02:35:05Z,0,0,en
Ugym8j5hrTynw4-4fZt4AaABAg,@stephenowens3687,Got to start jailing these fools to send a message to the other kid's that actions have consequences.,2024-12-14T02:34:53Z,0,0,en
UgwHNJgyuoNktYYKkuN4AaABAg,@Rob_S85,"And people wonder why TikTok should be banned.  These ""pranks"" (or as it's really called CRIMINAL ACTIVITY) are one of the big reasons why.",2024-12-14T02:34:36Z,0,0,en
UgzXEamLkK9uUKION0J4AaABAg,@lnsflare1,We need to figure out how to teach kids not to be influenced by influencers.,2024-12-14T02:34:24Z,0,0,en
UgwjLkVTpY-G33YmvsF4AaABAg,@MikeySmash13,For the love of god if these kids wanna do tik tok trends just do the cringey dance ones. This is so stupid. I don’t see what’s funny about it,2024-12-14T02:34:13Z,0,0,en
UgxbK9ysmCzzmku1R0B4AaABAg,@luna_soleil,"When I was growing up there were news stories of 12 yos that lost their lives because they were walking around with BB or pop cap guns and these college students wanted to play these kinds of ""games""",2024-12-14T02:34:12Z,0,0,en
UgwtcSNt80C0UM6TURp4AaABAg,@weebairsoft3493,"Once I heard Tom's last name my first thought was ""Yeah his parents are gonna go scorch earth and disown him""",2024-12-14T02:34:07Z,0,0,en
UgyizyuZIHdQtAn6Kl14AaABAg,@Bruh12356,It’s just a prank bro lol 😂,2024-12-14T02:34:00Z,0,0,en
UgyBM8NgBNSJhzeYQOF4AaABAg,@tjvincenzi8416,Everyone wants to be a prankster until they take it up the A$$. 😅,2024-12-14T02:33:54Z,0,0,en
Ugy1QEHtcp1c8wzfgTt4AaABAg,@Satan6x6,"id expect this prank from a highschooler at the very least, but these are university students.... they should know better an I hope this'll straighten their behavior

Edit: I take it back, I don't even think highschoolers would stoop this low for a prank...",2024-12-14T02:33:52Z,0,0,en
UgwesZBtWIMCigWH4gd4AaABAg,@RabidDisposition,"There is a guy in my Japanese class who carries his pistol in his backpack every day. (Its legal to conceal carry on college campuses in my state) 

They would have ended up swiss cheesed if they tried this at my college.",2024-12-14T02:33:27Z,0,0,en
Ugya1cc71Zr5dk7XWmN4AaABAg,@NorthAyase,"This is not why Tiktok should be banned, but it would be a bonus perk.",2024-12-14T02:33:10Z,0,0,en
UgyIC9wux-gdlRwWmhh4AaABAg,@HarakiriRock,Prime candidates for a Darwin award,2024-12-14T02:32:59Z,0,0,en
UgyJofVxPL0PJv32cop4AaABAg,@moth_is_dead,"They played a stupid game and got a stupid, but deserved, prize",2024-12-14T02:32:56Z,0,0,en
UgxJxSu8WJ7QzhHJ0Eh4AaABAg,@NegligentNetizen,"This is so bad even johnny somali would cringe at this ""prank""... I think  🤔",2024-12-14T02:32:46Z,0,0,en
Ugw5jBIzGua6UG5pTt14AaABAg,@lachlanp3365,"Wait they did this in the USA ...... Connecticut looks to have restrictive gun rules for the US but it looks like you can conceal carry with a permit.

So they could have been shot while doing this.(Don't do ot in other places just because you probably will not be shot)",2024-12-14T02:32:30Z,0,0,en
UgyntpQbvwXeWWsDy2Z4AaABAg,@LifeBetweenTheDash,And they are still alive?  Wow 😮,2024-12-14T02:32:24Z,0,0,en
UgwVIYPOnGh0atOCAXR4AaABAg,@CaptainPlanet88,Americans lol,2024-12-14T02:32:07Z,0,0,en
UgxL4mSu_SXLMoI0vUx4AaABAg,@alvyca,I have stopped being surprised by the stupidity of some people.,2024-12-14T02:32:06Z,0,0,en
UgxJJblMT47PLBhyJCl4AaABAg,@cyronide,just more proof to finally make tiktok illegal,2024-12-14T02:32:03Z,0,0,Other
UgyF6oHK0MweUD2FzX94AaABAg,@RainRaiderX,This is the reason why Tiktok is getting banned here. Because of idiots like them,2024-12-14T02:32:02Z,0,0,en
UgwXJqbM0h8_aUoxMdF4AaABAg,@davidbudge8359,"Rule of thumb:
Would Johnny Somali do this?
Yes, DON'T DO IT!!!
No, IT'S PROBABLY GOING TO GET YOU KILLED!!!",2024-12-14T02:31:45Z,0,0,en
Ugxs59Sq-mhawdSI_7d4AaABAg,@fugginrambo,"These children are in college? Damn I'm super old, they look like they still go to daycare.",2024-12-14T02:31:26Z,0,0,en
Ugwl_pfsukh9v7lPysx4AaABAg,@Seth6097,Should be a terrorism charge,2024-12-14T02:31:24Z,0,0,en
UgwPMoU90LwTPk1Mbyx4AaABAg,@Potatosack-s3n,getting dumber and dumber....,2024-12-14T02:31:02Z,0,0,Other
UgxRacGWeEL7o-HpfsZ4AaABAg,@gamingguru2k6,"You don't understand, they made sure to say, ""It's just a prank, bro,"" afterward, so it's fine.",2024-12-14T02:30:54Z,0,0,en
Ugy40Aqp8Q7FeI36SAR4AaABAg,@wonderweasle2212,"They just need 5 years probation and like 1,000 community service hours. No prison needed",2024-12-14T02:30:45Z,0,0,en
UgyA4uRVr-bu41zFC4F4AaABAg,@stewpidasso3910,"Sips drink. Hey buddy, you just roll in from stupid town?",2024-12-14T02:30:35Z,0,0,en
UgyyCJQGBKQLtsHeVRx4AaABAg,@ChrissaTodd,"honestly i will applaud whoever gets tik tok finally banned 
cause if this trend is real we need to destroy the source",2024-12-14T02:30:25Z,0,0,en
UgxqZ4O2DLlDCWHVrvt4AaABAg,@pwnonator,"Im so glad i went to school in the 90s early 00s. There were none of these stupid trends. It was cootie traps, meet me in the parking lot after school and momma jokes. Fun times.",2024-12-14T02:30:24Z,0,0,en
Ugzzk2iroFdmf03Qfk94AaABAg,@UnChannelDuVulpineX,Her eyes are gorgeous!,2024-12-14T02:30:15Z,0,0,en
UgwKBWkZgP5AB1ajWBl4AaABAg,@chair6180,The best prank on themselves.,2024-12-14T02:30:05Z,0,0,en
Ugwvgy1qg8VCtgI-XPh4AaABAg,@ericmendenhall2867,Im just wondering what was going through their minds? How did they think this was going to turn out?,2024-12-14T02:30:04Z,0,0,en
UgyzqNYyhZ5ljnhB5194AaABAg,@thegreyarea9304,This is a big part of the reason TikTok is getting banned next year....,2024-12-14T02:29:45Z,0,0,en
Ugz8Z0pWLtajgu0PweZ4AaABAg,@germanwojtek3576,Goes hand in hand with the sensationalization of the real thing on the news . We are witnessing an even further level of societal degradation.,2024-12-14T02:29:42Z,0,0,en
UgzchbDtpt-9etpL-JR4AaABAg,@exxtrafries7769,"Go to the supermarket with a fake gun and demand all the money in the cash register.  If you get away with it, profit. If you get caught, just say it's a prank on tik tok.",2024-12-14T02:29:34Z,0,0,en
Ugx9hALYgQ8ZhDHvPbl4AaABAg,@ItzJohnny-o4e,TikTokers need to stop doing this stupid trend it ruined people's lives.,2024-12-14T02:29:34Z,0,0,en
UgyOCA0hrboyP_IvxQ54AaABAg,@arisketch9247,"getting arrested for that prank is a much better outcome for the two than what could have been if someone was armed ...

jailed these idiots and let everyone know, name and shame - and hope people will start to notice that action have consequences",2024-12-14T02:29:20Z,0,0,en
UgylgcPSxKDPZHLASll4AaABAg,@princesscandlewax5170,"I grew up watching The Coyote vs The Roadrunner, and not once was I ever tempted to push someone off a cliff or drop a boulder on someone’s head.  Because we weren’t f*cking stupid back then!",2024-12-14T02:29:13Z,0,0,en
UgxpOpoCo8jPoQGhkRp4AaABAg,@maxxdawgg8688,Idiots. Smfh.,2024-12-14T02:29:10Z,0,0,en
UgztLEdJazBZrp4hnFd4AaABAg,@wilfredocaban3542,When will it end ? Hopefully soon too many brain 🧠 dead youth the clout epidemic is worst then the crack epidemic.smh end Tik Tok.,2024-12-14T02:29:08Z,0,0,en
UgwlBndvnN3jj2vmqBR4AaABAg,@travishancock2302,It was probably a school full of liberal students. Or else they would have got delt with right then and there..!,2024-12-14T02:29:03Z,0,0,en
UgyLovOHknB4UjfwKGV4AaABAg,@markantoinette3994,"Stop calling them kids/teenagers
Both 18 
Both are adults not kids",2024-12-14T02:29:00Z,0,0,en
UgyaG27BQDb6FNASY9V4AaABAg,@wilfredocaban3542,When will it end ? Hopefully soon too many brain 🧠 dead youth the clout epidemic is worst then the crack epidemic.smh end Tik Tok.,2024-12-14T02:28:48Z,0,0,en
UgxDvFK9NKhjaG_k3ih4AaABAg,@wilfredocaban3542,When will it end ? Hopefully soon too many brain 🧠 dead youth the clout epidemic is worst then the crack epidemic.smh end Tik Tok.,2024-12-14T02:28:37Z,0,0,en
Ugx1WjpoivchRdcamfd4AaABAg,@wilfredocaban3542,When will it end ? Hopefully soon too many brain 🧠 dead youth the clout epidemic is worst then the crack epidemic.smh end Tik Tok.,2024-12-14T02:28:29Z,0,0,en
UgyYq1mO__3E-8XrCsZ4AaABAg,@mathewpoole3589,TilTok is nothing more than monkey see monkey do,2024-12-14T02:28:10Z,0,0,en
UgxdQp4o5MvIxRRv6a54AaABAg,@blunt.209,"The Chapelle show had skit that was called ""Zapped:"" spoofing prank shows that were around at the time
It was hilarious  ""you've  been zapped""😅",2024-12-14T02:28:09Z,0,1,en
UgzPjVclcQtYKWXCSn94AaABAg,@KaiHuang-qo6tj,"Cops could have taken this incident seriously, you know what happens next. This is no different than kaboom threats at an airport. I am sick of cretins using Tik Tok etc., as an excuse for abusing and causing distress to other people. Case in point, Johnny Somali.",2024-12-14T02:28:05Z,0,0,en
UgzXJ901zC_dKkHZow14AaABAg,@StudioHappyboy,i don't think you have to blur the names when your showing news clips.,2024-12-14T02:26:32Z,0,0,en
UgxBdbAZGs4PFhu4b1R4AaABAg,@stupadasol5911,Both deserve at least one year in prison with the big boys providing an education on pillow-biting relationships.,2024-12-14T02:26:25Z,0,0,en
UgxDDYouV0Ps0gRIm514AaABAg,@Carboneye7,Paul atredies,2024-12-14T02:26:25Z,0,0,Other
UgzP5Z4MdM_LN_rtm9Z4AaABAg,@bleepbloopblahp,"Is the reversed footage (mirror flipped) an attempt to not be automatically picked up for using someone's footage?
Is it fair use if you wipe out the watermark? That kind of makes it seem like you are doing something wrong. I'm no lawyer though.",2024-12-14T02:26:09Z,1,1,en
UgxCW4mCNTdwWn6wRFh4AaABAg,@dirkg4321,"Does your hair attach to your hat, are you in disguise?  jk, I truly hope ""prankers"" like this learn to appreciate how actual criminality is not funny... for anyone.",2024-12-14T02:26:00Z,0,0,en
UgyhGVBcBcHfzOGV8AR4AaABAg,@vinnyk.9670,Ban TikTok,2024-12-14T02:25:54Z,0,0,Other
UgyL6SfolgBP_GpcWkF4AaABAg,@flossum3309,"Trend??? What if they wanted to see how the crowd would react, then off that have a plan for the real thing. No excuse for it, prison immediately.",2024-12-14T02:25:52Z,1,0,en
UgyQpt8Cotm5FXU0jHJ4AaABAg,@f687sNFM,"So let me guess. Columbine ""prank""",2024-12-14T02:25:52Z,1,0,Other
Ugz1lTOTnn5E-Z5vIR94AaABAg,@SadPuppySoup,"After committing a crime has the words ""It's a prank dude"" ever got them out of doing jail time??? NO it hasn't nor will it ever. it just takes a person with a brain to know that, social media brain rot the downfall of American Youth. Throw the book at them both, send the message NOW.",2024-12-14T02:25:32Z,2,0,en
UgyGZIygkfmOc3JO4UB4AaABAg,@marvininer,What's more stupid is the fact that they were accepted into the university.,2024-12-14T02:25:18Z,0,0,en
UgxccgaJO9fz_jr70uR4AaABAg,@justinianbyzantium3765,Kids and university?… you mean… adults?,2024-12-14T02:24:55Z,0,0,en
UgyqIt4bei9ii4RljTN4AaABAg,@coolguyhino92,"This isn't a new thing.
Decades ago Jackass pranked people with a fake gas leak.
Years later we had the fake/racist bomb threats with with people dropping suitcases and running away in a frenzy.
Now 'they' pretend to be an actual school shooter.

How long until we have a, ""How far can i push 'My fake assassination of a Political Figure' prank before the Feds get me""?",2024-12-14T02:24:48Z,1,0,en
UgxtY0H2P02bHyPQckd4AaABAg,@bb_blocks_yt9910,The gun's not real the gun's not real! Mine is Pop pop pop,2024-12-14T02:24:43Z,0,0,en
UgxjBEKj-0JkueYJzSF4AaABAg,@ChrissaTodd,i am still waiting for video proof that this was based off of an existing trend,2024-12-14T02:24:34Z,0,0,en
Ugxwops9S4mnmdTSQRV4AaABAg,@Subarashii_Nem,"""Doesn't mean they should be marked for life, but at the same time it has to be taken seriously""

You wanna know how to make someone take it seriously? Give them serious consequences. I think the charges should be harsher. They're not children. They know how wrong it is. They know how messed up it is, that's why they did it. If they were like 13 and saw it thinking it's funny then okay, they're literal children and don't know the world yet but these are university students who understand right and wrong. These ""pranksters"" and all others need to be made examples of. Show the future generations that the ""clout"" isn't worth the inevitable punishment.

You wanna make people not even wanna attempt it in the first place. To do that there needs to be very real and life altering consequences.  It's why the majority of people don't just walk out of stores without paying.",2024-12-14T02:24:25Z,2,0,en
UgzaPygenVBt-FIpIn94AaABAg,@Wereshaman,"The worse part isn't their punishment or what they did, its what happens to their families. Their parents and siblings are gonna be looked at as terrible people for letting their kid grow up to do such a thing, + all the monetary fees they end up dealing with for Bail/Bond, Court Fees, School Fees cause that school is probably not gonna let them keep going there.",2024-12-14T02:24:14Z,15,4,en
UgwWMu8mjGjKt6DslI94AaABAg,@chrisvarga8,“We’re recreating a TikTok trend”.  Somehow that excuses your idiot behavior?? Welcome to FAFO 101.  😡,2024-12-14T02:24:05Z,1,0,en
UgwjyDcsj7034Oa5rIF4AaABAg,@Lando00100,"To be fair if these guys were dumb enough to pull this ""Prank"" theres a good  chance they were gonna waste those 4 years.",2024-12-14T02:23:49Z,1,0,en
UgzHEcfJ744xfiqq7mJ4AaABAg,@objectivewitness7709,"they thought news coverage was tiktok, silly kids, colombine wasnt a tiktok prank 😂😂😂",2024-12-14T02:23:32Z,0,1,en
Ugx0UWABzdX-FgQLgh54AaABAg,@patrickdix772,"Here I thought the ""door kick challenge"" was about as stupid as an online ""challenge"" could be",2024-12-14T02:23:17Z,4,0,en
UgwsAH9ZGgtaaXgERV14AaABAg,@hv2268,Typical suspects,2024-12-14T02:23:09Z,1,0,en
UgwEdSYFcaP-ajNQVT94AaABAg,@RandyGe,They'll get a slap on the wrist. Today's kids don't ever get held accountable for this stupid tiktok prank crap. They need realized that they could of been shot and killed by someone easily,2024-12-14T02:23:00Z,0,0,en
UgzhnQWiSJ8aFc-qNo14AaABAg,@animalian01,"18 is an adult in a lot of countries, they are at college  they are not meant to be stupid.",2024-12-14T02:22:51Z,1,0,en
UgwRo2mPF9WLYbH6wrB4AaABAg,@gixxersport2514,"Damn, we are going to have to come up with new laws for these douche bag pranksters. I blame the social media platforms for letting them monetizing from this",2024-12-14T02:22:17Z,1,0,en
UgzXj1-_shegf7vwicR4AaABAg,@TeaCat0,"This is dangerous. If a real one actually happened, the students will first assume its only a prank. That can be deadly really fast",2024-12-14T02:22:08Z,109,0,en
UgyLdW9xdx8S4-NCe0t4AaABAg,@hexenhammer483,Too bad these dimwits aren't being featured on Donut's Raw Police Footage,2024-12-14T02:22:07Z,0,0,en
UgxAuCncf44URySUHl94AaABAg,@virginiavallek1654,I would've had to go to the hospital bc I would've had a seizure. I have ptsd and panic attack.,2024-12-14T02:21:52Z,0,0,en
UgxgO9hIzrBCo3UX30V4AaABAg,@socksonfeet8125,"""conspiracy to commit a threatening act"" and ""breach of peace"" sound fake as fuck lol.",2024-12-14T02:21:40Z,0,0,en
Ugw4DQJROZ56QTQoyt14AaABAg,@StarKnight619,I have ZERO sympathy for these IDIOTS.,2024-12-14T02:21:19Z,1,0,en
UgztGTdoBiO0kceWffd4AaABAg,@BowserGreatAnti-Tik-TokEmperor,This won't last long until Tik Tok gets BANNED WORLDWIDE,2024-12-14T02:21:10Z,1,0,en
UgyKKt1vRF7cCssqisN4AaABAg,@kelticgirl,This is certainly not worth making a whole video about come on,2024-12-14T02:20:51Z,0,0,en
UgwVyYZ9biq-uG84IgJ4AaABAg,@JoeHall-j4y,They should have just asked for jalapeño mac n chesse bro,2024-12-14T02:20:31Z,0,0,en
Ugw0A_Eagh1TL0rq-X54AaABAg,@savageassassin8548,just wait until the 'dive down a flight of stairs' challenge next week,2024-12-14T02:20:18Z,1,0,en
UgwraEhtDaWiAvw4MEp4AaABAg,@chelsea_withan_a618,"I’m sorry but once you’re a legal adult, you have to be smarter than this. I really hope they don’t get a diversion program that expunges their record - that just tells these kids that they can blame TikTok and their problems will go away.",2024-12-14T02:20:17Z,1,0,en
Ugzhyk-H7Xo3VNP6ia94AaABAg,@cho9171,"We live in a society where we can just try to blame it on ""it's just a prank"" instead of accepting accountability nowadays because people really lack basic logics.",2024-12-14T02:20:15Z,0,0,en
UgyqpJccV1kCMS4POxx4AaABAg,@EricScott_7777,"Grew up and graduated in 2004 in East Tennessee. There was a school shooting that killed one principal and injured a principal in 2005. I think that if social media were around then besides MySpace, my class probably would've taken that shooter out and saved that principal. My 04 class was the most viciously antagonizing people in that school and probably in the whole east Tennessee tbh. That shooter was a freshman. I'm surprised that no one tried anything on those false shooters. The nerve and audacity of those TikTok idiots. SMDH..",2024-12-14T02:20:13Z,5,1,en
UgzQ2f8bAT5a-MVnZp54AaABAg,@kaijugaming1739,Imagine being a survivor of a real event and having someone come along and cause you to relive your worst day ever for sh1ts and giggles. They're lucky somebody didn't go full PTSD on them.,2024-12-14T02:20:07Z,0,0,en
Ugw8YsWckizrEfNVkQR4AaABAg,@SuperSpeed21,I call bs that this is a viral trend on tiktok.,2024-12-14T02:19:40Z,0,0,en
UgwZ21Y6ct1Z2-vGvsh4AaABAg,@francismcraymond2646,Not the sharpest chopstick in the drawer.,2024-12-14T02:19:15Z,0,0,en
UgzyM-shUbZNYA4Ajal4AaABAg,@mjungle773,Unless they are homeschooled they should know this is extremely stupid. I work at a high school. We have been doing active shooter drills for at least 10 years probably longer.  This is so ridiculous,2024-12-14T02:19:07Z,0,0,en
UgykVAMsRrdb-lNKlnF4AaABAg,@1_lone_SIGMA,You use to say shoot the s**** but now you have to say s**** the shit.,2024-12-14T02:18:50Z,0,0,en
Ugz77iApkfuNyKWB1Al4AaABAg,@akshakur3962,This is why people want TikTok banned. At least ban it for teens because wtf. 🙄,2024-12-14T02:18:39Z,0,0,en
UgzkgXfLH8o3Dgu0UX54AaABAg,@SkeetInTheEar,Proof that attending college doesn’t mean you’re smart,2024-12-14T02:18:31Z,0,0,en
Ugz2J8LlZ1T-uNBkeit4AaABAg,@kevinz.9785,I remember when TikTok trends were just silly dances.,2024-12-14T02:18:31Z,0,0,en
UgxCD9IPnNiqRPNyLeJ4AaABAg,@Luisjusthere,"STUPIDITY LEVELS SO HIGH IT WOULD MAKE JOHNNY SOMALI BLUSH! And people are wondering why government wants to ban tiktok, literal brain rot when young ADULTS think something like this would be “funny” and then go and blame it on social media, like nah this isn’t day one and it’s pretty much time to start handing out extreme punishment then blast THAT all over social media so people learn the lesson that it won’t be put up with no matter what!",2024-12-14T02:18:30Z,0,0,en
UgzzjbdLi15N9f7eiA14AaABAg,@NotStewieP,"The scary part is it's not like these are just some ""dumb high-school kids"", this they are young adults in college",2024-12-14T02:18:28Z,0,0,en
UgwNMRaPqi6e88xVXlV4AaABAg,@zosmanovic9763,2.20 am wtf is going on with my life,2024-12-14T02:18:23Z,0,0,en
UgwsuoxBO4wYuEBL0Ld4AaABAg,@captng3,A tic toc prank should be an sentence enhancement of five years..... Johnny Somali anyone,2024-12-14T02:18:22Z,0,0,en
Ugx5T54eeXt61_Cn9rd4AaABAg,@jahjoeka,Wasn't Sandy Hook in CT?,2024-12-14T02:18:20Z,0,0,en
Ugwz-_yHNYRAvJajWJ94AaABAg,@michaellumovich8325,Actual demonstration of natural selection.,2024-12-14T02:18:20Z,0,0,en
UgyjrhzKUqX8z5EoQFJ4AaABAg,@game.master69,"This is fascism people  , this right here",2024-12-14T02:18:17Z,0,0,en
UgzGre9-hP-3Ujcp2Z94AaABAg,@VelcroZippers,That’s nuts…,2024-12-14T02:18:16Z,0,0,en
UgwzyIyP_qWOlIrpikJ4AaABAg,@A_itsar,"the News calling it a ""viral"" tiktok video is stupid, it just brings attention to the fact it's popular, atleast will bring views, and some idiots would prob try to immitate it",2024-12-14T02:18:12Z,0,0,en
UgwCRzZQtc2H2BO63S54AaABAg,@Jgfhujnggg23342,0:11 They had a diabolical amount of “tarder” sauce for this,2024-12-14T02:18:03Z,0,0,en
Ugxan0upwbShsvJke0N4AaABAg,@justanothergrunt9053,They look so friendly.  Also I’m starting to see a pattern.,2024-12-14T02:17:58Z,0,0,en
Ugze7NWAVcm8Q7dSIv54AaABAg,@douglasarthur2673,It’s providential the “You’ve been Tango’d”  happened before TikTok was a thing.,2024-12-14T02:17:40Z,0,0,en
UgxdqrKzr4bu36l4oE14AaABAg,@alepaz1099,"textbook FAFO 

🤷‍♂",2024-12-14T02:17:11Z,0,0,en
UgxGCijV-N-0dENEHcx4AaABAg,@NookDeSus,Imitating crime as a prank is juz a big no no. Things would've ended badly if police and public were to misinterpret it.,2024-12-14T02:17:06Z,0,0,en
UgyMUo9t-SfMrg_BFWV4AaABAg,@southwestxnorthwest,Ding dong ditch back in the 80s was fun,2024-12-14T02:16:48Z,0,0,en
Ugz2KUfZB9jCcGbssy94AaABAg,@ZeroN1neZero,"Holy shit, imagine growing up and being fortunate enough to attend a major college only to get sent the fuck home because you thought it would be a great idea to traumatize people for clicks and giggles. SICK.",2024-12-14T02:16:44Z,0,0,en
UgxUobSBQctv16qQ3-14AaABAg,@JFirn86Q,"How is that even funny? What the...
They are lucky to be alive, as like Atozy said a hero could have stepped up thinking dozens were about to be...",2024-12-14T02:16:43Z,0,0,en
UgxXUwQrZuJ2oRuIkXt4AaABAg,@JohnathanKellie,Dude at 1:55 looks like he has to pee lol,2024-12-14T02:16:24Z,0,0,Other
Ugx-htRTQ4C7jLfEMuV4AaABAg,@robreuler144,These two idiots just can't get any dumber.,2024-12-14T02:16:16Z,0,0,en
Ugy6lnUXSSg0RaSiEy94AaABAg,@surfing_pikachuu,Yet another reason TikTok needs to go,2024-12-14T02:16:00Z,0,0,en
UgxsIGeuQ-uuzsSWUa14AaABAg,@MannyBots,There is a reason I think TikTok should have an age restriction 🤦,2024-12-14T02:15:58Z,0,0,en
UgzLBStImNrljxymLGR4AaABAg,@yikifu,Welcome to New Age of dumbass America,2024-12-14T02:15:30Z,0,0,en
UgxaLWYLSv0VSw2I7lZ4AaABAg,@sakurasaku1793,Just reward! Kindergarten level intelligence.,2024-12-14T02:15:19Z,0,0,Other
Ugyp5TZL40oUbLfXued4AaABAg,@skeiththe3rd,5 years in Connecticut.... That sounds.... awful.,2024-12-14T02:15:19Z,0,0,en
UgyuiT7sQ6xXvp2H0NF4AaABAg,@trublgrl,"This shows total lack of empathy.  If they could really do this without thinking ""how would I feel if this happened to me?""  They're essentially young sociopaths.  The world doesn't need any more sociopaths.",2024-12-14T02:15:07Z,1,0,en
Ugziavn6KtebXIGyStZ4AaABAg,@DarnedGuileful5678,That shit is the definition of yelling fire in a crowded theater. We are doomed.,2024-12-14T02:15:05Z,0,0,en
UgzUF6RVBsXILVC94OF4AaABAg,@ericandrikowich2478,So where is the video?,2024-12-14T02:15:00Z,0,0,en
UgxjsTeyx5PbgDaOZGp4AaABAg,@rosetinsley5219,"I was in a video store acoup!e boys walked in and yelled ""This is a hold up "" I went into fear mode for my life... Turns out they were friends of the employee.. YOU NEVER FORGET THAT...",2024-12-14T02:14:44Z,0,0,en
UgzpqQp67CUWZ-8cyrx4AaABAg,@devadasn,I think it’s time for a new style bro. That hair and hat is not a good look,2024-12-14T02:14:13Z,1,0,en
UgwMmtGmYPsq44PgiTh4AaABAg,@SlickArmor,"Ok, I've about had my fill of headlines telling me how many years people are facing. If history is any indication these guys are getting fined and a lengthy probation.",2024-12-14T02:14:08Z,1,0,en
UgzCkW6VOI3ty4SScz94AaABAg,@jeremyhester3971,Tik Tok: where stupidity goes to breed.,2024-12-14T02:13:57Z,0,0,en
UgwRigEZc3vwCeP71D14AaABAg,@TheNaldiin,"Man, I don't like short form content, but if these are actual trends on TikTok, why do we only hear about the imitators?",2024-12-14T02:13:55Z,0,0,en
UgzERZ2Epg4tn5FZsIN4AaABAg,@gejamugamlatsoomanam7716,Tiktok needs to be banned asap,2024-12-14T02:13:47Z,0,0,en
UgzyvKAEIKq7Feo3Ynh4AaABAg,@robertpopa2628,"The first question should be
Can this get me killed

Followed by
Could this cause someone elses death
Can I be charged with a crime
Could I lose my job/access to school

Each of these should be accompanied by research",2024-12-14T02:13:25Z,0,0,en
UgyGK8D0lWo0P529llV4AaABAg,@tipennya,"Imagine costing your parents hundreds of thousands in tuition plus 50,000 in bail money, just in time for Christmas break no less!!!",2024-12-14T02:13:16Z,6,0,en
UgyZXNivmR2hpTkuqwl4AaABAg,@adlockhungry304,10:15 you had me at “Don’t do any TikTok trends.”  No need to elaborate further.,2024-12-14T02:13:06Z,0,1,en
UgyA7YgSVGjIKtIq3f14AaABAg,@trublgrl,Threatening to kill someone is a crime.  They go to jail.  Not much else to say.,2024-12-14T02:13:03Z,0,0,en
UgwF8Wi0kmLQJvketmx4AaABAg,@pikengren1,"I am really curious.
What did they think the best ending to this was going to be?",2024-12-14T02:12:58Z,0,0,en
Ugy9LOtgUjNBTLYJ1Np4AaABAg,@Jaded_Jester,So if tiktok gets banned then which platform will take over all the stupidity?,2024-12-14T02:12:55Z,0,0,en
UgxFMgYgOHPUklljFaJ4AaABAg,@RAIIZEUK,"*If F**** *Around & Find Out were two random degenerate dudes* :
🥴🥴 *2025 will be the Year of Common Sense & The Ultimate FAFO*",2024-12-14T02:12:54Z,1,0,en
UgzblwPyD5AM919qUZt4AaABAg,@ramonreyes817,Congress might use this for the TikTok ban.,2024-12-14T02:12:24Z,0,0,en
UgzxHZRGGeU-ZZ7kbXV4AaABAg,@garysakamoto4007,They are probably followers of the idiot in South Korea.,2024-12-14T02:12:11Z,0,0,en
UgzyJ6O4cXhlfwHwo_94AaABAg,@Kodousinx,God he a embarrassed the asian community ffs,2024-12-14T02:12:01Z,0,0,en
Ugw5MqMXqHaS3XuAptB4AaABAg,@skylark.kraken,"But if people stop with stupid TikTok trends you'll be out of half of a job, all you have left is IRL streamers but they might stop once Johnny Not Somali gets destroyed",2024-12-14T02:11:43Z,0,0,en
UgxpwUCJ65MYb3RErmR4AaABAg,@ShitpostGiga,Tiktokers should be watching videos from this channel so they know what not to do on TikTok.,2024-12-14T02:11:36Z,0,0,en
UgxeiL_RcQ1vemlRW_p4AaABAg,@geraldlevan6754,I was a truck driver and believe me Conn. is not an easy state to deal with,2024-12-14T02:11:31Z,0,0,en
Ugy7FvX6drxQ8mkZG414AaABAg,@H37P5kY57,I'm convinced social media has made kids more stup1d and to add on public daycare and gentle parenting.... we're f÷×ked. And now that we have politicians ensuring soft on crime ...I imagine these pranks are going to get so much more deadlier,2024-12-14T02:11:30Z,0,0,en
Ugz52Vv1b0CXgw6_Vgp4AaABAg,@ZeroInfiniti2,"Wow, did they start doing fortnite dances afterward? Darwinism is going to make a roaring comeback",2024-12-14T02:11:23Z,0,0,en
Ugxehdl1F5fCqugSvJN4AaABAg,@fingerguns2484,"All it takes is a hero..
Elisjsha Dicken
If you don't know. Google that HERO",2024-12-14T02:11:07Z,0,0,en
Ugz3fp8STyQWk5IDFWF4AaABAg,@Seiaeka,How did these two idiots get grades high enough to get into uni with an int score of a bowl of jello?,2024-12-14T02:11:07Z,0,0,en
UgxvWdj1qBxtD52zbfd4AaABAg,@BoomerTweenerX,Maybe some more of these idiots should meet more open carry people.,2024-12-14T02:10:57Z,0,0,en
UgxD7QgpYhNeWFXtdbl4AaABAg,@ninjamanx320,A lot of YouTubers that covered TiktoK trends and trends has been trending over the years I don't think this was one of them 0:21,2024-12-14T02:10:44Z,0,0,en
UgwLaaMyYxYd0htSi-R4AaABAg,@dontfoldfordollars,12 seconds is all it took for me to fully accept we're living in Idiocracy,2024-12-14T02:10:40Z,0,1,en
UgzUfuvcxa4BXA4b6-R4AaABAg,@mdmums,"In Texas, Concealed Carry is allowed in Public Universities.",2024-12-14T02:10:39Z,0,0,en
Ugxv8fcUdX8FoEhpgsB4AaABAg,@crimsonmaelstrom573,"Pranks are harmless fun that everyone can laugh about. Like whoopie cushions or shaking somebody’s soda can so it sprays into their face when they open it. 

THIS IS NOT A F**KING PRANK!!",2024-12-14T02:10:26Z,0,0,en
UgzujwNzroVcD4P0JTd4AaABAg,@munkyenima,"TikTok speak engaged: Working in a ""vape shop"" in the south, I keep the blicky on the hip... when a kid walked in with a baby bush master on his back, I had to explain that he almost did a sewer slide. Smart people being extra these days. 😂",2024-12-14T02:10:25Z,0,0,en
UgyBF64pNE9d17IfI054AaABAg,@RAIIZEUK,If Fuck Around & Find Out were two random degenerate dudes.... 2025 will be the Year of FAFO & Common Sense finally winning.,2024-12-14T02:10:24Z,0,0,en
UgwCahK0S6lO3OurxSN4AaABAg,@TravisBon615,Just like Johnny in Korea,2024-12-14T02:10:04Z,0,0,en
Ugz7EgHKCxnksILlkNl4AaABAg,@JDubsPub,Gen Z 🤡,2024-12-14T02:09:59Z,0,0,Other
UgycBrdecqhlxWfzg7Z4AaABAg,@kyle18934,"I feel like any ""prank"" that has a good chance of being shot by security, or police, problably isn't a good prank",2024-12-14T02:09:47Z,0,0,en
UgxOWrj5NpU1d5stErF4AaABAg,@Yaburnt420,"Walks into a bank to recreate a bank robbery 
""it's just a prank""",2024-12-14T02:09:42Z,0,0,en
Ugw_rAhmYEn1k-2Xkup4AaABAg,@mosshark,TikTok: Cancer,2024-12-14T02:09:27Z,0,0,en
Ugzq20u3CAoezzwzxot4AaABAg,@Nonethousand9090,"I literally cannot comprehend why someone would willingly want to do this lmfao. Surely this ain't worth the views you could get online? And on top of that, how do you not think that you would get jail time from doing this ☠️☠️☠️",2024-12-14T02:09:12Z,0,0,en
UgwtElR4B_kjrHInLgt4AaABAg,@insideseptiplieredits1186,I know that bear on his desk is from Target. I work at my local super Target and I’ve seen that exact bear in our seasonal section,2024-12-14T02:09:09Z,0,0,en
Ugy1BtFfMdPdJjwvYIF4AaABAg,@StuArts-Kustoms,Is there a possible terrorism charge?,2024-12-14T02:09:05Z,0,0,en
Ugzzcow60PjHHxagYrN4AaABAg,@Syph1l1S,lol i was dumb when i was 18 but this is hilarious,2024-12-14T02:08:58Z,0,0,en
UgwqkHgLEZhZhzELrCp4AaABAg,@eugeneenriquez2691,"Sum Ting Wong and Wee Tu Lao.

Where's the 3rd teen?

Ho Lee Fuku

Seriously i swear.....

😂😂😂",2024-12-14T02:08:54Z,1,0,en
UgxlVbEalP4PIpLKPWR4AaABAg,@dbblues.9168,This tiktok ban can't come fast enough.,2024-12-14T02:08:45Z,0,0,en
UgxeaWKYH7IJwsVeqeR4AaABAg,@Masquerade404,"This may or may not be a Hot Take, but I think using Tik Tok as a defense should add an immediate 2 years of whatever punishment they receive.. It could be jail, or community service.. Whatever they got for whatever they did, just add 2 years of it.. Maybe then it will curb some of these idiotic tendencies..",2024-12-14T02:08:42Z,0,0,en
UgwpxZP0TBX-9iJPPi54AaABAg,@briandoyle1168,Bro were like one of the smallest states out there. We gotta keep a low profile. what are kids doing now adays?!?!,2024-12-14T02:08:28Z,0,0,en
Ugx_1Wke9pN7H_xKk-F4AaABAg,@numberonepun6969,"This is why TikTok needs to be banned. These ""trends"" are being planted by the Chinese Government to create havoc in our society and these morons are too stupid to recognize it.",2024-12-14T02:08:24Z,0,0,en
UgwUlZ7mu_eYWTquRM54AaABAg,@michaellumovich8325,Obviously the standards for acceptance at UConn are not very exacting.,2024-12-14T02:08:21Z,0,0,en
Ugz6sNfHk6h1rj1D51R4AaABAg,@kurtisduke2685,I'm pretty sure running into a school threating people even with a fake gun attempted armed robbery and terrorism.,2024-12-14T02:08:00Z,0,0,en
UgyhOa7eux4qVyCooYx4AaABAg,@bftvclips8925,Did this start on 4chan?,2024-12-14T02:07:48Z,0,0,en
Ugz4FrwUsPsYTd8OJ9t4AaABAg,@admiralradish,"I hope the people that watch your channel understand that there are no PRIVATE CORPORATIONS in China, there are definitely 0 outside of China. The CCP controls all Corporations operated by Chinese Nationals. This is all done on purpose. Had you studied HISTORY before WW2 you would understand CULTURAL MARXISM and propaganda better. It is not meant to have an immediate effect.",2024-12-14T02:07:44Z,0,0,en
UgyJgpAqQEdUDpsXCsh4AaABAg,@Jaded_Jester,If only! We all know that nothing is going to happen. They will just do it again and again.,2024-12-14T02:07:42Z,0,0,en
UgxNVjcXeu9BI-S4yHt4AaABAg,@xxfloppypillowxx,Great way for that degree they're going for to make no difference. a felony record screws you from any advanced employment.,2024-12-14T02:06:32Z,0,0,en
UgwQND7G4oN-2zhH5F14AaABAg,@guillermosanchezll,This is what happens when you give your kids a platinum card no discipline and not enough homework!!,2024-12-14T02:06:27Z,0,0,en
UgzlzlsIOrAsp9rGvCt4AaABAg,@midnightdimensions13,A prank is not a prank unless everyone is laughing. No one was laughing!,2024-12-14T02:06:23Z,0,0,en
UgyCIO6z6IxHzrHgYmR4AaABAg,@JusAObserver,TIK-TOXIC☠️☠️☠️☠️,2024-12-14T02:06:21Z,0,0,Other
Ugw3WplzTtHuTPidcjl4AaABAg,@annenelson5656,"If they were my kids I wouldn’t have bailed them out, but I’m old so what do I know?",2024-12-14T02:06:10Z,0,0,en
UgxhcfPffVN6ScX62LZ4AaABAg,@MichaelBell-f6b,"Imagine “get on the ground” 

Random student” Bang, Bang)

Students confused in who's good or bad",2024-12-14T02:06:02Z,0,0,en
UgyYzn0fOdtVzX9frk14AaABAg,@TheRealVolk,Isn’t Bao a delicious meat bun?,2024-12-14T02:05:58Z,0,0,Other
UgyIx35McO4SX5yTv1h4AaABAg,@michoacan55,Its the dumb Dhar Mann videos making these kids think that you always only get slaps on the wrist for serious crimes,2024-12-14T02:05:41Z,0,0,en
UgyZbE6uJCZymrZoqyN4AaABAg,@bubonictonics,I recently had to do mandatory training for my college. I work in the food court. And we were told as a LAST RESORT.  To legitimately fight back. If things got dire enough these kids genuinely couldve gotten jumped by the staff.,2024-12-14T02:05:24Z,109,4,en
UgzVX9h8IBncG4C_ivJ4AaABAg,@princesspupcake1269,"Gonna be real, this ""viral"" video they supposedly based their prank on sounds an awful lot like a certain video from a Colorado school... Youtube won't let me say the name, but it should be obvious. Which just makes the ""prank"" all the more fucked up.",2024-12-14T02:05:24Z,0,0,en
UgxHFR3iN2l8qDoozh94AaABAg,@BanderX319,"To be fair, they do look like they would do it for real",2024-12-14T02:04:58Z,0,0,en
UgwNSAqdPU7x6ixBrpd4AaABAg,@atozy,If you want another way to support the channel: Grab a Christmas Present for yourself or a loved one here! https://mat.city/,2024-12-14T02:04:57Z,227,23,en
UgxqR8JUomyPfR31xjJ4AaABAg,@Alkaris,"Why are we still calling these TikTok stunts as _""trends""_ ? TikTok Brain Rot stunts is what they should be called.",2024-12-14T02:04:55Z,0,0,en
UgxsolBGC5NbZk_syb14AaABAg,@garcia12773,Gen Z appears to be broken,2024-12-14T02:04:32Z,0,0,en
UgxxHOL4SaC7yTtUiWN4AaABAg,@TheDarkLink7,"Okay pro life tip for everyone. If youre going to do a prank. Ask yourself: is this a bad idea? If youre unsure if it is. Ask a separate person you dont know. If they say ""thats a bad idea. Why would you do that?"" Then ITS A BAD IDEA AND DO NOT DO IT. Pranks are suppose to be funny FOR ALL INVOLVE.",2024-12-14T02:04:30Z,0,0,en
UgwiHcS5oGwFsNC5nLd4AaABAg,@UltraNightmares,"Any ""Gun prank"" Is a major mistake for anyone who come up with the idea to follow through. I remember every now and then when my high school closed for the whole day while we were waiting in the bus because a fool prank called a bomb threat. 

Kids, doing this black list you and ruins your chance for a better life in the future. NEVER, EVER do this stuff.",2024-12-14T02:04:27Z,0,0,en
UgwAAbh-hxsyw2f0BHR4AaABAg,@bigbirddottv,Imagine someone with a carry permit pulls on them and fires?,2024-12-14T02:04:23Z,0,0,en
UgysmXYGPyU-WXc7V1h4AaABAg,@fractal4284,I live in Texas and people are legally allowed to conceal carry at public universities here,2024-12-14T02:04:23Z,1,0,en
UgxhK2UyFlQ4itpalFx4AaABAg,@fingerguns2484,And that's why it should be banned.,2024-12-14T02:04:22Z,0,0,en
Ugx0gpTPlWZyx7r_Eqp4AaABAg,@Ztrangeart,They both need to go to jail/prison,2024-12-14T02:04:06Z,0,0,en
UgxorsNjNRF9_J7hsPR4AaABAg,@blacksawjohnnyhex310,I bet their parents are so proud of them. And remember parents actually parenting    instead of replacing it with ipads and smart phones,2024-12-14T02:04:04Z,0,0,en
Ugz15ZzzO1iFLs1qlVN4AaABAg,@hightower7275,Why does bro on the right look like Bubbles in an emo phase,2024-12-14T02:03:58Z,1,0,en
UgwsKJm-n4Vh4ncCx6V4AaABAg,@marcelpowersi6475,It’s just a prank bro 😂,2024-12-14T02:03:51Z,0,0,en
UgyXRYOcoGnNR3LrygJ4AaABAg,@JoshuaFante,Who came up with this idea an who said yea thats hilarious??? Their lucky they didn't get shot or worse. Super dumb,2024-12-14T02:03:49Z,0,0,en
UgwfZCAYvqqsxtsyII94AaABAg,@Releasethebats123,2:50 “Parents need to have a talk with their young adults” Jesus Christ I’m so glad I’m in my 30s and not a part of this insanely cringe and stupid generation raised by social media,2024-12-14T02:03:49Z,46,4,en
Ugwp-J9Fiu_EU4M_oXt4AaABAg,@danielbyrne5402,"Try reading all that backwards writing then try reading the comments, its freaky, it feels like the comments are backwards",2024-12-14T02:03:35Z,0,0,en
UgyBczkXUPz35RzOZ0V4AaABAg,@SilasSeiler,"""Teenage University students"" 

They're not teenagers",2024-12-14T02:03:33Z,0,0,en
UgyufvLJN0th__JhbaF4AaABAg,@Negative13Prod,And this is why TikTok is getting banned,2024-12-14T02:03:29Z,67,11,en
UgxedIC2BvkNV9_Fipp4AaABAg,@FrankensteinMomma,"Like 3 weeks til 2025 and ""it's just a prank bro"" is still being used as an excuse. Wtaf",2024-12-14T02:03:29Z,0,0,en
UgwZZFKgqVCLX71MZHx4AaABAg,@oiberon,the genepool is getting dumber with each generation. how is this a prank? why did they not think is this a good or bad idea?,2024-12-14T02:03:16Z,0,0,en
UgwusIFd-Z2kFK1AEHJ4AaABAg,@Foxiest_Fox,I await the downfall of tiktok.,2024-12-14T02:03:00Z,0,0,en
UgwsNGouM0O_D9kszt94AaABAg,@supamahyo5161,Yo the iPhone & iPad gen are so cooked! Trying to become Viral while ruining your life and bring disgrace to your Parents and family!,2024-12-14T02:02:58Z,0,0,en
UgxE0Qse_2cKI3U7Egp4AaABAg,@blueeyedbatman,"I'm curious and worried to find out where the line is when we finally ban tiktok.... if all the horror stories and just outright stupidity isn't enough, what will be?",2024-12-14T02:02:58Z,0,0,en
Ugw0nhgHpoOyPlT3KpJ4AaABAg,@ReviewTechMongolia,We need a new plague,2024-12-14T02:02:44Z,0,0,en
UgyeqHmiPPJRN_ZVQLF4AaABAg,@marywinchester1322,"Who the hell would think this would be a funny prank!? Pranks now a days are not harmless fun. ""Pranks"" to a**holes today... are straight up disturbing the public and ASSULTS.",2024-12-14T02:02:37Z,0,0,en
UgzOF7tlrwvLdkNXljl4AaABAg,@tonydezurik6863,Tik-tok seems to equal stupid...😮,2024-12-14T02:02:33Z,0,0,Other
Ugw66F6ZnlNND8Ciwlt4AaABAg,@gideonfyah1,"Top AI experts warn that an AI take over wouldn't be obvious like in the movies, 

one of the early clues(when you see it it's already too late) will be

strange social movements...",2024-12-14T02:02:30Z,1,0,en
Ugzs1jIvyHsNbpkkt014AaABAg,@sebfettel,Lock em up,2024-12-14T02:02:20Z,0,0,Other
UgwKDwZhDlxLrHn_Fxh4AaABAg,@Whistlen_Dixie,Melissa Kunniz  nose is looking HARD right while her face is slightly to the left. 😂,2024-12-14T02:02:07Z,0,0,en
UgyjpqVU-iuR5wwIW9V4AaABAg,@Lady1974M,"Idiot TikTokers: ""Yo! It's just a prank bro!""
Cops: ""Hahahaha....it's just a felony bro!""",2024-12-14T02:01:51Z,0,0,en
UgydlOg57sMgzb08SWF4AaABAg,@geofftottenperthcoys9944,Suffer,2024-12-14T02:01:39Z,0,0,Other
UgzTDtYk8v9jORy8yrR4AaABAg,@geraldlevan6754,allegedly??? why don't they ever say what it is???,2024-12-14T02:01:35Z,0,0,en
UgwVy1ez9fRg-TaCFCJ4AaABAg,@Abadeez,People really don't understand what a prank is anymore.,2024-12-14T02:01:24Z,0,0,en
UgySv8mPcEgcD--RklB4AaABAg,@bf-696,"Yes, it does mean they need to be marked for life.  They need years in prison and to be held up publicly and visibly crying uncontrollably as they are sentenced to 10 years in prison.",2024-12-14T02:01:17Z,3,1,en
Ugzg_31NijXwYjGmRAR4AaABAg,@3DPT,"I'd like to see them get the full 10 years to make an example out of them. Realistically as young offenders they'll get 1-2 years, but I'd like the school to sue TT for damages for even allowing this kind of BS ""prank"" out into the world.",2024-12-14T02:01:17Z,0,0,en
Ugy2ETBxNQE6uAMDL4R4AaABAg,@maiqedekthorellan9745,This is why tablet parents need to be charged also. Kids dum because you failed them. My kids 6 and 8 only online use is monitored by being involved with what they do .,2024-12-14T02:01:13Z,0,0,en
Ugyh9RudOtC2l1RjdMp4AaABAg,@RhonetteBuntyn,Dish out harsher punishments! That's the only how they'll start learning that stupidity has consequences!,2024-12-14T02:01:12Z,0,0,en
UgwJMnIdK0KOVMTJNeZ4AaABAg,@elliotthefennekin6506,Can we just not call these pranks anymore and call them crimes like they should be?,2024-12-14T02:01:10Z,0,0,en
Ugzxa-ZJvggj-dC-1TN4AaABAg,@tmontgomery7592,Hope they get everyday of the 10 years,2024-12-14T02:01:08Z,0,0,en
Ugxc7wdXMFvoahduocp4AaABAg,@dumdum5520,This is old news...didnt this happen like a month ago?,2024-12-14T02:01:07Z,0,0,en
UgzDFkZ3x8QSqCPBbJd4AaABAg,@selenafanparasiempre,"It just astonishes me the things that are called ""pranks "" nowadays.",2024-12-14T02:01:04Z,0,0,en
UgxBD-DMVPxOY6_M0q94AaABAg,@happyfatherof5164,if you don't f around you will never find out,2024-12-14T02:01:01Z,0,0,en
UgytwcArGs72QHd7XdZ4AaABAg,@raiderxzero,"Say bye-bye to your campus life. For sure, you're no longer welcomed on any campus 😂",2024-12-14T02:01:00Z,1,0,en
Ugw9jjoYBMt5Lat9YCZ4AaABAg,@adamflores5027,new word must be cooked so screw it im gonna say it to....these guys are cooked,2024-12-14T02:00:57Z,0,0,en
UgyLi1wmNeWtydIDczF4AaABAg,@jolteon345,"It’s not a prank unless *everyone* involved can laugh about it. This was a crime, not a prank.",2024-12-14T02:00:45Z,0,0,en
UgyIxL_OPyc4fMO3LpF4AaABAg,@Mike__B,Personally I think everyone should get arrested for imitating something they saw on TikTok whether legal or not,2024-12-14T02:00:25Z,0,0,en
UgxOpxHWkFnTXRSMneB4AaABAg,@johnsullivan937,"Not only did the parents drop 40k on a college tuition, they then had to waste another 5,000 each to bail their idiot kid out of jail.  I'd imagine lawyer/court fee's will add easily another 5k+.   THEN they have to worry about how much trouble they're getting into.  I feel like anyone over the age of 10 is old enough to understand you dont pretend to rob/shoot people.  Is it really necessary to ""talk to your kids about this trend""?",2024-12-14T02:00:21Z,0,0,en
UgzeQ9uS-JRCqV_x7aF4AaABAg,@ImTooHighToHelp,This reminds me of when a teenager fell off a roof car surfing and the mom was urging parents to remind their kids the dangers of it… something’s you can’t just teach,2024-12-14T02:00:15Z,0,0,en
Ugwtsq4oDi6P1nTvJKl4AaABAg,@rezzurektedpoet,Maybe they were protesting Johnny Somali's detention in South Korea.,2024-12-14T02:00:09Z,0,0,en
Ugx8l4wpmcCsWbo_r354AaABAg,@bk-pk4wv,"Wow..  please any kids, imitate this and be cool. Instant legends",2024-12-14T01:59:59Z,0,0,en
UgxmUuFDQJZSr_Mg3ZB4AaABAg,@DragonHeart613,They're dam lucky that there were no armed security there otherwise they'd be permanently screwed.,2024-12-14T01:59:57Z,0,0,en
UgxPH3SVmXVEXqCTw_J4AaABAg,@MrZachtheKingsfan,"Remember before every episode of Jackass, there would be a warning to never try any of the stunts at home? That’s severely lacking today apparently.",2024-12-14T01:59:51Z,0,0,en
UgyhHOo2ayE72UIWNjN4AaABAg,@megorex630,All I could hear was “It was just a prank Han….”,2024-12-14T01:59:48Z,0,0,en
UgwnUe9HSuSaLWay4Wx4AaABAg,@hackintoshlife2888,they kinda look like they could be shooters to :ç,2024-12-14T01:59:38Z,0,0,en
UgxPlGppPoOFt43Utap4AaABAg,@InvntdXNEWROMAN,The only way you could get away with this is if you had a banana in your hand acting like the firearm and you were making banana puns as threats or some shit. To actually act like you had a gun is insane.,2024-12-14T01:59:29Z,0,0,en
UgzkwoethrBVg_O9bc94AaABAg,@stevemcra,Seeing  something on Tik Tok doesn't make viral.,2024-12-14T01:59:21Z,0,0,Other
UgzqfwE3EfA-iAAFcQR4AaABAg,@DesmoraDays,You got to stop letting them pick their own switch 😂,2024-12-14T01:59:00Z,0,0,en
UgzPRTUAPiACX55xiGZ4AaABAg,@xersaeesfrope3752,Now we know where the govt funding goes to now,2024-12-14T01:58:59Z,0,0,en
UgysW_rglVvRF_aBB_p4AaABAg,@gamerGUY3013,"If they're stupid enough to do this, they don't belong in society without some serious repercussions. Like this amount of stupid should be illegal",2024-12-14T01:58:57Z,5,0,en
Ugzv3yynTuU9M5devcF4AaABAg,@Sarcastro_78,"""I was recreating a tiktok"" is  not a viable defense, kids",2024-12-14T01:58:49Z,0,0,en
UgyFBq3xa6AVnTzF3mh4AaABAg,@Checkz_over_Stripez,Might actually be dumber than Chase glitch. 😅,2024-12-14T01:58:42Z,0,0,en
UgxWTOHgOikznZEOHal4AaABAg,@rhondaloveloveloves9551,Talk about stupid. They could have caused an incredibly tragic situation to happen. I can't understand how they thought that was a good prank.,2024-12-14T01:58:40Z,0,0,en
Ugx6iwrHmeJTskUyXkN4AaABAg,@ImAnAmericanMan,"Back in the day, people would do pranks but would not self-snitch.",2024-12-14T01:58:31Z,0,0,en
UgyC-RTGqUJKd8pGhPB4AaABAg,@allison4976,More and more tiktok is helping folks take the trash out itself,2024-12-14T01:58:25Z,0,0,en
UgyNdDqeW3idpL_jTQR4AaABAg,@robertpopa2628,The time to talk to your kids about what is funny is not after they leave the home,2024-12-14T01:58:09Z,0,0,en
UgxseHfq9jK-A_5SlIB4AaABAg,@tedmitchell226,"These Idiots should have known better, Look at Johny Somali do garbage stuff in S. Korea I believe  he is facing like 25 years in Prison",2024-12-14T01:58:09Z,0,0,en
UgyAIv1DjzrxrKoCFfh4AaABAg,@The-Dutches,"as a girl from Connecticut, somehow this doesn't surprise me.
I don't live there anymore, for many reasons, but, knowing how fast the state has gone down, this doesn't surprise me",2024-12-14T01:58:04Z,5,0,en
UgyuDEFwhMmznIbWE4l4AaABAg,@drago72639,"Atozy saying its the worst thing hes seen for each tik tok challenge vids hes been doing, it is showing how bad it keeps getting.",2024-12-14T01:58:04Z,0,0,en
Ugw5w3b2yfCqzOnagzp4AaABAg,@ForgottenSpartan1,"M Night twist: it was meant to be real, but they didnt realize the gun was fake",2024-12-14T01:57:51Z,0,0,en
Ugzc_Gr3_nICovc1lgB4AaABAg,@JellyfishMonkey,The firearm charge probably won't stick if they didn't actually have guns on them. But there are many other repercussions that can happen to them even without that charge.,2024-12-14T01:57:50Z,0,0,en
UgzhHERLDO7QVn04HYR4AaABAg,@mostpolitebot1464,Thank you tiktok for helping Natural selection keep up with the safety that technology provided over the years,2024-12-14T01:57:46Z,0,0,en
Ugzrxvh-sC32ofeqCaR4AaABAg,@reborn267,i fking swear america be doing the dumbest trend ever,2024-12-14T01:57:43Z,0,0,en
UgzPDQFhtr1YpaeLjqV4AaABAg,@kjwonka,"Crashing through my front door as a joke is not going to have the punchline they expect… apropos of nothing, a lot of people own guns these days.",2024-12-14T01:57:41Z,0,0,en
UgxJBK0MYq-ONlYgDmN4AaABAg,@FinkDaMushyCat,Really hope it was worth the five minutes of tiktok fame 💀💀,2024-12-14T01:57:39Z,0,0,en
UgwyhhQLK9DaKx1dbAt4AaABAg,@booshandorkakow64,Prison is the best place for people that stupid to be. Win win.,2024-12-14T01:57:27Z,0,0,en
Ugwg_9MMeRv4xYeb58B4AaABAg,@mcp1004,That ban is sounding more & more enticing,2024-12-14T01:57:15Z,1,0,en
UgwXESzm6852NlaFM-h4AaABAg,@justaguy2182,"It’s always so interesting to hear about how people don’t know the difference between a prank and a real, actual, genuine crime",2024-12-14T01:57:15Z,0,0,en
Ugzsi4VbYKe8aUM1gV94AaABAg,@cx2900,"ok anti gun people, if allowing students and faculty to carry in a university for their own safety doesn't convince you, would the possibility of dead pranksters?? lmao",2024-12-14T01:57:14Z,0,0,en
UgzkUyvN6Twcz9MfQRp4AaABAg,@CorySnell-pt8ds,Just FYI God will hold you super accountable for not affecting positive change when you had the opportunity to do so.,2024-12-14T01:57:12Z,0,0,en
UgxnlqiRCV2nHB88VKx4AaABAg,@CardinalJackal,Tik tok =brain rot,2024-12-14T01:57:05Z,0,0,Other
UgxN1QUjOujiS9L1UwN4AaABAg,@cmac6136,Should have learned from Arab Andy. This is not going to fly in the court of law.,2024-12-14T01:56:57Z,0,0,en
UgyUD76VWZOhO5mFY1x4AaABAg,@ImigrentfromMars,"I don't know if people are getting dumber or is it just that we see how dump so many are because of the internet,  OMG how are humans the top dogs on this planet ,,,",2024-12-14T01:56:45Z,0,0,en
Ugw5OpRkFXMc0F_FWwl4AaABAg,@Newfoundland_Imperials,14 seconds in...wtf,2024-12-14T01:56:42Z,0,0,en
Ugz3t71qlFsxrJB8hUd4AaABAg,@bethmahadocon1887,If they are expelled they are not getting into another college.  They’ve ruined their chances of an education.  I’m sure their parents are so proud.,2024-12-14T01:56:34Z,1,0,en
Ugy6ziCfrLabSknnmnl4AaABAg,@sonic23233,This is why TikTok needs to be banned,2024-12-14T01:56:34Z,0,0,en
Ugzp81G94hGs5vyQ5_14AaABAg,@zubetp,"if the prank is just ""ha! i lied lol"" then it's not a prank lmfao it's just a lie",2024-12-14T01:56:30Z,0,0,en
UgzEccGyaQ-uQKbaEVV4AaABAg,@croach2194,"This gets better and better. Johnny Somali facing 10 years in South Korea, thee two boys in the US. My guess is the US case will be plea dealed down all the way to probation and they will be at it again just like Johnny was in the US.  Should it be different and they spent considerable time in jail they might stop this trend but I do not think that will happen. Maybe the platforms that are making all this possible should be responsible to some extent.",2024-12-14T01:56:25Z,0,0,en
UgwQ5KmI_3DmU2BJaUp4AaABAg,@lailaaab3650,"Doing this in America where college kids have been slaughtered in their dorms, and school shootings are actually common is like a death wish to these idiots",2024-12-14T01:56:21Z,1,0,en
UgyE75efS7i-oUcTLHd4AaABAg,@collegemaster5683,"Stuff like this makes me wonder:

""Why is TikTok still here again?""",2024-12-14T01:56:19Z,0,0,en
UgzaI4q2WGTQv4Vgugt4AaABAg,@kazolar,"As a resident of CT, we remember Newtown really well around here, and to do this prank in our state is beyond stupid.",2024-12-14T01:56:17Z,65,8,en
UgxhhkXPXuYhm9HRALZ4AaABAg,@ViddyOJames,don't do any trends. delete tiktok. hide youtube shorts. be a normal human.,2024-12-14T01:56:13Z,0,0,en
UgxNaqeokxOnD_JHmQh4AaABAg,@robertpopa2628,What is the trends name? How to acquire police assisted suicide?,2024-12-14T01:56:12Z,0,0,en
Ugxx0oe82Lc_UQguxmV4AaABAg,@Maacccc..,tiktok? brain rotting app,2024-12-14T01:56:02Z,0,0,Other
Ugx11qBSHbM-JfyIcu94AaABAg,@TheOfficialTarynTots,How did kids this stupid get accepted into college to begin with?!?,2024-12-14T01:56:02Z,0,0,en
Ugx3T4D1hCsN9RCY0oh4AaABAg,@Commissioner62,"Would be nice if the new Administration  rid the US of the CCP information gathering algorithm, and Degeneracy Magnet, known as TikTok.",2024-12-14T01:55:56Z,0,0,en
UgxZkZoJGKnQP1viN6J4AaABAg,@Leo-lj6vs,This new generation...,2024-12-14T01:55:55Z,0,0,en
UgwYsa91HUA_OrsNAJF4AaABAg,@cmac6136,To be fair I love watching these kids ruin their life with these amazing ideas,2024-12-14T01:55:55Z,0,0,en
UgyyJzwFOE0KHEMeZwV4AaABAg,@CorySnell-pt8ds,"Why don't you cover the ""crimes"" that your fellow citizens are being charged with for no reason? When things go belly up you'll have nothing if you don't. You will be held accountable for pushing garbage when you have the opportunity to talk about real issues in the real world. Just saying dude.",2024-12-14T01:55:54Z,0,0,en
UgyDXifTc5Di1I2zGwJ4AaABAg,@nedelwre,too stupid to realize mostly stuff on tiktok are scripted,2024-12-14T01:55:40Z,0,0,en
UgxwEmu1NtSi1haI8s14AaABAg,@TerrieG-x4j,WOW just WOW,2024-12-14T01:55:39Z,0,0,Other
UgyjaUdEa7p_a7pL4Mx4AaABAg,@cloroxbleach6868,"Imagine If someone shot at them. They would go to prison for attempted murder or murder. Bc it was a ""Prank"" and CT is liberal as hell. They will argue no guns allowed on school property and it was a prank. Even tho in the moment it really didn't feel like one.",2024-12-14T01:55:21Z,0,0,en
UgwoZ2hkRCu9vewebYJ4AaABAg,@OperatorVox,Both students are lucky that nearby students didn't decide to take action long before the cops arrived.,2024-12-14T01:55:04Z,0,0,en
UgwRHqXiSoGe68oAfTF4AaABAg,@GeorgeSchneider-m9q,Damn that first reporters eyes!!,2024-12-14T01:55:02Z,0,0,en
UgwiiVSWibDx2QqFgKB4AaABAg,@GhostRunx077,This species is Fd. It was a bad run but at least its over. 🍻🫡🦅🎊🎉🤦,2024-12-14T01:54:55Z,0,0,en
UgywEWenPb6A5VKMH-B4AaABAg,@naikosei1585,"I think the only thing worse than stupid kids doing this is that at this point I’m not even surprised. We’ve had tiktok trends of eating tide pods, robbing schools, stealing cars, and standing on top of moving trains so at this point nothing is surprising. I just hope tiktok getting deleted will at least have a marginal effect on the insanity that has become pop culture",2024-12-14T01:54:55Z,1,0,en
UgyRCbFTHmipWkpyGIN4AaABAg,@sethprice241,"'Oh, that was hilarious! You guys are so cool!' Said nobody.",2024-12-14T01:54:47Z,0,0,en
Ugw6ofU8fYpXGSrma3R4AaABAg,@localmenace3043,Being young isn’t an excuse. Those men grew up in the aftermath of Columbine and were alive and capable of independent thought when Sandy Hook and Stoneman Douglas happened. They would remember Uvalde. There’s no valid excuse for mimicking a real and present threat that is just about everyone’s worst nightmare.,2024-12-14T01:54:20Z,2867,67,en
Ugx6AQc-3CbS70Lpv4J4AaABAg,@nedelwre,they are lucky they are just arrested.. they could be shot by a concealed carry bystander,2024-12-14T01:54:08Z,0,0,en
UgxfoxGYo40OIsm_CCV4AaABAg,@ferretyluv,"This is why I will be so happy when TikTok is banned. Expel them! 
I know a guy who got prosecuted for an actual stupid mistake: he got high, broke into a high school (the door was unlocked), and ate a bunch of ice cream. He went to juvie for it. But that stupid expert is saying that these guys shouldn’t be prosecuted for a “mistake.” That’s infuriating.",2024-12-14T01:54:07Z,0,0,en
UgzGdOhJ2YxfK4ommFl4AaABAg,@brooklyn5755,I’m tired of these “PRANKS”👏🏽👏🏽👏🏽,2024-12-14T01:53:56Z,0,0,en
Ugy-wDIWI_zYjADbwqZ4AaABAg,@guillermoluna1408,Keep it up people the jails are lonely and want more idiots in it.,2024-12-14T01:53:51Z,0,0,en
Ugxzsk6CFYnqXDypm7p4AaABAg,@oso1248,"You don’t need to tell people to not do these stupid things. It’s how you separate the wheat from the chaff, the sooner you know who needs locked away from society the better.
There’s no miss understanding someone telling you they’re armed and to get on the ground. Why some is telling you they’re armed and to get on the ground is their business and of no concern to you, the only thing that concerns you is that they’re doing it. Until mind reading is a thing, speculating the why is pure hallucination and completely useless.",2024-12-14T01:53:43Z,0,0,en
Ugx8pywCYw4AzrYHcbZ4AaABAg,@rkw2917,"Many of us have done some stupid shit when we were teenagers 
But we did not record ourselves doing it, and if we could have, we wouldn't have",2024-12-14T01:53:32Z,0,0,en
UgyGefP9lL6YjCTV3Ht4AaABAg,@lucidocelot,Map city New Orleans?,2024-12-14T01:53:30Z,0,0,en
UgyKi3760KXBo0c989R4AaABAg,@mjc4art,"Can we please arrest the man that said “I think it was a little misunderstood” for being a F’ing moron… please
And YES they should be marked for the rest of their lives. It’s call consequences.",2024-12-14T01:53:25Z,1,0,en
UgzYkYJCt2OT81YXW3J4AaABAg,@l1nuxguy646,No it definitely does mean they need to be marked for the rest of their lives,2024-12-14T01:53:13Z,0,0,en
Ugz_c9PnepPdDxr9cVZ4AaABAg,@bwolfe2559,Sorry they need to make an example of these kids so others can see the consequences.  Good example of F around and find out!!!,2024-12-14T01:53:10Z,0,0,en
UgwwQYtoMJ9rUzQ9fJB4AaABAg,@jugofwar8124,they should charge them with terrorism,2024-12-14T01:52:59Z,0,0,en
UgwYrDL0SYDhS_PWe9x4AaABAg,@m.k.738,Thought this had become was the JonnySomali channel?,2024-12-14T01:52:58Z,0,0,en
UgxTTuomRg8TC-kUhYp4AaABAg,@covercalls88,When I was in college I knew better to even pull such a stupid stunt.  Kick them out of school.,2024-12-14T01:52:56Z,0,0,en
UgyW0NpHu1lcYkXeaf54AaABAg,@betterwiththeirish,These are kids of parents who have never held their kids accountable,2024-12-14T01:52:54Z,0,0,en
UgxhTp-B6HB36FRjYOB4AaABAg,@Re_AnthonySK,Ruining my life challenge,2024-12-14T01:52:48Z,0,0,en
UgyPH26xqkKuFFcKwK94AaABAg,@B0RRAC0,Never underestimate the power of stupidity!,2024-12-14T01:52:38Z,0,0,en
Ugxsj9NRHV5sctcVnrh4AaABAg,@TheChrosst,At this point we really do need extreme punishment as a deterrent. Use these idiots as an example,2024-12-14T01:52:36Z,0,0,en
UgzcAjHfoKQTMJHDO7p4AaABAg,@WhistleTeets85,6:29 yes indeed,2024-12-14T01:52:17Z,0,0,Other
UgwnxKenIq7iG0biYNF4AaABAg,@peng0.00,"I have never heard of this prank in my life and I be on TikTok, but if this is an actual trend, they’re absolutely dumb for doing that.",2024-12-14T01:52:13Z,0,0,en
UgwVbj8ptHPS3B56AJh4AaABAg,@The_Ragequit_Cannon,At this point I'd consider it a major W if TikTok got banned in America,2024-12-14T01:52:12Z,0,0,en
UgzuBYAZKmFRWx94zkN4AaABAg,@WhiskersWatson,Did anybody else spend way too long reading those backwards comments?,2024-12-14T01:51:58Z,0,0,en
Ugw3fYIdYZvSgtaFh7R4AaABAg,@5player5,the music was removed for copyright :(,2024-12-14T01:51:51Z,0,0,en
UgzUVBexkVkZ8ooTWml4AaABAg,@wbharris1031,"Going to prison is the punchline. Come on guys, get it?",2024-12-14T01:51:50Z,0,0,en
UgwmTzGoh7ovM9dsYV54AaABAg,@oleyeller3256,"That Vietnamese dude is gon wanna stay in jail vs that ass whoopin awaitin his dumbass at home 😂. Trust me, i know from personal experience 😅",2024-12-14T01:51:49Z,0,0,en
Ugx6afVuLPN_znYHLMR4AaABAg,@EyeSeeDeadPeople44,I won’t crucify these kids cause I won’t young and dumb when I was their age but there has to be some kind of punishment for this type of behavior.If they let them slide on this then it will just cause a domino affect and one of these kids that try it will end up hurt or worse.Its just idiotic!,2024-12-14T01:51:41Z,0,0,en
UgySZPzXUQRQLsenfLl4AaABAg,@ulissesstag5806,Okay TikTok deserves to be banned,2024-12-14T01:51:31Z,0,0,Other
UgyI7VdzHSye9eQp0Xd4AaABAg,@Notbatman374,"Hey kids, in case your parents are to negligent to mention it, violent/illegal/terroristic activities are not trend pranks or jokes and you will go to prison for it.",2024-12-14T01:51:24Z,0,0,en
UgzH1rJxayQKsUYoR7R4AaABAg,@cx2900,"lol I went into this video thinking, ""these kids must be really stupid but 10 years sounds harsh, I wonder what they did,"" and 20 seconds in I'm like oh yup, 10 years.",2024-12-14T01:51:23Z,1,0,en
UgyGZ4OuFPhg69zhKtZ4AaABAg,@CJLAKE1,"Dude. You need to review your video in the final editing. The Twitter dialogue shown on screen by the local news channel, is backwards.

You uploaded the entire video backwards.",2024-12-14T01:51:14Z,0,1,en
UgwkZWnIwrDIS_J9_Rd4AaABAg,@JohnnyWhytetrash,In the south? Like Parkland and Uvalde? You act like the reaction would have been heroic in the south lol.,2024-12-14T01:50:27Z,0,0,en
UgwEYoDbqUV1UA_Czjl4AaABAg,@TyrantGamers,how are you able to get this constant flow of things to talk about ... its amazing. sad but amazing,2024-12-14T01:50:21Z,0,0,en
Ugyxn6PUtgJQjam3UUZ4AaABAg,@Nit3Guy,Atozy is officially my Tiktok news guy lol,2024-12-14T01:50:15Z,0,0,en
Ugwm_h6d0uVhuVtFhu94AaABAg,@xxskizzumxx,"High school kids are dumb, as old as time",2024-12-14T01:50:11Z,0,0,en
UgxuIKPY6ub7ciCCmq14AaABAg,@noscope2008,Damn Harry Potter really fell off,2024-12-14T01:50:05Z,0,0,en
UgyTGGB1C-KzthGxkb94AaABAg,@traumaqueen702,Making people fear for their lives is the weirdest prank ever. They should be charged.,2024-12-14T01:49:54Z,0,0,en
UgzUYEM6lausVShPAIV4AaABAg,@TimeCapsule-9208,"If the government doesn't crack down on TikTok, Kick, Rumble and all of these streaming and social media apps after THIS, then humanity is truly LOST, these two are also VERY LUCKY, no campus police officers were around, and ARMED themselves, it 100% would have been ended in a tragic disaster for the both of them.",2024-12-14T01:49:36Z,2,0,en
Ugy4NXLGRa2zkeQvHV94AaABAg,@bongscott3738,Let them have prison.,2024-12-14T01:49:36Z,0,0,en
UgyMAiJj3TkAhDgalqp4AaABAg,@MileHighDragon,"I love how TikTok ""pranks"" go from something innocuous like jump scares all the way up to... *checks notes* virtually re-enacting Columbine...

Just because you can doesn't mean you should.",2024-12-14T01:49:34Z,8,0,en
UgzKrV3xV56aJTFoh154AaABAg,@junepaul7843,kinda like free speech not including yelling FIRE in a crowded theater.. like sure pranks are cool or fun until your waving a fake gun around in a cafeteria. its kind of the equivalent aint it...? this was just them pushing their boundaries and found out they had stepped well past them,2024-12-14T01:49:31Z,0,0,en
Ugy9GyWHnvYcT-3CvPN4AaABAg,@Tedlanez,As a CT Citizen I do not claim those 2 mfs,2024-12-14T01:49:29Z,0,0,en
UgzjSjmttS6wOOA8DG14AaABAg,@ImpuneKing,I absolutely hate how everyone is making excuses for these morons. Fuckin lock them up for years and make them an example. This is so unbelievablely stupid,2024-12-14T01:49:28Z,0,0,en
UgzoKgT5jIltliWYbCl4AaABAg,@crazyvida2091,Tik tok should be illegal -_-,2024-12-14T01:49:28Z,0,0,Other
UgyX4OCJ8wFr14BDplx4AaABAg,@R3AP3R718,Platforms gotta start banning shit like this...make an example out of these kids....,2024-12-14T01:49:26Z,0,0,en
UgxhOKRFkpBgVHm94-t4AaABAg,@nicolamarkus3177,They need to go back to eating Tide pods. At least then they wouldn’t harm other people.,2024-12-14T01:49:09Z,0,0,en
Ugy_wthosH84ajx0tkF4AaABAg,@Bass2010,Tic-tok needs to be taken down and this stuff will come to a end and if not we will see more crap like this,2024-12-14T01:49:04Z,0,0,en
UgyCUJiXRk6tG7Lf6YN4AaABAg,@yoshdeez4644,As an Asian American we don’t claim this guy at all…,2024-12-14T01:48:58Z,0,0,en
UgwCZwcWlKFGyPH_QpF4AaABAg,@kyleaca5122,Only 10 years?,2024-12-14T01:48:53Z,0,0,en
UgzdW4D7bULf-zQJjth4AaABAg,@lialok2674,"Imagine spending thousands
of dollars going to uni and this is what these two boys will be
known for...",2024-12-14T01:48:50Z,1,0,en
UgwN74hgies1izXTBXF4AaABAg,@melkor5599,But but its just a prank bro...🥲,2024-12-14T01:48:48Z,0,0,en
Ugw5LBwmqGiXb9UVC9p4AaABAg,@mr.sushi2221,Really dumb. They should be punished but 10 years seems like a lot,2024-12-14T01:48:45Z,0,0,en
Ugx6BLfQMdiGpe6cmPd4AaABAg,@nerdoftheatre,"When I was in community college, I was headed to class. It's ten till and the hallways were a ghost town. I get grilled by an instructor, asking why I was in the hall. I said I left the bathroom and I'm headed to choir. 

I get thrown in the choir director's office. Apparently there was a threat to the HS. This was one month after an actual armed intruder injured a student at a HS an hour from us. 

We were under lockdown since we had HS students who often came to campus for class. All the schools in town got put on lockdown. 

The rest of the week, these threats kept happening. In total, 3 kids got slapped with felonies. This was before tiktok became big. 

There were HS students saying that the kids should've been let go. It was just a joke. We had federal organizations that showed up. 

I should reiterate. This was a month after a school nearby had a student injured due to an actual threat. (A teacher ended up jumping on the student and disarming him before any other damage could be done.)

How anyone can say, ""It's just a joke."" Sickens me.",2024-12-14T01:48:40Z,130,2,en
Ugy3M-jKmK9LgDXktL54AaABAg,@GenshinFlower,Thank goodness TikTok is gonna be gone soon.,2024-12-14T01:48:39Z,0,0,Other
Ugywi8rys-JSkpIgFA54AaABAg,@stoogie375,even dumber than johnny somali?,2024-12-14T01:48:36Z,0,0,en
UgwHHaA2bDDGJ0WC5-V4AaABAg,@RustyRat,for that phd thing you should release a video on that.,2024-12-14T01:48:33Z,0,0,en
UgyHb_YjcptKANetFfF4AaABAg,@101Meeko101,"remember ""its just a prank"" now its doing illegal shit and saying ""its just a tiktok prank""",2024-12-14T01:48:29Z,0,0,en
Ugzh8OZcQBjtRSlIlNd4AaABAg,@VivianVeltra,im from CT im not suprised lol,2024-12-14T01:48:15Z,0,0,en
UgylQdgaKO9iZAhVjFF4AaABAg,@CactusJackIV,That is not a “prank.”,2024-12-14T01:47:58Z,0,0,en
Ugxvl8gW_DhmK77LebN4AaABAg,@Bucketus.Lord.of.Buckets,"""teach your kids not to do this""

Sorry, but if your kid is in high school, or in this case, UNIVERSITY, and they do this stuff? They're a complete moron and deserve to wind up in prison. Hell, how did they even qualify to get into university while being THIS STUPID?!",2024-12-14T01:47:55Z,0,0,en
UgyL_mL4MvsrvJDgWMx4AaABAg,@addmorebacon,"every student's worst nightmare, luckily i live in Texas where campus carry is legal. I did a poll in one of my criminal justice classes, out of 28 people 13 responded they had a firearm on them in class on a daily basis and six refused to respond.",2024-12-14T01:47:49Z,3,1,en
UgzLhhscEitm1Tusdtp4AaABAg,@solodolo9450,"What did they expect? Everyone was gonna laugh and their tiktok would blow up with great success? 😂

Nothing funnier than making people fear for their life/safety am I right?",2024-12-14T01:47:43Z,0,0,en
Ugw8nGfeKrddHKNw0lV4AaABAg,@DirkaDirka-n9j,"Darwin awards, non-lethal edition.",2024-12-14T01:47:17Z,0,0,en
Ugx5y1e93zTqyRjTLYp4AaABAg,@toinfinityandbeyond6149,"Completely speculating, but unless they are actually that fucking brain-dead, what they really wanted to ""recreate"" is the adrenalin rush school pew pews get. They just didn't want to *actually* do it and deal with the consequences. ""I wanna have my own cool badass villain revenge moment, just without the being a loser and going to jail part pls,""",2024-12-14T01:46:56Z,0,0,en
Ugy1Ojk_148LxRkbSmN4AaABAg,@Yakcool,So in the country in which school shootings is an problem epidemic. Literally no other country has so many school massacres like this. And now kids are cosplaying it. OMG.,2024-12-14T01:46:45Z,0,0,en
Ugy-R5LWvHlLAWwPt0Z4AaABAg,@madaggar9765,"They're not 12 years old. The ""they're young and dumb"" handwaving doesn't work for anybody above 16, especially in a situation where they imitate a severe crime.",2024-12-14T01:46:38Z,2,1,en
Ugzqa2zAqbDViBQKemV4AaABAg,@omarsyed1980,"All these idiot pranksters need to go to jail.
If they make an account on any social media account, straight to jail, even if they haven't published any videos.",2024-12-14T01:46:33Z,0,0,en
Ugwdsh5Jf-38aQkuvJZ4AaABAg,@gfive128,This is a prime example of why Tik Tok needs to be banned,2024-12-14T01:46:31Z,0,0,en
UgxclSrL7limPVe31VN4AaABAg,@nightstepstation7189,"Atozy, nowhere on this planet are there intelligent college students anymore.",2024-12-14T01:46:30Z,0,0,en
Ugw-v3izhWst2iOiDrd4AaABAg,@Brian1Graves,Well...that is Amerika after all. 🙄,2024-12-14T01:46:27Z,0,0,en
Ugw9msvj8GbbaIVzFyJ4AaABAg,@KissAKitty83,TikTok needs to vanish to many dumb people use it as a excuse for thier stupidity.,2024-12-14T01:46:23Z,0,0,en
UgzsIUvnjillnQIRv494AaABAg,@Kelly-mq2we,"University students need their parents to talk to them to about doing something sooooooo idiotic,  really, really?",2024-12-14T01:46:05Z,0,0,en
Ugy9w_3JVcgj-8eWGnl4AaABAg,@icake1017,I love how social media is outing these losers and they are being removed from the general public.,2024-12-14T01:46:04Z,5,0,en
UgwjR5T81epn2sNi8JN4AaABAg,@thedropman,good.,2024-12-14T01:46:00Z,0,0,Other
Ugzw9s6c3-7qzYDtHBt4AaABAg,@AA-ed6ek,The US.,2024-12-14T01:45:59Z,0,0,en
Ugzj0YSsFzLDlR2RMd54AaABAg,@laurie5804,"Well, here's another example of why I'm okay not having had children.",2024-12-14T01:45:57Z,0,0,en
UgyA7pdbWTgPTfHflbd4AaABAg,@nickthelick,"We DO need to at least make some examples out of these dumb arseholes. Just to teach them about facing real consequences for their actions.
And hopefully others will also take note that it's maybe _not_ a great idea to do a really stupid 'prank' which is basically going to be straight up criminal behaviour! 🤦🏻‍♂️🤷🏻‍♂️😆 
How idiotic. And they genuinely ARE idiots too! I'm sorry but you'd have to be missing some essential brain cells, making it impossible for them to make simple neural connections. Somehow thinking that a 'prank' exonerates themselves from any consequences.
Anyway, whatever... I'm rambling...",2024-12-14T01:45:55Z,0,0,en
Ugy2dJ3cmxgAFOQbVzt4AaABAg,@WhittaII,"As a 90's kid, I always wanted to make sure that I wasn't going to be remembered for something goofy I did at school. Fast forward 'til now and it seems like making a fool of yourself is the key to success in a lot of these kid's minds.",2024-12-14T01:45:53Z,782,20,en
Ugy4Z5X4-2AtXKImkbd4AaABAg,@atticusmcbuddy6283,"You know how to put a stop to this stupid crap, lock them up. 
You wanna do something stupid then blame social media, ok enjoy the rest of your life in a hospital.",2024-12-14T01:45:37Z,0,0,en
Ugz8rXf8hoym8DjjMUB4AaABAg,@MonolithicCyanTsunami,The way I had to pause this and just…sigh,2024-12-14T01:45:31Z,4,0,en
Ugy_HbY65v_f9k-Hvqp4AaABAg,@stuey7777,Why is your video clips reversed? i take it thats to avoid copyright from NBC?,2024-12-14T01:45:30Z,0,0,en
UgxdIqoJ8UL-JnIUQYZ4AaABAg,@helasdisciple,"I've always said this...
The Devil is alive and well in the form of social media.
The kids will sell their souls for likes.",2024-12-14T01:45:16Z,2,0,en
UgyU4HpJ7F_ipmwNbSR4AaABAg,@tomgola3,They're lucky they didn't get shot.,2024-12-14T01:45:06Z,0,0,en
UgysGX-wlr1wjUuInmt4AaABAg,@travisasselta9140,Sadly someone tried doing a prank like that but was a prank robbery and the lost his life because he was in Tennessee.,2024-12-14T01:45:03Z,0,0,en
UgybCDILjrPBb2kyuzh4AaABAg,@casandralindell9484,"Well, 3 things: 1) it’s illegal to yell “fire” in a movie theater so maybe don’t; 2) parents, maybe “the time to talk about this” is not as teen or young adult but along the way as you’re raising the kid; & 3) if your friend (or TikTok) jumps off a cliff…or tells you to jump off a cliff…maybe just don’t. 

“Ha ha, just kidding” doesn’t excuse criminal, disgusting, disrespectful, or harmful behavior, Johnny Somali.",2024-12-14T01:45:03Z,0,0,en
UgyXMqZF4eA8_ezDku14AaABAg,@Dontbelieve9,If that’s not an automatic expulsion then UCONN is not protecting their students and faculty,2024-12-14T01:45:00Z,0,0,en
Ugwq-QtBifibKw8RkCp4AaABAg,@arguekayes,What even TikTok video were they trying to recreate anyways cos that sounds insane,2024-12-14T01:44:46Z,0,0,en
UgxkceMR9bMYcfp3A794AaABAg,@JoHatsu4me,Sooooo....the new tiktok trend is schl shtinz???.......kids are getting dumber by the min woth TikTok....just like what the Chinese want.... why do you think the Chinese government doesn't allow TikTok in their country?,2024-12-14T01:44:42Z,0,0,en
UgyM2GIZSN1zhA9RIYl4AaABAg,@Estolcles,"@2:26
""We live in a time of Zero Intelligence.""
Fixed it for him.",2024-12-14T01:44:41Z,0,0,en
UgwkxVdc_VfldM3G-yZ4AaABAg,@UlshaRS,"""Prank"" the hand waving of a sociopath trying to get away with their actions, that had the express purpose to cause terror.
I think we have a more appropriate word for that.",2024-12-14T01:44:26Z,3,0,en
Ugya9jp4xZxK8ABJMo54AaABAg,@YokedDrunkard,Cant wait until tiktok is banned,2024-12-14T01:44:20Z,0,0,en
UgwER0gGyHjTvJT6Jpp4AaABAg,@scramator9077,I thought that Michael reeves was in the thumbnail,2024-12-14T01:44:18Z,0,0,en
Ugy6oZqPhVSq6w3F6Ix4AaABAg,@diabeticjimmy9032,College.,2024-12-14T01:44:16Z,0,0,Other
UgxwvOK_eCKpDibZmx14AaABAg,@Ktakahashi18,"THATS a prank?! 
WHAT!? How stupid are people?",2024-12-14T01:44:08Z,0,0,en
UgzW81Lj20brpLiApol4AaABAg,@randomguyontheinterweb,Brain rot,2024-12-14T01:44:06Z,0,0,en
UgwR-IWKbZ_R09GfPEd4AaABAg,@Marissaintheworld,"So where im from, school shootings happened a lot when I was growing up. Straight up this shit is not funny at all. I hope they make an example out of them . They are too old to NOT know something like this is not a trend or sometimes be recreated.",2024-12-14T01:44:02Z,0,0,en
Ugz92fR1zOGcGlQTN2Z4AaABAg,@NFSBeast2365,"I can tell from experience, threatening is NEVER acceptable. Isn't america the #1 spot for school shootings???",2024-12-14T01:44:01Z,0,0,en
UgxqOd6Y5d73-7-vkjp4AaABAg,@joeshmoe7485,Shit like this is why the Boomers in Congress want to ban Tiktok.,2024-12-14T01:43:55Z,0,0,en
UgwVlw-h46QH0TEn7th4AaABAg,@BeccaHetrick,"From Connecticut, WE DON'T CLAIM THEM....",2024-12-14T01:43:54Z,2,0,en
UgzhtNoqMZ36bctqjEB4AaABAg,@valerius9751,it's impressive how little you actually say in the span of 10 minutes. I hear you talking but it's all the same recycled opinion on repeat,2024-12-14T01:43:52Z,0,0,en
UgyIBFvu3ydRj8Qa-_F4AaABAg,@thenewbirthdaysong,"even if it was misconstrued and misinterpreted, one would expect UNIVERSITY students of all people to have enough common sense to NOT do something so obviously against the law, or at the very least double check 😭",2024-12-14T01:43:47Z,0,0,en
UgxRYieZw-XjdhOdRDd4AaABAg,@Kelly-mq2we,America social media has and continues to dumb down your society.  Have you no common sense any more?,2024-12-14T01:43:43Z,0,0,en
UgwPIOOtirWyWRkdbep4AaABAg,@mikerochburns4104,I'd have been laughing so hard at this prank. smh.,2024-12-14T01:43:40Z,0,0,en
UgxypazznzYJ7Tt4ZEV4AaABAg,@LezChap,"1) People need to realize that 90% of ""pranktoks"" are faked/scripted with the people being pranked in on the skit, and shouldn't be replicated unless also scripted and all people are in on it.
2) Threats of violence and assault are not pranks.",2024-12-14T01:43:27Z,1447,22,en
Ugz2JdH6vRslNjSEybB4AaABAg,@443556kill,"Kinda currious what tiktok inspirred them cause either that is fake, tamer or just as dumb",2024-12-14T01:43:12Z,0,0,en
Ugyv2EtEtJsD0g1F7vl4AaABAg,@wprobe,"Tattoo their forehead ""idiot""",2024-12-14T01:42:50Z,0,0,en
UgyPHzf44II_r1WKBV94AaABAg,@Kenzirs,"I mean, they fit the demographic ...is what I'd say if I were anything like those people. You know the type.",2024-12-14T01:42:43Z,0,2,en
UgyBMj-MdSW9QxM_04l4AaABAg,@BoxLaneProductions,"Should be a bigger charge for threatening to do that in a place which has been subjected to that kind of thing, like shouting fire in an oil refinery 🧐",2024-12-14T01:42:42Z,0,0,en
UgxKS0O4YRuSc8A3tOl4AaABAg,@lordsneed9418,"Look look at the camera it's just a prank broooo.
lmao",2024-12-14T01:42:25Z,0,0,en
UgxJ_PhZ39gOLZp7Krx4AaABAg,@Dontbelieve9,"Wish they would’ve asked me for the reporter interview “they might be the dumbest people on campus. I’m shocked they got into college. It’s not a prank, it’s a crime”",2024-12-14T01:42:19Z,13,0,en
Ugwo2dh9HiJjiyTyyeJ4AaABAg,@stark1987,"""they shouldnt be marked for life but you have to take it serious"" dud,e thats HOW you make it serious, by marking them for life, what they did needs to be taken serious as cancer and you do it by marking them for life to make sure others take it as serious as cancer",2024-12-14T01:42:18Z,65,3,en
UgyW9L4CS3KhyU_abWh4AaABAg,@3RicN0rm,"Judas Priest.  College ""educated"" sure has taken a hit. Hhmmm",2024-12-14T01:42:15Z,0,0,en
Ugw2hX0NlLI1bZVo96l4AaABAg,@JourneysADRIFT,"It's just a prank! 
The prank:",2024-12-14T01:42:13Z,2,0,en
UgykuypwNlUIxS1rrG54AaABAg,@phishENchimps,"If they would allow corporal punishment, so many problems would disappear.",2024-12-14T01:42:12Z,0,0,en
Ugy0dmbcRvPL1K66pnd4AaABAg,@chrischan6211,"There are two public places you absolutely can NOT pull this sh*t in: Schools and airports. 

There's no upside. It's all downside.",2024-12-14T01:41:47Z,0,0,en
UgzBundO5rUO9SqbeOp4AaABAg,@AMUpton,That's my alma mater!!,2024-12-14T01:41:46Z,0,0,en
UgyxDG3sHY37SiWiJMF4AaABAg,@GIRru11,We are getting dangerously close to someone murdering a person and saying it's a part of a tik tok trend,2024-12-14T01:41:45Z,0,0,en
UgwXd-jqqetE9CxJT3p4AaABAg,@sgt_slobber.7628,Kids seem to get Stupider by the Day!!!!!,2024-12-14T01:41:43Z,0,0,en
Ugw26Ti9b_un3MUyhER4AaABAg,@whatevr99,"Pranker: “It’s just a prank, bro!”

Pranker (after being arrested): “It’s just a prank, officer!”

Pranker (at court): “It’s just a prank, your honor!”

Cellmate (in the prison shower): “It’s just a prank, bro!”",2024-12-14T01:41:38Z,136,2,en
Ugy-P1m4R8_-FRvQQR14AaABAg,@wastelandsniper789,"Note to anybody in Utah thinking of trying this: you may find yourself with more problems than charges and jail. Due to the way that the Utah CCW permits work and how the law is written, it's entirely possible for other students who have a permit to be packing on campus (assuming it's a public university). And yes, this is set in stone. At one point several years ago some of the universities banded together to try to prohibit carry on campus. They were promptly told by the state legislature that they are not allowed to prohibit lawful carry on campus and they had to change their rules.",2024-12-14T01:41:37Z,71,13,en
Ugz37h-n1NzUvwh2_G54AaABAg,@maxstueven1965,I carried every day I was in college,2024-12-14T01:41:31Z,0,0,en
Ugy4Ey6zXkzSHPZ4X-R4AaABAg,@KevinTan,"1:39 
""it was hella scary i was a few tables away""
""it wasn't the 'this is for my safety' trend they genuinely were making a stick up video. People aren't soft we are just scared for our lives, grew up in Newtown and I'm scarred for life""",2024-12-14T01:41:30Z,0,0,en
UgxllImaDz0fMFic_cF4AaABAg,@qtwithglasses,"HOW IS THAT A PRANK??? THAT""S JUST TERRORISM",2024-12-14T01:41:28Z,0,0,en
Ugyxj25xOzWIbJnYEAB4AaABAg,@xvxcascaxvx,natural selections is finally makin her comeback!!,2024-12-14T01:41:27Z,0,0,en
UgzqidKHekFuHDEchcV4AaABAg,@ironicugandan5826,I swear social media has just made the Darwin awards mainstream,2024-12-14T01:41:19Z,0,0,en
Ugz_ghbny2xxEGzZFDB4AaABAg,@Sir-Not-Appearing-in-this-Film,"University admissions need to get fixed, how did these idiots get in? What could have happened if a carry permit person had reacted?",2024-12-14T01:41:19Z,0,0,en
Ugw7zIdJVtBzAKhoY4F4AaABAg,@Oumumu8,Holy crap 4 years of college cost me 25000,2024-12-14T01:41:13Z,0,0,en
UgzNa43gJ3Cz5B1pmqd4AaABAg,@blunderingfool,Well this sure ain't a prank like leading a cow up stairs or making nonsense announcements over the school PA. Maybe paper machéing the headmaster's window...,2024-12-14T01:41:08Z,12,0,en
UgyRhfMgVlbDqVHYELp4AaABAg,@TheLunarLegend,This is why despite being a libertarian in fully in support of the government shutting down tiktok. I swear it's a psyop to make kids in America dumber and dumber.,2024-12-14T01:40:43Z,25,4,en
UgwxxSJrUV9f7Li63KB4AaABAg,@ryannguyen9470,Their parents have just wasted their money sending these two to any University when they are this stupid.,2024-12-14T01:40:38Z,0,0,en
UgxdZ27WSPBrG4qpEbF4AaABAg,@bleubullet5877,"Those are students?
They lok in der 30s jajajajajajaja",2024-12-14T01:40:28Z,0,0,Other
UgyK-uAMCRVKkWakv9N4AaABAg,@MentalSurvival,They're lucky they didn't do this in Texas. They'd probably be dead.,2024-12-14T01:40:22Z,0,0,en
Ugxmrx9JR_W8DQvl42N4AaABAg,@Ozzy_Helix_,if this happened in Texas those kids would be dead,2024-12-14T01:40:21Z,0,0,en
UgwlrzhFMw1lGRxptal4AaABAg,@DetroitNinja,A tik Tok mind is a terrible thing tow waste,2024-12-14T01:40:05Z,2,0,en
UgziYLfopqu0oD-RANV4AaABAg,@cosminbarbu5715,Hi guys I'm new here.. But why is @Atozy looking like Ash from Pokemon? 😂,2024-12-14T01:39:50Z,0,0,en
Ugz8QRkxrzAvLqU9ndN4AaABAg,@dartz005,"How brain ""unalive"" (stupid YouTube censorship) do you have to be, to think this ""prank"" is in any way, remotely a good idea. It's a miracle how these clowns can function, even semi-normal, in the real world. I don't think we're too far off from people walking themselves into walls for ""entertainment"".",2024-12-14T01:39:49Z,0,0,en
Ugys54weo1mOBoVe-tJ4AaABAg,@forthelichkingsname,"""everybody on the ground"" was gen z's ""turn down for what?""",2024-12-14T01:39:42Z,0,0,en
UgwezeNH_l57OgxbPQV4AaABAg,@altongorodetski3189,"There's no viral prank on tiktok, but maybe they think those crime docus about school shootings are prank since crime docus are rampant on tiktok, they think it funny to recreate it.",2024-12-14T01:39:38Z,0,0,en
UgxUVkKUfKUiQp9GUIN4AaABAg,@gimpinainteasy,"My kids know they would become a stain.  If they ever did this.  I remember when the Devious Licks appeared.  I asked my daughter was she apart of it.  She said.. "" I don't want to die.. bruh"".",2024-12-14T01:39:10Z,0,0,en
Ugyt6TMv4LzhXwTP_QV4AaABAg,@GodlessVoice,"Two rules that are universal: 
1: play stupid games, win stupid prizes. 
2: fuck around and find out",2024-12-14T01:38:57Z,0,0,en
UgwDr6hj0AA-n6piOsp4AaABAg,@WoolfJ35,"My mouth dropped @:15 when you described what they did, wtf is wrong with people",2024-12-14T01:38:48Z,1,0,en
Ugy8lZP1ikYAtSRaMXF4AaABAg,@blackdragon5478,Why? So stupid 😮. That's how you get in jail stupid,2024-12-14T01:38:48Z,0,0,en
UgzOy_P42fIZ07IIrHB4AaABAg,@bryandraughn9830,"If you don't hold them VERY accountable for their actions if things don't change it's your fault.
I recommend ""pranking"" them in court by making them believe they are getting 10 years without parole.
Lock down for a couple of days and probation and fines. Definitely expulsion.",2024-12-14T01:38:46Z,16,4,en
Ugwk34EZ7-C2i_tGeT54AaABAg,@LazerUnicorn7,"This isnt a ""prank"", its just domestic terrorism",2024-12-14T01:38:41Z,0,0,en
UgxcEmyBnJxDK9sXc6t4AaABAg,@kindredmalise6633,3:23 Eff this guy. He is the problem. HANDS DOWN THE PROBLEM,2024-12-14T01:38:38Z,1,0,en
Ugy6dHNst3DKduADkzd4AaABAg,@chesterbowles7950,'It's just a prank bro.',2024-12-14T01:38:27Z,0,0,en
UgyyBFwCnNMxCzECwiZ4AaABAg,@tiffanykim2773,"These are not pranks, they are acts of stupidity. We need to start calling it what it truly is 😮.",2024-12-14T01:38:23Z,1,0,en
UgyalNWgYWy5qRF2KAN4AaABAg,@sortfaar3,"there was a trend back when i went to school, it was called the ""don't be fucking stupid"" challenge. they should bring that one back",2024-12-14T01:38:18Z,3840,51,en
UgwphVusYurGnJtLn3R4AaABAg,@jnyrttn1066,jesus whipped you are insufferable,2024-12-14T01:38:12Z,0,0,en
UgyiUgQVgocbom3DklN4AaABAg,@BonnieUHT,TikTok is melting the brain,2024-12-14T01:37:59Z,1,0,en
UgzsFm9sI2MH3BMyzJB4AaABAg,@InvadrF,0:07 I actually *GASPED* How can anyone be that dumb....,2024-12-14T01:37:45Z,0,0,en
UgzZI-vB5rK1PVAye4d4AaABAg,@George-pl7eu,Good prank,2024-12-14T01:37:34Z,0,0,Other
UgwS6Rt9Jnr0agS5A0x4AaABAg,@mitchell5566,Pretty sure the jail time wont be a prank,2024-12-14T01:37:34Z,0,0,en
UgxPrBhsHY0LGSuuSb94AaABAg,@maegenyoungs2591,"Tic toxic is a joke, it needs to go. Why it’s still legal in this country is beyond me",2024-12-14T01:37:27Z,0,0,en
UgzhiGFs1QGMC1JoDNt4AaABAg,@NovocaineShae,"Wow, only 21mins after uploading, new record for me lol. ATOZY!!!❤❤
This is the movie Idiocracy at its finest, these next generations are absolutely doomed. 😆😆",2024-12-14T01:37:26Z,1,0,en
Ugzhe422h8S1EUs23pl4AaABAg,@austrich0,does anyone else find it weird that (us) tiktok romanticizes civil unrest and public crimes while douyin (chinese tiktok) romanticizes patriotism.,2024-12-14T01:37:24Z,0,0,en
UgwY-7hl0UhMO4Oim-14AaABAg,@BennyBsolo,"To be fair,  they look like they would do something like that.",2024-12-14T01:37:11Z,0,0,en
UgxclwySDGXbxW7D8oZ4AaABAg,@PrettyIdiot,"The worst part to me is that they're old enough to have lived through the paranoia of so many school shttngs, so they should absolutely know better. They're just braindead idiots and I hope they get the jail time.",2024-12-14T01:37:01Z,0,0,en
UgwyLhTnrggy6vOZOWR4AaABAg,@elcambiollego,The only trend here is the brain rot to not be able to understand how stupid the idea was.,2024-12-14T01:36:25Z,0,0,en
Ugwsvz-JFcgQW-ENqCR4AaABAg,@XOGANGx,Typical suspects.,2024-12-14T01:36:23Z,0,0,en
Ugy-_VuuxmtfQveJi8d4AaABAg,@SpecialAgentDepak,"When I was in middle school, I had a friend throw a birthday party a group of Homies went to. A pack of 10 of us decided to go dingdong ditching. On the last house, we did my friend knocked on the door. Then all we heard was a guy opening the door quickly followed by the most memorable shit your pants sound, the clicking of someone loading up their shotgun. Never been to another door since. 🤣that man had us scattering",2024-12-14T01:36:05Z,27,2,en
UgzF6BdrS5Ah8GVUDUN4AaABAg,@syko2164,I'm glad these people are out of the voting pool.,2024-12-14T01:36:01Z,0,0,en
UgytcMDgN4TSD4BtwvN4AaABAg,@kindredmalise6633,Hate crime. This is what happens when you coddle kids from grade 1-12. They learned this was ok from somewhere down that path.,2024-12-14T01:35:56Z,0,0,en
Ugx0P8s5kmBDpK-TZOx4AaABAg,@seanouellette676,"""caused a stir"" is very funny",2024-12-14T01:35:44Z,1,0,en
Ugxxji7km0C8QyCZUUB4AaABAg,@izzafizza339,I'm sorry but I'd burst out laughing because if I saw someone do this and holding a phone up I'd be like nah stop lying you doing it for stupid clout  I don't believe you. If they didn't have the phone maybe I'd believe it more,2024-12-14T01:35:44Z,0,0,en
UgxV0zeNY_sO-htI_JV4AaABAg,@Nerevar98,Gaz is gonna be reconnected with Soap in the showers,2024-12-14T01:35:19Z,0,0,en
UgxuKdH1Ch2xCnTIAn94AaABAg,@septyrus,"Unoriginal idiots copying the terrible, ideas of other idiots for clout is TikTok in a nutshell. Can't wait for this app to be legally banned in the States.",2024-12-14T01:35:04Z,0,0,en
UgxPhq1jxWlxyd1XV1F4AaABAg,@sherbert23,Pretty good idea to make sure that level of stupid doesn’t reproduce,2024-12-14T01:34:55Z,0,0,en
Ugw3Q2OcOL5LU-UDb5J4AaABAg,@NatePilgrim,"""Tiktokers..."" there, my empathy for these individuals ended there.",2024-12-14T01:34:46Z,447,24,en
Ugw1zbaWflP_HqoAYSd4AaABAg,@inka-75,👋,2024-12-14T01:34:35Z,0,0,Other
Ugxe44SQ2UIwUevxLp14AaABAg,@nelsyeung,Up next: TikTokers facing life in prison for a prank video where they murdered a stranger.,2024-12-14T01:34:02Z,0,0,en
Ugx2lSA8pNGLdcsvQYx4AaABAg,@mhc706,the upside is they dont need to get jobs because they are going to live injail,2024-12-14T01:33:58Z,0,0,en
Ugzv36tU-XaAsINi1Fp4AaABAg,@DeathStroke562,"Whoever is the original creator of that tiktok ""trend"" also needs to be arrested.",2024-12-14T01:33:56Z,0,0,en
Ugx0WRYSr-c_8rh0w_F4AaABAg,@manonthemoon692,"I was at high school and I drew by science teacher in a comic book picture him fighting villains, and then in one of the other issues they shot them with the death rate and then the teacher in my high school actually found it, took it to the superintendent and said I was threatening this teacher’s lifeand I got in school suspension for three days",2024-12-14T01:33:51Z,0,0,en
Ugwt7NKAS7BbptD9WGB4AaABAg,@cappy2282,The ol' homicidal maniac prank is oldest prank in book,2024-12-14T01:33:51Z,1,0,en
UgwSaglnrO0jO251lhZ4AaABAg,@justzactv,i cant read backwards,2024-12-14T01:33:48Z,0,0,en
UgxXH4bycphlr7MtI214AaABAg,@vikikat4935,"This is psychotic .

That two losers thought that they would be social media Stars.

I hope that the judge gives them prison time.",2024-12-14T01:33:44Z,0,0,en
UgwaUujT9g95Dn7GigB4AaABAg,@fnunez,"I remember the good old days when these things started with someone saying ""hold my beer"" and ended with a hospital visit.",2024-12-14T01:33:34Z,67,0,en
UgzZXolIErX7eTsTXTd4AaABAg,@jonchowe,"I choked on General Tso's chicken in my dining hall at Hofstra University; a stranger gave me the heimlich and saved my life. I have no idea who he was.

Dining halls used to be great. Just not the ""Chinese"" food.",2024-12-14T01:33:30Z,0,0,en
Ugw8H0QWqMbfAsV4Cbl4AaABAg,@saiyantwan,"Whenever I hear about people recreating these so-called tik tok pranks, they rarely, if ever, show or reference the original. It really feels like tiktok is just used as a scapegoat for stupidity",2024-12-14T01:33:26Z,22,1,en
Ugy1rh_AYI8gW4Wg3pF4AaABAg,@indigonerd,"Book smarts doesn't always mean street smarts/common sense. You've also got to be at least a little bit of a sociopath to think something like this would be fun. What if some of those other students had actually survived a school shooting? This would be so, so traumatic, and for a PRANK? You genuinely have to not care about other people. If this ruins their lives, good, they played a stupid game and won stupid prizes. PLENTY of teenagers don't do sh*t like this. Their age is not an excuse.",2024-12-14T01:33:26Z,11,3,en
Ugz6h8NUMMY3TfIKqV94AaABAg,@kalmer5410,Speedrunning deadbeat status is wild...,2024-12-14T01:33:24Z,0,0,Other
UgwEM-h00S-GpaxTF9h4AaABAg,@mmaanniiasdfsa,I don't want to shoot someone because they're pulling a stupid prank...,2024-12-14T01:33:14Z,0,0,en
UgwjeQfAmpq4VP8_u794AaABAg,@That1E_K1129,Just when I thought this generation couldn't get any dumber....they go and do something like this. 😂,2024-12-14T01:33:14Z,3,1,en
UgwYMOwPAXPPeBcK-eZ4AaABAg,@Dino-1958,FAAFO!,2024-12-14T01:32:29Z,0,0,Other
Ugz_WsTT1bXsjqjNWnd4AaABAg,@davidvanderbrook3988,I grew up in the days of lawn jarts and broken glass as toys.  We didn't have these issues back then.,2024-12-14T01:32:26Z,2,1,en
UgzwZy6UyGzhP0RoIsB4AaABAg,@patchnuggets,"...should we start redefining the word ""prank"" as ""act of terrorism""?",2024-12-14T01:32:25Z,0,0,en
Ugw0VLG-UBsFBgONzGl4AaABAg,@houstoner,"Correction, dumbest TikTac trend would be to involve me in it at any capacity.",2024-12-14T01:32:16Z,0,0,en
Ugz7VX_ZixViW9n6FaZ4AaABAg,@Tutto_T,Is one of these guys a young Mr. Chow,2024-12-14T01:32:15Z,0,0,en
UgyP3olsbdeiNImngWl4AaABAg,@IRubiksCubeI,you know atozy i can definitel read backwards so good thing all the news clips were backwards.......,2024-12-14T01:31:59Z,0,0,en
UgzBkpvV9Nfl9ac0nIJ4AaABAg,@Valleycries,Bro ur starting to sound like a boomer,2024-12-14T01:31:59Z,0,0,en
UgzTFOpAY80FFMVOUjx4AaABAg,@cyberwebs,"Holy shit, this is my state school 😭 why is this video the first I’m hearing of it",2024-12-14T01:31:51Z,0,0,en
Ugy_pXyHvyC2MQS9Vqt4AaABAg,@izzafizza339,Gez is a idiot,2024-12-14T01:31:50Z,0,0,Other
UgwLIW6qn4yrJUG1ZNx4AaABAg,@Daub0fresh,"I used to get laughs for holding a branch in the air when I entered the room ""Nobody Move! This... is a stick up!"" times have changed....",2024-12-14T01:31:43Z,174,5,en
UgwGXMppf8kpiACuFNt4AaABAg,@MbahMu9829,That's 'murrican level of stupidity right there,2024-12-14T01:31:34Z,0,0,en
Ugz59qowWbtT7BkJYJ14AaABAg,@infin8ee,"Imagine how proud their parents were when they got the call from jail? All that money spent for them to go to school , good grief!",2024-12-14T01:31:32Z,698,15,en
UgxzeqfwR3KdR2GpG094AaABAg,@MarthDragon,"Even if they were 17, I imagine they'd be charged as adults for this.",2024-12-14T01:31:26Z,9,0,en
Ugza-QEfd-SbsovcOUx4AaABAg,@Rad_Dan,"Hey, I know it’s kind of the vibe of your channel: to kind of, highlight degeneracy, and call out how deplorable it is. And I get it, drama gets more attention than peace. I like your channel, I’m subscribed. All of that said, I would really like to see some positive news sometimes, even if that doesn’t get the same kind of views/engagement. I do like your videos though and I appreciate the work that goes into them, cheers man",2024-12-14T01:31:22Z,0,0,en
Ugx0BoQ5TgijBzch4mF4AaABAg,@jenkem69,The friends not catching your friends is a normal prank...lol schools issuing warning wtf....?.....,2024-12-14T01:31:06Z,0,0,en
UgzTw80MpFhKA8981B94AaABAg,@KarrierBag,Great xmas present for their parents,2024-12-14T01:31:03Z,2,0,en
UgytUcLgeEgAj_S_YmB4AaABAg,@AbandonedKansaiVideo,Bao will be a bun in jail...,2024-12-14T01:31:01Z,0,0,en
UgxyreHwJgy6lXe23Sl4AaABAg,@titansquad1487,🎉😂😂😊,2024-12-14T01:31:01Z,0,0,Other
UgyCwFwLBtkeuJQSPJR4AaABAg,@meteorwalkergg,FAFO season 🍿 from high school all the way to the next POTUS 🗽 ppl are fed up with illiberal behavior not having consequences,2024-12-14T01:30:42Z,1,0,en
UgzXliuTHN4EVWhOAUx4AaABAg,@jvillain9946,How can you get a displaying a firearm charge if you don't actually have a firearm.  Is displaying an imaginary firearm a felony now?,2024-12-14T01:30:37Z,0,0,en
UgwTeGSqrvtxvzL7v3J4AaABAg,@310_Latchkey_kid,Proof of that this gen is truly fu**ed!!,2024-12-14T01:30:33Z,0,0,en
UgzXZnfq8yUycoxlj6F4AaABAg,@nicholas-jasonroache1526,This reminds me of an incident at where my university where someone pretended to pull a gun on some girls which led to a lockdown while I was in class. Bonus points was at night so that was extra inconvenient. For what little it is worth this was before TikTok,2024-12-14T01:30:16Z,0,0,en
UgygNEMIaaSqjNKhoZ54AaABAg,@SlimbodyKat707,50k bond in CT is 5K😂,2024-12-14T01:30:04Z,1,0,en
Ugyrq0Fga3FgO1DVuep4AaABAg,@tenshishinamori5109,Another instance of Fuck around and Find out.,2024-12-14T01:29:58Z,0,0,en
UgwVxNhsJxZN5rTMKNd4AaABAg,@Hau5mau5,"Natural selection? I think? Either way, enjoy your time in prison 😂 stupid kids gonna learn one way or another",2024-12-14T01:29:47Z,0,0,en
UgxtXa1DYRynOqG4Wnl4AaABAg,@nanosmokex6998,If it's not predators it's challenges and pranks I hope this app gets banned soon,2024-12-14T01:29:23Z,0,0,en
UgyLOmbLBQ6SqP0VcR54AaABAg,@Quicktwosteps,"Not surprised that a couple of freshmen pulled a prank. They only have to worry about passing pre-requiste or level 1 classes. They have ample of time to goof around. If the prank is done by a senior/ junior year, then something is really what's up",2024-12-14T01:29:16Z,4,0,en
UgzdCwvXpZihD-WFsth4AaABAg,@Carpatheon.,Makes you realize just how stupid some people in this country are.,2024-12-14T01:28:49Z,110,6,en
UgzhjUITYDQDdQmbdFZ4AaABAg,@j.sakanaru3067,FAFO😂,2024-12-14T01:28:34Z,0,0,Other
UgxxeG4HhRIT9ftDPPt4AaABAg,@iCynnie,"this new generation..... no words, no words *face palm* im worried for the future. social media is turning kids so stupid, just for some clout... good theyre going to prison",2024-12-14T01:28:24Z,0,0,en
Ugy1OBYPZokNE6yUZxN4AaABAg,@izzafizza339,1:40  I can't read the text on screen,2024-12-14T01:28:21Z,0,0,en
UgxrIAw9FEnAveAgrAB4AaABAg,@R1V3R_Official,maybe we do need to ban tik tok.....,2024-12-14T01:28:20Z,0,0,Other
Ugzj2ZN5YNj7T06K9a94AaABAg,@confessionsfromadangerousmind,0:36 what the hell is koTkiT?,2024-12-14T01:28:09Z,0,0,en
UgxH4b5mHGUkPAz1DV14AaABAg,@bombastic4785,I've done this before like 7 years ago but with balloons and stoned. I was like 13 and almost got done for terrorist. Which looking back at it 7 years later now it was stupid but at the time we thought it was hilarious 😅,2024-12-14T01:27:43Z,0,0,en
UgxjRUuAxYimKGnnH4R4AaABAg,@Mud.lemons,"Yeah they might be at the age to do stupid stuff, but personally I feel 13 yrs old and up is old enough to know not to fake a school shooting for a tik-tok or prank",2024-12-14T01:27:39Z,29,3,en
UgzxD6qp7wYtGuxQKI54AaABAg,@syoung4471,"How can anyone think this is funny or a ""prank"" you should do? They would have been ended if they did that here in MT. People open carry and a lot also conceal carry. Yeah, they would both probably be gone had it happened here. This is too stupid to be stupid.",2024-12-14T01:27:39Z,0,0,en
UgzNIclwJ0vFua2J12l4AaABAg,@JoJoBro117,"My mom was right, it is that damn phone.",2024-12-14T01:27:34Z,0,0,en
UgxW-OuDbfJVnU6dXtR4AaABAg,@king0dasouf,Brain rot at work,2024-12-14T01:27:25Z,0,0,en
UgyMi3UtNFdHHicCkiJ4AaABAg,@tatersalad6872,"Imagine a cop just happened to be around the corner and heard the commotion?  These kids could have been killed.  So stupid, how can anybody begin to think that could be ""funny""?",2024-12-14T01:27:24Z,717,18,en
UgzjjMFCL4m2m9xyfGV4AaABAg,@wesleyspaeth8468,1:40 those texts are unreadable,2024-12-14T01:27:20Z,0,0,en
Ugy1hsWNcmftNk_i-8B4AaABAg,@ditzkey,Peer pressure never goes away. It just goes digital.,2024-12-14T01:27:01Z,16,1,en
Ugx5thD-4Z57B20jelh4AaABAg,@MakeItWithCalvin,"I have been through a few fire alarms going off & bomb scares at my University campus and it's EXTREMELY disruptive to things going on. I had a final presentation in a class canceled, because of someone calling in a bomb scare in a dorm. It's not a joke!",2024-12-14T01:26:47Z,54,2,en
Ugxh-wmMHnrQx0oV0CB4AaABAg,@tergish1,It’s almost like TikTok is fucking stupid,2024-12-14T01:26:46Z,0,0,en
UgyWIeV44Oifmkis91F4AaABAg,@wheattt1,"“It’s just a prank bro”
The prank:",2024-12-14T01:26:44Z,61,0,en
UgwsCrdKHwtPW713bD54AaABAg,@KRAMITDFROG,"Somehow social media can get out the pranks but not the repercussions.  We didn't have social media growing up, but no one needed to be told this in the first place.",2024-12-14T01:26:43Z,73,2,en
Ugz0o4E9N2mP2CJEMgx4AaABAg,@x2159x,Always watch your videos but clicked extra fast when I saw it was close to home,2024-12-14T01:26:25Z,0,0,en
Ugxziwij6200mmku3xt4AaABAg,@lordofligma,"Oh damn, this is local to me! It's odd seeing my local news station on this channel",2024-12-14T01:26:23Z,0,0,en
UgzFJITv1D00us98Cix4AaABAg,@NukaRedPanda,Tik tok trends aka natural selection,2024-12-14T01:26:19Z,0,0,en
UgzGzwn12-guDpCa4mR4AaABAg,@tseveudire,"Who wanted to ban Tik Tok again?
I 100% agree.",2024-12-14T01:26:17Z,1,0,en
Ugw3ZIioWf8oN8cEpWh4AaABAg,@theHitchbot,How is that a tiktok prank? It's just a threat.,2024-12-14T01:25:57Z,0,0,en
UgxaqItMCHQGrVvU-s94AaABAg,@danielcovarrubias1989,Dope,2024-12-14T01:25:48Z,0,0,Other
UgxlHegPdMMnbtGKHm94AaABAg,@chipperjoneszz,American youth ceases to amaze me of how dumb they are. 😂😂😂😂,2024-12-14T01:25:30Z,0,0,en
UgzRRNkcyr3x80MxyvZ4AaABAg,@chrisgeorge651,They did all this but tik tok getting banned next year in us 😂,2024-12-14T01:25:11Z,0,0,en
UgxMmddVsPkZ4XuYb7Z4AaABAg,@MusiciansRule07,"Of all the things to do, WHY would anyone want to pretend to pull a Pumped Up Kicks??? That's not something to play around with! I hope they're lying about seeing it on TikTok because this shouldn't happen again but you can't put it past TikTok. Pranks are supposed to be funny, NOT literal crimes!",2024-12-14T01:25:02Z,0,0,en
Ugw_RqkiaXJy9-y1CAV4AaABAg,@lordpataknight1312,"They were trying to be Bart Simpson when he had the fake grenade lol
Man rip to those guys have fun finding a job with that kinda resume",2024-12-14T01:24:59Z,0,0,en
Ugwb1QaLw2q3wCLUHhB4AaABAg,@SolarPhoenix61,How the hell tiktok has not been banned worldwide is beyond me,2024-12-14T01:24:37Z,2,2,en
UgwxrQ3aKR6KclxJed54AaABAg,@WhatZitTooYaaa,People just want to get rich quick by any means,2024-12-14T01:24:31Z,0,0,en
UgwhSEbkNU8okk8UaP94AaABAg,@TFanPage101,"What a prank, such a goof, am I right? Fellow youth",2024-12-14T01:24:27Z,0,0,en
UgyyxdJFt60_EsEy3iF4AaABAg,@pretzelcoatl_1121,omg that connecticut accent,2024-12-14T01:24:19Z,0,0,en
UgyyeIPRHLh-THR5nqB4AaABAg,@Lostboy811,They are very lucky to not have been shot dead.,2024-12-14T01:23:51Z,0,0,en
UgwIu5gTW9tiGLjFyOZ4AaABAg,@jamess.931,"Insnae to me that people are this stupid lol, I mean how could anyone think this was a good idea to get views",2024-12-14T01:23:35Z,0,0,en
UgzBgN34cAAyyE4EwS54AaABAg,@Jimmy_No-Grapes,"""This is a good time for parents to talk to their young adults"" made me laugh so fucking hard that I gave myself Yellow Mustard. This is not a meme post, this is 100% truth.",2024-12-14T01:23:24Z,136,11,en
UgyJr5n_CMbvEikAZnB4AaABAg,@Dragonking9513,My sschool south view highschool pretty much had a gun brought to school and drugs now we got metal detectors and a bunch of actual state cops not the school sheriffs we got actual cops and one of them pretty much has a gun and carries an extra magazine instead of what i forgot was supposed to be but he scares me,2024-12-14T01:23:23Z,0,0,en
Ugxw8D4hYAPH6mF3_HB4AaABAg,@noodle2000,"If they're not smart enough to know that's a bad idea, then they shouldn't be going to university.",2024-12-14T01:22:58Z,218,8,en
Ugwt_zVpXHo1xO6IH1x4AaABAg,@CanadaBoyRocks66,Should get life if anything,2024-12-14T01:22:49Z,0,0,en
UgwWfQkPnou2Feu8fQ54AaABAg,@KarrierBag,some people are silly and some are just plain stupid,2024-12-14T01:22:45Z,16,1,en
Ugwvh4aYQT3JPKKAzeN4AaABAg,@Prism4595,"Play stupid games, win stupid prizes.",2024-12-14T01:22:43Z,21,0,en
UgxN62Yr3K9hheO9JP54AaABAg,@jenkem69,I think its HILARIOUS that they were THAT dumb🤣☠️ fuck around and find out,2024-12-14T01:22:42Z,0,0,en
UgxzJcBNPPWBC1WhX3R4AaABAg,@etatauri,whenever i hear 'tiktok prank' i actually think 'felony',2024-12-14T01:22:30Z,186,4,en
Ugy_iTeesPX69TfXUJ54AaABAg,@randomname4726,"Please clean your whiteboard l, it's bothering me lol",2024-12-14T01:22:22Z,0,0,en
Ugzu-zapucYtuLS_R214AaABAg,@jacobdedrid6525,It's just a prank bro,2024-12-14T01:22:12Z,5,1,en
UgzzclsN300x2pP2mox4AaABAg,@faithcrisis2138,"This isn't funny, this isn't cute. That is my child's literal worst fear, I couldn't imagine him experiencing this. These are kids that never faced consequences in their lives; stupid games, stupid prizes.",2024-12-14T01:22:10Z,301,18,en
UgwPNbb7cEGbajLbclx4AaABAg,@BakuraEX,"I wish Common Sense was more common... just a modicum of it would have stopped this incident from happening in the first place.

(edited because dumb spelling mistake)",2024-12-14T01:21:53Z,38,2,en
UgyPGJcn54ng5aSGnqF4AaABAg,@TheAngryDoughnut,Tik tok just gives people the desire to do some shit for views,2024-12-14T01:21:46Z,34,5,en
UgzlOiHveFJiSYgtvBR4AaABAg,@bobbobbobxx,they need more then ten years,2024-12-14T01:21:37Z,0,0,en
UgwDsZ5EwONMoQOClcN4AaABAg,@drhacknslashzombietimelord6768,"If they pulled this stunt in an area with stand your ground laws, they could have ended up being ready for church. HOLEy as feck.",2024-12-14T01:21:08Z,1,0,en
UgwoFSECBALds-Jzssx4AaABAg,@mixed_efforts,yeah this has to be the dumbest thing in recent memory wtf,2024-12-14T01:20:44Z,9,0,en
UgwzxYTz-XyEqL2Chvl4AaABAg,@agirlbytheocean,:0,2024-12-14T01:20:42Z,0,0,Other
Ugw7LorcQoeyE4IhsOx4AaABAg,@ThatSeventiesChick,"It isn't a""prank""... They intended to terrorize students, imo. 😮😢",2024-12-14T01:20:27Z,6,1,en
UgxGZOCnVPZ9ah_8Fq54AaABAg,@Sk0p3r,"""Chill, its just a prank bro"" *starts unloading magazine into the face❤*",2024-12-14T01:20:20Z,244,0,en
UgwTKQDOMIN0-WsJSDJ4AaABAg,@scyntheachannel,Dumb tiktok? I click.,2024-12-14T01:20:20Z,0,0,Other
UgxJvHVOsvRyqs9U-n54AaABAg,@misstray9,"I dunno, there was the guy who walked up to security at an airport and said he had a bomb in his car as a ""prank""...that ranks pretty high up there on the stupid level",2024-12-14T01:20:15Z,265,4,en
Ugxc7l5V153cZUeUg5V4AaABAg,@ZacxOff,The Internet has ruined the human race,2024-12-14T01:19:33Z,10,3,en
Ugxuox5HM4xAc1XOJDl4AaABAg,@ジェリコ-RX12,This is why tiktok should be banned,2024-12-14T01:19:18Z,20,0,en
Ugyap350ymVpvQy9aI94AaABAg,@nukacolalite9607,fresh ahh video,2024-12-14T01:19:00Z,0,1,en
UgwOUDgl_9NNs7r1EMV4AaABAg,@manuelkuboyama909,lol it’s reasons like these that I agree with a TikTok ban,2024-12-14T01:18:34Z,80,5,en
UgwyMJXSN27awCQU4tF4AaABAg,@yashirou618,Pin me or you'll get 10 years in my basement,2024-12-14T01:17:21Z,0,0,en
UgxwJnFto1UNTfdtOSV4AaABAg,@austinhicks2639,😂😂😮😮,2024-12-14T01:17:16Z,1,0,Other
UgwPVnEsQmExM0D3kXJ4AaABAg,@Pumpkineater_13,Nah man this generation is cooked frfr,2024-12-14T01:17:15Z,159,10,en
Ugz0xdjaMeZrKBVJgtl4AaABAg,@WolfofSid64,Further proof that just because you are going to a University and or have a degree does not mean you are smart,2024-12-14T01:17:15Z,1774,106,en
Ugym3mYRuYfYNiT73pR4AaABAg,@xxGravyBabyxx,Ayyyye first,2024-12-14T01:17:14Z,0,0,en
UgzCdJmpzHVBnkDyG394AaABAg,@ashishpatel350,why?,2024-12-14T01:17:11Z,1,0,Other
UgwPecxHd8hsUxoiJz14AaABAg,@glitchedpersonality,Reminds me of something similar that happened at my school. People are brainless,2024-12-14T01:17:05Z,6,0,en
UgyblIbA2_qn1e1LGhZ4AaABAg,@Qb3nsis,The Zoomers must be in trouble if they're reproducing the trauma all my peers had to prepare for or actually experience. Hope they find some peace.,2024-12-14T01:16:52Z,1,0,en
UgzcuDtzrBK4Apckcwt4AaABAg,@daughterofHetHeru,Remember when pranks were...funny?,2024-12-14T01:16:46Z,1,1,en
Ugx3XCfTUVxXLiiuUl54AaABAg,@cre8tvtpuddle243,Sounds about right,2024-12-14T01:16:38Z,0,0,en
Ugxt2iYiDVAbzsiR_aR4AaABAg,@TheShonenRonin,so dumb,2024-12-14T01:16:24Z,1,0,Other
UgySyrkeEnrWMdVN7k54AaABAg,@islayya,That kid lookin like the riddler,2024-12-14T01:16:18Z,7,2,en
UgxPEjDQn9R8Q0vI8tR4AaABAg,@Federal-investigation-unit,YIPPIE new Atozy vid,2024-12-14T01:16:12Z,7,0,pl
UgyouQTic7UtxJUDVn94AaABAg,@foxluck353,Get rid of toc toc braaaaa its a cancer to humans,2024-12-14T01:15:59Z,2,0,en
UgwDNIkE7y5ECUao3ax4AaABAg,@kidgarbage,1 viewer in 3m you fell off,2024-12-14T01:15:56Z,0,1,Other
UgxkIbc6ILfA_L-76O54AaABAg,@hughneutron8585,😂 wow,2024-12-14T01:15:49Z,0,0,Other
Ugy9JMIaiEMqU4DWLUZ4AaABAg,@MakB546,💀,2024-12-14T01:15:28Z,0,0,Other
UgzRUzGWCh8RRPfRJOR4AaABAg,@TheSadClown1,Wait... This isn't Johnny Somali.,2024-12-14T01:15:27Z,18,3,en
Ugwlg_4yJe8y4Lh-0914AaABAg,@karrotman9231,Hell yeah first minute,2024-12-14T01:15:25Z,0,0,en
UgwdFyJW4zwclEqzrVh4AaABAg,@alolanvulpix2848,Dang,2024-12-14T01:15:24Z,0,0,Other
Ugxk5O-_XdmubHSXbhN4AaABAg,@devaughneydavis2983,First,2024-12-14T01:15:17Z,3,1,en
Ugwhwa7vF7_bkaCxKeV4AaABAg,@BIGGYsmalls610,nice,2024-12-14T01:15:13Z,1,0,Other
UgzEiYPR8SPso3_0VSR4AaABAg,@Urbanwarriorsurvival,First lets gooo 😂,2024-12-14T01:15:06Z,2,2,Other
UgwBVc6yiQSJ5D1TZWl4AaABAg,@lulu-nj4lr,hi,2024-12-14T01:15:05Z,1,0,Other
Ugz_58ZPuLtflqMcDR54AaABAg,@wisemanbosa8543,good vid,2024-12-14T01:15:02Z,1,1,Other
UgwSwuVOQfCU0syhpY94AaABAg,@weerab99,Wow,2024-12-14T01:14:57Z,1,0,Other
