Comment ID,Author,Content,Publish Date,Like Count,Reply Count
UgwciakKwUn5_vimm6d4AaABAg,@dinakarm3,"I’m done with 1,500 km/hour. Shoot me into space.",2025-11-23T07:28:36Z,0,0
UgxIlKXUf_t9BdzJZkV4AaABAg,@Victory-v9q,Me at the equator 😊,2025-11-21T21:19:48Z,0,0
UgxKZ7r0jGWzIPVb-xd4AaABAg,@dhruvadityatiwari135,I love this birdie the most out of all of them,2025-11-14T11:00:00Z,0,0
UgxUrIUsSmuzU6E8-UB4AaABAg,@Ceresbecauseeditablehandle,Forget climbing how could a ladder be that stable,2025-09-23T04:52:49Z,0,0
UgxyzoKECLsYSA_Ql614AaABAg,@Ocky-the-rubber-fox,"This only works at Geosynchronous altitude as well, not low earth orbit",2025-09-15T16:37:54Z,0,0
UgyQLtfpO16FQKb5c7V4AaABAg,@awesomesaucemaxlol,"No, you would suffocate (without a spacesuit). And even if you did have a space suit, the ladder would not be stable enough and break apart.",2025-09-13T19:22:15Z,0,0
UgwvGvdXaNyTLiTgaBF4AaABAg,@kelsimcclanaghan7657,Let me try this only works in theory untill you test it!,2025-09-12T00:44:40Z,0,0
UgwDYWV6mf_1mWfQakh4AaABAg,@MarioCasas-m1k,Missed opportunity for turning bird into roasted chicken.,2025-09-11T23:55:30Z,0,0
UgwQ-TXSI9jtM3FcQuJ4AaABAg,@Zack_experimeant9001,It actually matters how far long is it since if it’s not that tall you might fall down to your doom because of earth’s gravity,2025-09-11T16:46:03Z,0,0
UgyiIjUd_jcbE3YJmjp4AaABAg,@mtt9772,"“Hopefully, you bought a magical indestructible space suit with your space ladder”

I’m guessing that’s a @Stargaze reference? 🤔",2025-09-07T08:42:03Z,0,0
Ugx8zfF0Ovh4JTweQO54AaABAg,@BreadCrumbs-v1h,Won't the huge ladder's gravity have a significant effect here?,2025-09-03T13:52:44Z,0,1
Ugy_4r7qSV3I853akKF4AaABAg,@nobleaxiom,Would need a rope to hang Down not a tower to build up,2025-08-31T00:11:06Z,0,0
UgyKj6YxSfYel0LUz2V4AaABAg,@imrip_Zedonutmasteryt-onrblx,Lowkey it would be fun to go on that ladder like just chillin next to it while floating sounds fun ofc with a space suit,2025-08-28T07:39:22Z,0,0
UgzbdtwbT8vK3I5H-SJ4AaABAg,@timothygooding9544,"Should probably mention that the orbit wont work till your at GEO distance, 36,000 km.

If your only about ~400km like the ISS, youll be far too slow while the satellites zip by about 6 km/s faster 

(The lowest orbits around earth require up to 7km/s, going higher allows you to go slower)",2025-08-19T23:16:07Z,0,0
UgwAHvxpaVdTMFifI4N4AaABAg,@Shulkamania,What a thrill...,2025-08-08T15:02:31Z,2,1
Ugy4Ber08rdm61qjFt94AaABAg,@pan_cake_man1,but the earth is spinning,2025-08-06T21:12:25Z,0,0
UgxccCou0ORqg8K7cvF4AaABAg,@rainyrobloxian-xt9cl,imagine spinning like crazy in the space,2025-08-05T22:23:05Z,0,0
UgwrjAte5kFzsbV8qJ14AaABAg,@Manganra7,Is the a place on Earth where you climb the ladder then fall gently?,2025-08-05T18:11:02Z,0,0
Ugwd_227PbohxvyzLnB4AaABAg,@BrandonRasaka,What about if you climb up somewhere between the equator and the pole?,2025-08-04T18:52:24Z,0,0
Ugy-Usf0dUugaMJSY3p4AaABAg,@BrianSu,This is why Russia launches Soyuz from French Guiana if the target is equatorial LEO. It saves much more rocket fuel vs launching from Baikonour than the fuel used to ship the rocket there.,2025-07-31T01:04:42Z,0,0
UgwTkzCYIwtEX8m1b-Z4AaABAg,@chargrillalex,"If you move faster the higher you go on the latter, how high would you have to climb to move at the speed of light?",2025-07-30T21:31:51Z,1,0
Ugwg9w1S0HVITdgv-wF4AaABAg,@WhispersofMinecraft333,Love the quality of these videos.,2025-07-28T16:25:46Z,0,0
UgzACap_Fpk0dLKeQWZ4AaABAg,@Natebaeyay,"Ferb, I know what we’re gonna do today! 👩‍🚀🪜🛰️",2025-07-24T04:38:46Z,1,0
Ugw2TOcSzOaZ4sh4E9d4AaABAg,@iEvadeMyTaxes-l2u,The real answer is that half way through u will probably die to oxygen reduction,2025-07-20T08:54:21Z,0,0
Ugz4FYEoEatvM-WAKiF4AaABAg,@zypperhhh,I saw that actually something like an elevator could not be possible unless its size drastically changes the more it goes into space,2025-07-19T16:05:56Z,0,0
UgwlBJT84sH4pckxvyR4AaABAg,@pedrosso0,"It's not hr, just h.",2025-07-18T08:08:03Z,0,1
UgzLlNTG-rtodit_yM54AaABAg,@AmenKing99G,"There is something suspicious about the space suit.
Almost as if there might be an imposter among us...",2025-07-17T15:35:16Z,1,1
UgyOoJTWvSXPa8-IMtx4AaABAg,@mlzs_,Geostationary orbit,2025-07-15T21:53:26Z,0,0
UgzAS3-i3jXKqYi11u54AaABAg,@melonianmpg,“i’ll book a ticket to mars.”,2025-07-12T12:05:45Z,0,0
UgxxJPd3WvxlAEtDlmt4AaABAg,@thekaz5225,How come there aren't more space elevators in sci-fi,2025-07-10T06:30:20Z,0,0
UgxRAleIp6r6xM1D0Lx4AaABAg,@PhilosopherExplorer,Probably forget how to speak — as God smites those who tries to reach the heavens materially. *Tower of Babel* lol🤪,2025-07-09T20:09:55Z,0,0
UgwVFjuGt7yh-Q95biJ4AaABAg,@Luwis1337,good thing i got a spacesuit ready,2025-07-03T21:37:06Z,0,0
UgynovXriwB1zJz3yqB4AaABAg,@D0ccean,So you js spoke about a ladder to Space  now your saying a whole poem,2025-07-03T17:20:45Z,0,0
UgwNU9_zIOLIx1ndoc14AaABAg,@Mo_WithTheFro,"Looks like tye tower of Babel from the Bible 
 1:51",2025-07-02T12:15:26Z,0,0
Ugwel9lhtFe8CbVY9pF4AaABAg,@sundredre,Why you asking me these hard ahh questions,2025-06-28T17:57:45Z,0,0
UgwzzVBdsfYvrbU3_HV4AaABAg,@tw0tr1ckp0nyficated,the earth in the video is spinning backwards...,2025-06-26T17:19:58Z,0,0
UgzKBAWcdn16o69ksJh4AaABAg,@bluebrotherg4404,Please do not built that tower; it will disbalance the earth.😢,2025-06-26T04:04:08Z,0,0
UgzeHPbJVDbVJSm8mwl4AaABAg,@Lightningstorm42,What if I'm somewhere in between?,2025-06-25T11:42:22Z,0,0
UgzEA20QZellQXmUX614AaABAg,@alphtheor.879,how long would a horizontal straight line need to be to defy earth's curvature and reach into space?,2025-06-23T10:20:22Z,0,0
UgwmQvYf7CoVgNiLX654AaABAg,@Boogan-k6n,"So you're farther than the moon, right?",2025-06-20T05:59:31Z,0,1
UgxgMLBjTtODEmX_q6V4AaABAg,@Mergegaming-clips,Nice (someone is going to be the next Albert ins tine,2025-06-09T05:58:56Z,0,0
UgxmR-w7ehZq83Tsaol4AaABAg,@Yesmynamehas3ks,You are gonna be travelling in a geodesic.,2025-06-08T14:48:43Z,0,0
UgyTtiNQrx7_bzVye1F4AaABAg,@growtocycle6992,"If you are high enough up, the force of gravity from earth dissipates..  it's proportional to the inverse of the radius squared",2025-06-07T12:07:00Z,0,1
UgyZPBYtLi7Ydfx7rAR4AaABAg,@Matt-qv8lm,"This just destroyed my understanding, so now, i think that... the north pole has no gravity?  Huh, that's neat.

Dammit.  I'm dumb.",2025-06-07T00:48:19Z,0,0
UgzQwmH0MTMCy5fTKkh4AaABAg,@Kara-c9h,what is the music name?,2025-06-06T22:19:34Z,0,0
UgzKNcPC9NZgqX7zaM14AaABAg,@InVinoVeritasEst787,Music name?,2025-06-05T11:31:51Z,1,1
UgzGtNFRb7O7OGCulDV4AaABAg,@arturkursa-bl5lv,Did anybody notice that the spacesuit at the end was an among us,2025-06-01T14:08:12Z,0,0
UgxB6skU_SbWlblSpod4AaABAg,@varrekstuff,"I-I CAN'T, I CAN'T LET GO

⬛
🔻

  🟧   🔺
⬛⬛⬛",2025-05-31T10:05:11Z,0,0
UgyPXAKMVSw6CLqHJFB4AaABAg,@IloveGod-234,"JESUS IS KING THE WAY THE WAY THE WAY THE TRUTH AND THE LIFE THE ALPHA AND THE OMEGA THE FIRST AND THE LAST THE BEGINNING AND THE END  MAY GOD FORGIVE, BLESS U AND UR FAMILY AND EVERYONE AND THEIR FAMILIES  do not like the comment",2025-05-28T20:57:07Z,0,0
UgwFE1tXixl-2uyKCK14AaABAg,@PacificOceanShipSinker,The people going to mars when the elevator is 5 meters higher than normal and they are slammed 5 meters away from the landing pad,2025-05-28T09:21:39Z,0,0
Ugw6In80Ry3crvTxjbF4AaABAg,@grahamtek,What if it was even higher though,2025-05-27T22:20:29Z,0,0
UgxBrtMUP3S8Im5Jljd4AaABAg,@ChaseLewis-z9r,"So you could have upside down space hotels here tethered a little outside that zero gravity zone to replicate gravity. 

That’s pretty sweet",2025-05-27T06:57:42Z,0,0
UgyBRGEnw9SlmxR1A2t4AaABAg,@Jackal-bones,"It’s not a space elevator, it’s an orbital lift!!





Sorry I just had to add a Star Trek reference 😔",2025-05-24T05:51:48Z,0,0
UgzeIIyhOwBYEUK_mqR4AaABAg,@TheGiantKirby,Bro forgot the pressure,2025-05-23T05:22:09Z,0,0
UgxxJowgBMznBOZBHpV4AaABAg,@Hoovygaming7634,Wait so if you had a really big wheel its edge could go faster than light?,2025-05-23T02:07:44Z,0,1
UgxjKIZcM2rv9hXoIv54AaABAg,@WongQiHuiChangkatps,Guy standing at the equator is me! Singapore is at the equator (which means I’m faster than all of you haha),2025-05-21T07:46:18Z,0,0
UgzdixqOnXOtlfdyuuJ4AaABAg,@Rposjfvej,Thanks 🙏 steve,2025-05-18T14:07:07Z,0,0
UgxgQlofb0T-yuwCiod4AaABAg,@S1LLY_R41NW0RLD_L0VER,"I want Part 2 as ""Going Higher""",2025-05-17T12:26:01Z,0,0
UgyFHEIMrrKHzRFf3OV4AaABAg,@alfiebetAMS,wow great russia,2025-05-15T19:08:45Z,0,0
UgzUBlLg_jSOc6Av1AR4AaABAg,@inka-75,Maby it depends on how long the Fry ice cream,2025-05-14T06:45:45Z,0,0
UgwkLf2Lqw6ph9-55hJ4AaABAg,@MoriMoriGT,ima do that on the north pole and start playing dream on,2025-05-13T21:08:25Z,0,0
UgysjoGD2bxTfIbbPHl4AaABAg,@EnchantedFailure,Forza Horizon 5 basically already has this with the hot wheels expansion.. just needs to be a little bit higher up,2025-05-09T07:47:04Z,0,0
Ugwvj24dMKkAYpqwwHh4AaABAg,@CHE-Undercover,No matter how high you climb? I'm pretty sure if you climbed a couple million miles over the North Pole and let go you would not fall back to earth. You might end up in some wonky slingshot orbit but nah,2025-05-09T07:15:17Z,0,0
UgwNROKlwBS5Uf-xWHN4AaABAg,@Brainstormer99,You know what else is massive?,2025-05-09T00:40:17Z,1,0
UgyZgx4ciAamEvDQxJl4AaABAg,@ariel_chess,Tower of Babel,2025-05-08T15:20:23Z,0,0
UgyCaWec92raYEXwPjl4AaABAg,@Blacklights-w7k,So thats why the ISS is fast,2025-05-06T12:32:59Z,7,0
UgwqvmVG3ibcc7FZrX14AaABAg,@WDGASTERHH66,Red Bull gives you wings,2025-05-06T10:54:30Z,0,0
UgwDJD3TXvEOJLiEqoh4AaABAg,@Name-j9l2x,When space ducks,2025-05-02T23:50:10Z,0,0
Ugz4D7v6jUsawev38Ol4AaABAg,@dungtranthi1089,anyone just spotted among us sus,2025-05-02T12:14:53Z,0,0
UgwRuVixhBvd21zn0px4AaABAg,@GabrielRamirez-pr8qf,Why would you need to say be warned It’s not like someone has a ladder that tall and before someone says the space elevator might work that way if you think about it no it won’t,2025-04-28T06:02:50Z,0,0
Ugy3Ac523MLn_QUlUYp4AaABAg,@mateumitjans5281,Screw gravity,2025-04-25T07:53:50Z,0,0
Ugw_foUINmAxlWYhyH14AaABAg,@AngelaDiGirolamo-n8j,I wonder if you’re question is true in this short you said and I will test it in real life to see if it is possible,2025-04-24T22:54:02Z,0,0
UgwUZHL357XU1Qgff_p4AaABAg,@forgiveness77398,"1 John 1:9 (NIV)
9 If we confess our sins, he is faithful and just and will forgive us our sins and purify us from all unrighteousness.",2025-04-20T03:49:35Z,0,0
UgyDmobUXlN-FjVvxtJ4AaABAg,@panogogonis7974,Youtube not so short,2025-04-15T00:32:22Z,0,0
UgzhA8dS11UiE6dSPqB4AaABAg,@Person-z1q,Subnautica but its in space,2025-04-14T00:46:23Z,0,0
Ugy256qzXEm8RN-Z-JR4AaABAg,@dickartist,I did that with a few friends and one of them dropped his pet rock and we found it later in an orange oasis,2025-04-13T08:05:57Z,0,0
Ugxpv5hSqERZ62_HpPF4AaABAg,@arikomart7209,Snake eater refrence,2025-04-13T05:29:39Z,0,0
UgzrsPN05u8CrolvdVh4AaABAg,@AA-bc9wz,Reminds a bit of Gundam 00,2025-04-13T00:04:13Z,0,0
UgwOygPxJzv7atzVmPp4AaABAg,@Secret_Takodachi,"Still not as bad as the ""rapid decompression"" experienced by deep sea workers who were being brought up to the surface. A human body was effectively ""fired"" out of a 5"" opening.... torso first effectively..... 🤢",2025-04-11T00:34:04Z,0,0
UgyJKMFWuyzNxKnfjHR4AaABAg,@tornyu,"I used to think this would happen, but then I learnt that you'd be fine for a while in the vacuum*, and now I'm leaning again that this is what would happen? Am confused!

* (breathing aside)",2025-04-10T21:57:24Z,0,0
Ugz-xhA_2RtrMYqbiQB4AaABAg,@TheAmericanFox,"You got one thing a little incorrect. If you see sattelites wizzing past you, you won't be able to orbit the earth. To be able to climb a ladder them let go to be in a stable orbit. The ladder has to be 35,000 km tall to put you in geostationary orbit.",2025-04-10T15:28:27Z,0,0
UgzLwqhGnI5DA37UrWB4AaABAg,@Shmoneykingman,"I'm sorry, do you know what else is massive",2025-04-10T00:58:56Z,0,0
UgyLHNfShVBJKFtcCUl4AaABAg,@ewartlambert,Space elevators would be great… but unfortunately terrorism exits,2025-04-09T04:31:54Z,0,0
UgxzozFbq_LDNHWxUEx4AaABAg,@PuroBrim36,Womt happen kuz even with the lightest metal that elevator would have to be bigger and thicker than the earth just to stay up right. And we don't have that much material on earth.,2025-04-07T04:24:09Z,0,1
UgxOrSZD2xH2J7eB2e54AaABAg,@geoalpha_dood,"that space suit looks like amogus, im buying",2025-04-06T03:15:35Z,0,0
UgwpdMKGTaTO2TNcWaV4AaABAg,@xcorrelation,Not the among us astronaut suit at the end 😂😂😂,2025-04-05T22:52:48Z,1,0
UgxH9V3uQBfqPbJL8WR4AaABAg,@thetruerift,Thanks for the perfect use of a wilhelm scream,2025-04-05T21:34:27Z,0,0
UgwF4RuIIzGWmD0KeXZ4AaABAg,@trinityy-7,you can orbit much lower if you dont care about a circular orbit,2025-04-05T19:45:16Z,0,0
Ugz9oieIWJ4Lu0dQEh94AaABAg,@arielbuzdygan,where's the air,2025-04-05T09:10:04Z,0,0
UgwYZmEcLKN2pErFA_p4AaABAg,@Anonyhouse,There is NO material on earth that is capable of handling the intense forces between the earth and it's rotation to make a functional space elevator.,2025-04-04T23:00:16Z,0,1
UgwvdmPUOf5BQe0_1Ad4AaABAg,@Vaiboo-avmc,i will hate that that will be to much AI pls i dont want that,2025-04-04T03:23:27Z,0,0
Ugz_dzG_-N269WtrDeh4AaABAg,@bargjurgle,Redbull's violently taking notes rn,2025-04-04T00:06:08Z,14,0
UgyydvT139TazMwuNK54AaABAg,@Caþupussr,"But doesn't everything have gravity, so you'd float towards the ladder disprove me",2025-04-03T20:47:08Z,0,0
Ugwk5RCwJ7AeF4gSN5Z4AaABAg,@PhoenixRose1415,"""A boy is a gun*"" teaser trailer video",2025-04-03T18:06:05Z,0,0
Ugw0Iy6NcCPzXS8g1HR4AaABAg,@NeXJ-9,Welp. There go my plans to climb a giant ladder in the north pole,2025-04-03T16:19:13Z,0,0
UgwIFY7UTx7CsS2Rw1d4AaABAg,@Roblox-love-i,I want to know how do you breathe.,2025-04-02T11:00:28Z,1,0
UgyM2Moh0pOtrakzz-94AaABAg,@CarStudiostm,bro the ladder would fall,2025-04-02T10:20:25Z,0,0
UgwQ6x96KjLHYCpRPyZ4AaABAg,@AmorWithoutBorders,"""No matter how high you climb"" is incorrect! Even from the North Pole, our atmosphere & gravitational pull is finite",2025-03-31T21:47:44Z,0,0
Ugx8jYyUOOk9Pyk8fW54AaABAg,@colynrobinson212,"As south park said 
""Where were you, when they built that ladder to heaven, did it make you feel like crying? Or did you think it was kinda gay""",2025-03-31T00:14:36Z,0,0
UgywU-EKUTvbxNVLHSh4AaABAg,@Phoenix-ft7tz,This is giving me caplan thruster vibes,2025-03-27T12:53:56Z,0,0
Ugwu4hHX-XEH74Gzt4J4AaABAg,@diddlydoodlywalrus6167,"Well, the space elevator is a good idea, but the biggest problem is how Osea will react. I heard they have a Belkam scientist too, making crazy stuff.",2025-03-27T06:12:25Z,0,0
Ugzej3GCLjREUChiRkt4AaABAg,@ahmadamer26,"this tower reminds me of the spider man movie the newest one, now i know why they where going up",2025-03-27T01:49:43Z,0,0
Ugy-XNobRZPUOYw471l4AaABAg,@ericgonzalez934,Interesting 🤔,2025-03-24T16:39:50Z,0,0
UgxnMALJF4-f5IRyA114AaABAg,@J32-k9n,If we fly from the pole out to the equator and out wouldnt we get out of Earths gravity faster?,2025-03-24T07:08:21Z,0,1
Ugxya4NXNmaASHl7hD14AaABAg,@COTG69,I wouldn't attempt this even if it was possible,2025-03-24T02:27:24Z,0,0
UgxE49AqrqYKve9KChd4AaABAg,@Reasonable_Violence,There probably already is a space ladder and it's probably got an invisibility cloak--because if you can make a space ladder you're probably smart enough to make it invisible too and who would want anybody knowing they have a space ladder? Exactly.,2025-03-23T23:21:15Z,0,1
UgzqepGhUagDBldfzud4AaABAg,@Mrollie-t9e,The space suit lookin kinda sussy ඞ,2025-03-21T23:36:17Z,0,0
Ugw4SjdDLfg7pa10MOR4AaABAg,@LeónSantiaguino,Make an spanish channel so i can share this beutiful channel with the latinos,2025-03-20T03:56:28Z,0,0
Ugx6pb_xo7hzK56cxPh4AaABAg,@kaylilaaishah4254,Bro bought a among us suit,2025-03-18T00:37:14Z,0,0
UgwkqnuSKljqzMtS-3F4AaABAg,@AlexanderFulton-kz3fc,This short is 2 and 1/2 minutes long,2025-03-17T14:50:03Z,0,0
UgxHMGeA4RKZ9iWm8xR4AaABAg,@javiercjd128,"Put your ladder a lil more higher and your finding yourself covered in white light








You thought you saw heaven but it turned out














YOU ARE THERE💀",2025-03-17T11:55:23Z,0,0
UgwBb7J6hW3IoPkOlKZ4AaABAg,@kio-j3r,You can't breathe in space without a space suit,2025-03-16T21:07:29Z,0,0
UgyDm-_wXv0V-MpAflJ4AaABAg,@TSFverifiedGamez,Funny thing is when I was little I thought that was what the ISS looked like,2025-03-16T20:28:11Z,0,0
UgzTzpf-kW2_oRW4wRp4AaABAg,@donray2,I drew that when I was a kid❤ + neal fun made a space elevator game,2025-03-15T11:43:27Z,0,0
UgyZ67kdwoMqVoiR3pd4AaABAg,@tedidaniels8302,I didn't understand about the poles.why don't we float above ? Aren't we above the atmosphere & hence no gravitational pull of earth.,2025-03-13T04:47:12Z,0,1
UgynRYhtlVUAGbrQ4V14AaABAg,@smolPjusk,What happens if you climb lower on earths surface then?,2025-03-12T13:16:02Z,0,0
UgwWn4OKlTrysB5ZryF4AaABAg,@Jay_Heniaz,"""Where were you, when they build a latter to heaven"" 😂",2025-03-10T16:13:16Z,0,0
UgyaH22qNRlkyHQg0wh4AaABAg,@blacky_Ninja,"Phew, good thing you warned me. I almost climed too high on the space ladder i have in my garden.",2025-03-09T20:24:06Z,0,0
UgwV5e12XOyBE2B6C1R4AaABAg,@Nichtis,Depends how far you out. Either Fly off or drop but imposible to float because the centripedal force isnt perpendicular to the Gravity.,2025-03-08T07:50:51Z,0,2
UgygTvj3NLOapk6hRzF4AaABAg,@Bearpeltthewolf,"I am Christian ✝️ but I do not use religious explanations, but I will do it when I'm older, and I will Bassacallaiy use, Religious context and scientific explanation ⚛️",2025-02-27T14:28:16Z,1,1
UgzwYwqrh8NKwvS4onh4AaABAg,@YourLocal-Asian-Guy,"correct, inertia is an important key in physics.",2025-02-25T00:05:13Z,0,0
UgwPjMcJkk_gbmYe3Zh4AaABAg,@gamevichannel,"I think I'll keep staying on my sofa, thx.🥹👍😹",2025-02-24T16:33:48Z,0,0
UgxsQTUqSVhMoRx8jYt4AaABAg,@mud_one,Is it then more difficult to climb the ladder at the North Pole than at the equator? 🧐,2025-02-23T07:41:22Z,0,0
UgzOSZUAaz5bjQX5bd94AaABAg,@lordraiden007,"What if you had a ladder of infinite strength (no bending, or falling down), an arbitrarily large length, and virtually no mass/inertia? How far would it need to be for the end to be going at just below the speed of light? What if it were extended to be longer than that? What would happen to the end of the ladder?

(Obviously entirely hypothetical, but seems neat to explore)",2025-02-23T06:49:57Z,0,0
UgwJuv5a_mAFY9dqfMp4AaABAg,@osoraun,“Chaos is a ladder.” -Little Finger,2025-02-22T22:42:59Z,0,0
UgySRvDDGpB47RbqWC14AaABAg,@cristywilliams6294,YIPPE A WOHL VID IM 3MINS,2025-02-22T14:34:58Z,0,0
UgxAA47oQxM-cO6JiuJ4AaABAg,@Ryan.Verity,the faster you go through space the slower you go through time? so does that mean people are the equator go through time faster relative to the people near the poles,2025-02-21T06:17:53Z,1,1
UgytwZ612cU7jaJaseN4AaABAg,@SorryMyNameWasTaken,That's a very very very strong ladder,2025-02-21T04:10:20Z,2,0
UgzvvGbbYj_LNTTFw3N4AaABAg,@mitachatterjee9894,Space elevator idea shown in spider man across the spider verse,2025-02-20T17:52:51Z,0,0
UgzDDYVaWq2jvn1NKo94AaABAg,@karmveerchoudhary117,That's some gunnm(alita battle angle) concept,2025-02-20T03:24:21Z,1,0
Ugy0VW-T-Ov2aUi36XJ4AaABAg,@Toasty_My_Roasty,"Now the real question is, where/which part of the earth would we put a space elevator that can keep its speed fast enough to remain in orbit where it would neither collapse under its own weight nore spin too fast that it would break/snap off into space?",2025-02-19T01:25:20Z,0,0
UgyDVcr4KztEv0Em8pJ4AaABAg,@ernestlam5632,You have to love the fact that a lever the simplest of tools. Potentially could be used to facilitate space travel.,2025-02-18T17:41:54Z,0,0
Ugxx41Q_3VXXlTPFAnx4AaABAg,@Idkimaputrandomnumbers81718,Wouldn’t you suffocate due to no oxygen💀,2025-02-18T13:28:57Z,0,0
Ugz9ZwuL_Y-raXofgJR4AaABAg,@NicoSolace-86,What about in the middle?,2025-02-17T20:24:03Z,0,0
UgyKNDt3biCsfSVT-4N4AaABAg,@Sircashthy4,The space elevator reminds me of ace combat 7s space elevator,2025-02-17T17:34:41Z,0,0
Ugw_2wX_-YDqL-byCNd4AaABAg,@MsYelan,Thank you bro I'ma keep that in mind for the time I'm climbing such a ladder❤❤,2025-02-17T16:41:42Z,0,0
UgxZSUconFjlfE61CRl4AaABAg,@Kasgigz,Tens of thousands of kilometers for a space elevator ? 100km is more than enough lol,2025-02-17T13:30:04Z,0,1
UgzA1KKGHKvdb3le4Dp4AaABAg,@cryingwatercolours,authors and game devs: WRITE THAT DOWN WRITE THAT DOWN,2025-02-16T21:29:17Z,0,0
UgxsoBN9TOz5jDT6gqF4AaABAg,@British_Artist,What if I hand made the ladder…?,2025-02-16T06:16:16Z,0,0
UgwCNIOGXQbGmcg0IGF4AaABAg,@Rip-fpe,First thing:the ladder would fall,2025-02-15T18:40:05Z,0,0
UgzfO7Ae1yoVSSycgK14AaABAg,@mechateamleader4071,Man they did not waste the new 3 minute shorts,2025-02-11T00:43:24Z,0,0
UgwOwFZj1nEOuU56GiJ4AaABAg,@genjibeeps998,What a thrill…,2025-02-10T19:22:58Z,0,0
UgwEJfw8rD0orShlA8F4AaABAg,@sen-myt,"As a filipino, i can chill outside the karman line today",2025-02-09T07:44:59Z,0,0
UgyiJlU2tOJN36Ukdbd4AaABAg,@GianfrancoFabbri-w8n,You know what else is massive??,2025-02-07T16:17:08Z,0,1
UgxGK7EXN0xGTc-1SXp4AaABAg,@Garlic_Bread-cheese,That space suit looks sus 🤫🧏‍♂️,2025-02-07T06:11:31Z,0,0
UgzCX9yYof9CDw-LGEV4AaABAg,@Bfftdaunofficialobjectshow6045,Bro how many times do the birds get recovered like almost every short 1 bird gets elimminated💀,2025-02-06T04:03:25Z,4,0
Ugy2qQwAVnHTPn-2zed4AaABAg,@Shadow-f2q4p,I hope my Amazan space suit works😁(got it from a strange company called amozan),2025-02-03T00:51:28Z,0,0
Ugw2sUU2ONM3rlQPL_N4AaABAg,@CombineWatermelon,I hate pop science channels,2025-02-01T20:45:34Z,0,1
UgwhwFnnRAzq2j7XRGh4AaABAg,@HarrryButcher,"Don’t worry, son I have a ladder",2025-01-31T18:27:47Z,0,0
UgzchgaaCDRj6iJXqF54AaABAg,@ventithedrunk9506,Glad flat earthers arent in the comments today.,2025-01-31T09:15:51Z,1,0
Ugydrh0bNF642HXfnGd4AaABAg,@becca_36,"I'm sorry, what?",2025-01-30T18:56:21Z,0,0
UgwG-AP6De-9rhJGygd4AaABAg,@mubihaidari8865,Is that is the guiding light at the end of the video,2025-01-30T15:06:21Z,0,0
UgyvrcwwEjuAyfiJtUZ4AaABAg,@WedgedAnkle25,"""And eventually Kars stopped thinking""",2025-01-30T06:48:04Z,0,0
Ugz1Xio_DuU7teW6uVV4AaABAg,@steveglover6411,As shown in the TV Series Foundation,2025-01-30T05:21:59Z,0,0
UgzfRnVXb3MKzXclT414AaABAg,@conductress_and_physicist,Wrong. Climbing enough high on pole can let you escape solar system - because Earth movement around Sun,2025-01-28T18:47:23Z,0,0
UgyJvTJoqOUmRZcFzid4AaABAg,@Alex-pe7ec,Redbull: let's do this,2025-01-28T18:44:19Z,0,0
Ugzy-kB_7z6v_MXCH5h4AaABAg,@randomthe0ne,I frickin passed out to sleep while watching this and my family had to hear this play over and over,2025-01-28T13:47:00Z,0,0
UgxNlO6EKoFNj-j5rdR4AaABAg,@Aperson-z4f,MASSIVE tower?,2025-01-28T02:45:39Z,0,0
UgydZPqUDCB5q7Y1Tx94AaABAg,@mrbejam,I hate to say it but that tower is such a security risk from terrorists…,2025-01-27T23:46:01Z,2,1
UgzHHS-dKRo-0E0gqO14AaABAg,@JNord-z9g,By the time your up there you would be out of oxygen,2025-01-27T12:52:59Z,0,0
Ugws9tDbuvG45F0TZEZ4AaABAg,@SKYWARE369,Why is no one talking about the among us suit,2025-01-27T01:44:15Z,0,0
UgzQyNPPSr1KHpszWbl4AaABAg,@EllissDee4you4me,South Park did this.  Turns out it’s pretty gay.,2025-01-26T23:30:00Z,0,0
UgzSeGJ12GKDqOdLTRl4AaABAg,@Kevinhuynh7789,That will be impossible because the Earth will make the leader fall,2025-01-26T22:53:36Z,1,0
Ugw3UuWHg4_pbkGhZh54AaABAg,@0fflineNova,"Others: ""Epic space elevator!""
My anxiety: ""What happens if theres an earthquake"" 📈📈📈📈",2025-01-26T21:49:44Z,0,0
UgxxifbP6eHtP2nKBe54AaABAg,@ReachSkyla,Falling in style,2025-01-26T16:43:19Z,0,0
Ugxlp_JkVVpRRy8DsiN4AaABAg,@AustinsEdits,So wait… surely there’s SOME point at which you’d be floating in space when climbing up from the North Pole… right?,2025-01-26T05:11:54Z,1,0
UgwVgNSLUS9KAzo5yWV4AaABAg,@LucasGabriel-tbhb,I'm speed!,2025-01-26T02:08:32Z,0,0
UgzcMZzlRBJTn_83V9B4AaABAg,@marfman6279,Whats the name of the song?!!!,2025-01-26T01:26:32Z,0,0
UgxD9MsnopZnz9l4c7x4AaABAg,@Akuankka000,"my biggest fear is floating alone in space, just seeing earth get smaller and smaller with nothing to grab onto and knowing I’ll die a slow death",2025-01-25T22:08:50Z,0,0
UgwJwcPSS1LWr306pwJ4AaABAg,@lunaplays96589,"the among us character at the end 😭
You would think kurzgesagt would have stopped the among us references by now but NOPE

(edit: not me trying and failing to spell the channel name five times)",2025-01-25T21:41:15Z,2,1
UgwQOqU0HNy4SiGKY0t4AaABAg,@astrosphinx863,Yo was that slurm from futurama?!,2025-01-25T14:41:48Z,0,0
UgxVG33X5gUrX4fjHIN4AaABAg,@Flood_edu,Mass effect lol,2025-01-25T10:32:04Z,0,0
Ugxb1pc4CtG05qLAhMR4AaABAg,@I_EAT_IRON,no one is talking about the among us at the end,2025-01-25T07:35:23Z,0,0
Ugwaz7Y1UBNc70Om53d4AaABAg,@Nex..,Wait I wanna do this,2025-01-25T05:38:20Z,0,0
UgxpbJngR1iLidW9gZV4AaABAg,@orionred2489,For other like me that have a sort of unsatisfied expectation at the end of a Kurzgesagt video.... quack quack.,2025-01-25T02:06:33Z,0,0
Ugw3gve1NVLyBIckMHp4AaABAg,@MusicalBlox,"*Oxygen lack and space’s pressure, laughing in their corners*",2025-01-24T23:10:52Z,0,0
Ugw2PIpCm1TrUta4TLV4AaABAg,@lonermon,Acme... every gen xer knows you can buy a space ladder as well as an invulnerable space suit from acme. In fact if you can imagine it you can buy it from Acme even if you can't imagine it you can buy it from Acme,2025-01-24T20:19:20Z,0,0
Ugw9GSWtm54_7-mVp2J4AaABAg,@ImOddBrick,If I ever become a science teacher I’ll probably show my class this guys videos.,2025-01-24T06:19:24Z,0,0
Ugyh1YVwyZ3dwPR5MR14AaABAg,@zulkey,"This video is wrong, you climb high up in the north pole and you aren't going to fall",2025-01-24T03:44:11Z,0,0
UgzaHUrvgMlSvnstH1R4AaABAg,@RachelGilliam-d3d,They might need a gravity system in that space elevator,2025-01-24T01:25:21Z,0,0
UgzWKbJHnJIrrr19N9t4AaABAg,@trist10,What a thrill……,2025-01-23T17:29:35Z,0,0
Ugy5jyF7XeFZL-hyhst4AaABAg,@ShivamJha-yk4pw,Japan is making space elevator it will send you to space in 7 minutes,2025-01-23T03:47:55Z,0,1
UgyViNBM3olQ8FKxmIB4AaABAg,@emination_,Is this why Saturn’s rings all gather together rather than covering the planet?,2025-01-23T01:47:02Z,0,0
UgzIGatu1ieE_t-bcdp4AaABAg,@demonbraingaming485,"I just wanted no, if put put ladder or a space elevator its mass will be soo much that you have to keep extending the diameter of the elevator as you go further it will become wider then the earth just to hold it self and ignoring the material that needed",2025-01-22T04:58:20Z,2,0
UgwXGDMXVRY8h486F8p4AaABAg,@tungstwn1241,0:40 Better take that car to the shop. Its wheels are rotating at different speeds.,2025-01-22T02:13:05Z,0,0
Ugxo9ApPyAe2rnfZeat4AaABAg,@beamingnebula,Satisfactory space elevator,2025-01-21T14:06:23Z,0,0
UgzGnagzYYQxwcE5T5V4AaABAg,@samchoo9359,So people at different point at the globe age different?,2025-01-21T12:15:41Z,0,0
UgwxOz76rEPtDVbmkPZ4AaABAg,@cocapiesFUN,I live in the equator,2025-01-21T11:53:40Z,0,0
Ugzn1HD3-UkkLz-3RDV4AaABAg,@TristanBBBBB,"Why can our British brethren pronounce the second “L” in “vulnerable”, but not the first one?",2025-01-21T06:30:36Z,0,0
UgwfzGmUQjsrsasUd3J4AaABAg,@Stoopid726,The last one made me say “MAKE IT STOP MAKE IT STOP MAKE IT STOP MAKE IT STOP MAKE IT STOP MAKE IT STOP MAKE IT STOP MAKE IT STOP.”,2025-01-20T23:15:02Z,1,0
Ugw8SP6hYd4qtIoGJyh4AaABAg,@traveipera2929,"buddy just explained a rule in science (was it newton? the third one, maybe?) in a minute when my teacher took 3 classes to make me understand it with a car wheel",2025-01-20T14:00:35Z,0,0
Ugxt3K9_BruMEsTWsux4AaABAg,@Terminator-po7ei,Does anyone know the background music ?,2025-01-20T08:45:53Z,0,0
Ugyu6V37_1VIPIWkDUZ4AaABAg,@theronsokol8078,"Space elevators seem like such a horrible idea in my mind. I just have a horrible image of the terror that could occur in a circumstance of structural failure due to any of the infinitely unimaginable circumstances possible in this universe. Imagine a planet wide disaster, raining down man made metal objects at supersonic speeds. Add to that the loss of investment for such a massive project. Ruin, on every level of society. Plus ecological factors. Gawd what a seemingly horrible idea to me.",2025-01-20T03:11:56Z,0,0
UgwP1VN-tug3eIGsi8V4AaABAg,@TheBubbaclaw,Wouldn't I suffocate before reaching the top of the ladder?,2025-01-20T00:01:34Z,0,0
UgysoRtYbR6bY9dpoch4AaABAg,@jaedencanahai1121,What a thrill,2025-01-19T23:27:48Z,0,0
UgzxRwZ2_eiymNumQxR4AaABAg,@TTTTrepidation,the omori ladder to otherworld be like:,2025-01-19T22:24:12Z,1,0
UgzP6feU8B2RLSdcc3N4AaABAg,@dreamalt7,Nobody is going to talk about the space suit being an Among Us?,2025-01-19T20:53:57Z,3,1
Ugzgm-A-55v8j004w7Z4AaABAg,@ritusinghai8828,Wait. This is an omori reference. Doesn’t mind space have a really long ladder going into space?,2025-01-19T18:39:00Z,0,0
Ugw3-qRo5WCIcrxugh54AaABAg,@LanceSmith-nh4ws,Sir. Space is not that high up,2025-01-19T18:35:08Z,0,1
UgxEjCewhf8EIQf_wCJ4AaABAg,@docholliday7381,If you drop from the northpole you would not burn up in the atmosphere. The reason spacecrafts burn when they reenter is because they use the atmosphere to break the spaceship from seval thausend kmph to earth rotation.,2025-01-19T16:11:34Z,0,3
UgxQZqGAaYmMiif-xvh4AaABAg,@dororo101,Isn’t the large number angular momentum?  Isn’t the real number much smaller?  I remember someone talking about flat earth and this coming up a lot,2025-01-19T14:12:32Z,0,0
UgzzMTkNTuyHcDA8L5R4AaABAg,@mrnoonan81,Wouldn't it have to be as high as a geostationary satellite?  Most satellites wouldn't be high enough.,2025-01-19T03:28:14Z,0,0
UgxTGol31gm_klvxhjJ4AaABAg,@EddyGordo21,"Apparently they tried making a ""tower to the heavens"" it was the tower of babel. I don't think it worked, and depending on your religious belief, didn't exist",2025-01-18T22:14:18Z,0,0
UgyR3j__19rknoUk8ZZ4AaABAg,@panda4247,"This seems very incomplete.
Yes, it's a short video, but I would skip the part about the poles and talk more about the height where you want to go..
The point, is, you can't just be ""as high and fast as a satellite"" compared to any random satellite. If you are as high as most satellites (low earth orbit), you would need to go much faster than you are standing on the ladder. The satellites in LEO have period around once every 1.5 hours (i.e. you would need to go ~16 times faster than you are, thus you would fall down)
The height you'd need to climb in order to not fall down is the one, where you can stay in orbit hovering above the exact same spot of the Earth -- which is, you guessed correctly, the Geostationary orbit (some 35.8k km / 22.2k miles above the surface).
If you went still higher up, you would not just fly off to the space and never return, you would just have higher and slower elliptical orbit and return back to that spot (relative to space) in some time... however, since you'd have different period than the Earth, the ladder would not be there :)
You'd have to go much higher...",2025-01-18T19:31:51Z,0,0
UgxyQ8KcLGzngEOqiN94AaABAg,@Sami_was_here,Why does this guy sound like the narrator from stanley parable😂😂😂,2025-01-18T18:33:20Z,0,0
UgxF9PjigGhOA7S4X_t4AaABAg,@bhanupriya7169,Oxygen left the chat😂,2025-01-18T15:35:29Z,0,0
Ugy5gk7qo6qiey9MY014AaABAg,@hollowknightenjoyer,That is one long short,2025-01-18T13:36:58Z,0,0
UgxFnoPdJW12QxNWXxR4AaABAg,@StickToTheWallGuy,I already know the true answer.  I've seen cyanide and happiness explain this😂❤,2025-01-18T08:26:00Z,0,0
Ugwlsz0US5vzy6Tsmx14AaABAg,@Amadeus451,"Wouldn't the shearing force be much-reduced if you placed the space elevator at one of the poles though?  It'd be spin to contend with instead, but that seems much simpler than building a cable that the atmosphere itself is trying to rip apart every moment of every day.",2025-01-18T06:19:23Z,0,0
UgwBceAeuJN8Gi_lx7h4AaABAg,@Matth_Poopsy,once he mentioned a space elevator i immediately remembered the Jakob Elevator from Megaman X8,2025-01-17T17:18:53Z,0,0
Ugzgrr6KsoxLtk3AJBx4AaABAg,@rage_2000,"Kurzgesagt: would you fall or float?
Me: aren’t those the same?",2025-01-16T21:10:29Z,0,0
UgyONXJ3mff2TxT1Dq14AaABAg,@ArraBoy-h7q,youKurzgaseaft if reading this pls make a 11% off because I don’t have any card so pleas,2025-01-15T13:15:07Z,0,0
UgzJDKT6w5UWLE5JkpV4AaABAg,@Smoothie-Cr1minal,So reassuring (it’s probably gonna keep me up at night),2025-01-15T03:40:39Z,1,0
UgwIe5oAB7l6TRWsagN4AaABAg,@Sherlock_Homo,"Neither, you'll be dead before you get ro the top",2025-01-13T12:26:59Z,0,0
Ugz7yEVoRG36vk35C6V4AaABAg,@DragonfliesDontGlow,Wouldn't a space elevator slow down Earth's rotation a little? Would we notice it?,2025-01-12T13:28:37Z,0,0
UgyYNct1dfBpMWVesXZ4AaABAg,@spirit5923,"It's all good, I brought my long fall boots!",2025-01-12T05:20:15Z,0,0
UgyJOaAKYJPj5PbNGlF4AaABAg,@TheBanaxel,Elevator will never work the base will have to be to enormous.,2025-01-12T04:18:56Z,0,1
UgzrZRDwAPqNhCkpErl4AaABAg,@GrillMasterLiz,"That last bit was the plot to Mega Man X8, actually.",2025-01-12T03:16:54Z,0,0
UgzPtjW21eActyuSyPt4AaABAg,@Tanjisana,Where's Joe?,2025-01-12T01:18:12Z,0,0
UgwnDrqCRq2MuNi0a8V4AaABAg,@BradleyOwens377,"I feel like you'll have a hard time having any structure that goes to space, because of the differential force against the building at different heights making it unstable.",2025-01-11T20:29:33Z,0,0
Ugzn0c6mbD-lsMhJhC54AaABAg,@supershinigami1,2 books from one of my favorite german fantasy/sci fi authors also have a space elevator in them :))),2025-01-11T18:45:27Z,1,0
UgzSdzHRzDNrbSSqfWl4AaABAg,@philliprainer,Apace elevator are dumb and we wont be able to build ine ever,2025-01-11T16:06:03Z,0,0
UgxBHYxp9bdP7Pe8jDB4AaABAg,@Tuti_v3,"But don’t you need much more horizontal velocity to stay in orbit, even if you climb at the equator?",2025-01-11T13:19:04Z,0,0
UgxfMTxV1HxvI3Ske2t4AaABAg,@razorcloud5363,Also the ladder would break under its own weight. It’s why making a space elevator is next to impossible right now.,2025-01-11T08:51:52Z,0,0
UgzlfC4cbdfepHM5N9d4AaABAg,@ottliecrue4747,The subtitles are being covered by the shop button,2025-01-11T08:45:29Z,0,0
UgwQIJx8IcnGB2SvsZF4AaABAg,@nightlywatcher,And the owner of the ladder is called Jacob,2025-01-11T04:20:00Z,0,0
UgzNwsEQsYQLvKprLfN4AaABAg,@zroku123,"Fun fact: that last part is not entirely correct. The earth is slightly tilted therefore the north Pole isn't directly atop. You would technically still be moving but at a significantly slower speed. Meaning you will still fall. 

Not to mention you are still effected by the sun's gravitation",2025-01-11T02:49:36Z,0,0
UgwkzW_GEQT9d1vS0QV4AaABAg,@sajt6619,No matter how high we climb from north pole? You are telling me if i climbed like 100AU i would still fall back to earth´S north pole?,2025-01-10T16:21:58Z,0,0
Ugwx3fkgx2TPjhwxucZ4AaABAg,@emanekafecaftoggaf6893,this channel is soros propaganda,2025-01-10T14:36:04Z,0,3
UgzW1IP2NWM-GknADrB4AaABAg,@KenPachi-000,Ladder would crush itself,2025-01-10T14:35:20Z,0,0
Ugxb9S0S3TIFY0MnkSR4AaABAg,@GabrielAmyot,I love this kind of video. :),2025-01-10T13:12:37Z,0,0
UgwS99jCyobCXwHyZ0R4AaABAg,@liamwoodman3565,"That's crazy, even in light that the earth's orbiting speed is ≈67,000 mph.  While the earth's rotation speed is ≈24,898. It must have to do less with speed and more with the environment and its contents.",2025-01-10T10:55:35Z,0,1
UgyGil6OxBZ6iq-d7eV4AaABAg,@mystic18,"Oh I know this. The Quran answered this over 1400 years ago.
Q6.V125:
“So whoever Allah wants to guide - He expands his breast to [contain] Islam; and whoever He wants to misguide - He makes his breast tight and constricted as though he were climbing into the sky. Thus does Allah place defilement upon those who do not believe.”

FYI, don’t misunderstand the verse. You might think it means that we don’t have a choice whether we believe in Allah or not and that He has already decided our fate. But that’s not the case. 
Allah already told us in other verses that who He wants to guide are those that believe in Him after they were presented the evidences. And those that He is not going to guide, as the verse clearly says, are those who after seeing the evidence and understanding it, choose to ignore it and disbelieve in Allah. 
Wallahu ta’ala a’lam.",2025-01-10T10:14:42Z,0,0
UgzRqp7CM0nqTau4WbB4AaABAg,@qwertyuiop-l1c8m,You'll hit the ceiling,2025-01-10T08:41:04Z,0,0
UgwwhRnm0dRLbVGKnD94AaABAg,@bazlihau7209,Ah yes a space elevator. Wonder where that's gonna be built,2025-01-10T00:06:42Z,0,0
UgyvQOY02cOJv5NVPEt4AaABAg,@korsame,You’re giving Redbull one hell of an idea.,2025-01-09T19:24:21Z,598,4
UgwN0v7FUIHg3Est8NV4AaABAg,@enelle5380,An orbital elevator is actually nice if it has nothing to do with personal/national interest and couldn't tip the balance of power between nations.,2025-01-09T17:41:36Z,0,0
UgzNc1f7D1uDUKiba7R4AaABAg,@alan-salihi,I bought it on AliExpress :D,2025-01-09T17:21:50Z,0,0
UgzdFW7dr8IKN5OZre14AaABAg,@lacockeuxnoir,this is called geostationary orbit and you need to climb as high as 36000 km which is 90 times higher tham International Space Station orbit is (around 400 km),2025-01-09T13:21:06Z,0,0
Ugxp7ta0KDdlY33HHDB4AaABAg,@Bren753,"Where can we get much higher, so high",2025-01-09T12:47:01Z,0,0
UgzKSJEfXq-bxT1RWcF4AaABAg,@FormFatale,WHAT THE *FUCK* IS A KILOMETER,2025-01-09T10:24:24Z,0,0
UgwQWCTy5lQsGHyWCoF4AaABAg,@alisalehi773,Youtube not-so-shorts.,2025-01-09T09:27:21Z,0,0
UgwNbM4Am0dAZ9ced1V4AaABAg,@gamemaster2353,"Well, you would be dead by the time you enter the atmosphere since there's no air unless if you got like a rebreather of sorts.",2025-01-09T04:15:50Z,0,0
UgyiGpdJ1WXHThfeJlZ4AaABAg,@ryanmetheny7940,Equator = Float North Pole = Fall Down,2025-01-09T04:01:57Z,1,0
UgxZa7JJe0HXPYgBXah4AaABAg,@soiyavnz,Ain't this shit they already do with rockets? Catapulting at right timing to save time and fuel? I might be wrong though.,2025-01-09T01:37:01Z,0,0
Ugw3zN16f6peYCXZhM54AaABAg,@helloyesitsme6554,"I don’t have a car , classist ass bullshit",2025-01-08T20:47:46Z,0,0
UgxpjOH23wKSiXf2Vel4AaABAg,@dairoleon2682,"I feel like there would be some structural issues with a tower so tall that its zenith is moving significantly faster than its base simply by existing, and doubly so if there were internal moving parts that traveled from one end to the other and back.",2025-01-08T16:13:56Z,0,0
UgxDRw7OYgvxjP6uvLl4AaABAg,@TheMalkavianPrince,"Happy to report my response was ""it depends on the Longitude and height"", sad to report that I can barely do basic math on my fingers, so I couldn't begin to calculate how high you 'd need to climb to hit a stable geosynchronous orbit .-.",2025-01-08T14:01:18Z,0,0
UgwrFdj4lsPFpeU4E894AaABAg,@HighFlyer96,"""Never to return"" seems false. The point you let go of the ladder marks the low point of your orbit around the earth. You simply need to let go the ladder at the right altitude to have the right timing to be able to rendevouz with the ladder again. So the rotation of the earth and your orbit period just need to find a future common point.

So your orbit might take 48 hours  while the ladder forcibly has 24h at every altitude and you'll meet the ladder again in 2 days simply said.",2025-01-08T13:04:12Z,0,0
UgzOcU9K6aQ1ou-R-vF4AaABAg,@wewf3wew,HOLY SHIT IS THAT A FUCKING OMORI REFERENCE?????,2025-01-08T08:13:32Z,0,0
UgyO4CRdf7S8Iiu4erN4AaABAg,@DamnYall-r7b,They had space elevators in Halo Lore. It would be cool to see irl.,2025-01-08T05:11:57Z,0,0
UgyC-qzK10hpvA3_3_Z4AaABAg,@nevermindshort3,Actually both fall. The one that floats just also moves sideways so bc earth is round and moves slower bc it has a smaller periferi there will be longer to fall and you will go into an orbit.,2025-01-08T00:00:58Z,0,0
Ugzid_tg4RTArAuaiyF4AaABAg,@lude8683,"Actually, at the north pole you will rotate like a kebab.",2025-01-07T18:54:59Z,0,0
UgxdPGig28p8DtyAKml4AaABAg,@Eklipzs,How is this video 2 minutes and 30 seconds i thought the max was 1 minute,2025-01-07T16:26:25Z,0,1
Ugw-Sc2MAE7dKso387h4AaABAg,@xLigamer,"Kurzgesagt: ""Imagine you have a ladder that is so tall it reaches all the way to space, high above earth's atmosphere."" Me: The ladder would fall",2025-01-07T14:54:23Z,0,0
UgwRP37FY2XIVAoaG5F4AaABAg,@fizzle7421,BUY a ladder to space?... In this economy?...noooo thank you lol,2025-01-07T10:43:42Z,0,0
UgyAcKUo0eLwNS0XaR94AaABAg,@deadpanemma,A space elevator sounds hella disturbing tbh,2025-01-07T03:52:25Z,4,2
UgxW6X2I5-IFnKKiS1d4AaABAg,@YourbaddieLana,"You’d burn before you get there but if you did you’d explode, hope this helps.",2025-01-07T02:45:24Z,0,0
Ugza606gdi-cl3BgsAh4AaABAg,@thomaskositzki9424,"Ah DANG! 
The spacesuit is missing in my ""Ladder to Space""-set I picked up on Kleinazeigen... I KNEW something was missing!",2025-01-07T00:52:23Z,0,0
UgyE6B8YmCnOuu-WO9t4AaABAg,@Jose-gp6fe,"Before build that huge elevator they should take in to account how that will affect the earth, what happens if it fall and how to disassemble it when it times has come.",2025-01-06T22:57:25Z,0,1
UgzLLKdqVydtPBBd2Ph4AaABAg,@Trezo-blossom,We really getting a omori reference with this one,2025-01-06T21:29:24Z,0,0
UgwjvnFHga9ssq8WNJ54AaABAg,@dyhhffjuojg4sd,Yalls music should be illegal how much it slaps for little shorts like these,2025-01-06T16:50:15Z,0,0
Ugy5fZPcvbfPKBQfjL14AaABAg,@arsenijenedic,You know what else you can imagine?,2025-01-06T15:12:00Z,0,0
UgwJaSAco2eSMP07smB4AaABAg,@theplanetruth,Earth is not a spinning space potato.,2025-01-06T13:16:53Z,0,1
Ugx388ypA26WdWsRh8d4AaABAg,@alickomay7088,"for this to work you dont just need lader to space(100km high) u need a ladder to Geostationary orbit (about 36,000km)",2025-01-06T09:11:59Z,0,0
Ugzjhm9sIoEZwjAFi4R4AaABAg,@kaushaljoshi2462,"Forget Levitating 
How about a Space Suit 😂😂",2025-01-06T04:53:42Z,0,0
Ugwt5xJhsHot8Kpd47F4AaABAg,@ryano5884,Questions I needed answering as a former kid. Thanks for the video!!!,2025-01-05T23:06:47Z,0,0
UgxBDEOhLeMwJUQMvaZ4AaABAg,@MrNikotwoHorrible,The wheel is not wheeling,2025-01-05T22:07:40Z,0,0
Ugyr1c-DrCcmoeyD4854AaABAg,@drako7222,Wait but if you went far enough at the North Pole you should still get to ACTUAL space where you aren't being pulled on by earths gravity thus you would just float,2025-01-05T21:50:38Z,0,1
UgxzGOL6n4dSBGLP1394AaABAg,@keelykliever3353,If the earth is moving 1600 km/h does that mean if we were to walk at 5 km/h we would be technically be going 1605 km/h.,2025-01-05T21:42:22Z,0,1
UgwbxE0WzP6MCXk-twN4AaABAg,@BariumCobaltNitrog3n,"The astronauts in the Space Station aren't floating, they are falling the same speed as the station, but the station is moving forward fast enough they fall past the Earth. There IS gravity up there.",2025-01-05T19:49:05Z,0,0
Ugx_Q0JcRWRzorZqrP54AaABAg,@aqsqwdefrgthyjk,So if everything is moving at the same speed what happens when everything but you and earths rotation stops,2025-01-05T18:51:35Z,0,1
UgxXuR_ZbxstasIOAA14AaABAg,@reilea9977,What a Soap Opera of an answer.,2025-01-05T18:42:11Z,0,0
UgzUzzO6WY_ZLvt3Kx94AaABAg,@alexandruulesan7009,This is why the concept of a space elevator confuses me. Are there materials that could support such a structure?,2025-01-05T14:24:53Z,0,1
UgwvYJA61CKBhm9oldJ4AaABAg,@bobtheguy5465,The cool thing about this is that humans can easily get balloons very close to that point and the reason we haven't been using balloons to put stuff in orbit is.... no reason we just don't? Yeah even ideas to do this given to nasa aren't ever accepted I have no clue why it's a far cheaper alternative than using stage rockets but what do I know,2025-01-05T13:39:57Z,0,0
UgyipW5z7I_SAUzWQx54AaABAg,@aloraion11,"Short ❌
Medium ✔️",2025-01-05T12:37:25Z,1,0
UgxHnnTnlYi2yR0avI54AaABAg,@VictorianBob,"Can tell you what happens, I tried this before... I died",2025-01-05T10:14:23Z,0,0
UgxNznfk0mctuIt4n2d4AaABAg,@Nex1001-1,"Taking this litterally, there are 2 outcomes, 
1) the ladder falls assuming it is just on the floor
2) you die way before the top from lack of oxygen and over exhaustion",2025-01-05T10:11:46Z,4,0
UgyUvEBeopsv2IJF5054AaABAg,@maver1ck76,Won't anyone talk about the Amongus costume at the end ?,2025-01-05T09:35:17Z,0,0
Ugzia8oSQIxif0KB4o54AaABAg,@ChattinoCEO,So the solution to space travel is... Angry Birds?,2025-01-05T09:04:58Z,0,0
Ugz6PNTI_ba4zvvJ5el4AaABAg,@HoSza1,"Proportions are really off in this video but let's let that slip. At the point of stationary orbit, your feathers would not be blown by the wind at all, more likely you'd suffocate... ok minor issue, forget it. But most importantly, at that distance on the ladder, above the poles, when you let go, you will start accelerating, but not the way depicted in the video. You start falling only with a little fraction of g measured on the surface: about 2.3% of 9.81 m/s², which is 0.222 m/s².",2025-01-05T07:41:36Z,1,0
Ugxyf9QVo9TaZJaXl9l4AaABAg,@lola-to9om,Still to this day space elevator seems impossible like who gonna build that? Robots? It’s gonna be one of the biggest projects ever,2025-01-05T07:37:05Z,0,0
Ugw09dMwEisiGyzQjx94AaABAg,@theonlykyle001,this is just mgs3,2025-01-05T07:36:53Z,0,0
UgxPjNSPAaeE69LPAJN4AaABAg,@tb9337,"ah yes first the elevator, then space colony and then 1 year war.",2025-01-05T06:35:46Z,0,0
UgxQwAGK0tUcuH61qtB4AaABAg,@HomerNarr,Yeah the space elevator built with the legendary unobtainium.,2025-01-05T06:02:08Z,0,1
UgzWjPKtqjc4ESSDy3x4AaABAg,@sailaab,"I would never climb such a ladder.
nor buy it",2025-01-05T02:46:30Z,0,0
UgzKYK2qPY0mLyQEnJh4AaABAg,@AARTpl,"""the next time you're in your car"" funny americentrism, he really just think all people use private cars lol",2025-01-05T02:06:57Z,0,1
UgyKoPtJ5zUpaLD7PlV4AaABAg,@Personal_reaper_leviathan,"So if you launch the rocket on the north pole  you would just orbit in one place?

Damn gravity is weird",2025-01-05T01:02:31Z,0,0
Ugyog0xI0hd-pvE2bAd4AaABAg,@calumhughes2778,Surely the space elevator tower wouldn’t be “tens of THOUSANDS of kilometres long”….,2025-01-05T00:42:52Z,0,2
Ugw_8pG5g4-U7Ak6lQJ4AaABAg,@RannuIsRllyCool,So like… Earth 2099? The tower? Pls someone tell me they get it 💀😭,2025-01-04T23:37:01Z,0,0
Ugy-dyno2DWO_iNiaQV4AaABAg,@ИванБулычёв-п1г,"youtube shorts: nah
youtube medium: yess☠️",2025-01-04T22:45:00Z,0,0
UgyuVe4spnt8WVwopJl4AaABAg,@rendezvous5042,"Besides the video itself, I just noticed that the soundtrack used here is from the stellar engine video, probably the best one from this channel",2025-01-04T20:53:33Z,2,0
UgwAgp8_Lo2sxqWg85N4AaABAg,@holahello6733,What a thrill...,2025-01-04T19:02:35Z,0,0
Ugy6_ZcjmpwdxhJygP14AaABAg,@pqrstzxerty1296,How is it going faster than C (light)?,2025-01-04T17:23:22Z,1,3
UgyLpRgHP9SgC7kp2Yx4AaABAg,@cmarie9729,Really fascinating !,2025-01-04T16:51:44Z,0,0
UgwNNkoa6zoxs_2d8RN4AaABAg,@jamurnane,"Apologies for being pedantic, but the fun science is missed entirely.  When you let go, you are following a 'geodesic'; floating and falling are the exact same thing.  It's just a matter of whether or not you'll hit the earth.",2025-01-04T15:15:32Z,0,0
UgwVnvnXRAFww5pJETV4AaABAg,@voxrianplayz,does anybody thinks about oxygen?,2025-01-04T15:05:44Z,0,0
UgyBxuEZlNedXI3f_Ep4AaABAg,@themysticsheep,New Fear unlocked: Getting Lost in Space,2025-01-04T14:10:41Z,0,0
Ugz4YtRqmN11vjTbU3h4AaABAg,@CosmicWildfire-qx1ch,"When I saw the ladder I tried to climb it
All it led to was the short I previously watched",2025-01-04T14:03:30Z,0,0
UgwFb8zAJeVD6aZXgqR4AaABAg,@MyMomCallsMeCyb3rMan,"""But be warned"".......bro",2025-01-04T13:29:47Z,0,0
UgxLlqFcGbDvGMAC-Rd4AaABAg,@djhamajama6981,This sounds like foundation space elevator tower,2025-01-04T13:25:48Z,0,0
Ugy56JsqJSJ8YQEmc8N4AaABAg,@nath3347,Space suit among us,2025-01-04T13:16:28Z,0,0
UgzJ-CxQJWBAGoY7P7l4AaABAg,@aquibz1310,"Building a ladder to the Moon is impossible due to its 384,400-kilometer distance. Earth’s gravity would collapse such a structure, as no material can withstand the immense weight. Beyond 100 kilometers, the vacuum of space and extreme temperatures would cause structural failure. Even climbing it would take over 250 years nonstop. An alternative, the space elevator, is theoretically possible but requires ultra-strong materials like carbon nanotubes, which are not yet practical. For now, rockets remain the only feasible way to reach the Moon..",2025-01-04T11:12:05Z,0,2
Ugx_R_Ffvoue07dfBpJ4AaABAg,@daxosnessus825,"huh, when i was an inmate i knew a priest who liked to talk about this stuff.",2025-01-04T10:18:39Z,0,0
UgzZweC__IY96K8Ell14AaABAg,@swpro7617,"Starts floating , the ladder falls 😂",2025-01-04T08:06:40Z,0,0
Ugw0AHnd2mhszLoNJt94AaABAg,@danielkirpichnikov2007,"One of the biggest BS I've ever seen. You can't leave earth with just ladder. You are always falling down to earth, no matter what. It's only a matter of time when you hit the ground. To leave earth you need to jump up from that ladder, not just leave it.",2025-01-04T07:02:55Z,0,2
Ugzf1CEV5oktK3ttLrV4AaABAg,@Tagat-b3t,That’s not right you lose oxygen,2025-01-04T05:47:34Z,0,1
Ugxf9Eq__e_UW12VhHV4AaABAg,@Briguy1027,That bird guy is cute :),2025-01-04T05:31:42Z,0,0
Ugy95PaK0XtjKfXmQZl4AaABAg,@CardboardUmbrella,The ladder would break long before it got that high. Unless maybe you built it out of carbon nanotubes or something and even that would be theoretical.,2025-01-04T04:28:04Z,0,0
UgzrRWqBgfUg8YYzSOJ4AaABAg,@DirtyOdin64,this music slaps though,2025-01-04T03:35:24Z,0,0
Ugx9FHycjctT3h-GolB4AaABAg,@kevstuff100,Pretty sure you WILL RETURN if you go too high up the ladder on the equator. You will follow an elliptical orbit and eventually return to where you started (if you have less than the escape velocity).,2025-01-04T03:33:20Z,0,0
UgyMEQyBSQv65URWLFV4AaABAg,@kimjin1194,That among us at the end tho…,2025-01-04T03:30:06Z,1,0
UgzZkbZ-kI3kpQAcG8p4AaABAg,@alexkrill5534,Can you breathe?,2025-01-04T01:54:59Z,0,0
UgzBq2bkIAevmFawBpV4AaABAg,@zstick,"So, hypothetically, if you had a ladder tall enough at the equator, eventually you'd approach light speed, no? Some kid proposed this idea to me in elementary school and I've never found a satisfying explanation one way or the other.",2025-01-03T22:16:19Z,0,8
UgwzG9puo9GeI6abZN54AaABAg,@danidufernando3142,what happens if u build your ladder parallels to its axis of rotation at the north or south pole?,2025-01-03T21:59:02Z,0,0
Ugyg6r78B6k5TkRjywl4AaABAg,@vb6code,We should totally build a space elevator ASAP 💡💸,2025-01-03T19:38:21Z,0,0
Ugzu3CmGO2IlyAXU4uV4AaABAg,@Gabgaming404,"Space elevator, more like top tourist destination for terrorists (Nah but fr tho)",2025-01-03T19:15:09Z,0,0
UgxjIBATsn0tH7kTkEh4AaABAg,@han_pritcher,"""Space"" is defined as anything above the Karman line, around 100km.  The minimum altitude for sustained orbit is more like 150km, so no, if you went up a ladder to space, you'd always fall.  At 100km you'd be moving around a tenth of the speed required to sustain orbit there.  This is also why the Blue Origin capsule comes straight down despite reaching space.  Now, if they'd specified the ladder was far, far taller than merely reaching ""space"" this might be more accurate.",2025-01-03T18:07:35Z,0,1
Ugz3PzHcgHIHaVjVGqh4AaABAg,@SkyQuakee,1:40 is that a jojo reference?,2025-01-03T17:35:45Z,0,0
Ugz4UqujzkJfJoWXdMl4AaABAg,@gabinosskiski6622,What a thrill,2025-01-03T17:34:01Z,0,0
Ugwmu7pWqtJE7tsIaOZ4AaABAg,@Moocen,"""I'm 14 and this is deep""",2025-01-03T17:24:43Z,0,0
UgzFCspuHcCV8UBjW154AaABAg,@zazope,"surely if you got high enough you start to float though, right?",2025-01-03T17:15:45Z,0,0
Ugw0UmA_LKhSmoAgtUB4AaABAg,@Kyuromin_Sama,Holy shit that's dope,2025-01-03T11:12:52Z,0,0
UgyfackhdonXAadFiwZ4AaABAg,@theoriginalstoney,"I missed the word ""geostationary"" somewhere in this short...",2025-01-03T09:32:49Z,0,0
Ugy0Jap3AVgk171XKoN4AaABAg,@trolldecai6874,If you had a ladder to space it'd probably fall over,2025-01-03T09:19:32Z,0,0
UgyTPHDPw89b4ewuJk94AaABAg,@Kalel_The_Protogen,Don’t try this at home.,2025-01-03T05:49:04Z,0,0
UgxT9pyUGAwko83xNot4AaABAg,@thanhphuongtran8330,U will choke ( no explaining needed),2025-01-03T04:23:24Z,0,0
UgzIMfm65MguTrloF9N4AaABAg,@Janus1000,…is this why the space elevator in Halo 3 is in Mombasa? Or is that a happy accident?,2025-01-02T10:07:21Z,1,0
Ugx-4LKwGOVxUHuJlEF4AaABAg,@PeterStaniforth,"Clearest and easiest explanation of orbits and escape velocity I've ever seen, spot on.",2025-01-01T22:43:19Z,1,0
Ugw_06QMAftvb931qRR4AaABAg,@hashimashadoo,You'd definitely need that magic space suit if you tried this.,2025-01-01T21:59:54Z,0,0
Ugxb97EE3mAOBKNRezN4AaABAg,@cloudsteele1989,"Flawed premise right from the start.
Not even considering the impossibility of something so tall being strong enough to withstand the extreme forces of gravity and the rotation of the earth and the pressure of the atmosphere...
It would be spinning so fast that if you were 'in front' of it, you'd never be able to escape from it, and if you were 'behind; it you would never be able to hold onto it in the first place.",2025-01-01T20:56:17Z,0,1
UgykwO-pROudef_3n514AaABAg,@eyesquatch,"eventually, the bird stopped thinking",2025-01-01T17:28:32Z,0,0
UgxXn_vu5l0zAa9g-ex4AaABAg,@A_A-f5f,"Ain't no way it,s the mgs 3 ladder",2025-01-01T17:27:11Z,0,0
Ugx4BN0duumEq8OSqQ54AaABAg,@Heheheha1794,why was there among us,2025-01-01T17:22:37Z,0,0
UgzflWe9-RS9K-hMee94AaABAg,@MissSunnyDays,"Now I know what to do with it! Thanks, Kurzgesagt!",2025-01-01T13:30:07Z,0,0
Ugy1KNhAHHOOGmxOg794AaABAg,@malfeitor1349,"As long as you don’t look down, you’ll keep floating",2025-01-01T12:34:04Z,0,0
UgynNgWz3ne8DnpXSvl4AaABAg,@bucksxx.1,among us suits arent really invnicible. even a tongue can break it,2025-01-01T08:52:11Z,1,0
UgwgGyp6Omb6B4mEl8V4AaABAg,@TheUltimateLifeForm2001-t3x,My man just became eggman in the end,2025-01-01T08:10:08Z,0,0
Ugzx_vIawMDy3rfsjwJ4AaABAg,@jashasthescoop5425,"""What would happen-""

I think you'd die bro... Without protection 🤓☝🏾",2025-01-01T07:50:47Z,0,0
UgwRsLJdZS8i8q7G-Uh4AaABAg,@Timotheuster,"""Uhm the world is flat so this is all propaganda"" ☝️🤓",2025-01-01T07:03:35Z,0,0
UgwKy27zhAzrFlyPC4d4AaABAg,@SnappingturtleMcGee,*Wilhelm scream*,2025-01-01T06:22:55Z,0,0
UgxtUjRgYit7lB_cWMd4AaABAg,@demonic477,Ah yes the space elevator one of the best possibility questions in the world with half the scientists in the world saying it yes it can and the other half saying no it can't be done . me I'm still in the latter half you are going to need a lot of proof and materials we don't currently have to convince me .,2025-01-01T05:24:09Z,0,1
UgxIaRB72f1eYlXMLPV4AaABAg,@cryvage1354,"Now it's time for a real question. How long the ladder should be to reach the speed of light? Also, at what point of climbing this ladder, Earth start to rotate around me? And in the end, which of us will reach the speed of light, Earth, I, or both?",2025-01-01T05:03:13Z,0,0
UgzUborUicuk3fIFik54AaABAg,@Shadow_milk_cookie-f4t,In china bro,2025-01-01T03:33:13Z,0,0
Ugy1_PKybeaADHHXSYx4AaABAg,@mrlugh,I'm pretty sure you'd freeze and suffocate first.,2025-01-01T00:15:13Z,0,0
UgzES5lHdO8BefqXrgR4AaABAg,@LTchasers,Does this mean neptune is the fastest orbiting planets ?,2024-12-31T23:25:25Z,0,2
UgzsOWg6XdL4ixcmFst4AaABAg,@DrDeuteron,So the ladders lateral push counter the coriolis force that is trying to push you westward.,2024-12-31T20:30:10Z,0,0
Ugzfi_l1dak2bZt-YhB4AaABAg,@yourlocalseal219,IS THAT SLURM 1:30,2024-12-31T14:15:16Z,0,0
UgwVtIni7xOYXQ2Pu6t4AaABAg,@tokki9864,you would die before you got to the top lol. also it would probably fall over.,2024-12-31T05:04:35Z,0,0
Ugyi9QqHc1kd-82lA5t4AaABAg,@Nathan90op,I used to think space elevators would be a waste of money but when I think about It maybe it could be plausible In like 200 years,2024-12-30T20:24:10Z,0,0
Ugzf0IAJNBOTXz_QDJF4AaABAg,@nuclearpoweredbrain2211,I’m putting my ladder at the South Pole.,2024-12-30T14:26:29Z,0,0
UgwVQwqJjaK4skrBzrF4AaABAg,@AlMcpherson79,"If there's 10mph winds in a westerly  / easterly direction, is the wind moving faster or slower than you? now switch to north / south and try to answer. :D",2024-12-30T14:25:11Z,0,0
UgwHLTfz69osjougE2V4AaABAg,@124myth,"Huh i may be stupid but i have a question

If a person standing at the equator is going faster, if they move away from the equator, they'll go slower?

Normally the person wouldn't feel going at those speeds around the Earth because they are used to it and everything around is going at the same speed.
But if we go towards the poles, we'll go slower, so shouldn't we experience some inertia? Or is it too small and negligible? I personally have not moved out of country so i don't know of people feel their speeds changing.",2024-12-30T11:49:19Z,0,2
UgzahKxnlYp8pY0IhfZ4AaABAg,@Cbcbcbfkyou,Oh thanks my city is EXACTLY on the equator line,2024-12-30T10:13:14Z,0,0
UgxtGw3Lw1teVzyKWOh4AaABAg,@APersonOpinionWithoutThought,I got an article about Earth tilting because of the amount of pumped water. 36.7 Degrees maybe?,2024-12-30T10:09:30Z,0,0
UgwEmIvdoENBG-R4hMV4AaABAg,@sevenchan3331,Hey how much metal power retracting would it take to make a metal cube float,2024-12-30T09:03:13Z,0,0
UgyXZ9YjOv5wrH4TpYR4AaABAg,@TidalVC1234,Who needs A Science Teacher when this guy can be our teacher,2024-12-30T08:30:16Z,0,0
UgzN8MKEC9CSSkjdfv54AaABAg,@phatcowboy76,"Why launch people from orbit to go into the solar system when there are no inhabitable planets in our solar system except earth? There is nowhere to go. Mars is super iffy and will take decades to make even remotely worth going to. It's just no worth it. It's literally a pie in the sky concept that won't work. You can theorize about space all you want, we're never going there.",2024-12-30T05:05:41Z,0,0
UgyPhWhsPBKYoaWiL6l4AaABAg,@jerrylou9285,"This explains Why Kennedy Space Center is at Capr Canaveral Florida, Baikonur Cosmodrome at Kazakhstan(formerly part of USSR), and The ESA at Kourou, French Guiana, which is part of France and closer to the equator.",2024-12-30T05:03:20Z,0,0
Ugy_IwNoKUC18Ga1kbh4AaABAg,@the-raveen,Thank you for the information. I was thinking to climb to the top of the ladder. Now I won't do that,2024-12-30T03:39:51Z,0,0
UgxXN99HUIpQnL1GpSB4AaABAg,@max_ishere,"Elon, take note of this ladder thing, you can even claim it's just a ladder and not too hard!",2024-12-29T23:44:03Z,0,0
Ugz5dsA4Bru9sSuf5aN4AaABAg,@LemonadeDoggy,I got this video right after watching someone do the highest freefall from space,2024-12-29T21:38:39Z,0,0
UgzkqRfLce-fzy5JnER4AaABAg,@mrwomp1918,You remind me of the Stanley parable narrator,2024-12-29T20:21:56Z,0,0
UgwqV8s4oK4fci61iYl4AaABAg,@t0nito,Wouldn't the conservation of momentum keep you from flying out the ladder regardless of what speed or height you are?,2024-12-29T19:34:49Z,0,1
UgwK5ON9u4raLD_YPP54AaABAg,@leVVOnthe,"Answer: no matter what , you're floating. 
Worst case scenario is the Earth accelerating towards you.",2024-12-29T18:37:30Z,0,0
Ugy3MKPmzX52zqU7RT54AaABAg,@LikelyHexoadine,"2 minutes. no comments, nothing. just pure kurzgesagt. man i love this channel",2024-12-29T18:03:57Z,0,0
Ugz1FICJ8lCEy3F9yDx4AaABAg,@elisander-u8h,Now thats the highest in the room,2024-12-29T15:27:25Z,0,0
UgwF4fxicEI0tETcbL54AaABAg,@Fireboys3232,"You will die from freezing or you will die because when you fall in the athmosphre and burn😂🎉🎉🎉🎉
🎉🎉🎉🎉🎉🎉",2024-12-29T13:04:38Z,0,0
UgwVoX8VfL6Y-XC1CLh4AaABAg,@kibbycaps,This is what yt shorts should be,2024-12-29T12:49:35Z,0,0
UgyU1mi5YO6pCWnwKBZ4AaABAg,@SuperFanatic22731,"Instructions unclear, ended up in Otherworld. Any solutions?",2024-12-29T12:11:48Z,0,0
Ugx78fD0JgcmSiWQ6Dp4AaABAg,@NokiaShade,"Btw, thqt space transport is kinda close to a certain spiderman building huhh????",2024-12-29T12:01:14Z,0,0
Ugy5AlPMjNyIyWtD6ad4AaABAg,@Terrible_name,"you fall regardless until about 80,000 km. The jerk just changes with latitude",2024-12-29T11:46:44Z,0,0
UgwLjaAPOhtse5F9ggR4AaABAg,@ceezaa-g4l,What happen ok if you climb the ladder you can’t breathe before you reaching the space so that not possible without tools,2024-12-29T10:14:20Z,0,0
UgyabMAObQ_GnWZoFBx4AaABAg,@MyopicPowerhouse,"It also depends on what the ladder is made of, and how much drugs the people who made this video took before they posted this obvious garbage nonsense",2024-12-29T09:40:09Z,0,1
Ugzhky604r3Cy5gQDH54AaABAg,@emosongsandreadalongs,This makes me think of Old Man's War by John Scalzi,2024-12-29T07:17:57Z,0,0
Ugx093FTlFLIUQNqea94AaABAg,@ThatOnnline,WHAT THE FU## IS A KILOMETER!!!’ 🦅🇺🇸🦅🇺🇸🦅🇺🇸🦅🦅🇺🇸🦅🦅🦅,2024-12-29T06:31:07Z,0,0
UgxvZ1AcQ5I1h6nX6Rh4AaABAg,@so1vka87,what a thrill,2024-12-29T05:42:01Z,0,0
Ugxso_dMpAymIvmqCAN4AaABAg,@Mr_Dude_YT,"So guys, uh, you cant do this

1. The ladder would have to be bigger than any building

2. You would just freeze or run out of air before you could do this",2024-12-29T05:23:24Z,0,1
UgxpFIuR7iz6RMJ0EFx4AaABAg,@uber3712,What a thrill,2024-12-29T05:21:13Z,0,0
Ugx7V1OjHxrD084NRwV4AaABAg,@Noob-wg7tb,"If there's a really long and big ruler and put it on the ground, will it go into space or follow the curvature of the Earth?",2024-12-29T03:10:34Z,0,0
Ugx97DZdr3fxacRDsxZ4AaABAg,@bigkahunauk1,It’s that you have centripetal force at the equator but none at the pole so you keep your rotational velocity which counteracts gravity  at the former but fall due to gravity due to lack of a compensating force for the latter.,2024-12-28T23:26:54Z,0,0
UgxwJGcKaZCskzeRzxF4AaABAg,@Zephyria-Damian,Why is this lowkey scary?,2024-12-28T18:56:05Z,0,0
Ugw1HrcvMWg5X3NiNoF4AaABAg,@eggthespiderplant,"""What if you had a ladder to space?""

you go to otherworld, next question",2024-12-28T18:16:53Z,3,1
Ugz9rpMcHmb_3l4erA54AaABAg,@Mattiz6276,Imagine losing a chance to make a loop 💀,2024-12-28T17:13:52Z,0,0
Ugz8MX_6EIvwOsxYKqN4AaABAg,@joanmarc1972,Not true... with no tangential velocity you end up falling anyway.,2024-12-28T15:17:25Z,0,1
UgxRG9bIu-ThT67LBdR4AaABAg,@dirkhofstede163,Is that among us?,2024-12-28T13:38:47Z,0,0
Ugysi0Nz_4MLSi6ipZh4AaABAg,@alpborakirte801,but earth is rotating with a slope,2024-12-28T12:45:51Z,0,0
UgzS7aiWAPEz8BqrOJt4AaABAg,@Astro_NovaliteLeLe,"I didn’t understand anything, but thanks",2024-12-28T11:37:01Z,0,0
Ugw2ulet38h8Pq37o0F4AaABAg,@Mujtaba98,You will explode in vacuum at the first place,2024-12-28T10:02:09Z,0,0
UgxyBKKTI78ks1qL3Ep4AaABAg,@thepanthion,"So, you just assume we can breathe in space?",2024-12-28T09:30:35Z,0,1
Ugxma73yvu74KB0qPdN4AaABAg,@treeLovingDude,1:32 they sneaked a Slurp from Futurama in there,2024-12-28T09:09:12Z,0,0
Ugwn6IE_BEI4CWeVzvx4AaABAg,@Krackonis,Shorting across the ionosphere to the ground would be the largest explosion we ever saw.,2024-12-28T08:13:49Z,0,0
UgzAVQ-HAfLFRUwTzMZ4AaABAg,@TRUE_LOSER,My omori ahh went straight to the comments when he said a ladder up to space,2024-12-28T08:05:27Z,1,0
UgyrcDe3Tzc5CGlIV0F4AaABAg,@keith8554,This channel is straight uo for children,2024-12-28T07:52:42Z,0,2
UgwFFBKFVph-Jv6infZ4AaABAg,@pr-n6s,"Fun fact: you wouldn’t float or fall, instead you would die from the following:
1. Lack of oxygen
2. Lung rupture (ouch.)
3. Extreme temperatures
very fun fact!🤑",2024-12-28T07:44:37Z,0,0
UgxIxw6zfkAsNV5yJFB4AaABAg,@maximillionboi,"another funny thing about cars. as long as wheels maintain traction, the car, no matter its speed, has 4 points that are not moving, in relation to the ground",2024-12-28T04:41:50Z,0,0
UgzsOCgB0s97LucCjJl4AaABAg,@NPCM3tsuki,Good to know you can theoretically Icarus yourself. Don't even need wings.,2024-12-28T03:31:28Z,1,0
UgzYoAlVzYBs1FJaaPV4AaABAg,@calebgresch9604,Is nobody gonna talk about how he was drinking Slurm?,2024-12-28T02:36:30Z,1,0
Ugz2g_IVZ14UzzV-TVp4AaABAg,@Ilikesceptile11,I'd probably be more concerned as to how that ladder would be installed,2024-12-28T00:36:21Z,0,0
UgwbcFJZoxfgMTEptjB4AaABAg,@kampkrieger,"wrong! you wouldn't sling of above the gso point, you would enter an elliptical orbit",2024-12-27T23:32:24Z,0,0
UgzpqfVsE0Qh0VWAr0Z4AaABAg,@richardearle8612,If you were as tall as the clouds are would you notice the Earth's rotation more,2024-12-27T23:23:08Z,0,0
UgzwJ-Eh_CMPm5M9Q354AaABAg,@winterlandneolia6314,These school problems have evolved.,2024-12-27T23:20:37Z,1,0
UgxG5LNfhRstHD_WILZ4AaABAg,@DJA96ut,"I wish you had thought to go over the halfway point as well, instead of the two extremes. 
Equator 
45
Pole",2024-12-27T22:55:40Z,0,0
UgxUF7prQTH6jOa-Pn94AaABAg,@TakiTachibana2016,I remember this music from the skyhook video,2024-12-27T21:15:46Z,0,0
Ugxs953_5VO-soXEJHx4AaABAg,@solomonfurman6507,Hector... WHERE'S HECTOR,2024-12-27T19:12:17Z,2,0
UgzmloUmZHeGpOEHhK54AaABAg,@anglewoden,They should use a 'lift' much more reliable.,2024-12-27T18:41:21Z,0,0
UgxGATBq9VmTsULxfBN4AaABAg,@AlifilNewbie,As an Indonesian i must proud of myself to be the fastest man alive,2024-12-27T15:56:11Z,2,0
UgzimZP6qYEfgeKB7W54AaABAg,@HansKommander-t8m,Ace combat 7 did the space elevator so use the design and done space elevator,2024-12-27T13:27:32Z,0,0
Ugxq9qkw59oTwC2fOVJ4AaABAg,@Shadownailshot,"Your space ladder would have to be nearly 36,000 km long in order for you to let go and float next to it. Not just ""climb out of the atmosphere,"" but more ""climb in darkness for months""",2024-12-27T12:35:13Z,0,0
UgxeDG5g7TfioK71rw94AaABAg,@TheKev12,"Space elevator tens of thousands kilometer high? Is that one of those ""comment provoking"" half truths?",2024-12-27T12:20:00Z,0,0
UgyXMQ4PouuC0yBZHuZ4AaABAg,@thineagnas-to1dq,Kars ahh death💀,2024-12-27T11:19:51Z,0,0
UgzCmngZIISV7UXgEPt4AaABAg,@ericm97,Most interesting short I’ve ever watched.,2024-12-27T09:52:09Z,0,0
Ugw0NN6xCo1GTdJRyZZ4AaABAg,@FieryLemur,The ladder Will fall before you even get up there,2024-12-27T08:19:29Z,0,0
UgzW3aW3uvvT9PtX2wh4AaABAg,@Taima,So does this mean that there's a point somewhere between the pole and equator where you'd fall really slowly? Something amusing about that idea to me.,2024-12-27T07:07:49Z,0,0
Ugw1iNz1en_wwM3GhX14AaABAg,@grinreaperoftrolls7528,"Hold up. I thought you would need a higher angular velocity, which won’t change if you climb the ladder.",2024-12-27T06:50:37Z,0,0
UgzPnedaMuZXM6-c3_Z4AaABAg,@xemkis,"I don't want to do the math right but, but getting to ""space"", aka crossing the karman line, is only ~1% farther from the  center of the earth than the surface, so I think the added centrifugal effect opposing gravity would be almost nothing.
When rockets go to orbit, only like ~10% of the fuel is used for height and getting ""to space"", while the vast majority of fuel is used for getting to orbital speed (and coming back from orbital speed, on a return trip). The height of the ladder, or space elevator, would be way past ""into space""",2024-12-27T05:42:08Z,0,1
Ugx1HyXEe6qYGCG7CfB4AaABAg,@FM_604,"Dang, thanks for letting me know, anyone want a spare ladder to space?",2024-12-27T04:51:32Z,1,0
Ugz9Ky7vj09ks2egdY14AaABAg,@omr8x,What is name of music,2024-12-27T02:13:02Z,0,0
Ugxh1z2X6WJXnnz7RVB4AaABAg,@KinshinReaper,"I can't help but just think ""you would suffocate before it mattered""",2024-12-27T01:48:42Z,0,0
UgyowQQA6b0zZWyU7cJ4AaABAg,@emeraldkoala2,"""Where were you, when they built the ladder to heaven...""",2024-12-27T01:42:51Z,0,0
UgwGp8iEbSkVHt4UfAx4AaABAg,@Badspot,"(The ladder has to be over 35,000 KM high)",2024-12-27T00:18:07Z,0,0
UgzozUdELqHMjqrSpjl4AaABAg,@The_Looker,"Youtube Shorts: ❌️
Youtube Medium: ✅️",2024-12-26T23:02:36Z,96,2
UgwedoXMPMinRlo7zLd4AaABAg,@BYERE,"So, wait... the whole flat-earther question of why we don't fly off this ball that's spinning really fast, is simply ""Because we're not far enough away from it""?",2024-12-26T23:01:25Z,0,1
UgxjxHbr49xgQp2lE994AaABAg,@gerarditoferretis9742,I wonder if anyone in the past has ever flown into space somehow.,2024-12-26T21:53:32Z,0,1
UgxzWpI01jc4oS6Gy2V4AaABAg,@andreivalasa7313,"If ""space"" is the karma line there would still be atmosphere. You would begin to descend and move away from the ladder with the descent increasing in speed",2024-12-26T18:16:14Z,0,0
UgwOeJTQ45_veZVo1Cp4AaABAg,@ScottBros-pj8rl,"You would die






Unless you get a totem of undying",2024-12-26T15:29:59Z,0,0
UgyqqACD9v2caSR2KYZ4AaABAg,@BOBB-e7u,So that’s why it sometimes looks like the middle of a wheel isn’t moving,2024-12-26T15:22:02Z,0,0
UgypfLM8rl4WM4cFEwN4AaABAg,@samuels1123,"Anything on the tower built above geostationary altitude effectively has negative weight. 
With this, you could reduce the load on the tower so much that destroying the lower half would make the tower float in place.",2024-12-26T14:06:51Z,0,0
UgzY5UAtHX9C-Z4Dv394AaABAg,@Ava-he6wv,Its not like climb it anyways 🙂💀,2024-12-26T12:51:05Z,0,0
Ugwx2gDtM6TXd0cX7gV4AaABAg,@c0olkod-e14,If your in space youll die because theres no air,2024-12-26T04:42:09Z,0,0
UgxWI14hgOi0fH8rs3l4AaABAg,@c0olkod-e14,Did you know that you can breath in space: no you will die,2024-12-26T04:41:41Z,0,0
UgzHrPIuUl4iltbs3kt4AaABAg,@POV4897,"Bro, I will not buy the among us machine even it means the death of me",2024-12-26T03:00:52Z,0,0
UgwupkB68aEzE6FqsBd4AaABAg,@DarkAvatar1313,That magic invulnerable space suit is SUS....,2024-12-26T02:33:38Z,0,0
UgyYPyWOGHyx7k8H15h4AaABAg,@lionhead123,A tower? lets just start with a cable and see where it goes from there.,2024-12-25T22:46:02Z,0,0
UgxJE_fBItR1ZRXVqhR4AaABAg,@mizaplier,3 minute shorts are repairing attention spans,2024-12-25T22:16:45Z,746,11
Ugxy3Mfdxv7f4Ep_yRx4AaABAg,@minimuu888,"pov using the space elevator: this planet polluted, YEET",2024-12-25T20:27:12Z,0,0
UgwDi_4d7nk3T5VkGAt4AaABAg,@AlmondChocolateMilk,You know what else is massive?,2024-12-25T19:14:27Z,0,0
UgwXL3PTqVpl-nNmF7d4AaABAg,@titanomaquia6094,"""...Eventually, he stopped thinking. 🗿""",2024-12-25T18:49:54Z,0,0
UgyAbLKwgmZh225ER5R4AaABAg,@saharshgandhi855,And evantually... He stopped thinking.,2024-12-25T17:31:27Z,0,0
Ugx5sUb49AsN3EWzfH94AaABAg,@arzuozturk6460,"Woah. Imagine a lift like that, but when you get off, the surface is now the ceiling",2024-12-25T13:12:49Z,0,0
Ugw1hQNmIhlmFUFMh3d4AaABAg,@theMosen,"Here's what I know from 500 hours of KSP. In order to not fall, you'd have to climb to geostationary orbit, which is much higher than most satellites. And if you climb even higher and let go, you'll be flung into an elliptic orbit. To escape earth's gravity altogether you'd have to climb a good deal higher than that, maybe as high as the moon.",2024-12-25T12:58:29Z,0,0
UgwAdeHA1lU5JGLX2ch4AaABAg,@Old_Wind_Sheep,What music,2024-12-25T12:17:42Z,0,0
Ugzx32LCKqPWowFg0A94AaABAg,@hondaguy9153,"I don't think you'd stay floating next to the ladder, but i guess that does depend on your elevation. Even satellites in stationary orbits have to do elevation corrections every so often.

Felix Baumgartner jumped from 39km and fell back to earth to a world record. This was over New Mexico, so he was *fairly* close to the equator. I guess he also was in a balloon vs being tethered to the earth.",2024-12-25T10:41:27Z,0,0
UgznwZWRLIaYptw9LUt4AaABAg,@Satchiidesu,"thats not how it would work, ai was a mistake",2024-12-25T08:02:12Z,0,2
UgxzlrqrOIUedNU21HF4AaABAg,@What_The_Duck-sx6sq,"The tower's gotta have some anti air, if you know what I mean.",2024-12-25T00:44:17Z,1,0
UgwMd2kz3r2MChsUeKZ4AaABAg,@Astral_Garden,"“You are no longer afraid of heights*”

iykyk",2024-12-25T00:35:28Z,21,1
Ugw_bQM5u7bEmKcJ6dR4AaABAg,@WatermelonDog202,I like how this video casually destroyed the dreams or everyone that wanted space elevators to the moon to be a thing,2024-12-24T23:18:18Z,0,0
UgwfhVgLD-bFe7rEkwB4AaABAg,@mateuslopes7299,Shake eater,2024-12-24T21:38:57Z,0,0
UgwC6YQfTrAWb8AMaGt4AaABAg,@ThatsBitFunny,What a thrill,2024-12-24T18:52:20Z,0,0
UgycBZ3YUf5kc3SPzMp4AaABAg,@LocalBookHead,"""...and you'll be slung off to space, never to return.""
Just like Kars",2024-12-24T18:49:13Z,126,2
UgyMQAA091mx5JOPlBZ4AaABAg,@SvenskSork,You cant build something like that because of basic physics,2024-12-24T18:01:57Z,0,0
Ugw5aPnR4NC0uD0FQ8l4AaABAg,@pickleballer1729,Great comment.  I never thought of that.,2024-12-24T15:31:54Z,0,0
Ugz-MbF1WwyZ-wxa-Vp4AaABAg,@Stakatakataka,That plane was a close call,2024-12-24T15:31:04Z,1,0
UgzjTpQvqye8GU4JDI14AaABAg,@Suusleepy,"To further clsrify thr big ass numbers he is using. Thays all Angular velocity, if we were going in a straight line we would be going that fast, but we are Rotating. Dont imagine yourself in a car going half a million mph but imagine yourself on a merry-go-round thats being turned One time in 24 hours. Half the speed of an Hour Hand on a clock. Thats how fast we are going.",2024-12-24T09:01:12Z,0,0
UgxiiTYzFz0p2YhbLjl4AaABAg,@AlchemicalSattva,"So if a person at the equator is moving faster than the speed of sound, how tall would a ladder have to be to move at the speed of light, and is it hypothetically possible to build a ladder that will spin faster than the speed of light at the",2024-12-24T08:27:09Z,0,1
UgzlpdUE40ze9VtJzqp4AaABAg,@Minos_primes,imagine if it falls now,2024-12-24T07:28:01Z,0,0
Ugx5YBP9pG-ytGDYXjV4AaABAg,@theozziepotato,Would it actually stay still at the North Pole though because of Earth's axial tilt?,2024-12-24T06:38:40Z,0,1
UgwsThXoKQp57I5ZQkB4AaABAg,@Simo-Boss15,"No, I think I'll run out of oxygen and die before I jump.",2024-12-24T02:16:07Z,0,0
Ugz0B2lQsO2cyEAS-hd4AaABAg,@maythesciencebewithyou,What if somebody on the north pole teleported to the equator,2024-12-24T01:40:39Z,0,1
Ugz_AOhI4sBa7TKyrel4AaABAg,@andrews4006,youd be dead before you reach the top,2024-12-24T01:18:20Z,0,0
Ugx9cC5qV9boy-aVri54AaABAg,@mikomicho9772,"wouldnt the ladder's top just revolve and you would just be hung there waiting for it to return the next day though?
you wouldnt just be floating next to it hung to it when you are on the equator right?",2024-12-24T01:17:24Z,0,0
Ugw5Xv1yj7de3FgnmIJ4AaABAg,@jvgaoif.4364,"Damn, I've never seen the moment Stanley turned into a bird, never skipping cutscenes again",2024-12-23T20:37:08Z,0,0
UgxpZZ-DOx9S-RiwimF4AaABAg,@hypandagaming10485,why does bro always put amogus in every of his shorts,2024-12-23T18:34:46Z,0,0
UgyAorcRZDX6fMhrAjF4AaABAg,@ImOblivious,"How tall would you have to build it in order for it to support itself? What I mean is I understand that per the explanation here, after a certain point, forces would fling you into space due to centrifugal force. How far past that point would you have to build a structure to where it's anchored on earth, but the centrifugal force from space is effectively pulling it upright and would that even be sustainable long term?",2024-12-23T17:43:54Z,0,0
Ugzn0cR53FbfWIVLeeZ4AaABAg,@Axcend_ova,"i give my life not for honor, but for you",2024-12-23T16:23:08Z,0,0
UgzvgFN9aej5mWeU4p94AaABAg,@henny01,"The amount of velocity needed to escape our planets gravity is approx 11km per second (40270km/h) , which is known as escape velocity. If you don't reach this speed you either fall back or remain in orbit ^^",2024-12-23T15:30:53Z,0,0
UgyRhvaN0yzHO63Z1iJ4AaABAg,@2cooldudewithbigcock,Is that an Omori reference?,2024-12-23T15:21:25Z,1,0
UgwG2lX6rvHqvwYOLNh4AaABAg,@isaacmcmanus1711,does this mean that airplanes are floating over a spinning earth? or not high enough? does earth move underneath them?,2024-12-23T14:17:12Z,0,4
UgxWuPHuNOYyqVeB7Kd4AaABAg,@balakumaran9768,"Hey Kurzgesagt, could you please link the ladder in the description. Can't wait to but it for 15% discount. 🤗",2024-12-23T11:50:31Z,2,0
Ugwum1vL5J5KobBG5ap4AaABAg,@kareemalzainy6741,"but at what layer of the earth does it count as space, like if we were to build a space elevator, we probably wouldn't get to the thermosphere layer right?",2024-12-23T09:59:09Z,0,0
Ugxjl4SNfNe7brmFxS54AaABAg,@BeetMaphs,"I just realized now, this short is 2 mins long, im surprised",2024-12-23T09:23:57Z,0,0
UgyijJjvFacs9yea12t4AaABAg,@sunbirdism,the earth is not spinning and the sky is not a vacuum,2024-12-23T08:35:43Z,0,34
Ugz2tPus07eu9qhUnVJ4AaABAg,@osuisgoodbutiamnot,earth spin? spinning ball? GYRO ZEPPELI?,2024-12-23T07:18:15Z,0,0
Ugyf21IEoMcFxT6k8V94AaABAg,@apetivist,Space elevators have a big problem and that is meteors/ites or orbiting debris. How can something so large be guaranteed no overlap with such projectiles?,2024-12-23T05:52:07Z,0,1
Ugx8fj70xwNAfJq6BEh4AaABAg,@etuke,so does living on the equator make you age slower?,2024-12-23T01:13:34Z,0,1
UgzlSPaWe4ajzHKiExh4AaABAg,@Dr.yoyo13,Heeyy this seems longer than usual,2024-12-23T01:13:28Z,0,2
UgxiW96GDngy5X_MCDl4AaABAg,@Water_cooler_Deltarune,"The future with a massove tower: hl2 citadel, seven-hour war, the combine",2024-12-23T00:30:22Z,0,0
Ugy7brOvygamDfXIzil4AaABAg,@lazyfoxplays8503,"This short ignores gravity and other variables completely.

You can test this at home.
Get on a ladder. And step off.
Gravity pulls you down.
Effects of gravity still reach out into space. You’d have a decaying orbit.

You’d also need a supply of air. You’d literally die on the ladder and fall to earth before you could ever experience floating.",2024-12-22T23:07:33Z,0,0
UgzgBKhrNDzvxcOOPqF4AaABAg,@TotemIRL,Not that among us hiding at the end,2024-12-22T22:30:07Z,0,0
UgzwysCZHnZrllHE3Q14AaABAg,@zednott,"the answer is you would be dead way b4 you got to the top. from lack of o2, or cold.",2024-12-22T21:41:32Z,1,0
UgwdLJAX74wQRQMzRtN4AaABAg,@HaroldREAL67,Why do I feel like this is a omori reference 😦,2024-12-22T20:49:01Z,1,0
UgzvxChj_OYADQOnQl14AaABAg,@musicxnr8876,omori otherworld real,2024-12-22T20:37:18Z,1,1
Ugx3zRIc5SHO6kClqNp4AaABAg,@CatIsRoger,something from the past is gonna happen to that tower,2024-12-22T19:23:16Z,0,0
UgxgD1n3gDfG2viHbsl4AaABAg,@Hampelmann357,That magic invulnerable spacesuit looks pretty sus.,2024-12-22T18:56:29Z,0,0
UgwdGsAvp60ypI2eGEB4AaABAg,@Y0YL3C4K30,i love how the narrator is explaining this as if someone is actually gonna do it,2024-12-22T17:46:40Z,0,0
Ugw5TKZ9JzM7tJHRSa14AaABAg,@marcdc6809,seems there is a bit more to the story of the tower of babel then...,2024-12-22T16:49:20Z,0,0
UgyXWyeaHp0pUr0VbEt4AaABAg,@Alonetravelercosmos,i can just imagine the ladder just smacking into planetary bodies just flinging them even thow thats not realistic .,2024-12-22T15:42:34Z,0,0
UgysUuoJe1Ff3zguZZx4AaABAg,@IEatInf4nts,Dang it! There goes my Thursday plans ruined!,2024-12-22T15:30:51Z,0,0
UgzwSFc0UL13i2ryK6F4AaABAg,@justaguy2060,the answer is you would sufocate before any ofthat happens,2024-12-22T14:43:12Z,2,0
Ugw0FcrlvIulJeeRq7F4AaABAg,@HgunnarZ,This is a very long video,2024-12-22T14:03:54Z,0,0
Ugw9rcmfmZ7mTQU9OGt4AaABAg,@Conweinzybot,"You would burn up in the atmosphere because of the hottest layers like the thermosphere which could reach to up to 3,600°f or 2,000°c. Thats a strong duck",2024-12-22T12:44:49Z,0,3
UgzdR4GxXqkFSAjSVH54AaABAg,@MichelleCastaneda-t6u,"If you do 1 million times you will reach to the Milky Way galaxy

🏘🏘
🏙
🌍
🌠
🌌
🌀",2024-12-22T12:28:50Z,0,0
Ugyjh9xeQl9OXiKgJJl4AaABAg,@TechnoGamerPlay,The karman line (the line that separates space and earth) is only 100 km so a 400 km high tower (same as iss) would be perfect tens of thousands kilometers is a bit overkill,2024-12-22T09:31:19Z,0,0
UgzpnA3RScfFHgmzEP54AaABAg,@jhomastefferson3693,"Measure things in radians and these ""paradoxes"" start to look like assholes trying to fool the masses into them not passing shit for gold.",2024-12-22T08:43:48Z,0,0
UgzvISP4hEvXT5dAaPN4AaABAg,@urathore1981,"Astronauts do not float, at least not on the ISS.",2024-12-22T06:54:16Z,1,0
UgzqjmS9PDZPgst0JSB4AaABAg,@crimes101,"""be warned"" 
WHAT THE FUCK DO YOU MEAN BE WARNED I AIN'T GONNA CLIMB A LADDER INTO ORBIT 💀💀🫡💀",2024-12-22T05:14:37Z,0,0
UgwakhtsGaClt9GGQGB4AaABAg,@Jacob-yg7lz,You just gave us the Calvin dad record player talk,2024-12-22T05:05:40Z,0,0
Ugyh_JN2WMtU6VUHXdB4AaABAg,@UncleJames95,How high would you have to build a space port for it not to crush the anchor/elevator under it's own weight and simultaneously not be flung into space?. Surely gravity would do some work of holding it in orbit but also the various vessels and cargo could significantly change the weight and stability of the platform. Would you need something like giant ion thrusters running continuously to counter the varying loads?,2024-12-22T02:17:11Z,0,1
Ugxs618lkop-iVz3aD14AaABAg,@UltimaDJS,So the only thing keeping satellites in orbit is essentially centrifugal force? Interesting thought,2024-12-22T01:54:54Z,0,0
Ugw1Z470IMXJLHJTgm14AaABAg,@IraqiDinars,i'd fall off before i get to the same level of the roof of my house,2024-12-22T01:33:36Z,0,0
UgyiFdYTbB7AZWp1A3x4AaABAg,@joshuam-vn9rd,Space elevator would have to be at one of the poles,2024-12-21T23:42:11Z,0,0
UgyscvACRpE7-liZ_sB4AaABAg,@and-there-it-goes,"tens of thousands of km? naw, ""low earth orbit"" is 100 km",2024-12-21T22:04:38Z,0,0
UgwrJWQpi0lKl6RxRj94AaABAg,@zerovoid8800,"How does one coordinate through space? Like, normally, we orientate ourselves through a center and some familiar basics... the space is pretty unknown, tho... What about all the dimensional directions?

[Sure, there are planets, galaxies, etc. The stars could be used... but what when one reaches a point where the angles are completely different?]

🧐🤔🤷‍♀️🫠",2024-12-21T21:59:23Z,0,1
UgwDEiVPR97fHYhI-At4AaABAg,@thylbertboddaert844,Nah I'd die from the cold,2024-12-21T21:59:15Z,0,0
UgySjzey5KYqNevSaIV4AaABAg,@ilovethe80sNW,Yay science!!!🎉,2024-12-21T21:23:54Z,0,0
UgxTUozGRVJn49wUrvt4AaABAg,@Samatana_AMW,No Front but the german Voice is better,2024-12-21T20:32:39Z,1,0
UgzXchedtuHg6RLIQGh4AaABAg,@Epicc013,Either if you do this without proper equipment you’re dead either from freezing or from 0 oxygen,2024-12-21T20:13:57Z,0,0
UgwkvXaZi6Il4vuhv1x4AaABAg,@williamlafond1319,"I don't enter planes, I definitly would'nt step inside a million foot tall tower.",2024-12-21T19:19:33Z,0,0
UgwNIYFmbPxa1nfYArl4AaABAg,@IbocC64,"That would be a 26,000 mile ladder though in order for you to not fall.",2024-12-21T17:10:05Z,0,0
UgxD_yj0h3_ve_i1Ril4AaABAg,@pyotrberia9741,This sounded correct until it mentioned the space elevator myth.,2024-12-21T16:36:34Z,0,0
UgyUbA6VCoQ26KGg20V4AaABAg,@Unethical.Dodgson,"It's worth noting that ""going higher"" doesn't necessarily just mean ""not orbiting"" anymore but orbiting much higher. You'd be thrown out to a higher point, swing back around, and come flying in towards the ladder again... let's hope you can reach it.

But yes. Keep going higher and higher and you'll break orbit...eventually.",2024-12-21T16:27:58Z,0,0
UgzP2APPYVgOO4h5mdR4AaABAg,@Aug7414,"in reality, once you got up there, if you even survived the hard climb with such little oxygen, you would swell up and explode before you could even let go.",2024-12-21T15:07:41Z,0,0
Ugxo-ZW7XHBc5-l77AZ4AaABAg,@14yearoldproducer,The narrator from Stanley parable? is that you?😮,2024-12-21T13:46:36Z,0,0
UgzyiGo6sEyrqe2GJf94AaABAg,@nuberiffic,"Where were you...
...when they built that ladder to heaven?",2024-12-21T13:22:55Z,0,0
UgzpU6bXHc5iJYfKRb14AaABAg,@giri30VT,honestly snake probaly proved it,2024-12-21T11:56:26Z,0,0
Ugx9WFCInjk50wvKBld4AaABAg,@Goffylittleguy,It would Fall prob,2024-12-21T10:07:46Z,0,0
Ugy0MBgp-pPC3bmFTu14AaABAg,@Wrutschgeluck,"I buy every sheet of Land at the equator, for later inventions 😂",2024-12-21T09:54:04Z,0,0
Ugy3hwWlRzMuL5-xb-N4AaABAg,@nobody-r2r,Imagine how long the TSA lines will be at the space airport,2024-12-21T08:34:06Z,0,0
Ugx_SiQir5CDpKsIDpR4AaABAg,@JSFrederic,"How fast can you move?
1,600 km/h",2024-12-21T07:33:24Z,0,0
UgzTtBQ3stTazTQ_B6d4AaABAg,@datpixelguy2011,He basically explained the space tether but different,2024-12-21T06:55:58Z,2,0
UgwVXFbgkY3SJyhPw7l4AaABAg,@MagnumForce51,"If you fell off that ladder at the north/south pole you wouldn't really ""burn up"" like the animation depicts. You'd only drop at terminal velocity which is far below the speeds required to cause that. That issue only occurs for objects slamming into the atmosphere at speeds beyond hypersonic which is generally what speeds objects falling out of orbit are at.

Since you aren't really accelerating to orbital speeds just climbing your super tall ladder, it doesn't matter how tall the latter is, you won't be reaching hypersonic speeds no matter how high up the ladder you fall off from. :P",2024-12-21T06:36:00Z,1,1
UgwSqkDCk7iCzyzHLDB4AaABAg,@Redspoonn,I can’t tell if the inside of the wheel getting that one revolution slightly quicker is a mistake or a reference to how the inside of the earths core does one revolution slightly faster then we do,2024-12-21T06:30:57Z,0,0
UgwOsRDhZe70wkFMg1p4AaABAg,@woodyxbready8189,Love the Futurama reference of Slurm,2024-12-21T06:08:48Z,0,0
UgwucWJLwkSPq2hKKL54AaABAg,@fandelefishD,I don't have a car,2024-12-21T05:22:06Z,0,0
UgzDiYBdAV6weBDCskh4AaABAg,@Stef_fw_sparkiling-water,Ur like the best science youtuber ever congrats man 💪🏼,2024-12-21T05:14:23Z,0,0
UgzkBgAkxzL1sUNF33d4AaABAg,@WongSam-g5u,Me: the ladder will fall before u even started climbing,2024-12-21T04:37:15Z,0,0
Ugx7G4NXyuxbpu2G9EF4AaABAg,@ShionWinkler,"Little misleading, if the ladder only went to space, 100 km above the earth, you would fall. What the video is talking about is a ladder to geostationary orbit, which is roughly 35,786 km above earth, a major difference.",2024-12-21T02:53:18Z,0,0
UgxoarOhqq_QXu98EKB4AaABAg,@Aleaf_Inwind,"What is that song, and why does it go so funky flipping【﻿Ｈ　Ａ　Ｒ　Ｄ】!?!",2024-12-21T02:43:09Z,0,0
Ugy0qE2wl594Um_JUGJ4AaABAg,@ErhosCassiano,"The space elevator, oh yes, the Jakob Elevator from Megaman X8!!!!!",2024-12-21T01:34:56Z,0,0
UgwNKVwWyQ08pQVbTol4AaABAg,@ZAINOVESPIZZA76,What if normal people see the wrong colors and the colorblind people are the select few that can see the real colors?,2024-12-21T01:14:39Z,0,0
UgxfEknLi6_xMRPUmTN4AaABAg,@ssss-df5qz,"So someone at the equator weighs less than someone at the poles, because of the bulge and being slightly further from the earths centre of mass and not because of centrifugal force??

I honestly don't understand how the centrifugal force at the equator seemingly has no effect on gravity.",2024-12-21T01:12:08Z,0,1
UgxIrtZRF-hyiTekuI54AaABAg,@andryzoun,Oh sweet Jesus. My cosmophobia started kicking when he let go of the ladder 💀,2024-12-21T00:38:09Z,0,0
Ugz5Y5My5Ig_IQPq42l4AaABAg,@sgnsamneale,if the further out you go on a spinning object what would happen if you had a metal pole 1 light year across and started spinning it 360 degrees every second? Surely the other end would be travelling WAY faster than the speed of light,2024-12-20T23:46:41Z,0,0
UgytCFjMTzJsKcNwj6V4AaABAg,@TOBT_OFFICIAL,Why did this video feel like it took 10 minutes to go through the entire thing,2024-12-20T23:20:00Z,0,0
UgzRO-vv0ANyBabW_V14AaABAg,@PlaylistOfBangers,Let’s hope you don’t drop your pet rock on the way up.,2024-12-20T22:58:05Z,1,0
UgwyA4fqzkar5VZq44J4AaABAg,@GabrielSalazar-oh3oi,Remember the coldness,2024-12-20T22:26:39Z,0,0
UgxFSFWp3YNxGhc-sNp4AaABAg,@generichuman_,"I gave this problem to openai's o1 model. 

To achieve orbit simply by stepping off the top of a ladder, the ladder would need to extend up to the altitude where an object’s tangential speed due to Earth’s rotation matches the orbital speed required at that altitude. This special altitude is known as the geostationary orbit.

At the Earth's surface, the rotational speed (tangential speed due to Earth’s rotation) is about 465 m/s at the equator. This speed is far less than the orbital speed required at low Earth orbit altitudes (approximately 7,800 m/s). As you climb higher, the required orbital speed decreases, while the rotational speed increases (since it’s proportional to the radius from Earth’s center).

At the geostationary orbit radius, which is about 42,164 km from Earth’s center (or approximately 35,786 km above the Earth's surface), the rotational speed matches the required orbital speed. Here, the Earth's rotation is sufficient to keep an object in orbit without any additional speed. 

This can be shown by equating the required centripetal acceleration for circular motion (due to the object's tangential speed from Earth's rotation) to the gravitational acceleration at that altitude:

\[ \omega^2 r = \frac{GM_{\text{Earth}}}{r^2} \]

Solving for \( r \) provides the radius where the gravitational pull equals the centripetal force needed for orbital motion at Earth's rotational speed \( \omega \). This radius corresponds to the geostationary orbit.

Therefore, if you climbed a ladder up to the geostationary orbit altitude of approximately 35,786 km and stepped off, you would be in orbit around Earth, matching Earth’s rotation and remaining above the same point on the equator.

**Answer: About 35,786 km high—the altitude of geostationary orbit where stepping off puts you in orbit.**",2024-12-20T22:20:26Z,0,0
Ugw2MzzL_E_8U7NwJvV4AaABAg,@Hanashibi,"I got my Ladder from the same place I got my landing boots and space suit. Aperture Science. I really like their new AI CEO, she really embodies their last scientist's legacy. And now, I'm not sponsored, but it's about time a Science Company existed on the philosophy of ""Do what we must because we can.""",2024-12-20T22:12:02Z,0,0
UgzfAKqrwNeaxk71hZ54AaABAg,@kylewelker6911,"I wasn’t paying attention, I was wondering why the hell this short was so long. I never knew the length of shorts update happened",2024-12-20T21:11:55Z,0,0
UgxA_i4ZhtKRRoJn1WZ4AaABAg,@vincentdreemurr,so caseoh was right,2024-12-20T19:00:58Z,0,0
UgwNZADmt8IZoMcqJJ14AaABAg,@msgreentree8008,"Ad: Want to go to space but can’t get a rocket? Then get our space ladder and space suit! Only £25.99! P.S, Do this at the equator. If you do this at the North/South Pole, you will fall to your death.",2024-12-20T18:35:10Z,0,0
UgwVJPsqstSgzMyfQGt4AaABAg,@the4spaceconstantstetraqua886,the part with the floating next to the ladder tripped me up for some reason,2024-12-20T16:21:13Z,0,0
UgzMLPrO5I5CvW0ocNV4AaABAg,@the4spaceconstantstetraqua886,the part with the floating next to the ladder tripped me up for some reason,2024-12-20T16:21:12Z,0,0
Ugy-jQ4YTXoitoHAz-N4AaABAg,@ac7ual577,The Slurm can was a much appreciated little reference,2024-12-20T13:16:25Z,0,0
Ugw44BrmRCfaFfNlAa54AaABAg,@_KnuXles,"Where were you, when they built the ladder to heaven?",2024-12-20T12:48:57Z,1,0
UgyG75do11SJei1VUzV4AaABAg,@rod5433,Thank you so much I was about jump off my ladder to never return but now im in low earth orbit!,2024-12-20T10:40:39Z,0,0
Ugy4lH0_pF6jWGlP_ql4AaABAg,@micah4947,space elevator sounds so cool and sci fi but for some reason I’m scared of elevators and heights so if I’m alive when it’s invented then nope,2024-12-20T10:29:02Z,0,0
Ugz-oTvOE5J0R5A3W4h4AaABAg,@citronyman,"I love how they warn you to not climb TOO far up the ridiculously tall space ladder, like somebody's just gonna go and do it, and accidentally get hurdled into outter space. Only if people would be just half as caring about others...",2024-12-20T10:21:12Z,0,0
UgyJZgjF3UDSw332usB4AaABAg,@perez.9468,Thats not a short thats a long,2024-12-20T07:26:51Z,0,0
Ugymjhcb-4JLgaFPy8t4AaABAg,@breaz3y190,Ollie saw a slurm from Futurama so,2024-12-20T06:21:01Z,0,0
UgwK1tlXXd7dl9fWmBR4AaABAg,@arnoldpaschal8368,Oh I now understand why the tower of Babel was being built.,2024-12-20T05:13:12Z,0,0
UgxtkxyL_nFLw09t4Zl4AaABAg,@crispo_13583,"You are always moving.

The Earth rotates. You might say, ""What if I'm standing exactly on one of the poles?"". The Earth orbits the Sun. An insane person might say, ""What if the Earth stops orbiting?"". The solar system orbits the center of the galaxy. The galaxy may orbit a communal center of a galaxy supercluster. Theoretically, that may orbit the center of something even larger. So, you are always moving.",2024-12-20T04:51:20Z,0,0
UgwDMKA0JGcCMiDqKhV4AaABAg,@ronaldlebeck9577,Both ladder and space suit from Acme... X^)),2024-12-20T04:44:15Z,0,0
UgxMXkHYqGzu9PEeD214AaABAg,@Dr.Reflexes,"I love that space sute, AMOGUS",2024-12-20T01:56:50Z,0,0
UgzxBOIoFfOBEtS8qzN4AaABAg,@cyrusthegamerctg,An I tripping or is this video 2 minutes long?,2024-12-20T01:22:36Z,0,0
UgxZlVRBmANGJUPKLWd4AaABAg,@jonathanbaxter2792,Wouldn't it be hard to hold onto the ladder because it is moving faster compared to the ground?,2024-12-20T00:59:20Z,0,0
UgxsYXW97RllQwZ5TlR4AaABAg,@Zilopoto,massive tower?,2024-12-20T00:44:49Z,0,0
Ugz7pUFFrtUFeX-VELR4AaABAg,@fabmoneyy,i immediately thought of omori. someone help me,2024-12-20T00:39:46Z,0,0
Ugz1ZvdehJznCDnqWDd4AaABAg,@LeEpicGamer420,Today I learned YouTube Shorts can now be two minutes and thirty seconds long,2024-12-19T22:55:30Z,0,0
UgwsAMpdbZITJkDobjl4AaABAg,@quinnspinn2815,I love this channel for explaining all my unanswered questions without saying 'you would burn',2024-12-19T22:14:02Z,0,0
UgxZUMLznT1LL0vpx9R4AaABAg,@kuutti256,Is this a long short?,2024-12-19T21:48:10Z,0,0
UgxeDDY400M6yiaEyOZ4AaABAg,@goldenmaster3,I'm no scientist but I think the ladder would fall over,2024-12-19T21:40:57Z,0,0
UgwWZ6Ez_NqUJFAmDol4AaABAg,@JeremyMallek,Longest short I've seen in a very long time,2024-12-19T19:06:36Z,0,0
UgxdYGjFp_0zTpr-clF4AaABAg,@jasonpatterson9821,"You'd have to go more than just a little bit up to be flung out of Earth's gravitational sphere of influence.  The additional velocity needed to escape from geostationary orbit is ~1.2 km/s.  As you climb you're going faster and faster because you're on the ladder and the required escape velocity is coming down, but it's still not like you'd only go out another step and suddenly you'd be floating toward Mars.  By my math you've got about 11,000 km to go until you get to escape velocity on the ladder.",2024-12-19T16:51:55Z,0,0
UgzllMBY6DcsdrVnpkN4AaABAg,@ethyr,I like how when someone explained orbiting a planet as just like infinitely falling.,2024-12-19T15:21:34Z,0,0
UgwpMb8pgaf4XxXw1Dh4AaABAg,@vishnukumaran8687,"You die, you die when you leave the atmosphere because there is no air in space. You CAN stay in space for just few minutes because you can hold your breath",2024-12-19T14:57:52Z,0,0
UgymBTehkXCKOLaCvSB4AaABAg,@sourpotatoo,Wouldn't I pop up like an ugly zit first?,2024-12-19T09:38:10Z,0,0
UgxPEwh8OXg_SNi9bjV4AaABAg,@Isaacthegamer123,What happens if the ladder falls? Would it wrap around the Earth or would it be strong enough to maintain a plan like structure and point off into space on the floor?,2024-12-19T08:19:56Z,1,0
UgwRyx9N_vHXhbjWU8d4AaABAg,@BlackBird7474XD,"Oh, that sounds like a tower of Babel to me😮 reach to the heavens",2024-12-19T06:40:05Z,0,0
Ugz8ICPNZwCDdByqneh4AaABAg,@Lawani1eso,Go thing that YouTube short are 3m now,2024-12-19T06:28:26Z,0,0
UgxTvVUakSQbr12u2Md4AaABAg,@vitkadlec7894,Your animation is so smooth and cute! 😄,2024-12-19T05:28:47Z,2,0
UgwehSM1tw4J0W9zW-R4AaABAg,@ChrisJones-xd1re,"Terminal Velocity is as fast as you can fall, and it's not fast enough to burn up from friction with the air. Meteors and lunar reentry vehicles burn because they are travelling thousands of miles per hour.",2024-12-19T04:30:21Z,4,6
UgzLXf55szM-8YMz9o14AaABAg,@chriscreezy1397,I call Bullshit. FLAT out bullspit,2024-12-19T03:59:42Z,0,0
UgzsRHbMYMtfa4Lm-9V4AaABAg,@PalaceprinceSsXo,"Fun fact theres a nasa video of someone jumping out of a satellite, and into earth.",2024-12-19T02:56:16Z,0,0
UgxZhwQ6kAorgpznm1l4AaABAg,@JaeRob2009,"Video: If you had a ladder to space

Me: I am not climbing it, thats what would happen 😂",2024-12-19T02:43:20Z,0,0
UgzUFKyDeeCOtpHlPzx4AaABAg,@kitsune_lolll,well... what would hold the ladder in place?,2024-12-19T02:36:02Z,1,0
UgwM2sJqwVcZf2Nw6pR4AaABAg,@partypooper2659,Why would I climb it in the first place,2024-12-19T01:51:06Z,0,0
UgynrtWi8Gno3uPp-0V4AaABAg,@Da_breadthief,We’d die from space actually,2024-12-18T21:48:54Z,0,0
UgyCCPfZuXoxU2MB_DB4AaABAg,@Cubic_Dragon88,I like that he had slurm from Futurama,2024-12-18T21:28:07Z,1,0
Ugxu9Zuy5_tA1Qgv5sd4AaABAg,@CosimaNonymouse,"Never mind the issue with the ladder. You won't even have to go high enough to be above the clouds, the air up there is so thin that you'd pass out slightly above the highest point of the mount everest.",2024-12-18T21:02:46Z,0,0
UgxFXc36AB5jXJVYUcl4AaABAg,@AlphaRemy,Is the earth round of flat please make his a video because I’m curious,2024-12-18T20:39:54Z,0,0
UgylP2ojjXEtbkW-Wnp4AaABAg,@KitBits,"A great visual representation (although likely not necessarily realistic) is an area called “spire 4” from stellar blade, you just keep looking further up at it, and cannot see where it stops- it looks very surreal and seeing something like that irl would be trippy af",2024-12-18T14:33:17Z,0,0
UgzuoTCjnEVgWC_WMf94AaABAg,@bardiaalian6747,The ladder needs to be go to the geostationary orbit which is 29000 km over the earth surface.,2024-12-18T07:37:26Z,1,0
UgwwAeLluF30MchhbI94AaABAg,@한명진-b1j,The thing what i love kurzgesagt best is thenever use mile. That idiocity never acceptable.,2024-12-18T06:39:50Z,0,0
UgwFVv1rM_3o8r7U-hR4AaABAg,@fartingchickenz,"So what if you open a portal from say London to the equator given the difference in speed? Would it simply have a minor pressure exchange, or would it be a bit more chaotic?",2024-12-18T04:29:16Z,0,0
UgzGX84LsfVZe8aipW14AaABAg,@Vibe_I_n,Just invent teleportation,2024-12-18T03:54:14Z,0,1
UgwsqxVj-6C3Dj8Fq0p4AaABAg,@FGuilt,And this is why the moon shadow should not be moving west to east during a total solar eclipse.,2024-12-18T03:36:17Z,0,0
UgwxN-EnF8xZ14XyBTN4AaABAg,@frazixtrs6468,I can imagine the space elevator getting bombed during literally any war (It is cooked),2024-12-18T02:20:40Z,0,0
UgyXPy5H32wL9THthSZ4AaABAg,@CoriSparx,"1:41 - _""Bird never returned to Earth. He became half-mineral, half-animal, floating through space forever, and though he wished for death, it would never come for him. Eventually, Bird stopped thinking.""_",2024-12-18T00:34:08Z,1,1
UgxSxKmaTdjbkzA1EyV4AaABAg,@Hairysteed,"Orbital mechanics doesn't really agree with the flying into space never to return part.
Your perigee would still be at the altitude of the ladder, although it might take a while for you to be able to catch the ladder next time",2024-12-18T00:28:37Z,0,0
UgxPLqT5ZrCJwazBREV4AaABAg,@brokensandal,plot twist: you run out of air,2024-12-18T00:25:22Z,0,0
UgwDxwOMZRuTSzV3VFd4AaABAg,@magnumdorkus4222,This was fascinating!,2024-12-18T00:02:03Z,0,0
UgwIbgAXg6kbaKF745N4AaABAg,@TheTribler,Yt Shorts are so long nowadays I forgot it was a short,2024-12-17T23:40:09Z,1,1
Ugy57XnR-s05Tac6djl4AaABAg,@Ogrsnlgn,No materials currently exist with the tensile strength to build this,2024-12-17T23:06:22Z,0,0
UgyJdAgdiSLuKDEmg2R4AaABAg,@pogrammer,"This would work, but not on every planet. For this to work, there has to be a geostationary orbit for you to achieve. If a planet doesn't have one, or has one too low, then it won't work",2024-12-17T22:52:38Z,0,0
UgyQnqJCISeyvLFGlI14AaABAg,@forsakensworstplayer,You would die yes you would  die there is no oxygen up there,2024-12-17T19:35:54Z,0,0
UgzWBZUFvcjCyAv8_wV4AaABAg,@ThatOneGammaRay,Finny is building ladder into space. Space is where he's gonna find Dad.,2024-12-17T19:10:31Z,2,0
Ugwk8YYpS4JMle1kWC54AaABAg,@markanthony1004,Well I mean you’d suffocate before even getting there if you don’t exhaust yourself first but I like these what ifs,2024-12-17T18:42:42Z,0,0
Ugwi1SIYgJmRnyYp5Tt4AaABAg,@BrowncoatInABox,"Note to self NEVER CLIMB THE FORBIDDEN LATTER!

2 If i do spacesuit and tether",2024-12-17T18:23:25Z,0,0
Ugy-e6To9f2-6xkOnJB4AaABAg,@phaeris_mac,This reminds me the Noah's park from Mega Man 8,2024-12-17T15:35:05Z,0,0
UgzpOnddnggrbidY5bx4AaABAg,@conneryates5073,You wouldn’t fall to your death you would burn alive and turn to ash before you even hit the ground,2024-12-17T12:26:45Z,0,0
UgxKW8-ulmeK3MspCwB4AaABAg,@conneryates5073,Which is also why rockets are launched around the equator,2024-12-17T12:26:15Z,0,0
UgwrbRpo79MGYQbBzCZ4AaABAg,@netnet1234-f4q,I wpuld die out of exoustion .,2024-12-17T11:42:06Z,0,0
UgzepOyLic5UO4sAwEB4AaABAg,@TOMNTOM11,A way to solve Earth trash issue.,2024-12-17T11:35:58Z,0,0
Ugz6iMtARW-wN820rXN4AaABAg,@JohanStrombeck,I love the call back to the stellar engine and Dyson sphere music,2024-12-17T10:09:12Z,0,0
Ugxkx9y1ZmvwyFIh9EJ4AaABAg,@gio_setsuna,So that means the space elevator in Xenoblade 2 is plausible very cool,2024-12-17T09:09:13Z,0,0
Ugzqu9Yz3mtE2xJ7lw54AaABAg,@sebastianbrand8406,"The problem with the speeds that he mentions someone at the equator would be traveling as it that what he gave is a linear speed, while the earths speed is measured in rotational speeds. Its like using seconds to measure how many pints are in a lake",2024-12-17T07:39:00Z,0,0
UgxYrJ62PCq8p1iO7_N4AaABAg,@Mcfellow,Can you explain how to understand the 4th dimension?,2024-12-17T07:38:36Z,0,0
UgzHE36LJCTy7vyg7yZ4AaABAg,@rainetv4748,So Jacobs latter,2024-12-17T07:01:08Z,0,0
UgxZV5NA56Ts_Xn92Pp4AaABAg,@davidryke113,"If you ever wondered what the end of a radio antenna on a car fells like while driving, try this ladder to space idea.",2024-12-17T06:22:54Z,0,0
Ugx682r49_A1Gzn7kPd4AaABAg,@Waterishloki100,what a thrill 🗣️🗣️🔥🔥💯💯🐍,2024-12-17T05:01:13Z,0,0
UgxAV7VDOdmIeYy0_tN4AaABAg,@cameronlarocque464,The last thing is wrong you wouldnt fall if you were high enough also the north or south is probably the only place you could build such and elevator but i doubt it will ever happen as nothing currently exist tjat anywhere near that height the cliffs of dover will reach space before we ever build that contraption,2024-12-17T03:45:51Z,0,0
UgyWl6_fKJUgnKUkSgd4AaABAg,@FragsL2G,across the spiderverse ahh road,2024-12-17T02:29:37Z,0,0
UgyGkhbnHXPrt6VDcpF4AaABAg,@shadowhlr,And you forgot that when you get higher you can breathe a little amount of air and the ladder need to be supported 😂,2024-12-17T01:46:05Z,0,0
UgwL36IaooDZTOGaZpl4AaABAg,@Ryan-d3j,I bought the ladder on TEMU for $0.0000000000000000001,2024-12-17T01:23:47Z,0,0
UgyenytWQYlBp4fS4NJ4AaABAg,@0_________-5kp,you would need a comically strong person to lift that ladder,2024-12-17T00:19:22Z,0,0
UgwiTLMDJCP5nI90J2J4AaABAg,@dissonanceparadiddle,If the earth stopped spinning you'd weigh more.,2024-12-16T23:39:57Z,0,0
UgwkeZk3pM8NlDWncf94AaABAg,@RoughedCowBoy,"Relatively if you are on the ground the earth isn't moving, this same principle applies to all altitudes, drop a pin from 200km and it fall fall straight down. If you were on a ladder and let go, you would fall out of the sky. The only reason the ISS doesn't is because it's travelling around the earth in 90mins, while the ladder is traveling around at 24hrs. The ladder would have to be in a kind of geo-synchronous orbit but that height is 35,786km, which is a ladder that would almost go around the entire globe and be a 10th of the distance to the moon. Such prospects and engineering feats will never be known in the near future due to friction of the atmosphere and unmarked debris in LEO.",2024-12-16T23:39:22Z,0,0
Ugyt_pcE1xIKEEPhVGh4AaABAg,@amandadewet4022,I think this is a gravity thing.,2024-12-16T23:33:43Z,0,0
Ugzj3xc7MxVK4mNK9G14AaABAg,@oladipodiekololaoluwa8680,I dont think you have to worry about plummeting to your death since the lack of oxygen would get you before that,2024-12-16T22:55:05Z,0,0
UgxegMtV7kU7OTLhDlB4AaABAg,@Randomstuffthekid,You wouldn’t get all the way up that thing falling over right when I get on it,2024-12-16T21:53:06Z,0,0
Ugxl9XG6xKEjIZQQd1R4AaABAg,@SHARKreviewer-ug7kh,Next short u should make the Earth spin 2x times faster,2024-12-16T20:38:59Z,0,0
UgzdR4eExutogCDtsh94AaABAg,@The_Artist_to_the_Painist,What a trill—,2024-12-16T19:44:17Z,0,0
UgzoWNZD_cfioCS_U-l4AaABAg,@haydenrochtus2007,"Shorts    ❌️
Longs    ✔️",2024-12-16T19:10:32Z,1,0
Ugxq2hQata0Qxmi9-2h4AaABAg,@Infanimalurlocalbassiemain,Is anyone here gonna talk about the among us character at the end?,2024-12-16T18:50:37Z,0,0
UgwoEkF8Fh_TU3eqUTh4AaABAg,@scorpionzi3428,"In the beginning God created heavens and earth and he created man and woman, and men had sinned and separated themselves from God and sin entered the world, thus I  knоw  yоu  didn’t  cоmе  hеrе  fоr  it,  but  Jesus  lоvеs  yоu,  hе  d 1É d  fоr  еаch  аnd  еvеry  siп  оf  yоurs  аnd  yоu  аre  sаvеd  if  yоu  оnly  repеnt  оf  yоur   siпs  аnd  dо  things  thаt  arе  sаid  in  this  vеrsе  in  Вible  Romаns  10:9-10  cоnsidеring  th is  оnе  1st  John  2:1-2, after that God will put His Holy Spirit in you and you will be saved and he will never leave you nor forsake you",2024-12-16T18:12:45Z,0,0
UgwAO6Uoau0up7Zk0Pd4AaABAg,@spades952,you forgot that you wouldent have the strength to get up the ladder lol not even 1 tenth of the way lol,2024-12-16T17:08:44Z,0,0
UgwoWPpzFCREXjFtGJV4AaABAg,@MohammadAdil-jf2wm,Bro saying becarefull not to clim beyond this point lirk anybody eill try this,2024-12-16T16:42:00Z,0,0
Ugy37qEnTtSyFTpJYnN4AaABAg,@thepulsarx5896,2000th comment,2024-12-16T12:05:43Z,0,0
UgygrqA6M_W3p4r-QE14AaABAg,@cytheidot7831,topped with a ❌ talk tuah ✅,2024-12-16T12:02:41Z,0,0
UgxugOHXbfUGqdj9Cg14AaABAg,@gianganhkhoi-rolez3309,He doesn’t have oxygen and that’s all you need to know,2024-12-16T11:12:10Z,0,0
Ugy4NpKcT0qtkw29IlJ4AaABAg,@sheepy78x,Do not try this at home,2024-12-16T10:28:44Z,0,0
UgyqipqbLX-f64B2smt4AaABAg,@elektroman3187,"""Fun"" fact, there aren't enough lightweight sturdy metals like aluminum and titanium on earth to build anything like this.",2024-12-16T07:42:21Z,0,1
Ugxj8lfQTDyhTDago514AaABAg,@BigPit306,I hope you got permission by Santa to put a giant ladder at the North Pole,2024-12-16T03:09:26Z,1,1
Ugw-A__-XYOjsD4Xo3B4AaABAg,@NacorantheHarmonicaPlayer,"How high, at the equator, would the ladder have to be to give to  simulate 1G gravity with the angular momentum?",2024-12-16T02:42:23Z,0,0
Ugzge4K5HgyLPNUom4J4AaABAg,@johnnyfire8199,2:30 youtube shorts are amazing,2024-12-16T01:25:08Z,0,0
Ugyy5MCCj1Sl6dyTfFV4AaABAg,@Galople,"Not only he is rich, his heart is rich❤",2024-12-16T00:52:03Z,0,0
Ugxt13jhBbZ3HDJogwB4AaABAg,@pavelkostorek999,Cyanide and happiness says something different.,2024-12-16T00:46:18Z,0,0
UgxaJR4irmFsbkP2_1Z4AaABAg,@anthonybarker1843,Why not build it on the moon which always faces earth and just lower a rope down?,2024-12-16T00:02:26Z,0,0
UgzCf4B3KscRFBNSb1x4AaABAg,@Butter163,A space elevator sounds surreal compared to now,2024-12-15T23:39:27Z,0,0
Ugzwwwfz1ty8oV1zESh4AaABAg,@rebelmaysel,I climbed a ladder like that and i lost my pet rock named hector,2024-12-15T22:43:18Z,0,0
UgzL8kfuWGKgWz0_Dox4AaABAg,@JoeTheBlob1233,I wonder if the difference is noticeable from the equator and the poles,2024-12-15T22:27:46Z,0,0
UgxFgoShGRSu4IPI9n54AaABAg,@Sagenhaftsose,"cool but i still prefer the dream of my mk4 supra , dont need a space elevator",2024-12-15T21:31:42Z,1,0
UgzWsbdMdcNesKrRrWd4AaABAg,@chris1549,I vote we renovate the burj khalifa into a space elevator,2024-12-15T20:46:33Z,0,0
UgyYnn4EGxf5UaWXfb14AaABAg,@More-Space-In-Ear,So flat earth isn't real..,2024-12-15T17:05:26Z,0,0
Ugwtaej2gWxL5MgK7iV4AaABAg,@harris977,Tension,2024-12-15T14:51:37Z,0,0
UgzyALa7pte-0pBr7JB4AaABAg,@xXkirkhammetXx,Would a space elevator slow down earth?,2024-12-15T14:11:26Z,0,0
UgwuxVNiZMkSSex7TNJ4AaABAg,@simatin19,It must've been quite a thrill to climb up that ladder.,2024-12-15T13:02:41Z,0,0
Ugw5avKMykZ83dTo9E14AaABAg,@valmer6099,WRONG you wouldn't get to the top cause you'd die 🗿 (humor btw),2024-12-15T11:19:29Z,0,0
Ugw1j9_JjZ8iHwH8UOd4AaABAg,@ChatNoir-999,You'd die from lack of O² before any of this happened or get blasted by a huge Ass laser from space and suffer from ionizing radiation,2024-12-15T08:14:33Z,0,0
Ugy15BcNQnDCeBYTOJJ4AaABAg,@sylnz97,space elevator is one of my favourite scifi tropes,2024-12-15T06:37:08Z,0,0
UgzDVY__PC0YMvUiwNp4AaABAg,@miku_hoshino,"40,000 km????? Thought it was 12k",2024-12-15T05:23:24Z,0,0
UgzqsoTh73bxIUCM78J4AaABAg,@PeterSvP,Naah the centrifugal force will destroy the ladder,2024-12-15T05:07:41Z,0,0
UgwRiUDiZ-XOOOTQDX14AaABAg,@EliosTao,How Long would the latter have to be that you move at the speed of light on top of it,2024-12-15T04:11:34Z,0,0
UgxqZC83RtrA1EDA6HZ4AaABAg,@JehunRatanak,Fun fact this is how the nether make 1 nether block = 8 over world block,2024-12-15T01:26:45Z,1,0
UgxOdWey-BdCgAeVWNt4AaABAg,@Happydogebuthesdeleted,I’d say this short is longer than 60s,2024-12-15T01:04:33Z,0,0
UgxNhDwMttDCZovYP014AaABAg,@AsherKadmiel,"what would happen if you have a tube into space, would it suck out the air since there is no longer the atmosphere for protection ?",2024-12-14T23:08:40Z,0,1
UgzRGSLRDr4GPfP2_JB4AaABAg,@VolexCy,"Shorts❌
Trousers✅",2024-12-14T23:00:07Z,0,0
Ugx7222i3AweF8yRJWx4AaABAg,@DJVR914,"Hey so i have a qusstion about a video from a while back where it was explaining how a coin sized black hole would work, you stated that if a coin was made into a black hole it would deteriate and make a explosin with about 3.6 megajules of energy but where does that energy come from?",2024-12-14T22:42:48Z,0,0
UgwUx1aC0SytRJTHX-R4AaABAg,@Kekuun_Art,Sounds like the towers in Ar Tonelico,2024-12-14T22:19:44Z,0,0
UgwSVWcFAbrzqGaYn-V4AaABAg,@Marker2.9,Be warned that you wasted a lot of money on wood to make the ladder just to float off,2024-12-14T22:14:32Z,0,0
Ugy5g0Xvqc3NJPMukFd4AaABAg,@glitter.booger,You sound like the narrator from the Stanley Parable and Pocoyo,2024-12-14T21:42:59Z,0,0
Ugwdm7JtV_J4HFxU2O94AaABAg,@scug42,A tether tied to the ladder and the climber would be good so the climber would not float off to space,2024-12-14T21:18:31Z,0,0
UgzkpWlaDsNkE46xMgt4AaABAg,@anilalaf,That space tower must be what the Babylonian Tower was supposed to be. Do we want to risk building one again?,2024-12-14T21:09:39Z,0,0
Ugz8sRje6a1iBWrgAlB4AaABAg,@YusufAltinay,YouTube shorts? More like YouTube mediums,2024-12-14T20:43:25Z,0,0
UgzhwQgA2oUDyi61hRV4AaABAg,@elmuradovic,How to end up in the backrooms:,2024-12-14T18:10:19Z,0,0
Ugyx_OZzF0WbhkwKEZR4AaABAg,@JeremyWhite-i1u,But wouldn’t your blood boil in space because the low pressure makes a diffrent boiling point so your blood will boil furiously until you are dead….,2024-12-14T16:50:13Z,0,0
Ugz_-Q7qGWhYfD3dRgF4AaABAg,@Killer_chypher,This was like 2 min,2024-12-14T14:09:21Z,0,0
Ugxadt_6vWM9MyKs8K14AaABAg,@SenseisAltAcc,Ofc this doesn't include how you'll die from extreme cold,2024-12-14T13:46:11Z,0,0
UgxAAAY0VUn89aP6dl54AaABAg,@anandb9762,I'm not climbing a ladder to space again,2024-12-14T13:01:26Z,0,0
Ugztw9uny_ukUX_YF6N4AaABAg,@jid303op7,Were making out Mobile Suit Gundam with this one🤖,2024-12-14T13:00:55Z,0,0
Ugx2ThwnbZIX6TW8LtB4AaABAg,@vincent_hall,"Shorts are getting long. 
I like it. Training us to concentrate for longer again.",2024-12-14T10:08:26Z,0,0
UgxP-uvO1U9XGym9byZ4AaABAg,@Star-berryMilk,🎶Am free…yeah am free falling🎶,2024-12-14T10:01:25Z,0,0
UgyD3T063DoLHfekN2V4AaABAg,@aliennode,"YouTube Short ❌
YouTube medium ✅",2024-12-14T08:48:07Z,1,0
Ugz-p5W1IP4H4r6Abw54AaABAg,@BAYRAA_YOUTUBER,First thing to come in mind was goku,2024-12-14T08:27:00Z,0,0
UgxIexskO5IX2haYtmd4AaABAg,@Kazik_po_raspisaniu,You will suffocate.,2024-12-14T07:43:17Z,0,0
UgywXa12juSnrRb4Z1t4AaABAg,@Lem_240,"“The earths circumference at the equator is 40,000km, and since our planet rotates once every day, someone standing at the equator must be moving over 1,600km/h. This is actually faster than the speed of sound, only no one at the equator notices or mines because all the air and ground and buildings are moving speed, too.” ohhh, so if lagging existed 1 mistake for humans and they die, and 1 mistake to the buildings lagging and were dead 💀. (Unless ur in a place that is far from buildings",2024-12-14T05:44:01Z,0,0
UgyOtPrs0JfM-asrjfZ4AaABAg,@743757,"""Don't worry, son, I'll get my ladder""

© Cyanide and Happiness",2024-12-14T04:12:46Z,0,0
UgyC53KkbU-nIcfmf8p4AaABAg,@JuanMatteoChavez,how the hell do you have the arm streghth to climb that ladder,2024-12-14T03:00:20Z,0,0
UgxTFfbN7uL1aue2mgl4AaABAg,@DemonMaple1059,is anyone going to mention the among us space suit,2024-12-14T02:55:46Z,0,0
Ugz75k5iU2VTyc1vKIV4AaABAg,@terry_dodge,"Space elevator 
Is that a ace combat reference 
(I had too)",2024-12-14T01:15:07Z,0,0
UgyNA_mshLdQM7xaUEh4AaABAg,@RareStarStuff,Do you have math to explain how you accelerate fast enough in the case of falling from the North Pole ladder to account for the energy required to burn up?,2024-12-14T00:25:03Z,0,0
UgwuZHS5_xto3LC3OCB4AaABAg,@aidanrobbins8723,The little Futurama reference with the Slurm was nice.,2024-12-13T23:42:59Z,0,0
UgyQWcasV_o0WMVjlDp4AaABAg,@SeanORaigh,The only comforting thing about a space elevator is that humankind is never going to build one.,2024-12-13T23:04:44Z,0,0
UgwO7ju-eflgQ63ZAW54AaABAg,@thebestcommenter22,Once u let go the ladder will move away,2024-12-13T22:44:59Z,0,0
UgxynKoCeLSe_Bqfk0Z4AaABAg,@DatBoi_TheGudBIAS,"Imagine the maintenance of the space elevator 💀
Poor guy on the outside checking for issues",2024-12-13T21:22:25Z,0,0
UgyQaGSeuwvaMEAWKUl4AaABAg,@Dumb_Protogen,"When the car isn't caring
The earth isn't earthing
The wheel isn't wheeling
The ladder isn't laddering
And the equator is equatoring",2024-12-13T20:09:34Z,1,0
UgzAHdq-jGNn7EZMeJt4AaABAg,@BobTheFirstLegend,Cyanide & Happiness ahh Moment,2024-12-13T20:06:45Z,0,0
UgyGU0GsZj0wqpaAHvh4AaABAg,@cdulezt,Another way for ryanair to lose everyones shit😂,2024-12-13T18:08:47Z,0,0
UgzFNc1oFTOz3QlZwxh4AaABAg,@MightyMidget001,Halo 3 ODST proves why that is a bad idea,2024-12-13T17:19:17Z,0,0
UgyoQkyHywhwkZBzldp4AaABAg,@Pyromaniac4,Question how did anyone find this out and who died doing this experiment,2024-12-13T17:01:40Z,0,0
Ugzu1vmT8J3WoDLliFZ4AaABAg,@worldpattern9798,"the sweet spot is actually called: ""the Sancron orbit"" be lower and you will fall to the ground. be higher and you will be slung off into the endless void of space.",2024-12-13T15:38:27Z,4,0
Ugxm8AEVZ1qxTB17rYR4AaABAg,@LianTheNail,Where would the space elevator be built? It seems like a massive safety hazard..,2024-12-13T11:55:52Z,0,0
Ugz3dDCbT-Yx0q9s2tx4AaABAg,@yestheinternetexplorer,What a thrill…,2024-12-13T08:46:43Z,0,0
UgxFQAzNEwuuLCw2-RN4AaABAg,@rcnerd2061,Tower of Babble:,2024-12-13T07:28:51Z,0,0
UgyhSyvD16Lx_1apcE94AaABAg,@unfunnyperson7,you're gonna run out of breath. thats it.,2024-12-13T07:00:13Z,0,0
Ugw5wDluV4ZkOg9JVBF4AaABAg,@taeki_7,You would go out before reaching space cuz of the atmosphere and fall to your death and if you could still hold it (lucky) you would die,2024-12-13T06:23:02Z,0,0
Ugzsq_oxbbY28Jvbvu54AaABAg,@unicatiscooler,"Ladders?? In SPACE?? What is this, mouthwashing??",2024-12-13T01:01:41Z,0,8
UgybsV9f6AsVzFQ1Ni94AaABAg,@DuntrellJaydenLindor,This is the greatest use of 3 min video so amazing!,2024-12-12T23:46:16Z,2,0
UgydBpYHuaowtGcp2pB4AaABAg,@NightrousProductions,Orbital mechanics has left the chat,2024-12-12T20:59:39Z,0,0
Ugw_aKXag8Dv9ZLubYx4AaABAg,@NightrousProductions,"You are falling to your doom, unless the ladder is high enough to reach geosynchronicity, at the equator.",2024-12-12T20:58:44Z,0,0
UgwrU0AOoMNRVXA72nZ4AaABAg,@Nikolai_has_BPD,This hurts my brain. 🧠,2024-12-12T20:56:21Z,0,0
UgyHAEVkLdP62zuGZK14AaABAg,@IosSpaceTour,"You'd do neither, you'll die because the lack of oxygen.",2024-12-12T20:08:52Z,0,0
Ugz3ePrjbh5p7qSHCEV4AaABAg,@kidkante,"Weird, but good to know.",2024-12-12T19:35:22Z,0,0
UgwpbJJtM5qbPHXe6V54AaABAg,@TumpChairman,"ask Omori, he will be able to tell you",2024-12-12T17:18:42Z,2,2
Ugyj8mJArueVaQIAxix4AaABAg,@furious69frog,10th of thousand kilometers high? Really kurzgesagt?,2024-12-12T13:43:30Z,0,0
Ugwwzcc4rtdjEt9yq-N4AaABAg,@erkmee,Nice *short* 👍,2024-12-12T11:20:36Z,0,0
Ugyj26h8NrbXYSPpAgZ4AaABAg,@sigmaoperator1688,They gotta put some climbing holds on the side of the space elevator. Imagine free soloing to space.,2024-12-12T09:07:52Z,0,0
UgzXbYdkc59SkcUvAVR4AaABAg,@Skippy__,What a thrill,2024-12-12T08:42:37Z,0,0
UgyEsNUmqOVN770m3od4AaABAg,@basiccoder2166,Worst explanation,2024-12-12T08:36:40Z,0,2
UgyTXqR26FVCuHPMocx4AaABAg,@rmxsuperfly,God no. I am already extremely fearful of heights and elevators. I am doomed if Space Elevators become a thing💀,2024-12-12T08:16:44Z,0,0
UgwZJpto4TANJgbjlZ94AaABAg,@DixieDee,Forget being banished to Siberia...,2024-12-12T06:46:37Z,0,0
UgykPkqXtdsCAfoNjH54AaABAg,@Sun_Stay,"That wasnt 60 seconds worth of knowledge, it was 600",2024-12-12T06:30:50Z,0,0
UgxtxXtk9TRBFtUEKJR4AaABAg,@timmythegodofthecaelumsupe74,"If there isn't a space bar when we make this port, i will be very unhappy",2024-12-12T04:52:36Z,0,0
Ugza_wTQA3OuDiAOssZ4AaABAg,@Thepurplewizards,I’d rather not have that space tower thingy cuz the thing holding it at the bottom would need a lot of strength and what happens if we hit space junk in that tower it’s just gonna be that one incident but not 2 towers and this time a random peice of space ship,2024-12-12T00:55:42Z,0,0
Ugw96e85AT_onocIzZh4AaABAg,@MaikelCapote621,Are you actually from Germany,2024-12-12T00:16:47Z,0,0
UgzuXgXHkzR-MEptGS94AaABAg,@Theoneandonlylonelyloner,Good thing i found this video i was just about to hop on my space ladder,2024-12-11T20:07:15Z,0,0
Ugysoehwm2F-ig4geAt4AaABAg,@user-ti1tk2fu3h,"Wait, but just because you're not orbiting doesn't mean you should fall, right? Space is still low gravity. Or os it because you're still close enough for Earth's gravity to affect you?",2024-12-11T19:19:20Z,0,1
Ugxok_eU0mReEgKQ9FN4AaABAg,@pablogarin5445,"The only part of the ladder where you'll float next to it and not fall is at the Geostationary Orbit altitude (22,236 miles). Lower than that and you'll start to fall, how fast it really depends on how high you are.",2024-12-11T19:09:39Z,0,0
UgzkRgGAnKIp0oN4fPF4AaABAg,@Rex_Demon-1,"I can't believe that the ""Tower of Babel"" was technically going to be the first space elevator, that is before God stopped them.",2024-12-11T19:08:39Z,1,1
Ugyjgr0Dsa3FWYxSsJl4AaABAg,@yousef-z9t3d,how is this a 2.5 min short?,2024-12-11T16:13:27Z,0,1
Ugx2ifooODLWJCHzHPl4AaABAg,@INWISABLE,"it is a long short
GET IT?",2024-12-11T15:32:59Z,0,0
UgyXmMozKpWCdz2vCHZ4AaABAg,@KendraRobinson-l9p,"Never thought I'll watch a full 2 minutes or more without skipping 

Well done dude 👍❤",2024-12-11T14:25:57Z,0,0
UgycrWgGPQ6mgXqfqFB4AaABAg,@fredric10-o9b,"This video was way too long.
Did YouTube finally add the 3 minute feature or what?",2024-12-11T14:14:53Z,0,0
UgysGmynU5OoF5wHIUd4AaABAg,@Maxwell_Kenway,"Having a space elevator would definitely push the space related matters like space travel or bringing a crew, visitors, or other important matters into space. But before this is a possibility, we would need to find a material that can withstand a lot of different conditions like weather,pressure heat and cold as well as the high amount of rotational forces. And then you would need enough materials to build up that high.",2024-12-11T12:35:12Z,0,0
UgyUFVWIrrllrQplFJZ4AaABAg,@alexandrupenu1321,"The explanation at the end feels wrong, no matter what distance you go up from the north pole, if you let go of the imaginary ladder, you fall to the earth's surface? Really no matter how far from earth you are? How about you go so far up you visibly leave the solar system's orbital plane (by that i mean if there was an accurate model of the solar system, go up from earth's north pole a noticeable anount in respect to the model)? Would you still fall to the earth then?🤔",2024-12-11T06:15:43Z,0,0
UgzEJSfCCI1wpviFj8F4AaABAg,@destroything,This is very satisfactory,2024-12-11T05:15:55Z,0,0
UgxsVSv_toJKDgvhfPx4AaABAg,@Brawlex14,Bro they had to make a plane go in front of the elevator. 😂💀,2024-12-11T02:18:43Z,1,0
UgxDgWki0uN-InMlMD54AaABAg,@sethlouu,I'm in sg. Should I try this?,2024-12-11T02:14:54Z,0,0
UgwJA8a82amZAQHgcJx4AaABAg,@Keithustus,Please stick to landscape orientation for your videos. This looks like garbage on my TV.,2024-12-11T01:38:51Z,0,2
UgzJU9fXmVgp0IwBpsR4AaABAg,@CybenX_yt,the first worthwhile short ive ever seen,2024-12-10T22:33:04Z,0,0
Ugz2ImkQ_GIaQIOJbmN4AaABAg,@0Rexx.,Good info to know for when I next do this.❤,2024-12-10T21:43:25Z,1,0
UgytDrSAK5U7Y--xdSV4AaABAg,@Pawn-0,Its space elevator?,2024-12-10T20:45:36Z,0,0
UgxInIVsMoYb4P2lBzt4AaABAg,@Taco__Jeffy,i would probably die,2024-12-10T18:34:04Z,0,0
UgzC0UJ_Y9gt-b9f-m94AaABAg,@blaz551,"I feel like a space elevator wouldn’t be a tower, more 40k hive city just a massive cluster of building that reach into the atmosphere",2024-12-10T16:45:35Z,0,0
Ugw2_cPnNugRbYIFY0t4AaABAg,@UNEQqq,I want to go to university,2024-12-10T15:51:06Z,0,0
UgxQwHzyccuuE9OSmsx4AaABAg,@hiranpeiris877,"NK,ASD",2024-12-10T15:49:44Z,0,0
Ugy6QVsjLMxMUlVJoHd4AaABAg,@Samin-o4i,wheel aint wheeling cuh,2024-12-10T14:32:16Z,0,0
UgyT5XnPynI29pWwcy94AaABAg,@TokyoXtreme,"Why would you burn up in the atmosphere when falling from the top of the ladder? You'd be accelerating from zero, certainly nothing close to 17,500 mph that orbiting shuttles and the lower satellites.",2024-12-10T13:36:27Z,0,1
UgzVCpz0zcsPiG47Qml4AaABAg,@wuffy4u,"""imagine a space elevator"" sounds like some qatar shit",2024-12-10T12:06:11Z,0,0
Ugy1TkcP1mBhCTywniN4AaABAg,@natth_h,The spacesuit will teleport us to Among Us,2024-12-10T10:56:10Z,0,0
UgzDja_9heKa4Varx054AaABAg,@markoth5678,"I forgot that YouTube has longer shorts now, it was almost like watching a video",2024-12-10T05:07:52Z,0,0
UgzfN2N-19--vIppRJh4AaABAg,@JerryAsher,"You seem to have a good channel, but this video is not it. As others point out, there is a major dependency on where you get off the ladder, and where you get off to orbit is hugely higher than most people would think. Certainly not at ISS heights.",2024-12-10T04:36:27Z,0,1
UgzF_1NSN5KfQ2g9aiN4AaABAg,@wesleybrinkman,Erm actually you would fall to your death according to newtons gravity laws,2024-12-10T04:04:45Z,0,4
UgwjWHwGgFb5qovxDHp4AaABAg,@arvindkannan5696,"I doubted the science in the video - double checked, the creator is largely correct",2024-12-10T04:01:11Z,0,0
UgxDrqiCKBGq3VjdT1N4AaABAg,@ICKY427,i feel like just explaining orbital velocity at different altitudes would be more intuitive than whatever that was,2024-12-10T04:00:14Z,0,0
UgwY6cADtnqwV4jIA5p4AaABAg,@password6975,Thank you for the nightmares U_u,2024-12-10T02:33:05Z,0,0
UgywqsRjB6NGk4pEhQl4AaABAg,@hykalia7650,But if your rotational speed is barely noticed able at the poles how would you burn up if your verticals speed isn’t fast enough to trigger air combustion? Or maybe I’m missing something that sky divers could deal with if this was attempted from the exosphere.,2024-12-10T01:43:02Z,0,0
Ugy491WjXtqc-1uoseF4AaABAg,@themyth3686,"As long as you're in earth's gravity, you're instantly falling towards its core. Remember, space stations constantly fall, but they're moving at over 100k kmh",2024-12-09T23:12:22Z,0,2
UgxfIgEN9gm3ZHlscW14AaABAg,@Dizzilnate,"The other day, I needed to plug a hole in my tire. I couldn't reach the hole from where it was, I needed the wheel to spin exactly 180°. So I found the diameter of the wheel, multiplied by pi, etc. and told my wife to stop me when the center of the wheel aligns with the line I drew on the ground. 

It sounds like a lot of work but it took like 30 seconds to measure the tire, pull out a calculator, and draw a line in the dirt. (I keep a 25' engineer's tape on me most the time)

The hole lined up perfectly where I needed it to be. Much less work than jumping out every time to check if I got it right, and certainly faster than trying to explain the situation to my wife.",2024-12-09T23:04:16Z,0,0
UgwQXnqu8Zw2WUYbvzx4AaABAg,@koedash,would it be possible to survive by eating part of other human then having child then they will eat us then they would have child ect?,2024-12-09T22:46:15Z,0,0
Ugx3MinIOkViXal7lN14AaABAg,@xandergaming2.039,The chicken that came burning down was that bird who was climbing up,2024-12-09T21:43:34Z,0,0
UgyA5gObw7TEJQReWsV4AaABAg,@FraxoDev,amogus at the end,2024-12-09T21:37:16Z,0,0
UgzE4AFM0PaEeok-i_Z4AaABAg,@domvasta,You wouldn't reach escape velocity that quickly.,2024-12-09T15:25:43Z,0,0
Ugwn6vVXQPB1rBzWWOt4AaABAg,@Elite_solver,How is this 1 minute long 💀,2024-12-09T09:54:43Z,1,1
Ugz2cd1v_KiP3LHqg4F4AaABAg,@Solareclipse332,I live in England/UK and I m Close to the middle and the equator so it’s basically a 50/50,2024-12-09T09:27:08Z,0,0
Ugz3LQa-EEVJ-WSEbj14AaABAg,@keshavpillarisetti858,Most people would suffocate after climbing that ladder with no air in the atmosphere 😅,2024-12-09T09:20:23Z,1,1
UgzapXYrFPS_8tGYU0l4AaABAg,@luca_gaming_ro8153,HL2 Citadel ahh tower,2024-12-09T09:08:01Z,0,0
UgyZPLTcf-pneAyIIwd4AaABAg,@ricardosouza1273,"to ""float"" yo need to climb until the geostacionary orbit, 90x far than most satelites",2024-12-09T03:09:31Z,0,0
Ugxu8j-ANdhObZWINqd4AaABAg,@monkgotbanbyyoutubeplsun-ou6fp,Is that slurm from futurama?,2024-12-09T00:18:03Z,0,0
Ugymo6deXFu8Efk-aOp4AaABAg,@inmatureopinion.,"What would happen if you standing at the equator but the earth suddenly stops rotating, will inertia launch you at an insane speed?",2024-12-08T23:48:35Z,0,3
Ugwge-mnQ4BeMHczoRl4AaABAg,@charliebackman7968,Shorts are long now,2024-12-08T22:52:12Z,0,0
UgzUk54DmOICpuF3H4F4AaABAg,@Griff_dragons,I found u from solarballs,2024-12-08T22:32:08Z,0,0
UgzY3n44GSOQnmdDqiJ4AaABAg,@hrckamichal,Question is if actual physics of any material allows this. Is there material that can hold is tructural integrity with that high/mass built ? According to physics even actual height of the everest cause melting it's bottom layers. Lets answer first question of feasibility of such high structure.,2024-12-08T18:40:54Z,0,1
UgxZORLLRq1EDXOAXcZ4AaABAg,@11oreos,"Hey, why no escape velocity required to get away from the earth when climbing up a ladder at the equator?",2024-12-08T18:29:04Z,0,0
UgyirwDSb1xE9TBvgdZ4AaABAg,@rogeriopenna9014,"You wouldn't burn up in the atmosphere if you fell from the ladder. Calculations must be made, but the speed relative to the atmosphere would probably never be high enough for it to happen",2024-12-08T18:22:10Z,0,0
Ugy72T02GPtZ3b1ozOh4AaABAg,@alexnd05,Would you burn up as your entered the atmosphere if you jumped off the ladder at the North Pole? I would think that the terminal velocity of a person would not be sufficient to generate that kind of heating from friction with the atmosphere.,2024-12-08T15:23:28Z,0,1
UgwYFubgYMEwXTYKJN14AaABAg,@BeetleBeetleBeetleBeetleBeetle,all the references this guy puts in these videos are insane,2024-12-08T14:50:57Z,0,0
Ugw5oOPIjHSuC_MNyHl4AaABAg,@mish_co,"for a second, i was wondering why this short felt so long, then i remembered 3 minute shorts were introduced a while ago.",2024-12-08T14:01:05Z,0,0
Ugx-IBYFjExTV5l0nCt4AaABAg,@Ainarc90,"The earth is spinning real fast, so probably you will get launched into space.
EDIT: yeah, you probably would get into an orbit like the moon if the stair is not high enough",2024-12-08T12:43:26Z,1,0
UgzoA-TMXdfkVH4y5Mh4AaABAg,@ДаниїлКучеренко,Bro im i triping or its a 3 minutes short?,2024-12-08T11:29:56Z,2,1
UgweedwvltJfvbNC9wh4AaABAg,@jose-phv,i love the new long shorts,2024-12-08T05:05:08Z,0,0
UgwIX-bNmOOH5dPoG014AaABAg,@HeartHitsclips,Jumping without a parachute? 😱,2024-12-08T03:36:50Z,0,0
UgzMD1Gh5GTUXmYYbop4AaABAg,@TheFinalMeowntdown,One of my favourite earth-based space exploration facts is that the European Space Agency's launch facilities are in the far north of Sweden (inside the Arctic Circle) and... French Guyana. :P (Does Kurzgesagt have a video about geostationary and polar orbits?),2024-12-08T03:34:51Z,0,0
UgyZcdNaOu25Nv9EsSl4AaABAg,@OneonOnedesigns800,Who even came up with the idea of climbing a ladder,2024-12-08T02:59:44Z,1,0
UgzgO_g85XbRzLxzLVN4AaABAg,@ThePowerWriter69,Ill have that in mind next time i build a ladder to space,2024-12-07T21:43:47Z,0,0
UgzPOIJghi3T8JrDcat4AaABAg,@dimitardimitrakov2841,The space elevator thing - isnt it dangerous in the sense when we start using it to slingshot outselves in space it will be at the expense of slowing the earth rotation which in turn will stop the earth core to stop producing magnetic field and radiation will strip off the atmosphere and uv eventually sterilise the planet. Same if we use geothermal energy which I believe will have the same effect.,2024-12-07T21:01:54Z,0,1
UgwdryiJPJlTaRltifB4AaABAg,@romanvernik1968,Are you still developing your space city builder? Will it feature space elevator?,2024-12-07T20:31:50Z,0,0
UgwAEXLS6-ytq608KHd4AaABAg,@loganpike4765,I always felt like an idiot trying to explain the wheel thing in middle school,2024-12-07T19:17:31Z,0,0
UgzcSjTU0hvsNkdkmOd4AaABAg,@Linuscraft2022,it would fall over,2024-12-07T19:13:56Z,0,0
UgypcroPQgrrldBlgbt4AaABAg,@JCel,"If the north pole ladder is long enough, gravity wouldn't affect us anymore, so the last point is weird",2024-12-07T17:19:21Z,0,3
UgwNOG6Q4M3AVrl6_eZ4AaABAg,@CarbynnKirb,What a thrill...,2024-12-07T17:12:56Z,0,0
Ugxawy_DS5d2yKYR1kR4AaABAg,@anthonychupp3789,"What if you claimed down and not let go? Would you still burn up in the atmosphere, depending back down to the North Pole's land?",2024-12-07T16:48:33Z,0,0
UgxhpyXvEYC0IyL6WLN4AaABAg,@AdventofNIKKI,So we just need a ladder that 100km tall? Not as hard as rocket science tbh,2024-12-07T16:42:00Z,0,0
UgwMRB7hc5qR78547kh4AaABAg,@schogaia,I liked the slurm easteregg,2024-12-07T16:38:49Z,0,0
UgwjCINqEh1cs0GTJ4x4AaABAg,@Cyn-likes-mangoes,"Magic Invulnerable Space Suit? Nah, you just need master chiefs armor (mjolnir armor ☝️🤓)",2024-12-07T16:18:42Z,0,0
UgxvCeXP1zFss4qSkhV4AaABAg,@Speedrun_sally,How did you make a 2 minute YouTube short,2024-12-07T16:07:29Z,1,0
UgxYB8gtpW4OVjt1vRB4AaABAg,@daverijsenbrij7228,"but if you're climbing the ladder on the north pole, you would fall to your death, but what if you climb higher? eventually, you won't be pulled by earths gravity, right?",2024-12-07T15:21:38Z,0,0
UgxilD-VwEAnWEP9aA14AaABAg,@Ardeact,So Cinderella shouldn’t have plummeted down to earth?,2024-12-07T14:50:46Z,0,0
UgywaEYDM2ZBGtEtmlF4AaABAg,@meteorit454,Foundation . Asimov,2024-12-07T14:16:51Z,0,0
UgydWCCfjMiMb_RumRp4AaABAg,@SMUGSAM2181,lets not repeat the babel tower again can we?,2024-12-07T13:07:57Z,1,0
Ugy-klV-cvheVszyZCB4AaABAg,@maxvonkrieger5043,That's one tough ladder...,2024-12-07T12:14:08Z,1,0
UgwmdCiPmbWaMGWYBIl4AaABAg,@Forcccyt,Is it just me or the YouTube shorts getting longer?,2024-12-07T11:12:40Z,0,0
Ugyyh1BHGnVFXvVZW3h4AaABAg,@Chan-zi,This is too much for my dumb mind.,2024-12-07T11:06:19Z,0,0
Ugy02SfSV8b1gdTBWGF4AaABAg,@janagondorova5021,How the hell is this video so long,2024-12-07T10:09:24Z,1,0
UgypYng1WNj73mrzkWF4AaABAg,@arkaadias2526,"The space elevator will not be used, probably ever. The material cost it would have to counteract the gravitational pull, earthquakes, strong winds, temperature differences and many more things would make it impossible to achieve.

Things in space are round shaped for a reason but that's just my opinion, you can fantasise about anything you want.",2024-12-07T09:27:47Z,0,0
Ugzgmx9b3PyuJzJav3R4AaABAg,@Alix49,That's the longest minute in my live,2024-12-07T09:24:05Z,0,0
UgwcXF5dHhsHHsT9FtV4AaABAg,@penguinproduction697,No ducks where harmed during the production lf this video,2024-12-07T09:17:22Z,0,0
UgyNez3W99n7OTxYnph4AaABAg,@mrv.kierulf,we dont have to imagine since it's already in a game: Ace Combat 7,2024-12-07T08:15:42Z,0,0
Ugz5TB_-PF3xgtzaqft4AaABAg,@littoww,Do not try this at home,2024-12-07T07:32:47Z,0,0
UgwH4bIbajQVhimSZRl4AaABAg,@BisexualPlagueDoctor,This is referred to as a geostationary orbit,2024-12-07T07:32:06Z,0,0
UgyIrgVUrYFIl5hU7jx4AaABAg,@Rule_With_The_X,"So if you put it at the equator line, you will float?",2024-12-07T07:19:08Z,1,0
Ugz-G-2s8K8ZMh_pSsB4AaABAg,@admiralsand,Song is “Stellar Engines”,2024-12-07T07:12:43Z,1,0
UgyaK9VKg4IFoZRH8ah4AaABAg,@girlfriend2287,I love this channel because it doesnt answer normal questions. I wouldve never thought of this but now im really pleased to see the answer.,2024-12-07T06:19:40Z,0,0
UgyUTzvpbUmT5ptFx9N4AaABAg,@MrPillowStudios,But you won't even be able to breathe,2024-12-07T06:19:30Z,0,0
UgwLQ1lS9iO_DL5u-bZ4AaABAg,@fluffyx1556,"""a bird hit the station""
""WHAT?""
""a ladder too""",2024-12-07T05:47:31Z,0,0
Ugxpdktdmrziz-UmOVN4AaABAg,@lightblade8630,"I need an answer to my question: Is the Earth's slower rotation speed at the N and S poles a result of the Ice caps? For example, temperates near the equator are much warmer because when molecules move faster it generates heat, whereas molecules moving much slower would not, resulting in colder temperatures. This is a true theory?",2024-12-07T05:31:08Z,0,1
Ugw3jatWO7RhUQ4l09p4AaABAg,@littlered3632,"I'm confused. Surely if you climbed the north pole ladder to the distance of no more gravity, you'd just float instead of falling?",2024-12-07T05:02:10Z,0,1
UgxzheSx_F169qaRKft4AaABAg,@Hdmiiiii,Slurm is everywhere in rick and Morty futurerama kurgizot ect.,2024-12-07T04:22:21Z,0,0
UgyHlVvxzFb89eUoOlB4AaABAg,@webbs8445,Wait so you fall back down until when??????,2024-12-07T04:18:40Z,0,0
UgxvLXi-N4m9BFhQri14AaABAg,@GarlicBreadLover_twitch,This is a “short” that’s more than a minute long.,2024-12-07T02:56:03Z,0,0
UgwfC2tBkWmk9IyGUi94AaABAg,@Cogwheel-official,I didnt realize it was a short lol,2024-12-07T02:29:22Z,0,0
UgxC4lcgsgQ6ChT4U9V4AaABAg,@bpbjork,Before you hit geo you will fall into the earth. After you hit geo you will escape earths orbit,2024-12-07T02:10:06Z,0,0
Ugz6upbeAGReRCGwi1l4AaABAg,@jinsokushirotsuki5952,"You have to orbit around a celestial body every ninety minutes to ""float"". If a ladder is placed on the equator it's rotating every 24 hours. The math does not add up. And if satellites were orbiting every 24 hours at that distance, they would not move in the sky. They in fact orbit every 90 minutes.",2024-12-07T01:59:51Z,0,0
UgyB8gJrU-a9wfSK97V4AaABAg,@0-Master-Baker-0,Tf this is a short? Right...,2024-12-07T01:46:02Z,0,0
UgycWYq3HxYQ8uDbkQR4AaABAg,@НикитаКонстантинов-у7д,Hey does anyone have a roughly 100km long ladder and a ticket to Bogota I could borrow?,2024-12-07T01:13:32Z,0,0
Ugy6BhnPerIrC3qWLgh4AaABAg,@rinkacake,"Solution: water elevator
Problem: how could we go to nether?",2024-12-07T00:17:04Z,0,0
Ugy1EMclfecC51eSNVd4AaABAg,@palcat2460,"I had question for years. If you build space station on upper end of space elevator, on which direciton you feeling ""gravity""? Will be here weightlessness or gravity in to Earth or dominant centrifugal force oposite to gravity?",2024-12-06T23:57:05Z,0,1
UgydQBrVpvTNXtWzMyN4AaABAg,@KeenanFr,You would probably die of oxygen deprivation actually,2024-12-06T23:25:02Z,0,0
Ugz3A_-KSaqLUGH9CCh4AaABAg,@musicvr3368,Fun fact - they already tried that in babel,2024-12-06T23:04:20Z,0,1
UgxlSt7UCQxpUHCJ5_l4AaABAg,@duckyman1755,"the only way you would end up staying in the same spot is if you reached geostationary orbit as at this orbit you would always see the same side of the earth effectively meaning you are spinning with the earth just farther out if you let go in low earth orbit (which is where most satellites and the iss orbit) you would fall back because they are going much faster than the earth's rotation, to reach geostationary orbit you would have to climb 22,236 miles of ladder",2024-12-06T23:00:10Z,0,0
UgwwlZJiyuTEP2z6Kc14AaABAg,@ThanhNguyen-yj5qd,otherworld,2024-12-06T22:51:00Z,0,0
Ugx_PxnpVVb48a-61V14AaABAg,@OMG_0.7,That's not a short 😤✊,2024-12-06T22:41:25Z,1,0
UgyQLJDPwAGbFOfUtsN4AaABAg,@micahwilliams5854,"What the heck. So what was just explained was artificial gravity because of the speed of the Earth at a certain point.....

So at what point do you start floating when you are high on earths axis?",2024-12-06T22:16:35Z,0,0
Ugx0_Y9HrJFHuKsGrYx4AaABAg,@Shadow_Coat,I hate when I climb to far up on my space ladder and get flung out into space.,2024-12-06T21:54:56Z,1,0
Ugw9veRupOXuTVjKEbB4AaABAg,@walterhitchins64,"Errr, if you fall off the ladder at the pole, you're NOT going to burn up as you plunge into the atmosphere.

Alan Eustace holds the record for the highest and longest-distance free fall jump, jumping from 135,908 feet (41.425 km) in 2014. He jumped off and did NOT burn up on re-entry to the atmosphere. 

The burn comes from friction by traveling at a different angle, speed, and direction than the wheel of Earth's atmosphere, like a space shuttle coming into land.",2024-12-06T21:16:53Z,0,0
UgxAMdX3qntvkTS9QoF4AaABAg,@Anno_Al,"This information came at just the right time, I was just gonna start climbing my ladder to space at the north pole. Whew, that would have been a disaster, booking tickets to the equator right away",2024-12-06T21:10:21Z,1,0
UgwqCTSu59xVPTni4sh4AaABAg,@thedragonfly3013,I SAW THE SUS,2024-12-06T21:08:35Z,0,0
Ugyae9IIWIKqFWsxTWh4AaABAg,@1003JustinLaw,"If we do build a space sling the big question would be how do we keep the damn thing anchored to the ground and not have it be ripped off and launched into space. Yet as we’re building it, we have to worry about keeping the structure upright such that it doesn’t collapse under its own weight. So we’ll need a material that’s, at the same time, capable of handling massive amounts of compressive force AND massive amounts of tensile force, and I’m not sure if such a thing exists.",2024-12-06T21:07:29Z,0,0
UgxezidGA4aJYpDcfqB4AaABAg,@generalshrooms,You wouldn't be falling fast enough to burn at the north/south poll,2024-12-06T19:45:56Z,0,3
Ugwr0ZHgGAubysezRVR4AaABAg,@NikitaO-,"If we had a big tower, it would be the citadel from half life 2",2024-12-06T19:28:00Z,0,0
UgxGlkfI4HTNrTVqRgR4AaABAg,@Princetike,Ladders are kind of unstable because earths rotations and spinning make ladders bend,2024-12-06T19:02:21Z,0,0
UgzN3l5QB2385pP2Qtd4AaABAg,@vivisfailedclone,"AMOGUS, NOOOOOOOOOOOO I MADE IT SO PONG WITHOUT ONE OF THEM😭",2024-12-06T18:55:21Z,0,0
UgwLlSM3VWtAQxN_2pB4AaABAg,@dasKeks28,"Space elevator: ""tens of thousands KILOmeters""? I think you meant meters.",2024-12-06T18:49:20Z,0,1
Ugw0iDO-nbwGPO4tlDV4AaABAg,@Brokenrocktail,"It would be at like 35000km, a very very high altitude to be moving fast enough to float. Any normal orbit like low earth orbit and you’d just fall.",2024-12-06T18:26:44Z,0,1
UgzXO4Hga1uaku5hZsN4AaABAg,@tinclumsy147,"I understand the wheel thingy, but earth isn't quite round. It's actually a bit squished from the top and fatter on the sides (or quite the opposite)",2024-12-06T18:22:37Z,1,0
UgxeVBHAS3LsAyxJWwh4AaABAg,@milaanpatel4997,Thats why I always put my ladder facing east-west. So that I don't fall off on the side.,2024-12-06T18:21:08Z,0,0
Ugw9HD6WYxo9ITtniU54AaABAg,@SirJ-qq3ye,The height of the ladder doesn't matter its the technique,2024-12-06T17:06:50Z,0,0
UgyAZwNjcWih_vInh6d4AaABAg,@SirJ-qq3ye,Imagine the weight of the ladder,2024-12-06T17:06:32Z,0,0
UgwR8ETKA13iXDJTHXF4AaABAg,@ltma_8,I have nightmares from satisfactory of filling up what that space elevator yearns for,2024-12-06T16:22:55Z,1,0
UgxjbkqrGCwHJjC_JH94AaABAg,@Callah_2,"This is misleading. The edge of space is much closer to Terra than the distance needed for geostationary orbit.

Space starts at 4092 blue whales. Geostationary orbit starts at about 1.5 million blue whales.",2024-12-06T15:52:35Z,0,0
Ugwk-NJV8SzSS3EhaCt4AaABAg,@ninjamelon-21,Bro but you wouldnt be able to climb the ladder as high as that as the oxygen levels go on decreasing and u will faint,2024-12-06T15:38:10Z,0,0
Ugy0ky4sWl9K37e-dmZ4AaABAg,@wesleythomas7125,"""...You'd plummet right back down""
AIR ASSAAAAAUUUULLLLTTTT!",2024-12-06T15:26:40Z,0,0
UgzdKXW6zxlp1IYNip14AaABAg,@who-am-i000,The perfect use for 2+ minutes long shorts.,2024-12-06T15:05:23Z,0,0
Ugw8-eQhGUyqVPNMtNZ4AaABAg,@schoeppemichael,"I guess if we have one day such a lift, wee transfer rotation energy of the earth. I guess this means that there is a side effect of a faster slowing down rotation (the moon slows us already down) and thus longer days?",2024-12-06T14:55:42Z,0,0
Ugx6L0rnxVEioIN_x694AaABAg,@WouterZtube,Wouldn’t you be spinning around if your at the poles with your ladder?,2024-12-06T14:44:47Z,0,0
UgwR1wXqeNWjXxUlUXh4AaABAg,@Dngguy0971,A boy is a gun*,2024-12-06T14:07:26Z,0,0
Ugx6jD7OH3iS3Bm2HRJ4AaABAg,@codycraft8426,"Fun fact. Japan recently released a plan to begin construction on the first space elevator. Construction is planned to begin in 2025, and is projected to take until 2050.",2024-12-06T14:02:32Z,0,0
UgyvmNW4P79ccbTVkbh4AaABAg,@ThisRealBilly,this short looks longer than 1 minute,2024-12-06T14:01:27Z,0,0
Ugy5TKc1zC1jaKJSF2h4AaABAg,@deathgun3110,Space elevator? Srsly? I'am still dreaming for global recognition of climate change.,2024-12-06T13:54:54Z,0,0
Ugy5uJOPU7gvDox3YYR4AaABAg,@efhi,Since when are YouTube shorts so long,2024-12-06T13:43:20Z,0,0
UgwycZD_zfjW-0d-94t4AaABAg,@nooneinparticular9837,But also (correct me if I'm wrong) if you're at the height of the space station you'd still fall right? Ypu'd have to reach the height of geostationary orbit to.. well orbit.,2024-12-06T13:37:29Z,0,1
UgxTF9b553-umq39OqN4AaABAg,@goosifyed9717,I imagine at least one person saying if you let go of the ladder it would start moving away and a part of my soul dies,2024-12-06T13:31:02Z,0,0
UgxXbOpPlbk3WKs1oWZ4AaABAg,@Crungin,What a thrill…,2024-12-06T13:25:28Z,0,0
Ugw21WBuDUhSjzueEOh4AaABAg,@sy-stussy,Space elevator can only happen without Muslims. Otherwise they’d fly into it,2024-12-06T13:24:49Z,0,0
UgyMBAbOdb8nkPsIK_d4AaABAg,@moncefuzumakie,ill die before i reach the end because no spacesuit xd,2024-12-06T13:18:59Z,0,0
Ugw5PHODISVeB_vqPPx4AaABAg,@norsuperxaborar5948,"""Hello guys and welcome to fact or cap""",2024-12-06T13:09:34Z,0,0
Ugw9fgqIzO5onFEl4Qh4AaABAg,@aisgamer1114,Oxygen left the chat 😂,2024-12-06T12:07:26Z,1,0
UgycZlPMNWZ6JvSrT794AaABAg,@Annou7la,Yes well the “I will just float” altitude is like 30.000km high. Not 400 like the iss,2024-12-06T12:06:42Z,0,0
UgytBRmq3HQYIF192U14AaABAg,@vonholtzendorff,"Come on guys, You're suggesting that you're in geostationary orbit, and you climb a little higher, and suddenly you have reached escape velocity.  No. You just enter an elliptical orbit with a higher apogee.  That's an embarrassing error for a channel boasts the highest level of scientific accuracy.",2024-12-06T12:00:18Z,0,0
Ugy7N9Lo9Go72prfhR54AaABAg,@Deogen-r6r,You need a ladder 3 times bigger than Earth to get you spinning with the earth (your target is geostationary orbit 42000+ kilometers away,2024-12-06T11:40:56Z,0,0
UgyhaJ8QnixGwJ3c50p4AaABAg,@randomcuber9921,Geostationary orbit,2024-12-06T10:28:37Z,0,0
UgxcwkwgzhbuBzYOQ2t4AaABAg,@Gumsaki,Fun fact: this short is longer than 1 minute,2024-12-06T09:56:42Z,0,0
Ugx__ZEz5Q06dJb5dQ94AaABAg,@DerekSmit,What happens when your theoretical ladder is so long the top of it reaches light speed? Would that slow down the earths rotation?,2024-12-06T09:44:31Z,0,0
UgzcFXAkjA6Klcu2xuh4AaABAg,@jinnchen2200,he tell me to be warn if i go higher like i actually can climb that high,2024-12-06T09:35:54Z,0,0
UgwC-DNMuSbVTIioqN94AaABAg,@jaredcardillo4525,Thank you for the info,2024-12-06T09:24:09Z,0,0
UgxBLV7VjyGixZFk5f94AaABAg,@thebrawlinghunter1899,What a thrill...,2024-12-06T09:10:28Z,0,0
UgzbvllfiyDhyEKWbs14AaABAg,@ggguser,Wouldn’t space elevator slow the Earth’s rotation?,2024-12-06T09:04:43Z,0,0
Ugx0VOpFN3Cu_u0DgkB4AaABAg,@ggguser,Wouldn’t space elevator slow the Earth’s rotation?,2024-12-06T09:04:25Z,0,0
UgyOCsVXBZfUpYjE0hR4AaABAg,@isetsunoda34,"first the orbital velocity of earth is 29.8 kp/s(kilometers per second) and at the equator earth only rotates at 0.4444 kps.
second higher orbits are slower then lower orbits this is how i like the think about it which is it going to take longer to go around a smaller or a bigger circle the smaller one 
for space this is because you need a higher velocity to maintain a 100km stable orbit then a 1000km orbit.",2024-12-06T09:01:47Z,0,0
UgwFtEy1NQ7CA3V3xfR4AaABAg,@22quasoo,"Youtube shorts❌️
Youtube medium✅️",2024-12-06T08:56:04Z,0,0
UgwfxlbjC9anwv8cfwt4AaABAg,@mayankyadav1379,"The problem is earth is moving on its own axis so not sure if you'll be falling on the poles , also the space elevator is extremely unlikely because the winds become too fast higher up we go also the direct radiation from the sun and weather events will damage the elevator maybe humanity can overcome these challenges and make a cool things i'd love to go on these things one day",2024-12-06T08:50:12Z,0,0
UgwO8oVNaV3zPw-93Y54AaABAg,@blankskater1,Slurm was a nice touch. Lol,2024-12-06T08:25:28Z,0,0
UgziJw_-C1y4MF7Mz8J4AaABAg,@xtroyr_5747,That spacesuit is looking kinda sus,2024-12-06T08:14:44Z,0,0
Ugx1EGJSLfFWtDZ4qnl4AaABAg,@eaglesclaws8,"Baby's building a tower into space, 
Where he's gonna go and fight his dad...",2024-12-06T08:08:43Z,0,0
UgxFQykxyGceI78D7bd4AaABAg,@Waiiskiiez,"start capitalise off shorts
essential components:
You need

 necessary information about about interesting topics such as your mom

Your welcome👍",2024-12-06T07:52:44Z,0,0
Ugy4tSoFYNSpSSDNwDB4AaABAg,@thetherrannative,"Don’t worry, I made sure to bring my water bucket.",2024-12-06T07:51:15Z,0,0
UgxzU2GD6pImflwJKtZ4AaABAg,@high_solder_tf2,*nake eater theme plays*,2024-12-06T07:40:19Z,0,0
Ugw7S80gD36bXXuzc0J4AaABAg,@DeepSpaceIndustriesLOL,"I feel like there’s a lower limit to the altitude you need to be at for this like you couldn’t do it at 120km or something ignoring drag you wouldn’t be going fast enough to stay in orbit, a day on earth is 24 hours and the international space station orbits the earth every 90 minutes in a normal circular orbit so in my mind you’d have to climb high enough to orbit the earth fast enough to stay in orbit, I do wonder where the sweet spot is",2024-12-06T07:33:33Z,0,0
Ugys_oKnpHr8VmUt2Ol4AaABAg,@isaacweingarten,You have been warned if you climb to high you might fry away😮,2024-12-06T07:33:07Z,0,0
UgwzmcI4lN5eXkjmg8V4AaABAg,@patpowers9210,"Surely if you climb high enough on a ladder at the North Pole, you'll reach a point where the Earth's gravity will be so tenuous that your rate of fall will be extremely slow.",2024-12-06T07:28:11Z,0,0
UgxFbZUTXcTrILsE6QJ4AaABAg,@JGeMcL,"I was so confused by the tires example! Not because of the difference in speed from the center to the edge, but because two different tires on the same care were shown going different speeds",2024-12-06T07:18:05Z,0,0
UgyWlXyaYi3m_PANR3B4AaABAg,@1Kekz,This is the first time the longer shorts ever worked for me. So far all the long shorts were displayed as a regular video for me.,2024-12-06T06:59:43Z,0,0
UgyO1bjCmMC3MoRkzO54AaABAg,@AshishBelladhi,Seriously ladder 🪜 😂,2024-12-06T06:56:17Z,0,0
Ugxv2pfW9FGFNfHtXTl4AaABAg,@eyadhani21,"Neither of them
You would just reach otherworld",2024-12-06T06:54:24Z,0,3
UgxHjQQCXjCNQy5AekZ4AaABAg,@KidPrarchord95,YouTube Mediums,2024-12-06T06:43:18Z,2,0
UgwutTiGPENWMljheIV4AaABAg,@gameknight504,Damn this ain't no shorts this is pants,2024-12-06T06:42:44Z,1,0
UgzIOqS3z75ubFS2sYF4AaABAg,@crewrangergaming9582,space scale is wrong.. It's like 1.5 inch above a normal classroom globe.,2024-12-06T06:36:49Z,0,0
UgwqydFUYnWEVVn6Pht4AaABAg,@jasujangid4108,So thats how kars feels,2024-12-06T06:35:08Z,0,0
UgzCRl8Gowi-mQArDgR4AaABAg,@The5rude,So that is why they launch rocket in florida?,2024-12-06T06:30:23Z,0,0
UgwWn-TmGxmAt1V0H9l4AaABAg,@Xinocho-Mito,"""Space elevator""
My dumbass: Ace Combat 7 now?",2024-12-06T06:27:35Z,0,0
UgzxMFgPnl4odWpfpQR4AaABAg,@pcatful,Arthur C. Clarke ... again.,2024-12-06T06:17:25Z,0,0
UgwZgrhgfKRiyG2ehfZ4AaABAg,@farrelgmail8264,Man i hope there's no war around the space elevator,2024-12-06T05:55:15Z,0,0
Ugw80ZGByOFvrQ52Gop4AaABAg,@wh1te_lizard,holy what is that dream future😭,2024-12-06T05:47:15Z,0,0
UgyHwzSNRjaz7SsEi6l4AaABAg,@cardboard_eater,How is this only 1 minute,2024-12-06T05:24:19Z,0,0
UgyqZS2-EA2NGfzvGBN4AaABAg,@anushkareddy3642,Guess I'll be floating then😂,2024-12-06T05:05:28Z,0,0
UgwgeEPh-OB2-WUHpQF4AaABAg,@BladedCreed,This is a very long ‘short’. Is YouTube now going to be filled with several minute long shorts?,2024-12-06T05:04:37Z,0,1
UgyE6l4QwP5rXB9e22J4AaABAg,@teogx1346,I will fall no matter where i olace the ladder since i dun think an ordinary person like me can climb all the way to space,2024-12-06T05:02:55Z,0,0
UgwXEmBLbdej1oeyNIJ4AaABAg,@slayer-asp-6670,"omori actually proved this, you cant let go, your actually attached to the ladder",2024-12-06T05:02:33Z,15,2
UgzgsFO8sk7Uja09xZ94AaABAg,@urijiahjadenmalapaya8386,Birb got the kars treatment,2024-12-06T04:55:42Z,0,0
Ugw3Kqfvfh3hn1jgZf54AaABAg,@wantapples,What a thrill...,2024-12-06T04:47:51Z,0,0
Ugy_YMLOvyXLgvPjWcx4AaABAg,@Purity_of_Essence,Imagine if you had a ladder made out of Strontium-90,2024-12-06T04:40:24Z,0,0
UgztZr3-dEvOdckbE_d4AaABAg,@Starkitty1,Love all of the Futurama references.  It made me watch to the end and enjoy it more. Thank you for this ❤😊,2024-12-06T04:35:53Z,26,0
Ugx0SseYQMho_lTerf94AaABAg,@fxgz9708,what a thrill,2024-12-06T04:26:16Z,0,0
UgyDAptNaUpu2qxIfGh4AaABAg,@samurai2871,Imagine how long a 10k elevator ride to space would take.,2024-12-06T04:21:59Z,0,0
UgyIiUZqd3wuyRZIrlt4AaABAg,@Somebodyy4,This was not a short it was a long lol but it was worth every minute,2024-12-06T04:14:32Z,0,0
UgzO7f7RnMlphCsagr94AaABAg,@FloraLemonYT,my heart dropped when i saw a plane fly past the building 😭,2024-12-06T04:09:21Z,0,0
UgxI7nCnXXLN3LEf4Bd4AaABAg,@samarthverma1347,But we're melting them away,2024-12-06T04:02:25Z,0,0
UgxLEog_Mj_-5TrSkNB4AaABAg,@zufinfluby,"This may be way too much work, but as an aspirational channel could we have a train or some other mass transit method to get to the space elevator instead of all the traffic?",2024-12-06T03:33:28Z,0,0
UgwVGyNomK6L3ifjZVV4AaABAg,@ItsQualia,That tall car thing is from Spider-Man 2099’s universe,2024-12-06T03:32:47Z,0,0
UgyKzW7EfNvY08BJqmR4AaABAg,@NumNumbat,Kudos!  A thought experiment that teaches something I didn't really know.,2024-12-06T03:23:58Z,0,0
Ugw_9MJWLyHd3fFzt254AaABAg,@EricsonKastning-u9g,That's crazy,2024-12-06T03:07:00Z,0,0
Ugxxv1lByB5ADN5Xh9B4AaABAg,@sherrymolnar1074,"I learned something I can't do, great",2024-12-06T02:32:16Z,0,0
UgyyXfm4k4slUbtJtpx4AaABAg,@MaxHackbarth,Love the shorts that are over a minute long now,2024-12-06T01:56:59Z,0,0
UgwwFEAxbhxZs9IwSxl4AaABAg,@electro21z,Me reading the comments searching for an omori reference 😭,2024-12-06T01:53:39Z,4,2
Ugwl95I86DMDpJPioxd4AaABAg,@Jartyscape,"They should talk about an orbital launcher, since we kinda have one now.",2024-12-06T01:45:28Z,0,0
UgyYVrf-6TIYPRGeR3J4AaABAg,@pancreascristao9696,I want a stellar engine músic remake,2024-12-06T00:55:49Z,0,0
UgwvFVo0YAbe49j26_l4AaABAg,@Jim_Theguy,actualy you would die of old age if you climbed a ladder that high,2024-12-06T00:28:29Z,1,0
Ugwst49WCXmAcrc_3G94AaABAg,@UwUchibix,That's just asking for someone to blow it up,2024-12-06T00:10:06Z,0,0
UgzTHpEIi_6VjBy48v94AaABAg,@Wawa_cat123,Dude this video was long,2024-12-05T22:42:49Z,0,0
UgyxS4OWwrsSZ5butXt4AaABAg,@0GlassOfAcid0,This is something Seto Kaiba would fund.,2024-12-05T21:52:01Z,0,0
UgweEzmpvtLn-sF808N4AaABAg,@TuberTugger,"First explains that you gain orbital velocity by the ladder pushing against you, then claims you climbing past the ladder will give you more orbital velocity to the point of escaping the Earth. 

Where does that extra velocity come from?",2024-12-05T21:50:25Z,0,0
UgyTdDf7cY2NY2Z9LUt4AaABAg,@tymongajewski2816,These beats go crazy,2024-12-05T21:37:21Z,0,0
Ugyxt1INkau-RxPQzk14AaABAg,@antoniolewit7852,“This is the longest short I’ve ever seen” is a sentence that only makes sense in the modern day,2024-12-05T20:51:45Z,0,0
Ugz3C33c9zb2Y-bCiuF4AaABAg,@knicechawt,"One interesting thing i learned from kerbal space program is that even if you were at the poles, if you get high enough, even lightly pushing off the ladder would give you enough horizontal momentum to orbit (assuming one body physics of course)",2024-12-05T20:47:45Z,0,0
UgxmAelz5SgO3-w4fLV4AaABAg,@Ricy013,So what if you would teleport from northpole to equator,2024-12-05T20:37:38Z,0,0
UgzZpAK-vfUzsdKPI2R4AaABAg,@DemonAltAlt,But first i have to climb this 10000M ladder to get up! What a thrill!,2024-12-05T20:26:34Z,0,0
Ugy7I9T2sVcmyDBOsu14AaABAg,@Shoeelacee,"Basically, you'll die no matter what.",2024-12-05T20:19:37Z,1,0
Ugz7RJI-PxultTYOUZF4AaABAg,@ervix01,I realized this short is longer than 1 minute,2024-12-05T20:12:08Z,0,0
UgzZlAcxP8mcMpzzEaN4AaABAg,@xzwep,the music is fire bruh,2024-12-05T20:03:24Z,0,0
UgyYA3skFGIq81H4E2F4AaABAg,@Magic_spoon-x8q,"The way he says ""but dont climb to high"" like people are going to casually do something like this😂",2024-12-05T19:51:22Z,0,0
UgxzC3fNMJ0uRWhm2hV4AaABAg,@SuperGr8Nate,"Great idea with a space elevator, but the last time there were tall towers that… uh… I’ll stop now.",2024-12-05T19:10:19Z,0,0
Ugw2_nIFoj95Grbv7Ft4AaABAg,@avannen0109,I'm so damn glad Kurzgesagt now has triple the time to explain hypothetical silly questions like these on their shorts,2024-12-05T19:07:48Z,652,2
UgwpaZG1p3wXZWzR3d14AaABAg,@jakehinton732,I won a science competition by demonstrating this exact principle when I was in 5th grade,2024-12-05T19:04:57Z,0,0
UgwKr_uZuQmNLWFpOG54AaABAg,@IliasAbdell,He got a tail so cute😂,2024-12-05T18:56:23Z,0,0
UgweID2VQxiNbVdYz7N4AaABAg,@eggdude-n5q,"However, the ladder would probably fall over before you can actually climb it",2024-12-05T18:34:48Z,1,0
UgzxO7dbiFlFM5huibR4AaABAg,@Otis151,It’s true. I tried it and am now hurdling through space after climbing too high.,2024-12-05T18:30:56Z,0,0
Ugzwnyle06d3Hmeqna14AaABAg,@emadhussain3095,We bouta get our attention span back with this one 🔥🔥,2024-12-05T18:27:43Z,0,0
Ugy7Q-UKqnpRLCREO8h4AaABAg,@portugalsud2924,In a sphere that rotates almost at the speed of light the top of the ladder will surpass the speed of light ?,2024-12-05T17:53:30Z,0,0
UgxeatcVuJYQTj73rDl4AaABAg,@potato8799,I think this is the longes short in history,2024-12-05T17:22:37Z,1,0
Ugxq0GKNGjMHDFcf8yx4AaABAg,@ReviewsAndHowTos,Loving the new YouTube shlongs.,2024-12-05T16:59:54Z,0,0
Ugw7E20_yFTIPq4yedh4AaABAg,@KME4698,"Called Geostationary altitude, it is approximately 36,000km above the Earth",2024-12-05T16:13:41Z,0,0
Ugyi5FY7gNlh8Oifr694AaABAg,@derpataur1162,There is no way I'd ever trust a space elevator.,2024-12-05T15:58:20Z,0,0
Ugx9VaNSmsaBz5y4xZt4AaABAg,@SvenDabritz-MausisSendung,I love this content👍,2024-12-05T15:17:50Z,0,0
UgyYjMWT2RIt1x4s2_V4AaABAg,@andyk9902,"If I see a super long ladder I would say ""what a thrill""",2024-12-05T15:08:16Z,0,0
UgwSODn4zFeE7jeyrxJ4AaABAg,@tacticaloil6196,I will remember this when im climbing a ladder into space😃👍,2024-12-05T15:05:23Z,0,0
UgypjdYf2TeyPQRDPfl4AaABAg,@mrfriespotato2834,"One thing that no one absolutely does in anti gravity superpower

If you make something's gravity 0, it won't just flow it will fly upwards so fast it'll disappear the next frame you see

It's like a spinning rock with a rope, you let it go and it flies",2024-12-05T14:43:20Z,0,0
UgweYcx3jy1-u7GHfCN4AaABAg,@e12345-b,"Wow, this is really interesting! Imagine being at the border of floating and falling, one inch away from skydiving.",2024-12-05T14:20:11Z,0,0
Ugx9Tfr8ONJOLPB1iwd4AaABAg,@JailbreakMoments,"On a random note, you could also use this ridiculous hypothetical to prove the earth isn’t flat.",2024-12-05T14:16:58Z,1,0
Ugx9-dOdWNC5uzWwBIh4AaABAg,@Proajaysangamhansda,Can you make star birds free ?,2024-12-05T14:16:22Z,0,0
UgwbrSC3cmKEvZLQWjZ4AaABAg,@yusefalcamachi1562,"A wheel has two faces, so what happens in the north pole must also happens in the south one.",2024-12-05T14:16:11Z,1,0
UgyvM17OtnwtAeyGHsJ4AaABAg,@jasonshadiqwahyudi3067,"fun fact, some mecha scifi iteration like gundam 00 had this tech where there is a train or lift to the space",2024-12-05T14:13:36Z,0,0
UgxXvRSCt4p8Tjyv5Lt4AaABAg,@maximusmeridus4607,How long would it take to climb the latter,2024-12-05T14:02:25Z,0,0
UgxmksiDJ63tc8RIy_R4AaABAg,@ThatRobloxianGamer,"Well you will die because of the little air and if you did have a oxygen mask you could run out of energy and fall about halfway and the latter would be near or about 60 or more 





Thats a lot of latter bars",2024-12-05T14:01:02Z,0,0
UgzotnIYg7mcz_H-ifN4AaABAg,@IronFanEdits,IT'S NOT A SHORT IT'S A MEDIUM🗣️🗣️,2024-12-05T13:39:00Z,1,0
Ugxh2fabsUMqVKvYY114AaABAg,@teodorsoltan7528,Nice game design to make the earth rotate once a day..,2024-12-05T12:33:38Z,0,0
UgxaAdMR08mIDk6QXUN4AaABAg,@blaster-zy7xx,The ladder reaches space ( 100 miles would do it)long before it will allow you to let go and float. That is called geosynchronous orbit and is 22 thousand miles up. Big difference.,2024-12-05T12:29:25Z,0,0
UgxtSaUwF-J01YnGwnN4AaABAg,@FabricioLucianoCastillo,You wouldn't burn while falling..you would reach terminal velocity and slow down a bit when there's more atmosphere but just fall to the ground,2024-12-05T12:10:32Z,0,0
UgziE3-GIyg_l0vyS8J4AaABAg,@TF2CrunchyFrog,"What the techbros who read about ""space elevators"" in Scifi novels and got excited are missing, are some crucial details:
1. While it's _technically_ possible, on paper, to design a space elevator, the most glaring problem is: _We don't have any lightweight materials with enough tensile strength for that hypothetical 60+km long cable!_ And it might in fact be impossible in the real world. Every rope or cable has a specific length, depending on its material, its diameter and tensile strength and other physics variables, where it will simply snap _under its own weight,_ before you even put elevator cabins on it!

Also, your magical supermaterial should be impervious to day-and-night cycle heating and cooling, because you really don't want these cables to elongate and shrink again too much!

2. Assuming you found your magical material to magically make 60+km long ropes from it, you now have to anchor one end in the ground, then somehow get the other end ito orbit and tether it there (to an orbital ring you magicall built), with the weight of the rest of the cable between it. Likely by letting down a cable from orbit, then using it to pull up your first cable.

3. Congrats, you now have giant endless cables stretching from the equator to orbit. Wind pressure on these xables, especially at the layer of the jet stream air currents, is enormous. And when they start to vibrate, they will _hum._ And also rip the orbital ring apart. Or rip its anchor from the ground, so you have a giant block of rock swinging around. Cheers!

4. Your ""fence"" of giant cables is also a real threat to aircraft, other spacecraft, whatever.

5. And should one of those giant cables ever _rip apart,_ be it from material failure (wind pressure, heating, cooling) or terrorist attacks or plain old wars, you now have several dozen kilometers of thick cable falling from orbit, slicing through the air, heating up from air resistance as it whips towards the ground while the planet below rotates. Oh, and on the topic of whips... you do know that whips make that loud snapping sound because the end of a whip's cord moves at supersonic speed, yes? Now imagine that with a 60+km long giant red-hot cable.... before it slams into the ground, obliterating entire cities, forest, agricultural land, damming rivers, creating a cloud of dust and debris. Enjoy.",2024-12-05T12:07:56Z,0,0
UgzOqT8M3ROWo-krDc14AaABAg,@Fahmi4869,Make sure you play the Snake Eater song while climbing the ladder,2024-12-05T12:07:15Z,0,0
UgyYv9sJbH9txrRxWL14AaABAg,@szymondemski2557,Ahem ace combat ahem,2024-12-05T12:02:56Z,0,0
UgwQqsK4ZgOx8g1m-b54AaABAg,@funnypranksandcrafts6234,that was the longest 2.30 min ever,2024-12-05T11:52:09Z,0,0
Ugz_BZQlac_XB-lWqNp4AaABAg,@Commandman1,Time to break like a thousand logs to craft some stairs.,2024-12-05T11:48:08Z,0,0
Ugw2zyA27F8YP_HkMup4AaABAg,@hk02YT,kurgezast forgot humans cant breathe in space!?!?!,2024-12-05T11:43:50Z,0,0
Ugxmo3K8PM8uVEynlH14AaABAg,@youhan9574,"climbing that ladder...

what a thrill",2024-12-05T11:42:06Z,0,0
UgzKrvJ0bzgA12vkvi54AaABAg,@Masstoppe,I dosent make any sense. Sattelites needs to orbit alot faster then the rotation speed at the equator in order to stay in low orbit.  The ladder would need to be in extremely high orbit yes?,2024-12-05T11:38:52Z,0,0
Ugwnw-aF8aJU_R4t4sh4AaABAg,@Bukki13,2 and a half minute short,2024-12-05T11:29:29Z,0,0
UgwJ78rDbXZVhRS8aTZ4AaABAg,@diegosenders8440,"@kurzgesagt in the case of the north pole ladder, why would you burn if you fall? My understanding is that the satellites and space ships coming down to earth reduce their high speed by smashing through the atmosphere. But as you mentioned in the video, if you are over the north pole, you would not be moving. It would be like jumping from really high with a parachute. Once you've reached terminal velocity,  acceleration would stop, wouldn't it?",2024-12-05T11:26:49Z,0,0
UgxsKRMe_6x952xp9IB4AaABAg,@SMB1568HPlaysOMSI,Im near the equator so cool,2024-12-05T11:20:51Z,0,0
Ugzb5-qpzWwXMOqGWVh4AaABAg,@antoninolocicero7193,Making shorts longer is truly the best for this channel,2024-12-05T11:12:28Z,4,0
UgyKZRCngd56HOOD86h4AaABAg,@jayaandrias3079,"Reminds me of Gundam 00, when humankind make Orbital Elevator",2024-12-05T10:36:01Z,0,0
Ugze9el8xtSmVjudT014AaABAg,@localpieceofcheese,I would be climbing that if it weren't for my stairs giving me the fear of heights,2024-12-05T10:30:47Z,0,0
UgzkmRA4jwqFGHXn2dh4AaABAg,@velocityraptor2890,What a thrill,2024-12-05T09:24:30Z,0,0
UgxuygE1zAL_085Alhd4AaABAg,@fishstks9677,I’m guessing you’d die from being in space.,2024-12-05T09:20:49Z,0,0
UgwxMOjSeqtgd4TrI594AaABAg,@dawnhero6439,"Wait, peopl at the equator are going considerable faster than people towards the poles? That's super interesting. You'd think people would notice difference if they took an airplane, but I guess the speed changes with the airplane's route? Oooo, this sounds like a problem for teleporting.",2024-12-05T09:04:53Z,0,2
UgzXkNdevEAAMqQv1VB4AaABAg,@samuelmaliti,"I'm no rocket scientist, but I think shorts got longer 🥲",2024-12-05T08:52:50Z,0,0
UgwkgaaFgqjTEAb887N4AaABAg,@stefanushaikal12,Bro i thoughts i was crazy for a second how 1 minute short can be this long,2024-12-05T08:25:51Z,0,0
UgyJUA3qwbIj4FK6KQt4AaABAg,@joskiller3163,Everybody gangsta until the tower is created and its 2101,2024-12-05T08:24:58Z,0,0
UgzVcTlQbFbURHUGxGN4AaABAg,@Biblicallyaccuratezealot,We tried the space elevator once and now we all have different languages. Imagine what will happen the second time,2024-12-05T08:03:42Z,0,0
UgxdRT7H9UGhtj4HDtd4AaABAg,@Jeff-cr9ho,Mind blown,2024-12-05T07:28:30Z,0,0
Ugzp8jqU1EXzIQjTrBp4AaABAg,@MrazLin,"What will happen if you climb a ladder into the space?
*-you will die from the vacuum-*",2024-12-05T07:24:54Z,4,0
UgyrhKrxCZTjHiaPS054AaABAg,@rshinra,"you wouldn't burn up on re-entry because you're not moving fast enough (depending on how high the ladder is) to achieve Mach numbers that induce that high of shocks.  the shuttle re entered at 15k+ miles per hour and developed shocks in the Mach 25-30 range.  you'd fall and speed up to some speed, but not close to 1000s of mph",2024-12-05T07:23:07Z,0,0
UgxgLW_JSXJxeY47uPJ4AaABAg,@prof7304,"The centrifugal acceleration is 
a = v²/r 
The gravitational acceleration equals 
a = 9,81 m/s²

The earth rotates once every 24 hours aka 86,400 seconds. The distance you move during that time is 
s = 2πr 
So the speed you go relative to the radius is 
v = 2πr/86,400s 

Now we can bring the equations together in order to calculate what radius you would need in order to float like a sattelite: 

9,81 m/s² = (2πr/86,400s)²/r 

Meaning 

r = 86,400² 9,81/(4π²) m = 1,854,969,424m 

The earths Radius is 
6,378,000 m 

So you would need to climb the ladder around 
1,850,000,000 m!",2024-12-05T07:18:44Z,2,5
UgxplCHpz6_ECmGG5X14AaABAg,@dysn3961,"Hm, so if a space elevator is ever constructed, they would be built at the top or bottom of the planet, practically serving as literal poles of the Earth",2024-12-05T07:12:07Z,0,0
UgwnDzp0-l-0DWoR3rV4AaABAg,@FullStopHongLu,"Eventually, the birb stopped thinking.",2024-12-05T07:10:46Z,0,0
UgyOWb17Bi-d5DBfnH94AaABAg,@eVGEGENY_AntiFurry,"I crash, Into the Earth!

If you know, you know",2024-12-05T07:08:33Z,0,0
UgwNTzUL3sj7dhVMvK94AaABAg,@ConorWalker03,This the kind of shit I think of at 3am,2024-12-05T06:49:00Z,0,0
UgzP-h3c86YL8vZ083Z4AaABAg,@PippeML,"This has to be the best YT short I've ever seen, I didn't know any of that!",2024-12-05T06:38:06Z,0,0
Ugx-X_jXMRLbbcHv8AR4AaABAg,@sanelvukadinovic6344,I would shit my pants on the first kilometer,2024-12-05T06:36:42Z,0,0
UgwmuByNhpn-E7YB_vp4AaABAg,@WLthesomething,You’d have to reach the height of geostationary orbit to not fall if your ladder is on the equator. Lots of satellites orbit below this.,2024-12-05T06:35:14Z,0,0
Ugx-LDG8tO936OiPOkF4AaABAg,@ClaudiuAvram,"At 0:48, the Earth is spinning backwards",2024-12-05T06:14:34Z,0,0
UgwY3n7sZOfi5Z6YuDV4AaABAg,@IsotopeInfinity,"You would have to get to geostationary orbit, which is way higher than a normal orbit. (35,786km)",2024-12-05T06:04:49Z,0,0
UgyLIyEnZ4K0xmaq4wx4AaABAg,@XxMADAX_XFAKAxX,"Youtube short: no
Youtube long: yes",2024-12-05T05:39:53Z,0,0
Ugxy66zVS6lnPQul2_F4AaABAg,@goodnightut,"If you climb higher than geo stationary orbit, you won't escape earths orbit, you'll just enter a more eccentric orbit, but will collide with the ladder again after you let go. you have to climb much much higher to enter a hyperbolic orbit",2024-12-05T05:23:26Z,0,0
UgwDyeCapsm5nhusOu54AaABAg,@LEOG31,Since when YouTube shorts became so long? 💀,2024-12-05T05:03:29Z,0,2
UgzuE1U1pa_eXObFkw14AaABAg,@ya_me_cansé,a tower into the heavens? the shit that made languages be added?,2024-12-05T04:52:32Z,1,0
Ugw-LFVmcHvSdrHeaHZ4AaABAg,@cognisant307,"Space elevators are a simple concept, but they're arguably the least feasible method of getting to space that isn't outright impossible.",2024-12-05T04:40:37Z,0,0
UgxdHQoDj87uOMcHJfN4AaABAg,@theone3152,I was so invested that I didn't even realize this was the longest short I ever saw.,2024-12-05T04:11:09Z,0,0
Ugw8uwN06DjpAd8d1wB4AaABAg,@shanegrewell4991,"Gravity would slowly pull you back in, at a faster and faster rate",2024-12-05T03:46:33Z,0,0
Ugwp0B5zMPOXCN2Oi714AaABAg,@Ericonamor,"The most interesting place to place the ladder would be between the equator and the pole, since even if you were at a height that let you stay in orbit on the same height as the ladder, it would rotate away from you since it isn't moving around an equator but a tighter circle across the surface of the planet, while you'd continue straight to circle the planet entirely.",2024-12-05T03:27:26Z,2,1
UgzPb2MjZfGT5xRCVzV4AaABAg,@rubenleal4821,"That would have to be a 22.2k-mile tall ladder. You would have to reach geosynchronous orbit. A ladder any smaller, and you would fall just like the Red Bull jump from space.
As Elon Musk once said: Gravity at Low Earth Orbit (LEO) is almost as strong as at sea level. That's why spacecraft must travel a minimum of 17k/mph to counter the effects of Earth's gravitational pull.",2024-12-05T03:27:21Z,0,0
UgyIfp5QPDfC_DlVHEp4AaABAg,@IAMBATMAN3,Good to know 😅 I'll keep in mind not doing this thanks,2024-12-05T03:13:03Z,0,0
UgxnbSyHFbvn_NNMxYV4AaABAg,@aerowenn433,You won’t necessarily burn up. Would have to be very high to build that much velocity before encountering atmosphere.,2024-12-05T03:10:29Z,0,0
Ugw1ZsN412oLM0fOsfB4AaABAg,@Dragonader,"""Be warned of going further than the ladder"" 
Me: ah yes, let me just grab my ladder now that i know what not to do. xD",2024-12-05T02:59:53Z,0,0
Ugwu6gr3GFa8mo9j_jd4AaABAg,@ArciroGS,So the space elevator is better in the ecuator? But wont the winds hit it constantly and maybe break it?,2024-12-05T02:48:31Z,0,0
UgwJHwAT5waOkFxfX6h4AaABAg,@LokiAndLoiDontGiveADamn,"That’s what those towers were for in the Stellar Blade, nice.",2024-12-05T02:37:01Z,0,0
UgzP693VM-F2XEruvDV4AaABAg,@budgiemaster2137,The rotating speed is misleading because rotation is not measured in velocity it is in rotations per amount of time in this case 1 rpd which is very slow,2024-12-05T02:35:22Z,0,0
UgxdldODYAl9mnxmXo14AaABAg,@MiloDondis,I'm glad that YouTube allows 3 minute shorts now,2024-12-05T02:22:21Z,0,0
UgwKEiU_3lURVQnJcnd4AaABAg,@emix7409,YouTube medium,2024-12-05T02:11:33Z,0,0
UgxRH6MB3OUgmlQEF5F4AaABAg,@Dragoul27,"Yt shorts ❌ 
Yt pant ✔️",2024-12-05T02:09:31Z,1,0
Ugwpd-hEXTKQfEVMXd94AaABAg,@The_Real_STRANGER,This feels so long 😭,2024-12-05T02:02:07Z,0,0
UgyDEe3A-sSIOoVNV2Z4AaABAg,@chrishawth1589,That was like a documentary.,2024-12-05T01:57:14Z,0,0
UgznV_mim4HiS0GZqGN4AaABAg,@mandar3567,But what if we climb the ladder at the north pole so high that we are out of Earth's gravitational pull's reach?,2024-12-05T01:51:28Z,0,0
UgxPIwhJzPcxA1WDz714AaABAg,@DollarStoreAbomination,"So we'd have Space Elevators designated at the North and South Pole respectively.

I kinda like that",2024-12-05T01:41:24Z,0,0
UgzTGW8LgrYTWZnRIId4AaABAg,@JaTjr32,So cool!,2024-12-05T01:37:47Z,0,0
UgyNxD6Jq6uHklyhzXF4AaABAg,@HawkOfLight1,But the eerf is flat so you would fall up,2024-12-05T01:35:44Z,0,1
Ugw4y3KU4h6zCQyoWwd4AaABAg,@rappadapp,Beware of flat earthers getting ahold of this & misquote & misunderstand this to infinity,2024-12-05T01:30:04Z,1,0
UgygjLfrUWXgP_F94zZ4AaABAg,@NoPodcastsHere,"Not just different speeds, different directions too! The top of the wheel reaches 2x the net speed in order that the bottom of the wheel maintains a no-slip contact with the ground.",2024-12-05T01:25:57Z,0,0
UgxLjprROz_QxIcXTNJ4AaABAg,@vasilischatzipanagiotou9051,Nice lesson for 2nd class (8 years old people),2024-12-05T01:22:55Z,0,0
UgycPx4uik_ZlPYhFFB4AaABAg,@GGBlaster,Noooo the poor bird 😭,2024-12-05T01:18:00Z,0,0
UgxGJfspgj6InrljGZ54AaABAg,@eugene7764,"Ok, thank you. I will make sure I don't climb a ladder that goes to space, especially if it is in the north/south pole",2024-12-05T01:14:28Z,0,0
Ugzt7rgGGp6wRF3sQGZ4AaABAg,@christian-w7z3t,How far away could you be on the ground and still see it,2024-12-05T01:12:56Z,0,0
UgyoaKW65rtMffXkLeN4AaABAg,@efe099,Wait isnt it the elevator on the first book of foundation series,2024-12-05T00:41:37Z,0,0
UgywX7ithzm6SAHGd9t4AaABAg,@F1zzee,"""imagine a future with a massive tower, extending tens of thousands of kilometres into the sky-"" YEAH I THINK WE HAD A STORY ABOUT THAT. ONE THAT SEVERELY FUCKED HUMANITY OVER. MAYBE WE DON'T???",2024-12-05T00:31:27Z,0,4
UgxcynEiLa8rKHb0XSd4AaABAg,@Its_Pronounced_Heezee,"- I go back down the ladder.
- I call up a buncha new friends. (Various government officials from around the world.)
- We build a big-ass frame around the ladder.
- We build a bunch of elevators into the frame.
- We made a giant platform at the top of the frame.

Bam, just brought Humanity forty years closer to permanent Human habitation on the moon.

Checkmate, Newton.",2024-12-05T00:28:37Z,0,0
Ugxwnaq0rN7hERA5uL94AaABAg,@stain255,"Youd be Hector, thats what would happen",2024-12-05T00:28:30Z,0,0
UgxOGgGXL1qpIPv8WMp4AaABAg,@Xellos357,So youre telling me that there is a gravity hole at the north pole?,2024-12-05T00:13:32Z,0,2
UgxC4NoKLCT7ZKSLGnZ4AaABAg,@SylvieBellefeuille,"Bro, people may make the thing from Satisfactory into a possibly real thing",2024-12-05T00:02:54Z,0,0
Ugy1kAq520nIlHq2Kdp4AaABAg,@matteomeoni2109,"If you let go at the top of the ladder in the north pole you will not burn during the rientry because you did not speed up at all, you'll just fall normally like Felix Baumgartner",2024-12-05T00:02:33Z,0,1
Ugz2ens2dcAaAXX5AiF4AaABAg,@I.Am.FurFreak,"We also have to take in that the Earth's axis rotates in the year, so your adding another variable to it.",2024-12-04T23:54:48Z,0,2
UgzUJhBd0GVJMbWGxJ14AaABAg,@JokerChany,Also remember this does not mean you can breath at those heights you'll die much sooner than finishing the climb,2024-12-04T23:47:13Z,0,0
UgwASmt_gIdur_RXpYB4AaABAg,@butterkirby1,The ladder would have to reach geostationary orbit. Which is much higher than it looks here.,2024-12-04T23:18:52Z,0,0
Ugxor9MTjvKqfi1JObh4AaABAg,@glipper6695,You get hit in the face with the ladder.,2024-12-04T23:18:35Z,1,0
UgzTzxH4qAhwMvhbtkZ4AaABAg,@Vic_Runt,The answer is the ladder would fall with u on it because it is leaning against nothing,2024-12-04T23:07:43Z,0,0
UgxsRt_DiPLO8-tUD4h4AaABAg,@spacecowboy2957,You'd be in geosynchronous or geostationary orbit and simply float next to the ladder assuming that you don't push off at all. And that's also assuming that you climb high enough that you're within the range where your orbital path is synchronized with your fall and you'll simply fall around the Earth in perpetuity. That's how communications satelites stay in orbit despite each one being located in a fixed position directly over one set spot.,2024-12-04T22:54:53Z,0,0
UgwLl2EEXfk2jRTSwsF4AaABAg,@simon9548,"At the North Pole, wouldn't you start spinning like crazy when you are at the top and let go?",2024-12-04T22:48:41Z,0,1
UgyQy4_7wxZAMoM9p9Z4AaABAg,@pentagonyx,What a thrill,2024-12-04T22:38:27Z,0,0
UgwgqiZaEzCfmj2OV314AaABAg,@williamsutton6738,"Men don’t actually want fake women, they just want affection and kindness, and can’t find it anywhere else.",2024-12-04T22:26:48Z,0,0
UgwCI4II70T7JMHGZr54AaABAg,@MarkusAxunIllianus,"But it surely also depends on how far away you are from the earths core. At some point you are going to be far enough out that you can let go from the ladder, even if it extends from the north pole.",2024-12-04T22:22:38Z,0,0
UgwmcFI96VLZCF_OYk94AaABAg,@williamsutton6738,"Men shouldn’t be hated for seeking affection and happiness that they can’t get in real life, women should be judged for being so cold and dismissive towards men’s issues.",2024-12-04T22:21:49Z,0,0
Ugz6MLgifNCuvoTybBZ4AaABAg,@williamsutton6738,"“Can you hold the damn ladder straight?!”

What he wants me to do:",2024-12-04T22:18:34Z,0,0
UgyfcXewQavv8xVXJ114AaABAg,@Uzerana,Banger music isnt it? Just as banger as you hitting the ground at 200mph,2024-12-04T22:17:01Z,0,0
Ugzo6JTfLkKzsDBbmx14AaABAg,@YodaMan-420,imagine a tower... or two... really high with lots of people in them. what could possibly go wrong a couple of decades ago because we already know?,2024-12-04T22:10:34Z,0,0
UgwHN-Z53aPwEQT3naN4AaABAg,@doobthegreat,"Man, this 3 minute short was a great idea. Props to TikTok for coming up with it, and shame on Youtube for stealing it 3 years later",2024-12-04T22:09:27Z,0,1
UgyGrSJ_0HLszPT5NqF4AaABAg,@BlaTaN,"Whether a tower or some kind of tether, ITS A BAD IDEA!

Imagine the tether (Massive line attached) that snaps at the high end, but still attached to earth, you don't want to be near that when it comes down.  Same for some ridiculously sized building, anything lobbed off, or falls off or crumbles off, well again, you don't want to be anywhere in the vicinity of that.  

Interesting and fascinating for SCI FI thinking, but for reality, there is much safer and better ways for humans to travel to space. An elevator is in reality just ridiculous, costly, and unsafe. Not to mention the technology required for this to become an actual thing that is considered safe, is many, many, many decades away.

Nice vid though!",2024-12-04T21:59:45Z,0,0
Ugw641mS-IGeadPWYRZ4AaABAg,@Jeancahu,Last time humans tried this we all started talking different languages,2024-12-04T21:56:52Z,0,0
UgzOJ4Fkv3OdJ_HunUZ4AaABAg,@r4z0r84,Space elevator reminds me of willy wonkas but instead of floating its got multiple solid rocket boosters 😂,2024-12-04T21:44:46Z,0,0
UgzA1yaaU0LL_-gf33Z4AaABAg,@DEMONAERONAUTICS,"Me:
""Hears space elevator""
ACE COMBAT 7 PTSD IS KICKING IN",2024-12-04T21:39:48Z,0,0
UgyzVxHJFcTF3iaCvpt4AaABAg,@supremegmb9773,We have too much space debris to have a space ladder.,2024-12-04T21:33:25Z,0,0
UgxGDP_SgOESCJ2BkKV4AaABAg,@kazumii9872,I guess I’m gonna go find a mixtape in the junkyard now that I can go to OTHERWORLD,2024-12-04T21:29:35Z,1,0
UgwirqPinjkNBFDrOE14AaABAg,@GageKeller-q7h,It's a bird. Just fly up.,2024-12-04T21:26:38Z,0,1
UgzPC0-98-Qz5G4BeA54AaABAg,@MilenaArtjoms,"So as long as your reality is moving at the same frequency as you you don’t question it, I think lay down now😭🫠",2024-12-04T21:00:56Z,0,0
Ugz9wn76YUabfUIXWm94AaABAg,@lanalandres,"Neither, you'd die of lack of oxygen 😅",2024-12-04T20:51:23Z,0,0
UgxoYaJ2yMRxr28EYBB4AaABAg,@lowbudgetprod,what a thrill,2024-12-04T20:33:07Z,0,0
UgyNhkN8MyWPDGqBGih4AaABAg,@GoosiestGas,this guy teacher better that my teacher,2024-12-04T20:31:09Z,0,0
UgxIyBxpTdqXhd0oe9B4AaABAg,@n0o-by1,None of that. You would run out of oxygen and die.,2024-12-04T20:20:30Z,1,0
UgzrcUH8tQo-f-mS2I54AaABAg,@Ryor97,"youtube shorts are healing our attention spans with this, one minute at a time 🗣️🗣️🗣️🗣️🔥🔥",2024-12-04T20:17:47Z,144,1
UgxbvfyYnfzlJpFzLL54AaABAg,@Glitch_Worm,Satisfactory space elevator go brrrrr,2024-12-04T20:16:49Z,0,0
UgzgGXFGc9w2JtKlyVZ4AaABAg,@ganz_simple,"YouTube Shorts ❌
YouTube Medium ✅",2024-12-04T20:09:09Z,2,0
UgxPcm-0L25Yy-dzmcZ4AaABAg,@bestiale_04,*eventually he stopped thinking*,2024-12-04T19:57:41Z,0,0
UgzHc4SRHv7ALW0hnk14AaABAg,@Mentelgen229,"After a while, he stopped thinking",2024-12-04T19:45:22Z,0,0
Ugz0VPnvtoA9tE3n1vR4AaABAg,@spadaacca,Ah crap I’m climbing up from the north pole at the moment and just saw this,2024-12-04T19:44:58Z,0,0
Ugx0aZfeyZd2P8XW4z94AaABAg,@was_machin8060,"well i do mind, i hate moving so fast all the time",2024-12-04T19:43:33Z,0,0
UgzX6S9kHK8AeCOFyw54AaABAg,@ArchMagos_Stainless,"Does that mean that it’s harder to break the sound barrier at the equator, and easier at the poles?",2024-12-04T19:31:03Z,0,0
UgxwxCfRjcXn8fV_JXJ4AaABAg,@Urbaez22,"There's an error in the video.. If the bird falls from the ladder in the pole, it won't generate plasma, because its speed will be as much as 1.5 times the speed of sound, not above that.. Spaceships or capsules generate plasma when they fall because their speed is at least 20 times the speed of sound, and they compress the air before them with a formidable force.. Plasma is not the product of air drag on the ship..",2024-12-04T19:21:08Z,0,0
UgzsxRXnznLUkgqsYzd4AaABAg,@KestrelForever,"... huh, climbing the ladder you'd experience the acceleration, huh?",2024-12-04T19:15:32Z,0,0
UgwcovRmRoeEvRgek_R4AaABAg,@piet7617,"Bullshit! Get your physics right: If the ladder were reeeally long (reaching hiiigh) at the equator and you climb as high as you like and let go, you'll never fly off into space, because you'll always have the exact speed necessary for orbiting the Earth at that altitude!

And you won't burn up when falling off the ladder standing at the poles. Why would you?! You'll never go faster than the eqilibrium speed of a free fall, which depends on gravity and air resistance and prevents you from getting incinerated!",2024-12-04T18:50:15Z,0,3
UgzuRBQ27bbavXBhJil4AaABAg,@iansragingbileduct,"Where were you
when they built that ladder to heaven?",2024-12-04T18:45:00Z,0,0
UgwWqi2c8LH-jD0ts054AaABAg,@mrslave41,you don’t burn 🔥 up as you fall.  you’re too slow. unless the ladder 🪜 is really far.,2024-12-04T18:28:53Z,0,0
Ugy78xrvkgItO5yC_-F4AaABAg,@trendstorebrazil6538,So shouldn’t gravity feels stronger in the poles then in the equator?,2024-12-04T18:09:02Z,0,1
UgxkzY1lBU4LeM0r07h4AaABAg,@andrewpena9041,Ladder on the pole + Orbital Outfitters = awesome space diving.,2024-12-04T17:59:08Z,0,0
Ugznf23kRto4s-L7-0x4AaABAg,@averageday,"YouTube Shorts ❌
YouTube Mediums ✅",2024-12-04T17:42:27Z,0,0
UgyIDKSuAFHIYCpwH8B4AaABAg,@michaelsbasement,a purple ladder that leads to space. i wonder if the reference is intentional,2024-12-04T17:41:36Z,0,0
UgzFkfPCuDEuFnzDJ3N4AaABAg,@orionscythe,This isn't a short this is a long,2024-12-04T17:36:56Z,0,0
Ugwrz5I92TTAgyvUglF4AaABAg,@goonsmith2444,"@kurzgesagt your Comparison to a wheel on a car is wrong. It falls forward and the Part of the wheel touching the round stand still and is the Center of the Rotation. I love your Videos, but this is just wrong 😢",2024-12-04T17:05:13Z,0,2
UgzX-8OGEBZNrhoc01t4AaABAg,@django3422,Please stop tormenting the birds. Their sad faces are heartbreaking and really distract me from the learning.,2024-12-04T16:55:03Z,0,0
UgxNQ-Lq0f4iXL0WBhZ4AaABAg,@AngelEmmanuel787,I'm sure a ladder of that size in Ecuador haves to be sturdier that one in the poles. The speed difference in the spin is huge.,2024-12-04T16:19:35Z,0,0
Ugx7P3ion4o59AsTQ_F4AaABAg,@ВенераиКрипер,"""What a thrill...""",2024-12-04T15:58:56Z,72,10
UgzYv1Vx5mEzLYzpuhl4AaABAg,@dragonhearthx8369,"Okay ""speed"" is misleading here. Rpm might be higher but fps is the same.",2024-12-04T15:28:14Z,0,1
UgzGYADZN-iPgbwFmpJ4AaABAg,@Koishi_Komeiji_Throb_Style,“So eventually Kars stopped thinking”,2024-12-04T15:26:51Z,0,0
UgyIHcRCKrtF6Ns1bB94AaABAg,@Miata_MK,Goofy aah amogus space suit,2024-12-04T15:17:25Z,0,0
UgxfAqn5c5yYD0uzG2d4AaABAg,@mbc_55555,"Conclusion, the poles have gravity to pull things from across the universe",2024-12-04T15:16:24Z,1,0
Ugwq8SQqA9UIeAbd6bV4AaABAg,@kaynugro,I’m seeing this on mobile as a vertical youtube video,2024-12-04T15:13:58Z,0,0
UgzLkMG7spxQBphlddF4AaABAg,@shreyashandhridhanghose5803,Geo stationary satellites,2024-12-04T15:00:34Z,1,0
Ugxww5cMLYp2IO9IhIB4AaABAg,@yueshijoorya601,"Crazy that if you run at the speed of sound, right on the equator, you could not chase the sunset.",2024-12-04T14:56:21Z,0,0
Ugz_FjlfxVbMRXmFGux4AaABAg,@rainefp,does this prove time dilation? since people from the equator look much more young compared to people who live away from it.,2024-12-04T14:31:05Z,0,1
Ugy2TdCuKylSt1w7q4J4AaABAg,@C0mfyest,"In the immortal words of Angela Collier: ""Can we space elevator? Should we space elevator?""",2024-12-04T14:30:28Z,0,0
UgwuK-nZYjwTcmUpC354AaABAg,@rufos5293,What a thrill…,2024-12-04T14:21:48Z,1,0
UgymHMmh3iJC9gasqiF4AaABAg,@Turagrong,"A cable built from the Moon, then caught at the Himalayas and letting go the Moon",2024-12-04T14:09:03Z,0,0
UgzQTRSo8okVCqNWGv54AaABAg,@AntonioSergioMarques-qv6xx,I’ve just realized I watched it for almost 3 minutes💀💀,2024-12-04T13:45:42Z,0,0
UgxvawyFQxr6O9_dTK94AaABAg,@martindueck3668,I love the background music so much!,2024-12-04T13:20:12Z,0,0
Ugyw5eClvB5GMNxbUv14AaABAg,@bagussriadjipamekas4286,"This theory will only happen If the ladder reached the geosyncronimus altitudes.. If it only reach below that, you will eventually fall back to earth.. All Satelite that orbit below geosyncronimus are faster that earth rotation",2024-12-04T13:06:48Z,1,1
UgyaWBHOz2XFJUgY4ux4AaABAg,@Willow_4010,"""Your honor, anyone who is near the equator is actually traveling around 1,600 km/hr. If they don’t get fined, then why should I?""",2024-12-04T13:04:48Z,0,0
UgyI6j5NbbWCeIo5e_F4AaABAg,@SeoEun-hyun,or would the ladder just move away from you?,2024-12-04T12:53:14Z,0,0
UgyKDemswZMoV4jdsah4AaABAg,@edsonjr6972,"Didn’t watch the video tet. But my guess is if the ladder is tall enough for geostationary orbit, then youll float. Less then that you would fall",2024-12-04T12:45:04Z,0,0
UgwiV-4H3YkeG8qjaYR4AaABAg,@kingganja4714,Thats the most stable ladder i ever seen no wobble nothing😂,2024-12-04T12:33:40Z,0,0
Ugwz5nwVyBfJgYq-AlR4AaABAg,@SquishySenpai,"Fun fact: You would not burn up. The human body's terminal velocity is about 200mph. That doesn't change when you jump from space. Outside of the atmosphere you could get to about 700mph, but even then that's nowhere near fast enough to burn up in the atmosphere. You would actually be more likely to freeze to death without a space suit as the temperature at the edge of the atmosphere is just above 0°K and you'd have frostbite in your extremities almost immediately.",2024-12-04T12:22:28Z,0,4
UgwEbikjkhKLLJ5kqXB4AaABAg,@DJNeonistPurple,"I really hope the sneaky "" can be more than 60 seconds long"" update to Shorts revive people's attention span

(I wondered why tf the minute felt so long)",2024-12-04T12:10:02Z,7,1
UgyXG2E8tIAhscVInvV4AaABAg,@sarthakdhoka7457,God bless these longer shorts 🙏.,2024-12-04T10:38:57Z,0,0
UgxqUj4fmdkRWuyOY2h4AaABAg,@fafflerproductions,"If you climb that ladder at the equator, where does the energy expended to increase your relative velocity come from? How does that increased velocity not break the first law of thermodynamics? If you send a rocket straight up at the equator it would immediately return to earth, which is why theres a steep turn on orbiting rockets to match that velocity at any given distance from the surface. What am i missing here?",2024-12-04T10:36:59Z,0,4
UgxshB6qp-OzllxUIqF4AaABAg,@AwethentiquePtyLtd,No you're supposed to put it at the poles where the speed of rotation is much less. Not the equator,2024-12-04T10:35:27Z,0,1
Ugym5QjgI9mMzm-opcR4AaABAg,@Magdalena-rh4mu,.........I just read about someone slung off the orbit and this video appeared it can't be a coincidence 😂,2024-12-04T10:19:37Z,0,0
UgwXo1apL6pQ85ceADF4AaABAg,@Uselessaura11,Who knew a short could be 3 minutes long,2024-12-04T10:04:21Z,0,0
UgzpdoEQFU3Ydt7a_JN4AaABAg,@JoeCoolAAAHH,"“Think about that the next time you’re driving your car”
Sure! I definitely should not be thinking about driving a car safely and instead should be thinking how wheels are kinda weird!",2024-12-04T10:02:55Z,0,0
UgyocuTbMzC7DAP5g_V4AaABAg,@finminder2928,How far until earths gravity is too weak?,2024-12-04T09:59:51Z,0,0
UgwN2KIvsGPsHfh48V14AaABAg,@easygoing4964,casually going 1600km/h white typing this comment,2024-12-04T09:33:25Z,0,0
Ugyfnu3BGrOHGFTHK_94AaABAg,@FrederSeric,It doesn't matter how high you climb on the north pole? I mean at some point you have to be far enough? Right? Right?,2024-12-04T09:25:01Z,0,0
Ugz-A3l7faiWGNhCQNB4AaABAg,@biggestastiest,could you imagine going through customs at the space tower,2024-12-04T09:21:14Z,0,0
Ugx9S10w2YPg4_x3HHh4AaABAg,@asdfghyter,"if it’s “just” high above earth’s atmosphere, you’d still plummet down to earth fairly quickly. in order to actually get into orbit, you would need a geostationary orbit, which is at roughly 35,000km above the surface of the equator, which is more than twice the diameter of earth. that’s a *very* tall ladder!",2024-12-04T09:08:20Z,485,16
UgyDFTflfZM5VJXjycx4AaABAg,@TheR04ringKnight,"Anyone think of the ""what a thrill..."" meme?",2024-12-04T09:04:10Z,0,0
UgxNMIznjNNnQa5EA5x4AaABAg,@philb4462,Surely if you climb high enough at the north pole you'd just escape Earth's gravity.,2024-12-04T08:40:06Z,3,3
UgybcVn3GLFFK4Qq2RF4AaABAg,@atdynax,"Nope. We will never build a space elevator. First the amount of material to build it, then physics, then the need of those materials here on earth. By shipping the materials away from earth we are slowly stripping the planet from its resources. Once they are gone you can't get them back.",2024-12-04T08:16:39Z,0,2
UgyONRFz-_uqLH_qNuV4AaABAg,@theodoreriley9696,"Wait but, surely if you had a big enough ladder you wouldn't fall back to earth from the top even if it was on a pole. Like if the ladder stretched all the way out of the solar system",2024-12-04T08:00:16Z,0,0
UgyXVhBDjfrk4w3R9B94AaABAg,@marcusaurelius-n2i,"So earth orbiting the sun wouldn't matter on the north pole? Or is that ""too slow"" when compared to earth spinning?",2024-12-04T07:26:24Z,0,1
UgzKWpKGcACewi01dPd4AaABAg,@Qspjsgpuwthpvjsvpu,Stairway to heaven even perhaps,2024-12-04T07:03:44Z,0,0
Ugw_Z7GhBGjHOj4Hb_t4AaABAg,@meestyouyouestme3753,Imagine it toppling over and crushing an entire country coast to coast 💀,2024-12-04T06:42:06Z,0,0
UgxqBU23I20vcw39TEd4AaABAg,@zackmags2458,So we’re not acknowledging the among us guy they snuck in at the end?,2024-12-04T06:40:42Z,0,0
Ugw6QGmmV16ncpXCpY54AaABAg,@Jake0Miller,You would not get flung out of Earth's orbit. There are higher and lower orbits you can exist in. You would just end up in an elliptical orbit.,2024-12-04T06:33:23Z,0,0
UgzBj8VXwsTXni5x4IN4AaABAg,@SPUNpronouncedspoon,"I just watched a full 2 min video without scrolling or opening comments.

 Am I... healing?",2024-12-04T06:30:02Z,2522,32
UgzeU_Qf5RtQjPMwipJ4AaABAg,@あかし中村,"You just watched a "" *SHORTS* "" that's 2 minutes and 31 seconds long 😊",2024-12-04T06:19:45Z,1,0
UgzddNKBoUkqPl6qxyd4AaABAg,@Chazulu2,"A tower like that will probably be built through the Himalayan mountain range out of it and above all of Tebet... Using a complex of vacuum tubes a central vacuum tube can be held un by flexible outer tubes holding the inner up higher.

Get the inner tube close enough to the vacuum of space and you can send fuel up it arbitrarily slowly, but you'd probably not match space vacuum and just send small capsules with high initial kinetic energy to punch through the atmosphere cheaper.

Fuel capsules can be captured by an orbital space station with a regenerative breaking esq em capsule catcher. Probably inflated up to size in space for more breaking distance.",2024-12-04T05:45:03Z,0,0
Ugz10GJ5ln5MbCKtAZN4AaABAg,@vishantt,Thank heavens I saw this video right before climbing the 100km ladder I ordered on Amazon.,2024-12-04T05:07:18Z,0,0
UgxjHkcjFKnVXTyqH-d4AaABAg,@rorter23,Satisfactory reference,2024-12-04T04:52:22Z,0,0
UgxBBg5ZzkuOD_n8-dd4AaABAg,@Nyxiality,You wouldn't burn up if you fell. There's no horizontal velocity,2024-12-04T04:46:10Z,0,1
Ugy6qYjWVZ8sBG8ffhh4AaABAg,@Ashlyum,"""Ferb i know what to do next""",2024-12-04T03:27:45Z,0,0
UgwFzxFeqiQjbUXRTOR4AaABAg,@killeing,"No no no, you're asking the wrong question. The correct question is: HOW THE HECK DID I GET A LADDER THAT STRETCHES ALL THE WAY INTO SPACE TO STAND UP IN THE FIRST PLACE?!",2024-12-04T03:21:48Z,0,0
Ugya177-Zz0WHTZkIC54AaABAg,@maxxysitlhou6266,Mr. Beast seeing this video : stonks,2024-12-04T03:16:31Z,0,0
Ugw7waE8NdQQJ8m0V8N4AaABAg,@jacobbaumgardner3406,"So in all, you'll fall towards the eath in most cases unless you manage to go orbital velocity.",2024-12-04T03:05:08Z,0,0
UgwUzQsaolHCehQH_ax4AaABAg,@fastmadcow,UNSC was right space elevators are cool :),2024-12-04T02:48:38Z,0,0
Ugw4F_2OUqmB4UJOtSN4AaABAg,@ThePriyeshpandey,They have started making shorts long😂,2024-12-04T02:30:18Z,0,0
UgyhUV7GLR9-aF1ebCd4AaABAg,@CalebKunath,If it’s faster than the speed of sound how  can anybody hear anything?,2024-12-04T02:12:15Z,0,1
UgyxPwNEdwYseZO7bVV4AaABAg,@Nathan-vt1jz,"Wait a minute… why would you burn up if you re-entered at the poles? You don’t have any speed to shed during reentry like the ladder at the equator. 

Wouldn’t you just hit terminal velocity for each level of atmospheric density?    The atmospheric heating comes from using reentry as an air brake, where the air is compressed and slammed against the craft. Jumping off the ladder at the poles is more like sky diving.",2024-12-04T02:10:08Z,0,2
UgxFNjMHirgNmIsDPVx4AaABAg,@Mr.Crowley73,"Thanks for warning me, when I build a ladder to space I’ll keep in mind you told me not to go to high",2024-12-04T02:01:42Z,0,0
UgxLpMdXP6Qgk-1rp6J4AaABAg,@OmeletteGuy1,“Be warned” as if we will be doing this,2024-12-04T01:19:14Z,0,0
UgxRWImfl-7_Cs2UbZF4AaABAg,@ChaseLienemann,Slurm! It's highly addictive!,2024-12-04T00:38:24Z,0,0
Ugw0wFwBr20oOS0_RS54AaABAg,@Naeidea,Damn the shop was totally out of space ladders so i put the invulnerable space suit back on the shelf.,2024-12-03T23:53:29Z,0,0
UgyNMSmDA1-VQwXB1Y94AaABAg,@5325.,Can we harvest the centrifugal force for energy?,2024-12-03T23:43:37Z,0,1
Ugxhvg0k_8cXWFs_G2R4AaABAg,@charliewastaken,So you’d be in geostationary orbit? Why didn’t you say that?,2024-12-03T23:40:42Z,0,0
UgzAiQZLw3WqivXhHKt4AaABAg,@McKiyato,Earth lollipop,2024-12-03T23:40:04Z,0,0
UgxoLohN9sHcQF03aBd4AaABAg,@CLCasual,Would you burn up?,2024-12-03T23:29:05Z,0,0
UgyUb2uNXdV3c5iaPAF4AaABAg,@tiredspaceboy,The fucking thought of drifting away from the earth into the vast void of space is fucking terrifying. I’ve had legit nightmares about that.,2024-12-03T23:27:43Z,2,2
UgwEnNlzrMkjpO_e3bZ4AaABAg,@IdleSn_w7878,Wow why is this short so long? This the first one I've seen so far,2024-12-03T23:21:30Z,0,0
UgwkgzGhClnyZDWI1Pt4AaABAg,@mjmj1328,"Not acurate! There is orbital dynamis direct your ""fall"" you wouldn't jst fall ory fly away but you could quite likly ended up in elyptical orbit.

You would float at geostationary orbit ~35000Km high",2024-12-03T23:18:06Z,0,0
UgzTdGVFCoyeNeRokY14AaABAg,@TheJamonLance,"If you have a ladder large enough to be in geosync orbit, you will get tired before reaching the top, so, dont worry about it.",2024-12-03T22:46:46Z,0,0
UgwCxJBZcnst49bICXJ4AaABAg,@Riuyilmistico,"Thanks, I ordered the ladder",2024-12-03T22:35:45Z,0,0
UgxscuJVHmGACW9iuo94AaABAg,@SplinterxCat,Cyanide and happiness got you beat to this.,2024-12-03T22:24:30Z,0,0
Ugw_bVOEwq5xQTaFbdZ4AaABAg,@ThreadedNail,You weigh more on the north pole for the same reason.,2024-12-03T22:13:53Z,0,0
Ugw4BDqp2gwRRPyy7zJ4AaABAg,@danieldutoit2187,"If you had a chain or rope with one end anchored into the face of the moon and the other end hanging 1m above sea level, how fast would you travel if you hung on that chain/rope? And if you climbed the rope, would there come a point where you'd start falling to the moon? Once you hit the moon, chain in hand, would the rest of the chain fall to the moon as well or would it straighten back out once you let go?",2024-12-03T21:52:13Z,0,0
UgwxQYd9oBhX4BsJZrt4AaABAg,@BluMoone1,What a thrill,2024-12-03T21:48:35Z,0,0
Ugx5YJgsAEBPcI94hsB4AaABAg,@qincoats8577,"The cat is sad coz it’s not getting likes
　　　　　／＞　　フ
　　　　　| 　_　 _ l
　 　　　／` ミ＿xノ
　　 　 /　　　 　 |
　　　 /　 ヽ　　 ﾉ
　 　 │　　| | |　　　                              Reply 　 ♡0",2024-12-03T21:44:30Z,0,2
UgwrdvcRVSdlE92tmSl4AaABAg,@greymemory,I'm doing this next week,2024-12-03T21:36:59Z,0,0
Ugxlq1Vt_If4TSrnpQ94AaABAg,@pendingchange3776,I assumed the answer was gonna be your labber snaps,2024-12-03T21:10:21Z,0,0
UgxvXReSwxDKUAYj6Z54AaABAg,@soosuj,Im so happy shorts are now pants,2024-12-03T20:57:28Z,0,0
UgzxYh-DNdXBksonKDp4AaABAg,@marianac.florez84,"Finally, answers for the questions that keep me up at night",2024-12-03T20:39:52Z,0,0
Ugwlhyy_cemzTKksCyR4AaABAg,@Milhenar,Wouldn't a space elevator be more efficient if it was inclined?,2024-12-03T20:32:59Z,0,1
UgzoI-2YtQAsdbQ83Mp4AaABAg,@ElContadorDeFactores,"""Dont try this at home""",2024-12-03T19:58:09Z,1,0
UgybsVNJGQNQWP9n_oN4AaABAg,@borbzaby,Sir. A second spaceship has hit the space tower,2024-12-03T19:57:56Z,0,0
UgwaIXCplO33TNoM-nN4AaABAg,@mawlakewlz,"People in the ISS aren't experiencing zero gravity when they float around, they're actually just falling, but since the station is falling at the same rate, they didn't fall into it. 
And their lateral momentum keeps them from falling into the Earth, which is what ""orbit"" means.",2024-12-03T19:32:39Z,0,0
UgypUNOTq8Syq-lP4cV4AaABAg,@bilbothegreat2855,"slight correction, you will fall back if you are in a orbit lower than geostationary/geosynchronous orbit due to the speed you are travelling, since you are still ""stationary"". only free floating in said orbits. and be flung away past the orbit. to achieve a LEO you need to be travelling 7.8-9.4 km/s at minimum.",2024-12-03T19:24:58Z,0,1
UgwS5XRHhbfvJcro_PB4AaABAg,@iliketurdoes,Love your videos and art but hate that your imagined future still has individual cars,2024-12-03T19:19:18Z,0,0
Ugx96wYkgjIRP20l6aN4AaABAg,@Zestieee,are humans able to perceive the change in rotation speed? would i notice any kind of different speed-related sensation standing on a pole as opposed to standing on the equator?,2024-12-03T19:03:14Z,0,1
Ugy4ETykvAZyNU8VW-B4AaABAg,@huismands,"Believe it or not, but this is the first Strand type short",2024-12-03T18:51:01Z,0,0
UgxyRWzLK4a-e9kWN8V4AaABAg,@jjscheibe6193,If you made the ladder long enough.... could you go faster than the speed of light.....,2024-12-03T18:48:45Z,0,1
Ugyh1HUbzVJsyBLDhQl4AaABAg,@dn7783,They're gonna be really surprise when a polar shift happens,2024-12-03T18:35:23Z,0,1
Ugw78TYz0CAQ9KJ-0-p4AaABAg,@taylor....,When you're falling from your poles ladder it would appear to rotate as you fell.,2024-12-03T18:22:33Z,0,0
UgxZ0n4O89jRp-Ktg4B4AaABAg,@mann3dduck640,"My question is, if time dilation is a thing at very fast speeds, if you were to climb an infinite latter into space, how far would you have to go into space for you to essentially time travel. The earth would be moving you so fast you experience time dilation",2024-12-03T18:14:05Z,0,1
UgyS7v5IT8ZUnqIec9d4AaABAg,@JunkFrag,What a thrill,2024-12-03T17:45:03Z,0,0
Ugzk-T3alXgZQZJpamp4AaABAg,@artemkatelnytskyi,Is this YouTube's longest short?,2024-12-03T17:38:42Z,0,0
Ugx9JDsyx5z3JlJ4DSl4AaABAg,@willbachman9312,Say you dont know phyiscs without say3you dont know physics,2024-12-03T17:34:46Z,0,1
UgxwEE8thtXVN5nhnNl4AaABAg,@gloweye,"I'm missing the word ""geostationary"" here. It should have been there.",2024-12-03T17:32:33Z,0,0
UgzA_-iG3k-YaR32Wn54AaABAg,@Inksploded,Theoraticly if the stick was long enough could the end point of it not reach light speed?,2024-12-03T17:09:20Z,0,2
UgyGBiBC-Q5x_CltoDh4AaABAg,@christiangutierrez3794,Let's put a ladder on top of Chimborazo mountain,2024-12-03T17:01:48Z,0,0
UgwWFcr6SU50tGXn5j54AaABAg,@PagesOfPoem,what would happen if you put that fucking crack back on the table,2024-12-03T16:52:15Z,1,0
UgxKnJAJX7zSksQ0Jdt4AaABAg,@fly_skyhigh,I want that ladder to float away from my problems,2024-12-03T16:18:44Z,0,0
UgwNF4I0qU8GAi_LWUB4AaABAg,@Slapbattler666,The detail with the juice box is crazy,2024-12-03T16:00:03Z,1,0
UgyrWYwmWeuICswKRRF4AaABAg,@bip6338,"You wouldn’t burn up at the North Pole, you would only accelerate to terminal velocity which is the point where the force of you falling is equal to the force enlarged on you by displacing the surrounding air",2024-12-03T15:58:29Z,0,1
UgyCtPm34oRhKzoAE3l4AaABAg,@clovdz6073,"Wrong. You won't be flung off into deep space, you will just have an eliptical orbit with an apogee much higher than a circular orbit.",2024-12-03T15:39:57Z,1,0
UgwB5SLIeoRPaAMDadF4AaABAg,@shane3428,That was the longest short I’ve ever watched and I loved every second of it,2024-12-03T15:32:04Z,0,0
UgxoJyBNXMtwNK4zHYV4AaABAg,@hosu6335,What a thrill...,2024-12-03T15:22:19Z,0,0
UgxVd5eM6cTHdDCTcFp4AaABAg,@xyrus85,"actually, before you get to the point where you can let go of the ladder and float next to it, you will be passing most of earth satellites. 
The point where you can let go and float is the geo- stationary orbit. you will have passed a little less than 90% of all active satellites before reaching that point.",2024-12-03T15:10:39Z,0,0
UgxxoufwWhoipYR4MZB4AaABAg,@Jon-en3ph,The biggest problem from trying this is the atmospheric drag. The friction from the air would burn the ladder in minutes.,2024-12-03T15:08:28Z,0,1
Ugzw0PLZ5jWy3Nrw9cJ4AaABAg,@san_yuu,So Megaman X8 and Jacob project it's bcs of this 🥸☝️,2024-12-03T15:06:07Z,0,0
UgyYUUkKWHVmcuJ-0m54AaABAg,@montel_1,"You would actually die if you climbed the ladder all the way up, even before letting go of the ladder, due to lack of air.",2024-12-03T14:59:21Z,0,0
Ugxb7ZRWOUhU6z4B8iN4AaABAg,@The0007rishabh,Birdie needs a hoodie for poles but not a space suit for space. Got it.,2024-12-03T14:53:53Z,0,0
UgxNe0ZCKfpVIrAVsOh4AaABAg,@mephostopheles3752,"Question for physics experts:

I don't know the name of it, but there's a well-known phenomenon wherein a spinning object spins faster the more its constituent parts are moved inward toward the rotational axis, like a ballerina or a figure skater pulling their arms in tight and spinning faster. Now, it would absolutely be completely unnoticeable at this scale, but technically speaking, if you climbed the space ladder, would you also be very very very very slightly decreasing earth's rotational speed due to the same phenomenon?",2024-12-03T14:45:37Z,2,1
UgwbSK-0n7X5DpZ9xi54AaABAg,@Ani-jy9eh,"Sorry guys, but this is false. You would not stay near the ladder, because you would save the acceleration. But ladder’s acceleration is changing because this is circular movement",2024-12-03T14:36:48Z,0,2
UgzlwmzgAMKJGZp5YDZ4AaABAg,@EloJaaa,Youtube short❌ youtube medium✅,2024-12-03T14:06:32Z,0,0
UgxIhFZsNcvheB-JnEN4AaABAg,@JAKEAVALON-rg8xm,I think it still float since gravity is weak in there,2024-12-03T14:00:50Z,0,0
UgyU6U4iQarWI6qen8N4AaABAg,@tillmartens5770,i mean if you climb higher your orbit becomes elliptical first only of you go a lot farther up you will escape the orbit,2024-12-03T12:26:40Z,0,0
UgyexZEs6c2LX141st54AaABAg,@xardnaslp3171,"I mean you'd still fall eventually, since, unlike a satellite, you don't generate any sideways speed",2024-12-03T11:50:16Z,0,1
Ugy_SsVnTyazCli4E2J4AaABAg,@shadowhunter2846,It's all just theories kids. Don't listen to them. The Earth is stationary and We live on a flat plain of existence,2024-12-03T11:46:38Z,0,3
UgxsRc0FfLk0rukWnxl4AaABAg,@SkollTheWerewolf,"For anyone confused why we dont feel the supposed 1,600km/hr speed at the equator, it is because relative to humans, the earth is spinning incredibly slow due to its size. ALL objects, their physics and their properties are always relative to another object or property.",2024-12-03T11:42:32Z,0,0
Ugwpaq_LnmnRaLW3RJJ4AaABAg,@ThePotatoChronicler,"Adam Something and Not Just Bikes have made me hate cars so much, that seeing a future with cars makes me feel unreasonably angry 😄",2024-12-03T11:37:57Z,0,0
UgxUHLpSwGmlnm3SQw94AaABAg,@squarepants7748,Throwback to when goku used his power pole to take Monster Carrot to the moon 💀,2024-12-03T11:25:21Z,0,0
UgwWLF8QVwSKNiEEndh4AaABAg,@thygrrr,I do not think you would burn up falling from the north pole ladder.,2024-12-03T08:59:44Z,0,1
UgzD_A0Mc_Tx-47ktfp4AaABAg,@einswallex,"So, what's with the south pole?

Kidding of course",2024-12-03T08:56:15Z,0,0
UgycD8zc6lA-k-7rAXd4AaABAg,@jonathonhazelton2060,To get to geostationary orbit is very far up.,2024-12-03T08:43:39Z,0,0
UgzGKgQm8e1y-BjYc3J4AaABAg,@kapperbeastYT,With a sufficiently long ladder couldn't you keep climbing until you're actually in a solar orbit?,2024-12-03T08:34:10Z,0,0
UgxHPfe-cjYY5Qavsy94AaABAg,@the_MrFloof,"❎ The Earth is round
❎ The Earth is flat
✅ The Earth is a wheel",2024-12-03T08:15:33Z,2,0
UgxzDUtcYYgZ4_TrPwN4AaABAg,@h14hc124,That ladder is made out of solid unobtainium,2024-12-03T08:02:17Z,0,0
UgxA2y9U6x0rjkZ2TqB4AaABAg,@egizikid,I just did a question like this in physics class today lol,2024-12-03T07:46:32Z,0,0
Ugy4KXk9lU87nH3sDXt4AaABAg,@evellior,"Wouldn't you just be flung into a higher orbit, not 'off into space'.  In fact it'd be an elliptical orbit so even the 'never to return' bit is wrong, you'd dip back down to your current altitude in parts of your orbit.",2024-12-03T07:04:54Z,0,0
UgySyOuERUlK1Q_BD-h4AaABAg,@AveragePAFan,"eventually, the bird stopped thinking",2024-12-03T07:01:29Z,1,0
Ugy1yRtRhuM2mRl8BHF4AaABAg,@ReaperDough,I’m the 1000th comment,2024-12-03T06:56:39Z,0,0
UgxoWnOWMHvIGOVK4pV4AaABAg,@thegemguy1334,Go out far enough and you will stop thinking eventually.,2024-12-03T06:11:11Z,0,0
Ugx4DDSAPgpZCPPXo5x4AaABAg,@ShyGuy47,"Imagine humanity creating a space elevator for travel, but you can only imagine people getting there with individual passenger vehicles invented 150 years ago.",2024-12-03T05:59:20Z,1,0
UgyM_sldvBQbJgt5x6x4AaABAg,@JordiVanderwaal,"And if you upload a Youtube short in the equator, it'll be twice as long as if you upload it in the North Pole.",2024-12-03T05:53:28Z,0,0
UgzEqSCQSoPw8WCIMvp4AaABAg,@James-ej7wz,"The perfect height for floating next to your ladder is known as geostationary orbit or geosynchronous, orbit (I think)
Satellites often go up there for…
I don’t know",2024-12-03T05:35:50Z,0,0
UgwHJmze8UOSnqmwXlx4AaABAg,@Onivicus,Cyanide and happiness already answered this question,2024-12-03T05:14:11Z,0,0
UgxAjYt2h2b2yN4rz0B4AaABAg,@punypygmy,Actually space is only about 100 kilometers from earth or 62 miles,2024-12-03T03:36:52Z,0,1
Ugyqc1nPduuxw-y5RLh4AaABAg,@ajiekowski,this is by far the longest YouTube Shorts I've ever watched start to end,2024-12-03T03:24:43Z,0,0
UgxQGsYCuv2_Duqiunh4AaABAg,@crocopie,I have first seen space ladders in the manga Battle Angel Alita.,2024-12-03T03:24:30Z,0,0
UgzeulbljLmYv6zjjBZ4AaABAg,@ketas,"tens of thousands of kilometers above earth, really?",2024-12-03T03:20:03Z,0,0
UgxZUnEMwVgeG7id4Y14AaABAg,@Blackfromstickworld,First of all: The ladder would probably fall when you start climbing,2024-12-03T03:09:46Z,0,0
Ugwa7Ws34PlvfXXMzWh4AaABAg,@shadow-yl6zx,No my question is how heavy is the ladder,2024-12-03T02:40:47Z,0,0
UgwCoSAD8Rum086dmKt4AaABAg,@toonlink5399,"This is so cool! I love your videos, Kurzgesagt!",2024-12-03T02:35:36Z,2,0
UgxQ622sAxwtM6c-4HJ4AaABAg,@Clefcasual,"hold on, the earth isn’t spinning on an exact axis point like a top… if that was the case, wouldn’t there be a spot you could stand and look up and see the night sky rotating super fast?",2024-12-03T02:19:13Z,0,1
UgxbO4D4qnoV7kZ_3kN4AaABAg,@jonleiend1381,So if the earth is spinning 1000 MPH and it slowed to a stop in a 24 Hour span of time what would happen.  So if it slowed by 42 MPH every hour. 0.7 mph every minute.  Even it it slowed to a stop in 6 hours you should not notice it.,2024-12-03T02:13:16Z,0,0
UgwTSGRLe1IiIl580Op4AaABAg,@Md5official,this short is over a minute long,2024-12-03T01:36:30Z,0,0
Ugz-1r_Wo19VpmvSQDh4AaABAg,@manjosh1331,Dr.Stone already built the Space Elevator,2024-12-03T01:21:10Z,0,0
UgxFxt-xN-FAu1WB-kl4AaABAg,@ericdixon2898,'Slung off in the space' centripetal or centrifugal force?,2024-12-03T01:13:28Z,0,0
UgzEnTYkgipDkJWxvVh4AaABAg,@rohinh,"Ok class, our next experiment will be…",2024-12-03T00:42:17Z,0,0
Ugzsb0r9mSQDgydu2AZ4AaABAg,@keth8947,Don't they teach this is elementary?,2024-12-03T00:19:13Z,0,0
UgwSzb3s4H7ylGrFoMx4AaABAg,@Split_Oficial,3 minute shorts have really helped most channels,2024-12-02T23:05:31Z,0,0
Ugw2pnTcPu-QzYzsIzJ4AaABAg,@Estupido-io,This ain’t a short this a mediun,2024-12-02T23:00:04Z,0,0
UgzR4yvoNs1lOXU6fv94AaABAg,@AndrewRod115,"Thanks, I need to reevaluate my plans now",2024-12-02T22:58:55Z,0,0
UgwZilcmOhRDKohVw-p4AaABAg,@vicgaming_and_3d,bird was drinking the slurm,2024-12-02T22:48:24Z,0,0
UgxCUPIOxdKqOjGUaQp4AaABAg,@MrNicoJac,"The idea of letting go of that ladder and just floating off, without any medium to swim in, meaning you cannot possibly go back to the ladder, is _surprisingly _*_scary_* 😳",2024-12-02T22:42:06Z,0,0
UgzWqPiUB7GduDUj9tt4AaABAg,@Gunbardo,"but you wouldn’t make it that high up anyways, the atmosphere past a certain point contains near 0% oxygen, so you would faint way before u reach the top…",2024-12-02T21:38:38Z,0,0
UgzYU48vdKok_v1bN914AaABAg,@amberv9424,Okay now I'm just imagining somebody who climbed a very tall ladder and is at the top of it and is just swinging around the earth while it spins hanging on for dear life to that ladder 😂😂😂,2024-12-02T21:14:40Z,0,0
UgyQMU3HOjfL2yBDVfV4AaABAg,@kikethewhat9474,"Wait, then why dosent every astroid they get near the top of the north pole Just plummet down",2024-12-02T21:03:06Z,1,2
Ugw2zCOpYFcmJ3UY2R94AaABAg,@NICK12621,What a thrill...,2024-12-02T20:10:07Z,0,0
UgxygXFZKQ8kT9Na1nB4AaABAg,@sebreb,I would not even be able to reach that high due to oxygen deprivation 😂,2024-12-02T19:38:37Z,0,0
UgyH6O725JweJlM-4dp4AaABAg,@fregalite,That spacesuit is sus,2024-12-02T19:22:14Z,0,0
Ugx8pLTd7AyB6se8l0N4AaABAg,@johnathanmason2644,I love that the ladder climber was drinking Slurm,2024-12-02T19:05:07Z,0,0
UgwiTm1WlijE1GU2jKd4AaABAg,@incoporealmage294,You would suffocate and die while trying to climb to the top.,2024-12-02T18:30:24Z,0,0
UgxFD2ISd-5SJ43yQg94AaABAg,@neilhostens5771,Good luck breathing,2024-12-02T18:18:34Z,0,0
UgyJjg4hfWCSfo0s7oJ4AaABAg,@withoutjay,is that an omori reference,2024-12-02T18:10:03Z,0,0
UgwHwKCHipbIqaNyE6B4AaABAg,@notcubicsound9738,Must say I love the sort modern 16th century background music at the start,2024-12-02T18:02:25Z,0,0
Ugy0jXiQDUTti7nzspR4AaABAg,@zimmyzam444,Simple answer. you fall,2024-12-02T17:46:00Z,0,0
Ugz8aQWDZ1A1uP6Vg8J4AaABAg,@jowarnis,Space elevators aren't possible because there are no materials strong enough.,2024-12-02T17:38:11Z,0,1
Ugzx9mZxPQfV5MbttLB4AaABAg,@Aranore,So... Do jets traveling faster than sound behave differently if they travel east or west? And what if they are in thinner air?,2024-12-02T17:37:11Z,0,1
Ugydu4J1k4DMLxCvEAB4AaABAg,@peytonburnsed2196,"No subway surfers, no gta, not cnp mobile games, just facts.",2024-12-02T17:35:02Z,0,0
Ugyiv_c0mJnOOSLdxll4AaABAg,@HermesX777,"I am confused, if you let go of the ladder near the equator, you float next to it due to inertia and no gravity? And if so, why would you plummet if you did the same in the north/south pole, even if there is no momentum, there is still no gravity. This video does a poor job of explaining this.",2024-12-02T17:34:45Z,0,1
UgyBeu15vD6Sgv6T0Ql4AaABAg,@Mortiel,"It's important to note that the Earth isn't spinning exactly on its center/core like a car's wheel. The ""axis"" is actually in the mantle of the Earth, not the core, because of the moon's right gravitational pull. Essentially, imagine mounting the car axle on one of the car on one of the spokes of the aluminum rim.

So, the speed you're traveling depends on whether or not the moon is over your head or not.",2024-12-02T17:32:30Z,2,1
Ugwc1gJfT_y8NOjSJUt4AaABAg,@ultimatezoom.,"What a thrill,",2024-12-02T17:23:50Z,0,0
UgxSLd7m8k6VGMMWNnl4AaABAg,@Julian-is-slow,You would suffocate before you got up there.,2024-12-02T17:23:27Z,0,0
UgzW6_4h2RjYczrXBIZ4AaABAg,@Dick_Pippel,"wait, since when have shorts been over 1 minute?",2024-12-02T17:17:15Z,0,0
UgznqkyjZZq96QW-bw54AaABAg,@bactrosaurus,"An easy and convenient method to test, if your are at the equator or a pole",2024-12-02T17:11:13Z,0,0
Ugxob2jXqcwIIXeHP454AaABAg,@Dogeforlife0,That's very cool and very scary,2024-12-02T17:09:41Z,0,0
UgwAz7GDooOTptYy5-h4AaABAg,@crimsonraen,"Huh, I suppose that makes sense. Neato!",2024-12-02T17:01:14Z,0,0
Ugwpj2d_EYeuA1qjvKZ4AaABAg,@norielsylvire4097,Gotta love the long shorts. Longshorts 😂😂😂,2024-12-02T16:54:29Z,0,0
UgxoJc6azBiL1kSiKpF4AaABAg,@selmanuzun,Since when have shorts been 2:30?,2024-12-02T16:51:30Z,0,2
UgzbdlSbK0AvbEw9qkF4AaABAg,@Yosh-00,"If you walked around the entire Earth, your head would've traveled more distance than your feet",2024-12-02T16:48:37Z,0,0
UgzkBoUXZDCPxrxm2Vh4AaABAg,@kestanecihasanpubg,why is there no india in the earth you just used 😭😭,2024-12-02T16:44:36Z,0,0
Ugyu7AVNfOe_-bB9a2N4AaABAg,@Deadwolf27,Ohhh so that's what Miles was on when he lead everyone away from the the Spider-Society base.,2024-12-02T16:40:50Z,0,0
UgySWwBa0pPpxKEnyQh4AaABAg,@eeeeee8762,"1. Relativity indirectly mentioned and explained (yay!)
2. It really depends on where you get off and what you define as ""space.""
If you get off where the ISS is in orbit, you'd most likely get hit by a satellite in orbit cause there's a shitton now.
3. Even an indestructible spacesuit wouldn't save you from a fall like that, but it would contain the slush that's left of you, so wear one anyway to help the others clean you up.",2024-12-02T16:38:43Z,0,1
UgxrbJfFL8iuvNtvwoN4AaABAg,@laurencamila9024,"Actually it's not because everything else moves at the same speed, it's because the angular acceleration is 0. Also good luck making that elevator, it would have to be more a space climbing rope and you'd have to be superhuman.",2024-12-02T16:34:48Z,0,0
UgwHEhd4FLOhZo-3tAR4AaABAg,@tristan7216,So much for that Russian polar space elevator 😭,2024-12-02T16:30:12Z,0,0
UgxRVA70MEj8nMJxQaJ4AaABAg,@Hazelthebard,Fancy Tower of Babel,2024-12-02T16:28:20Z,0,0
UgzDYvnz73lvcNeaWrl4AaABAg,@mrkrazzee52,How long and steep would a road have to be for us to drive to space? When could the road turn vertical so we're driving up a wall?,2024-12-02T16:28:17Z,0,0
UgxbTWEa6g2b23PYRUV4AaABAg,@lordvader6320,"What a thrill, with darkness and silence through the night",2024-12-02T16:17:36Z,0,0
UgxOoyDM_qMjW7aSnvR4AaABAg,@TheRealNopeYT,the fact no one noticed slurm from futurama,2024-12-02T16:17:34Z,0,0
UgwAFW_uIrZ93NBCMvR4AaABAg,@josecapurro,I hope we see a Kurzgesagt OST playlist someday. The music is 🔥,2024-12-02T15:56:00Z,0,0
UgzZJs0k9ds1QqQTLF14AaABAg,@Maximilian-o5c,Could we if we have a big enough wheel archive 99% of light speed because it doesn’t bend like a straight steel beam if we move it,2024-12-02T15:45:24Z,0,1
UgwMKe4gFXLxZfMh-hd4AaABAg,@-Graham,"Unless you can throw yourself forwards at 17,500mph, you ain't floating anywhere bub",2024-12-02T15:39:32Z,0,4
UgwhdNfo1EGrwXJXQzB4AaABAg,@Mew__,"1. Wouldn't you fall extremely slowly in either case? Gravity decreases with r² (square of the distance to the centres of mass of both objects).

2. There's no real reason you would slingshot away except for lack of muscle force, but that's not really an excuse since you climbed tens of thousands of kilometres. The ladder rotates, which means your velocity rotates. Your velocity can only rotate with acceleration, and acceleration is proportional to force. So it takes force to rotate your velocity, and the larger your velocity, the more force you need to rotate it.",2024-12-02T15:35:41Z,0,8
UgykawHQXjDZTaUJqax4AaABAg,@Galaxic-g3r,the second one lol,2024-12-02T15:22:55Z,0,0
UgwrNOOIkciMgiQaAhV4AaABAg,@isaiah-t1t,you start to hear sounds of elon musk in the distance...,2024-12-02T15:09:49Z,0,0
Ugy1BmWfJgM-PYcFLml4AaABAg,@Skyrem25,Sure.. Has anyone tested this?..,2024-12-02T15:08:49Z,0,4
UgwbFgw428Bdopldywd4AaABAg,@michelzynger8789,The only part the video didn’t include is the fact that you would freeze to death at a certain altitude.,2024-12-02T15:06:00Z,1,1
UgzRaMmfovRq0zbRrjJ4AaABAg,@Yupright,That was one of the longest shorts video that I've ever watched,2024-12-02T15:04:06Z,0,0
UgwobSna200n2UdbBqZ4AaABAg,@Kailoopen,What if the ladder was tangential to the surface of the earth? (That is to say not perpendicular),2024-12-02T15:02:11Z,0,0
UgxXPQy2scNEdW0sR2d4AaABAg,@Cuballistix,Lesson learned: do not climb a sketchy loony toons ladder,2024-12-02T14:56:05Z,1,0
Ugwh-d7UhtjY7_iP-qt4AaABAg,@ErnestCF,"If you went too far away you wouldn't get lost in space.
You would just get in an eliptic orbit around earth.",2024-12-02T14:52:52Z,2,1
UgzmVH1XedfXMPdipk14AaABAg,@LostCanuck192,This is why satellites that cover the poles can't be geostationary but have a heo or else they'll plumit to earth,2024-12-02T14:35:30Z,0,0
UgzdbUyLKcTf-f0W2mZ4AaABAg,@Mikisoq39,You cannot escape the gravyty well so long your mom has a corporeal form,2024-12-02T14:33:05Z,0,0
UgxjyGiyQa0hgjv4EH54AaABAg,@MrBlompod,So all the satellites 🛰️ are orbiting around or near the equator? Or around the poles they’re much higher???,2024-12-02T14:22:29Z,0,2
Ugzw7tzGmx0W-v7DpuV4AaABAg,@longdarkwing103,"I'm sorry, but isn't the earth rotating at 23°? If that so, wouldn't you still be lunched away in the space?",2024-12-02T14:20:10Z,0,3
UgyMRV3sslqWce_BD2t4AaABAg,@Krakenslayer23,"You gotta climb about 35,000km to reach that point. If you just climb to space you’d fall straight back down",2024-12-02T14:02:41Z,0,0
UgyNOaufykaXJvmpEaV4AaABAg,@Deciheximal,"So is there any benefit to building the ladder at a pole, at all?",2024-12-02T13:54:48Z,0,0
UgzwdS7YzuSq8RgTEmp4AaABAg,@yasserhidayatAssel,What a thrill ..,2024-12-02T13:54:00Z,0,0
UgyRYo7WT02mMlD33TB4AaABAg,@Pupuzela,This is the longest shorts I’ve ever watch.,2024-12-02T13:08:19Z,0,0
UgxPRzoXW_AmI163Gcl4AaABAg,@SireenElias,That’d be so easy for a plane to crash though,2024-12-02T12:57:45Z,1,0
UgwSZeOdFRg_caqjbzl4AaABAg,@qbi-wan,"But earth's gravity is not infinite. There have to be altitude on north pole where earth won't pull you back, out at least pull you slowly at first",2024-12-02T12:34:13Z,0,0
UgwTqnSpafXK4HtmpBZ4AaABAg,@Beamolight,"Forget you floating, how is the laderr standing on two legs",2024-12-02T12:21:58Z,0,0
UgxH2RY8ePFVmkZctr54AaABAg,@WLYLL,We getting to Otherworld with this one,2024-12-02T12:06:21Z,0,0
Ugy-SWMzSrpHwvYSCO94AaABAg,@glogictechsummers3045,Realistically you wouldn't make it past the Earth's atmosphere you wouldn't even make it past the clouds you go up so far and then began to lose consciousness and fall.,2024-12-02T11:49:14Z,0,0
UgxU48UPLQtTkmHNPZd4AaABAg,@MrRedstoneready,"Note: you don't just need to go as high as satilites, you need to specifically go as high as geostationary satellites, which are much farther than almost all others.",2024-12-02T11:30:55Z,0,0
UgxkDLgUiUfKo7lStjN4AaABAg,@blackstar5867,The answer is you fall to you death no matter where you put you latter because there no way you could ever stabilize a ladder that tall,2024-12-02T11:10:36Z,0,0
UgyzVT5ydUREqhdywSR4AaABAg,@CROninja666,"The earth is round ❌️
The earth is flat ❌️
The earth is a wheel ✅️",2024-12-02T11:09:32Z,0,0
Ugy3O4sJfuqLXdgfG_F4AaABAg,@eWosMrV,Bigs thanks for the camera man to hold the ladder as the bird climbs to the top,2024-12-02T10:18:13Z,0,0
UgyRwE0GPHgYP89xXaR4AaABAg,@Shadow-21948,Fun fact : you will die while going up from air loss and temp,2024-12-02T10:16:28Z,0,0
UgxXx0i7AoM916Dy3QR4AaABAg,@examinator-7,Would the ladder fall or just stands there,2024-12-02T10:05:52Z,0,0
UgzjSQkWJ5ZGp1FMQ4l4AaABAg,@Notapizzathief,Sneaky futurama reference in there with the slurm,2024-12-02T09:17:19Z,0,0
UgyRyMoOBVxsJ5pcY0V4AaABAg,@keithcharlton4297,Why would you burn up if dropping from the N pole.  You are not moving forward so you don't have this speed to slow down from.  It is only your falling velocity you need to slow down from.,2024-12-02T09:04:24Z,0,1
UgxefWMY1a6ix6OUOAd4AaABAg,@olivierbattaglini5169,"Well this only work if the ladder is 36.000km high or more, as you're geostationary",2024-12-02T08:08:22Z,0,0
UgxZdQhucu3bda60Orl4AaABAg,@smartduck904,Centrifugal force nightmare right there 😅😅,2024-12-02T07:21:07Z,1,0
UgyG0jQNj1ZoidtPALh4AaABAg,@dymphrpeeters8799,Next time im in a car ill think about how wheels have a job and i still don't,2024-12-02T07:20:48Z,0,0
UgyiOtxc8enNQFH8ueZ4AaABAg,@petediazdee,"Bring some flat eartgers up in that elevator, please!",2024-12-02T07:06:43Z,0,0
UgzjxenQjUqo0U3Y8jZ4AaABAg,@HelpSomeoneStoleMyCat,2 minutes and 29 sceonds of pure knowledge is crazy,2024-12-02T06:25:31Z,0,0
UgyFh4kg_wJsuqTnmk14AaABAg,@julianaylor4351,Who would get the shop and cafe franchises at the top of the space elevator? 😁,2024-12-02T05:57:43Z,0,0
UgwwxccM0aoWCLUxgVN4AaABAg,@4thechivostreamsarchive586,This is actually pretty fascinating,2024-12-02T05:16:50Z,0,0
UgwgLhqThoxP3TmiOBZ4AaABAg,@nicholashernandez4611,"Orbit simply means you’re falling at the earth as fast as you’re moving around it. To really float in space, you have to move around the earth faster than you fall towards it. It’s a decently wide area around the earth.

If we had space elevators, they would likely be the anchors for an orbital ring. The propositions so far are between four and twelve anchors/elevators, giving thousands of miles of landing space between with more than enough room to add living areas and low gravity agricultural zones. Would be more than the full economy of the world a hundred times over and would need actually competent governance that put the project over human vices like greed, but it’s possible to happen just within our lifetimes. So was the flying car to be fair, but it’s possible.",2024-12-02T04:16:50Z,0,0
Ugxrcv3SvBZe0gy19T14AaABAg,@1984Phalanx,I ordered my ladder off amazon but the space suit hasn't arrived yet.,2024-12-02T04:08:45Z,0,0
UgyR1B6N1CmWMqVoCkl4AaABAg,@IloveJellow,"fun fact... 

You'll feel the difference the moment you enter a place closer to the equator. 

and you'll notice a difference further away from the equator.",2024-12-02T03:58:33Z,0,0
Ugw8I9-b5_N7UwTMojl4AaABAg,@TallinuTV,"""Climbing the ladder into space"" _does not_ require ""climbing the ladder to geostationary orbit."" When you let go, you will go into freefall. But unless you are specifically doing the second one, from a ladder at the equator, you _will_ move away from your starting point. But you might not fall the direction you'd expect. (And not necessarily straight up or down, either, it depends on your latitude and exactly how high you climbed.)

If you climb your ladder PAST geostationary orbit, then you'll find the apparent force to be ""pulling you away from the planet"" as long as you hold on to the ladder, and it'll start to feel like you're upside down, and if you do let go, you'll find yourself in an elliptic orbit (for a long, _long_ time) which takes you up and away from earth (further depending on just how far you climbed) before returning to the altitude at which you let go.

There are altitudes below geostationary orbit, as well, where if you let go, you will remain in orbit. It still won't be circular, but will instead dip down toward the atmosphere to varying degrees, closer the lower you are when you let go. If you're low enough, you'll dip into the atmosphere and that will slow you down, likely pulling you into lower and lower orbits until you are deep enough in the atmosphere to burn up like a meteor.

At exactly the geostationary altitude on a ladder over the equator, you will simply float approximately where you are if you let go, remaining near the ladder without moving sideways or up or down. You are literally in the same orbit as a large population of communications satellites, though you'd be unlikely to see any without a telescope. (If you have satellite TV, this is the region those satellites are placed in, because your dish can be pointed at one spot in the sky and doesn't have to move to track the satellite.)

If your ladder was not at the equator, and not near either pole, you'll experience a ""sideways"" force as you climb, and letting go will put you in an inclined orbit that takes you equal parts north and south of the equator (assuming you aren't low enough to reenter and burn up). You will not go any farther north/south than your starting latitude was from the equator, but as the Earth rotates under your orbital track, you'll eventually see every part of it within that range (say, from 40 degrees N to 40 S).

If you're close enough to one pole, your circular path through the sky as Earth turns will not be wide enough to ""miss the Earth"" as you fall, and so you will simply fall in a parabolic arc, until you reach the atmosphere, and either burn up or hit terminal velocity (and then hit the ground), depending on your latitude and starting altitude.

There you go. Pretty sure that's all your options! ;)",2024-12-02T03:43:17Z,0,0
UgxsN8ReyDpYNNBi21B4AaABAg,@OX_KLOPS,"I would aim for the water and take a gulp, cause I’m thirsty🚰",2024-12-02T03:41:34Z,0,0
Ugxy5RcKrxiiE-mt6Dd4AaABAg,@seanyong47,"This is the second 3 minute short that I've seen after the update.
I hope those goldfish attention spans improve",2024-12-02T03:35:27Z,0,0
UgwUL3989mEKW9AHxp94AaABAg,@GeoDz,First short longer than 1 minute ive seen,2024-12-02T03:25:28Z,0,0
Ugy40ExXycYmfPmQETt4AaABAg,@Braneloc,"Hey, where's the bloke at the bottom of the ladder holding it ?",2024-12-02T01:46:44Z,0,0
UgwnSJQvSJ9RRxzwpzt4AaABAg,@RequiemPoete,"Fun fact: BG music is from their ""Move The Solar System"" episode. I believe its called Kaplan Drive.
EDIT: Its called Stellar Engine",2024-12-02T01:07:23Z,0,0
UgwpPdX-rivUDgxZd1t4AaABAg,@cdmcfall,"It's worth noting that the ladder would need to be over 22,000 miles (almost 36,000 km) tall to reach geosynchronous orbit.",2024-12-02T00:57:37Z,6,1
UgwI62xn7cPDBtCL1ld4AaABAg,@bluudud5983,wait how did you make the video more then 1 minute?,2024-12-02T00:44:36Z,1,1
UgywT1JtLG72NSltR1x4AaABAg,@THECASEOFWARs,😂 really wants me to climb a ladder and test it,2024-12-01T23:44:33Z,0,0
UgzM8Q1LATb8YMDvtz54AaABAg,@shanytopper2422,"Just remember: flying is actually just the art of falling and missing the earth. So really, it's not that objects in orbit don't fall, they do, they just move sideways so fast, that they miss.",2024-12-01T23:30:35Z,0,0
Ugw8MZwodujeS-jZLnt4AaABAg,@MrEmiriv,"What they FAILED to clarify, and this is important, is that you have to go as high as a stationary orbit, not any satellite, to not fall, that would be about 2.8 terrestrial diameters from the ground.

For a space elevator that would not be enough, as the center of mass of the whole thing should be in a stationary orbit, not viable.",2024-12-01T23:25:40Z,0,0
UgyntK59Ah4qP-YNBaV4AaABAg,@corentincaspers8229,So saying that you accelerate as you climb your way up the ladder in the equator. Could you reach or surpass critical speed if you climb too much ? Let's say you have an imaginary unbreakable ladder 1 trillion kilometers high and go to the top. Can you break light speed ? Or would it reach an equilibrium by slowing the rotating object as you add mass by making the ladder bigger and bigger ?,2024-12-01T23:19:08Z,0,0
Ugy5QHq_8rwUNzwLtlZ4AaABAg,@onetruetroy,Just imagine the Home Depot ladder section in 2224.,2024-12-01T22:23:08Z,0,0
UgyqHVWencwtkuRjz-x4AaABAg,@hi-kc6dc,"YouTube Shorts: ❌
YouTube Pants: ✅",2024-12-01T22:10:51Z,15,0
Ugz_B21N4jo9vIsl56B4AaABAg,@immanuelherwerth945,"If we kept elongating the latter, would the tip eventually reach the speed of light? I am sure it would not, but why? Would it just decrease earth's rotation?",2024-12-01T21:58:32Z,0,0
UgyTPKV1S1mBdTl-w_h4AaABAg,@rubikfan1,But a space elevator has to be 36000km high. Seem impossible. I think we are better of building a tube from ground floot to about 80km at a very small angle. Make it about 800km long. And you can confortable reach orbit without fuel. And 80km high is alot easyer than 36000km.,2024-12-01T21:40:01Z,0,0
Ugwr1gZbeEX_22bzBVd4AaABAg,@mvivian100,But you would need a ladder that takes you as high as geostationary orbit. Much higher than astronauts on the iss are.,2024-12-01T21:35:30Z,0,0
UgxuCCdNJJI9AIiL_G14AaABAg,@prashank,Correction for the graphic I suppose. Free falling from the pole-ladder will not cause enough heating to make plasma since you're not going fast enough.,2024-12-01T20:47:29Z,0,1
UgwHNYKq5A9BTWOs10t4AaABAg,@ikebeckman1074,Does 70kg terminal velocity really generate enough friction for you to burn up? I thought the reason spacecraft need heat shields was because they’re really heavy and have screaming fast terminal velocities,2024-12-01T20:27:43Z,0,1
Ugxlitj0YGMlw1jKlGd4AaABAg,@christinabalfoort2126,"""What if you had a ladder to space?""

*what a great conversation starter*",2024-12-01T20:18:18Z,0,0
UgxekUc09tF6oMLyJJ14AaABAg,@Austin-b1z,What would happen if you tied an invincible string to the moon,2024-12-01T19:08:52Z,1,2
UgxS3L7m4VZdu-sJpip4AaABAg,@Bingusgepanzert,What a thrill,2024-12-01T18:53:38Z,0,0
UgzpS5VX6K0hIJSqz1t4AaABAg,@Kaizdwinho_dead,YouTube is now putting short too long💀,2024-12-01T18:40:37Z,0,0
UgxQurDKNo371BE_IAd4AaABAg,@AshleyGrenstone,"Does acceleration affect time? Like, are things that are in motion more affected by time then things that are 'motionless'? What about parts of something (like the earth) where acceleration is different depending on position?",2024-12-01T18:39:05Z,0,0
UgxLUAz_0zxKp7uatJZ4AaABAg,@_ThreeStrikes_,No we csnt have a space elevator we don't need a war to be fought over it ace combat 6 predicted it already,2024-12-01T17:16:53Z,0,0
UgycUwCqEUGJ5Bm3VMx4AaABAg,@Lucc5822,"A ladder to geostationary orbit 

Any higher, and the point where you let go of the ladder becomes your periapsis. You’ll float higher when you let go, and fall back to the same spot in space once you complete your orbit

Any lower, and the point where you touch the ladder will become your apoapasis. You’ll fall closer to the planet (hopefully you miss it) and eventually fall back to the same spot in space where you let go",2024-12-01T16:43:45Z,0,0
UgwHp13WiQ5_mezuLIF4AaABAg,@PoolPartyToaster,"If you start free falling from space due to earth's gravity, wouldn't you not burn up? I think you have to be traveling faster than terminal velocity to catch fire. At least with the ladder from the north pole example.",2024-12-01T16:31:28Z,0,1
UgwF3zVu-dAO5KVkY5V4AaABAg,@PSNPerfectNinja,"Wait, why would you burn? You shouldn't be moving fast enough",2024-12-01T16:19:31Z,0,0
Ugz1yGth18k-XM_zTXF4AaABAg,@mystyxofficial,Satisfactory moment,2024-12-01T16:07:50Z,1,0
UgwKuBq5BNjiR8_lmG94AaABAg,@handlewithdare802,can @kurzgesagt team make a video about thermodymanics??,2024-12-01T16:00:33Z,0,0
UgyPzqbK2sXX0A_fiut4AaABAg,@McGoomba,I think youtube finally added 3 minute shorts,2024-12-01T15:55:52Z,0,0
UgygCGuXZ92W4qomN9N4AaABAg,@admirabletadpole9530,So voyager 1 and 2 returning in future?😅,2024-12-01T15:40:10Z,0,0
UgyW78gpaPHxW6KZI1N4AaABAg,@adrianaganyo,Me spending half my salary buying a space ladder and the other half paying for my burial after letting go of,2024-12-01T15:17:55Z,1,0
Ugw3o1XQO97lhnz-Tal4AaABAg,@eyallev,"two mistakes.

first, dropping from 100 km up, MIGHT not cause you to burn up (depending on your mass and profile size), drag will slow you down, to terminal velocity, which is the speed a free falling skydiver goes at (in fact, you might freeze to death, before you get enough friction to slow you down).

second, geostationary orbit is about 30,000 km up, this is where letting go, will having you floating next to the ladder, however even before that height, you would have a ""stable"" (elliptical) orbit if you let go (the ladder ""run"" way from you, as you don't have enough speed for a circular orbit, but you will catch up to it on your way down; HOWEVER, even if you don't grab it, you will find yourself at the height you started at (and you'd get there BEFORE the ladder catchs up with you), as long as you stay clear of the atmosphere, you should be able to grab the ladder at least once per ""orbit""; if you let go above the 30,000km point, you will still be orbiting earth, but at a slower rate than the ladder (however at the start, you will be going faster than it).

in short, orbital mechanics is strange.",2024-12-01T14:51:52Z,0,2
UgyZbp9fsm2tY98ffRt4AaABAg,@shanold7681,how far at the pole would you have to be to not fall back to earth?,2024-12-01T14:38:02Z,0,1
UgwjzzleTi0rKOQIWw94AaABAg,@OneManLikeNoOneElse,"Thank you for giving all the answers to the test so, I don’t have to go buy a ladder and test this out like some of the other commenters!!😂",2024-12-01T14:22:10Z,0,0
Ugxsq4XdjgPzt0T6HlB4AaABAg,@WhoAmI04490,oh damn. Next time I climb my space latter I'll make sure to remember not to climb to high up. Being flung into space would suck.,2024-12-01T14:21:21Z,2,0
UgzgBbMwlyQjvYW713B4AaABAg,@jonathanvanolderen7039,Even though it's a straight strong ladder. Will the force of the earth spinning bend the ladder in one way?,2024-12-01T13:54:06Z,0,0
UgwxdnrPf3dj04QbeCx4AaABAg,@Klonter77,Dont try this at home,2024-12-01T13:51:53Z,0,0
Ugzss50ImsRXEzw7nA14AaABAg,@Eklulu10,"""What would happen if you climbed a ladder to space""
You'd suffocate",2024-12-01T13:36:49Z,0,0
Ugw0CX6ndmL2B5_voWZ4AaABAg,@VovanGood,The ladder is an omori reference guys omgomf111111 i am insane yes,2024-12-01T13:25:49Z,0,0
Ugx44wax9cm1xCFeXz14AaABAg,@saladinbob,"Whether you fall or float is the least of your worries because at the speed the earth is moving, depending where you plonked your ladder, the ladder will be 27 mile away in 1 minute's time. Hope you climbed in your running shoes",2024-12-01T13:25:14Z,0,1
UgxK5SVNPoYJSmPD2nd4AaABAg,@idontknowgaming5653,"What a thrill…
Also I want to understand the enemy",2024-12-01T13:20:48Z,0,0
UgwBCFg4SagoJvbRxDp4AaABAg,@uiopgamer4647,The longer shorts benefit Kurgezant so much,2024-12-01T12:53:26Z,0,0
UgxhAF4HExH9TZsqwGp4AaABAg,@nurgarciaterrassa8593,This should be a long form vid? 5 mins or so,2024-12-01T12:52:31Z,0,0
UgwwNuTvIy5HJMh6e2N4AaABAg,@kuttr-654,"I don't like this.
Reminds me of when I was a kid and I'd watch a record spin on a turntable.
The inside and outside of the record moving at different speeds while being part of the same thing was confusing and just weirded me out 😂",2024-12-01T11:49:08Z,1,0
UgwFSTLroaB-ZC0-0Wd4AaABAg,@pooranimator-2,Thanks for this brilliant video 📹 👏,2024-12-01T11:46:49Z,0,0
Ugwod8BcZaGhZvaAAaJ4AaABAg,@advansement,so waht your saying is that if I was on a non spinning planet I could travel faster than sound,2024-12-01T11:41:31Z,0,2
UgzbpDDG83lk2a6Z4MZ4AaABAg,@sushm_7767,Wait a 2:30 long short? I didn't know you could make that a short,2024-12-01T11:38:10Z,0,0
UgzsjbCp35iffuQBk1B4AaABAg,@MacMalcyMac,"The material would have to be similar to skin or spiders web, something so flexible. I'd guess.",2024-12-01T11:31:19Z,0,0
Ugy9ROCj4PacxyTmSSV4AaABAg,@bthanbeethan5590,Could you build a ladder at the equator that goes so high you can move at the speed of light? Theoretically?,2024-12-01T11:25:12Z,0,0
Ugyg18ADXQ86ZtZ_t994AaABAg,@WOTyouwant-t5c,We need the Myth busters,2024-12-01T10:53:21Z,0,0
Ugx5-NAEUH4XKGwUs_B4AaABAg,@Rwdphotos,you shouldn't be going fast enough to burn in the atmosphere,2024-12-01T10:51:52Z,0,2
UgwdX2kj1bxHyLDXhCp4AaABAg,@vibe-coder-telugu,Is this a short?😂😅,2024-12-01T10:38:52Z,0,0
UgxuWjhCiDGLrTFGGzt4AaABAg,@rafiwafi2335,No one talking about the duration being 2 minutes?,2024-12-01T10:23:31Z,0,0
UgyCnZ_R9s7cW9znlc94AaABAg,@emanuel_616,I think we might call this a pants...,2024-12-01T10:14:51Z,0,0
UgxvQgWYNyY3zB_nKXV4AaABAg,@kennethferland5579,You will absolutely fall unless the ladders is going WAY WAY past just 'space' all the way to geosyncronous orbit.  Space just above the atmosphere is a mere 200 km and you will fall from a ladder that height.,2024-12-01T10:13:02Z,0,0
Ugz-sRJWAyDbe6jR6YF4AaABAg,@Depth_of_Cut,I want my latter at the north pole. I want to drop shit and see what happens!,2024-12-01T10:02:08Z,0,0
UgwUeOVnG0-0DcQFyBR4AaABAg,@alemalohe,The Tower of Babel,2024-12-01T09:38:46Z,0,0
Ugy8ofSEZRk70398Tmh4AaABAg,@Ray_of_Light62,"I guess you read ""The Fountains of Paradise"" by Arthur C. Clarke...",2024-12-01T09:26:21Z,0,0
Ugx-OK7HR8JrOjysfgB4AaABAg,@Recolone,What a Thrill....,2024-12-01T09:24:23Z,1,1
Ugy-n7CB3OZ41lCmoxV4AaABAg,@LeventDV,So you need to climb up to geostationary orbit... That's much much higher than most used orbits :o,2024-12-01T09:13:29Z,0,0
Ugzf-Ldv0vrgBq9BzoJ4AaABAg,@DarkstarthenightwingSUBSCRIBE,"you can also imagine a universe where the space elevator is one of 3, each part of a solar array system. and each space elevator controlled by separate countries who use the energy to strongarm the world's economy.  this of course leads to endless energy wars fought out by increasingly sophisticated machines. machines that slowly begin to walk and even fly, controlled by the deft hands of skilled pilots. but for over 500 years a secret faction has been developing impossibly advanced technologies in the rings of Saturn. technologies so powerful that they make aliens blush. this secretive faction makes a sudden appearance on earth. by allowing one of their pilots to disrupt a weapons demonstration. humiliating a skilled pilot and an entire government's most esteemed military R&D branch. the mysterious faction then broadcasts a message on all channels that they seek to end war through direct military intervention, in order to prepare the human race for its greater cause.

...And that's the entire backstory of Mobile Suit Gundam: 00. you can watch it on crunchyroll, Disney+, or Hulu. and it's a really good anime I highly recommend it",2024-12-01T09:05:55Z,0,0
Ugy6yFoXpxtEIwv5SXJ4AaABAg,@averagesewerrat,Metal gear reference,2024-12-01T08:22:32Z,0,0
Ugxgvs0jWTx-7Pylt6B4AaABAg,@topazbutterfly1853,What is this BGM called?,2024-12-01T08:20:59Z,0,0
UgwGP1EXM_bebU1VGGV4AaABAg,@jarlathburns1184,"They must have had to coach the narrator to say ""Farther"" instead of Further",2024-12-01T08:10:00Z,1,0
Ugywa-xsVUKQ8cMef3h4AaABAg,@alstonsmith2714,Well call it the Tower of Babble,2024-12-01T07:56:40Z,0,0
Ugyo_rrrhgF4TVNEwOd4AaABAg,@sammy5576,"Below the  geostationary orbit point you will fall down and actually start accelarating forward in the direction of earths rotation, like an ice skater pulling in theor arms in a spin",2024-12-01T07:51:11Z,0,0
UgwjHUrFJHURrVKMOGl4AaABAg,@mikeeB-m5h,"Wait, something is off, the earth is also moving at its orbit around the sun.",2024-12-01T07:47:04Z,0,1
UgweZt4NcIL36__-Nvd4AaABAg,@Airplanes-od4pr,I don’t know if this changes any calculations but the earth isint a perfect circle/orb it’s a slight oval,2024-12-01T07:44:40Z,0,0
UgwxY3h26R8JxtUwNQx4AaABAg,@daldeee,what a thrill,2024-12-01T07:27:48Z,0,1
UgwjMDyElaR7wvWxABl4AaABAg,@Doctor_Clump,"You had me at "" flung off into space, never to return""",2024-12-01T07:12:35Z,4,2
UgzkRbU5oFUVly0Qup94AaABAg,@mrsquid_,ATC in space would go crazy,2024-12-01T05:50:47Z,0,0
UgwTckMy9BswgL9oZnh4AaABAg,@NURDVEVO,"You guys spent that whole space slingshot video, just to revert to the nearly impossible tower",2024-12-01T05:48:11Z,0,0
UgzKwo7iXIezWr1qxmZ4AaABAg,@justinvonmoss6925,You wouldn’t burn up if you fell off the ladder at the North Pole. Heating upon reentry is due to compressing the air as you enter the atmosphere with your incredibly fast speed from orbit. This causes the temperature of the air to because of compression (see the ideal gas law). If you fell from the height of satellites without orbiting there would be minimal heating due to entering the atmosphere.,2024-12-01T05:07:39Z,17,5
Ugz61jww7iK3OXhxqJt4AaABAg,@Parker-d2f,I think the later would fall and break with you😂😂😂,2024-12-01T04:51:57Z,1,0
UgzAQtdUe37IWUoBDBB4AaABAg,@ihsanfaqih5073,Just indwell a saurian and you'll never die with single fall damage,2024-12-01T04:39:11Z,0,0
Ugy9vYS3QD0ZkibeiSl4AaABAg,@SirHuman01,I will keep this in mind next time I buy an extremely long ladder.,2024-12-01T04:27:45Z,1,0
UgyyueH6PXUv6OmfdPt4AaABAg,@vireaknou8835,"The concept of space elevator is not very ideal because it use up a lot of resources to make and it might be in path of several thousand satellites if not more that are orbiting the earth, which you know won’t end well.",2024-12-01T04:26:26Z,0,0
UgzG8Zbg7L5wd7wK5T54AaABAg,@grendlsma,"Would you burn up falling from the north pole though....?
You aren't losing velocity to de-orbit....you are just falling.",2024-12-01T04:08:46Z,0,1
Ugy8OI_mFCkFlFzdC-Z4AaABAg,@LVPictures,feels longer than 1min,2024-12-01T03:59:24Z,0,0
Ugz2oQ-591A5N0_qeGV4AaABAg,@coolgamer5168,I feel like if the space tower was real there would be another terrorist attack to fly a plane into that,2024-12-01T03:55:33Z,0,1
UgzDIyoJs5cgioIUvfp4AaABAg,@Rat_Fบcker,so you're saying if the ladder is l9ng enough at some point the top can move faster than light?,2024-12-01T03:53:36Z,0,0
UgyY_nAt_PMa9xqyHo14AaABAg,@Bench_1,Nah I'd just ladder clutch if I was at the north pole,2024-12-01T03:48:28Z,0,0
UgyEQfroqKjXURLG4Ox4AaABAg,@MinerTacoCat,I’m enjoying the longer shorts length,2024-12-01T03:38:01Z,0,0
UgwNx-6JWmXR6lzluld4AaABAg,@yuranhou1952,What background music?,2024-12-01T03:32:51Z,0,0
Ugw0x9QMCxiu43DZBJ94AaABAg,@debasishraychawdhuri,also depends on the height of the ladder.,2024-12-01T03:09:36Z,0,0
UgzGb_6eprtHFD-y03h4AaABAg,@craftyowl,Song is called “Stellar Engine” by Epic Mountain Music,2024-12-01T02:51:50Z,0,0
UgzW_72pYnJHqH1uRzR4AaABAg,@arckocsog253,"A space elevator is impossible because of the enormous forces. You should know that, kurzgesagt",2024-12-01T01:51:05Z,0,1
UgzzFcdHFLPxVYrsJMN4AaABAg,@vmarquez73,A stairway to heaven*,2024-12-01T00:03:48Z,0,0
UgzTym7FgSzrgh9c7s14AaABAg,@The-Pullet-and-Duck,"come on dumbass, you're not floating, it has nothing to do with buoyancy!",2024-11-30T21:41:51Z,0,0
UgzAOi6CubdfolibnKd4AaABAg,@dutch24,"My main concern with space elevators is the material science; we need something resistant to the cold of high altitudes, heat of the friction, radiation of the sun, the resistance of the wind, and all that while building taller than ever before! It's a really cool but daunting concept.",2024-11-30T21:40:15Z,0,3
Ugwc817Sk_CfmR0DjRJ4AaABAg,@Applemangh,Would you really burn as you fell in the North Pole scenario? Wouldn't the gradually thickening atmosphere be slowing down your terminal velocity such that you never end up falling fast enough?,2024-11-30T21:37:11Z,0,2
Ugww3tELnGYrS3XyO-t4AaABAg,@marcelocasimiroqueirozecos5184,"It is such a simple question, but it is explored with such depth and elegance in a simply delightful video. Kurzgesagt in a nutshel.",2024-11-30T21:11:01Z,0,0
Ugx6GjTVsPNNANOKcxl4AaABAg,@Oliversage1,I NEED the game to release on steam right now,2024-11-30T20:01:31Z,0,0
Ugzwcy_VLZy9Ix7wSqB4AaABAg,@OverlordZephyros,There's a space elevator on the tv show the foundation.... you don't want it on earth... trust me,2024-11-30T19:29:27Z,0,1
UgwBDA4p6u1m2hWuUu94AaABAg,@jean-marcknight8816,"Providing you have some heat shield and you ignore materials resistance, the weight of the ladder and nasty comments like this one 😂",2024-11-30T19:07:11Z,0,0
Ugxx2u0Yj9kSFjyMD-V4AaABAg,@uncreativedays,there's so many questions but I'm going to ingore them,2024-11-30T19:04:05Z,0,0
Ugydfs4aTExuVUlpUGt4AaABAg,@carf-e1,So that's why the space elevator in Halo 2 is in Mombasa.,2024-11-30T18:08:17Z,0,0
Ugz4NMWYnTlCVPcFwzl4AaABAg,@GhostSlay3r,Damn. Either it's a coincidence or by the genious purpose of the old Bungie why in Halo 2 we are in Moi/Mombasa in Africa in Halo 2 and Halo 3. There we see a Space Elevator and it's really close to the equator 🤯,2024-11-30T17:38:27Z,0,0
Ugy-xKMpEzOwsqOaaGB4AaABAg,@BrbDanny,Thanks I'll think about this the next time I build my ladder to space,2024-11-30T17:19:01Z,0,0
Ugxc3HMXa8-HjCobuM14AaABAg,@mikethewhizz5085,Hopefully you bought ANY kind of space suit before climbing your ladder to space :3,2024-11-30T17:15:18Z,0,0
Ugy9oL4gTxeV2R_vpQ54AaABAg,@mikethewhizz5085,"This also means that the normal force from the ground is slightly less than gravity, to maintain a circular path",2024-11-30T17:14:07Z,0,0
UgwbehKkp491JIJQHfJ4AaABAg,@infinityheart_tm9270,"What a thrill… with darkness and silence through the night…
“Gasp I can see the top and-“
🖕",2024-11-30T16:45:47Z,0,0
UgwhUAnx_ruLpWiUEsV4AaABAg,@tayuhiroya9452,"So if we make a spacestation in stationary orbit in the equator and start building downward, we can build a space elevator easily? Why not?",2024-11-30T16:42:14Z,0,0
UgzZnAoiaS8gC86XxId4AaABAg,@The_undefeated_one,Not the spacesuit😭,2024-11-30T15:53:51Z,1,0
Ugyp0AUkGpQUmsi5V4p4AaABAg,@bukkchickenbukk,Cyanide & happiness says I'll be fine. What's YOUR source??,2024-11-30T15:35:37Z,0,0
Ugy9Yysk9hMZca1a26h4AaABAg,@AsifIcarebear3,"Wait, you don't burn up if you just FALL from space. People have jumped with parachutes and stuff, and didn't burn up. Either I've missed something or this seems like a big error.",2024-11-30T13:01:13Z,0,2
Ugz0wtRrbBp8KvYr2zd4AaABAg,@iGortaur,Tens of thousands of kilometers? I though the orbit is like 400km already,2024-11-30T11:31:29Z,0,1
UgzL2vOz9KWzMgHvgT94AaABAg,@NANA-dv5ix,You’re still forgetting about getting a material that strong,2024-11-30T11:22:58Z,0,0
UgwOp2HplE8AZboQ8uN4AaABAg,@gettoknowdavid,Actually forgot I was watching a short,2024-11-30T11:16:50Z,0,0
UgxysP4ZtJdvsUiw8r94AaABAg,@gracetonsanthmayor6687,Ah yes another tower of babel... Guess its time for Language update 2.0,2024-11-30T11:07:41Z,0,0
Ugz1ve7kF_p2-nKW3d14AaABAg,@jurebulat2083,Damn this channel really do be living in 2238,2024-11-30T10:54:18Z,0,0
UgxKDjrxUKNR1AxgTVx4AaABAg,,This is why ladder dad is OP.,2024-11-30T10:42:17Z,0,0
UgzC1CtIoeOrTIZCelB4AaABAg,@haltofan222,My wheels ain’t wheeling,2024-11-30T10:41:15Z,0,0
UgyVKhJgvl-DWxzNeZp4AaABAg,@martinbaypedersen503,How to turn off subtitles?,2024-11-30T10:06:30Z,0,0
UgwcacOprucqeG_B6hF4AaABAg,@seraphin01,"Hi, this is Josh, only one way to find out!",2024-11-30T09:51:20Z,0,0
UgwKcseIqyKZr9bVGep4AaABAg,@angiki9988,I tried to think about the motion of my wheels while driving and immediately crashed into a tree.,2024-11-30T09:41:41Z,0,0
UgxDEK7YHKV4B7OIdaJ4AaABAg,@temmielord1386,fun fact the official music for the space elevator already exists and if i remember correctly its over 5 hours long.,2024-11-30T08:15:17Z,1,0
UgykzZURznUpIxd82_F4AaABAg,@aurelia8028,What if kurzgesagt didn't make shitty shorts or minddumbingly stupid  videos?,2024-11-30T07:28:38Z,0,2
UgxAIwectdc6Z2fuUFR4AaABAg,@danielwolff7923,So what happens if the ladder is somewhere in between the equator and the poles?,2024-11-30T06:53:48Z,0,0
UgzC2UmU707MIDcPZ0p4AaABAg,@michaelchristy506,Okay actually how did I not think that was possible,2024-11-30T06:51:23Z,1,0
UgwflMgikkS9lAdKZ4h4AaABAg,@Neil.Menezes,I think you'll freeze on the way up the ladder or die of lack of oxygen.,2024-11-30T06:12:48Z,0,0
UgwyFWRAJJctqbqo_OV4AaABAg,@ChaoticHarbingerofKnowledge,Did anyone else realize that they made a 2 and a half minute long short?!,2024-11-30T06:09:54Z,10,2
UgzNXsn3DjvUsWRCxUF4AaABAg,@deRangutang,"I don’t think you’d burn up falling from the polar ladder. You’d just hit terminal velocity like a skydiver.

Burning up is only for objects moving at the kinds of speeds attained by the equatorial ladder in a vacuum.",2024-11-30T06:04:59Z,1,2
UgzEVBYh9pbmZ-maW854AaABAg,@SitesAD,Since when were shorts able to go over a minute??,2024-11-30T03:38:47Z,0,0
Ugw4ysvXQVom7M7K_Yx4AaABAg,@Capt.Arthadain86,"Thank you, learned something today.",2024-11-30T03:33:11Z,0,0
UgywI8XiV0IDavNyVLp4AaABAg,@4.5LeafClover,me taking a break and just floating by my ladder,2024-11-30T02:43:46Z,0,0
UgyhklFDrHTS0tt3GHl4AaABAg,@Eathamporkes,I bought the ladder from Temu,2024-11-30T02:16:52Z,1,0
UgyK8F0bMKciy1T0cel4AaABAg,@Flint_Ironstagg,"yes! i knew i'd find a use for the 16,000 discarded ladders and 4,000 rolls of duct tape i found at the dump.",2024-11-30T02:12:40Z,0,0
UgxB-cP73WQpaloHnJJ4AaABAg,@timmy6890,This really helped with my future purchases of really tall ladders!,2024-11-30T02:11:55Z,0,0
Ugw_i3S08PPMlvx2f5J4AaABAg,@veranet99,"Fortunately for me, the space ladder comes bundled with the magic spacesuit. 🪜👨‍🚀",2024-11-30T01:24:38Z,0,0
Ugxi2SM_TL-FTQeQ2QB4AaABAg,@misanthrope3375,I predict it would be fulfilled in some centuries later.. 💀👋,2024-11-30T01:22:10Z,0,0
UgwaphUFB3rPCv5HVpJ4AaABAg,@TyCappy,"The coolest concept about a space elevator I've ever heard is that if you build it tall enough, it'll eventually weigh nothing. Imagine a building 300 miles high being the tallest and yet lightest structure ever built. 🤯",2024-11-30T00:38:57Z,0,0
Ugy45f4Pp2T7DmTijUx4AaABAg,@dubsar,"1:52
I think there is a similar story about an enormously tall tower somewhere in the bible.",2024-11-29T23:58:01Z,0,1
UgyKwvnFbEBjle-sChZ4AaABAg,@leahlandry1222,"0:45 We’ll take that, Kurzgezat, cause I’m in a car!",2024-11-29T23:56:41Z,2,0
UgwoQye0G7nG097z1ct4AaABAg,@DameCookie,Searching Amazon for Ladders to space...,2024-11-29T23:15:18Z,0,0
Ugzv6MxHD5kgENGmsMR4AaABAg,@SuomalainenRitari,0:43 I have a car?,2024-11-29T23:13:13Z,0,0
UgwTRTw5q2re-49ew694AaABAg,@harrypothead,Wow.... this literally proves the earth is flat.,2024-11-29T21:24:38Z,0,3
Ugz3_n1vAT8DRW0p9dF4AaABAg,@Catboyinboots,President Harling approves of this message,2024-11-29T20:36:12Z,0,0
UgwYZvLf0k8Ag9uI5AZ4AaABAg,@Mike-sv2nu,very hitch-hikers guide to the galaxy.,2024-11-29T20:09:13Z,0,0
UgxZgII1nNywnH9soVZ4AaABAg,@projectarduino2295,Was that space tether music I hear? I love that one.,2024-11-29T20:02:10Z,2,1
Ugx2RlqEyxmsIcdqnPp4AaABAg,@SteelTumbleweed,"Wouldn't it get harder and harder to to climb, since you're orbiting further and further yet still spinning around the earth at the same speed and your kinetic energy continues to grow. At one point you won't have the strength to climb up a single rung.",2024-11-29T19:58:56Z,0,0
UgxXYFbrhPGf9v-IERl4AaABAg,@MineproGD,wait this short is 2:30,2024-11-29T19:51:02Z,1,0
UgzKNELoHyr1_9tzISJ4AaABAg,@Tyrbyte,This was terrifyingly awesome and makes me want to study physics,2024-11-29T18:04:56Z,0,0
UgxcktPO1rsEsKuLAf54AaABAg,@firenzarfrenzy4985,"I haven't heard this OST in a while. Brings back memories.
I can't remember though if it was Space elevator or Stellar Engine that used it.",2024-11-29T18:04:14Z,1,1
UgwO6kIWdA1ubRZ37xR4AaABAg,@looqstudio7642,"In the poles, would there be a section of the leader where you would just float? Not leaving the earth's orbit and not falling into it",2024-11-29T17:46:47Z,0,1
UgxKnFZ34FExpzfDDlt4AaABAg,@makeracistsafraidagain,A space elevator on the Earth is impractical… but on the Moon it would be very possible.,2024-11-29T17:09:43Z,0,0
UgwyAIv53TbSgs-OeHF4AaABAg,@konstantin_d.m,Bold of you to assume that ive got money for a car,2024-11-29T16:37:26Z,0,0
UgyZw5TP8mNqn1oTzwZ4AaABAg,@DisgustingHobo,What happened with all the birds dying horribly for science and our amusement?,2024-11-29T16:32:00Z,0,1
Ugwn8YDqGuIIsjZQheR4AaABAg,@helgefan8994,"But not all satellites are high enough for you to float there, only the geostationary ones!
For example from the height of the ISS, you'd still fall back down to earth, because on such a ladder you'd not be moving fast enough sideways to stay in orbit.",2024-11-29T16:29:22Z,0,0
Ugzd4aXBilefnvdoOId4AaABAg,@JamesR624,"So I learned that you can just ""stand still"" at the equator and you'd be moving faster than a supersonic jet.",2024-11-29T16:09:37Z,0,0
Ugzqz1mYgdjCGCYH_yF4AaABAg,@godbearxd,The short clip actually did help me visualize this much better. I'm now currently obsessed with the idea of whipping people into space from the equator 🤔😂,2024-11-29T15:07:11Z,0,0
Ugwn69S2-9ZGoopKaZF4AaABAg,@its.a.carrot,the whole time i was distracted by the soundtrack lol,2024-11-29T14:22:12Z,1,0
UgyUWQKkIF_YOb-PI714AaABAg,@manumudgal5776,Gundam franchise: Did someone say space elevator?🥸,2024-11-29T14:12:34Z,0,0
UgyQurE6uHKQpjY-j8N4AaABAg,@Sky_nord,giant tower? far future? is that a OneShot refrence???,2024-11-29T14:04:51Z,0,0
Ugx-BEN8MchDGkOoMEJ4AaABAg,@Beatsea-s7k,That's a lot of explanation for one question. Feels like school. It's interesting though.,2024-11-29T13:41:09Z,0,0
Ugyo5zQPaBGdbwYZZZN4AaABAg,@EmmaVictoira,"the "" spacesuit "" .....",2024-11-29T13:37:16Z,1,0
UgwVAj48LIc1Nj7S-9N4AaABAg,@WiseSmiless,Isn't the pyramid of giza at that location? Or did i watch too many conspiracy videos?,2024-11-29T13:26:10Z,0,2
UgxECIwnTcWofbCYUOt4AaABAg,@tackyinbention6248,Bro forgot to make this an actual short,2024-11-29T12:52:44Z,2,0
Ugyst_ZeUU4U3_GOr8B4AaABAg,@DimiDzi,why not instead make a space well that lowers its bucket into the atmosphere where it can be reached with a helicopter or a drone while pushing a counterweight into the space to pull it out as the bucket in the atmosphere pulls it in,2024-11-29T12:46:31Z,0,0
UgxpOL4hC7KwGlrWvyl4AaABAg,@OminouslyIndominious,Erm actually you can’t breathe in space🤓🤓🤓,2024-11-29T12:31:29Z,1,0
Ugx8XmXhUJ16fo5br0h4AaABAg,@Userenametaken,"What if you go much, much higher? Like halfway to the moon",2024-11-29T11:22:30Z,0,0
UgzXWVb9PDyA1nb9x6t4AaABAg,@a_plus_luxe3426,"For the record, to orbit earth you would need to climb ~22,000 miles, that’s a geostationary orbit meaning the only point that you could orbit while rotating with the earth, any less and the ladder is moving to slow, any further and you’d be moving too fast.",2024-11-29T11:20:16Z,1,7
UgwigjqNQx3v_pWpMKl4AaABAg,@zorod5475,Nice explanation of Lagrange points. Although in a space elevator you want a weight that goes beyond the point to help keep the elevator taut and sturdy.,2024-11-29T11:05:49Z,0,0
UgxpXOr6VDVo2yz1zPJ4AaABAg,@dennisweijzen8997,"About the wheel, that's why every car has a differential (dif.) It's a neat little thing on your frontaxel, activated when you turn. It does not matter turning left or right, the dif. will make your outside wheel move a bit faster because it has to travel more distance in the turn. This way, the wear to your tires is reduced and makes the ride more smooth and comfortable.

Would love a series here about how different parts of cars work and maybe even other vehicles",2024-11-29T10:33:38Z,0,0
UgzWppOo83yKSmPmOv14AaABAg,@LandOfAbundance,Longest short ever,2024-11-29T10:06:23Z,1,0
Ugzg7FElhotKntGImLJ4AaABAg,@Primalmoon,"2:15 I haven't done the physics to confirm, but is the ""no matter how you climb"" actually true? With a tall enough ladder you should be able to get far enough away that you're not orbiting Earth, but instead independently orbiting the Sun. And your climbing will be changing your distance from the sun while still orbiting in one year, so you'll be getting a change in your orbital speed relative to the Sun, so your orbit won't intersect the Earth again once you let go of the ladder.... Right?",2024-11-29T09:48:47Z,0,0
UgyoTVSBM6TPaONfyqN4AaABAg,@santohiji6117,"Complaint, ask for a lift.",2024-11-29T09:35:00Z,0,0
UgwNzNar6mgpa_-fcJx4AaABAg,@MSTF-o4h,"Why is no one talking about ""shorts are now allowed to be longer than 1 minute??""",2024-11-29T09:25:48Z,1,0
UgxG1hHvXXK3_KMZkHx4AaABAg,@JudgingNug,Space elevator.... remember New mombasa.,2024-11-29T08:30:55Z,0,0
UgyAAjqX1SrvSxJVVHx4AaABAg,@PeamThePanda,"Still fascinating that our planet rotates every 24 hours, which just so happens to be exactly one day!",2024-11-29T08:29:44Z,0,0
UgzPuIy9kOPXZoWd1aN4AaABAg,@Meadowdip,"If we just keep making the ladder taller, at some point can the tip start moving FASTER THAN LIGHT??",2024-11-29T08:19:47Z,0,0
UgwgeqiENf3R8zU5ZYV4AaABAg,@michaelhenar,How is the short so long?????,2024-11-29T08:18:20Z,0,0
UgyQ7P1O8Pn3fy0l37Z4AaABAg,@cryo-maniac,"ahh... the moving the sun videos ost
good times",2024-11-29T08:12:28Z,1,0
UgydMllU1f8Yawyd41h4AaABAg,@TheRisingblade,That's a Stairway to Heaven,2024-11-29T08:06:12Z,0,0
UgzLnwi2QKqrrSb-PXd4AaABAg,@dartiel6892,What a thrill,2024-11-29T07:53:29Z,1,1
UgxRgNCeepmUV02qAwp4AaABAg,@ZogTheNomi,Really starting to like the 3 minute shorts even more than I already did this is sick,2024-11-29T07:46:42Z,0,0
UgwTZYhRmdN-1-2CHvN4AaABAg,@Slap_Ninja,"Yes, the fall will kill you.",2024-11-29T07:43:30Z,2,0
UgzxVQ_u82EnB38utmJ4AaABAg,@alfred8816,What would happen If you are teleported from the equator to the northpole? Would you still have Speed of 40000 km/h?,2024-11-29T07:35:23Z,0,1
Ugyf44V3rhs-4yxVRc54AaABAg,@megamushroom,Oh... This is scary... 😢 😢 😢,2024-11-29T07:23:17Z,1,0
UgyGEfDvnvXkB_HyK1N4AaABAg,@twanwilting3770,Question: What happens if you dig a tunnel to the centre of the earth and would clime the ladder down till the centre( so not jump in the hole ). Would you float as gravity is pulling and pushing you equally in all directions or...?,2024-11-29T07:21:18Z,0,0
UgzDen90zPEpizaJf1N4AaABAg,@lion_heart_the_saviorkota6571,So what you're telling me is we should build a space elevator at the North and or South Pole. As there won't be many resistances outside of gravity and wind affecting it,2024-11-29T07:09:17Z,0,1
UgyEm8w1_gzTSZ3XfoJ4AaABAg,@Florian..,What a thrill,2024-11-29T07:07:21Z,2,2
Ugw1k5RpcN_MOAvfret4AaABAg,@Lord_Omni,"Not sure if having more speed will actually fling you away. Play ""Kerbal Space Program"" game or watch the tutorial - this is quite extensile space rocket simulator. Accelerating while you are on a circular orbit makes it bigger and elliptical. And to leave Earths gravitational field you have to accelerate a lot.",2024-11-29T06:55:48Z,0,0
UgxFr7Rn_LNbSzNxnDt4AaABAg,@Oh-Hmmm,Not to climb too far was the most practical advice anybody has given me all through life,2024-11-29T06:33:20Z,112,2
UgzDgHu7FO3O0Xa-HjB4AaABAg,@Arto_forreal,Dyson sphere music my beloved,2024-11-29T06:20:14Z,0,0
UgzzpfwtggYMXFiXJEJ4AaABAg,@steeleplayz8075,This looks similar to a game called satisfactory,2024-11-29T06:17:24Z,0,0
Ugxd9-LbP9r9F8_s7GV4AaABAg,@Laj.Kossuth,"I love the music, it makes me feel nostalgic",2024-11-29T06:13:45Z,11,4
UgzdUOHwZq1GMSAUTUh4AaABAg,@Chehoslovak,is it possible to make YouTube shorts longer than 1 minute?,2024-11-29T06:09:20Z,0,0
Ugx3Ubs91iXKV7eQeu54AaABAg,@goneutt,I already saw a cartoon on this topic. It was Cyanide and Happiness.,2024-11-29T05:57:37Z,0,0
UgyByqoalbNTCkf_tkx4AaABAg,@Amitloaf,"I guess that on the poles, if the ladder is high enough, in some height you wont be affected enough by earth to fall back into it?",2024-11-29T05:56:37Z,0,0
UgyFZ8H1I3A_YLQOkkp4AaABAg,@AnimePunet,"First of all the ladder your talking is not possible, then how can you say what will happen without completing first step you cannot proceed for 2nd.  So, stop taking nonsense assumption.",2024-11-29T05:54:09Z,0,0
Ugy9oO8WzUQZUaB-AOt4AaABAg,@sheepkillindog,"Where were you, when they built the Ladder to Heaven? Did it make you feel like crying? Or did you think it was kinda gay?",2024-11-29T05:45:54Z,1,0
UgypbHe0DcuR-g6Yomd4AaABAg,@warspite_4715,"The idea of this reminds me of the thing science teachers like to do to demonstrate centrifugal force with water bottles : At the equator, you are the water in the bottle that remains at the bottom of it, and it would be very difficult to achieve the same effect without the spinning motion and your arm out sideways.",2024-11-29T05:42:05Z,0,0
UgzImMW4a1e0qvubr-t4AaABAg,@leol.8658,what a thrill,2024-11-29T05:40:08Z,1,0
UgycQOvQqcIim_qvQ-F4AaABAg,@randomhuman5352,I will keep it in mind next time am climbing the ladder ty bro,2024-11-29T05:25:51Z,0,0
UgxnpB5KqfqMmZK8-0t4AaABAg,@mospeada1152,Surely it wouldn't be tens of thousands of kilometres up?,2024-11-29T05:19:46Z,0,0
UgzBbJ3GFCwKgUHgOLR4AaABAg,@whome9842,The invulnerable space suit would cost half the price of the ladder! Who would want to pay that?,2024-11-29T05:12:25Z,0,0
Ugx5gfM3niO21Dq7fy14AaABAg,@clippygang,If a space elivator with a space port on top falls on earth wouldn't that like trigger a major extinction. Idk just wondering if its a terrible idea,2024-11-29T04:53:16Z,0,0
UgzbfR_FAkDNk0wAUoh4AaABAg,@nawatwongtep9579,Hold on. YouTube shorts are now longer than a minute?,2024-11-29T04:53:06Z,0,0
UgzDMLhszldyfvKz1OB4AaABAg,@ZENegade,"...legitimately can't get my head around this: why would the space elevator need to be ""tens of thousands of kilometers"" in length?

100km gets you to the edge of our atmosphere, legally speaking, and after 100km you're officially an ""astronaut""... so like, what's the need for the space elevator to be orders of magnitude longer? Simply to tether a giant satellite/space station/launch port at the end and have room to spare? I thought the elevator just kinda needed to breach into space so that cargo costs plummet.",2024-11-29T04:51:50Z,0,0
UgxAqpb5g4XHR_Ch4XV4AaABAg,@DtWolfwood,"Geosynchronous orbit. Equatorial one is geostationary orbit. 

Strange what's it called is never mentioned.",2024-11-29T04:20:43Z,0,0
Ugw-3UTn0VVGleraPlN4AaABAg,@mEHple_bEHcon,Depends how close you get to a gravitational object,2024-11-29T04:12:38Z,0,0
Ugz3WMeIEjL09-460Rd4AaABAg,@harmonicaveronica,"In other words, you will always fall due to Earth's gravity, but depending on where you start you'll eirherr fall down or you'll fall sideways",2024-11-29T03:57:59Z,0,0
UgxBHR8947AIndgu4Dx4AaABAg,@TheFirstCurse1,"*Terra's atmosphere. Not ""tHe EaRtH's"".",2024-11-29T03:40:22Z,0,1
Ugz-0U9frgUP7WhgZzp4AaABAg,@dragoda,This must be the most abrupt ended episode ever.,2024-11-29T03:39:06Z,0,0
Ugy9eXTvTlgzLf_yULh4AaABAg,@kevincronk7981,"You won't burn up if you fall from space. You will just reach terminal velocity like always happens when you fall. Spacecraft and meteors burn up because they are moving at absurd speeds relative to earth, so the friction creates ridiculously high amounts of heat. Since you are starting from high enough to have essentially no air, you would probably reach a speed higher than your terminal velocity in the regular atmosphere, but you'd need to be going astromically (pun intended) faster to burn up in the atmosphere.",2024-11-29T03:31:42Z,1,0
UgxdMfO5prBenMCoQnl4AaABAg,@quack2024,"Reaching space with a ladder and without a full body like duck, is physically impossible because of the armstrong limit, where your blood and a bunch of fluids would immediately boil away",2024-11-29T03:14:33Z,0,0
UgzZFRORJlF0Qq5VI6t4AaABAg,@nyyotam4057,"So basically, to float you need to throw yourself at the ground from sufficient height - and manage to miss it 😂. RIP Douglas Adams.",2024-11-29T02:13:02Z,0,0
UgypEYnHc5Ndo3NRU6V4AaABAg,@Metalders,That ending was kinda sus.,2024-11-29T01:57:20Z,0,0
UgxVE9Y-SctH-TyetGJ4AaABAg,@arbust8,the fact that you can reach escape velocity using Earth's own rotation (by going high enough) blows my mind 🗿💨🌎,2024-11-29T01:34:16Z,0,0
UgwOHuNqbBQGIXyK_p54AaABAg,@Jts587,How are shorts 2 and a half minutes?!,2024-11-29T01:28:38Z,0,0
UgxN4iDHR-8XrgjvfIZ4AaABAg,@theproudpenguin3450,Get out of my head,2024-11-29T01:12:06Z,0,0
Ugxl-liOjY8cwR7eDKd4AaABAg,@AbeIJnst,"If you'd build a ladder on the north pole (or south pole, if that is more convenient for you) high enough, let go and float for 12 hours, you could climb down that same ladder but at the other side.",2024-11-29T00:55:18Z,0,0
UgyShNGLFxJXuVDOzxd4AaABAg,@sukhmindervirk,"so we need a magic space elevator, got it!",2024-11-29T00:47:18Z,1,0
UgwGWW6f44Z6jAGX2GF4AaABAg,@Mats2200,Not mentioning the South Pole as well is a very eurocentric attitude.,2024-11-29T00:23:45Z,0,0
UgznQ2qXob-Y3ORSdoB4AaABAg,@Neuro_nActivation,And eventually he stopped thinking.,2024-11-29T00:22:24Z,0,0
Ugz2e2UqVt9LOxFM9bB4AaABAg,@kirbylover2.038,How fast are satellites,2024-11-29T00:11:46Z,0,0
UgwEFzViF47zsNvH2Yl4AaABAg,@PauxloE,"Therer are a few problems with the ladder:
→ Don't stop climbing as soon as you are above most of the atmosphere (100 km), or e.g. at the ISS' level (400 km), you'll still plummet to death. You need to go much farther out than that, around 36000 km high (geostationary orbit).
→ We don't have strong enough material yet to build such a long ladder (for Earth – on Mars it's likely easier).
→ You should make sure to bring some oxygen with you, otherwise you'll suffocate.
→ You'll also need to bring enough food (and more oxygen) with you so you can actually climb that high (your muscles need energy for climbing)
→ The oxygen and food will make you heavier, so you need even more oxygen and food to carry that. (And the ladder needs to become a lot sturdier at the bottom to carry us.)
→ (Basically, we again get the rocket equation, just with a bit nicer factors.)

(Of course, you can eliminate part of that by not using your own muscle power for climbing, but e.g. electricity provided by the ladder. Or exchange energy with someone else going downwards.)",2024-11-28T23:36:26Z,0,0
Ugx57aQS9dlbMksQGh94AaABAg,@Noras_Nobody,Am I the only one freaked out by the size of this spinning ball we’re living on that moves super quick but we never notice??,2024-11-28T23:08:37Z,0,0
UgyLHOy03BYg_x3D3Op4AaABAg,@reggiep75,I need a long ladder for Xmas.,2024-11-28T23:04:40Z,0,0
Ugw3XS6K2koV1vJsOjF4AaABAg,@AditiDalalExists,WHY IS NOBODY TALKING ABOUT THE FACT THAT THE BIRD IS INVINCIBLE AT THIS POINT 😭,2024-11-28T23:02:43Z,2,0
UgxPRjURcXIAVUAINS54AaABAg,@chrisliden716,"Guys they lied about 3 minute shorts, they never implemented it this is just a regular video",2024-11-28T23:00:37Z,0,0
UgwCj0Rx9F3CC_ajGQ54AaABAg,@militarysimon_,how does this short take for 2 mins,2024-11-28T22:56:31Z,0,0
UgwOR4ImvrqPJ_6rlPN4AaABAg,@oobrocks,The highest we can go to another body is the moon bc it’s tidal locked,2024-11-28T22:31:54Z,0,0
UgwkQw_zX3zcAcKVP-54AaABAg,@genstian,"But if anyone blows up our space elevator / Star bridge on Trantor, killing hundred million people, and maybe lead to the collapse of our entier Galactic Empire.",2024-11-28T22:24:47Z,0,0
UgyIyj5eDVxquuw4Oad4AaABAg,@gonzalopineda3114,"I remember once asking my physics teacher in highschool this exact question and he didn't know the answer, but instead of admitting it he flipped the situation around and made fun of me in front of the entire class. Needless to say I hated that teacher from then on. The funny thing is I never got an actual answer, so thanks kurzgesagt for explaining it so beautifully !",2024-11-28T22:17:23Z,6168,87
UgxRkUa4lS1gOduy4v94AaABAg,@cobalius,i still would fall,2024-11-28T22:10:11Z,0,0
UgwpDvgSOzxKTEfN_hR4AaABAg,@upsidewalks,Veeeery inaccurate,2024-11-28T22:07:53Z,0,0
UgzwHaS2GbV3rYwQ6uV4AaABAg,@NoahRutjes,1:45 satisfactory???,2024-11-28T21:52:32Z,0,0
UgznQYqsEcn0363yquB4AaABAg,@binoymathew246,Sonic the hedgehog has nothing on those living at the equator. 😎,2024-11-28T21:48:49Z,0,0
UgyE4DJYhhajZlVG_W54AaABAg,@Typocat,Myth busters need to test this,2024-11-28T21:48:12Z,0,0
UgxUTNA0kVUV8QAxigt4AaABAg,@andrasbiro3007,"Space elevators are not very efficient. Have to be far higher than just reaching the edge of space, and they have not other use.
What we actually should build are orbital rings. These can be at any height, even inside the atmosphere, and as rings around the planet they have many potential uses.

The key idea is using two rings, one stationary relative to the surface, and one inside it that spins much faster than orbital speed. The outer ring wants to fall down, the inner ring wants to fly out. If they are balanced just right, the whole system is floating without any support. Then you anchor it to the ground at a few places to prevent it from floating away. Attach elevators to the anchor cables, and you can go up and down at will.

The best part is that this can be built today. No special material needed. It doesn't even have to be too expensive, because we can start small, and use the existing ring to lift up more building materials. It's similar to building suspension bridges.",2024-11-28T21:42:41Z,0,0
Ugy3r7PRzCD84mGHhi14AaABAg,@Stormzulien,"oh this short is longer, finally the feature works",2024-11-28T21:40:47Z,2,1
Ugy6RvhMeL1ontM5WVN4AaABAg,@bkale757,You’d never make it to the top to find out,2024-11-28T21:22:34Z,0,0
UgyzTernfkxmUIJqNUt4AaABAg,@marklonergan3898,"I've always been curious. I know spacecraft have a minimum velocity for re-entry, and they are subject to a large amount of heat when doing so. I assume you wouldn't face any issues if you climbed out of the atmosphere and just climbed back in?",2024-11-28T21:22:25Z,2,2
Ugy4sd95rypC0hbgz2t4AaABAg,@sogerc1,That is some carbon nanotube reinforced titanium spider silk ladder! So slim and yet so stiff.,2024-11-28T21:20:27Z,0,0
UgxzieXj_yhdtBjsDhR4AaABAg,@Neuro3mergent,"That’s why U.S. rockets are often launched from places like Florida which is closest to the location where earth’s linear speed is largest. Note rotational speed is the same everywhere. But the Earth’s linear speed helps rockets attain orbital speed needed to avoid plummeting back to the earth without engine power. 

Note: Rockets are not launched in Florida because it’s a Red state. Florida universities are ranked very low and illegal immigrants are often the rocket scientists on staff.",2024-11-28T21:17:25Z,1,0
Ugyo3-qJyhWDPswL6qd4AaABAg,@andersv20,"I might add that due to axial precession, you are never quite stationary even when the ladder is placed on one of Earth's poles.

Precession, as you might know, is the movement of Earth's axis over time: Think about a spinning top which wobbles slowly while spinning, which in Earth's case takes about 26 000 years.

I asked ChatGPT to calculate how far up from the pole you need to climb for the centrifugal force from this circular motion to equal the gravity on earth, such that you can stand on the ladder normally.

Apparently, the answer is 17.38 million light years up, about 7 times the distance to our nearest galaxy. The resulting circular path is so long that you need to be traveling 4236 times the speed of light in order to make it all the way around in 26 000 years. 


Alas, it appears that this ladder is IMPOSSIBLE, guys.",2024-11-28T21:16:55Z,1,0
UgxnsLVz3Y5CtG1A5_V4AaABAg,@Gaia_BentosZX5,Mega Man X8 taught us why an orbital elevator is a bad idea.,2024-11-28T21:15:15Z,0,0
UgyWtUikCx108Q55erZ4AaABAg,@redtomato4903,Why does this sound like an AI voice of the normal voiceover,2024-11-28T21:09:33Z,1,0
Ugymt4OBhfVqQqlKqgh4AaABAg,@moverandashaker1996,"No, actually. You would NOT start to burn up in the atmosphere if you fall from a ladder in space from the North Pole. Burning up on reentry only happens because the Earth's atmosphere is rapidly slowing down incoming spacecraft and the friction with the air molecules produces a lot of heat. Simply falling back to Earth from stillness won't trigger this.",2024-11-28T21:00:09Z,0,0
Ugxe8dqy7IJ1-ppy6554AaABAg,@sigmaphonkskibbler,Already exists in omori,2024-11-28T20:55:29Z,0,0
Ugw7sRUPNQpfuN1QeEF4AaABAg,@yanisrigaudy5469,I would like to hear the answer of a flat earther.,2024-11-28T20:54:58Z,0,0
UgwqXyTkdZuAz0aRwth4AaABAg,@dwaynebrietzke,"Before even watching the video, I have the answer. It depends on how high you climb. If you climb high enough to reach geostationary orbit, you will technically ""float"" but you will be falling but at the same rate earth is curving away from you. Not as high and you will of course fall back to earth. However if you go far enough away out past geostationary orbit you will technically be floating ""away"" from earth. *Edit After watching the vid I did not think to specify you would have to be at the equator which is absolutely correct. However the video just said go as high as a satellite.... which is wrong. He should have said ""geostationary satellite"" which are much higher than most. Also, unless you are at some area of interstellar space between two stars at a lagrange point,  you are prob going to have gravity pulling you in some direction (microgravity) and so technically will still be falling somewhere.  And dont forget we are all also falling around Sag A star at the center of the galaxy.... so  yeah. It al depends.",2024-11-28T20:53:52Z,0,0
Ugwg2ocvOTEA_Mcy6pp4AaABAg,@GunsAndAmmo3,How is this longer than 1 minutes,2024-11-28T20:50:57Z,0,0
UgyEtEED-LaG1omDgSN4AaABAg,@marcelominal,This reminds me of a Megaman 2 level in which you climb a stair until the outer space.,2024-11-28T20:36:13Z,0,0
Ugzh_pDldFDHyk65ms94AaABAg,@Ranakastrasz,"Huh. Odd. I kinda thought if you went a bit higher, you would end up with an elongated orbit, until a threshhold, where you are already in escape velocity. Also, that it wouldn't work at the poles at all, and you would have to be further ""up"" the further from the equator the base was.
Also, there might be some give with being lower, as long as the orbit doesnt put you inside the atmosphere.
Also also that it is the geocentric orbit distance that is the critical float point.",2024-11-28T20:35:36Z,0,0
UgxIZ5w8Voh6mgMg6ht4AaABAg,@Ilijeo-ilijei,"How long would the ladder have to be, from the equator, until the speed of light is reached? What if the ladder is longer than that?",2024-11-28T20:34:48Z,0,0
Ugy8WnXZNlbLN8HMH9d4AaABAg,@slyar,"""The Earth spins once per day."" Wow, really? No way! I never knew!",2024-11-28T20:29:38Z,0,0
UgzNkMlDYqSZT1jRODt4AaABAg,@benlefler6304,Early,2024-11-28T20:27:43Z,1,0
UgzLaqO3xRB01pXP5ZN4AaABAg,@DrakiniteOfficial,"Hmm, this video isn't showing up as a short. It's appearing as a regular video for me.",2024-11-28T20:21:19Z,1,0
Ugy0IeEz6QoH0lTZ_MZ4AaABAg,@vary1143,And i already bought my ladder to go to space yesterday,2024-11-28T20:20:26Z,0,0
Ugy70RJxjE50AjLaNTl4AaABAg,@itsmuhammad2305,Is that the space elevator from Gundam 00?,2024-11-28T20:20:01Z,0,0
Ugz7e7SZNw4hZVGi6WJ4AaABAg,@vary1143,I always thought the middle was faster than the outer part,2024-11-28T20:19:29Z,0,0
UgwxqmodqjkIQJuc9uB4AaABAg,@batkata001,If u have long enough ladder you will not fall back to Earth even at the poles.,2024-11-28T20:19:03Z,2,0
Ugys3YLagq1z46Mw9PN4AaABAg,@tdtnecniv3856,how is this short so long,2024-11-28T20:18:13Z,0,0
UgyMCP9JgqqRFuixHRx4AaABAg,@okaytuesday,Here at Space Ladders Inc. would like to say that we are not liable to any lost people who have fallen into space because they had access the Do not climb pass this point of the ladder™.,2024-11-28T20:12:07Z,0,0
UgwVZ4t1ra-60hZ6nU54AaABAg,@ryan___ryan000,The idea that a space ladder would only work because of rotational force is wild. Surely a long enough ladder on the poles could take you into the gravitational pull of something other than earth.,2024-11-28T20:08:56Z,0,6
UgyVdkUWAC_DK6Ht3ud4AaABAg,@Tallacus,Realistically the ladder will collapse under its own weight hence why we dont hwve space elevators,2024-11-28T20:08:54Z,0,0
Ugyte29L_ds4AutkhQR4AaABAg,@jhonfisher8910,Very fascinant 👏👏👏👏,2024-11-28T20:08:12Z,0,0
UgzrrXntR4tKmghfrxh4AaABAg,@larrybarth6052,The Pole ladder Is still spinning on the axis... Would you be launched on the tangent?,2024-11-28T20:03:39Z,0,0
UgxUOlKkbCICjdyyJMx4AaABAg,@dnvyl,"So, either way you end up in heaven. Got it",2024-11-28T19:59:16Z,0,0
UgwqY6HRhEdMRjkSftZ4AaABAg,@Tyto-ATTA,Don’t get slung off into space. The last guy to do that stopped thinking,2024-11-28T19:54:31Z,0,0
UgzG4JqiyG7xqX0IUIB4AaABAg,@jongyon7192p,"To experience this for yourself, play Outer Wilds. Bonus points doing it in the VR fan mod.",2024-11-28T19:51:15Z,1,0
UgxqHpng_UlEtK8f4lB4AaABAg,@Hjdnckbwgdk,Threehundredseventyfour,2024-11-28T19:42:49Z,0,0
UgyifdbfpOM0df_K_t54AaABAg,@acor4898,"This is a normal video, to make it a short it can not be longer than 1min",2024-11-28T19:36:45Z,0,0
UgyNegncEmtJ4ew5TN54AaABAg,@jeremymontgomery9354,Possibly the worst Kurz video ever. So much missing information sacrificed for useless embellishment,2024-11-28T19:23:58Z,0,0
Ugz1QIvTLg_YXF2nhYV4AaABAg,@NatureXwars,There must be a point at which Earth's gravity will not be strong enough to pull you back down if you're climbing from either of the poles right?,2024-11-28T19:18:43Z,0,0
UgzJIIZBUsrnKPhnrsF4AaABAg,@marcia.908,"Just mind-blowing... The future is here but still far away within the limits of human time. I wish I could see it become reality, but I'm happy that I can imagine it!",2024-11-28T19:14:11Z,0,0
Ugx3z8yaZfu7hjN9ZmB4AaABAg,@shumi6942,Finally someone using the 3 min u get,2024-11-28T19:08:19Z,0,0
UgyyEz9EEeJjo5QEH7B4AaABAg,@declan7797,"0:50 it's 40,075km to be precise because one of the French mathematicians who helped figure it out made a slight error that caused the final result to be off by a tiny,miniscule amount",2024-11-28T19:07:34Z,2,1
UgyLbGSRhofXqW0kTVp4AaABAg,@furinick,What a thrill,2024-11-28T19:05:54Z,2,2
UgyYm_TQJxNix8H7J-J4AaABAg,@Erik-pu4mj,A note on the north pole bit: you'll fall *as long as the Earth is still the closest object and **it'll start slower the farther out you are.,2024-11-28T19:05:23Z,0,0
Ugw6HkWzrCUUaGg3DVl4AaABAg,@curiousgeorge7070,If there was a short of the year award this should win it!,2024-11-28T19:01:01Z,0,0
UgxXc7e9ucKw6GMkRnV4AaABAg,@CelicaCrazed,Every man within 3 area codes is asking if this ladder is still for sale.,2024-11-28T19:00:40Z,0,0
UgwSdBPSSdVIVY4L-v94AaABAg,@vincentpaniccia109,"A minor misconception. At the poles, even while in freefall, you would not burn up unless your initial velocity exceeded a certain point before your decent. You would reach terminal velocity well before having a chance to burn up.",2024-11-28T18:51:41Z,0,0
UgwrtaRRZOf8IT8Zbnx4AaABAg,@uncletiggermclaren7592,"AHA ! Build space  ladder at the pole.
Put sign at bottom ""Base jumping forbidden"".
Get Nobel Prize for Humanitarianism. 
Humanitarianism is a set of beliefs, practices, and actions that center on the value of human life and *the need to improve the human condition* .",2024-11-28T18:47:05Z,0,0
UgzXyieepKO_BLqCvmh4AaABAg,@cinemaaxx,Kurzgesasgt broke youtube by uploading a short of 2:30. How sus!💀,2024-11-28T18:45:34Z,1,0
UgxJjGCQTvtESqrZLq94AaABAg,@DaMapleSyrupyToast,Is this a Cyanide and Happiness reference????,2024-11-28T18:44:39Z,0,0
UgxGJ3Ujl444Hh1vFPh4AaABAg,@DaSTRINGs,"Someone inform all police who pul you over and say ""all four wheels did not come to a complete stop ""go back to school and finish 6th grade science !! IN THIS EXAMPLE ITS NOT PHYSICALLY POSIBBLE 😤😤😤",2024-11-28T18:44:12Z,0,0
UgyWFiqL5GO0wcBH6lV4AaABAg,@DapSchaf,Imagine a space elevator but cargo is still brought by cars...,2024-11-28T18:37:34Z,0,0
UgxmmldHEKjzoMjEcCR4AaABAg,@Biped,"I have two notes/corrections:
First: The height at which you can float freely by your ladder is quite a lot higher than most satellites. Its 35000km which is the height of geostationary satellites because if you jump of your ladder you're geostationary too! If you let go as soon as you see the first satellite, you'll just fall and burn up
Second: climbing higher than that would not just slingshot you away. You would have an elliptic orbit and return to the same point where you left the ladder some time later. But since your timing is off the ladder wouldn't be there anymore. you'd need a lot of luck to catch it again many orbits later. Only if you went so far up that your orbit became hyperbolic would you float away never to be seen again.",2024-11-28T18:35:24Z,724,43
UgyDZq9TfUw33uIGu894AaABAg,@Bedwarscoolofficial,"Dang 2:30 mins,that’s crazy😮",2024-11-28T18:34:17Z,0,0
UgxPePHTyyMlvOU8l3J4AaABAg,@christiangunther7216,You would not burn up when you drop from the North Pole because you don’t have orbital speed,2024-11-28T18:32:58Z,0,0
UgyS1vfXuqmxmImJPHZ4AaABAg,@blockchaaain,"To be clear, climbing slightly beyond GEO won't fling you out of orbit. 
It will only fling you off the ladder and into a more eccentric orbit.
Same deal if you're somewhat lower than GEO.
Actually, there's a thought... I wonder what the lowest point is where you can jump off and be in a stable orbit.",2024-11-28T18:22:32Z,0,0
UgyfHpXSK7d57pWCFrd4AaABAg,@Axotorp,So how high must the ladder be at the equator so you can float?,2024-11-28T18:21:35Z,0,0
UgxJQu7y36WjpSWnust4AaABAg,@1968Kubrick,Dude thinks he's playing Omori 💀💀,2024-11-28T18:18:42Z,16,4
Ugw0VgxR0Hy0NjNY-yR4AaABAg,@DNAHCKR-19114,Blessed Youtube Short,2024-11-28T18:16:14Z,0,0
Ugx5JK5oxaAMGg3Fi6F4AaABAg,@vovochen,"*Correction:* You would NOT burn falling down from the Equator, unless you're already up about 400km.
Satellites go fast around, that's why they burn; you wouldn't.",2024-11-28T18:15:25Z,8,1
UgxlSNtNYWPv07tjXXl4AaABAg,@matthewboire6843,"The answer is much more complicated than I expected, yes Tis definitely scientific!",2024-11-28T18:08:49Z,0,0
Ugz6OJgr0hFv2QFkWUt4AaABAg,@dinggleberry9529,Could a ladder at the equator ever be long enough that you reach the speed of light or surpass it?,2024-11-28T18:07:40Z,0,0
Ugzr4ERubfYKBYnlafl4AaABAg,@louneissen1603,That was a sudden and unexpected abrupt ending.,2024-11-28T18:06:52Z,0,0
UgwLmNOq94NOTkT1TWl4AaABAg,@MusicalRaichu,I'm not convinced you got the equator cases correct.,2024-11-28T18:04:04Z,0,0
UgyAA4MM3gfuQqw7m254AaABAg,@Helldriver101,My ladder training at work didnt cover this? The ladder society has some explaining to do,2024-11-28T18:03:24Z,0,0
Ugz6JkwE73poROWfOod4AaABAg,@kaksspl,That is a very stable ladder.,2024-11-28T17:59:01Z,0,0
UgyLDQX1T12rddxTkBx4AaABAg,@chrishart4170,"Correction: You said if you didn't climb much higher you would float off to space. In reality, you'd just get put into some wacky elliptical orbit unless you got caught up in some other body's gravity. You'd have to climb MUCH higher to reach escape velocity. A geostationary orbit is like 3km/s, escape velocity is a bit less than 4 times that.",2024-11-28T17:57:29Z,0,0
UgwvvBdVbhNiHSHaMF94AaABAg,@KheranSmith,Intresting 🤔,2024-11-28T17:57:16Z,0,0
UgyLX2bre7FKxXRzXix4AaABAg,@elck3,Can someone please explain why you’d shoot off into space the moment you let go off the ladder when you climb higher than the orbital point?,2024-11-28T17:54:25Z,0,0
UgwUcMiAQ9iaZLYOLPV4AaABAg,@blindbasilisk8457,"What a thrill

With Darkness and silence through the night",2024-11-28T17:47:34Z,1,5
UgzkHVi2HxBPrxi10O14AaABAg,@CompletelyNewguy,2:24 was that a reference to the Stargaze channel? The one that makes videos about falling into planets and stars with such a suit?,2024-11-28T17:46:02Z,0,0
UgwsQPPbhJcM7ogZERZ4AaABAg,@BrysonBringhurst,This ain’t a short it’s a long,2024-11-28T17:45:06Z,0,0
Ugx8BCgGXswPcfhoth14AaABAg,@XtroTheArctic,Vertical video? This is your first warning before unsubscribing. Please don't do it again.,2024-11-28T17:42:31Z,0,0
UgyGTRXaTdY9eE9Zqp54AaABAg,@elquesohombre9931,YouTube still hasn’t fixed the >1 min shorts,2024-11-28T17:41:48Z,0,1
UgyGX14kq1T_TUg937B4AaABAg,@eezyville1704,In both scenarios you will fall. Even at the equator where you assume you will float you will fall. Gravity just didn't stop working and you will still experience drag in space. Satellites have to readjust because of drag in space all the time.,2024-11-28T17:41:06Z,0,2
UgxLmUMWNzyY5wzedgt4AaABAg,@TheOccasionalBook,You won't burn up if you fall from the ladder at the North Pole. You are not in orbit so you will only experience acceleration due to gravity - 9.8m/s. Satellites burn up because they re-enter from orbital velocity at thousands of meters per second.,2024-11-28T17:39:40Z,0,1
UgxRLn7KXdGH0MGCu8p4AaABAg,@HelixturnHelix,"You do not necessarily fall when climbing a ladder at the north pole. If you climb high enough to escape earth's gravitational pull, you should also just float, right?",2024-11-28T17:39:32Z,0,0
Ugx18KUwXlNie7fJgFd4AaABAg,@FernTheRobot,"This is an interesting topic to think about! The further you are away from the surface, the slower you need to maintain an orbit, while the higher you are on the ladder, the faster you are. The place where these two speed match is the geosynchronous orbit! Lower than that put you at apoapsis, higher than that put you at periapsis.",2024-11-28T17:36:48Z,0,0
UgyftmS88dfIq4h0JUx4AaABAg,@ViniciusNegrao_,"You should be explicit and say ""at the same height"", otherwise I could climb a ladder so high that Earth's gravity has next to no effect on me.",2024-11-28T17:33:22Z,0,0
UgwE8wi-gySrdj1miUh4AaABAg,@qezegen25,"No, dont think distracting things",2024-11-28T17:32:28Z,0,0
UgzjubH68ARQDdrXmkF4AaABAg,@Victimxofxprogress,Where were you when the built the ladder to heaven?,2024-11-28T17:31:26Z,0,0
UgxhKuLs3HbqT84zoFZ4AaABAg,@nerdtalk1246,"You can however climb high enough that Earths gravity on you is extremely weak and won't just pull you straight down, and this ignores earths revolutions around the sun and the suns movement as well.",2024-11-28T17:31:08Z,0,0
UgzoH8Z6X_y2CSzsB2N4AaABAg,@zonnawolfy5794,Space elevator? *satisfactory music strarts playing*,2024-11-28T17:29:59Z,0,0
Ugw5VE9FCBAuF3Gu4It4AaABAg,@ethanfranzen8684,"You would have to go WAY higher to get to a geosynchronous orbit.  Like, so far you could see Earth in one field of view.  (35,786 km)
You would have to ascend or descend rapidly to feel a strong Coriolis force.
1:33:  Space junk is not a joke.  I hope, in the future, the fine for littering in space like that will be steep.  Even though this is a hypothetical thought experiment, that is gross to just leave a giant soda can in orbit.
This is still not feasible to do on Earth, so shouldn't we talk about this with a skyhook tether?",2024-11-28T17:28:36Z,0,1
Ugw4PxFwTXAK_LnvejR4AaABAg,@scottmcintosh4397,"📗📖👀 The ""Fountains of Paradise "" is a 1979 sci-fi novel written by British author Arthur C. Clarke. Set in the 22nd. century, it describes 《very accurately 》the construction & operation of a space elevator. The physics behind this concept is impeccable & beyond argument. 

🌌🔭",2024-11-28T17:27:11Z,1,0
Ugzi3eJK-3GrrC_C5Zd4AaABAg,@kalakala6973,Correct me if i am wrong but also at a certain point the gravity will be very weak to keep us attached to the earth and there would be a point where due to earth revolving around sun at bery bery high speeds that at that point where hravity just becomes obsolete that the earth would juts zoom past you in a second because you are no longer with it,2024-11-28T17:23:43Z,2,1
UgyR0pAqQQpeAcCG2QZ4AaABAg,@chrisprilloisebola,This is not a short lmao,2024-11-28T17:21:59Z,0,0
UgzL2w11bZQgqqQQ2ih4AaABAg,@sagi1240,What a thrill…,2024-11-28T17:20:36Z,0,0
Ugyneic7JD0sPOIeIwB4AaABAg,@Chevifier,Fun fact there's no such thing as gravity. We are just spinning with the earth and the earth warping of space time is what makes us stay on the planet. Something like that i think😅,2024-11-28T17:13:01Z,0,0
Ugw6hu9VIPtTNzKKRUB4AaABAg,@kuboteusz,Are you sure you'd burn up? If you start falling from 100 km you'd reach terminal velocity and it's unlikely you burn up,2024-11-28T17:06:22Z,0,1
Ugxs3tgxaYkCVyMa0oB4AaABAg,@Kitsuneuzuma,"Guys hear me out, giant earth lollipop",2024-11-28T17:05:21Z,0,0
UgxcYGLtOl2IepWtwal4AaABAg,@Bart-Did-it,How about the Ad Astra antenna ??? I’m actually watching it right now . Would it work it’s incredibly high .,2024-11-28T17:04:06Z,0,0
Ugy8_XHRdk3GYNd9il54AaABAg,@awesomeishu,Am I the only who got this recommended as a video?,2024-11-28T17:00:45Z,0,0
Ugy2nctYaJzBjju13694AaABAg,@jimmyzoom1143,Paid to promote the thing channel,2024-11-28T16:59:08Z,0,0
UgwImdydpJdDIiqUIdl4AaABAg,@RaineySteelwing,Oh! So that's who's buying us a stairway to heaven!,2024-11-28T16:59:07Z,0,0
Ugx4JAahjVlthUfWo3B4AaABAg,@44Hd22,"I think some of the voice audio sounded off. Was this a scrapped but now uploaded short or are there budget cuts? I still think it’s a really interesting short. Good job. It could be my headphones too.

I think it was my headphones.
Anyways I think I am good at jumping to conspiracies. 
Anyways I have a great idea for a short. You do the nickles again and see how dangerous two nickles can be. There are gonna be three categories. What the average person could do without sacrificing a lot of time and resources. What you could do on earth if you only cared about creating as much damage as possible with two nickles.
And how much damage is at the theoretical limit within physics if you’re only allowed to use two nickles.

The pitch seemed slightly lower at the end but I am not using my headphones that have a wider sound range. I think it’s a really interesting short.",2024-11-28T16:57:47Z,1,1
UgzpXCHdhUingswr6E94AaABAg,@throw8841,Can yall post more videos about life and philosophy i rly love them,2024-11-28T16:57:20Z,1,0
UgwASVx8r0p7bFoc3eN4AaABAg,@andrewharrison8436,An orbit: when you fall towards the earth and miss.,2024-11-28T16:57:19Z,0,0
Ugy1m3jlIaiDKH6GR_p4AaABAg,@greenapple9477,"I swear, they have to squeeze in an Among Us reference in every one of these shorts.",2024-11-28T16:56:22Z,0,0
UgzhQYF-VupOV5jYQ3J4AaABAg,@UlikbuNam-q2d,I love this music tho. Does anyone else listen to their soundtracks?,2024-11-28T16:56:12Z,0,0
Ugz_w9ZzlgsW34JKxeR4AaABAg,@Robonogo,"Either I somehow naturally found this as not being a short, or this video was meant to use the new 3 minute shorts feature but couldn’t because YouTube delayed it.",2024-11-28T16:55:21Z,1,0
UgwMkLK3-Ibbx3YeIXd4AaABAg,@alfonsorebolledo91,"Since my childhood, I've always had that question in my head. All because a mexican children's song from Francisco Gabilondo Soler a.k.a ""Cri-Cri""
The song's name: ""Gato carpintero"" (carpenter cat). It's about a carpenter and his cat, crafting a giant ladder just to climb up to the clouds to play and joy
And now that we know the scientific background about that idea... well lmao
Thanks for answering it ❤",2024-11-28T16:53:48Z,0,0
Ugz6j0lYOW5v1fg8Ydh4AaABAg,@C4ndy_4ppleiri,"Welp, time to test it",2024-11-28T16:53:12Z,0,0
UgykUOfRanpqQ6w18ON4AaABAg,@Sureyea,if we let go of the ladder at the top (when base is at equator) then wouldn't the ladder just go on rotating along with earth and we get left out because there is nothing making us orbit earth,2024-11-28T16:52:30Z,1,2
UgyMu3b17DLZCedFvgF4AaABAg,@hiatusxhiatus,this short felt longer??,2024-11-28T16:51:47Z,0,0
UgzfciTTrKL1otrJlhd4AaABAg,@PopeLando,"I'm afraid there's an error in the first minute. The Earth's circumference is 40,000km *around the poles* - kinda by definition. The circumference around the equator is 40,075 km, and this is why we say the Earth is an oblate spheroid. It's the rotation that you're talking about that causes that stretching at the fastest point of rotation.",2024-11-28T16:45:39Z,0,0
Ugym9foVgJchky_yQuR4AaABAg,@hydrus6782,What ? The Kurzgesagt shop isn't selling those ?,2024-11-28T16:45:07Z,0,0
UgyqxSoZPy9_lkWdFrF4AaABAg,@RedBloxStudios,"Erm, I tried this and it didn't work so ur wrong
I demand a refund for my space ladder",2024-11-28T16:44:24Z,0,0
Ugxw0LSnwlg_zYHZZUp4AaABAg,@SULosk,"Thought here: Would the ladder be able to stay where it is or would it be blown away, like the person did at the equator? Since winds and stuff should have a reaction to that as well?
I am not a smart person so I don't know how gravity would work on the ladder ¯\_(ツ)_/¯",2024-11-28T16:43:16Z,0,0
UgyDNptqC8EiUUtWZE54AaABAg,@MikeNovelli,You would die from asphyxiation before you could climb high enough 🙄,2024-11-28T16:42:54Z,0,0
UgxRlv6ENgm70t1rNth4AaABAg,@marvinboggs,"I was going to ask: If you climb a ladder from the North Pole to a satellite in geosynchronus orbit directly above the pole (and ignoring the ""wobble"" factor) would you fall back down to earth?  
Then I found this:
https://en.m.wikipedia.org/wiki/Geosynchronous_orbit 
And now I'm even more confused.",2024-11-28T16:41:02Z,0,0
Ugz6aDaDGV8j_kOoEWR4AaABAg,@PaulDominguez,This is awesome. Indestructible space suit reminds me of an episode of The Jetsons,2024-11-28T16:40:30Z,0,0
UgyjF23Kj7fFsEv_iTR4AaABAg,@RadenHZ26,"YouTube still inconsistent about their 3 minutes shorts, sometimes it works and appear on shorts, sometimes it just happen to be a long form video.",2024-11-28T16:39:25Z,1,0
Ugz8SOToCrZmI3MPISp4AaABAg,@ThatOneDude7,You will die. Less oxygen the higher you go.,2024-11-28T16:37:36Z,0,0
UgyQjM_dbYpsRzH--QZ4AaABAg,@Skylikesavation,"Of course even at the equator just getting to space isn't enough, you have to get high enough to be in a geostationary orbit",2024-11-28T16:37:30Z,0,0
UgxCgPVYGSuXWXPF_m94AaABAg,@DreadEnder,0:34 that’s why we measure rotational velocity in degrees or radians per hour/second.,2024-11-28T16:36:18Z,0,0
UgzrwTL-lUAe1u0GzMJ4AaABAg,@AndrejPekar,"The Moon is about 384,400 km from Earth and still is atracted to earth...",2024-11-28T16:35:13Z,0,0
UgxDanYqRx0177Y4iZ14AaABAg,@ftiaxmenos,1:34 thank you so much for the warning next time i climb the space ladder I'm gonna recall this video,2024-11-28T16:34:55Z,0,0
UgzC-lVl_OdpR1__0bZ4AaABAg,@QuentinT6532,Am I correct in assuming that the last sentence is not quite correct? Since it would matter how high your ladder is even on the equator. You would not plunge back to earth if you are no longer effected by the earth gravitational force or am i wrong?,2024-11-28T16:32:48Z,0,0
UgzdyAvlU3iFN7ywqPd4AaABAg,@scottre3220,Your space tower city was upside down if it was positioned above geosynchronous.,2024-11-28T16:31:17Z,0,0
Ugx6Cx-x4DD5KgfZye94AaABAg,@kor_kilden,"Geosynchronous orbit is a bit over the edge of space (generally considered 62 miles, I believe), so if you climbed a ladder TO space, you'd fall to your death. If you climbed a latter through space far enough, you'd be able to orbit or be flung to your eventual demise, starving, cooking, and freezing to death as you orbit the sun.",2024-11-28T16:30:31Z,0,0
UgyQFXA31hfRzXCFoJR4AaABAg,@h7opolo,"i've been thinking about this, how we're all experiencing a subtle torque. it's what binds us.",2024-11-28T16:30:29Z,0,0
Ugwdt47wro-ggKOywsZ4AaABAg,@JJs_playground,I can't see a space elevator ever being viable.,2024-11-28T16:28:17Z,0,0
UgzPqozw3e1eOJhp6yt4AaABAg,@nobodyatall1886,Absolutely despise this vertical format garbage.,2024-11-28T16:21:48Z,0,0
Ugw_UcG0aBTC3AJVPnh4AaABAg,@20CPS,Tower of babble 2 point o,2024-11-28T16:21:39Z,1,0
UgzKqkhvj0eNhPQ4Tgh4AaABAg,@rithrius5384,"🎶Where were you, when they built a ladder to heaven? 🎶",2024-11-28T16:20:39Z,0,0
UgwgbjeqVOqmHNPzL094AaABAg,@huriken27,Does this mean that time goes by slower on the equator??,2024-11-28T16:20:15Z,0,0
Ugz9PnsMM-wqJRszxBF4AaABAg,@Mo-the-cat-the,Why doesn't NASA test this or something?! I want to!,2024-11-28T16:19:17Z,1,5
Ugz1fmOz_oOTMdzZnTt4AaABAg,@TheGiggleMasterP,"They already have a book about this, it's called Daddy get me the Moon, or something like that.",2024-11-28T16:19:06Z,0,0
UgwEaopDlbwYC1lQxQh4AaABAg,@lexfrancis5916,"Damn, forgot i was watching a short",2024-11-28T16:18:51Z,0,0
UgyLqIT_iEvIw2GAc7p4AaABAg,@LeadershipIsNotAVirtue,"So, space elevators should be build on the poles? 😅",2024-11-28T16:18:51Z,0,0
UgzgWrAsa-DXeOP_gRp4AaABAg,@adampadraigblaney5625,Youtubes 3 minute shorts not working,2024-11-28T16:17:50Z,1,0
UgyfxBjkNok_RXJVeuJ4AaABAg,@mushirsk1035,The earth is spinning but ladders is not ..why is that?😄,2024-11-28T16:16:14Z,1,0
UgxOPFlLu6Uky6K1lMZ4AaABAg,@firstcynic92,"It won't be a massive tower.  It'll be a series of cables with an elevator outside of it.

The problem is that we don't have a material strong enough to build it.",2024-11-28T16:16:12Z,0,0
UgwWE9blBarPfqhbnPJ4AaABAg,@MeteoFur,"Fun fact: This is the same reason nations tend to build their space centers as close to the equator as they can get. USA in Florida, the USSR in southern Kazakstan, and the EU in French Guiana.",2024-11-28T16:14:06Z,12249,59
UgwG8Zil4J_dudBG95d4AaABAg,@AnyBitz,what a thrill,2024-11-28T16:13:10Z,0,0
UgxDMG8I8354up9degN4AaABAg,@Shrouded_in_Mystery,"Why did I think ""Seto Kaiba"" when I saw this?",2024-11-28T16:12:43Z,1,0
Ugz51d67oGIpIrF3jdp4AaABAg,@GreenMantis27,not to mention your lader falls cuz nothing is holding it. + you can't breathe,2024-11-28T16:12:35Z,0,0
UgwwMoI4eElv5VqBuHZ4AaABAg,@slowmobius7114,Does it matter that you'd be moving WITH the Earth's rotation and not against it? I would've thought you would need to move against it to fall into orbit🤔,2024-11-28T16:12:22Z,0,0
UgwfZba0X3SFmR8gBot4AaABAg,@ALMX5DP,what distance is being used for this example? I presume at some point a ladder at either pole would reach the point where something would not experience the pull of earths gravity to experience a falling sensation.,2024-11-28T16:11:21Z,0,0
UgywtDJSbrUN5ZbRFNB4AaABAg,@Lixius1011,the shortest kurzgesart I've ever watched,2024-11-28T16:10:51Z,0,0
UgyVgDladXowpJgJeWF4AaABAg,@peliqueirolaza09,i like that they made shorts 3 minutes long now,2024-11-28T16:08:04Z,0,0
UgwoWcjuedEel6Q9N954AaABAg,@NemencioRas,"To stay afloat straight above the same spot: geostationary orbit, a circular orbit 35,785 km (22,236 miles) above Earth’s Equator in which a satellite’s orbital period is equal to Earth’s rotation period of 23 hours and 56 minutes. A spacecraft in this orbit appears to an observer on Earth to be stationary in the sky. This particular orbit is used for meteorological and communications satellites. The geostationary orbit is a special case of the geosynchronous orbit, which is any orbit with a period equal to Earth’s rotation period.",2024-11-28T16:07:45Z,73,8
UgwH1Uf7sWyejsQs98F4AaABAg,@Soupat2,Bru this is not 60 seconds,2024-11-28T16:06:20Z,0,0
Ugz-fL-JUw9mf0lS7cF4AaABAg,@Irisiq,"Well, I think the person will float as long as the person is outer space.",2024-11-28T16:06:10Z,0,0
Ugwcb-NlI1oqw_Eo0Sh4AaABAg,@pulsar9354,You don’t burn in the atmosphere only from free falling with no orbital speed.,2024-11-28T16:05:46Z,0,0
UgwC-loKmPW1X6S23ht4AaABAg,@garybrown2039,Thanks for the small treat on Thanksgiving Kurz team!,2024-11-28T16:01:06Z,0,0
Ugzx3__XLF6y305TlgZ4AaABAg,@venkyman4985,but then what about them satellites that float above the poles? (Polar satellites?),2024-11-28T16:00:55Z,0,0
UgwpuAzfulp4nRFU-w54AaABAg,@SexyMrNibbles,Im guessing we just suffocate to death as there is less and less air the higher you go,2024-11-28T15:58:35Z,0,0
UgzOvImFleNqZGx3TC54AaABAg,@soareleonard7570,"I got my magic invulnerable spacesuit from Stargaze's ""Fall into..."" series",2024-11-28T15:55:31Z,3,0
Ugwcv7gifhAqu2cXNw94AaABAg,@Dionysus24779,"Where were you?~
When they built the ladder to heaven?~",2024-11-28T15:54:58Z,20,1
UgzC2rAtvajvndo8FDV4AaABAg,@danielmedela8725,"People at Kurzgesagt, which property did the Space Elevator better? Battle Angel Alita, UQ Holder, or Stellar Blade? Just curious.",2024-11-28T15:54:21Z,0,0
UgwCXb35-pTipKosfFN4AaABAg,@kaakop4,No we are not replicating half life 2,2024-11-28T15:53:10Z,0,0
UgxOxcer8NKNJO3_5zR4AaABAg,@Peace_And_Love42,Thank goodness. I bought the ladder *and* the spacesuit; good to know I didn't waste my money.,2024-11-28T15:52:52Z,0,0
Ugzudz4xwfZhrCYCHHZ4AaABAg,@itsquestor,"Me not having ladders big as this, but still watching it:",2024-11-28T15:52:27Z,0,0
Ugz-Jwk9kH9Koal_nip4AaABAg,@bennydreamly,You’d start orbiting the planet if you were high enough. Circular motion!,2024-11-28T15:51:42Z,0,0
UgxNhYfZ-36TI8mvelR4AaABAg,@nikunj10201,"Uploading video over 1 min as short, that's a classic",2024-11-28T15:51:19Z,0,0
UgxkOS9SEgFioBkTxYJ4AaABAg,@lazystudio5392,can someone give me the answer how high you must be (lets say u set the ladder in the middle of earth rotation)  that you start floating in km,2024-11-28T15:50:08Z,0,0
Ugz29KQMv26Zs2dydul4AaABAg,@TamokiYa,"Off topic, but this video felt longer than 1 minute, did youtube shorts get a new update that allows longer videos? Maybe it did long ago and I just didn’t realise",2024-11-28T15:49:27Z,0,0
UgzIIApCWQgQBmBxcdx4AaABAg,@IsYitzach,"It also depends on where you stop. If you don't go high enough, you'll fall down. If you stop at LEO, you'll fall. You have to go to geosynchronous, which is a very long way out.",2024-11-28T15:49:26Z,9,0
UgwCDMhE6_cRvZvdfup4AaABAg,@58digit12,"Would you float oooor 

Start falling at high speeds",2024-11-28T15:49:21Z,0,0
UgzwNwbHZkv36BBWGxZ4AaABAg,@Dorgpoop,"If we ever built a space elevator it should be in Singapore. It's already one of the worlds busiest ports and flight hubs, and it happens to also be just a few miles from the equator.",2024-11-28T15:48:41Z,0,0
UgxKrwodXYTY2Di0qf94AaABAg,@peytonmagi9337,get rid of the cars and that's a future I want,2024-11-28T15:47:24Z,0,0
Ugz4utx0gpNylYR4Z8l4AaABAg,@rifkyfahrana1141,"well, of I go to eBay",2024-11-28T15:47:16Z,0,0
Ugy2NeOOsIL9R3NKnCR4AaABAg,@Wolforce,"I wonder what would be the best location on earth to place the space elevator to use Earth's speed to pull you but not too much that it would destroy the space elevator, and is this even an actual concern?",2024-11-28T15:45:13Z,1,0
UgzfnfmEkXhxbSsY4x94AaABAg,@gunslinger2566,"If you fell off a ladder at the north pole, wouldn't you only achieve terminal velocity since you never sped up from rotation? I don't think you'd 'burn up"".",2024-11-28T15:45:08Z,0,0
Ugwhoy95xVhGBY-tvA14AaABAg,@Brown95P,"Kurzgesagt: In a nutshell, space elevators would basically only be feasible at the equator.
Center-African Nations, Colombia, Ecuador, Brazil, Indonesia: *_S T O N K S_*",2024-11-28T15:44:21Z,5,1
Ugzdec0HLoMVV7UCfNl4AaABAg,@ByBeingBalanced,"For anyone wondering, Damn that 1min is taking too long , its actually 2min 30 second",2024-11-28T15:43:03Z,3923,48
UgwI8d3c68dLSpKg5Ed4AaABAg,@JZsBFF,0:38 And that's not even the only crazy part of the wheel: some parts go backwards while the others go forward; some go up while some go down.,2024-11-28T15:41:03Z,0,0
UgwOdjc8J2H058QoN1x4AaABAg,@Frodesagstad96,To learn something new everyday 👍,2024-11-28T15:40:45Z,1,0
Ugwfxq5-mPTJldHlUt14AaABAg,@dirtydish6642,"Hey, why are you releasing videos on my day off of work!?",2024-11-28T15:37:41Z,0,0
UgxowAHV2Ju2ncoSSut4AaABAg,@beendead.324,Red Bull is boutta test this out,2024-11-28T15:36:39Z,0,0
UgzJJpWYx7LVFAghzBZ4AaABAg,@Yufuf-t8q,"allah swt is god, believe and he can even make this ladder for u",2024-11-28T15:36:14Z,0,0
UgysaO8Ci6HS00mjXPF4AaABAg,@rmn4,"Hey, I remember an XKCD What-If about this too :D",2024-11-28T15:36:12Z,0,0
Ugz9zB1v-6fHo11DXiV4AaABAg,@The_Asteroid_,"0:20 This is the century where people only want to know how to fall on the universe from ground and vice versa. 





*Only intelligent people can understand this* 
😅",2024-11-28T15:36:09Z,1,0
Ugwf-AAb1bPfhUoPrDx4AaABAg,@Whitepen362,I am following you from one of the Arab countries and I do not find the English language. Can you make the video translated into Arabic? These are words that I wrote using Google Translate. Thank you and sorry for the inconvenience.❤,2024-11-28T15:35:40Z,0,0
UgytLDuomCPLUnJVy_R4AaABAg,@Breatropolitan,...we will suffocate.,2024-11-28T15:35:18Z,0,0
UgzZPjDymCRps41z6ex4AaABAg,@icuz,2:26 kurgesagt making a among us reference was not on my Bingo list.,2024-11-28T15:35:07Z,1,1
Ugy1b5V0t788AkPm81x4AaABAg,@yasuke8687,Hmm so this is why they put satellites on the equator,2024-11-28T15:34:56Z,1,1
Ugzd0z0l5HtE_dGNwPl4AaABAg,@sfx2237,Are shorts usually this long? Not complaining,2024-11-28T15:34:37Z,0,0
UgwQiUodbD-SNDe43OV4AaABAg,@SI-Omen,2:15 *queue Aerosmith - Dream On,2024-11-28T15:34:23Z,5,0
UgyYd2ztgGr4XsMcGdl4AaABAg,@massimookissed1023,"If you let go of the ladder at ISS altitude, you're gonna fall.
 You need to climb up to geostationary orbit altitude to not fall when you let go.",2024-11-28T15:34:05Z,0,0
UgyaCejeJpzq_SYj8h54AaABAg,@Misto_deVito6009,"Imagine something messes with, or even breaks the ladder during all this",2024-11-28T15:33:20Z,0,0
UgwgP7cjqr0_CJosAUd4AaABAg,@happyvirus6590,1:40 he eventually stopped thinking,2024-11-28T15:31:12Z,74,3
UgydxX8QjGEtJxPKI354AaABAg,@LunaticPrime,"Doesn't that imply that you are ""heavier"" at the poles?",2024-11-28T15:30:47Z,0,1
UgzcTDgGtElP9aQGTUl4AaABAg,@michaelwesten4624,why are these tick tock format? and not small videos?,2024-11-28T15:30:26Z,0,0
UgyrIOXsimCBDBx8Dpp4AaABAg,@RazvanGiurgiuca,"at north pole ladder top of if you don't fall .. gravity is same around the earth, must be a certain distance all around .. and at the top ladder you spin on your axis if let go ladder. probably",2024-11-28T15:30:23Z,0,0
Ugyp6hk3BOO-mN2-TIV4AaABAg,@RichardFooter,If you climb sufficiently high from the north pole - dont' you reach a lagrange point?,2024-11-28T15:29:08Z,0,0
UgxdgjcXC4-tIqX6PqJ4AaABAg,@looony,"From the poles, you can still climb out of the earths ""gravity well"", but it's quite a long way up ;)",2024-11-28T15:29:00Z,0,0
UgxPQYiNAB3Rk2P_l4l4AaABAg,@fernosbonos5394,Our version of Jacob's ladder,2024-11-28T15:28:52Z,0,0
UgzeKR_hb3jmpbAzcx54AaABAg,@laddu-jillu3583,No way YouTube showed me 2 ads for a 2 min video,2024-11-28T15:28:29Z,0,0
UgxrTieXIXddZ1BDR6F4AaABAg,@OLDMANWAFFLES,"Humans are too fragile to colonize space, in my honest opinion.",2024-11-28T15:28:19Z,0,0
UgwT4V7OpDIBfLMKRrh4AaABAg,@mohamedas7880,glad to see kurzgesagt is making good use of the extended shorts feature,2024-11-28T15:28:14Z,0,0
UgxOfWsmtWcDQBPRpMl4AaABAg,@vedanshgupta4711,How long would the ladder need to be to get a circular orbit?,2024-11-28T15:28:08Z,0,1
UgzkeABaWiytSerevUp4AaABAg,@A_Stereotypical_Heretic,I reserve my skepticism on this one...🤔,2024-11-28T15:26:42Z,0,1
Ugy9RTcd0D1QQcwzzSR4AaABAg,@pureair-mx1sv,No you will suffocate in space,2024-11-28T15:25:44Z,0,0
UgwWkVDLXf591_CTd194AaABAg,@Tirryna,Wilhelm scream AND among us? This IS Thanksgiving!!!,2024-11-28T15:25:41Z,1,0
UgxtsJ5rQ0URMxmXGuh4AaABAg,@leferovici,"The speed required for an object to go into space and orbit the Earth (orbital velocity) is about 28,000 km/hr (17,500 mph) at low earth orbit. At this speed the object will be able to go into space and maintain a constant orbit around the Earth at an altitude of around 325 km (200 km).",2024-11-28T15:25:36Z,12,5
UgwU5XbDKJrwAJOrrYx4AaABAg,@Fuggl,So what happens if you orbit earth and slowly let down a rope?,2024-11-28T15:25:30Z,0,1
Ugy0vGfqa65ed2PYTqV4AaABAg,@Trooba_12,Short answer: you’ll die either way,2024-11-28T15:24:49Z,0,0
UgyElVR-YCz-s4RJMuJ4AaABAg,@Tokiinho,I remember this on Megaman x8,2024-11-28T15:23:35Z,0,0
UgwaWwwWTrL_8BGCRfN4AaABAg,@06howea1,That's a long short,2024-11-28T15:23:04Z,0,0
UgzxQ3Ked-0Ma2EaD154AaABAg,@R3tr0_187fr,Since when can shorts be over 1 minute?,2024-11-28T15:22:51Z,0,0
Ugx2lyKAi1kANHCLC0F4AaABAg,@PaulGaither,"Foundation, by Issac Asimov.",2024-11-28T15:22:24Z,1,1
UgwHdQulOS1HnXAbyxl4AaABAg,@vladgiurc3133,"The only future I want to imagine right now, is one where I can buy a house or at least not needing a second job to afford rent and groceries 😭😭😭",2024-11-28T15:22:17Z,0,0
UgxRPVINbHLJf0gHUEt4AaABAg,@saeedghalenovi565,I'm not sure about falling or floating but You'll be exhausted for sure,2024-11-28T15:21:45Z,0,0
UgxKY3VMFCZA_V4qH654AaABAg,@athenatanyimin4035,"What if the ladder is neither at the poles nor the equator, but in between?",2024-11-28T15:21:21Z,0,0
Ugw-jzQFLwx4kkSAZRp4AaABAg,@imigratingbox,How was there not a single mgs3 ladder reference,2024-11-28T15:21:06Z,2,0
UgxIFmypxt-OvmB-tTZ4AaABAg,@hey_how_are_ya,I would try this but i can't trust anyone to hold the ladder while I climb,2024-11-28T15:20:32Z,1,0
Ugx-EPSVl-pRk-YcHq54AaABAg,@DataIsBeautifulOfficial,Forget floating. You're accelerating toward regret.,2024-11-28T15:19:11Z,22721,27
Ugy1XT1oiDZGWPBWJuF4AaABAg,@hey_how_are_ya,"If i understand this correctly, if you climb to the height of geostationary orbit then you would float next to the ladder, but if you go below that height you will fall, and above that you will be thrown further away from the ladder",2024-11-28T15:19:03Z,7,4
UgzcyKRSxWBkKVS3aV54AaABAg,@timmisrael,"that is nice and all, assuming the earth is round",2024-11-28T15:18:38Z,0,1
Ugwd7slqgHK6GYlKkYt4AaABAg,@Minhas-5,This short seems suspiciously L O N G,2024-11-28T15:17:30Z,1,0
UgxA9MwU1Yzrlcdcr3p4AaABAg,@MherDeLight,*Laughs in Slow Falling potion *,2024-11-28T15:16:37Z,2,4
Ugyt87LWFOI507anz_t4AaABAg,@DavidJohnWFernandez-k8e,"So, is it easier to launch into space from the Equator?",2024-11-28T15:16:03Z,0,0
Ugz2Hg1YL0RmvNP6hnZ4AaABAg,@Joey-s4z6c,I love these longer shorts,2024-11-28T15:15:44Z,27,3
UgxcSNfodtsdX520bMt4AaABAg,@matito7963,"Of course they had to put amongus reference.
I love this channel",2024-11-28T15:14:47Z,0,0
UgwAfgg2rNzXbjD4OF14AaABAg,@danielein3d211,Minecraft pillars have been very quiet since this dropped,2024-11-28T15:14:26Z,1,0
UgzwssHs9qGY_93Yf9t4AaABAg,@TheSuperuser49,🎵 Where were you...when they built a ladder to heaven? 🎶,2024-11-28T15:14:25Z,0,1
UgxwEyGWBsOeGVEV01N4AaABAg,@PiyushGhugare777,This short is 2 min 28 sec long 😶 no more a short video,2024-11-28T15:13:42Z,1,0
UgwLo_p-F4_cBPQ-j3R4AaABAg,@MP-oh9lt,How is space pronounced? Spàćê or Špåçë?,2024-11-28T15:13:34Z,0,0
Ugwofhg5OC6b_F0MMtt4AaABAg,@TheStoicPig,What a daft video. I love it.😂,2024-11-28T15:13:10Z,2,0
UgyYI6gk5i6Nj9e5RiF4AaABAg,@markmuller7962,Lesson: Don't climb ladders at the north pole,2024-11-28T15:12:40Z,314,16
UgxY_am0Wg-w8TkLyZ14AaABAg,@nottrippin8391,How big would an organism need to be to not be completely burnt up in the atmosphere when falling off this ladder?,2024-11-28T15:12:24Z,1,0
UgzktSbvDcFABimsHRR4AaABAg,@fallen_knightyyyyy,"Im sure i would die due to oxygen deficiency before climbing all the way to the top . Also the ozone layer is made of ozone which is poisonous. 
Im aware this is literally a ""☝️🤓"" comment",2024-11-28T15:12:16Z,1,0
UgxnSgDyGeJMSfIleTZ4AaABAg,@hello-hb1ll,"As my physics teacher likes to explain, you're falling to your death in both scenarios. The difference is that, in the floating case, the ground is falling just as fast as you are

P.S.: the ground ""falling"" is a metaphor for the earth's curvature. You're falling eternally, not floating, because the ground is ""moving away"" from you at the exact same speed
P.S. 2: For those who don't get it, i added a better explanation somewhere down the replies here",2024-11-28T15:11:25Z,1654,28
UgxukIjRX796rlS8dfx4AaABAg,@runninggag,"You guys really like Among us references huh? Some ham, now space suits...😂",2024-11-28T15:11:02Z,1,0
UgyVJ59yx4j4yWWcE3x4AaABAg,@glennac,Why would you “burn up” if you fell from a polar ladder? 🤔 You are essentially starting from a still position. It’s not like you are entering the atmosphere at orbital velocity. Wouldn’t you simply reach terminal velocity (for the mass of your body) and then stay at that velocity?,2024-11-28T15:10:58Z,16,5
Ugyf85u38uwUhpb_uq54AaABAg,@sebastiancoar1991,"If there was a ladder that reached all the way to space, what is keeping it anchored up in space?",2024-11-28T15:10:54Z,1,1
Ugytselgt6MWJyLVElh4AaABAg,@g_a_m.lj02357,Rest in peace to those knees 😭,2024-11-28T15:10:44Z,1,2
UgxSTwm-OAJNTRYRmGV4AaABAg,@Pulse5p_pup,Damn no Mars reference,2024-11-28T15:10:33Z,1,0
UgzGxynquDv3a0jAKhN4AaABAg,@ThuanGrinds,"As someone who is Named Steve, this is Easy to do, Place Blocks Up",2024-11-28T15:10:20Z,6,0
UgwMytcOG_SS3Cd4Tz94AaABAg,@richardjamesgallardojr.7584,Kessler syndrome❤ Kessler syndrome❤ Kessler syndrome❤ Kessler syndrome❤ if an ancient advanced civilization such as the anunnaki or the atlanteans truly did exist would we be able to detect their space junk❤ I really want to do believe in ancient astronauts and ancient aliens but can someone please explore this possibility one way or the other,2024-11-28T15:10:04Z,1,0
Ugwhu6TVdrMQqO_V7ll4AaABAg,@Kulkogo,2:26 They always somehow sneak Among Us in there don’t they,2024-11-28T15:09:52Z,880,7
Ugw2wgc7O5b91cRQGu14AaABAg,@nottrippin8391,Thanks for the holiday vid!,2024-11-28T15:09:50Z,1,0
Ugxkx56kRJiH2f0rD-N4AaABAg,@withersoulsgd,Among us is not funny,2024-11-28T15:09:49Z,1,0
UgzgTP4Jfc9ycXoRmNh4AaABAg,@mrreaper9626,"Ferb,I know what we are going to do this summer!",2024-11-28T15:09:38Z,13,0
Ugwg51J8pwNGEZdvdoF4AaABAg,@MherDeLight,Hear me out. Automatic ladders.,2024-11-28T15:09:36Z,7,3
UgzU_x9-hh69QUWFWqN4AaABAg,@93juan,If It lasts 2 and a half minutes it's not a short video,2024-11-28T15:09:33Z,3,1
UgyASnxCkcE5QCpeESF4AaABAg,@ID_Saif,Now space elevators makes sense to me.,2024-11-28T15:09:28Z,0,0
Ugz8XkJHFlNLHy5EvdZ4AaABAg,@g_a_m.lj02357,"Like, why do I only have 1 subscriber?😔",2024-11-28T15:09:26Z,1,0
UgxcCGQdis1fDUN9kmR4AaABAg,@Buzz_Light_Beer,Happy Thanksgiving!,2024-11-28T15:09:09Z,1,0
UgzbyS7oG8Ee917k_mB4AaABAg,@SoumyaGuharoy-m9r,35th to comment.,2024-11-28T15:09:04Z,1,0
Ugz-iRV0uyNS7rur8VV4AaABAg,@TheMotionTheory,"You guys are the best hopefully my AI podcasts gets as popular, AI says The drag experienced by a space elevator depends on multiple factors, including its design, location, and environmental conditions. The elevator tether or cable, extending through Earth's atmosphere, will experience drag due to air resistance.
Drag is a significant factor for the lower portion of a space elevator within Earth's atmosphere but becomes negligible beyond the stratosphere. Advanced materials and designs can mitigate drag to manageable levels.",2024-11-28T15:08:36Z,1,0
UgwjzETRYMf4s_JLcx94AaABAg,@JustARandomUsername2137,There was a What If? chapter about climbing a ladder from the moon to the earth.,2024-11-28T15:08:32Z,2,1
UgxvnUs6v7RP_hXe5ll4AaABAg,@lolla7506,"0:01 As an unemployed friend, I don't need to imagine",2024-11-28T15:08:29Z,16,0
Ugz0guLwXpMS7yW4w0l4AaABAg,@lazarus_sith,"Me, a satisfactory player knowing the space elevator thing",2024-11-28T15:08:13Z,12,2
Ugwqga1qxAkRMYqh5IN4AaABAg,@ashkansayadi,Great,2024-11-28T15:07:27Z,1,0
UgzJoD4F4CjCc8XuEI54AaABAg,@InfinityDemonX,I cannot pronounce this guys Chanel nor can I  spell it,2024-11-28T15:07:27Z,3,1
Ugy5L72CCBAR97swSMd4AaABAg,@aooni7546,i love this stuff,2024-11-28T15:07:12Z,2,0
UgxYNpoGXgZtCoTxp6p4AaABAg,@Funnymemesandmore-o9r,"How come some yt shorts are 2 minutes long like this one, but most other shorys are not 2 minutes long?",2024-11-28T15:07:08Z,1,0
UgxTecCo7HA5ebCPoPR4AaABAg,@Mr_me1112,"EXTREME HAZARD WARNING:
CONTAINMENT SEAL UNABLE TO CONTAIN THE BLACKHOLE FOR LONG...
PLEASE EVACUATE FACILITY *IMMIDIATLY*",2024-11-28T15:06:39Z,2,0
UgyQvcnrT0WEZtrCu-p4AaABAg,@HeisenbergFam,Bold of you to assume no one would sabotage ladder while you're climbing,2024-11-28T15:06:39Z,212,2
UgyVsXu3KvqH0OtP9n54AaABAg,@im-anon,"I just realized this short is 2 minutes long, i was too absorbed in the space elevator idea I didn't notice.",2024-11-28T15:06:36Z,1791,19
UgxfPORFZiMghjKdN0x4AaABAg,@jsseper,"You’re not floating, you’re falling with style!",2024-11-28T15:06:10Z,747,11
UgxslsKxEWPCc5ehsZ94AaABAg,@PumikSK,Almost first!,2024-11-28T15:05:45Z,3,0
Ugy-4nK2r3yCR6ukXe14AaABAg,@OnlyTAS,That one Cyanide and Happiness series,2024-11-28T15:04:54Z,16,2
UgyYZPJlZaTdo1vqwbV4AaABAg,@HalloWorld404,Time to go buy a very large ladder to test this out,2024-11-28T15:03:55Z,4722,35
UgzZVValTGQjqCb1s5d4AaABAg,@jotek5138,21 seconds and 2 likes? You relly fell off,2024-11-28T15:01:39Z,9,3
UgxIeEGyA80FTQgoN7F4AaABAg,@FacterinoCommenterino,Today's Fact: The world's largest Hearthstone tournament had a prize pool of over 1 million dollars and was held in Shanghai in 2018.,2024-11-28T15:00:50Z,15,2
