Comment ID,Author,Content,Publish Date,Like Count,Reply Count,Detected Language
Ugx1VkQYtZIeRDuf7ox4AaABAg,@GamersNexus,"(Got done filming with Der8auer today -- will take a while to put together the videos, but they're cool!)
Here's our Intel B580 review with all the gaming, power, frametime, and efficiency benchmarks! https://www.youtube.com/watch?v=JjdCkSsLYLk

Watch our original tear-down of the A770 -- or just read the comments, because they're hilarious: https://www.youtube.com/watch?v=N371iMe_nfA",2024-12-13T19:32:11Z,389,8,en
UgzjpF7NAViXcf-TuhN4AaABAg,@DanangAlta,"How much more show-off and Whine before we get to the actual topic? The girly, long hair is definitely befitting of you.",2025-08-05T00:38:04Z,0,0,en
UgyY7MRTouMxOcXaplZ4AaABAg,@imstumpedrugmail,i do enjoy your teardown vids like this. intel has come a long way havent they,2025-08-04T18:51:56Z,0,0,en
UgyJYSQWWpaIzELZmN14AaABAg,@voxel23,"Cable fans is not a problem, problem is not default 80cm 92cm 120cm fans sizes.",2025-06-12T05:55:05Z,0,0,Other
UgzWusBmfV4BcN__sqF4AaABAg,@voxel23,Sitting down would be more comfortable dissembling complicated electronics. Also for safety.,2025-06-12T05:32:02Z,0,0,en
UgxadDlSt-ZQTIayiaR4AaABAg,@aldao1981,"I don't know how the first to disarm it will have been, but this is not too simple to disarm ...",2025-06-08T00:15:34Z,0,0,en
UgxJmkXs0mlKR5244b94AaABAg,@milestailprower,"I remember when GPUs didn't have a backplate, and they worked just fine. Really frustrating to see Intel include a worthless plastic backplate. Thing would be thermally better without any backplate, and it would be cheaper to manufacture as well... 😠",2025-06-06T10:55:50Z,0,0,en
Ugw0EYal-_uGcQk3_Y54AaABAg,@madfinntech,I kinda like Intel's simple it just work approach with their new GPUs.,2025-04-29T11:21:54Z,0,0,en
UgwE38iV4c1CbZqjwi54AaABAg,@awdrifter3394,Nvidia lobbied Microsoft to kill multi-gpu. Intel and AMD should lobby Microsoft to bring it back in DX13. Since both Intel and AMD seems to have problem making a big GPU die and it seems like AMD gave up on making a chiplet GPU.,2025-04-22T05:09:39Z,0,0,en
UgxjBgwmFlGSaqiS7aN4AaABAg,@Josh.Davidson,"EE Student here: The yellowish substance you see surrounding the die is the underfill. It provides structural support to the C4 bump array bonding the die to the green substrate interposer. It is critical that the underfill chemistry is compatible with the bump material (various lead free, high-lead, eutectic, etc), and compatible with the thermal stress the connection will go under. It's just a different type of underfill vs what you're used to seeing, with a different chemistry. But as long as it meets all the required constraints then it will be fine. Fun fact, failure to choose a proper underfill type is what caused the Xbox 360 RROD, PS3 YLOD, and notebook GPU failures a nearly 15 years ago.",2025-04-10T14:43:22Z,4,0,en
Ugz-jSzTdT9IH5tYLzV4AaABAg,@ScottGrammer,Legend has it that Steve is still talking about having to get on that flight in a couple of hours.,2025-03-25T18:57:38Z,0,0,en
UgzzE9HSgZfs0ngDcJ54AaABAg,@ernestg.harveyjr7087,might be a future upgrade!😍,2025-03-23T10:52:29Z,0,0,en
UgzQ971VlUtECqUNM6B4AaABAg,@ernestg.harveyjr7087,omg ! how can steve NOT! hava pik?😁😄,2025-03-23T10:50:57Z,0,0,en
Ugwsca32gA2YKm0fWtl4AaABAg,@ernestg.harveyjr7087,remember it's only using 8 of 16 lanes  SOOOOOOOOOOOO there's definite room for bookoo improvement😁 all 16 lanes and beefed up a bit i'd buyette in a cold minute IF they could out do last gen team green! [:-) i'm considering buying and making mods myself 😁,2025-03-23T10:22:28Z,0,0,en
UgwB2n5XojLzR-Aryf14AaABAg,@juancuelloespinosa,"22:12 that was a jayztwocent ""OW I had a thigh cramp"" style moment",2025-03-03T12:52:32Z,0,0,en
UgytWLZLyT61HeKa8bB4AaABAg,@MrFloppy19W,...but when do you have that flight though?,2025-02-23T12:08:31Z,0,0,en
Ugxn1asQ9A8a9B5DWSt4AaABAg,@AW-ht1ly,"If you need to get on a plane right away and don't have time, you can save time by not talking about it so much.",2025-02-22T20:16:22Z,0,0,en
UgxSqjx2nPHpAT2H2cZ4AaABAg,@killer147896325,I love gamers Nexus but I thought I was hilarious that he's talking about how all your fingerprints will show up because of the grease then immediately proceeds to run his hand through his hair and go back to touching the plastic part,2025-02-11T10:16:58Z,0,0,en
UgwUZD7Ixy8asSHXd_94AaABAg,@Z3r0XoL,"i want to replace the fans with noctua fans, how would i do that?",2025-01-26T14:10:46Z,0,0,en
UgzCZWmzrq-PDd5pZuJ4AaABAg,@engintr6147,Hi. Good luck. I watched the Intel and Sparkle Arc B580 PCPs separately and I couldn't see any difference.,2025-01-23T22:56:41Z,0,0,en
UgwDH4Zt0GZmHExnCGV4AaABAg,@nopenoperson3665,i'm laughin my ass off at mosfats.,2025-01-21T01:50:08Z,0,0,en
UgyJ4DxOYlVqf7U0sxN4AaABAg,@stasisthebest,what happened to the world? why is everything Torx? I efin hate those screws.,2025-01-14T13:38:32Z,0,0,en
UgxpYb8bGlvnw_BfSIx4AaABAg,@MartinPHE,This channel turning into another bad Lunis video just a different moron.,2025-01-13T13:12:02Z,0,0,en
UgyPTYODAypa-KlzDlR4AaABAg,@dennisestenson7820,You should trademark MOSFAT before someone comes up with metal oxide semiconductor field amplifying transistors.,2025-01-01T08:12:33Z,0,0,en
UgwzIqR266rid6oKkeB4AaABAg,@varshaiyer9395,what we don't realize is that he has a private jet that picks him up from his studio,2024-12-31T22:42:32Z,0,0,en
Ugy-13qiMAPssHgiKbZ4AaABAg,@srqEvents,"Good card, but I'm getting the 7900 instead.  I'll certainly need to upgrade my 3600.",2024-12-31T04:20:26Z,0,0,en
UgwHcg33Pnky2StcLpd4AaABAg,@brssnkl,Please buy a cheap not that accurate plastic calipers. You can even measure the plastic calipers with the metal one.,2024-12-29T17:59:13Z,0,0,en
UgziQZsX5EX4kwv3xi14AaABAg,@RedneckGamingChannel,"they're great, i guess, except they're also sold out pretty much everywhere, probably bought by scalpers",2024-12-26T14:24:52Z,0,0,en
UgzumyVjQ6MdrHjLQm54AaABAg,@_PatrickO,"This sounds like an opportunity for someone to sell a metal backplate,  some thermal pads, and a shroud that doesn't store a fingerprints.",2024-12-26T05:10:12Z,0,0,en
Ugz0FdgSY6mTRNK59c14AaABAg,@johnpaulbacon8320,Interesting,2024-12-25T18:43:28Z,0,0,en
UgwvknyLj30h4R_kFvp4AaABAg,@ernestg.harveyjr7087,It's cool Steve. We get it. We appreciate your efforts,2024-12-24T23:00:12Z,0,0,en
Ugy8ReQFCaToWzzGcCB4AaABAg,@maksimfedoryak,"Future, where alternative setup is AMD CPU and Intel GPU🤯",2024-12-24T10:30:17Z,0,0,en
Ugwi0yX_hBep3JbvRgh4AaABAg,@NoneRain_,Nice card,2024-12-24T05:05:58Z,0,0,Other
Ugy21uN6k5pgk9ITiYd4AaABAg,@HeadCannon1776,"the price gouging with the new intel cards is insane, $50-$100 markup",2024-12-23T23:54:32Z,0,0,en
UgwW0xqaCQcaClVX2RF4AaABAg,@aritra917,I have a gaming laptop Asus tuf gaming f15 ...I wanted to change thermal paste but after changing ..I am getting no display on one ram slot .(.I am sure cause I exchanged and booted both ram on the working one .).. but on the other everything is working fine ...and my gpu .rtx 3050 4gb. Is not working getting small exclamation mark and is saying code 43 ...any suggestions !!!anyone ..I am looking for some helpful suggestions ...I did driver update reinstall but none seems to make it work ...,2024-12-23T12:40:00Z,0,0,en
UgwEx34lc1JGOy6JMbV4AaABAg,@nadavga,"Good job intel.  If the b770 turns out good, I'm definitely considering team blue for my next graphics card",2024-12-23T08:08:14Z,0,0,en
UgwbFK4FjGKCQCEETgB4AaABAg,@jankovac8552,Wash you hands!!! Or use gloves !!!,2024-12-22T17:14:10Z,0,0,en
UgyK7JqB6Lc9IwSWhpV4AaABAg,@DRXxUziixX95,5:40 ypu put the screw in the wrong position on your mod mat. In the card the screw was away from the pcie connection and on the mat it was next to the pcie connection on the mod mat diagram.,2024-12-22T08:04:52Z,0,0,en
UgwSr8pPkyeX770teWt4AaABAg,@trevsguitarstash4967,"literally every new electronic i own easily leaves behind finger print smudges, so annoying on my mouse and laptop!, but also my desk, keyboard, monitors, headsets.
WHY use this crappy shiny material for everything , specially on electronic meant to be touched by your hands to use it!
i have to fiber cloth whipe my laptop keys and wireless mouse after every use.",2024-12-21T21:17:27Z,0,0,en
UgxkLo_zS7NPm-eBjdh4AaABAg,@clg763,"I'm not sure I heard that right, did you say you have to go on a flight in a couple hours?😂",2024-12-21T04:02:46Z,0,0,en
UgzW3Br5189BF-LeX594AaABAg,@HardWhereHero,"with that small form factor and the tiny PCB, could they not scale this card up and make something even faster?",2024-12-21T03:42:06Z,0,0,en
UgxUcXHKiXwCOZgOmVR4AaABAg,@fuckoff5893,“ooh it fits” thanks steve,2024-12-20T23:36:37Z,1,0,en
Ugxlkevi3TakrAgtTfZ4AaABAg,@153SCORN,Cheapest I could find this Card for was for $450...So much for the $250 price tag for the B580.,2024-12-20T23:01:26Z,0,0,en
UgyJrhF6JG5Qmfypgtt4AaABAg,@garymaya1767,yeah!!!!!!!! I bought 100 and reselling on ebay for insane prices!!!! Thank you nexus,2024-12-20T22:11:33Z,0,0,en
Ugzjuk7wzOJbjwbm10V4AaABAg,@Aleksey-vd9oc,SSC - STOP SHIT CONTENT,2024-12-20T18:37:10Z,0,0,en
Ugx7D3qtHWacnm6cwYR4AaABAg,@hurricane31415,Intel starting to be a decent competitor. I wonder how they Linux drivers & support are.,2024-12-20T13:25:16Z,0,0,en
UgyvtK3wQOV1C_HC2nV4AaABAg,@bubblekuku5992,is SHIT have only: PCI Express x8 4.0,2024-12-20T12:32:20Z,0,0,en
UgwgK4tvB96Cfm9JlG94AaABAg,@JetSabel,im willing to overlook build quality issues for a card so cheap with that much performance,2024-12-20T04:53:09Z,0,0,en
UgzcZIDAk_bWviWbjol4AaABAg,@Rabbiturtacorn,"Here's the thing, they can't even fix the voltage regulation issues in their processors. I don't think jumping in on their GPU's is a good idea. Even if they are making improvements. Until my CPU is replaced with something that isn't going to burn out no matter what... There's not trust for Intel.",2024-12-20T03:42:58Z,0,0,en
UgwxpPpLxk53lK5t30J4AaABAg,@nicewhenearnedrudemostlyel489,"When the grease coefficient is so high, it just ekes out of your fingertips onto everything you touch, despite having qashed your hands properly, twice. 😉",2024-12-19T22:35:25Z,0,0,en
Ugz_vYybamsqMvl1q4B4AaABAg,@mad_addie,You always talk fast Steve.,2024-12-19T21:03:19Z,0,0,en
UgwjI-FelyD-yvyDFG14AaABAg,@jjulittos,gr8,2024-12-19T19:35:50Z,0,0,Other
UgyYDBhVfHUpwQRC6KN4AaABAg,@HV_RED,"Please suggest me which one to buy? Whether Arc b580 or RTX 4060? I play lot of video games, i edit videos and learning some animation too (beginner).",2024-12-19T17:37:41Z,0,0,en
UgzOTmPrm0shJi2454l4AaABAg,@nathangamble125,"I definitely wouldn't say that Intel fixed their problems.
This is still a GPU die almost as large as AD104 (full die = RTX 4070 Ti), on a similar manufacturing process (both are built on variants of TSMC N5), which is less than 2/3 as fast, almost 2 years later. The ""Battlemage"" architecture is objectively bad.
Intel deserves praise from gamers, for giving us good performance for a good price, but it's likely that Intel is losing money or barely breaking even on every B580 they sell. Intel could benefit in the long run from taking GPU market share and having a solid platform for driver development, but this will only be useful if Intel can make their next-gen ""Celestial"" GPUs significantly cheaper to manufacture, while still having competitive performance, so they can actually profit from it. If Celestial isn't successful, Intel will have just wasted money by pricing Battlemage so low.",2024-12-19T16:11:15Z,0,0,en
UgxgwfKPYBGfIgIyaW94AaABAg,@OlavAlexanderMjelde,The short pcb would make it  possible to create tiny ITX builds with water cooling I guess.,2024-12-19T13:25:13Z,0,0,en
UgyZQI0tWl54OZq8Yd94AaABAg,@Vtarngpb,Pat I think deserves an in depth interview...,2024-12-19T07:47:53Z,1,0,en
Ugxsk3TtaxzIM_mzJY94AaABAg,@lycanwarlord,thanks steve,2024-12-19T06:30:28Z,0,0,en
Ugy21R_lRlOBtSPue6R4AaABAg,@nando03012009,You ok bro? You're not looking well. Looks like you gained weight and aged significantly in the last few months.,2024-12-19T03:32:52Z,0,0,en
UgwwsVth0oa0UN5ExPd4AaABAg,@janstransky442,They obviously used epoxy from PBS space....,2024-12-18T20:49:59Z,0,0,en
UgyPOl6E1n0Dmw8YA4F4AaABAg,@Betonoszlop,Intel shoudl have been include gloves in the package to pick up the GPU with :-),2024-12-18T19:07:57Z,0,0,en
UgxvtoPp5wdoklVTMGt4AaABAg,@Betonoszlop,Eyyy job well done Steve!,2024-12-18T19:04:21Z,0,0,en
UgxChci4Je6Q9xfj6BR4AaABAg,@soulshinobi,Now we're wondering how often Steve actually washes his hands.,2024-12-18T16:03:33Z,0,0,en
UgzCP7Gd6-sHM1eDYBd4AaABAg,@noxious89123,"I think a plastic backplate is acceptable for a sensibly priced card, and I'd rather have that than no backplate. An aluminium one with thermal pads is preferrable though, for sure. I dislike the soft-touch plastic though; it'll get sticky and gross after a few years.",2024-12-18T13:26:09Z,0,0,en
Ugz89rLKsyvxnT751Ad4AaABAg,@paco1669,Love the design,2024-12-18T10:37:33Z,0,0,en
Ugy3SIu1n9nugfqKVD94AaABAg,@xpireangle,👍 for the golden cat cameo,2024-12-18T08:44:07Z,0,0,en
UgzhgID1TxXMLPyhc-N4AaABAg,@1stGruhn,"I love how Tom Peterson is keeping his ear to the ground with these cards. The man is a great spoke person and awesome to listen to. I'm glad the product is going this well as we need better products at good prices in this industry. While I tend to go for a bit higher end card, I have friends who have been wanting a more budget build: this card is perfect for them.",2024-12-18T03:40:31Z,0,0,en
Ugzu8X8_YqEY0j5-Afl4AaABAg,@superbee1970,"XFX socketed fans are super, had to replace 1 or 2, pop old one out, pop new one in! Can also swap different color LED's from card to card as well as no LED fans, for different looks, have 6 of the ol RX480 XFX's stil, not using since ETH POS changeover! Good vid, keep up the great work man, and team!",2024-12-18T02:50:03Z,0,0,en
UgyzzRLAn039q8SYNHd4AaABAg,@ghimmy47,After a couple of years of global pandemic we have no shortage of gloves.,2024-12-17T22:00:49Z,0,0,en
Ugy5KdkaF8GoY2olOfV4AaABAg,@deltacx1059,"Only amateurs and corporate shills assemble a product with glue and tape. Screws ,bolts and gaskets exist for a reason.",2024-12-17T18:37:00Z,0,0,en
UgxutEVO0UcgQUmYcdd4AaABAg,@urazoktay7940,"Amazing tear down video, i thoroughly enjoyed it, Intel made a solid product. Thank you Stephen.",2024-12-17T16:27:08Z,0,0,en
UgwDJMaFV_zWLtagisl4AaABAg,@cedricl.marquard6273,"When one of Steve's gripe is the coefficient of grease, you know you coulda done a lot worse.",2024-12-17T14:49:34Z,0,0,en
Ugx2n60CJtym7lKyM7J4AaABAg,@deilusi,"6:45 stupid question because I did not notice. does the back plate direct SOME air over the back of the card? That would be interesting idea. 
I am not sure where ramp of the backplate ends. if it's a blower style tunel that takes whatever can get in and go though, that should be enough to cool caps at the back of the board at least, and that will make the card last longer.",2024-12-17T12:46:41Z,0,0,en
Ugwb0FTgmi7apYdCRSZ4AaABAg,@Blostur,"The part I like the most of the GPU is the copper die, well made! Small contact point with a bigger copper platform 2 millimeters below, nice way to make a heat choke point so it spreads better at the bottom, way more efficient than a regular flat die.",2024-12-17T12:35:36Z,0,0,en
Ugylq3jqNFuA1S092dB4AaABAg,@MrOldandslow,You think Steve has a flight in a couple hours?,2024-12-17T11:32:02Z,1,0,en
UgzoAcNgUsclHcttLIx4AaABAg,@SliceLeedice,You can tell if it's a refurbished or brand new card right off the bat because of that shroud. 😆,2024-12-17T11:10:22Z,2,0,en
UgwQbbL1PLPivtrHfF54AaABAg,@Neo83,What memory chips are on it?,2024-12-17T10:28:33Z,0,0,en
UgwiAk_N5xgnoayk6m14AaABAg,@raccoons_finest,20:18 Gainward had those too. with the gtx 780 Phantom Series,2024-12-17T08:22:31Z,0,0,en
UgwRR99o3jm4Nad5m1x4AaABAg,@HardCold-Alquan,This guy looks like Jaylen Brunson.,2024-12-17T05:32:05Z,0,0,Other
UgxK4erfNSDQn8-aAY54AaABAg,@automan1223,"will never buy another Intel Video card. Every ""update"" they slow the card down & take away functionality. Total joke. No more Intel. Arc 770 was great if not fantastic out of the box. Latest updates broke it even more.",2024-12-17T03:06:52Z,0,1,en
UgxDfrFzggX3PQ_UUGl4AaABAg,@Druid_Plow,"With the exception of the plastic, that's some massive improvement. Nice to see them taking steps while other big brands just blatantly don't care.",2024-12-17T02:03:49Z,0,0,en
UgynNtXR3liXo_T_27p4AaABAg,@criminalcuteness3952,Mosfats,2024-12-16T23:18:30Z,0,0,Other
UgylrYpb-5URCVC9Zx14AaABAg,@EhNothing,Nothing like starting a project with a 2 hour hard deadline,2024-12-16T21:16:13Z,1,0,en
UgwrSONuugzX5L2HMFt4AaABAg,@JakubChalupnik,"The video felt kind of rushed, like they needed to get on a flight in a couple of hours...",2024-12-16T19:51:22Z,0,0,en
UgyEOguDdR1RkBOICjd4AaABAg,@nixSen,or you can wash your hands after downing the greasy bucket of fried chicken right before handling the card . . .,2024-12-16T18:01:24Z,0,1,en
UgwcoBtsydW1k0t0s-x4AaABAg,@ysfex3sew,why are these so uggo?,2024-12-16T17:58:23Z,0,0,en
Ugy60HuYuiFbVEapQkt4AaABAg,@dorion9111,Sad to think that in 10 years not only will I be 395 years old but 4090 will have same value as a 980 does today.... 100 bucks or less.... Just a after coffee thought _-SHRuG-_,2024-12-16T17:46:03Z,0,0,en
Ugyj5vI_8t9EIuiJQTx4AaABAg,@christianrobloxserver7282,This is gonna be an absolute king in the budget SFF space,2024-12-16T16:56:30Z,0,0,en
Ugxjhc2BgV07MCFtvbR4AaABAg,@FreqtradeFR,Awesome work 😊,2024-12-16T16:35:26Z,0,0,Other
UgymzZeRWVzmQoV5c5V4AaABAg,@tesla82111,Beautiful,2024-12-16T16:35:07Z,0,0,Other
UgzEXwXmEkMvSzKaL_p4AaABAg,@mrjunkertechtips7690,Why is the thermal paste so dry on a new gpu ? 🤔,2024-12-16T16:23:40Z,0,0,en
UgxtUkSO-3ELgjCdw3t4AaABAg,@lucivarsadiablo4191,I want to see some numbers with better thermal paste... the factory paste looks a bit dry..,2024-12-16T14:54:44Z,0,0,en
UgzDiMcLdJi_bNNsHpt4AaABAg,@iFixitYourself,Great video!,2024-12-16T14:27:48Z,0,0,en
Ugzn57T-nCaK0neB4JR4AaABAg,@tech8438,"Meh backplate
good cable placement there actually.. saves trying to pry them out from the heatsink lol",2024-12-16T13:42:32Z,0,0,en
UgyfQsxkqRbN9L_Nedl4AaABAg,@marlonjamesbayaras8981,Isn't it ugly when the chip sits off centered on the package?,2024-12-16T13:06:54Z,0,0,en
Ugzz2yvT5Oi0-XLvJYp4AaABAg,@ax-50,Isn't that the material that gets sticky almost gooey type of feeling after a few years?,2024-12-16T11:39:42Z,0,0,en
UgzSON_bVEMYnfC6lQB4AaABAg,@Tharindu_LK,I'm not buying a GPU if I cannot simply unscrew the front plastic cover and remove the fans for thorough cleaning. If you use glue and made it fragile I am not buying that childish toy.,2024-12-16T09:37:13Z,0,0,en
UgypU5YzPXk6AE9vTrB4AaABAg,@tulsatrash,Excoting to see this improvement.,2024-12-16T07:52:24Z,0,0,en
UgyV1vgI2oakw5Kwtcd4AaABAg,@tcat1990,Did they catch the plane?,2024-12-16T07:17:48Z,0,0,en
UgySm0VBfCZKGvNxBup4AaABAg,@theodoregaus6237,Why does the video say it was released 17 years ago,2024-12-16T06:59:44Z,0,0,en
UgzkQ1O8LQSUglpAYxR4AaABAg,@nrdn_,"I watched the video in 2x, hopefully Steve didn't miss his flight",2024-12-16T06:38:42Z,0,0,en
UgySazDuempp3qRKeuZ4AaABAg,@roboman2444,"I feel like a metal backplate would've added a lot of value to the card. Better memory cooling, better VRM cooling, and every little bit of heat you pull away from the memory and VRMs through the backplate is that much less heat the main cooler has to deal with. Maybe someone can come up with a CAD model to quickly cut out of 2mm aluminum on a hobby CNC router?
Also i feel like the flowthrough fin area could've been more utilized without changing the PCB or increasing the size of the card at all. They are inset into the card by about 5mm, and have a significant ""bezel"" around them too.",2024-12-16T05:58:16Z,0,0,en
Ugz-PjHrEKMBP2TATvV4AaABAg,@LynxCarpathica,I sincerly hope this discolored underfill won't result in bumpgate 2.0,2024-12-16T05:48:42Z,0,0,en
UgyK_fCOmwsRhzrbSQp4AaABAg,@rekria7037,Did they make the flight?!,2024-12-16T05:16:49Z,0,0,en
UgwYpQ_9DCDwhzCc7NV4AaABAg,@Juliano_DJOL,"I dont think he mentioned it, but he was about to catch a flight right after this...",2024-12-16T04:36:56Z,7,0,en
Ugz1V4gryFw54OKUppp4AaABAg,@biscuit715,"Still rocking a vega 56 that refuses to die but honestly I would be really considering this card otherwise. Impressed with the price and performance, all the vendors seem to have reasonable size and reasonable wattage, and at least the intel model looks slick and easy enough to maintain. If it weren't for my hesitancy around driver maturity and who tf the vendors are I'd be recommending the b580 to everyone on value.",2024-12-16T04:18:55Z,0,0,en
UgzFXs9bT5XYTOSvYnp4AaABAg,@travis8106,"Is it me or is Steve absolutely GLOWING

The mane is absolutely stunning",2024-12-16T03:15:26Z,0,0,en
UgzGN1DThHv3QBL4CQ54AaABAg,@travis8106,"He seems antsy, wonder if he has a plane to catch",2024-12-16T03:12:37Z,0,0,en
UgyuOW4JIbqbh_CdNdx4AaABAg,@tqlla,Was Steve eating Lays potato chips before making the video?  LOL.,2024-12-16T02:45:24Z,0,0,en
Ugxd4op4YUmkXof-LGV4AaABAg,@freefall2003,I wonder why even Intel keeps trying. Almost any benchmark of games show Intel arc at the bottom of the list..,2024-12-16T02:43:16Z,0,0,en
UgyhcdYGO1YebpntjqV4AaABAg,@matthewschneider4758,"Can you try adding Upsiren PCM-1 (equivalent to Honeywell PTM7950) and Upsiren U6/Pro Thermal Putty to replace the Thermal Pads on the remaining components?

Would be curious to see how much Thermal Headroom is available for Overlocking, and how FPS/Performance scales with the Overclock.

Already hearing some users getting stable 20% improvements from relatively gentle/safe overclocks without replacing the Thermal Pads/Grease. Just want to see how much we can push this card without resorting to Liquid Nitrogen, that an ""Average/Advanced"" user could feasibly accomplish on the Cheap.",2024-12-16T01:55:50Z,2,0,en
Ugyzo6plLAZyKzEzgrJ4AaABAg,@devinshroff3662,1000th comment?,2024-12-15T23:11:26Z,0,0,en
UgyrMQ8gU4twSvLM9hh4AaABAg,@daedalus6433,"Interestingly, the reference version hasn't sold out yet on Inet here in Sweden. And the board partner models aren't selling as much.",2024-12-15T22:21:36Z,0,0,en
Ugwm4cXGSFbkmmLWlhJ4AaABAg,@markusstadler2414,Gimme a reason why i should change my Sapphire Pulse RX 7600 OC against a Intel Arc B580.,2024-12-15T20:37:42Z,0,1,en
UgxkJdAr8hKUYHnTE4F4AaABAg,@WizardsAnonymous,4:27 This perfectly cast spell causes milk to project through nostrils.,2024-12-15T20:19:00Z,0,0,en
UgxItLyzNVddxudxVOp4AaABAg,@Folsomdsf2,that die looks comically small when it's slapped on that huge package rofl. Looks like they might be using a universal package for all of the releases for economy of scale.,2024-12-15T19:10:02Z,0,0,en
UgzHtpKc_auz_jdwT_x4AaABAg,@BackToTheGame.98,But did you make it to the flight on time?,2024-12-15T17:56:18Z,0,0,en
UgwYoluZKI8ffHx_6Zx4AaABAg,@scruffy7443,Do a comparison with the Asrock B580 teardown!,2024-12-15T17:19:18Z,0,0,en
UgwUKpN_btZ8momeVQ94AaABAg,@shakirghazali2890,Can this guy just enjoy video games instead just tearing down graphics card,2024-12-15T17:01:38Z,0,0,en
Ugxczicjr_ZZYW9cJQN4AaABAg,@velho6298,I would imagine the discoloring would be some sort of epoxy holding the cap over the die ?,2024-12-15T16:47:06Z,0,0,en
Ugw-hsn54hNfcnzpW6h4AaABAg,@BennyCouto-rk2jo,that's a big die 272 mm² compared to 4060/4060ti 188 mm² 7600xt 204 mm² Nvidia making a killing,2024-12-15T16:25:09Z,0,0,en
UgxXwKEJF73uy3vjyCx4AaABAg,@Kmcornell23,The card doesn't look too bad but that thermal paste is garbage. It's already breaking off in chunks...,2024-12-15T16:08:24Z,0,0,en
UgzC5Z5iJYY7b56qFX94AaABAg,@dustinharvey7394,To be fair most people just install the cards and wipe them clean and never touch them again so finger prints not an issue,2024-12-15T15:38:34Z,1,0,en
UgyxIotTVFafCto2Hkx4AaABAg,@Testbug000,"How much time would you have saved not telling everyone you have to go to the airport so often

😂

Not actually a problem for me, just funny!",2024-12-15T15:21:32Z,0,0,en
UgyPNd73JvAKiudN6n94AaABAg,@PaulReed,I was worried Intel would try and pull back after their CPU business took a hit but this looks like a great thing from a consumer point of view. Competing with the 4060 won't bother Nvidia (sadly) who can drop the price if they felt the need but AMD will need to do better. Ultimately I hope it pushes AMD and in turn they push Intel back so even if Nvidia are way out ahead it will make competition for lower-mid cards better. The end goal would be having three competing brands at all levels for price competition but I don't see that happening for another 4 years or so.,2024-12-15T14:55:49Z,0,0,en
Ugy-pbRMg4M-uE8Twgp4AaABAg,@justaoldguy4367,"Couldn't fine a different way to ask you a question.   What do you think of China cutting off the supply of Geranium and Gallium, 2 very important minerals for electronics?",2024-12-15T14:43:19Z,0,0,en
UgxzBUOQv26PAOPUnGN4AaABAg,@ForPeaceEsports,This is guys last hope ro save intel buy as many as you can consider your purchase as charity donation,2024-12-15T14:39:04Z,1,0,en
UgwKYSOypzOV3rJOqIt4AaABAg,@nenume00,"pls adress the lenovo laptops issue, they deleted forum posts because they ignore updating the intel microcode cpu issue",2024-12-15T13:59:51Z,0,0,en
UgxxGXrWeDvWX9A2T6R4AaABAg,@gemstone7818,"torx screws are nice to see, that already puts them ahead of the competition",2024-12-15T13:51:44Z,0,0,en
Ugw_eeGCmfNNvSEj2lh4AaABAg,@acrodrigues1,I'm watching the video quick fast in a hurry so Steve can go meet  DerBauer yesterday!,2024-12-15T13:22:43Z,0,0,en
UgxaBFpr7k-K7UqR5094AaABAg,@nelchan2421,hello young zeus,2024-12-15T13:22:01Z,0,0,Other
UgyIDue3zhyZn7qdmGt4AaABAg,@BeefIngot,I really like how utilitous this card looks,2024-12-15T13:15:50Z,0,0,en
Ugw6PX6V5-YuwcW0E2J4AaABAg,@alka1ine,"Maybe I missed it because he has to catch a flight and talking fast (and i had it on 1.25x), but did he not even comment on how it's nice there's exposed die and no heatspreaders? I miss that on gpus and cpus tbh. All the noobs must have been breaking them and ruined it for the rest of us.",2024-12-15T12:49:48Z,0,0,en
UgyUvZpJACuZVzdLxjF4AaABAg,@brucethen,"""If I'm talking fast it's because ""....
Steve always talks fast lol",2024-12-15T12:35:24Z,0,0,en
Ugyn8kBs8eDKo7wHErN4AaABAg,@omergunes7284,You can do this in plane to save time   multi tasking.,2024-12-15T12:12:38Z,0,0,en
UgzxUp-wQouHcyxzQEZ4AaABAg,@LOT9T,Thx Steve! Don't push them i believe he has a flight in 2 hours to see Roman! I will say confidently the Arc Card has 5x more thermal paste on the core than my 4080 super from ASUS had!,2024-12-15T11:30:37Z,0,0,en
Ugx-xmPnaZkCiXVRvaN4AaABAg,@PadPoet,The small sized PCB will make these cards ideal for mini ITX PCs coupled with a custom small sized  heatsink.,2024-12-15T11:30:06Z,0,0,en
UgwMdvHz6_G5eCHUxC54AaABAg,@HermSezPlayToWin,Thanks Steve!,2024-12-15T10:40:58Z,0,0,en
UgzErEvBl-HKbbT5fY54AaABAg,@TheYear2525,The PCB is so cute.,2024-12-15T10:20:02Z,1,0,en
UgzlHiciLEm7exAqRHZ4AaABAg,@Real_MisterSir,"I'm sorry for watching this a day later, and thus causing you to miss your flight that by now would have left a day ago. Hope you will meet Roman next time",2024-12-15T10:08:15Z,0,0,en
UgyWY00I2Mf-NRdyKBd4AaABAg,@sketchi7306,Seems the easiest card ever to just take off the shroud and out 2 noctuas fans that are collecting dust in the drawer,2024-12-15T09:50:48Z,0,0,en
Ugw4T8NqD5KWDbwq7JV4AaABAg,@kylequest,Intel really stepped up it's game with the B580. GJ Intel!!!,2024-12-15T09:48:14Z,1,0,en
UgylwRIXv9kyUhuJK5F4AaABAg,@Noob_69_YT,Nyc,2024-12-15T09:46:56Z,0,0,Other
Ugy5IqCy3P_xi_Q6C7V4AaABAg,@VideoReal-m3p,Heat Dissipation causes It.,2024-12-15T08:57:53Z,0,0,en
UgzeRsfan9VauWyt8qx4AaABAg,@MartynDerg,"I'm distraught that they took the time and money to make a CNC'd (probably?) and coated base plate with cable channels and all that... but instead of investing in just a simple 1 or 2 stage press for aluminium or heck even steel sheet for the backplate, they went down the route of injection moulding a plastic backplate.
but on the other hand, I am quite glad that's basically my only complaint. Very very grateful for the fact that they listened last time.",2024-12-15T08:28:02Z,0,0,en
Ugx7DCDyDx8Nd-eMan94AaABAg,@bennyybingbong,GN and Der8aeur!! Yahooooo!!,2024-12-15T07:50:18Z,0,0,Other
Ugy85M9l1yZj_fRvie14AaABAg,@boy-who-likes-bats,"i will say, i think the a750/70 was still the best looking card in forever, possibly of all time. this one's still nice, just not as sleek.",2024-12-15T07:38:42Z,0,0,en
UgzcVHg4pw-UG7QET6p4AaABAg,@micThurrr,That appears to be uv cured resin surrounding the die.,2024-12-15T07:08:33Z,0,0,en
UgwrBRFuoWSKFv0oBYN4AaABAg,@ronwood5729,"the takeaway i got from this teardown was that you need to leave for a flight in a couple hours. 
thanks Steve!",2024-12-15T06:02:31Z,1,0,en
Ugw1lgPSapYC7Z4viCp4AaABAg,@alrecks619,"p.s. i love how yall really went into sponsoring Thermaltake after you criticize their marketing decisions in the past, it's like they actually listened, unlike *cough cough* NZXT *cough cough*",2024-12-15T05:43:52Z,0,0,en
UgwtbArZok521yAnNg94AaABAg,@tomdoe5698,Misongony is asking to see differences in shade when the film is in black and white,2024-12-15T03:51:40Z,0,0,en
UgynNTiHwbjLBZ4PXz54AaABAg,@ChillBuilds,Unclear if the card attracts a lot of grease or Steve emits a lot of grease.,2024-12-15T03:50:48Z,0,0,en
Ugw0egrDnIY2C4AsN0V4AaABAg,@oyunsecimi,"bu kart rtx 4060 ekran kartından dahamı güçlü, Türkiye İstanbul'dan sevgiler",2024-12-15T03:32:26Z,0,1,Other
Ugy77DzAgGvxm5kq4Nt4AaABAg,@rubenmartin7759,How many elephants?,2024-12-15T02:59:14Z,0,0,en
UgzpSwbNgIZ9r6xDwNp4AaABAg,@DigitalJedi,I love that the chip is so rectangular. It looks like a Raptor Lake CPU strapped to a GPU board at first glance.,2024-12-15T02:43:55Z,0,0,en
UgwpGzM_6nVdPWYh58l4AaABAg,@akuma2097,I’ve got myself one of these ordered and should arrive in a couple days 📣✊💪🥳👍. I was soooo tempted with Intels Arc A series but I thought I’d wait to see how well the architecture and software evolves. It appears skipping the first generation Arc and waiting for architectural improvements and great software updates has given Intel a great and budget gpu with decent 1080p and 1440p performance with 12GB vram which is great to see🙂‍↕📣✊,2024-12-15T02:23:30Z,1,0,en
UgwXaoMy34xFzzy5orV4AaABAg,@HeadbutsAndUppercuts,the B-Greasy580,2024-12-15T02:18:38Z,1,0,en
UgwJzVlpSvjoYH8monV4AaABAg,@DurzoBlunts,"Steve's gonna be tech wizard when he goes full white/grey, need a staff",2024-12-15T02:01:10Z,0,0,en
Ugxi5YVIXQ9KRaxnqY94AaABAg,@GRudeger,Lowest price I can find these for is $399USD. Why does every video say they retail for $250?,2024-12-15T01:36:55Z,0,0,en
UgxCAlWGv1roLqNLyY14AaABAg,@Carrillo91,Do more tear aparts!,2024-12-15T01:10:56Z,0,0,en
Ugyc8grA4PcJEr_EBzB4AaABAg,@chrisbird4913,Please re upload with slower render time,2024-12-15T01:10:16Z,0,0,en
Ugx3yLwT9iWXuDRgt_l4AaABAg,@RCmadness888,"Love this , will be a good kick in the old nutts for AMD and NVIDIA, hell, they deserve it more than anyone, greedy bastards.
Finally an intel product i would buy....but lets see when this hits the shelfs, what would become of the REAL price....since monopol plays a role on this market. 
But a good competition was looong overdue.",2024-12-15T00:40:38Z,0,0,en
UgyU1bqjOpVQn-o0oWN4AaABAg,@IopuaauahiPapale,"one time i brought a cutco ka-bar and a gerber lmf 2 on a flight outa s.ko=.  all they could really do is take a note and let me put it back in the bag,.",2024-12-14T23:56:54Z,0,0,en
Ugy0BFN9v0wFMZZ5c2R4AaABAg,@TwillDayZ,"steve creating memes one day at a time
😎",2024-12-14T23:55:26Z,0,0,en
UgxAgF-1fdAehnYL9gx4AaABAg,@IAmSpookychu,"Currently only 3 minutes into this video, and im getting a sneaking suspicion that Steve needs to be on a flight in a few hours. Wonder if him talking fast has some correlation to this",2024-12-14T23:39:03Z,1,0,en
Ugw8hpMCSb7XxggX2sJ4AaABAg,@ubozkurt,Graphics card manufacturers are really stupid. They put the power input at the top and in the middle. They don't put the 15-20cm power cable coming from the bottom.,2024-12-14T23:32:48Z,0,0,en
UgzqE4y9Cyn_5TgTOXl4AaABAg,@localcelebrity5204,Should have mentioned that you guys had to catch a flight in a couple of hours.,2024-12-14T23:30:00Z,0,0,en
Ugx_PHTYJK1vp1sMqg54AaABAg,@Kanesky1,"Im looking to upgrade my rx 570 4gb and im looking at the 6650xt, would the b580 be a better choice?",2024-12-14T23:03:33Z,0,0,en
UgyxGzhKjxSdNVlT6zR4AaABAg,@Seacle14,"The bequiet! knife should have ""or else"" on the other side.",2024-12-14T22:35:46Z,0,0,en
UgzymZBF8lyltu14E_14AaABAg,@chibiribiri,"I thought soft touch is dead.

I mean really Intel. AMD and NV reference cards are such high quality materials and u come with plastics and soft touch <.<",2024-12-14T21:59:46Z,0,0,en
UgwKB3nZEXfpho58pHZ4AaABAg,@Pecone,Steve seems to be in a hurry...almost like he has to catch a flight or something.,2024-12-14T21:32:29Z,0,0,en
Ugxm55PrzDw1DKiNvWd4AaABAg,@PuR3OwNaGe45,"I’m not sure why, but no one made any comments about Steve’s flight.

I’m sure the flight attendant will be waiting to tell you “Thanks Steve” for making your flight. 😎",2024-12-14T21:24:03Z,0,0,en
UgzNopWHtG96Hm629JJ4AaABAg,@ipoopmuffins,"intels made some impressive leaps in one generation. not only from a gpu performance standpoint, but also from a build quality standpoint lol",2024-12-14T21:23:35Z,0,0,en
UgyXxFjQqLRX9QSrkD94AaABAg,@brianburke808,Richard Ayode went to the gym to get rid of that Mossfat.,2024-12-14T21:14:51Z,0,0,en
Ugylo6A3NAUz5WBzRqp4AaABAg,@Laciaty69,FINALLY SOMEONE!,2024-12-14T20:45:54Z,0,0,Other
UgxD0Emw5ir0pH6QVdN4AaABAg,@clippyremembers,This might be intel's last hope at redemption,2024-12-14T20:19:35Z,0,0,en
Ugy5bfmawsegdD_Pf2V4AaABAg,@claucmgpcstuf5103,yea fire carek 23 fps in 2k . fin end etc,2024-12-14T19:50:51Z,1,0,en
UgwxWjoVzmnDDB_slI14AaABAg,@mgspw13,"Hey Steve, how was the flight",2024-12-14T19:49:02Z,0,0,en
Ugxj-A4oNF_Vqp2PJCR4AaABAg,@robertlathrop2175,That shroud is going to be sticky in any humid area.,2024-12-14T19:36:36Z,0,0,en
UgxnVg4_3wrAwvIzmch4AaABAg,@wherearemytesticles,"That soft touch surface looks nasty. Probably gonna turn into goo in a few years, hate that stuff.",2024-12-14T19:22:57Z,0,0,en
Ugyx1mDyL7u3OPj981N4AaABAg,@heyarno,I'm surprised what Intel can do when they do something without the mindset of already being the best.,2024-12-14T19:19:54Z,0,0,en
Ugz661n9uOr2FjXvJLV4AaABAg,@icemanleo,"I think Gelsinger leadership will be a looked as a positive in 10 years.
The fact the missed the boat on so many things before him is just regarded.

I trust to a fault intel cpus when ordering laptops at the company.

My wife’s laptop for work has an AMD and it always runs hot…. Not that intel doesn’t but I would expect much from AMD.

I’m averaging down on INTC stock",2024-12-14T19:07:47Z,0,0,en
UgxH72IMyq1wDUzJo2Z4AaABAg,@Mira-bt3zx,"We knew this card’s design was clean from the outside, but I am a bit surprised at how internally clean it is too. I’m no expert by any means, but everything seemed to be assembled exactly how I’d expect. No extra screws in odd places, no back tethered cables, no tape or glue. Whoever designed this should be proud of how unintrusive its assembly design is.",2024-12-14T18:49:11Z,0,0,en
UgzBtBs278j3oyABJc14AaABAg,@Met1900,"AMD bought ATI to make gpus. Nvidia does gpus for 20 years or so. Intel comes around in second gen and already can compete with the other two. Whoever was engineering this, great respect what they achieved in such a short time. Keep going pls. I want to see a B770 next.",2024-12-14T18:34:54Z,0,0,en
Ugxl4x5EQs-M_5vLPIB4AaABAg,@r8dj,surface area trumps all in HTFF,2024-12-14T18:33:27Z,0,0,Other
UgzYyWCTCjacFuuUPKV4AaABAg,@OweEyeSea,I liked the quick glance at the non-existent watch when talking about catching a plane.,2024-12-14T18:09:49Z,0,0,en
UgypV6uoBZdVhiOEPXd4AaABAg,@pawelk1020,Finally some positivity about my company.  Now I can come back to work with some morale boost. 😀,2024-12-14T17:50:27Z,0,0,en
Ugy1fkT2RN0ZFK_-bSx4AaABAg,@FacialVomitTurtleFights,"Love to see a true 2 slot card. I hate looking at 2 slot cards only to find out they are actually 2.1 or 2.2 slots. Some people actually do have a use for those other pcie slots :] 

The idle power draw bugs me tho, I have an ol gtx970 that draws less power at idle... a 10 year old card... yeessshhh",2024-12-14T17:50:15Z,0,0,en
Ugwpe1zqko2fd8jtRSl4AaABAg,@RaZoR13372K,"Absolutely gorgeous card, cant wait to someday switch to intel when they've catch'ed up on the high-end",2024-12-14T17:48:59Z,1,0,en
UgyVFeZV0NuWWUHeT6p4AaABAg,@UnwittingSweater,I hope Sparkle make a low profile version.,2024-12-14T17:44:41Z,0,0,en
UgxDBMnJroOIklBo67x4AaABAg,@danielt91,"Steve, you are talking way too fast even when you aren't chasing flights... 😅",2024-12-14T17:27:33Z,0,0,en
Ugxj_IlSQTF9ZUL-PAl4AaABAg,@ManoxCCG,This is just like the ending of before sunrise. Did he catch the plane and met Derbauer or they never saw each other again. I guess we'll never know. Or maybe we decide what we want to believe.,2024-12-14T17:27:02Z,0,0,en
Ugwtj9YrV9WWqGRyjD94AaABAg,@luclizzard2488,"""....as indicated by the name"" Thanks Steve :P",2024-12-14T17:25:26Z,0,0,en
UgzoS-GPFU_1-NYhgwV4AaABAg,@JohnSmith-xi9nd,"Plastic shroud and back plates are cost cutting and one way they were able to keep it a sub $300 card. If the card preforms OK thermally I'm good with it personally. I get that plastic is an insulator, but for the couple of degrees Celsius increase it contributes on the temp charts I have seen it's not going to impact the overall performance really.",2024-12-14T17:01:03Z,0,0,en
UgwEjICpABTX7AmQjnd4AaABAg,@xdibsonx,"man he's going so fast, is he going on a flight in a couple of hours or something?",2024-12-14T16:54:35Z,0,0,en
UgxLq793_xvdfa-d7jJ4AaABAg,@scottjungle5840,"Steve the brown around the die is like yellow snow, don't eat it!",2024-12-14T16:40:24Z,0,0,en
UgzqdRZEAof5p9YvnPB4AaABAg,@saadahmad3232,i swear if he had missed his flight,2024-12-14T16:23:29Z,0,0,en
UgwxDzQoF4VWH448x-h4AaABAg,@robertootrebor9684,imo it looks pretty good without the plastic backplate,2024-12-14T16:11:07Z,0,0,en
UgzUgdhl0RUmzprPQhx4AaABAg,@EkkoEEA,Guys I think Steve might need to get on a plane in a few hours.,2024-12-14T16:09:28Z,0,0,en
Ugxw_GyMSUA03jS-vUt4AaABAg,@SakhirF80,I remember you mentioning you had to catch a flight in a few hours...did you make it?,2024-12-14T15:56:28Z,0,0,en
UgzZBpWfncJB8BOgzU94AaABAg,@SirTubington,Man your fingers look like you tackled a bucket of KFC before the teardown.....,2024-12-14T15:54:55Z,0,0,en
UgzVifMjvCYuGaAwe7h4AaABAg,@undeath6010,that idea with pin to pad fans. i had that on an old gtx 650 or what that was. had 2 different fans to choose. one for silent one for max air flow.  fan didnt require any tools to change. just a sligt twist and pull. was nice for cleaning,2024-12-14T15:53:53Z,0,0,en
Ugz1NGPHYdEeWqyj9Ih4AaABAg,@arcadefrog9914,So.. about those 13th and 14th generation cpus..,2024-12-14T15:47:27Z,0,0,en
UgxKZbfJj6agU3-UD2h4AaABAg,@andrewsolis2988,Their main problem has been drivers. That still seems to be an issue. Have you seen the frame time graphs on some of these Battlemage GPUs?? I dont even think you can play Indiana Jones,2024-12-14T15:37:34Z,0,0,en
UgwnxmdfSB-b09b4mrh4AaABAg,@DaveTheeMan-wj2nk,"Why don't thy make liquid copper, but make liquid metal?",2024-12-14T15:32:24Z,0,0,en
UgxPMAAe0FkgqZi_i4Z4AaABAg,@EShirako,"Wow, there was a LOT less cussing and grumbling involved in taking this card apart...huge improvement!",2024-12-14T15:29:11Z,1,0,en
Ugx2evn-DvsMS46Ns-14AaABAg,@azrael7922,"OH!, I see now. Steve is John Ramero without glasses! Just like Superman and Clark; you could never tell the difference  because of the damn glasses!",2024-12-14T15:28:11Z,0,0,en
UgydFDEX5bjjrvXvEWV4AaABAg,@scudsturm1,"well its not a 4090 with 450W to 600W, but we can see here, even with a short PCB u can get away with using standard 8pins; so why the F do you use that 12VHPWR stuff NVIDIA?",2024-12-14T15:25:55Z,0,0,en
UgxwG9L6SydsHOdRaaR4AaABAg,@lars1135,I don’t care about your flight.,2024-12-14T15:24:17Z,0,0,en
UgyHIHMIxakgK9W4QTZ4AaABAg,@zsanterre,Thanks Steve,2024-12-14T15:18:07Z,0,0,en
UgwDY8-taafPwpQH_X14AaABAg,@MakeAWoosh,"I was cleaning my heatsinks the other day and wondered if replacing pads and paste should be part of maintenance every x months/years or if it ran above y degrees. also asked myself how much quality varies between gpu manufactorers, like cheap model = cheap paste that dries out quickly and ""bad"" pad? does getting the better value even matter with how heattransfer works?

enjoy Germany. do a supermarket christmas sweets haul!",2024-12-14T15:12:52Z,0,0,en
Ugyb_kZU6ensfHBa8gd4AaABAg,@theevilmuppet,"An error - the correct units for the die size are square millimetres - not this ""millimetres squared"" idiocy: https://en.wikipedia.org/wiki/Square_(unit)",2024-12-14T15:12:49Z,0,0,en
UgzB6W1EGWazr70zHAZ4AaABAg,@bradmorris5797,"Honestly, I don't care one iota about grease prints on my black, budget GPU.  Steve might have to care, but I don't.",2024-12-14T15:12:27Z,0,0,en
UgxJ0RMGl41_9j1mBsN4AaABAg,@withmygoodeyeclosed,"This is great to see, I practically screamed throughout the last gen teardown lol.",2024-12-14T15:04:16Z,0,0,en
UgwHSrGADuUkAKpVn5J4AaABAg,@Onkar-i4s,4:19 cat spotted. It is calling Steve but he is ignoring as always 😅 edit: 16:10 again we can see clearly here,2024-12-14T15:02:58Z,0,0,en
Ugw4paWriesOI3R11NF4AaABAg,@whydoihavetodothisannoying,I remember Sapphire selling their first batch of 390X without a backplate when these first became popular and people loosing their shit. Then they updated them to have a backplate after assuring people it wasn't actually necessary (it wasn't). And idiots kept returning their perfectly fine cards to get a new one with a backplate. I'm not gonna be mad at Intel for a plastic back.,2024-12-14T15:00:03Z,0,0,en
UgwH7US1wmT0nuAuEE54AaABAg,@JohnWilliams-gy5yc,NDA breach question ❓ What press invitation are they attending to? Feel free to use initials.,2024-12-14T14:54:36Z,0,0,en
UgyblB-tzTChnKqifqF4AaABAg,@МихаилМихайлов-ш6н,Если B 770 16gb будет на уровне 4070-4070ti  и дешевле на 100$ то это будет монстр за сво прайс !!🤘🙂‍↔️,2024-12-14T14:52:28Z,0,0,Other
Ugzh87X8W9ij7iOIXD94AaABAg,@deepstaria3837,awesome teardown,2024-12-14T14:49:38Z,0,0,en
Ugy9Exo09ttsXubAy4B4AaABAg,@RNG_Anarchist,The last one really had proto type vibes lol,2024-12-14T14:47:00Z,0,0,en
UgyLKJfvvLM_0EEBnLZ4AaABAg,@Danielzabojca,B580 used bash - It was super Schrödinger on Steve's finger!,2024-12-14T14:35:34Z,0,0,en
UgykN45q7ZChe36x78l4AaABAg,@vasek36,IDoes it have deep link? Cos i bought their cpu for this.,2024-12-14T14:33:59Z,0,0,en
UgyHYgCYTE37QJgPWlV4AaABAg,@MakeAWoosh,"lol I had that with a swiss army knife that fell into my luggage while stress packing
gladly it was within EU and the blade was ""short enough"" I could actually keep it as carry-on
go figure",2024-12-14T14:24:32Z,0,0,en
Ugwu7TYKblUGk_1oJ194AaABAg,@aceformat,"Thank You, Steve and Team!",2024-12-14T14:24:31Z,0,0,en
UgwTyc_UzIiW8rJLFed4AaABAg,@OldManJace,"Steve can do Excellent 'Comprehensive' Reviews!
BUT,  GOOD GOD😆 I wouldn't Let Him, Near ""MY"" PC with a Screwdriver!
USE a Shorter ONE!😉",2024-12-14T14:19:30Z,0,0,en
UgzcSm2CeVQv7w95_et4AaABAg,@patrickprafke4894,Those Honeywell TPM7950 pads dropped my wifes RX590 temps by 10c.  I wonder what it would do with the B580.,2024-12-14T14:14:02Z,0,0,en
UgwCWtm7yK7OGRgvOM14AaABAg,@mesmariam9131,"Be quiet ! Knife is wild 😅 explaining that to a non tech TSA boomer would be a nightmare haha 

Next time take an intel knife, they don’t take degrading metals as serious 😂

@GamersNexus",2024-12-14T14:06:15Z,1,0,en
UgxpF0w1bMsbGczmh2l4AaABAg,@churblefurbles,"""I'm in a rush"" dawdles and refuses to use a powered screw driver lol",2024-12-14T14:05:47Z,0,0,en
UgwFZyslkByLLlGa6hZ4AaABAg,@XashA12Musk,"i skipped sponsor segment and played video on 2x, so that steve can get to the chopper in time 😂😂",2024-12-14T13:57:19Z,0,0,en
Ugw6VJRmp88I3NY61YB4AaABAg,@FilippoMosconi,I love this tiny PCB. Hoping for mini itx variants.,2024-12-14T13:47:42Z,0,0,en
UgwdPnuyh2SlistkW-J4AaABAg,@elztim5461,Intel Fixed Its Problems. So what they fixed at the end?? oO Power consumption on idle??,2024-12-14T13:42:41Z,0,0,en
UgwdvBHiqhMf2bM6kaJ4AaABAg,@Gamerszo,"Because steve needed to catch a plane, I used playspeed x2 because I`m considerate.  You are welcome.",2024-12-14T13:39:55Z,0,0,en
UgxunqQNUThOq1D49zR4AaABAg,@grtitanncorner,"Soo, what's exactly what you are going to do in a couple of hours?😂",2024-12-14T13:36:25Z,0,0,en
Ugx4k5RFRgbmHiB1eyl4AaABAg,@HisNameIsRobertPaulson01,I love my Snowflake card!!,2024-12-14T13:36:25Z,0,0,en
UgwS7fgRlCcnA_-2Bod4AaABAg,@dillon4813,"Why you advertise this known shitty case? The back of your mobo(usb, ethernet, hmdi, display port) is not accessible. How is that even practical. Everyone who owns this case hates it. You pretend to be ethical, but take ads for all these shitty cases.",2024-12-14T13:31:49Z,0,0,en
UgwCIycAh3A_lQBQWFx4AaABAg,@depth386,So I wasn’t sure I understood the part about the fans feeding into a single 8 pin cable. Are they normal 4 pin fan connector downstream for replacement or something proprietary?,2024-12-14T13:24:10Z,0,0,en
Ugxct66OBqSvUyREvlR4AaABAg,@GroetenUitNederland,"Hope GN team and more importantly Steve, are considering, letting other GN team members host sometimes. Especially when the schedule is so full. The times other teamers were on camera I liked it. This would keep Steve from burning out, stay connect to (off camera) testing AND have a social life",2024-12-14T13:21:24Z,0,0,en
UgxRjWlJRg9vPG9L1vR4AaABAg,@codemonkeyalpha9057,"This will probably sell OK, at least it would if Intel would commit to the future of Arc publicly. I can't imagine anyone buying this knowing it has driver issues, and  having the spectre of intel just stopping development on them at any time. I can see Intel blaming Arc for its failure, but the reality is their lack of clarity on the future is what will kill it. Intel is just a hot mess from a direction point of view. They need to stop flip flopping on everything.",2024-12-14T13:15:36Z,0,0,en
UgzqkkQ1bpnQWK6ZJjd4AaABAg,@makingstatements812,"This has nothing to do with the video. Im just crowd sourcing solutions 

I have 2 pcs and i just bought a 7900 xt. I dont know which one to put it in. The first pc is a 7600x 32gb ddr5, the other 5950x 16gb dd4 3600. The 7600x is connected to 1440p 240hz screen, the 5950x is connected to a 4k 120hz screen. I currently have a 6700xt with the 5950x, and 1060 6gb with the 7600x.

I was going to put the 7900 xt with the 5950x because it can do 4k pretty decent, and i can replace the 1060 with the 6700 xt because its more of a 1440p card, and the 7600x rig is connected to a 240hz monitor.

However

I feel like the 7900 xt should go with the 7600x on the 4k screen, and the 5950x and 6700xt with the 1440p 240hz screen.

Any thoughts?",2024-12-14T13:12:38Z,0,0,en
Ugwwabvo8bM5WQOAuZh4AaABAg,@johnkost2514,"I wonder if the memory parts could be swapped for the next higher density and make a 24G VRAM card. Modders, start your engines ..",2024-12-14T13:08:47Z,0,0,en
UgxMtoaLmHOVuv6Mlrx4AaABAg,@Dr80SK,I skipped sponsor ad to give you some spare time,2024-12-14T13:08:13Z,0,0,Other
UgxTNBzkuCP18yVuZoV4AaABAg,@Fulano5321,Good to see the improvements! Now I just need to find out how it does with DX 9 games.,2024-12-14T13:05:30Z,0,0,en
Ugzo2HLvX5G1_n4JNa54AaABAg,@Chris-yc3mm,"If he is talking really, really fast its because i am watching the video at 1.75 speed :)",2024-12-14T12:50:25Z,0,0,en
UgwHtV8nXW0qZnX9u1x4AaABAg,@eivisch,We on time limit to film this video so lets spend time repeating it in video,2024-12-14T11:51:52Z,0,0,en
UgxAczNUXNRQ-aNsHDR4AaABAg,@w1se_w0lf,Even if I wanted to buy it I couldn't because the abmysmal availability in my country. Just 2 models of Asrock already out of stock in one shop.,2024-12-14T11:50:52Z,0,0,en
UgylA6Az9kcywTaq3mt4AaABAg,@JoshEagleSte,"Main problem with Battlemage is... They are not available in Europe...
Zero",2024-12-14T11:47:52Z,0,0,en
UgyIzulXLk5pm6fbAE14AaABAg,@SuitedFG,"Imagine tearing a new one down after doing it in the past and seeing a heat shield or something with the words “We knew you would do this, Steve.” written on it.",2024-12-14T11:45:29Z,0,0,en
Ugy-3Cr5j53e_G-fgVF4AaABAg,@Sqwazzock,Intel just need to make bigger ones now. i'm a $500 gpu guy.,2024-12-14T11:43:08Z,0,0,en
UgyikNZHtZpQ4dGtpA54AaABAg,@SUB0PT1MAL,is it me or this is a HUGE chunk of silicon for the performance it gets?,2024-12-14T11:37:40Z,0,0,en
UgyyE35S7FJt1-Jidd94AaABAg,@chrisdejonge611,Idle usage of this thing is 30-40W. Unacceptable.,2024-12-14T11:29:32Z,0,0,en
Ugz_UiwM-tCbkRMiA794AaABAg,@DorCoMaNdO,"I know it's kind of a moot point given that the card's thermals are acceptable but it could be fun to see how the plastic backplate compares to no backplate and to ""custom"" metal backplate (just a flat sheet of metal with holes for the screws and thermal pads).

I actually do kind of like the idea of a plastic back plate over none (even if it sacrifices a degree or two) because it can serve as protection to the card, for people who don't handle hardware often handling bare PCBs can be nerve-racking, I've also been in a situation where I've had to jam a screwdriver to get the PCIe retention clip open under a large CPU cooler and that is also nerve-racking with bare PCBs because a single slip can tear some component off.",2024-12-14T11:28:37Z,0,0,en
UgwbWxnluc4xi1giniF4AaABAg,@ahmcet,"Drink whenever Steve says flight. Thanks Steve, I am drunk.",2024-12-14T11:24:49Z,0,0,en
UgwHmFHqAcvOdS4txEZ4AaABAg,@Takovacs,Misaing the flight by the amount of time mentioning the flight would have been... poetic.,2024-12-14T11:22:13Z,0,0,en
UgybKaWyg3JvBqzQuAN4AaABAg,@TOEFL63,"cNice, a collab with Der bauer! Looking forward to that!",2024-12-14T11:07:01Z,0,0,en
Ugx-WMGWeWFBZ5yf3t14AaABAg,@Sharpester,"Complaining about a plastic backplate because it raises the temp 2 degrees on an already cool running GPU is like being mad that a Honda Civic used a 4-cylinder for motivation instead of a better performing quad turbo V12. Point being everything can always be better, but you have to weigh the costs. The design of this card is only to be the best at a certain price point. Anything that raises the cost without moderately, not marginally, improving performance goes aginst this goal. Try not to get lost in the weeds.",2024-12-14T11:03:24Z,0,1,en
UgwRJHy6u8HXGwKn4IZ4AaABAg,@jakejoyride,Intel new great products are b580 and lunar lake,2024-12-14T10:42:28Z,0,0,en
UgxE6jRWuoHJsMctVQh4AaABAg,@TheFinalRevelation1,"Guess we'll have to go to ""actually hardware overclocking"" to see the underside and more details. You took so much time discussing the cooling system and forgot to discuss the bottom side.",2024-12-14T10:41:40Z,0,0,en
UgyjX4ZFBpoDk7DzeXV4AaABAg,@KaozTv,Bro really excited to meet debauer!,2024-12-14T10:39:35Z,0,0,en
UgyU6Dmy7VurhFyfOZh4AaABAg,@Kraaketaer,"Wow, Steve was in such a rush here, almost as if he had to get on a flight in a couple of hours or something.",2024-12-14T10:38:43Z,0,0,en
UgzWg4hLmmfvISOGPcx4AaABAg,@KingSvenDeluxe,Black heat pipes and fins _surely_ make a difference for heat dissipation. Do we have any data on that?,2024-12-14T10:30:16Z,0,0,en
UgyWoNGojeI0QtRkr0J4AaABAg,@cflhardcorekid,Did they smoke that PCB?,2024-12-14T10:29:10Z,0,0,en
Ugy1gJVBV80-fsL0j414AaABAg,@tomppeli.,"Guys, I think they have a flight to catch 🤔",2024-12-14T10:27:55Z,0,0,en
UgzHlP1wyLggsn9C_gp4AaABAg,@slickrick1557,"There will be very many jokes by the time ARC celestial will hit 😂😂😂😂

Be back with the C580 😆",2024-12-14T10:19:08Z,0,0,en
Ugzysauh3m6nTgt2O9Z4AaABAg,@retiredcryptohunter9031,It appears that Intel is going all out with the new GPU's after all the issues with their CPU's .  That B580 is impressive and clean.,2024-12-14T10:05:32Z,0,0,en
Ugzh0rKv68jRbqbXrjl4AaABAg,@Element0Hg,GN x DerBauer collab incoming :O,2024-12-14T09:48:01Z,0,0,en
UgwSRAD0xt4sUYjd5dB4AaABAg,@BigEightiesNewWave,"B780, yes, PLEASE!",2024-12-14T09:45:24Z,0,0,Other
UgxB84mfaEF8uO1sAiN4AaABAg,@UnrealEN,waiting for intel to one day go against the xx90 cards,2024-12-14T09:40:59Z,0,0,en
UgyhFq2wNSA-3zqASDt4AaABAg,@danielturunen7237,Nice studio!,2024-12-14T09:40:27Z,0,0,Other
UgxKay2VFtEkQKz5Ebd4AaABAg,@panjak323,The card has better build quality than 4070 😂,2024-12-14T09:25:30Z,0,0,en
UgwmFINz5qMNm3SzPFN4AaABAg,@swealer,The video seems a bit rushed... almost feels like you had a flight to catch in a couple hours...,2024-12-14T09:22:17Z,5,0,en
Ugzcu9zQ3ug1pA7tgnF4AaABAg,@tripdeezy,"""....in a couple of hours.""

Mate you've already missed it. Just go home.",2024-12-14T09:19:36Z,0,0,en
UgzVkssN7p-W05uIL_94AaABAg,@tobiassommer2821,Why are you talking so fast? Do you need to get a flight in a couple of hours?,2024-12-14T09:02:31Z,0,0,en
UgykVv5X7Maw_k1SpBN4AaABAg,@tomd.2982,still never buying anything but nvidia..intel has horrible drivers,2024-12-14T08:58:28Z,0,0,en
UgyLHUEqXVI074VTfbd4AaABAg,@ryry_creeds,thank god you don't have a flight in a few hours so you won't have to rush,2024-12-14T08:56:51Z,1,0,en
Ugx-DYQ392YzSMUL5eN4AaABAg,@baririzqullah5782,Smiling tech jesus on the thumbnail,2024-12-14T08:50:23Z,0,0,en
UgyRVdh-Luze52UN91x4AaABAg,@danmar007,What do you call a MosFET with a weight problem? A MosFAT of course! 🤣 Good one.,2024-12-14T08:48:09Z,0,0,en
UgyfRkYGdJ6R4mOORa54AaABAg,@71janas,"Looking forward to the Roman visit vid👌
Bromance in the air😂",2024-12-14T08:43:11Z,0,0,en
Ugz8yN-4e_EHR-ajNpp4AaABAg,@BecauseYouHaveToHaveANickNow,I get trust issues each time I hear Intel fixed its problems.,2024-12-14T08:41:47Z,1,0,en
UgwN8uiLrQzx_BUKTaV4AaABAg,@estusflask982,That rubberized coating will eventually become sticky and disintegrate. Good Job Intel.,2024-12-14T08:41:04Z,0,0,en
UgznFD9JAeqs4ZgI90l4AaABAg,@MsPreciouslittleones,arc,2024-12-14T08:39:52Z,0,0,Other
Ugwmex9GXXB0rT08qvh4AaABAg,@axe_rocker,2:30 Just paint a new color on it then,2024-12-14T08:37:42Z,0,0,en
UgwjXYc7n2fjSh83q9l4AaABAg,@idiotwithasolderingiron,"Every time He talks about getting on a flight take a drink.
IT'S FRIDAY BABY!!!!!",2024-12-14T08:25:46Z,0,0,en
Ugzu8KPo6k285-yX-Ul4AaABAg,@LastofAvari,"I appreaciate your hands on approach, Steve.",2024-12-14T08:13:34Z,0,0,en
UgyslpJZPrTxQhDeHs94AaABAg,@ManmeetPatel-b4p,Nice to see video cards without ridiculous lights. LEDs are the worst things to come to PC building.,2024-12-14T08:11:08Z,2,0,en
Ugy3S0LBvSkoRFzA3h94AaABAg,@krakakapaul,"The die looks smaller than a 4060, come on intel now release a bigger chip. At least create a b7** series card.",2024-12-14T08:06:35Z,0,0,en
Ugz4CjO0x3gw7dLJ_cJ4AaABAg,@SeikonDS,"That gpu die doesn't look cheap, pretty sure they losse money on these, but then again they don't have a choice",2024-12-14T08:03:09Z,0,0,en
Ugwe9t08dwXyHtQjp3F4AaABAg,@dee1089,id like to see things reviewed according to its built purpose. like if they were going for an affordable but fairly powerful gc.... i do understand your cust base looks for perfection.. but i just feel its unfair critiquing a product on  perfection if it isnt being built for a aaa level pc that does show performance and noise level etc...,2024-12-14T08:00:11Z,0,0,en
UgzRbZt3J2oxy-f6ypB4AaABAg,@PREDATEURLT,Interesting that intel does not use their own newest power connector.,2024-12-14T07:50:14Z,0,0,en
Ugyp7cw0xjnc-zl5rs54AaABAg,@dustinhipskind7665,"After looking at the Assembly of that card, it appears to be extremely well laid out. Maintenance on this should be dead simple!",2024-12-14T07:35:26Z,0,0,en
UgzQHmKgXm4y0KqcdUp4AaABAg,@jacobwebb8818,"2:16 try a dab of WD-40 on this. I promise you it works!
I work at a vehicle electronics repair shop and a few manufacturers like Ford and Nissan choose materials similar if not identical to this (it looks REALLY good when not touched) and we use WD40 to remove those stains
Steve+Gamers nexus staff, I really hope you see this and try it!",2024-12-14T07:33:46Z,0,0,en
Ugw8L67nrKmUpekIfj14AaABAg,@F34rwaffles,I saw it Steve. Enjoy that blood blister,2024-12-14T07:31:59Z,0,0,en
Ugzwr10tMz_CvCqODc94AaABAg,@UnknownMan-xh3ju,"Hi, I wanted to know that my motherboard Msi a320m pro Max . pci gen 3 compatible with this GPU pls tell",2024-12-14T07:30:36Z,1,0,en
UgwRgtPbmf3TdobrOfh4AaABAg,@Brommes,the card runs around the same frames as my 1080ti ..,2024-12-14T07:12:38Z,0,0,en
Ugyvj07VirsIDjbFz_B4AaABAg,@ForestBertrand,"Take a shot everytime he says ""Gotta get on a flight in a couple hours.""",2024-12-14T07:06:41Z,0,0,en
UgxravTX_ShCuxGnNHx4AaABAg,@WhySolSirius,"I really hope they let Tom Peterson continue his work on these, and they don't cut the project short before it has a chance to mature.  It REALLY seems like Intel is trying to make a good product here, and isn't just cashing in on crap.",2024-12-14T07:05:31Z,0,0,en
UgytYw7ZgKBOyAYMaMl4AaABAg,@deenbrownel,"3:20 After mentioning it several times, I would like to know if you missed your flight or not Steve? :D",2024-12-14T07:01:12Z,0,0,en
UgxEJKtqhSY1kj8Qtax4AaABAg,@Chris_Smash,5:30 did you make THAT flight?!,2024-12-14T06:49:15Z,0,0,Other
UgypvqaNKF7PXMKhc-B4AaABAg,@Chris_Smash,3:00 DID YOU MAKE THE FLIGHT,2024-12-14T06:46:30Z,0,0,en
UgyLV3kinhTGP4zBBZ54AaABAg,@Chris_Smash,1:18 but did you make the flight,2024-12-14T06:44:06Z,3,0,en
UgzKC0XLwN2uXFfQs5J4AaABAg,@SuculantWarrior,That is such a bad screwdriver.,2024-12-14T06:43:54Z,0,0,en
UgyKpgftS9J0PIagCpN4AaABAg,@Huskywolfy5,this is a very intel looking die. Long and skinny. Maybe they're trying to tell us something.,2024-12-14T06:43:42Z,0,0,en
UgwkgOhodJUGNAKQUbd4AaABAg,@ChiBriE30,Dare I say this card looks elegantly designed? I hope they  make it and keep making cards. Competition for the consumer win.,2024-12-14T06:39:25Z,0,0,en
Ugx8_96aHfrgnIMa9Gp4AaABAg,@echeese63,"Wait, did you need to get on a plane in a couple of hours?",2024-12-14T06:38:06Z,0,0,en
UgyEbdrWwW8mmxfwx4F4AaABAg,@cdh76,Imagine how much quicker you could have been if you weren't banging on about catching a flight.,2024-12-14T06:30:01Z,0,0,en
UgxH8iF31LiRm052ezd4AaABAg,@EvoGeo,"That die is huge!  Silicon wafer size is set when a technology node (3nm for ex) is developed.  Which means fab time is set for the most part as well, because the machinery is spun up at the same time as the node.  Yield and fab width (parallel production lines) may improve over time, but die size is a major driver of cost.  This is not a cheap chip to manufacture.",2024-12-14T06:16:40Z,1,0,en
Ugyoe68ZC5hLMXiEsW54AaABAg,@dwm7002,I’m 3 minutes in and have a question. Does Steve have a flight in a couple hours?,2024-12-14T06:13:10Z,0,0,en
UgwyueFfP5BeA99OSXN4AaABAg,@thetheoryguy5544,I mean In all fairness most people just slap their card in their PC and don't touch it until its time to replace it or re paste it.,2024-12-14T06:08:26Z,0,0,en
UgwJBQyFxqVY4kox05J4AaABAg,@Bob-of-Zoid,"Well stop talking about getting on a plane then and get on with the video then!!!  TheFarmer is waiting!

I always wondered if he is a farmer, a farmers son, or just has a very common German name meaning farmer in English!?!?!?

Do you know how hard it is to find a person by name in a farming village in Germany, Bavaria specifically where they don't even know each other by name, but by location and landmarks or visual clues?  Ask for Mr Hans Schlapwurst, and experience someone ask if you mean ""the over the hill by the thin oak tree farmer"" where there ar nothing but oak trees, or ""the down by the fork in the river, and a half a mile toward the tall grain silo shoe maker"" on a day wit 14 mile visibility, or ""the behind the church, near the where the slow little girl always plays dress maker"" where the dress maker is not a business but a person who does it on the side                                                    their apartment and the kid isn't out playing?  Only to find out that the guy you are looking for is literally a few hundred feet down the road in the very next house?

Yeah it actually happened to me more than once in Bavaria when I lived there from the mid seventies into the late 80's, and using dialects so thick you needed a machete to cut through it to understand a fraction of what they were trying to say until they finally gave up and spoke in perfect regular Bavarian German dialect. or even High German as taught nation wide in school?!?!?!",2024-12-14T06:04:53Z,0,0,en
UgzZd_YnhJUPQCSphUl4AaABAg,@StrangelyIronic,"I'm going to hope my 6800XT can hold on until a B770 comes out or Celestial opens with a C770, hopefully. It's going strong now no issues, but a few weeks ago a friend that bought the exact same card, same day, same seller, etc. had issues where the fan circuit died (I assume a resister or something gave up) so we rigged up a solution by adapting a normal case fan header to the mini fan connector of the fans on the GPU and with FanControl he's running the GPU fans off the GPU's heat sensors and it works fine.

If it dies and I pick up a B580 (or RX7700 XT if they release for a good price and specs), hopefully I won't get hit with a blanket 60%+ tariff tax.",2024-12-14T06:01:17Z,0,0,en
UgzGUKrfofhpGGrf9Kh4AaABAg,@SaburAliKhan.333,"21:16 
Now that is it for The card 
Now let's catch the damn flight ✈️",2024-12-14T06:00:50Z,0,0,en
Ugx9Oh2F-_fXwKwvgDh4AaABAg,@aaronsouthard8366,Im more excited for battlemage than i was for the 30 series pre scalping rates,2024-12-14T05:57:46Z,0,0,en
UgzZ9ikdkd9xi9gNwQ94AaABAg,@marsovac,"Battlemage breakdown:
$90 for GPU die (200 dies on 4nm wafer with 90% yield) +
$75 for 12GB GDDR6 19Gbps +
$30 for a sub 200W GPU board +
$25 for cooling, backplate and assembly
shipping a 20ft container with 4000 boxes makes the shipping cost negligible
_________
$230 Total cost, $250 retail price
~10% possible profit, 20$ per unit
_________
Let's say Intel keeps all the profit, instead of sharing with the parters, mega generous here.
Nvidia ships about 9M desktop cards in a quarter (36/y) and has 90% marketshare.
So about 40M desktop cards are sold yearly.

Taking 10% would sell 4M copies. But let's be realistic, Alchemist got to 0.8%,
Battlemage won't get to 10% since they don't have the manufacturing capacity to keep the price.
Let's go with a generous 5%. This is also generous because Intel doesn't sell professional gpus,
and the numbers above include those.

So Intel breaks even in under a year if it takes 5% of the market. 
Considering GPUs don't sell much after two years and drop in price,
one year of RoI, one year of sales for profit would generate 40M.

Now this 40M is what you can invest into your next GPU development.
And now follows how much has Nvidia invested into resource and development in 2023.

8.7 BILLION!!!, I assume more than 5B of that in GPUs or 125 times more.

If miracoulously Intel took half the marketshare Nvidia would still be investing 6 times more.
In that scenario AMD would also be investing more than double of what Intel could. 
Even if Intel were the top dog they would start lagging behind more and more.
You need to invest billions.

That's a David vs Goliath if I've seen one.
IMHO Arc is not an achievable concept in the long run.
A mere miracle would not be enough, it needs the direct intervention of god in multiple affairs.
A failing Intel cannot finance this race.

I cross the fingers for Celestial, but have no hopes.
The only divine intervention I could foresee is that Intel fixes its fabs, and can produce GPUs in house, but that alone is not enough.",2024-12-14T05:42:08Z,2,1,en
Ugy2Y0965WpIGM3MDL94AaABAg,@nixter1nixter1,Thread-locked screws sometimes loosen easier after being heated with a high-power soldering gun.,2024-12-14T05:38:34Z,0,0,en
UgwSNFZpQxapkRc3Wm54AaABAg,@ai.d__g,Need detective Steve on the drone story...,2024-12-14T05:38:17Z,0,0,en
UgxWyRDAXGK46ZBfyeZ4AaABAg,@filipbunalti,"Not sure if it's just me, but this video feels a bit rushed for some reason.",2024-12-14T05:34:48Z,0,0,en
UgxBypDGoQTQJ72XLlt4AaABAg,@danielhulan3058,They need to make a low profile single slot version of this card. If its temps are lower they could try.,2024-12-14T05:30:16Z,0,0,en
UgyYs-_7iVn6Ut9g_FV4AaABAg,@danielhulan3058,"Steve its a $250 gpu. Do you expect a heatpipe made of solid gold? Lol. As long as the card works well and doesnt overheat, it doesnt really matter that it has a plastic backplate. Want that cake and eat it too huh lol.",2024-12-14T05:27:51Z,0,1,en
Ugzs8nAQ8DKc0oKn0ax4AaABAg,@danielhulan3058,"Hiw many times we gonna hear "" we gotta get on a plane in a couple hours"" ...... lol",2024-12-14T05:23:41Z,0,0,en
Ugz8uE8XWFGzqCZgovN4AaABAg,@silentcoyotecreations,Thanks Steve.,2024-12-14T05:21:05Z,0,0,en
UgxbwzVkIj-v9UC7KEp4AaABAg,@woddson,take a shot everytime steve has to get on a flight in a couple hours,2024-12-14T05:16:58Z,0,1,en
UgxdA_FrfRSKyiGAkol4AaABAg,@HadToHappn,Currently on a 2070 super. Im loving what intels doing with these gpus. Intrigued by what a B770 could do. Might jump to that,2024-12-14T05:13:29Z,0,0,en
UgxdgB1vkkX-vRHsSUJ4AaABAg,@8lec_R,"Guys remember Steve NEEDS to catch this flight, yea? Let's all hurry up and watch it at 2x speed",2024-12-14T05:06:29Z,0,0,en
UgyegFPaJZFSR7Y6KzV4AaABAg,@watercannonscollaboration2281,"2:15 “every single grease print”
Modern Thinkpads: finally, a worthy opponent",2024-12-14T05:04:34Z,1,0,en
Ugy1dXKDQmxdwW8-Xbd4AaABAg,@RayanMADAO,Such a big die just to compete with a 4060,2024-12-14T05:03:29Z,0,0,en
UgxXnE_p2SaPl2Vqkup4AaABAg,@LuisAFigueroa,I really like the construction of that card. Very easy to service in the future.,2024-12-14T04:51:41Z,0,0,en
UgxGVt6_u1ftcxnHQxZ4AaABAg,@jeremysantos7208,you know it's a good card when Steve is smiling,2024-12-14T04:32:50Z,0,0,en
Ugx4FBxrkNklupzmE3B4AaABAg,@Mr.RobotX,intek 1 iq dog,2024-12-14T04:29:40Z,0,0,Other
UgyHUzYIGnHaAeVXS3N4AaABAg,@aa-tx7th,"does he have a flight in 2 hours?

probably not.

if he did he'd CONSTANTLY talk about it throughout the whole video.

but he totally didnt.

*NOBODY CARES BRO*",2024-12-14T04:21:46Z,0,0,en
Ugwxd1yQTcIT_MYjmBV4AaABAg,@jierenzheng7670,"Thanks for the teardown, interested in the higher end model though Linux support is a big ?",2024-12-14T04:20:19Z,0,0,en
UgzcHX86FblLa1vUXVV4AaABAg,@Marc_Wolfe,Pin fin was not the name for holes.,2024-12-14T04:11:51Z,0,0,en
UgwelsmgAo6MHCa4xNJ4AaABAg,@john_in_phoenix,"I definitely get the impression that Intel has created a winner in the low - to midrange graphic card category. I'm impressed and also in the market to upgrade my 3060. Good job, Intel!",2024-12-14T04:11:17Z,0,0,en
UgxE1ksAI94b0pe8FH94AaABAg,@harrisonbock,"Didn’t catch that, you needed to Catch a Flight?",2024-12-14T04:04:21Z,0,0,en
UgzmPglISaGTbUGoWXl4AaABAg,@Rosko333,"All we can say to Steve's near-term flight is ""Thanks Steve.""",2024-12-14T04:00:32Z,0,0,en
UgztLFLq3QeWuRBcJB14AaABAg,@rosenraikov,I was more excited about B580 than whatever AMD has prepared to launch. I can't wait to see the rest of the line-up with B770.,2024-12-14T03:58:24Z,0,0,en
UgwARDH-JX1PB5p1Fup4AaABAg,@OdinReactor,"At the slow pace he works, I'd be shocked if he made the flight. At the 6 minute mark, he unscrewed 6 screws. 😆",2024-12-14T03:55:12Z,0,0,en
UgwacUZc5bD-5AxDIOF4AaABAg,@jabis1337,"U feel bad about trying to screw over ltt now? Ur toxic, homie.",2024-12-14T03:48:34Z,1,0,en
Ugx6GxGTUS9OzYeu5F14AaABAg,@UBGood,i love his sarcasm  🍓 THANK YOU INTEL FOR MAKING A 4K GPU AFFORDABLE....🥑,2024-12-14T03:35:03Z,0,0,en
UgxF43cdhAi8OPftFCx4AaABAg,@kevde5073,... plastic? of course; it's an entry lopo.,2024-12-14T03:34:00Z,0,0,en
Ugy6zG0tHqqQfHwnIsx4AaABAg,@TCGProductions03,Drinking game: Take a shot every time Steve says that he has to get on a flight in a couple of hours,2024-12-14T03:30:20Z,0,0,en
Ugzv8b_uXdBy5LXqkSZ4AaABAg,@Mc3ks,"I have a 3080 I kinda wanna sell and pick this up instead out of curiosity. Intel did great it seems, might shed a tear. I'm proud of them. We only had to tell them for the last decade they need to innovate.",2024-12-14T03:26:32Z,0,0,en
Ugynhf6cLXtzUCU0UcB4AaABAg,@AgentLokVokun,15:38-- At least they covered all the DRAM chips with an actual metal plate and thermal pad. unlike that one MSI GPU that had half the thermal pad not touching anything lol.,2024-12-14T03:16:08Z,0,0,en
UgwVTcTc-LGBxrTmOOd4AaABAg,@ThylineTheGay,bet that's also the type of plastic to degrade into a sticky slime in a decade or two,2024-12-14T03:16:01Z,0,0,en
UgwdZ8D1XuzO7Qids2N4AaABAg,@bitmety,"The UI for the new graphics control application is absolutely amazing. Graphs where we need them, fan control is perfect. Please God protect Intel! They understand what we want and they give it to us.",2024-12-14T03:14:16Z,0,0,en
Ugx954PhysydA3hQA9x4AaABAg,@sultanofsick,"Last time I took a knife to the airport (which WAS somewhat valuable), TSA said they weren't allowed to keep it and made me personally throw it in the trash.",2024-12-14T03:12:54Z,0,0,en
UgxCm4-kzuZuisVQz8J4AaABAg,@NPC999,"Dude, get some exercise.",2024-12-14T03:11:26Z,0,0,Other
UgzQgtET6rnvdgvT_wt4AaABAg,@M4x505.,I'm so getting this,2024-12-14T03:08:05Z,0,0,en
UgxgsDUrpGBKPSfbxnt4AaABAg,@jaydensydes3478,big fan of your invisible watch i might buy one,2024-12-14T03:04:55Z,0,0,en
UgwTNPHTH-Gfpk4Sunp4AaABAg,@Jdmorris143,I am happy there is good improvement with their product. I would love to see them a bit more at the mid to higher range but this is a great step.,2024-12-14T03:03:03Z,0,0,en
Ugwg9hhgRJUiXh_KC_J4AaABAg,@Sussybakaongong,"Just wondering, would you happen to have a flight in a couple hours?",2024-12-14T03:02:28Z,0,0,en
UgwemR41ZtuSLOXRenR4AaABAg,@DissertatingMedieval,I once went through airport security with a set of allen wrenches and TSA took the largest wrench because they argued it could be used as a club.,2024-12-14T03:02:13Z,0,0,en
UgwThgTwfgHJemJwhLF4AaABAg,@chik0240,If it's just me or others are wondering what if they dare to make a more square die with double the cores can they compete with say 4080 albeit with more power consumption,2024-12-14T03:00:37Z,0,0,en
UgwGq1zVtS-KiB3UQyh4AaABAg,@-JonnyBoy-,Dropping another 1K in intel stock while its at about $20...,2024-12-14T02:59:22Z,0,0,en
UgweE5HsC8o4sNMkzv94AaABAg,@rosaria8384,"If the B5 GPUs are already this good, imagine how the B770 and 750 will look and perform. 

I do gaming and AI generation (A1111) and I hope both purposes are good enough for B7...",2024-12-14T02:57:23Z,0,0,en
Ugy438W3jeqmC_nJ6uR4AaABAg,@UndercoverPirate69,"Yeah no glue and tape with 3 million screws and shitty plastics Intel because we need to PERIODICALLY CLEAN IT. That means NO TAMPER SEALS and loss of warranty crap when standard maintenance needs to happen. Yes no plastic backplates when they can have a passive cooling function which is the whole point of a metal backplate. YEEEEEEET

ps. Steve, being a grease monkey means something different than fat fingering everything you can fat finger",2024-12-14T02:57:22Z,0,0,en
UgwgBgA2X1ZK50SlVMV4AaABAg,@Rmystery2112,"If you’re going to miss a plane, delay the video. Seems strange to keep harping on the fact you have to catch a train plane. This is not the gamers nexus I know. You’re always very calculated, but this time you seem rushed. Thumbs down",2024-12-14T02:57:15Z,0,0,en
UgwA-cZNxvBi__m2XlZ4AaABAg,@AdamKim-qo2te,it is too expensive for me,2024-12-14T02:55:37Z,0,0,en
Ugxiw4ddFxyJkoZEoql4AaABAg,@LowkeyTryhard,neat,2024-12-14T02:53:30Z,0,0,Other
Ugz7doXIganaYRzvuap4AaABAg,@AgentLokVokun,Does anybody know if the B580 was a paper launch or not? How many units are/were available for sale?,2024-12-14T02:48:47Z,0,0,en
UgwQcGO9IjSIbliTrNN4AaABAg,@Ben-Rogue,"You guys should use plastic vernier calipers calipers for measuring die, to reduce the risk of damage.",2024-12-14T02:45:53Z,0,0,en
Ugx4Qc2kbNtELQeuaA94AaABAg,@Drocinit247,Did you have to get on a flight in a couple hours while filming this? 😂,2024-12-14T02:45:21Z,0,0,en
UgwQff5uzzwBhdRDC554AaABAg,@brugj03,"I don`t get it, it`s just a cheap bottom end card.
Performance wise this was already available 7 years ago with the RTX2080TI.
It seems way to little too late. Nothing to get enthousiastic about.",2024-12-14T02:42:23Z,0,0,en
Ugx84G89eI8hrt0OkH94AaABAg,@Vermathorax,Drinking challenge time: Drink every time Steve talks about having a flight in a couple of hours.,2024-12-14T02:37:07Z,0,0,en
Ugx4BR5NkvPPlA7UlIV4AaABAg,@Dan-Simms,"Great teardown,
Thanks Steve!",2024-12-14T02:30:43Z,0,0,en
UgwwYOXcZfzQe0TM-Bt4AaABAg,@posmoo9790,13:00 is he trying to knock off components here?,2024-12-14T02:28:00Z,0,0,en
Ugx7ZRLsJDLg9B24Hod4AaABAg,@DaGuunOSHO,"Let me guess,……… you have to get on a flight?",2024-12-14T02:21:43Z,0,0,fr
UgzCqnVFGotwCPcYzX94AaABAg,@vannustube,wonder why the GPU isn't turned 90 so the long side is facing the fins - would've let each heat pipe cover the chip.,2024-12-14T02:16:19Z,0,0,en
UgyDo3Rnnso8OzuaMLZ4AaABAg,@bholluBhollu,Damn they finally hired a mechanical engineer,2024-12-14T02:15:28Z,0,0,en
Ugw9-IpakwhtaILmFbh4AaABAg,@wristy1,I think intel transferred half of their cpu division to engineer the best material to get fingerprints,2024-12-14T02:13:10Z,0,0,en
Ugz2cA99o_ihSZopsyB4AaABAg,@lemmonsinmyeyes,Its just Intels style of silicon-PCB interface method. Some of their much older chips used very similar,2024-12-14T02:09:58Z,0,0,en
UgxH3DeheCYc7ipZPY54AaABAg,@penteractgaming,Nice to see Intel rebounded from their inital launch. That was rough. We need all the competition we can get.,2024-12-14T02:08:42Z,0,0,en
UgwcxeWEwnmaWQ-DWs54AaABAg,@koolmidx4584,If I play the video at 2x they'll get done faster and definitely make their flight.,2024-12-14T02:05:52Z,0,0,en
UgwUwDWaLrTv-i-nMWR4AaABAg,@katzicael,the Die looks more like one of their CPUs vs a GPU - I doubt that's a coincidence lol.,2024-12-14T02:04:04Z,0,0,en
UgzbIrpJlzE8bNvoe4l4AaABAg,@Pernips,I was looking forward to the 42 min but regardless you guys are awesomeness.,2024-12-14T02:01:20Z,0,0,en
UgyC9YVjkTSF-_TNrMl4AaABAg,@zombl337og,wheres the B750/770?,2024-12-14T01:55:58Z,0,0,en
UgyHHYW7flBV7M108e14AaABAg,@ItsJustElenore,"I gotta say that's a really good looking card.

Apart from the fingerprints.",2024-12-14T01:53:00Z,0,0,en
UgypP3xv31unXYDKTRt4AaABAg,@not.an.operator,Man those Sparkle cards look so good,2024-12-14T01:47:36Z,0,0,en
UgymoxGo7KIBQ1rUdUh4AaABAg,@OpenGameDev,Tell us the mosfets they are using,2024-12-14T01:43:22Z,0,0,en
UgxFj0CrSDdTQ7RuPjd4AaABAg,@phazonclash,"Wow, cheap and good GPUs are making a comeback!  Thanks Intel",2024-12-14T01:42:46Z,0,0,en
Ugx1HJTnLwigBsQIwVx4AaABAg,@royhans142,"Got my awesome snowflake dice set, great details! Thank you Steve and team!",2024-12-14T01:42:21Z,0,0,en
UgwS0Jn0IG44Yw4-c314AaABAg,@hyperstimmed,"I've been saying ""buy Intel stock"" for a year now.
Lots of people laughing at me when I say it.
Far fewer laughs this last week.",2024-12-14T01:40:36Z,0,0,en
Ugza96cCjK1EgkSvIKd4AaABAg,@IJO221,0:47 checks watch that isn’t there. Very professional.,2024-12-14T01:39:05Z,0,0,en
Ugz0XmY9LBYkKcmagKt4AaABAg,@ferna2294,"iDLLAI LOVE this short design. I hope it packs some power behind it, because I´m tired of GPUs bigger than a brick",2024-12-14T01:37:14Z,0,0,en
UgxHpk1daRRNtPAyqBh4AaABAg,@linkhane2232,where can i buy it . i am in malaysia,2024-12-14T01:33:49Z,0,0,en
UgxzJr5w4qiDZyFKT-14AaABAg,@zooteddd,It's nice to see intel get some positive news.,2024-12-14T01:21:48Z,0,0,en
UgwZbpEeENNfpJAYKJF4AaABAg,@senseofpermanence,They need to make ITX versions of these asap.,2024-12-14T01:21:03Z,0,0,en
UgyukjxsRfUbs65GVHZ4AaABAg,@spyrolancer,Love how people keep praising this thing and when you look to go buy one its 400 or more dollars 😂,2024-12-14T01:18:18Z,0,0,en
UgyduGGAU28ING7BJy94AaABAg,@philipcaseyacalloway204,That card looks so sleek and simple. Very attractive design imo.,2024-12-14T01:16:22Z,0,0,en
UgwSPCosOPjePoKpWpJ4AaABAg,@davinhunt7558,its interesting because it seems like the silicone is just a lga 1700 chip that has graphical compute just expanded inplace of the cpu compute architecture,2024-12-14T01:10:34Z,0,0,en
UgzHIneS5w4yMh95d4p4AaABAg,@Plus_Escapee,"I've been massively disappointed with intel for the last few years, but I'm proud of them for this GPU. I'm usually an AMD guy, but I hope that this is a big hit for them. It's so good for the price, it's low power, it's built very well, and they are improving the software in big steps. I badly want this to go far.",2024-12-14T01:08:59Z,0,0,en
UgwXWUDEjRjAA1QpkBZ4AaABAg,@Continus,Since I don't want you to be late to your flight. I'll watch this tomorrow. Safe flight to you and your team!,2024-12-14T01:07:35Z,2,0,en
UgyyxSIiBolhbTgWx6d4AaABAg,@user-bg4wk6nh3b,"guys... Set up a stationary camera for the presenter, an overhead camera for the product & then cut to the roaming camera when there is something to show. I am getting carsick watching this & it's not the cameraman's fault.",2024-12-14T01:03:18Z,8,0,en
Ugys9YGFUg_cpSyxoR14AaABAg,@curtjdup,"I like the part where he said they have to get on a flight in a few hours.

10/10",2024-12-14T01:03:10Z,2,0,en
UgwxAFimHgsQZ3t39yx4AaABAg,@DannyWilliamH,"Heat causes the discoloration of the epoxy/bonding. 

In a lot of older devices the color alone is an indicator of the health of the die itself.

If I'm being honest, that's not as true today from my experience. The last major tech device I stil repair a lot of where the color of the epoxy gave an indication of health was The Switch.

So I won't say that the discoloration  here is or isn't a big deal but it's, at worst, bad and at best nothing. It's definitely not a good thing.",2024-12-14T01:01:44Z,0,0,en
UgxBMTIVArT_QMlDEpt4AaABAg,@DrakiniteOfficial,12:00 Huh. I wonder why they call it an SoC when the memory is separated. I thought SoCs have memory on the chip.,2024-12-14T01:00:20Z,0,1,en
Ugwe8kki8rRxw0heCVx4AaABAg,@Ben-Rogue,"A be quiet! knife... Part of be quiet!'s; ""When The Voices Won't Stop"" product line",2024-12-14T00:59:15Z,0,0,en
Ugx72YQH_ZFIUisLnbh4AaABAg,@DeathlyPrice,I wonder how ugly the card would be if you just completely removed the finish on the shroud. would it be glossy plastic? or a Matte plastic?,2024-12-14T00:57:44Z,0,0,en
UgyK7EGe5ViPJChEEJl4AaABAg,@mixmaxx75,"The video lacks graphic mentions. I am French and my wife sleeps next to me. The subtitles are poorly translated, and it goes too fast. If there were graphics to explain as you go it would make the task easier and more enjoyable.",2024-12-14T00:57:40Z,0,0,en
UgyckcAb3ayIxsoAfx54AaABAg,@heymanispog5272,"I hope that board partners release single slot versions of this GPU, so it can fit in my server!",2024-12-14T00:56:52Z,0,0,en
UgxNp3kyLEwfssBWpgp4AaABAg,@aminorityofone,Adam Savage talked about bringing a foot long razor blade on MANY flights. He was never caught.,2024-12-14T00:56:10Z,0,0,en
Ugy-wgQt4eaoaXDAYsN4AaABAg,@microwaveoven2,Possibly the best move intel could do.,2024-12-14T00:56:05Z,0,0,en
UgxuTXSVjlQ2wtmDlod4AaABAg,@Killertomato84,Take a shot every time steve mentions getting on a flight in two hours!,2024-12-14T00:53:27Z,0,0,en
UgzBqOh6r594h2ddfVh4AaABAg,@Nore_258,Another good job from Intel.,2024-12-14T00:53:05Z,0,0,en
UgzloilZFTnW01DuYh14AaABAg,@Mr_Hatsu,Не пора бы вам добавить другие языки озвучки,2024-12-14T00:49:01Z,0,0,Other
UgzELARWLc2M1glF3QR4AaABAg,@2012Accounts,Did you know that Steve took a flight a couple of hours after recording this video?,2024-12-14T00:43:07Z,1,0,en
Ugx8OUyXLM11sxoUrPZ4AaABAg,@ozzuneoj,"If you play the beginning part where he injures his finger at .25x, he sounds like a really really drunk guy trying to explain how he just hurt himself accidentally.",2024-12-14T00:39:55Z,0,0,en
UgzZFIGhPuVc1PwaR054AaABAg,@ocanehauncanedichieilcane,"Guys I think he has to get in a flight in a couple hours, that's why he's going so fast",2024-12-14T00:39:42Z,0,0,en
UgzkH0j5Npteswyac4V4AaABAg,@derickito,I think they have to get to a flight in a couple of hours,2024-12-14T00:39:34Z,1,0,en
UgwmNusKKn-sjMQfVOJ4AaABAg,@SelphyXIV,"Going on Steve’s comment in the other video about naming and not having a healer, Intel totally should’ve done Cleric for C.",2024-12-14T00:34:09Z,0,0,en
UgyhfOGfreemnKPVkmx4AaABAg,@curiousshiba,0:31 don’t take the name of the Lord in vain,2024-12-14T00:29:53Z,0,1,en
UgwCDb-Cm0WhfI1tG794AaABAg,@d3jake,I love that the last video was seen by some higher-up at Intel to affect change.,2024-12-14T00:26:24Z,1,0,en
UgwALK61T1twlx2Kncx4AaABAg,@VicariousAdventurer,Intel being cheap (backplate),2024-12-14T00:26:17Z,0,1,en
Ugz6K0MdPqGsxCpn4ch4AaABAg,@hockeyfan0012,looks competently done...which is asking for a lot these days,2024-12-14T00:20:04Z,0,0,en
UgzIRHa1YrwDPfBvOix4AaABAg,@haithus,"Incase you were wondering, Steve has a flight in a couple hours.",2024-12-14T00:20:04Z,0,0,en
UgzUAsdRvtlWg5waPix4AaABAg,@CommonWealthRiches,When are the 28 GB and 48 GB versions coming out? Nvidia needs competition,2024-12-14T00:19:15Z,0,0,en
UgwXYCB_SpUJ7oCPJFZ4AaABAg,@AC3handle,"I wanted to watch this, 
but they were getting on a plane in a couple hours.",2024-12-14T00:18:54Z,0,0,en
Ugwi3oKfEBXyLdYzWWZ4AaABAg,@CaveyMoth,"It's amazing to see a nice, simple GPU heatsink. No lewd amounts of glue, no thermal pads on top of plates on top of more thermal pads, no asphyxiation by happy meal plastic...",2024-12-14T00:17:28Z,28,1,en
Ugz1Fg1Fq_Pkc8dM3i54AaABAg,@bradleyb10,I can tell you've got a flight in a few hours cause you're rushing and overall the quality of this video being below your standard. maybe book a later flight or record when you have more time in future as this felt a little sub-par,2024-12-14T00:17:08Z,0,0,en
UgzDYJiLlfdHFNqHSBt4AaABAg,@GoatZilla,didn't fix the slot height issue,2024-12-14T00:16:12Z,0,0,en
UgwogR8NVgAF5g7HZJN4AaABAg,@JeffersonLEstrella,ive skipped on the ads to give steve more time before his flight,2024-12-14T00:15:13Z,0,0,en
UgzlSPq3TrYteddM4x54AaABAg,@GMailJTB,kg,2024-12-14T00:12:35Z,0,0,Other
Ugz1wtt8OGzifJjX9w54AaABAg,@some-replies,the flow through coolers look so siiiick,2024-12-14T00:09:15Z,1,0,en
Ugw_pmIilkkqrc5k0c94AaABAg,@FinPri2000,small and good graphic,2024-12-14T00:05:35Z,0,0,en
UgzUTzJLqAh-iQg4htR4AaABAg,@syntehk,"I'm just 3 minutes in and this already reminds me of the ""Kevin Nealon Has A Very Important Meeting To Get To"" Team Coco video",2024-12-14T00:03:21Z,0,0,en
Ugx1Z_2JdD1azq1wQ4Z4AaABAg,@MegamanXGold,"I'm not complaining, great video, but it looked like the fins were shorter to create an air channel between the fan and board for directing air flow through a hole and out the back of the card, but Steve made it kind-of sound like the there wasn't really an air channel there at all. I'm assuming this wasn't clearly mentioned just because of the pressure to get out of there to catch that flight.",2024-12-14T00:02:26Z,0,0,en
UgxK1_EOCK9IrsQWZf14AaABAg,@calling8827,"Steve has to get on a flight in a couple of hours, but that's not going to stop partners from doing whatever they want.",2024-12-13T23:59:14Z,0,0,en
Ugxal-Vc2w8p5H0Uc894AaABAg,@Sourcecode01,I am happy there is some competition at last and they are doing something good is looks like in price/per performance!,2024-12-13T23:57:34Z,0,0,en
UgyPGGK117s5YVI5Zix4AaABAg,@awesomewallnut,did you by any chance have to get to a plane flight? didn't catch that in the video.,2024-12-13T23:57:02Z,0,0,en
UgzkHbLvbYO-AB2Bath4AaABAg,@ShersGarage,It would be cool if EVGA returned with some Arc cards.,2024-12-13T23:55:14Z,1,0,en
Ugyyq_SJfwy-aZKKTdl4AaABAg,@TheMark9013,I still wish the memory modules were replaceable. i mean they did it back in the day.   Would also be cool to see a cpu in this fom factor they have done it before,2024-12-13T23:54:30Z,0,0,en
UgxDv_dZlAgAIsJd7oZ4AaABAg,@jimecherry,thats a huge die in comparison to the rx 7600,2024-12-13T23:54:17Z,0,0,en
UgxfDfwXCp1ICl31mRZ4AaABAg,@ifell3,Are you not using the LTT screwdriver 🪛 😂,2024-12-13T23:53:38Z,0,0,en
UgySj41MhzYy044ufEh4AaABAg,@ez-eight,take a shot every time he needs to get on a flight in a few hours (alcohol poisoning challenge),2024-12-13T23:49:58Z,0,0,en
Ugx6tXF8NGbdgaSjNHF4AaABAg,@Frostnaut50,"11:47 This is straight up magic. How can Intel somehow manufacture a GPU, almost as powerful as the RTX 4060 and the Ti counterpart, whilst taking less power, all in a shockingly small PCB, costing about 225$ less than the competitor, with XeSS compatibility (aka Intel's version of DLSS or FSR)? I expected it to be huge, that's one feature-packed budget beast.",2024-12-13T23:48:41Z,14,8,en
UgzLf0-AxrNCDKbVVpB4AaABAg,@tyriaelsoban8909,"Both the AsRock variants, plus the Intel one were sold out this morning on memory express... i'm going to take this as a good indication.",2024-12-13T23:45:42Z,0,0,en
Ugwja8KcJ0zGvBNlaeh4AaABAg,@dickdickling9389,B580 will be great in low profile variants. Next Itx king.,2024-12-13T23:43:07Z,0,0,en
UgzKXI7ZD2e8RvuCaVN4AaABAg,@sudoertor2009,I love how it straight up looks like a mobile cpu slapped into a gpu pcb,2024-12-13T23:43:07Z,0,0,en
Ugw1NKj_tylT-WltXLB4AaABAg,@TechyBen,Steve is literally saving Intel money here and hopefully increasing returns. Board partners can drive the bells and whistles RGB etc.,2024-12-13T23:42:24Z,5,0,en
Ugz4oZCo7sFaoQyM20d4AaABAg,@mcduvall2000,GO INTEL!!!,2024-12-13T23:40:52Z,0,0,hr
Ugz0rl8_70HekshQ9Qx4AaABAg,@neoqueto,Redemption Arc,2024-12-13T23:38:55Z,0,0,en
UgyL3Oo6DpKAo1wYkvl4AaABAg,@lmili7097,Fumble fingers,2024-12-13T23:31:36Z,0,0,Other
UgwLkm1tzH-yKRw4oM54AaABAg,@some-replies,"cool name
cool design",2024-12-13T23:30:59Z,0,0,Other
UgyFhczOqE6--59IiJp4AaABAg,@Reedith,Why did they put the power port right in the middle of the card that is the ugliest place to put it they should be put on the back of the card,2024-12-13T23:29:41Z,0,0,en
UgwDq5Ss0ozK877qh_N4AaABAg,@asiano3385,I hope it is just a texture and not the well known rubber coating. Because these materials goes very sticky in less than a two years.,2024-12-13T23:28:32Z,0,0,en
UgzGDhpyjcdrbiWqbex4AaABAg,@Machinist-wf1iw,The tower sponsor is unavailable,2024-12-13T23:24:24Z,0,0,en
UgwD58HkVYUQ_HsJuwV4AaABAg,@linkdude64,"I thought you were being a little harsh on the fin stack! ""Nothing to see here, nothing special"" - they took the time to anodize it! I thought it was a cool touch...hope you made that flight! 😁",2024-12-13T23:23:25Z,6,0,en
UgylUKS0RtSmpAuezzp4AaABAg,@1nvalid_5yntax,Hey did u board ur flight yet?,2024-12-13T23:22:26Z,0,0,en
UgycjXLNEPgewvYOuCB4AaABAg,@Rob3rtisbmx,COOMMEEE ONNN,2024-12-13T23:19:26Z,0,0,Other
UgwNS9BL0Mnu8NnxCD14AaABAg,@sharpjs,"Just starting the video, but I like that this card is double-width and looks like serious computing equipment, not gaudy gamer glam.",2024-12-13T23:14:31Z,0,0,en
UgwKwILUga9xBQ_-J2l4AaABAg,@roberttherrien352,Well this b580 looks like its my next GPU update. Will remove the backplate since my pci connector is vertical no danger.,2024-12-13T23:11:04Z,0,0,en
UgxcfW5i4B63apkyh8t4AaABAg,@pluggedfinn,"Such a cute small pcb, kinda want to see some tiny build using this to its benefit, maybe liquid cooling it..",2024-12-13T23:09:17Z,0,0,en
UgzSR1MJRT5JnwfVG_B4AaABAg,@thcoura,"As a manufacturer, I would sell the same product disassembled as a kit for the customer to assemble, charging a premium if every time I put something new on the market, someone else would go to the extreme of recording a disassembly video to teach others how to do the same just for the sake of changing thermal paste.",2024-12-13T23:07:15Z,0,0,en
UgxLvxHsQahNh4fLRGR4AaABAg,@pcsproshop8972,"Thanks Steve :)

safe travels",2024-12-13T23:06:55Z,0,0,Other
UgwS-q8C389C6zFu6H54AaABAg,@Penfolduk001,Re the fingerprints on the shroud. You should use those cotton gloves Museum staff use when handing exhibits.,2024-12-13T23:06:06Z,0,0,en
UgxIy2CBk4uiRX2b7O14AaABAg,@Megaddd07,Thanks Steve,2024-12-13T23:05:23Z,0,0,en
UgwX8lDM3-8vzyW7IB94AaABAg,@Danny-wv8ec,did you catch the flight? i mean you dud mention it a gazillion times.,2024-12-13T23:03:10Z,0,0,en
Ugz0M3Xiwach-U0gFq14AaABAg,@voiceofreason9258,Much better looking intel!  I am very tempted to buy this edition.,2024-12-13T23:02:06Z,0,0,en
UgyNnrXw6x7sgIZcfLN4AaABAg,@demolishermusic,20:34 most of the AMD Rx500 Sapphire series have this style of fan removal. Not sure about the 400 series.,2024-12-13T22:59:16Z,0,0,en
UgyDK8nRKnXndSNALNZ4AaABAg,@veraxis9961,"Being able to unplug the connectors from the back is a nice touch. Definitely keeping the costs down in a couple places, but overall seems reasonable.",2024-12-13T22:59:13Z,2,0,en
Ugw-H3QKGnlY8u7bUh94AaABAg,@carisi2k11,That pci-e slot is actually a backplane steve.,2024-12-13T22:57:25Z,0,0,en
UgyKc_hAAIFSdxZYvgt4AaABAg,@FirestormX9,"Intel may have fixed its problems, but, Intel cannot fix TSA's problems, cause Steve might just have a flight in a couple hours.",2024-12-13T22:54:07Z,0,0,en
UgyWTFiRT8jFBgvPrpV4AaABAg,@falxonPSN,"I love you guys, Steve, but for the kove of gods, wash your hands! French fry grease on your hands while working on electronics is horrifying. 😫",2024-12-13T22:50:38Z,0,0,en
UgwfvRZupFR_flX09Op4AaABAg,@BikingChap,"That filler may well be UV hardened but I can't believe those darker spots are caused by anything other than hot spots. 
Time will tell I guess.",2024-12-13T22:48:52Z,0,0,en
UgwIICKHrm2SZ7ghXY54AaABAg,@dslynx,"""Gotta get on a flight in a couple hours"", the drinking game?",2024-12-13T22:46:15Z,0,0,en
UgzoyMI19Of0HXVOghZ4AaABAg,@kevinerbs2778,Gamers Nexus criticism of GPU from intel has done well. They did like Thermaltake did from your criticism.,2024-12-13T22:45:03Z,0,0,en
UgyvWASXEUr-vNGDMY14AaABAg,@danc4046,"""If I'm talking fast...""  This is the only channel I've considered slowing to 0.75",2024-12-13T22:43:45Z,0,0,en
UgzPp5-z2BZQ4qBXOW54AaABAg,@Lucas-ck1po,"Intel actually listened to your complaints of excessive use of adhesives keeping the card together with glue. 
A manufacturer that actually hears the verdict on their products is unheard of today's.
This is today's small win",2024-12-13T22:43:42Z,2,0,en
Ugz3qVJHgxgvhko2wWh4AaABAg,@LocknDoTs,"Preordered the ASRock Challenger on the 8th, hoping to at least get it early next year. Just got the email saying my payment got processed and is in the middle of packing. Was already going all in on the B580 before any benchmarks were released, so I'm glad I pulled the trigger early as it'll get to me early next week.",2024-12-13T22:43:24Z,0,0,en
UgzVHOGdqcvIOPnusfR4AaABAg,@alexmills42,"Steve don’t worry about talking too fast, I always listen at 2x and even in this video I can still understand you, so no issues!",2024-12-13T22:42:50Z,0,0,en
UgwAs7dFgetUs_NZ_Fh4AaABAg,@cristinelcostachescu9585,"I don't care about the fingerprints, i just want some Linux benchmarks! Love the B580 ❤",2024-12-13T22:40:49Z,0,0,en
Ugwv4-D67YwoKMR4j-F4AaABAg,@cptgunhadaable,"If it seems like I am typing this comment kinda fast, it's because Steve has a plane to catch in a few minutes and I need to take time to make this comment. Because Steve needs to be on a plane in a few minutes.
Thanks Steve",2024-12-13T22:40:11Z,0,0,en
UgxacgjV9dptFsxFTK94AaABAg,@NowThatsAnime,Is the b770/780 coming?  Or is it still uncertain?,2024-12-13T22:36:39Z,1,0,en
UgxOrUr8SVThj84jICx4AaABAg,@jleblanc26,"Legend has it, they still have to get on a flight in a couple hours.",2024-12-13T22:36:26Z,0,0,en
Ugy3gpzkLBSz_Jz6Nrt4AaABAg,@docbrody,"I want to see how locked down it is. Can it be overlocked? How much control do they allow? Because otherwise I’m tentatively thinking this might be a fun card to tinker around with.  It seems pretty friendly to DIY, plus intel hopefully keeps making tools and stuff like presentmon free, and it’s only 250….and it’s still good enough to play games too.",2024-12-13T22:35:12Z,0,0,en
UgzvXfNAGlFAb4i-iWZ4AaABAg,@derpenstein713,But did Steve make his flight???,2024-12-13T22:34:59Z,0,0,en
UgzqTjlsrbWfyRbYLjd4AaABAg,@Quijibos,Is it the first time this guy has been on a plane or something? Why tell us twice in two separate sections,2024-12-13T22:34:31Z,0,0,en
UgyDxaKKjlwyN-JR_yJ4AaABAg,@stefanmisch5272,I'm sure if there's one person who understands why you might jave missed the flight it would be Roman.,2024-12-13T22:33:00Z,0,0,en
UgwAvZP5WUB89_345x14AaABAg,@ozzieggg,Dude says he has to catch a flight but does soap opera levels of flashback/repetition. This easily would've been a 10 minute video.,2024-12-13T22:32:46Z,0,0,en
Ugxu5hnfC2obeMSlzk54AaABAg,@werwinn,Good job INTEL!,2024-12-13T22:32:04Z,0,0,Other
UgxKPcp9kBqM-Oe0GxN4AaABAg,@AlexSchendel,"It's okay Steve, I turned the speed to 1.25x so you could finish sooner and get on the plane :)
That's definitely how it works! (Also if I have any typos, Youtube isn't showing me what I'm typing so that's cool. Thanks YouTube)",2024-12-13T22:30:02Z,0,0,en
UgxuBK8mmXhJ6foSTYh4AaABAg,@tipturkey1283,i came here for the latest episode of “Find the Glue”,2024-12-13T22:27:23Z,0,0,en
UgwW5M2vnA0oQG-N-JV4AaABAg,@Fishsticks2dos,Mcgreasy hands 🍔 🍟🍗,2024-12-13T22:26:56Z,0,0,en
UgwWYAtoc04570_cH8x4AaABAg,@Mikey-KF8,Do you have to get on a plane in a couple hours?,2024-12-13T22:25:28Z,0,0,en
UgxIdrLlWxhvNv4zxct4AaABAg,@beyondu77,"Dude, we get that you're in a hurry, but we don't need to hear about it so often.",2024-12-13T22:24:50Z,0,0,en
UgxLrTUz5E-fha4pE2N4AaABAg,@Horus9339,"Are you going for a flight Steve, you should have told us.",2024-12-13T22:24:46Z,0,0,en
UgxuZP9YBpc7WauUHxB4AaABAg,@luisneves210,One thing i like to see on that card is the PCB is very thick and that is a good sign of quality,2024-12-13T22:24:42Z,0,0,en
UgzdNa4VJWjgpuelEf94AaABAg,@Gurka9999,"GET ON DA PLANE! 🥒
🎶 _""I'm only human after all...""_ 🎶",2024-12-13T22:23:13Z,0,0,en
UgygyHb1SovDpgY5YTN4AaABAg,@scubasteve5659,i got a 4070 and a 2070 im trying to sell on ebay soon. idk what i need this for but i want one. what cpu to pair it with though,2024-12-13T22:23:08Z,0,0,en
Ugz26WAbL0wbnDcVhex4AaABAg,@Alexanderkowaliuk-s7i,"Alex kowaliuk here, this is clearly a hot knife to the greed and corruption of the gpu market, I will never doubt Intel again, a win for the people is rare and should be taken seriously.",2024-12-13T22:22:59Z,3,1,en
UgzLQbcjAIKVeEc4Be94AaABAg,@CookieManCookies,"B580 is a nothing burger, it's already sold out everywhere, and scalpers have set up shop to resell them for $100 more than MSRP. Neat.",2024-12-13T22:21:13Z,0,0,en
UgwtbvaG03A-snC4LV54AaABAg,@Hugs288,"12:50 ""nes that been in the sun for 25 years yellow"" steve out here documenting new colors",2024-12-13T22:20:57Z,1,0,en
UgyXS2oeFlavhCKgBWt4AaABAg,@gordonfreeman5648,"I would write proper comment here, but I have a plane in couple hours, so...",2024-12-13T22:20:15Z,0,0,en
UgzVYZ0IJBAIXSiGayZ4AaABAg,@kinatasss,I think I missed what's going on in a couple of hours,2024-12-13T22:20:13Z,0,0,en
UgybJPPx1WEsFISQMjV4AaABAg,@SettlingAbyss96,Silicon looks more like de-lidded cpu than most GPU’s,2024-12-13T22:18:40Z,0,0,en
UgzzHkgUSZnnqKrViRx4AaABAg,@rayfisher4665,You made this a great taer down Steve. Year after year very informative and feel of life..😊,2024-12-13T22:18:39Z,0,0,en
UgxZtgluILo95QD5m7l4AaABAg,@Martinsix,"I actually love that Intel engineers watch for the reviews of their product and listen to what their consumers feel like about the product. And the fact they had a talk inside and redone the design even if its just a cooler made by different dept. - epic respect for the guy that took that to the table and wishes their product to be the best.

Intel has gained much of my respect for this.",2024-12-13T22:18:19Z,130,0,en
UgyJZbZtvoAJQO30HZF4AaABAg,@JamesFuston,"What do you do if you DO strip one of those tiny screws in a GPU? I've got a 3080 FE from a friend who tried (and failed) to repaste it, then stripped a screw on trying to fix it again. I've yet to find any kind of reverse bit for something that small",2024-12-13T22:18:09Z,0,0,en
UgybexqAqhgTewVXWp94AaABAg,@fartshartfart,We'Ve SeEn AbOuT 2 dEgReEs LoWeR tEmPs WiTh MeTaL bAcKpLaTeS cOmPaReD tO pLaStIc BaCkPlAtEs. It'S nOt A mAkE oR bReAk BuT wE wOuLd StIlL lIkE tO sEe MeTaL bAcKpLaTeS.,2024-12-13T22:17:23Z,0,0,en
UgzTAW0k5HbsiL4SmCJ4AaABAg,@devilzuser0050,"can't understand why are they don't use push pins for the LED's and fans to connect, they stubborned to use jtag-ish cables.",2024-12-13T22:16:05Z,0,0,en
Ugym4Qzf9KeUefd3jLd4AaABAg,@AlpineTheHusky,Genuinly a beautiful card you can put in a open gaming PC and in a office workstation. Better wear gloves tho when installing,2024-12-13T22:13:55Z,0,0,en
Ugy69fNiVlRgJE_M5K94AaABAg,@RXR25,"I wonder why Steve was in such a rush, maybe he had to catch a flight in a couple of hours.",2024-12-13T22:13:10Z,0,0,en
UgzH52YAgVVDlQIsOAJ4AaABAg,@TheColdturtle,Enjoying the steve asmr,2024-12-13T22:11:30Z,0,0,en
Ugz-jt4XgKi1JnlrzVV4AaABAg,@jordanm8595,Its like they needed to catch a flight or something,2024-12-13T22:07:04Z,0,0,en
UgxN3wJbWQ8vKoLKTSh4AaABAg,@majorwildcard,"Why don't they just rename ""be quiet"" to ""shut the fuck up"" already",2024-12-13T22:03:19Z,0,0,en
UgxXvQ_Nr9wMwQJh6KJ4AaABAg,@hano5277,You definitely put lotion on before this video to make a point about the fingerprints 😅,2024-12-13T22:01:56Z,0,0,en
UgznXQ-tshsfEtHBr6F4AaABAg,@FSAPOJake,"I wouldn't say they fixed all the problems. This thing still has a die size as big as a 4070ti and yet it has performance closer to a 4060ti. Not a big deal for the consumer, but it means Intel isn't making any money on these, meaning Intel won't make many of them, meaning it's not bringing competition to anyone since it's not a threat to AMD or Nvidia.",2024-12-13T22:00:48Z,0,0,en
Ugy_XSuaHDWEDU-NzeZ4AaABAg,@justinbrown691,I like Anonymous card look.,2024-12-13T22:00:45Z,0,0,en
UgyB-IGxBsM4Niobdot4AaABAg,@thepetrologist,I skipped the ad to save you some time,2024-12-13T21:59:57Z,0,0,en
UgzAP7BxOVlnAf2gGSx4AaABAg,@Ace-Brigade,I very much appreciate that I can trust your videos due to your repeated displays of good ethics. Thank you for the good content.,2024-12-13T21:59:19Z,0,0,en
Ugxo66GBR6_qvaZg0Vx4AaABAg,@xabraxasx,Steve was kind of rushing through this video......I wonder if he has to get on a flight in a couple hours??,2024-12-13T21:55:17Z,0,0,en
UgwJLnWFaKm0Sh7ud914AaABAg,@EliteRock,"6:29 - Yeh, my MSI RTX 2070 Super Gaming X has pads between the metal back-plate and GPU/VRAM and the backplate gets _really_ warm so it's obviously doing quite a lot of cooling. But I guess even a plastic backplate stops components being knocked off the PCB so maybe preferable to leaving it exposed.",2024-12-13T21:53:53Z,1,0,en
UgwIZePfkZiG4sVoj414AaABAg,@biomagic8959,why is the silicon so elonagted? what's the yield on that shape? 🤔,2024-12-13T21:52:55Z,0,0,en
Ugz6hx5vr-wt9UDZyCh4AaABAg,@Sgt_SealCluber,"Board partners can be just as bad with the glue. My ""Gigabyte 1080ti Waterforce"" had the water block screws under a glued on decorative plate, so no cleaning the block without messing that up.",2024-12-13T21:51:53Z,3,0,en
UgxtIOvVJfvX13aBtfd4AaABAg,@Ironclad17,With the die shape I wonder if it would be more efficient if the bga was turned 90 degrees so more of the heat pipes passed directly over.,2024-12-13T21:51:07Z,0,0,en
UgxkemXxRkxH4T6YHld4AaABAg,@EveningOfficer,"2:06 wear gloves while handling this card, got it",2024-12-13T21:49:00Z,3,0,en
UgyAQDoPtZMAJdHsNo14AaABAg,@Entheo_Wolf,Loving this!,2024-12-13T21:48:49Z,0,0,en
UgxOSbBkcas6Z3y6ZXZ4AaABAg,@ΜαρίνοςΤ-μ4ρ,"ive been waiting for over a year for the B770. come on....
edit. Just wipe the prints off.  no big deal.",2024-12-13T21:48:11Z,0,0,en
UgwHsZeh5NSQEYuPZTB4AaABAg,@mattpulliam4494,Puts some leet thermal compound on that thing and hit the oc button let's see what kinda overhead it's got.,2024-12-13T21:45:40Z,0,0,en
UgzFvAGVY96Hm42PqLZ4AaABAg,@Marc.Google,Did the alien abduction lights prove to be effective in your mission of having a member of GN taken by tall grey men?,2024-12-13T21:44:20Z,0,0,en
Ugxca4EdQF8ulyzklq94AaABAg,@clearlisted,6:09 don't put final screw like that on the floor but let it stand with his buddies ,2024-12-13T21:43:50Z,3,0,en
UgwfELeb2hffoU5yZgh4AaABAg,@novachannel1981,"yea idk i want it to be ""it"" but looking at it i feel like its not it",2024-12-13T21:43:32Z,0,0,en
UgxbWJZtOI7wrSWaquB4AaABAg,@IntelArcTesting,My B580 Steel Legend is as big as my TUF 3080 but pcb only like half the card,2024-12-13T21:43:24Z,1,0,en
Ugzy2QRLnHecg2sV28R4AaABAg,@05DonnieB,"Man, he's talking like he has a flight to take on a little bit or something??",2024-12-13T21:43:01Z,0,0,en
UgzhAg-QLu1Sruxs_UZ4AaABAg,@douglasmurphy3266,ASRock needs to make a >199mm one of these so they can go in their DeskMeet barebones.,2024-12-13T21:40:45Z,0,0,en
UgyMc0Z-bsanMXydAa54AaABAg,@chveyk,"ну, собственно ""секрыт жирных рук"" раскрыт - 6:18 - МЕНЬШЕ ТРОГАЙТЕ ВОЛОСЫ! И помойте их уже наконец!!! И вообще - где шапочка? Чтоб ваши патлы не намотало на вентиляторы!",2024-12-13T21:40:16Z,0,0,Other
UgzZU-W6e7NgM_MqeZt4AaABAg,@razorblade7108,"The more often you mention that you have to get on a flight in a couple of hours, the more likely it is that you'll miss the flight",2024-12-13T21:39:51Z,0,0,en
UgwjarBq2vexTW0vKRN4AaABAg,@ccricers,"Short PCB only a single 8 pin- nice, you don't need a larger cooler. Hopefully some short GPUs will follow.",2024-12-13T21:37:42Z,1,0,en
UgzOlNUJeOADuAPZzeR4AaABAg,@Embermist69,I feel like ya should have been on that flight already. It feels just like yesterday y’all was talking about fly out. 😂,2024-12-13T21:37:16Z,0,0,en
Ugw6z7bymV6JvCldXAZ4AaABAg,@BRYAn_NiTRo,"Emery board paper nail file , take it apart , apply paste put it together then take it apart ""YES TAKING IT APART RIGHT AFTER PASTING AND REASSEMBLING... YES"" observe the thermal press and squeeze out of the thermal paste and sand the edges of the thinest paste spread to lower that side to allow the WHOLE chip to get 90% contact ... believe me the chips run on their own when you get 90% you will see the chip change., NITRO out",2024-12-13T21:36:57Z,0,0,en
UgxX1peLIlxVCa9kzuN4AaABAg,@TheWestbanana,I love they colored the heatsink in black like the Asus Proart cards it gives it such a clean look overall,2024-12-13T21:36:11Z,0,1,en
UgyWSt7mvUy0v2G0p7V4AaABAg,@The.Doctor.Venkman,"Steve: ""If I'm talking fast...."" - Steve, you always talk at 1,000 mph lol!",2024-12-13T21:35:57Z,0,0,en
UgyhDrI7KxBiK7jaToF4AaABAg,@Baterial,expected it later but not today,2024-12-13T21:33:43Z,0,0,en
UgxdnLOq0CYgzLY0wxd4AaABAg,@Xerpocalypse_,"12:08 , looks like they used PCM compound. Neat.",2024-12-13T21:32:24Z,2,0,en
Ugy2dNXMRO_sctVYzU14AaABAg,@dansullivan8968,"Hey, don't you have to catch a flight in an hour?",2024-12-13T21:32:20Z,0,0,en
UgzQgqsamk1gB9pa8Vt4AaABAg,@tpop3723,Many horses were saved from this latest edition.,2024-12-13T21:32:19Z,0,0,en
UgwzIMPm4lBHG0JxttJ4AaABAg,@Phlash_Foto,I watch this in a hurry so Steve could make it to his flight.,2024-12-13T21:32:17Z,0,0,en
Ugytja86wkayofTn8At4AaABAg,@davidg.250,The cooler [                                  ] the card [ ],2024-12-13T21:32:08Z,0,0,en
UgwWkJk7njpY3PaCCWZ4AaABAg,@VM-eo2iw,No gloves is pretty wild lol,2024-12-13T21:31:52Z,0,0,en
UgwXeHxG16vGj1PeNyZ4AaABAg,@watchthisusa,So Intel made this card more serviceable because of one of your videos? That's crazy if you think about it. The power you wield!,2024-12-13T21:31:24Z,25,2,en
UgzjY1axwBLUIVEeo9l4AaABAg,@Rogerkonijntje,"Steve also has an axe with ""be REALLY quiet!"" on 😬",2024-12-13T21:30:29Z,0,0,en
Ugx8tbd-evdZS0JidhV4AaABAg,@Boss_Fight_Index_Channel,"So basically it has the same power as the ps5 gpu, the 6700, for $250. Impressive]",2024-12-13T21:28:43Z,0,0,en
UgzxuYNz8sCYiCUkPZt4AaABAg,@HighDesertTech,That yellow material looks like intentionally hardened potting.,2024-12-13T21:28:33Z,0,0,en
UgwF56EiylueTElQ30Z4AaABAg,@Devin6072,Card looks super clean but man what were they thinking with that fingerprint magnet material usage?,2024-12-13T21:27:26Z,0,0,en
UgxnNMX4aTst5ZXA1eZ4AaABAg,@mike3.0tt18,"Yes, dude, a flight ✈️ you're a very important person we fkn know!",2024-12-13T21:26:15Z,0,0,en
UgwzdnrgzV5R3oNtt0N4AaABAg,@santinojoshuatorre1695,"whoah. 

Steve's totally morphing into Thorin Oakenshield.",2024-12-13T21:26:07Z,20,1,en
UgznrnATmh3qVJaMVf14AaABAg,@wtfdoino605,"That shroud material looks like it will plasticize in time. My collectors case Dark Knight BD is disgusting, dust cooked in.",2024-12-13T21:25:14Z,0,0,en
UgyTgatXWtxy5hI3O_F4AaABAg,@rareair3973,This video seems very rushed. The script is all over the place and the lighting is crazy. Does Steve have a flight in a couple hours or something?,2024-12-13T21:24:58Z,0,0,en
UgzN3xkQivtyGeqJDcR4AaABAg,@iamdarkyoshi,"dude why do people still use that soft touch crap

It never doesn't turn into goo",2024-12-13T21:23:19Z,0,0,en
UgxP9OyHRICgg87-APJ4AaABAg,@KaufDirGeld,i still use my 780ti cooler in my cigar humidor under a very corrosive uv light. still works great. i would say non-changable fans are okay.,2024-12-13T21:23:12Z,0,0,en
UgzrgIwGbRVsUSh6Nxh4AaABAg,@jean-paulpitman2172,"Solid performance,  great price.  Slap a Battlemage Waifu graphic on it and perfection 👌",2024-12-13T21:23:08Z,0,0,en
UgxPvqbKXSXiu6Wzw3h4AaABAg,@Slane583,"The XFX RX 7800XT Quicksilver has removable fans on it. It's also rather nice looking IMO, all white with silver details. :)",2024-12-13T21:23:00Z,0,0,en
UgyqVj8iBqb_5om7fUd4AaABAg,@maverickbna,Hope you paid your tech overtime to re-assemble the card after you left for your flight. Have a great time! Stay safe.,2024-12-13T21:22:18Z,0,0,en
UgzhxYuNu6oFuqdcz9N4AaABAg,@chveyk,"нда... 4:40 - у вас ещё и проблемы с координацией движений? Вы выпили алкоголь(для храбрости) перед съёмкой? Или уже ""старческий тремор""?",2024-12-13T21:22:02Z,0,0,Other
Ugz_IA9e59Ry0hPlZlF4AaABAg,@Just_An_Ignacio,"For a 4060 competitor, that sure is a big die 😯 I doubt intel is doing almost any money with the B580/70, but they had to build marketshare somehow i guess. Hope they succeed at it, they have a very competent product this time.",2024-12-13T21:21:05Z,0,0,en
UgyK2EahwOEK02n8q_R4AaABAg,@Flo8770,"Does the Plastic Backplate reduce the Lifetime of the Card, because of the Insulation?",2024-12-13T21:19:50Z,0,0,en
UgzagWq-cHDlndSEzt14AaABAg,@BenediktWilliamOstin,пострегись и будет общение!,2024-12-13T21:19:41Z,0,0,Other
UgzbA9egOCDzMUTQ_JB4AaABAg,@clutch2315,Status report needed. Did Steve actually make his flight?,2024-12-13T21:19:07Z,0,0,en
UgzqaLJfUrJWVgpyLlB4AaABAg,@ShahirArain,"In the gaming arena, it's the ultimate RGB showdown:
Red Team (AMD): Bringing the heat with blazing performance and value-packed GPUs. 🔥🔴
Green Team (Nvidia): Leading the way with stunning visuals and revolutionary tech. 🌟🟢
Blue Team (Intel): Making waves with Arc Battlemage, innovative graphics, and the new Arc B580 budget GPU king of 2024. 🌊🔵
Who will reign supreme in this RGB challenge? Let's wait and see what AMD and Nvidia will offer with their new GPUs in 2025. Game on! 🎮💥🟢🔴🔵",2024-12-13T21:19:06Z,0,0,en
UgyQBsebyY7mLQ4P60p4AaABAg,@chveyk,"2:11 - уважаемый реднек! НОРМАЛЬНЫЕ люди, прежде чем взять в свои потные жирные руки технику, которам может ""испачкаться"" и которая ОЧЕНЬ боится СТАТИКИ обычно одевают ПЕРЧАТКИ! Антистатические!!!
Но вы ведь НЕ нормальный человек, правда? потому вам можно хвататься за чувствительную технику без перчаток и браслета заземления!!!",2024-12-13T21:18:09Z,0,0,Other
UgzYijNbzPVU3FFB3F14AaABAg,@Thee_Sinner,Will you have a PCB breakdown by Buildzoid?,2024-12-13T21:18:02Z,2,0,en
UgzBTNToCen7WfX4STJ4AaABAg,@Sevvi79,Hope you caught the flight (is that the correct phrasing?),2024-12-13T21:17:39Z,0,1,en
UgwgSW9rrF9bwa4SH4J4AaABAg,@jwbaker,Do you just throw these out? If not how do you know you did not compromise the thermal solution during reassembly?,2024-12-13T21:16:33Z,0,0,en
UgxxVlDD5PgVAumr7Ft4AaABAg,@xhappymasksalesmenx4092,Sold out already. Fffffuuuuuuuuu......,2024-12-13T21:16:17Z,0,0,Other
Ugz4Hhir1CNVoHqa50J4AaABAg,@grillinman84,You guys think Steve made it to the plane?,2024-12-13T21:15:41Z,0,0,en
UgybiF4N_QnJxLC8x6d4AaABAg,@wuztron,The Greasemaster 580,2024-12-13T21:15:33Z,0,0,en
UgwdoAtL5Ohuo-9gtod4AaABAg,@delicious_seabass,"If you're watching this, it's very likely that Steve is on a plane.",2024-12-13T21:14:01Z,1,0,en
UgyCUWakcG_yZSx6dCR4AaABAg,@MattFromAmerica,That's a good looking card.,2024-12-13T21:13:54Z,0,0,en
Ugy5YP4mAhIVI9LfmfV4AaABAg,@jamesm568,"Not bad. I personally don't care for it, but I'm also a high end user.",2024-12-13T21:13:49Z,0,0,en
Ugx6wAsuvdl1t4eUGtt4AaABAg,@themachine4008,The Five Guys fries makes your mos fat.,2024-12-13T21:13:13Z,1,0,en
UgzSC7kkxU2pRiz2ygV4AaABAg,@creaturedanaaaaa,not in the card market for another year or two at the least but let them cook,2024-12-13T21:13:06Z,0,0,en
UgxhZ0rlB3ZJs1y49Lx4AaABAg,@elibolton6235,These build quality complaints are void at this low of a price point IMO.,2024-12-13T21:11:43Z,4,0,en
UgwzZA7kGTLZisPHlXl4AaABAg,@korfenkeil,I love seeing the improvements after recieving feedback. Hoping it will pay off for intel in the end,2024-12-13T21:11:11Z,0,0,en
UgwKtjoz-H5u6EVCRkx4AaABAg,@papajavaleri,"Hi Steve! The backplate is an insulator, but it does protect the components from the user somewhat so that might be a benefit they are looking at as well! Hope that helps!",2024-12-13T21:10:44Z,0,0,en
UgzCI6lqBDEzO7b1-d14AaABAg,@angeluorteganieves2539,Plane again??,2024-12-13T21:09:19Z,0,0,Other
Ugyj7uJAf7MHfGGUpUx4AaABAg,@nibelungvalesti,"my gods, that pcb is tiny!",2024-12-13T21:09:04Z,0,0,en
UgxgbuVOZkJYoddjs2F4AaABAg,@OVERKILL_PINBALL,The biggest problem that Intel can fix is the NVIDIA price gouging,2024-12-13T21:09:01Z,0,0,en
UgzvByAkFj_x2c_oeYt4AaABAg,@eaglesclaws8,Gloves,2024-12-13T21:08:34Z,0,0,Other
UgwEbsnqg2qRiOP2lJ94AaABAg,@shuginubi,I think Steve is in a rush a bit.. what is happening?,2024-12-13T21:07:14Z,0,0,en
UgwPTDaVt_rstSC3lGJ4AaABAg,@AramComjean,i want a review of that invisible wrist watch you are wearing!,2024-12-13T21:06:49Z,0,0,en
UgxgEjQWgMAHmfUNz2p4AaABAg,@stephen-he4iw,feels like you pre-drank the video and plane trip lol,2024-12-13T21:06:46Z,0,0,en
UgwO6vZS7_8PS6xolsJ4AaABAg,@bigblack2295,Intel is on good way.,2024-12-13T21:06:04Z,0,0,en
UgwSjGFRbbDEBrURHB94AaABAg,@Nozdormu1982,Potentially great for the pc market. AMD will be the average gpu place to be. Decent value there. AMD will the place to be for CPU. Good for good value. NVIDIA will sadly be the highend for GPU and Intel will round things off with good value CPU for good pricing able to compete with lowend and mid NVIDIA.,2024-12-13T21:05:23Z,0,0,en
UgxWaDtYMGQ3HAmAKrt4AaABAg,@starshiphoenix,This is a limited gpu and looks plain,2024-12-13T21:04:46Z,1,0,en
UgwmyMtLo8jjSrXEG6t4AaABAg,@leotoro51,"Ok, now go get the plane, You already wasted 22:16 min.",2024-12-13T21:02:33Z,4,0,en
UgyKwF3x2jXwPAjH5uZ4AaABAg,@Kenneth_James,Wash you're hands.  Thanks Steve,2024-12-13T21:02:28Z,0,0,en
UgwitVxNeWlYvL3VLzl4AaABAg,@Gary_Hun,What's happening lately there's barely anything on these boards other than the chip itself...,2024-12-13T21:02:25Z,0,0,en
UgxzszLIbb5SnUI2igJ4AaABAg,@Psychx_,"250USD for 270ish mm² of 5nm GPU silicon and 12GB of VRAM is pretty good. The die seems rather large for housing just 2560 ALUs/19.6B transistors though (4070 is 68% denser in terms of transistors per area)…
Btw, AMD and NVidia take note - this is the price bracket a 7800XT and GeForce 4070 should be in: sub 300 USD!",2024-12-13T21:02:17Z,1,1,en
UgyXLNKy3Tm3szNzTwZ4AaABAg,@Uffeful,It looks like the backplate has a scoop to divert some air over the back of the card. Can that make a difference?,2024-12-13T21:02:04Z,0,0,en
UgwDwxVyTwFXPH84Uql4AaABAg,@Juurus,Steve went flying instead of this graphics card,2024-12-13T21:01:57Z,0,0,en
UgxyTu0DemBp2Xz_f6x4AaABAg,@riba2233,does it have a vapor chamber?,2024-12-13T21:01:53Z,0,0,en
UgzmwYM1eIz14Fho87Z4AaABAg,@twoolfrx7,Take a shot every time Steve mentioned that they have a flight to catch in a few hours…,2024-12-13T21:01:48Z,0,0,en
UgxCrNa-B9Qy4QT8faF4AaABAg,@plusixty8992,i think these guys got a flight to catch,2024-12-13T21:00:45Z,0,0,en
Ugxyre5ndU_rIizol8R4AaABAg,@donaldswanson9647,metal shell makes it too heavy so it sags in the case.,2024-12-13T21:00:43Z,0,0,en
UgwpSlvvH0sVCsKRc8d4AaABAg,@Rose.Of.Hizaki,When Intel said they wanted to get their graphics cards into the hands of sweaty gamers... They meant it literally.,2024-12-13T20:59:40Z,1,0,en
UgxRbajcKe6vHq5DkZR4AaABAg,@gottagofast0077,I'm glad there's a good affordable GPU again. Hopefully I can snag one when they restock.,2024-12-13T20:59:17Z,0,0,en
Ugwo88FnTztVsArdWSJ4AaABAg,@woodbeard,who cares about fingerprints! ??,2024-12-13T20:57:46Z,0,0,en
UgyYzyIgYsODUqVtoTR4AaABAg,@Velocifyer,Why does intel love plastic backplates?,2024-12-13T20:57:13Z,1,0,en
UgwC_xE98jXe1sWcigx4AaABAg,@durrdurr250,"""Tore apart the ow-chemist board"" 😆",2024-12-13T20:57:05Z,0,0,en
UgwqSUhm7JlMISt2K154AaABAg,@neonrunes777,"Man, Steve really smashed his thumb. Ouch. 18:10",2024-12-13T20:56:56Z,1,0,en
Ugy5rN6iACmHOiFNZSB4AaABAg,@themightymutt5213,"If I didn't know any better, I'd think he had to be on a flight in a couple of hours",2024-12-13T20:56:14Z,0,0,en
Ugxktt1CClnsiP4Q3e54AaABAg,@MutheiM_Marz,"I always wear a rubber glove when I work on PC component, So it's not a problem for me.... but would it be a dust magnet though ??",2024-12-13T20:55:36Z,0,0,en
UgzRLEb7ZWzS0g7lXCJ4AaABAg,@ev021,Thanks Steve,2024-12-13T20:54:57Z,0,0,en
Ugx5_BSHTIaVHy6hOIt4AaABAg,@joshuagray6061,Intel wasn't counting on how greasy Steve was. This is GAMERS Nexus after all.,2024-12-13T20:54:52Z,0,0,en
UgxulKrnqrsXow75vlJ4AaABAg,@gertjanvandermeij4265,"Yeah , *It's a bit cheaper ... BUT ... it is still Intel rubbish !*   I rather spend more money, and get an Radeon GPU !
In any way or form ... there will be NO Nvidia, or Intel crap, in my beautiful AMD PC !!    *Anyways ... Let's first see, what Radeon RDNA-4 will bring, within a few weeks, at CES !*",2024-12-13T20:54:52Z,0,0,en
UgzaQZEVOvq9Ri3uv0Z4AaABAg,@Shiraumere,Do you think Steve had to get on a flight in a couple of hours?,2024-12-13T20:54:43Z,0,0,en
Ugxz9ygPj93If8s7RMV4AaABAg,@jeremy__hopkins,"Don't bring a knife to a gun fight unless ""be quiet!"" is written on the blade.",2024-12-13T20:54:32Z,46,2,en
Ugy5eq4KXZK2I3PFEOB4AaABAg,@EZSleeps4U,I heard NZXT is going to let you rent a PC with one of these for $400 a month,2024-12-13T20:53:34Z,0,0,en
UgyzLSnYdQim8zF4K_54AaABAg,@richardyao9012,Why is it a black PCB? Those are expensive. They could have saved money by going with green. Nobody is even going to look at it given their plastic backplate.,2024-12-13T20:53:12Z,0,0,en
UgyT3tejM5sEAkt1kjh4AaABAg,@Corrosion37,Did you have to get on a plane to see derbauer in a few hours?,2024-12-13T20:52:50Z,0,0,en
Ugx0MZgOr3ikPKdCWpp4AaABAg,@cyberwaste,"I have absolutely no need for this card, but I'm so impressed, I almost feel like buying one. Looks like the Sparkle one runs at lower power draw and temp for only a nominal increase in price too. If intel brings out something that stands toe to toe with the upcoming 5080 (they won't), I'll buy it because nvidia can pound sand.",2024-12-13T20:52:30Z,0,0,en
UgxAok-Mui3-8PQJeNF4AaABAg,@MrReese,Isn't it great when a company (Intel of all companies!) actually listens to what reputable reviewers have to say and fix the issues? If Intel continues on that path then the third generation could mean actual trouble for the other two companies in the field which have been quite lazy in recent years.,2024-12-13T20:52:19Z,8,2,en
UgzvcCaWNuD3dDXq5L94AaABAg,@svenweyers3916,"Even if the backplate is plastic, it still has the function of protecting the card from human stupidity... You won't knock those tiny components off the board if there is a piece of plastic preventing you from getting to them. That and the card still performs ok thermally... so aside from the greasy fingerprint collecting material, on a 250$ card... the plastic  backplate can be forgiven.",2024-12-13T20:52:19Z,30,1,en
Ugw1AcBwISFT27tbFTF4AaABAg,@SpaceCitizenFaye,"It is a shame they got greedy with the pricing. I was wanting to buy one, but the increased price doesn't offset the risk to me.",2024-12-13T20:52:10Z,1,0,en
Ugy8SMU3AEoOiUrJiaN4AaABAg,@chupapimunano6920,"first time really watching this channel and, does this guy mouth breaths alot in his vids? or does he have a condition? that was like the only thing i was able to hear while watching the vid, just the constant mouth breathing which is weird since i watch alot of linus tech tips and never really hear anything there. i also noticed this guy has been doing vids for a while now but still has to play around with his hair to get out the way every time? does he not tie up his hair knowing he is gonna have it in the way alot? And finally, he doesnt use a teleprompter right, hes like the one guy i have seen that use paper when making a vid.",2024-12-13T20:50:50Z,0,0,en
UgySAZId3Qjg2r1s0_x4AaABAg,@Jason-db1dy,Drinking game when ever he says we gotta get on a plane in a few hours take a drink. Good luck,2024-12-13T20:50:37Z,0,0,en
UgxwmyT39YcrXIXRXFZ4AaABAg,@RobSomeone,RIP Pat,2024-12-13T20:49:38Z,0,0,Other
Ugwqcm7EpSzIpvt14Fp4AaABAg,@garchamp9844,The glue was reason I never gave Alchemist a chance. Build quality matters!,2024-12-13T20:49:10Z,0,0,en
UgyZhanxIbTmI4S_gaB4AaABAg,@47enterprises,Did they make the flight?,2024-12-13T20:48:21Z,0,0,en
UgwbBAkRdZRb-gcSsz94AaABAg,@NegativeROG,"I bet that thing generates so little heat the backplate could be made of butter.  Any greasier and it would be, huh?",2024-12-13T20:48:08Z,0,0,en
Ugxn8to4_jWlzYKlA_Z4AaABAg,@th3frs3h,"Steve, love you man but you gotta cut that hair bro lol.",2024-12-13T20:47:37Z,0,0,en
Ugzl6sXMlWwZwbV0yNl4AaABAg,@thatsgottahurt,Please bring back the shirt youre wearing this video (RGB GPU glitch),2024-12-13T20:46:56Z,1,0,en
Ugyy8MTx_XXheQR9kQx4AaABAg,@awilliams1701,you forgot to say we're going to edit that out of the video. LMAO,2024-12-13T20:46:28Z,0,0,en
UgzfFzINxptKW_OtY5d4AaABAg,@615f,I can't believe this thing can power a plane for 2 hours! Big ups to Intel!,2024-12-13T20:45:56Z,5,0,en
UgxKIvwgbuxV-C3Rs8d4AaABAg,@JohnWalsh2019,Steve packing on the lbzzzz,2024-12-13T20:45:18Z,0,0,en
Ugx-WC7OOli3_JCWxgN4AaABAg,@teeborg1519,I wonder if they cought the plane that was just in a couple of hours at the filming of this video.,2024-12-13T20:44:10Z,0,0,en
UgwJaJfLGaPfHwG_Pap4AaABAg,@SnqcE,I'm waiting for the Intel B700 series Intel surprised me B580 is an excellent GPU,2024-12-13T20:44:07Z,0,0,en
UgxnqN8CVzdhTp3kdSV4AaABAg,@originalscreenname44,Really starting to enjoy Steve’s slow transition from Tech Jesus to Tech Gandalf.,2024-12-13T20:43:53Z,2,0,en
UgyRUCSWeLvZHbdKN0t4AaABAg,@Amplituhedron1,"Is this supposed to be funny ? Got to get on a plane.. showing some lighting in the studio..clumsily handling a video card..what a humor. Haven't looked for a while, is tiktok creeping into YT ?",2024-12-13T20:42:15Z,0,0,en
UgywjR4WjtLTEB0VJm54AaABAg,@DK-nc9wr,"Steve gave me anxiety with the TSA experience. Thankfully, that went smooth haha",2024-12-13T20:42:02Z,0,0,en
UgybFhK20gYVE8KFbB94AaABAg,@dejavupr123456789,"What is with this ""Roman ce"" thing going on Lately!",2024-12-13T20:41:59Z,0,0,en
Ugwukhsz0RslopmsxKp4AaABAg,@jeremyschillinger917,"If Battlemage can see this level of improvement from the prior gen, gives me hope for Celestial in a few years.",2024-12-13T20:41:44Z,50,3,en
UgzKxCShKuvTmLddzTl4AaABAg,@thelegendaryklobb2879,You can easily tell Steve was in a rush because he failed to notice or mention that the fan shroud features TWO squircles,2024-12-13T20:41:11Z,143,1,en
Ugz_5OTpZf7wwmz2met4AaABAg,@blakefullerracing,"I wonder if he’s got a flight in a couple of hours, I’m not really sure.",2024-12-13T20:41:02Z,0,0,en
UgysEoy2IGi0vFmXsHt4AaABAg,@SaperPl1,"What annoys me with this card is that it could have been a pure 10.5""/267mm card if not for that slanted end of the card because radiator heatpipe ends are like 6-8mm from the card so it could have been those 8mm shorter.",2024-12-13T20:40:55Z,0,0,en
UgyQcQh0N0qmvF5nWdl4AaABAg,@Numbertwo22,they missed the opportunity to print BATTLEMAGE right on the side.. if have sold some nvda stock str8 away to buy it if they did that.,2024-12-13T20:40:47Z,0,0,en
UgyCFpLppH83jFKI1TJ4AaABAg,@MaxReiAT,Roman better have some good content for you if the flight stresses you out so much lol,2024-12-13T20:39:54Z,0,0,en
Ugxhp0dUUuth6Vzc5hJ4AaABAg,@ross4814,Are we getting a der8auer Xmas special?,2024-12-13T20:39:07Z,0,0,en
UgzeMhz3qimLM1W29WJ4AaABAg,@NexGen-3D,"I have an XFX AMD card, and the fans are completely screwless, they snap into place via magnetic pogo pins, and actually come out of the card from new, you have to fit them yourself, which takes 2 seconds, this card actually impressed me, one of the nicest things I have seen with my long history of owning and modding GPU's, but I would not recommend this for low end GPU, it would just add expense, but the construction of this Intel card, is far better than I would expect, just take apart any 60 class card from the likes of Gigabyte or similar, and they will be dog crap.",2024-12-13T20:39:05Z,9,0,en
UgwhCMt7y_PBPgsOm654AaABAg,@RazMaster01,better tell debauer to give us O12 case line up,2024-12-13T20:38:58Z,0,0,Other
UgxYfZZf4NQ2LnwLzOB4AaABAg,@futurepastnow,"Not only is the cooler simpler and easier to disassemble, it's probably cheaper to make. Intel was certainly losing money on the A770/A750 LE cards, and dozens of cents here and there add up. Complexity isn't always good, and cost reduction isn't always bad.",2024-12-13T20:38:57Z,0,0,en
Ugyvk1GCZlB9DDshl1R4AaABAg,@joanz01,I played the video 2x so you can be early for your trip,2024-12-13T20:37:38Z,1,0,en
UgxbIC4-F92RPQkKbSR4AaABAg,@henryojeda2890,This is cool!,2024-12-13T20:37:35Z,0,0,en
UgznmKgT7H8t_CFtbiF4AaABAg,@theshield2004,“MosFats...they’ve gained some weight.” 😂,2024-12-13T20:37:19Z,98,0,en
UgzmH3hMg_QpsXFc8wV4AaABAg,@corwinwhitehorn7759,4:00 How many % is that?,2024-12-13T20:36:49Z,0,0,en
UgxXpLkFqKl7wCg2-854AaABAg,@dabombinablemi6188,"I definitely would have considered a B580 as an upgrade from my GTX 1070 if I hadn't gotten the 6700XT years ago.

If there is a B700 series however, and the idle power consumption is improved significantly - I would definitely consider. Would be nice having an Intel videocard (that isn't i740) as it'd bring the variety of GPU from different manufacturers that I can use in my PC to 9 (currently have examples from; S3, SiS, 3DFX, Nvidia, AMD in use. Matrox, Ati and 3DLabs in storage).",2024-12-13T20:36:44Z,0,0,en
UgxBSzWTYu1DTXRJgb94AaABAg,@Plutonium239MXR,I hope we get to see a b770 soon.,2024-12-13T20:36:40Z,0,0,Other
UgzDZ4a4gSDlPH5PPGN4AaABAg,@bobross9127,Is this card better than a 6700 10 gig?,2024-12-13T20:36:05Z,0,0,en
UgxEGLxm_fM9dPKyId94AaABAg,@NegativeROG,"Steve, I watched this video a little late, did that slow you down at all?  Sorry, bud!",2024-12-13T20:35:42Z,0,0,en
UgzGHe4U-kxo32wmL6N4AaABAg,@DeuzExMachina7,"I’m sorry, what did he say he had to catch? I missed it.",2024-12-13T20:35:13Z,0,0,en
Ugy879_hm3RG_GTGnrF4AaABAg,@Retro-Iron11,"You've always had kfc fingers from brushing your hair back constantly mate. A knife with BeQuiet! on it is a pretty funny threat really. Except there are no memory modules on back, plastic shroud is fine, it's only there for physical protection. I'm sure you could take that plastic piece with you and get Derbauer to laser cut a metal one and etch Thermal Grizzly on it, or just get him to use his, make a mention to him to do it. :) BTW, what are the pad thicknesses? Dang shame on the fan replacing and by extension fan cleaning. Also when you do a thermal test, can you block the bottom vent and see what it does to the card and motherboard?",2024-12-13T20:34:15Z,0,0,en
UgwOB_IBNVEtrUEgffx4AaABAg,@bigbrain8839,HE'S SMILING AGAIN IN THE THUMBNAIL,2024-12-13T20:34:11Z,0,0,en
Ugzq0YfQGBLmNH6Y2op4AaABAg,@nightstrikex8450,Something  tells me he has a flight to catch.,2024-12-13T20:33:56Z,0,0,en
UgwsGLBVpoiX3T1ciqF4AaABAg,@cockus4192,Please tell it undervolted,2024-12-13T20:33:37Z,0,0,en
UgwajKQGBlpl9KuB7u54AaABAg,@ironwolf9000,You have enough time to do an add in the video?,2024-12-13T20:33:17Z,0,0,en
UgxhG-VLHkRwCKUBFTF4AaABAg,@lil----lil,The review can wait but the plane will not wait 4 u!! ✈✈✈ Leave already!!,2024-12-13T20:31:33Z,0,0,en
UgytCPgsRIfYkrRmNf14AaABAg,@gmodiscool14,"Do you think I should get an oled monitor since my current one died put? Price budget is like 500 bucks and 1440p, hopefully 240hz. Also should I get a B580 for my friend on a 1060 6gb and i5 7600k?",2024-12-13T20:30:59Z,0,0,en
Ugxck4B4Q7ucO9nXfWN4AaABAg,@LunaSolarys,"I will admit Im very curious about how it might fare for VR. I'm somewhat disappointed at the performance increase upgrading from my 2080 to 7900 GRE and a weirder feeling latency (not sure how else to describe it) but if Intel can come in with some good VR performance per dollar, I will be eyeing them up whenever i need to upgrade next",2024-12-13T20:30:58Z,2,0,en
UgwIiUMvrzcAcW0cm3N4AaABAg,@christophernoble8112,"Its not a good sign if you have to in any way take a NEW video card apart after spending $250 .. I myself am a A+, NET+, MCSE, CCNA and comfortable at a component level repair but for most people there not.",2024-12-13T20:29:28Z,0,0,en
UgyfP5-cp6hYMfRlp0J4AaABAg,@ChronischVrij,Is this the sign to buy Intel stock?,2024-12-13T20:29:09Z,0,0,en
UgwFxcI397XkkdxAqlp4AaABAg,@Diglo1,"Back plate really doesn't matter in this case, it is just there to make it look better which is good trough might cause slight heat insulation. Other then that the GPU is well constructed especially for it's price. 
Intel has really upped their game which is a welcoming sight!",2024-12-13T20:28:50Z,1,0,en
Ugyh3l7FThhFo79dO8Z4AaABAg,@samoh4u,I can't wait to see Intel come out and compete in the high end,2024-12-13T20:28:46Z,0,0,en
UgxOQPvRxI0PmV8GRvp4AaABAg,@abavariannormiepleb9470,Anyone remembering the NVIDIA 2080 teardown?,2024-12-13T20:28:12Z,0,0,en
Ugz-w5Brk7sIocqGjEN4AaABAg,@YPalmTree,"i really appreciate intel's commitment to make their gpus actually good, really big breath of fresh air compared to the dumpster fire cpus they had for the past 3 generations, if they keep this trend going i really wouldn't be surprised if intel becomes primarily a video card company rather than a processor one",2024-12-13T20:27:40Z,2,1,en
UgwevSALHbWY1CgUag94AaABAg,@EddSixxxNineee,Does anyone know why this felt so rushed?,2024-12-13T20:27:32Z,0,0,en
Ugz7M6q_hIOyrEsiq7x4AaABAg,@EMPeter,"I'm only 3:20 in, but I get the feeling you were in a hurry. Can't pinpoint it why, though 🤔",2024-12-13T20:26:34Z,0,0,en
UgxrauJ7ZypqYNLYqzh4AaABAg,@frankwong9486,That's a very large die size !,2024-12-13T20:25:44Z,0,0,en
Ugyo3LHHWrTTA26YUA54AaABAg,@x_Cant_01_x,send one to builzoid for a breakdown,2024-12-13T20:24:31Z,0,0,en
Ugw6viEPU7kPxTJtxAt4AaABAg,@TonyOstrich,Anoney get the sense that Steve had to catch a flight right after this video?,2024-12-13T20:24:25Z,0,0,en
UgxSX-JNFqVxxMsKJFV4AaABAg,@JHawke1,Steve's been needing to get on a flight in a couple of hours for like 5 videos now,2024-12-13T20:23:56Z,0,0,en
UgwK2Oq7ahp3z-oZDqt4AaABAg,@beirch,"Doesn't have time to clean it, but has time to talk at length about how greasy it is. Classic.",2024-12-13T20:23:06Z,0,0,en
UgyaEbhzmuusy1cAhr54AaABAg,@hammerth1421,I think it's very interesting how rectangular the die is compared to the almost square dies AMD and Nvidia like to use.,2024-12-13T20:22:16Z,1,0,en
UgwzsHJkLxXHxOJHH454AaABAg,@fl00d69,Why is the die hideously skewed in the thumbnail???,2024-12-13T20:21:32Z,0,0,en
UgyNQ-MEC9w6bymuIW94AaABAg,@gb9254,"Steve, please, work on your speech flow, you eat half of your words.  Also please, do not make a joke unless it is really funny, otherwise it sounds like you are listening to yourself and this is really not enjoyable.",2024-12-13T20:21:06Z,0,0,en
UgymptzCKbjAp68_Y8B4AaABAg,@tommihommi1,"interesting how there's so few MLCCs on the substrate, and how they're all located on only one side. Compare this to Nvidia and AMD GPUs, where you'll usually find many more decoupling caps, and placed all around the Chip to make for optimal power delivery.",2024-12-13T20:20:21Z,1,0,en
UgwES-lNnhTwmbioPBt4AaABAg,@Bluedemonde,Sapphire has been doing the pin to pad fans forever,2024-12-13T20:20:19Z,1,0,en
UgyyNZmN8G8J4d2C3M94AaABAg,@BlueHasia,if you dont like fingerprints try some gloves. mechanics or maybe thin cloth,2024-12-13T20:19:41Z,0,0,en
Ugzm5oLw2spPN5ND1rV4AaABAg,@andresrodriguez7746,Steve taking a page out of NZXT’s book with that “I have to catch a flight so don’t blame me it’s the flight”😂😂😂,2024-12-13T20:19:18Z,6,0,en
UgwdpZqWu6ea2hGqTE94AaABAg,@PostNoteIt,Waiting on the EK Waterblock for this PCB.,2024-12-13T20:19:04Z,0,1,en
UgzwS2kojTKDjjtkjTp4AaABAg,@kotztotz3530,"A BeQuiet! knife definitely makes more sense than a BeQuiet! gun 🤣 well, at least the gun would have to have a silencer on it for it to make sense.",2024-12-13T20:18:38Z,0,0,en
UgwlpqjfMjItZAoMAMN4AaABAg,@AlbertsFlasher,This b580 gpu is the most interesting gpu release in some time for me. Excited to see what driver updates in the coming months and the b700 releases bring.,2024-12-13T20:18:24Z,0,0,en
UgzqdgzJvyX4l8rKmdh4AaABAg,@preferredimage,11:00 Hello intel I appear to have purchased half a graphics card in an oversized cooler.....,2024-12-13T20:17:50Z,1,0,en
Ugxvat7AEzkaldH1V2x4AaABAg,@tomaszzalewski4541,Now I want to see it overclocked,2024-12-13T20:17:16Z,0,0,en
UgyAPYsC5cu-Cd6_rwR4AaABAg,@DidYouReadEULA,Still not clear on one thing though...do you and Andrew have to get on a plane in a few hours? Is that correct?,2024-12-13T20:17:06Z,0,0,en
UgyZTTgs0_vzaroLnml4AaABAg,@RonnieBanerjee007,Idk about you but I think Steve needs to catch a flight in a couple of hours.,2024-12-13T20:15:11Z,0,0,en
UgwyhOmc_-7FGf4ZvFF4AaABAg,@FELiPES101,guys i think he has a plane to catch,2024-12-13T20:15:10Z,0,0,en
UgxTI0LT0LE-nS_6IL94AaABAg,@bagofsunshine3916,"Like the review, but you HAVE to keep the price in mind with all the plastic bits and ""lack"" of thermal pads.",2024-12-13T20:14:52Z,1,0,en
Ugz0Vr4sVRqOZ4XJc8p4AaABAg,@rosakampfsocke,"keep the bromance alive, will you release the thermal grizzly tour before christmas?",2024-12-13T20:14:47Z,0,0,en
Ugz4T8s2CxScFaHW0RZ4AaABAg,@realdripmeister,I assume the B770 will compete with a 4070 at $500?,2024-12-13T20:13:53Z,0,0,en
UgxWdJIITXUR2oI-Mip4AaABAg,@Konrad-z9w,You could have worn cloth gloves like those pc building shorts guys do.,2024-12-13T20:13:38Z,0,0,en
Ugw-HFodX1H7LuVlRc54AaABAg,@ITABehelit,Don't know why but suddenly i have the urge to get on a plane in a couple hours to go buy this card!,2024-12-13T20:13:28Z,0,0,en
Ugy5LQ-nezZaLv0roHd4AaABAg,@haroldasraz,"Wow, currently, B580 on German Amazon is selling for >400 Eur!",2024-12-13T20:13:03Z,0,0,en
UgxzRxvU_-MNMv8lnLF4AaABAg,@sarabihyena,"Have a nice flight you two, get some much deserved rest.",2024-12-13T20:13:02Z,0,0,en
UgyQ61cSp8Z3wxvEpv14AaABAg,@MenkoDany,"This video in a nutshell: Intel okay, Steve REALLY needs to go to catch an airplane",2024-12-13T20:12:30Z,0,0,en
UgzR9ZpQcFe5_6UItJ14AaABAg,@MrAndrew3048,"I heard down the grapevine that you had to catch a flight in a few hours.  Hey, don’t miss your flight. Flight flight flight",2024-12-13T20:12:26Z,0,0,en
UgwLnX6l0uiXW0fWoKt4AaABAg,@physxme,To be fair plastic backplate does prevent you from accidentally knocking off SMD's from the back of the PCB if you are terribly not careful when assembling the PC.,2024-12-13T20:09:48Z,37,0,en
Ugz0ccwOqoTOKoCRmBZ4AaABAg,@TomTschritter,bon voyage,2024-12-13T20:08:35Z,0,0,Other
UgybwuEetJYOMwgTp814AaABAg,@keithmiller9665,"I have an Intel (not Airbus😂) A380 that I use exclusively for video transcoding - I don’t play games at all, outside of the bedroom! 😅  I will be really interested to learn if it will be worth upgrading to a BM GPU for my use case alone. I suspect not, as the ffmpeg hevc_qsv encodes are already at ~12x @ 1920x and ~20x @ 1280x.",2024-12-13T20:08:23Z,1,0,en
UgyCLw9-Vrjm_4eM1_N4AaABAg,@tehallanaz,I love how they are all sold out. Good times.,2024-12-13T20:08:09Z,0,2,en
UgxjkmT0d6Fhm23Aqx94AaABAg,@solreaver83,I'm so excited for the future of Intel gpu.  I'm mostly curious to see how they are going to catch up being a generation behind on the releases,2024-12-13T20:08:06Z,0,0,en
Ugx0fZhFyydb2TFv8D94AaABAg,@Mango-nc6qe,Why was he speaking so fast? Did he have to get on a flight in a couple of hours or something?,2024-12-13T20:08:04Z,0,0,en
UgzXYFC0JZscy8ZLF6t4AaABAg,@PL-fj4uq,"On the plus side, that awful matte/soft-touch coating will likely degrade in a few years and go super sticky (if it's anything like that stuff Dell use on their XPS laptops)...",2024-12-13T20:07:11Z,0,0,en
UgwSKS9GpmC0b9oDO2x4AaABAg,@davitdavid7165,"Again, cut down version of this, 12 gigs of vram, laptop under 1000 dollars. Would be a best seller",2024-12-13T20:07:03Z,0,0,en
UgykisdhXx-PLfgFTV14AaABAg,@cuf_,Will be getting this gpu when i can.,2024-12-13T20:06:51Z,0,0,en
UgyDQBhch2g4qbetr2B4AaABAg,@noname-vv1vr,will be interesting to see what kind of impact removing plastic backplate has on thermals,2024-12-13T20:06:17Z,1,0,en
UgwIGUSm6eV-W-uJhDp4AaABAg,@meme-rp5ww,refraction of euv subtrate,2024-12-13T20:06:01Z,0,0,en
UgxrgYCqIAA74V2blY14AaABAg,@ridleyroid9060,"Man a flight to Germany must be long from where you are at, how do you do it!? I am terrified of like a 1h flight.",2024-12-13T20:03:59Z,0,0,en
UgzZKR_4wv1oTMEEUud4AaABAg,@Beef1188,"Steve didn't have anything to roast the card with, so he dipped his fingers in pig fat!",2024-12-13T20:03:25Z,0,0,en
Ugx-wrHltdZxXTIZUWN4AaABAg,@MrIAmNav,"Thanks, steve",2024-12-13T20:03:16Z,0,0,en
Ugz_NaJU-toqVMJDZ1V4AaABAg,@FallenStarXxXGaming,Intel is competing against Intel,2024-12-13T20:03:10Z,0,0,en
UgynyC90-790ec6v2Lp4AaABAg,@KristianWasTaken,The the shroud made of the same kind of material that will ooze out the plastic softener over time and make it super sticky?,2024-12-13T20:02:11Z,5,1,en
UgyFPr1O9QHs85OPjIF4AaABAg,@huababua8203,That „discoloration“ is an underfill material which is UV hardened (hence the slight yellow color) after pcb assembly. This improves the mechanic stability of the die itself and protects for ingress of dirt or liquids (like old thermal paste).,2024-12-13T20:01:51Z,836,21,en
UgxF2v31Tlg5BxNdGsN4AaABAg,@movietvextras,i'm waiting for the aliexpress 120mm aio low profile B580 gpu 😂,2024-12-13T20:01:47Z,0,0,en
Ugzgn1-2tJ9HT6ybHUp4AaABAg,@tchpowdog,"Damn, I read ""Intel Fixed Its Problems"" and I thought this was about my 285K",2024-12-13T20:01:31Z,0,0,en
Ugy-EFkwejWR9ufLcPF4AaABAg,@RottingFarmsTV,I think ive seen more videos where Steve needs to be on a flight in two hours than I have where he has the luxury of time.,2024-12-13T20:01:22Z,0,0,en
Ugw_cfeSLSdFag-ZUmJ4AaABAg,@tacticooldennis,I feel like this rushed design of a video needs to be a regular bit on there; nothing cuts through the BS like having a plane to catch.,2024-12-13T20:00:35Z,1,0,en
Ugzg5Y_Tyz52D1OZQv94AaABAg,@UbergamR447,great video! thank you :),2024-12-13T20:00:02Z,0,0,en
Ugz016X8Fgd1jcgsAAx4AaABAg,@dave-bennett,i love watching gorillas disassemble electronics,2024-12-13T19:59:42Z,0,0,en
Ugzd8J8yLB2lQLdnLyB4AaABAg,@mentalplayground,Do you need to be on a plane in couple of hours?,2024-12-13T19:59:38Z,0,0,en
Ugx_622gvFdrc_wtxyd4AaABAg,@PhoticSneezeOne,"Hi Steve, is undervolting possible on the B580 ? Would be great to improve its ""ok"" power draw.",2024-12-13T19:59:35Z,0,0,en
UgwWPooyn7OsPe7xVi54AaABAg,@Dherk_McDerkensen,"Not sure if I understand right, but I seem to understand you need to catch a flight soon.",2024-12-13T19:59:00Z,0,0,en
UgxVnZPpE1azcMm3sGR4AaABAg,@The-House-of-Mint,Maybe wash your hands? Maybe use gloves when handling things you want to stay clean and free of oils? Like you made this problem bro. Move on.,2024-12-13T19:58:50Z,0,0,en
Ugx6c-UNj3yJ1xuU0b14AaABAg,@Maboidatboi,No hot glue (    ._.),2024-12-13T19:58:50Z,0,0,en
UgwE7_N3eO923L-ch3l4AaABAg,@stevetheborg,I DEMAND POWER TOOLS!!!,2024-12-13T19:58:48Z,0,0,en
UgxBY-3OUe2BQq_Yrhh4AaABAg,@R3TR0J4N,I'm actually smiling and using PSU calculator after almost a decade I'm finally retiring my 1060 😂 hahaha,2024-12-13T19:58:43Z,1,0,en
UgzhclY7YCwfARAPwDV4AaABAg,@moravianlion3108,"I find it funny that B580 doesn't seem to be available anywhere in US before January, but I can already walk into my European store and they'll just hand it over to me.",2024-12-13T19:57:21Z,19,5,en
UgwR_qoKX0jpunxrQu94AaABAg,@johni-db4xv,I watched this at 2x speed to help you catch your flight.,2024-12-13T19:57:18Z,1,0,en
Ugwz368jn4kZMnhNIXV4AaABAg,@DBZash_FR,"Long live 580's GPU, saver of wallet",2024-12-13T19:56:40Z,0,0,en
UgzRyrddnQUiyyUfX2V4AaABAg,@relin3062,"I can't find anywhere this ""limited edition"" card on sale in EU. Guess its just for press, since I have been able to find reference cards for NV and AMD.",2024-12-13T19:56:26Z,0,0,en
UgyHTOg7wuSfTANVBHZ4AaABAg,@Cipotalp,I think a lot of Intel engineers watching this video :D Anyway I like te new card. They definitely improved it :),2024-12-13T19:56:02Z,0,0,en
UgymgOXtkrHVYolJN-l4AaABAg,@StripesOO7,10:15 the coefficient of grease. On the one side its nothing. On the other side its so much you can make a movie out of it,2024-12-13T19:54:47Z,0,0,en
Ugygn8VPuFC_ERQdhDR4AaABAg,@logiclust,"your video would have been 5:48 shorter if you stopped mentioning your flight. lots of people get on flights on a regular basis. PS, TSA steels shit from me all the time, often even leaving a calling card ""inspected by"" slip",2024-12-13T19:54:46Z,0,0,en
UgxXgGr-8v6gEsCGt7N4AaABAg,@The-House-of-Mint,As an A-770 owner each new video on the B series makes me feel like an old used step. That's been abandoned and forgotten.,2024-12-13T19:54:45Z,4,4,en
UgzkEqE2nnRLGKpaCF14AaABAg,@eikbolha5883,Damn this is 10 Times better than old design good point for intel lmao i gót to put shit load more scrues when i reoasting and repadding my old Rtx 3070 OC palit jetstream damn i remember that but gpu i have now is easy to open rx 7900gre gigabyte but damn this intel is perfect to tear down i love it soo mutch but back plate should bé metal and it even been coonecked to the walls and back plate it woukd be soo strong but still this is really well build gpu and finally this gpu can afford anyone new good work Intel ohh how mutch i hate them but now i love them😂😂😂,2024-12-13T19:54:24Z,0,0,en
UgyMouUIEdMU16t86ct4AaABAg,@nunwrong_nothing,holy fingerprints from the tech jesus him self,2024-12-13T19:54:23Z,0,0,en
UgxNPkauXd9Dl08DhZp4AaABAg,@ShimejiiGaming,Going to der8auer to see their overpriced thermal putty ;...; 145$ for thermal putty lol...,2024-12-13T19:54:16Z,0,0,en
Ugypu4uv77r6Od_BDUd4AaABAg,@aaronjenkins223,"Intel: B580 launches today!

Me: Oh, so they are readily available to buy and I can get one?

Intel: LOL, no.",2024-12-13T19:54:09Z,46,2,en
Ugwt1PX17kxgKvR9aYh4AaABAg,@xxvjvxx,"one thing i can appreciate about the design is that they screw mounted the ports to the pcie plate. should help keep the hdmi/dvi ports from breaking as easy as older cads...ala gtx1070.  id love to see some b-series x-oc also, so bust out the LN2",2024-12-13T19:53:56Z,0,0,en
UgxgX_icAy6FxS4K9dt4AaABAg,@mozza1983,Did anyone mention you've got a flight in a couple hours?,2024-12-13T19:53:26Z,0,0,en
UgxNaY450zLCCV4BI4R4AaABAg,@Mikesusendsadasdc,This may be a odd request. But you think you could make a mod mat version of a mousepad? or do you know if mouses work good on the mod mat? I wouldnt have a place for a mod mat. But I would if it was my mouse pad. Js. Just an idea. I build my PC on my mouse pad usually which takes up most my desk.,2024-12-13T19:52:00Z,0,0,en
Ugw9N0CACkgNKmo252p4AaABAg,@freekvanemaus,Steve seems rushed almost like he has a plane to catch,2024-12-13T19:51:50Z,0,0,en
UgyCpgh8ayg0c8RbHs54AaABAg,@Tubbytube6,What a marvelous innovation they somehow made matte black plastic catch as many fingerprints as a launch PS3.,2024-12-13T19:51:41Z,47,3,en
UgyXOqAPxUvtCG064SB4AaABAg,@wargamingrefugee9065,What?!? They used tape and adhesive?  What did Intel think they were building?  An automobile?  An airplane?  A locomotive?,2024-12-13T19:50:53Z,0,0,en
Ugz5NSawco1bdmLmct94AaABAg,@fightRflight,Steve was acting like he had to catch a flight or something,2024-12-13T19:50:06Z,49,0,en
UgyblFFg-k32Wfp-ffR4AaABAg,@Bryan-T,I'm surprised at the size of the die. I expected smaller.,2024-12-13T19:50:05Z,0,0,en
UgwNyDIl_PR2f9dIZRB4AaABAg,@artemisforce,"Spoiler. He missed the flight Roman, sorry!",2024-12-13T19:49:18Z,0,0,en
UgxNHPikmIxr55mVAfh4AaABAg,@FINNIUSORION,can they not put a coating that shows every tiny single little finger print ?,2024-12-13T19:48:32Z,0,0,en
Ugzzq10ZuN3bggj01al4AaABAg,@Ofjkk,"you said you gotta go somewhere? 
didnt quite make it out",2024-12-13T19:48:31Z,2,1,Other
Ugz00YQm5L_ivjJOcmB4AaABAg,@raanans.a8992,"How's the overclocking potential of this card...
The new arc graphics interface allows overclocking of these cards

Hoping that it has good oc potential so it may just come close enough to a 3070 with a good overclock",2024-12-13T19:48:30Z,0,1,en
UgxiaPTUqebcoCoGQyR4AaABAg,@tudomerda,"I  didn't watch all the way to the end so you could make the flight, you're welcome.",2024-12-13T19:47:35Z,0,0,en
UgwfD4YP-o2fzoQb5cp4AaABAg,@Seba-dr7vv,"do not worry, it is probably oxidation ;)",2024-12-13T19:47:28Z,0,0,en
UgwZv_GK7pdCDE6ZNvR4AaABAg,@DreuScuhDoo,Thanks Steve,2024-12-13T19:46:56Z,0,0,en
Ugw7pObIJbemIwnKpSN4AaABAg,@28_babyshark,I ordered the D&D circuitelectronics-themed dice 🎲 from y'all.,2024-12-13T19:46:40Z,2,2,en
UgzU3akdw8DEy3osFuJ4AaABAg,@StrikerSG,such a small board 250 bucks...,2024-12-13T19:46:27Z,0,0,en
UgzFqla2DXFstkcgV3h4AaABAg,@Kopecky_,You could've taken the gpu with you and re-mount it in the plane. Totally not suspicious to connect cables to an open PCB that could easily be saw as a C4,2024-12-13T19:46:25Z,0,0,en
UgyyD6hphsN4Q99TsPt4AaABAg,@ViaScientifica,As a long term AMD supporter—and I can’t believe I’m writing this—for the time in my life I’m rooting for Intel.,2024-12-13T19:45:33Z,76,9,en
UgyR2EUG_4_q5GXHY-R4AaABAg,@ivankintober7561,"nvidia and intel made it very simple , unlike amd still in process of learning",2024-12-13T19:45:27Z,0,0,en
UgxRmcuSbiG5YVhwPAZ4AaABAg,@ThatRandomGuyInTheComments,"So literally all of Intel DOESN'T deserve the noose this week?
Ok cool.",2024-12-13T19:45:24Z,1,1,en
UgxKjky0J8o9IUNMj6F4AaABAg,@mindwipe0074,"To be fair to intel, I haven't touched my GPU in 3 years.",2024-12-13T19:45:05Z,49,3,en
UgzeqGUI4sGR703pZdV4AaABAg,@thedeleted117,"I love this kind of video, it feels very hands on, organic.. idk. I need to go and watch more of these",2024-12-13T19:45:04Z,42,6,en
UgxoabohQ_h5EnEgqCd4AaABAg,@zanec1780,Do you have to get on a flight in a couple hours?,2024-12-13T19:44:45Z,0,0,en
UgzKKD3_rYPBxXBJ4M14AaABAg,@flakmonkey6796,"@GamersNexus general question, do chipset drivers have anything to do with windows updates and are they important ? I thought psp driver might be related to windows security updates. Can you explain ?",2024-12-13T19:44:29Z,0,0,en
UgzZ73yAO48TB7Z3jSd4AaABAg,@natjimoEU,Blaming Intel for your sweaty hands I see..,2024-12-13T19:43:55Z,1,0,en
Ugyio1UDcrfBR7rVT9l4AaABAg,@omegaprime516,I watched this at 2x speed so you can get on your flight faster. Did it help? 😂,2024-12-13T19:43:40Z,2,1,en
UgyrJBn9f5dE6SCqIth4AaABAg,@mannydcbianco,"I actually really, really like the design of (Intel's) B580. It's incredibly simple and minimalistic, slightly industrial but with some flair, and I'm definitely feeling it. No RGB (apart from the optional light-up ""Intel ARC"" logo). No flashy and spaced out ""gamer"" design. Just simple and austere, in a good way.",2024-12-13T19:43:18Z,1011,16,en
Ugx1EjLBWiAGPS6VsMN4AaABAg,@johnolsen1673,"The modmat is grosser than the card.  Clean that up GamersNexus!  Another good video.  I am optimistic about the near term future of Intel graphics cards.  They will continue to improve and become very competitive until they develop meaningful revenue and at that point, corporate will start screwing it up.  Safe travels!",2024-12-13T19:42:59Z,0,0,en
Ugyi3Pb2hOMxjAxqNLZ4AaABAg,@neuronic85,Looks like a gross soft touch finish... one that's guaranteed to degrade into a sticky mess. This won't be my first choice in a future retro PC. Here I was hoping we gave up on soft touch as a society.,2024-12-13T19:42:55Z,0,0,en
UgyILkKJfLZ8g6wu_Pl4AaABAg,@goranzbr,Greasy hands,2024-12-13T19:42:49Z,0,0,en
UgzCaltZ7DU8691UqC14AaABAg,@goranzbr,"Man do you brag about not washing your hands, c'mon...",2024-12-13T19:42:31Z,0,0,en
UgwG1daGjpmwlIFrmwF4AaABAg,@DarkBooger,I guess you can say that it's time to gather some Intel on the new GPU,2024-12-13T19:42:30Z,0,0,en
UgwWXXPnFzRaSKYahmB4AaABAg,@esuomi,"3:38 ""Partners can do technically whatever they want."" Considering the world we live in I wouldn't be surprised to see one with Molex connectors at this point.",2024-12-13T19:42:23Z,704,14,en
UgzvDe-qUCyJF5i_-vN4AaABAg,@davidbrennan5,"We need competition, this is good, that cat on the desk is cool.",2024-12-13T19:42:01Z,63,0,en
UgwdcnkGREpMJWmG9Ph4AaABAg,@gsm_liv8980,"If the B580 is already this good, I hope the B750 and B770 keep the same energy.",2024-12-13T19:41:33Z,434,16,en
UgykFy5aW2atJppjy794AaABAg,@crashgamesuhd,"You say you test products before the tear-down. Are follow-up test (for different review, for example) performed with the same card? Do you validate its performance again? Do you buy another?

Just interested, keep up the great work! Mal sehen, was du da mit Roman treibst!",2024-12-13T19:41:31Z,14,2,en
Ugz1v-YUip7vtR-1gZF4AaABAg,@CreaperBrine,he was really rushing this video. do you think he had a flight he had to catch?,2024-12-13T19:41:27Z,0,0,en
UgypU46rWYon91YlIrJ4AaABAg,@TheBlindWeasel,Now if only i could find one...,2024-12-13T19:40:58Z,0,0,en
Ugwb8Luev9khXPCPTmF4AaABAg,@devonmoreau,"“If I’m talking fast it’s because we have to get on a plane soon”.  No sir, 1.5 speed is your normal pace.",2024-12-13T19:40:51Z,55,0,en
UgzGeNNrI_mBBcwZIsR4AaABAg,@Apnerior93,ho ho ho,2024-12-13T19:40:48Z,0,0,Other
UgxcgQvLkNZvRdvCpnR4AaABAg,@D3athChick3n,Never thought I’d see the day where I was rooting for Intel on something but here we are,2024-12-13T19:40:45Z,4,0,en
UgyNjJPYr1cvKjfuKTZ4AaABAg,@rynz_2893,Your ENERGY is Different in this video.,2024-12-13T19:40:40Z,0,0,en
UgyOJMvgUHnNej_tUQd4AaABAg,@tranthien3932,The card seems to be holding good carrying all that magic,2024-12-13T19:40:37Z,32,0,en
UgwwqnlOOhWmEB5z7n54AaABAg,@afedorov3,Watched on 1.5x speed to give you some spare time,2024-12-13T19:40:14Z,2408,30,en
UgwTuyYVOUQen2EyUYh4AaABAg,@PlantainSupernova,Holy hell those grease marks are scuffed. Thought the Logitech MX3 and 3s mice were riddled with rancid texture problems. This one takes the cake.,2024-12-13T19:40:12Z,42,0,en
UgxeJQjKwkDklbe6rEl4AaABAg,@Jsmooth50,I've been away from the channel and community as a whole and coming back and seeing Steve with gray hair (definitely from all the bs in the industry) brings a tear😢,2024-12-13T19:37:46Z,4,0,en
UgyNOTKiuEp-ZCWUthl4AaABAg,@PlantainSupernova,"Posting remotely from Germany, thanks Steve mit acht.",2024-12-13T19:37:24Z,99,5,en
Ugx9ddQjuZc39OJILvF4AaABAg,@Odin029,"Why do I feel like for this video, Steve is a tour guide who has a date at the end of his shift?",2024-12-13T19:37:11Z,291,2,en
Ugx3_SIzYlL6DHgr0Cx4AaABAg,@kiaIV,"I don't know, guys, but I think Steve might have a flight in a couple of hours.",2024-12-13T19:37:03Z,2360,18,en
UgzzU2MtRKslnOXTveJ4AaABAg,@adstagaming,Guys I think Steve might need to get on a flight in a couple hours,2024-12-13T19:36:44Z,720,7,en
UgyYOwULIpV3hnwOy2t4AaABAg,@byRacine,Some of it’s problems*,2024-12-13T19:35:58Z,0,0,en
UgxG6NTnJ6u__KzGsuR4AaABAg,@Rhino_chrome_backup,intel still think gpu and smartphone is the same thing?,2024-12-13T19:35:21Z,0,0,en
UgxrfQN6i1sLMlq2U8F4AaABAg,@thecivilizedgamer2533,The shroud is an anti-theft feature. It records the fingerprints of everyone who's ever handled it,2024-12-13T19:35:03Z,3224,24,en
UgxuN-GyYOYI0uXbsqN4AaABAg,@Greshgore,"B580 sold out in about a minute and a half at Newegg this morning, was desperately hoping to grab one for my dad. All the partner cards show out of stock too, but I don't know if that's because they legitimately are or because they haven't been released yet. I hope most of the sales were to legitimate users and not scalpers. Doesn't matter much to Intel's bottom line who buys it but it would make me feel better at least.",2024-12-13T19:35:01Z,182,19,en
UgztkMZJuPRk4He-fb94AaABAg,@paulustrucenus,"24th !

It's not first but it's something",2024-12-13T19:35:00Z,0,0,en
UgyOr84E9ZQX2_lKdNV4AaABAg,@renmcmanus,Anyone tryed having a intel and Nvidia card installed at the same time? And issues?,2024-12-13T19:34:24Z,74,8,en
UgyjPVrkV2IAEnI_Rwp4AaABAg,@carrmonious,I think Jesus gotta get on a flight,2024-12-13T19:34:23Z,2,0,en
UgyVuAgoHoP5GNGUngF4AaABAg,@blitzhacker6981,Thanks Steve.,2024-12-13T19:34:20Z,0,0,en
UgxrjUndprjGyEpVG2R4AaABAg,@TheCheeseManIsComingForYou,Hope they release some higher end Battlemage cards so I have an upgrade from my 3070. The 8gb vram on the 3070 is not quite enough.,2024-12-13T19:34:17Z,93,8,en
UgytRMo3GIc2mh07llV4AaABAg,@ishu87,Vary nice ❤,2024-12-13T19:33:53Z,0,0,pl
UgzktJQMv63eqgTHZBh4AaABAg,@specksdude,Now lets put a water bloc on that 😎,2024-12-13T19:33:44Z,21,4,en
Ugz8ZksQbFoPoobRPrF4AaABAg,@Charlie-nc3cp,Ofc the one time in the last 5 years that there's a cheap good GPU release it's sold out before it even hits the shelves where I live,2024-12-13T19:33:40Z,295,8,en
Ugyh8L7z8QNmirNXrCh4AaABAg,@Twitledum9,This is a cool vid. Congrats intel,2024-12-13T19:32:51Z,0,0,en
UgzIB4YML0ajMIYAMp54AaABAg,@DavidSaulesco,12th,2024-12-13T19:32:49Z,0,0,Other
Ugxt8xu8s4h7fBl6_gN4AaABAg,@jasona-EV,Glad to see Intel getting back into the GFX game! 😍,2024-12-13T19:32:43Z,0,0,en
Ugz9ZVycZoq4rZtxbhd4AaABAg,@bhavaniprasad7084,Can't wait for the oxidation of this one to begin 😂,2024-12-13T19:32:32Z,0,0,en
UgyHkwvzu6y633kdhH14AaABAg,@POLARTTYRTM,"Ah yes, I remember Intel's screwless design with 58 screws, revolutionary.",2024-12-13T19:32:29Z,1089,3,en
UgyjqEgE9p_oEFv08Dx4AaABAg,@nil3010,"It odd to see steve smile normally in an Intel vid 

It looks off",2024-12-13T19:32:23Z,20,0,en
Ugx1VkQYtZIeRDuf7ox4AaABAg,@GamersNexus,"(Got done filming with Der8auer today -- will take a while to put together the videos, but they're cool!)
Here's our Intel B580 review with all the gaming, power, frametime, and efficiency benchmarks! https://www.youtube.com/watch?v=JjdCkSsLYLk

Watch our original tear-down of the A770 -- or just read the comments, because they're hilarious: https://www.youtube.com/watch?v=N371iMe_nfA",2024-12-13T19:32:11Z,389,8,en
UgzCy7QdQ7s0Oue8scp4AaABAg,@Jay_FoCus,Zaddy nexus has graced us,2024-12-13T19:31:55Z,17,0,en
UgxvIBmDSeawb7TN-Xp4AaABAg,@BK-zy6lw,🤘🏼,2024-12-13T19:31:51Z,0,0,Other
UgzaVv4pZ_KErm0T6jV4AaABAg,@thomasdhdh,5th,2024-12-13T19:31:47Z,0,0,Other
UgzrKyioxyra4JqWJ_V4AaABAg,@TTM1895,1st?,2024-12-13T19:31:43Z,0,0,Other
UgwlJ1taoKwrUBicg_R4AaABAg,@SpicySteve01,Out of stock in my country 😭😭😭,2024-12-13T19:31:40Z,3,0,en
Ugy9aXbddRNYipy5hzR4AaABAg,@TheCosmicMason,First,2024-12-13T19:31:31Z,0,0,Other
Ugxwo1eGUJhyAEpJJ354AaABAg,@TimecastGaming,First,2024-12-13T19:31:27Z,0,0,Other
UgwOx-CFxQh4VrMLdJF4AaABAg,@POLARTTYRTM,yes,2024-12-13T19:31:26Z,0,0,Other
